time,Dufferin_1,Dufferin_2,Wellington_1,Huron_1,Wellington_2
2023-01-01 12:00:00,0.730833484083414,0.611235045492649,0.464902644380927,0.1846200471371412,0.3489407024532556
2023-01-01 13:00:00,0.551161811351776,0.5315170575678347,0.29975560277700425,0.0958073404058814,0.2014015723764896
2023-01-01 14:00:00,0.2774947752058506,0.31044532224535937,0.14743925012648104,0.11266754373908042,0.09420465923845768
2023-01-01 15:00:00,0.16470234692096708,0.1546057394146919,0.21750793784856795,0.2944369310885667,0.19548789136111736
2023-01-01 16:00:00,0.38566513061523433,0.3121566447615623,0.3180819085240364,0.17676857255399225,0.26708703801035877
2023-01-01 17:00:00,0.2754608662426471,0.2038943642377853,0.17806237444281575,0.08883665792644024,0.12915409240871667
2023-01-01 18:00:00,0.21257780775427815,0.13422899723052978,0.15471003949642176,0.1260240052267909,0.12004951018840074
2023-01-01 19:00:00,0.15107370898127553,0.07480396784842014,0.1515975288301706,0.13103080306202172,0.13455559153109786
2023-01-01 20:00:00,0.11946080856025218,0.1169582213461399,0.07150306455790996,0.12152299098670483,0.06498956797644495
2023-01-01 21:00:00,0.021216670386493205,0.07839924581348895,0.014388366639614104,0.1689759067818522,0.02104703757911921
2023-01-01 22:00:00,0.001884140074253082,0.010409031808376313,0.029485135171562434,0.3503881472349166,0.03699084877967834
2023-01-01 23:00:00,0.06157851316034794,0.009998596869409085,0.12339398209005592,0.22566716559231279,0.12339343741536138
2023-01-02 00:00:00,0.12945782154798507,0.11611672431230545,0.11283494185656308,0.2102659199386835,0.09552197717130184
2023-01-02 01:00:00,0.12723399892449377,0.13265484854578968,0.125301563963294,0.19033353179693221,0.1197287257015705
2023-01-02 02:00:00,0.12563664667308327,0.1495377968251705,0.11275660850107669,0.22841898389160628,0.10845076497644185
2023-01-02 03:00:00,0.10955179847776889,0.12413440719246863,0.15482322972267865,0.3096004407852888,0.16404330678284165
2023-01-02 04:00:00,0.27622321620583534,0.3266448704898357,0.3293120887875557,0.44447862803936,0.3320444548130035
2023-01-02 05:00:00,0.4923054730892181,0.5341231679916381,0.5526451779901981,0.5010726357996463,0.5335433363914489
2023-01-02 06:00:00,0.7510397104918956,0.7759096419811249,0.7073401173949241,0.4071642634272575,0.651456178203225
2023-01-02 07:00:00,0.7617683334648608,0.8028022176027297,0.6239399863779544,0.3369464140385389,0.545266499519348
2023-01-02 08:00:00,0.7545887580513952,0.8358638249337673,0.632818599268794,0.4195605027675628,0.558481559753418
2023-01-02 09:00:00,0.8015182599425315,0.8538919632136821,0.6942279125005005,0.48824823558330527,0.6266080981492995
2023-01-02 10:00:00,0.8128271573781967,0.8548275859653949,0.687097688242793,0.5281054955720901,0.6157637825608252
2023-01-02 11:00:00,0.8371017517149448,0.8533978602290153,0.7283025855571031,0.6067903859913348,0.6611321242898701
2023-01-02 12:00:00,0.8307877294719219,0.8402426032721997,0.7583121149241923,0.6148221115022897,0.6877484510093926
2023-01-02 13:00:00,0.8401116386055946,0.8322652792930603,0.7186816117167472,0.4599010610580444,0.6325809086114167
2023-01-02 14:00:00,0.7932002215087414,0.7447792930901049,0.602422917112708,0.3032644402980804,0.5039628851413727
2023-01-02 15:00:00,0.7180611154437064,0.6655662520229815,0.5214410267025231,0.19268462803214786,0.42363464653491967
2023-01-02 16:00:00,0.4540904283523559,0.3966664159297943,0.2876875705271959,0.07838850833475589,0.21341233208775517
2023-01-02 17:00:00,0.24687800556421274,0.22741581559181212,0.1493732199817896,0.03544057048857212,0.10546482589095829
2023-01-02 18:00:00,0.20296982049942014,0.1941189350187778,0.11508409228175878,0.025763990953564644,0.08025013443082571
2023-01-02 19:00:00,0.13457149282097813,0.12333689749240875,0.06065330069512128,0.009294619597494601,0.03400207431986928
2023-01-02 20:00:00,0.055673356726765634,0.07278091594576835,0.018190404884517196,0.0002904278971254825,0.004965995717793703
2023-01-02 21:00:00,0.031010023504495624,0.06228273667395115,0.007539131268858908,0.0,0.0017830841057002544
2023-01-02 22:00:00,0.027558022141456605,0.0389597287774086,0.008004952184855937,0.00047571966424584387,0.002454724349081516
2023-01-02 23:00:00,0.024194734394550325,0.033024426698684696,0.008246638793498278,0.0008652752637863158,0.0035095399059355253
2023-01-03 00:00:00,0.014203064888715745,0.018346855193376543,0.0036665253713727,0.0,0.0013879125006496906
2023-01-03 01:00:00,0.004500520899891853,0.0059732006862759585,0.0014384724013507364,0.0,4.1266009211540216e-05
2023-01-03 02:00:00,0.002667323723435402,0.0037876313552260396,0.0010303324460983277,0.0,0.00014420825988054276
2023-01-03 03:00:00,0.0031438449397683138,0.0015702872350811957,0.0001933017186820507,0.0,0.0
2023-01-03 04:00:00,0.0002192379906773567,0.0,0.0,0.000670445840805769,0.0
2023-01-03 05:00:00,0.0,0.0,0.0023745310120284555,0.018531019613146783,0.010137582123279573
2023-01-03 06:00:00,0.015364873670041562,0.0007820655032992362,0.06886651892215014,0.09207566760480403,0.08053673937916755
2023-01-03 07:00:00,0.12991503983736036,0.04213317215442658,0.21140305578708646,0.17383068084716796,0.20654158391058441
2023-01-03 08:00:00,0.2571042165160179,0.1891159591078758,0.3353383413702249,0.23976018719375133,0.31669341102242465
2023-01-03 09:00:00,0.2438685810565948,0.3125958994030952,0.3079072587192058,0.23361600629985332,0.30822674989700316
2023-01-03 10:00:00,0.17902559131383894,0.2756228095293045,0.27014173634350297,0.2142093685269356,0.282773877158761
2023-01-03 11:00:00,0.24544360965490336,0.3682537460327148,0.3907137570530176,0.36782912045717236,0.39617869548499585
2023-01-03 12:00:00,0.23781700402498243,0.34445667266845703,0.37978881530463693,0.38938203483819955,0.3922220664471388
2023-01-03 13:00:00,0.20968327641487117,0.2913582269847393,0.3558386928588152,0.34765722297132007,0.37378983736038207
2023-01-03 14:00:00,0.1853353981673717,0.24125427976250646,0.3168683280795812,0.30729491714388124,0.330694310888648
2023-01-03 15:00:00,0.10071778632700443,0.09119844049215317,0.1833530832082033,0.22449437718838447,0.20295440107583995
2023-01-03 16:00:00,0.26072078108787533,0.09979128897190094,0.35055222287774085,0.38774040192365644,0.35981708474457264
2023-01-03 17:00:00,0.3254290877282619,0.22526053726673123,0.4215315026044846,0.47865551173686977,0.44176594674587244
2023-01-03 18:00:00,0.43646429538726805,0.41256252288818357,0.6470937194675206,0.8031700440496206,0.682437635809183
2023-01-03 19:00:00,0.5583097195625304,0.5155450129508972,0.7467373093962669,0.8366871666163206,0.7515452151000498
2023-01-03 20:00:00,0.5826007248461247,0.4465811038017272,0.8048413658887147,0.8091771284490823,0.7917013531923293
2023-01-03 21:00:00,0.6995289480686188,0.4119958123564719,0.8976686267554759,0.8433557029813528,0.8880041926354169
2023-01-03 22:00:00,0.5808790299296378,0.4323772896826267,0.8624705100059508,0.781430490836501,0.8956911796331406
2023-01-03 23:00:00,0.5883700607717037,0.4954939511418342,0.813834056481719,0.7701619125902652,0.8412750114500522
2023-01-04 00:00:00,0.6264894483983516,0.5410300196707247,0.8218996471166611,0.7609962534159421,0.8339501781761646
2023-01-04 01:00:00,0.5027983570098876,0.49467507481575,0.7719215869158506,0.8641957314312457,0.819196694418788
2023-01-04 02:00:00,0.4614896571636199,0.2865308164060115,0.7387024272978305,0.904071231484413,0.7748552394658327
2023-01-04 03:00:00,0.4111925999820232,0.2616445569694042,0.716344881132245,0.7496585266292095,0.736400834992528
2023-01-04 04:00:00,0.44822252631187437,0.3118750870227814,0.6349895423650741,0.5188416990637779,0.6109650118649005
2023-01-04 05:00:00,0.447323979139328,0.3551032249629497,0.6179773891717195,0.49321916908025737,0.6009567262977361
2023-01-04 06:00:00,0.3770892180502414,0.32370606675744057,0.5821276158094405,0.4962079168856143,0.5777176322787999
2023-01-04 07:00:00,0.38878402709960935,0.36184406667947766,0.5765696664154529,0.505698318555951,0.5628979063034056
2023-01-04 08:00:00,0.4202684724330902,0.4561834195256233,0.6036677876859903,0.4534504724293947,0.59585861697793
2023-01-04 09:00:00,0.36099208831787105,0.48488007068634026,0.41648438930511467,0.28542881406843656,0.4036295441538095
2023-01-04 10:00:00,0.2573031729459762,0.37437639325857164,0.3595010361075401,0.32044594652950764,0.3825468237698078
2023-01-04 11:00:00,0.21963542670011516,0.27930736050009725,0.3556455852091312,0.33848176121711726,0.38259965904057025
2023-01-04 12:00:00,0.26841827452182765,0.3489417931437492,0.37646875955164427,0.3932706451416016,0.38517864674329755
2023-01-04 13:00:00,0.2725834466516971,0.4565774691104888,0.4472248066216707,0.5472951835393904,0.4846518248319625
2023-01-04 14:00:00,0.3233899307250976,0.6189552484452724,0.5584568394720553,0.720587004572153,0.6185474224388599
2023-01-04 15:00:00,0.23566069364547726,0.47161842703819273,0.49718596927821634,0.6840784991532564,0.5410416220873593
2023-01-04 16:00:00,0.27577506095170967,0.4080877304077148,0.5158395859599113,0.7120721364766359,0.5228041622787714
2023-01-04 17:00:00,0.2058204789459705,0.27977899804711337,0.476549364849925,0.6699810961633919,0.48488216876983636
2023-01-04 18:00:00,0.20547556936740874,0.32958349317312235,0.41854544714093206,0.633684599995613,0.44258319102227683
2023-01-04 19:00:00,0.3809224319458008,0.44511183261871334,0.6270009676367044,0.8404333577305079,0.6469506534188985
2023-01-04 20:00:00,0.48353636503219605,0.5878928756713866,0.7518983004242181,0.8547941142320632,0.7882160872220993
2023-01-04 21:00:00,0.49131967186927794,0.679105689227581,0.7640454684197903,0.9011682494729756,0.8122200474143026
2023-01-04 22:00:00,0.564707235097885,0.5867047636210918,0.8363731317967176,0.936845379769802,0.8746207981556653
2023-01-04 23:00:00,0.6622214263677596,0.5958853042125701,0.8832620500028132,0.9503186332434415,0.8990978578478097
2023-01-05 00:00:00,0.6310286311805248,0.6357412783801556,0.8949120143800975,0.9831843823194503,0.9369455379247664
2023-01-05 01:00:00,0.8060610289871692,0.8055382126569747,0.9696044031530618,0.9875072279572487,0.988851194307208
2023-01-05 02:00:00,0.9683721458911896,0.901696591079235,1.0,0.9419889989495276,1.0
2023-01-05 03:00:00,0.6568071028590201,0.7361158610880374,0.9298620191961526,0.9553347348421812,0.9363301140815019
2023-01-05 04:00:00,0.660857851654291,0.8446525979042052,0.916309426948428,0.9294688328355549,0.9518984213471412
2023-01-05 05:00:00,0.8492634190618991,0.880639676451683,0.9092470234632491,0.6458407192677259,0.8730667632073164
2023-01-05 06:00:00,0.7168239271640777,0.7597254744172096,0.66053568854928,0.7550325103104114,0.5395128832012414
2023-01-05 07:00:00,0.33607177734374993,0.535332349538803,0.4893527764081954,0.762902849316597,0.4886363606899976
2023-01-05 08:00:00,0.2835582606494427,0.5648295010626315,0.438770880177617,0.8024879790097474,0.4571300141513347
2023-01-05 09:00:00,0.3042020818591118,0.7232034160196781,0.46472341880202284,0.8837340016663073,0.48505294270813454
2023-01-05 10:00:00,0.33510983809828754,0.7850369422137736,0.47271790310740464,0.8953532198071478,0.47217883221805085
2023-01-05 11:00:00,0.39871339440345765,0.6981905630230902,0.5482541254907847,0.949088320210576,0.5446114961802959
2023-01-05 12:00:00,0.4886217665672302,0.6950018449127673,0.7276401686668396,0.9567441337555647,0.7882201314717531
2023-01-05 13:00:00,0.6911543539166449,0.7756470203399657,0.7515375027805566,0.7944244875758886,0.7448859497904776
2023-01-05 14:00:00,0.6509127600491046,0.7615492498874664,0.613174827992916,0.6714830948412417,0.5870707014948129
2023-01-05 15:00:00,0.46445277094841003,0.6540682567656039,0.49147988021373745,0.6805050867050886,0.5051758778095246
2023-01-05 16:00:00,0.37313641309738155,0.6224532282352446,0.4121808713674545,0.5983801888674496,0.4393927581608295
2023-01-05 17:00:00,0.36242854148149484,0.6359598493576049,0.398484378606081,0.5666858991980552,0.4103770533949137
2023-01-05 18:00:00,0.4196094894409179,0.6511701336503027,0.4293345558643341,0.48898527264595026,0.4373040455579758
2023-01-05 19:00:00,0.4784503436088562,0.5874199128150939,0.5758592835068702,0.6229658889025449,0.5584680050611495
2023-01-05 20:00:00,0.46364762663841247,0.5861069770157337,0.6910396973043679,0.7636641329526901,0.7096799714863299
2023-01-05 21:00:00,0.5999899065494536,0.5389115130901336,0.7526741886138915,0.7673754976689815,0.7660831531882285
2023-01-05 22:00:00,0.7460743775963783,0.6283681905269622,0.7949055446684361,0.7543118646740913,0.7572783613950014
2023-01-05 23:00:00,0.8180570785701274,0.6769913336634634,0.7879143109172582,0.7055170646309852,0.7205009242892265
2023-01-06 00:00:00,0.7508791437745093,0.5176853394508361,0.7298215879499911,0.5488599486649035,0.6408407135307788
2023-01-06 01:00:00,0.4242701768875122,0.30317903369665145,0.5061811661720276,0.40893022835254667,0.4741031271219253
2023-01-06 02:00:00,0.34966152191162103,0.15840262874960898,0.30998748756945127,0.2927374051511288,0.27270409934222695
2023-01-06 03:00:00,0.24055819109082222,0.1706449118256569,0.2039613445103168,0.23025279983878133,0.17919430226087568
2023-01-06 04:00:00,0.22483295440673826,0.16493899285793304,0.19541226655244825,0.1994410606473684,0.1690094767510891
2023-01-06 05:00:00,0.3008310608565807,0.22862727612257,0.2655261589586735,0.23893287695944304,0.22827261716127392
2023-01-06 06:00:00,0.3701599502563476,0.23938797757029529,0.32001679472625255,0.2702077032625675,0.27577763490378854
2023-01-06 07:00:00,0.39600563049316406,0.20134936213493343,0.3699838829040527,0.3175393761694431,0.31856030076742164
2023-01-06 08:00:00,0.37416099548339843,0.1752080963551998,0.3577763453871011,0.2994492661207914,0.3103754056245088
2023-01-06 09:00:00,0.2776254305243492,0.14599459961056704,0.2661416498571634,0.2555347672104835,0.2305073971301317
2023-01-06 10:00:00,0.20669792026281353,0.10160168133676051,0.20331845641136165,0.25011172339320176,0.18139018982648847
2023-01-06 11:00:00,0.1938182958960533,0.10294747449457645,0.195476586073637,0.2785313607007265,0.18016193911433218
2023-01-06 12:00:00,0.17887662678956984,0.09418353840708732,0.1736457651853561,0.252347310706973,0.1613938408344984
2023-01-06 13:00:00,0.18074291110038754,0.0949014726281166,0.18186462752521035,0.2639149476587772,0.16737434715032576
2023-01-06 14:00:00,0.24275418922305103,0.10449137732386587,0.22044696420431134,0.3071091894805431,0.1927424786239862
2023-01-06 15:00:00,0.3717334365844726,0.27668005675077434,0.3338923072814941,0.3795145988464355,0.30425441764295097
2023-01-06 16:00:00,0.3420474985241889,0.2265068860352039,0.2671593037247657,0.40418881803750994,0.2489024823904037
2023-01-06 17:00:00,0.335379536151886,0.23061704173684117,0.2560163401812314,0.4264806105941533,0.2231873499602079
2023-01-06 18:00:00,0.34040754601359363,0.2643719643354415,0.28611540392041207,0.39561050601303577,0.25323732085525985
2023-01-06 19:00:00,0.3786536407470703,0.27866191357374187,0.30139201208949085,0.38181679457426065,0.2608814134448766
2023-01-06 20:00:00,0.7436702212691306,0.5849017655849456,0.6739171712100505,0.4418803042173385,0.5943805134296416
2023-01-06 21:00:00,0.5923228120803832,0.4895925974845886,0.6105944222211837,0.41112119540572156,0.5749816237390041
2023-01-06 22:00:00,0.7178238561749457,0.5659525847434996,0.6063106781244277,0.3771287339180708,0.5381873750686644
2023-01-06 23:00:00,0.6864058880507944,0.6077138638496398,0.6010782922059297,0.37507036328315735,0.5490988796949385
2023-01-07 00:00:00,0.7193657754361629,0.6057641661167144,0.6315303476899862,0.31687120683491227,0.572931379675865
2023-01-07 01:00:00,0.6893950356543064,0.6468835031986235,0.5850073783099651,0.2699055298417807,0.5237323796749115
2023-01-07 02:00:00,0.6182485079765319,0.4513875961303711,0.5089343488216399,0.21499735519289967,0.42993150115013123
2023-01-07 03:00:00,0.47029971241950985,0.4235099029541015,0.36373749941587447,0.18204458162188528,0.30613021448254585
2023-01-07 04:00:00,0.49411659002304076,0.40577648162841795,0.37334480538964265,0.22073931433260435,0.30649857863783836
2023-01-07 05:00:00,0.5091163074970245,0.36345081329345696,0.37741238340735433,0.26354571133852,0.3066413619369268
2023-01-07 06:00:00,0.4038650894165039,0.3069837015867233,0.28488351911306375,0.2612265609949827,0.22956507749855515
2023-01-07 07:00:00,0.2926005312800407,0.2294142727553844,0.20051313012838362,0.2560156697779894,0.15793098744004963
2023-01-07 08:00:00,0.2854400353133678,0.23511855319142339,0.18536030307412146,0.26237807407975194,0.15203646160662174
2023-01-07 09:00:00,0.2217268708348274,0.2577022649347782,0.19266706913709636,0.2810612867772579,0.18016478866338728
2023-01-07 10:00:00,0.2389660795032978,0.30346723601222036,0.2146056547015905,0.27794817678630346,0.21328131578862664
2023-01-07 11:00:00,0.2708860762417316,0.3976236724853516,0.24912009038031097,0.28371070027351375,0.2453860174119472
2023-01-07 12:00:00,0.3199251025915145,0.4773982346057892,0.28331137649714944,0.28646153710782524,0.2648973947763442
2023-01-07 13:00:00,0.398166389465332,0.43897308349609376,0.33306464210152625,0.3015581455826759,0.2951103940606117
2023-01-07 14:00:00,0.39724948883056643,0.36754795074462887,0.32684549331665036,0.28614256590604775,0.2857992439717054
2023-01-07 15:00:00,0.31301425248384473,0.32252150118350975,0.2774996923655271,0.2823669679462909,0.25127737857401367
2023-01-07 16:00:00,0.2723813554644584,0.3106363698840141,0.26985267043113703,0.3550502150505781,0.24697864852845666
2023-01-07 17:00:00,0.211933399438858,0.2640621410310268,0.23425428047776217,0.4053185825794935,0.22013879917562001
2023-01-07 18:00:00,0.2247669519484043,0.30419120296835894,0.2494727793335914,0.47366722330451005,0.24462234638631336
2023-01-07 19:00:00,0.20158424273133274,0.31274775505065916,0.22176345184445376,0.39815644301474085,0.20946715071797367
2023-01-07 20:00:00,0.22099911257624624,0.35155406981706616,0.22908289194107054,0.3969067556411028,0.22873541086912155
2023-01-07 21:00:00,0.2661336979269981,0.366376958489418,0.2671281924843788,0.392641177251935,0.2621804354339838
2023-01-07 22:00:00,0.292990700751543,0.3627428713440895,0.2682462079823017,0.3892516624927521,0.2553841445595026
2023-01-07 23:00:00,0.29362198188900945,0.28651761874556536,0.24839926876127716,0.35450119405984876,0.22376512594521042
2023-01-08 00:00:00,0.2836726361513138,0.27123025596141814,0.24291147351264947,0.3573331772536039,0.2176476019620895
2023-01-08 01:00:00,0.29705832585692404,0.3191012030839919,0.2587537746876478,0.3546473541855812,0.23305710516870018
2023-01-08 02:00:00,0.3084142599999904,0.3289912314713001,0.26104257889091964,0.3336071702837944,0.23089098788797852
2023-01-08 03:00:00,0.3121811284124851,0.26694020390510553,0.23919195458292958,0.2770861085504293,0.20574428163468833
2023-01-08 04:00:00,0.2801929980516433,0.235591095238924,0.20492573119699953,0.23663251154124734,0.1756712071597576
2023-01-08 05:00:00,0.22911209940910338,0.19712944552302358,0.16762061253190036,0.19925879932940005,0.14026766382157801
2023-01-08 06:00:00,0.15802485674619673,0.12145968131721019,0.1081877078488469,0.1357102334871888,0.08887469604611396
2023-01-08 07:00:00,0.10193083599209785,0.0733756273984909,0.06606697164475918,0.08791614901274443,0.0528472463786602
2023-01-08 08:00:00,0.05781074233353138,0.026762412190437318,0.033054782897233966,0.04663264144212008,0.023460176996886732
2023-01-08 09:00:00,0.00938279092311859,0.0046713992953300474,0.004671352636069059,0.012150590065866707,0.003357914183288812
2023-01-08 10:00:00,0.004263968355953693,0.0047774920612573615,0.0026938353478908536,0.0049698718450963495,0.002307822685688734
2023-01-08 11:00:00,0.014371826052665711,0.016773413270711898,0.008042206838726997,0.0068277763761579995,0.007382160499691963
2023-01-08 12:00:00,0.017436505109071732,0.024593204855918885,0.0076009293459355825,0.002962883096188307,0.005046317465603351
2023-01-08 13:00:00,0.0067916158214211455,0.017617327123880387,0.00416365910321474,0.0007872531004250048,0.0033430492691695684
2023-01-08 14:00:00,0.021128326803445816,0.03880480229854584,0.011389519106596708,0.0015291591733694076,0.008991822563111783
2023-01-08 15:00:00,0.06282354854047298,0.08610146328806877,0.029373113177716736,0.007723862659186125,0.019557944387197497
2023-01-08 16:00:00,0.07971809595823287,0.08642400003969669,0.04547652374953032,0.018488208279013634,0.03140707567334175
2023-01-08 17:00:00,0.09129449710249901,0.09811458759009839,0.06328086033463479,0.034792730733752254,0.05030239291489125
2023-01-08 18:00:00,0.11147703781723975,0.11139315426349639,0.08753474280238151,0.05860992647707462,0.07309916224330663
2023-01-08 19:00:00,0.14203067809343337,0.1409570747613907,0.09876819364726544,0.05096182901412249,0.07746025655418634
2023-01-08 20:00:00,0.10181947618722914,0.13844512060284614,0.061866022646427155,0.041133374646306044,0.051253921017050744
2023-01-08 21:00:00,0.05048172332346439,0.08862901866436004,0.03364491663873195,0.039716339372098446,0.0313026568479836
2023-01-08 22:00:00,0.027428883314132693,0.05149296373128891,0.024293135553598407,0.048290773332118994,0.02411338746547699
2023-01-08 23:00:00,0.034190686345100404,0.050514249727129944,0.04807540345937014,0.10593230385333299,0.05139285776764154
2023-01-09 00:00:00,0.0715181913971901,0.09348175778985024,0.08679188068956137,0.12923289533704518,0.0905140783265233
2023-01-09 01:00:00,0.06268781393766404,0.11038017868995667,0.054916915893554685,0.06340947031974792,0.05713416941463947
2023-01-09 02:00:00,0.02665141433477402,0.05600058875977992,0.025306197330355648,0.03717083230614662,0.026554760411381724
2023-01-09 03:00:00,0.01360258921980858,0.027970286309719088,0.0069385052472352975,0.017904709689319134,0.007727502509951591
2023-01-09 04:00:00,0.03545042514801026,0.04786634415388108,0.03338778413832188,0.042473827637732026,0.028262388333678248
2023-01-09 05:00:00,0.08094609789550304,0.09306618578732014,0.07747628409415483,0.07660774022340774,0.07058520421385765
2023-01-09 06:00:00,0.10651466630399226,0.12425408110022543,0.09923687994480133,0.08411294203251601,0.0848055315390229
2023-01-09 07:00:00,0.1178223705291748,0.17894175812602042,0.11375615753233431,0.09805773288011552,0.11020216166973112
2023-01-09 08:00:00,0.1499148543179035,0.2080140325427055,0.14630233936011788,0.11828067049384117,0.1472820508480072
2023-01-09 09:00:00,0.2124812054634094,0.2951454164087772,0.2044427531212568,0.16765599392354483,0.2048135248571634
2023-01-09 10:00:00,0.32412283986806867,0.5321095442771911,0.31174676850438116,0.2612692446261644,0.3109269647300243
2023-01-09 11:00:00,0.4366601943969726,0.557074919939041,0.44747364401817324,0.4005997312068939,0.4316523683071136
2023-01-09 12:00:00,0.5657615220546721,0.6790429598093032,0.5058043646812439,0.45496997714042664,0.473063039779663
2023-01-09 13:00:00,0.7194440639019012,0.7950773714482784,0.6119908819347619,0.4740102398395538,0.5391141331195831
2023-01-09 14:00:00,0.802964691966772,0.873412168174982,0.6718365615606307,0.55072487950325,0.6030365830659865
2023-01-09 15:00:00,0.821985950320959,0.9174757692217825,0.7002252290397881,0.5836306220293044,0.63934254668653
2023-01-09 16:00:00,0.928376654088497,0.9790308555960654,0.8330011773109436,0.7173545686900615,0.7699083833396434
2023-01-09 17:00:00,0.9713723783195019,0.9898918735980987,0.9591602872312068,0.821891182884574,0.8949577531963587
2023-01-09 18:00:00,0.9965550136566161,1.0,0.9656132832169533,0.8461645995825527,0.9361769606918097
2023-01-09 19:00:00,0.9963690212368965,1.0,0.9911462470889092,0.9003987602889537,0.9788107182085513
2023-01-09 20:00:00,1.0,1.0,1.0,0.9367470560967921,0.9972479824721813
2023-01-09 21:00:00,1.0,1.0,1.0,0.9117087499052285,0.9983289560675621
2023-01-09 22:00:00,1.0,1.0,1.0,0.8948257579654455,0.9972532945871353
2023-01-09 23:00:00,1.0,1.0,1.0,0.8824478334933519,0.9996565516293049
2023-01-10 00:00:00,1.0,1.0,1.0,0.8754588862508534,1.0
2023-01-10 01:00:00,1.0,0.9967506119608879,0.9961296340823174,0.8329302750527858,0.9806390173733234
2023-01-10 02:00:00,0.9630559341609477,0.9807398974895477,0.9668292386084794,0.7701722806692123,0.9657172178477049
2023-01-10 03:00:00,0.9017156825959682,0.9047257132828235,0.829861832037568,0.6292219544202088,0.7572425419837235
2023-01-10 04:00:00,0.7839481739699841,0.8129201304912568,0.6899851413816213,0.5176938247680664,0.6110310411453246
2023-01-10 05:00:00,0.6963559707999228,0.7699661272764204,0.6195184221863745,0.4468953349441289,0.5474819546937941
2023-01-10 06:00:00,0.6321512019634246,0.6750577455759048,0.5340993857383727,0.34068732805550095,0.4538398742675781
2023-01-10 07:00:00,0.5764076566696166,0.5707305824756621,0.4590780895948409,0.23941608212888238,0.3776518630981445
2023-01-10 08:00:00,0.5042983448505401,0.47499179601669306,0.38350990697741505,0.18194269925355908,0.30558052584528916
2023-01-10 09:00:00,0.44657890319824217,0.3653720855712891,0.32834918268024915,0.1340404977276921,0.25830264285206794
2023-01-10 10:00:00,0.3748064041137695,0.23641467466950414,0.2665829560905695,0.09288072869181635,0.20296417333185668
2023-01-10 11:00:00,0.31793933808803554,0.13391038671135902,0.22540739730000495,0.06816049456596375,0.17025360405445097
2023-01-10 12:00:00,0.23769908547401425,0.08249102972447872,0.17451442621648308,0.045128772910684345,0.12377962887287139
2023-01-10 13:00:00,0.15268470600247383,0.07029377557337284,0.10776873506605625,0.02734427461400628,0.06685056373476982
2023-01-10 14:00:00,0.0743063946068287,0.06324016079306602,0.04661406669765711,0.01052877325564623,0.02662845263257623
2023-01-10 15:00:00,0.034733601212501526,0.0141045081615448,0.0220629614405334,0.006392396241426468,0.01270536992698908
2023-01-10 16:00:00,0.009697230085730552,0.008216265141963958,0.004776159618049861,0.0005447512492537498,0.0024219481088221073
2023-01-10 17:00:00,0.0032634145766496656,0.017753518372774127,0.001325466837733984,0.0,0.0025595053285360336
2023-01-10 18:00:00,0.005076415911316872,0.03940601445734501,0.0038661466538906096,0.0016920700296759602,0.01327034652233124
2023-01-10 19:00:00,0.009552458673715592,0.045293782651424405,0.008451552130281925,0.021181511655449868,0.016068756934255364
2023-01-10 20:00:00,0.006770430952310561,0.03214243941009045,0.00864056108519435,0.03070851596072316,0.017192310541868212
2023-01-10 21:00:00,0.006384004652500152,0.02796874359250069,0.008454452641308306,0.018174207229167225,0.01776502173393965
2023-01-10 22:00:00,0.0018695493414998053,0.013828207887709141,0.002700675316154957,0.006221855543553829,0.0036036817915737628
2023-01-10 23:00:00,0.001370585523545742,0.002389357797801494,0.003305864706635475,0.0036639425717294215,0.004166110455989837
2023-01-11 00:00:00,0.0033435209468007086,0.001891820579767227,0.009268228244036435,0.0063578287512063986,0.01187538482248783
2023-01-11 01:00:00,0.016881160624325275,0.0028059858083724974,0.03102809462696314,0.017978622429072857,0.03548381105065346
2023-01-11 02:00:00,0.04135778941214084,0.005343558602035045,0.07009403701871635,0.041658544167876246,0.06972349982708692
2023-01-11 03:00:00,0.0557450682669878,0.03717268325388432,0.09215571422129869,0.06080731816589832,0.09208883173763752
2023-01-11 04:00:00,0.12180857978761195,0.10970865949988365,0.1659647461399436,0.10615269754081963,0.16395049713551996
2023-01-11 05:00:00,0.12126006200909614,0.12111446514725684,0.17839409708976744,0.1443336734175682,0.1763842518627643
2023-01-11 06:00:00,0.1253214645385742,0.12851620584726334,0.23005329594016072,0.21468557327985757,0.2240330512076616
2023-01-11 07:00:00,0.12513579227030275,0.12803312361240385,0.23664568617939946,0.3379365739971399,0.24714613914489741
2023-01-11 08:00:00,0.22243292480707164,0.22468707904219623,0.389355519041419,0.6282467952370643,0.41902533642947676
2023-01-11 09:00:00,0.2830018207430839,0.2750302773714065,0.3808559608459472,0.4980546969175338,0.3920288467407226
2023-01-11 10:00:00,0.21689796343445775,0.2878845062851906,0.32278029240667816,0.586337904408574,0.33631176896393294
2023-01-11 11:00:00,0.24943044573068615,0.3848270416259766,0.4387578724324703,0.8222886319458483,0.4498181807994842
2023-01-11 12:00:00,0.44039898991584775,0.591462001800537,0.6128600081801414,0.8625192203372716,0.6275904396921396
2023-01-11 13:00:00,0.5136949717998505,0.6548505632579326,0.6280477648973464,0.7943683987855911,0.620139138996601
2023-01-11 14:00:00,0.4345554971694946,0.6018165169656275,0.6133013872802257,0.8398979071527719,0.5966364504396915
2023-01-11 15:00:00,0.3903249359130859,0.5519730901718138,0.5569760361313819,0.8434558818489313,0.5627625038474797
2023-01-11 16:00:00,0.49653837323188776,0.6889713524281977,0.6931399308145045,0.9493356904387473,0.7309296826273203
2023-01-11 17:00:00,0.5783644860982895,0.7390292464196682,0.7904340987652541,0.9824981095641852,0.8317614804208278
2023-01-11 18:00:00,0.5999154663085937,0.8271045689284802,0.8533449671417473,0.9979563024640083,0.9004352120310067
2023-01-11 19:00:00,0.746593847721815,0.9180527304112911,0.9263019630312919,0.9972886706888676,0.9469240739196538
2023-01-11 20:00:00,0.7614975599944591,0.9148454730212687,0.9151580669730901,0.9900332716107368,0.9216056198626755
2023-01-11 21:00:00,0.6963244071602821,0.9742657592892645,0.8686345440149306,0.9771749187260865,0.8904942671954631
2023-01-11 22:00:00,0.5934530949592589,0.8308997437357902,0.7769500743597746,0.9172020962834359,0.7836004093289375
2023-01-11 23:00:00,0.5006618058681488,0.756401273459196,0.6520300338417291,0.8355633538961409,0.6644368419796227
2023-01-12 00:00:00,0.47191701650619505,0.7286364419758319,0.6185936594009398,0.8148647677153349,0.6328736791759728
2023-01-12 01:00:00,0.5659682309627532,0.7774673430621624,0.6508682204782962,0.7479331551492213,0.6408091089129447
2023-01-12 02:00:00,0.5162766432762146,0.7808261221647262,0.6367513960599899,0.7825912597775458,0.6407160589843988
2023-01-12 03:00:00,0.5432235455513,0.8331937861442565,0.7141009910404682,0.8086778423190116,0.7414656480401753
2023-01-12 04:00:00,0.7326978667080402,0.9765205582976341,0.8431694293022155,0.9142284866422414,0.8569230873882769
2023-01-12 05:00:00,0.7458146868646145,0.9739990998804569,0.8834357503801584,0.9688659178465604,0.8942946335673332
2023-01-12 06:00:00,0.8112629576027393,0.98004458039999,0.9219013451784849,0.9898478339612484,0.9206498997658491
2023-01-12 07:00:00,0.7017398765683174,0.9670073141157627,0.8832046487927436,0.9916689470410347,0.9032661986351013
2023-01-12 08:00:00,0.6873714162409305,0.9808481764793395,0.8802849303930997,0.9871517798304557,0.9018896430730818
2023-01-12 09:00:00,0.5751598930358885,0.9582751703262329,0.8083660492300987,0.9797103318572044,0.8417482237517833
2023-01-12 10:00:00,0.45730448603630064,0.9385861058533191,0.7522744844853877,0.9822356868535279,0.8165964227169751
2023-01-12 11:00:00,0.4166183853149414,0.8436955700814723,0.7239506337046623,0.972320944443345,0.7934634841233491
2023-01-12 12:00:00,0.5089695012569427,0.8648719100654125,0.8071625741571187,0.9732021623849869,0.8552799208462237
2023-01-12 13:00:00,0.6118333792686461,0.9126246088743208,0.7978233378380536,0.8788714713603257,0.8091931980848311
2023-01-12 14:00:00,0.47589664220809935,0.7808396874368191,0.6171326248347757,0.5825321400910615,0.6303942596912383
2023-01-12 15:00:00,0.31281491115689275,0.5565955197811125,0.35634663023054597,0.31683334544301034,0.3544398760795593
2023-01-12 16:00:00,0.23245222643017766,0.39669906616210937,0.23188362747430796,0.13068932190537452,0.22479887917637825
2023-01-12 17:00:00,0.1534160178899765,0.25531697347760196,0.14207204863429068,0.05819213252514601,0.13410154316574333
2023-01-12 18:00:00,0.07652075141668319,0.19683850705623623,0.07209793541580439,0.033366826549172404,0.0761683640256524
2023-01-12 19:00:00,0.0034684148430824276,0.04849224001169205,0.0029245024174451824,0.017199763003736736,0.003104202598333358
2023-01-12 20:00:00,0.0016851135343313216,0.005663066171109676,0.0007985913567245006,0.02366347035393119,0.0007567786984145641
2023-01-12 21:00:00,0.0,0.0,0.0,0.03402279775589705,0.0
2023-01-12 22:00:00,0.0,0.0,0.0,0.08838115878403185,3.6684609949588767e-06
2023-01-12 23:00:00,0.018039327263832092,0.0051315039023756975,0.0461588915064931,0.33622095339000224,0.04851281505078077
2023-01-13 00:00:00,0.08344275861978531,0.09286283418536186,0.13929346095770598,0.45057865858078,0.15063723374158144
2023-01-13 01:00:00,0.13893625482916833,0.17094119325280188,0.18788675762712953,0.5034741536527871,0.2085751100629568
2023-01-13 02:00:00,0.38917301177978514,0.43920926690101625,0.3767309570312499,0.6481068196892737,0.3649781417846679
2023-01-13 03:00:00,0.7541298308968543,0.5089033889770507,0.7357578042894601,0.8260867439210413,0.7013455702364443
2023-01-13 04:00:00,0.9858934393525123,0.8315006482601165,0.9779466518759727,0.9712507028877735,0.9606427102535962
2023-01-13 05:00:00,0.9887899783253669,0.9502877816557883,0.9764195685088634,0.9634173428267241,0.955059988796711
2023-01-13 06:00:00,0.976136216521263,0.9434781105816363,0.9534209636598825,0.9599650454521178,0.9247970262169838
2023-01-13 07:00:00,1.0,1.0,0.9972534465789795,0.9948263648152351,0.99483563631773
2023-01-13 08:00:00,1.0,1.0,1.0,1.0,1.0
2023-01-13 09:00:00,1.0,1.0,1.0,1.0,1.0
2023-01-13 10:00:00,1.0,1.0,1.0,1.0,1.0
2023-01-13 11:00:00,1.0,1.0,1.0,1.0,1.0
2023-01-13 12:00:00,1.0,1.0,1.0,1.0,1.0
2023-01-13 13:00:00,1.0,1.0,1.0,1.0,1.0
2023-01-13 14:00:00,1.0,1.0,1.0,1.0,1.0
2023-01-13 15:00:00,1.0,1.0,0.9990475431084633,0.9942169991135597,0.9898071381449698
2023-01-13 16:00:00,1.0,1.0,1.0,0.9980522169172764,0.9958724562823773
2023-01-13 17:00:00,1.0,1.0,1.0,1.0,1.0
2023-01-13 18:00:00,1.0,1.0,1.0,1.0,1.0
2023-01-13 19:00:00,1.0,1.0,1.0,1.0,1.0
2023-01-13 20:00:00,1.0,1.0,1.0,1.0,1.0
2023-01-13 21:00:00,1.0,1.0,1.0,1.0,1.0
2023-01-13 22:00:00,1.0,1.0,1.0,0.9997048318386078,1.0
2023-01-13 23:00:00,1.0,1.0,0.9970662762224675,0.9940569213032723,0.9927966657280922
2023-01-14 00:00:00,0.9961088719964027,0.9880160054564475,0.9788213481754063,0.9802488631755113,0.9652220470458268
2023-01-14 01:00:00,0.9880874112248421,0.98567919164896,0.9711004110425712,0.9780024290829896,0.9567772343754767
2023-01-14 02:00:00,0.9996566504240036,0.9948841673135757,0.9859367798268794,0.9869909952580929,0.9748813566565513
2023-01-14 03:00:00,0.9658390602469443,0.9571395443379878,0.9285680495947598,0.9439793887734412,0.8869140446186066
2023-01-14 04:00:00,0.991878103017807,0.990673810839653,0.977878842279315,0.9828101036697625,0.9663980431109667
2023-01-14 05:00:00,0.9855805945396423,0.9857189679145812,0.9770448465645313,0.9845815521478652,0.9527685797214507
2023-01-14 06:00:00,0.9401406298577785,0.8909291318058967,0.9174872120469808,0.9576036108285189,0.8760945396870374
2023-01-14 07:00:00,0.7656316874921321,0.7280163405835628,0.7551395258307456,0.8975351256877183,0.717657703757286
2023-01-14 08:00:00,0.805222421735525,0.7542972376942634,0.7672057023644446,0.8905173667520284,0.714905815422535
2023-01-14 09:00:00,0.8508342498540877,0.7557218572497366,0.7826293280720711,0.8743945190310477,0.7226841690391301
2023-01-14 10:00:00,0.788269200772047,0.7713197922706603,0.7636158259958028,0.8880648871511221,0.7208906716108321
2023-01-14 11:00:00,0.7186778476834296,0.7290273523330688,0.6881516410410402,0.8506169453263283,0.6478245759755372
2023-01-14 12:00:00,0.7209021976590155,0.7155482596158981,0.6676902545988559,0.8075542967021464,0.6183311803638933
2023-01-14 13:00:00,0.6645687898993491,0.6531941978633402,0.5918427748978137,0.7503667578846215,0.5437021857500075
2023-01-14 14:00:00,0.6263399055600165,0.5491116201877593,0.5368758744001387,0.7091223423182964,0.47995869517326356
2023-01-14 15:00:00,0.38310420989990235,0.4164997100830078,0.4303038865327835,0.6800213178992272,0.41666276931762697
2023-01-14 16:00:00,0.5014560127258301,0.6330332255363463,0.5094433605670928,0.7089597272872924,0.4859395200014114
2023-01-14 17:00:00,0.7195291435718536,0.7236094123125075,0.593885585144162,0.7148843573778867,0.5289358204603194
2023-01-14 18:00:00,0.8451782891154289,0.5697038328647612,0.6409196694195269,0.5748155740648507,0.5182511631399392
2023-01-14 19:00:00,0.5516048228740691,0.34859376013278964,0.40865279920399183,0.3985903907567262,0.3386810652166604
2023-01-14 20:00:00,0.44011142730712893,0.33682735860347746,0.36141504250466816,0.39367596544325345,0.29718472301959986
2023-01-14 21:00:00,0.3992245483398437,0.36284977748990055,0.324609462544322,0.4182628937065601,0.28536214090883727
2023-01-14 22:00:00,0.41183870434761044,0.37800795003771775,0.3179955457895994,0.38682183325290675,0.27291232295334333
2023-01-14 23:00:00,0.38322109222412104,0.31453829184174537,0.2746612588316202,0.3336408492922783,0.23110266119241712
2023-01-15 00:00:00,0.27662570178508755,0.23718561530113216,0.2116573994606733,0.30965535670518873,0.17914006814360617
2023-01-15 01:00:00,0.2352575178444385,0.2113314752280712,0.18677314214408394,0.28635880805552,0.16217932805418966
2023-01-15 02:00:00,0.22587559193372725,0.20970468014478683,0.18771848253905768,0.2973381997644901,0.16802098363637924
2023-01-15 03:00:00,0.24485769763588902,0.2030033494532108,0.17357728496193883,0.23927142523229117,0.148448341563344
2023-01-15 04:00:00,0.3079936879873275,0.24759175866842267,0.20867167256772515,0.20242976836860177,0.17672833703458307
2023-01-15 05:00:00,0.42385001659393307,0.35991402998566624,0.2808557051420212,0.18728191159665583,0.2264086656272411
2023-01-15 06:00:00,0.5325434362888335,0.31405770689249035,0.317369090616703,0.15142221733927724,0.2393045177310705
2023-01-15 07:00:00,0.43929306030273435,0.18237470552325247,0.23977992244064802,0.07766058888286352,0.16430638864636418
2023-01-15 08:00:00,0.3520541000366211,0.10850197814404965,0.1789432119205594,0.03762564089149237,0.11436304617673157
2023-01-15 09:00:00,0.2807810957729816,0.048892996162176135,0.1435678430646658,0.015120812579989434,0.08722655918449163
2023-01-15 10:00:00,0.19151439577341078,0.017823623418807985,0.08544418985024094,0.0006253370083868504,0.036604756396263836
2023-01-15 11:00:00,0.1506752161681652,0.01980372473597527,0.05536167927086353,0.0009365002997219562,0.016863532904535534
2023-01-15 12:00:00,0.174168531447649,0.033643613755702975,0.07377699468284844,0.0014745238237082957,0.032687242534011604
2023-01-15 13:00:00,0.21453659966588018,0.03476408451795579,0.09744554996490477,0.0,0.04052224203944206
2023-01-15 14:00:00,0.17029302552342412,0.03372996270656586,0.07937359198927879,0.0024440887570381163,0.036764082424342634
2023-01-15 15:00:00,0.1631259322166443,0.0746255587041378,0.083120459318161,0.003518437407910824,0.04923186333850027
2023-01-15 16:00:00,0.1391066554188728,0.03250537365674973,0.06575165236368774,0.0016991576179862021,0.038467498440295456
2023-01-15 17:00:00,0.08440545931458474,0.014232778698205948,0.06238065499812365,0.006125085428357125,0.05021399680525065
2023-01-15 18:00:00,0.04545565754175186,0.023253549635410313,0.06968515377491713,0.03065991442650557,0.07235471617430447
2023-01-15 19:00:00,0.00435384415090084,0.017787725031375885,0.0371852138824761,0.04888400230556727,0.05037446577101945
2023-01-15 20:00:00,0.0,0.01351222723722458,0.010631228908896447,0.045485354177653786,0.014428960494697095
2023-01-15 21:00:00,0.0,0.0033977985754609103,0.004516447596251965,0.04728395849466324,0.00509234394878149
2023-01-15 22:00:00,0.0011378895118832587,0.0036917527019977568,0.007648750506341458,0.06363109435886144,0.008300789631903172
2023-01-15 23:00:00,0.002008219137787819,0.004902732111513614,0.011437472961843014,0.08088277757167815,0.012898691203445197
2023-01-16 00:00:00,0.006950051710009574,0.01938668981194496,0.02481135051697493,0.09960101034492254,0.025208373069763184
2023-01-16 01:00:00,0.030388134717941287,0.04647259518504143,0.04862640231847763,0.11877931863069532,0.04691586181521416
2023-01-16 02:00:00,0.05638305649161339,0.08444549001753329,0.07539998844265938,0.14578313313424585,0.07178283803164959
2023-01-16 03:00:00,0.15688119053840635,0.1841319690644741,0.16511851876974104,0.1880433432012796,0.14750115558505056
2023-01-16 04:00:00,0.19396235942840573,0.3051428040862083,0.23934324547648428,0.27834124803543087,0.22424766071140761
2023-01-16 05:00:00,0.12473818875849246,0.326802864074707,0.2515176864340901,0.4407772690057754,0.2723731430619955
2023-01-16 06:00:00,0.10127482436597346,0.3799932098388672,0.2969785278663039,0.5876678830385207,0.34059467852115627
2023-01-16 07:00:00,0.16055440828204154,0.46686152338981624,0.4056378771364688,0.6776764730364083,0.4568143038451671
2023-01-16 08:00:00,0.33214893594384187,0.6327978460490702,0.5548816384375095,0.6738170339167117,0.5939676184952258
2023-01-16 09:00:00,0.41315727949142456,0.7592531724274157,0.6110962753742932,0.7250209866464137,0.6397707500308751
2023-01-16 10:00:00,0.331430489718914,0.739269753396511,0.5632970429211854,0.7316387115418911,0.6060734537988901
2023-01-16 11:00:00,0.20266634911298748,0.6994026860594749,0.4715094074606895,0.710111422687769,0.5315965069830416
2023-01-16 12:00:00,0.16855363830924033,0.681158756315708,0.428525543063879,0.6706838420033454,0.4910270584374665
2023-01-16 13:00:00,0.25125536516308783,0.731716734021902,0.4935259465128182,0.6405321149528025,0.5450214458256959
2023-01-16 14:00:00,0.3175137829780578,0.7807520008087157,0.5541894634813069,0.6887733003497123,0.6038683398813008
2023-01-16 15:00:00,0.3389310051500797,0.799710222184658,0.5468935060501098,0.777472707107663,0.5745740034431218
2023-01-16 16:00:00,0.3121644142270088,0.7819664916396141,0.5774639316648245,0.8722879628837108,0.6299199234694243
2023-01-16 17:00:00,0.35920532599091526,0.825469514876604,0.6842536568641662,0.9169036877155303,0.7595753975212574
2023-01-16 18:00:00,0.40171682000160214,0.8869276684522629,0.7468945145606993,0.8744100528210401,0.8227992179244756
2023-01-16 19:00:00,0.3071941813826561,0.9003453519940376,0.611894998550415,0.8648284104466438,0.6743564821779727
2023-01-16 20:00:00,0.1680059354007244,0.5930905497074126,0.39401062205433846,0.8046545340865849,0.4447114804387091
2023-01-16 21:00:00,0.15370217785239218,0.4740334951877594,0.41706340372562406,0.8611871041357516,0.478306373655796
2023-01-16 22:00:00,0.20522370442748067,0.4609921669960022,0.4556182245165109,0.8295787930488585,0.5039347575604916
2023-01-16 23:00:00,0.20041388034820554,0.4551124083995819,0.42562030412256713,0.7897586402297019,0.4638639379292726
2023-01-17 00:00:00,0.19481844380497929,0.47694299459457395,0.4304137161374092,0.8323014287650584,0.4740413675457238
2023-01-17 01:00:00,0.18495208263397214,0.49879257798194887,0.43208641164004796,0.8447421945631504,0.4925456334650516
2023-01-17 02:00:00,0.27962692886590956,0.7299676118791103,0.5603984140604734,0.9214036472886801,0.6234569466114044
2023-01-17 03:00:00,0.4968293094635009,0.9398031961917876,0.7849976143985987,0.9957156766951084,0.848544845804572
2023-01-17 04:00:00,0.6569311326742171,0.9925861266255378,0.8819257237762212,1.0,0.9428307326138019
2023-01-17 05:00:00,0.668580445498228,0.9988171234726906,0.8854026663303375,1.0,0.9512705415487289
2023-01-17 06:00:00,0.6711470371484756,1.0,0.8870568463206291,1.0,0.9524274503439665
2023-01-17 07:00:00,0.7494794771075248,1.0,0.9108890615403652,1.0,0.9644404497742654
2023-01-17 08:00:00,0.8193974755704402,1.0,0.9363046532124281,1.0,0.990889805778861
2023-01-17 09:00:00,0.9268433314561844,1.0,0.970895963460207,1.0,0.9977898181974888
2023-01-17 10:00:00,0.9440390615165233,1.0,0.9760928285866975,1.0,0.9859685233235358
2023-01-17 11:00:00,0.8992853038012981,1.0,0.9525587750226259,1.0,0.98895819529891
2023-01-17 12:00:00,0.9288080012798309,1.0,0.9664569240808487,1.0,0.9831353823840618
2023-01-17 13:00:00,0.8947920829057693,1.0,0.9517367461323738,1.0,0.9737910854816436
2023-01-17 14:00:00,0.8500085179507731,1.0,0.9318987579643726,0.9990121442079544,0.9511070439219474
2023-01-17 15:00:00,0.7500196553766727,1.0,0.8759245475381612,0.985439830943942,0.8811677987128496
2023-01-17 16:00:00,0.6660065306723117,0.987459943294525,0.8303364337980746,0.9766995525360107,0.8442320035398005
2023-01-17 17:00:00,0.6213085359334944,0.9768973916769027,0.7995678570121526,0.9617405962198972,0.8166313338279724
2023-01-17 18:00:00,0.5176301753520964,0.9531758014857767,0.7206467337906359,0.9329741374403238,0.7515129289031027
2023-01-17 19:00:00,0.47909708976745596,0.9347939324378967,0.689014132246375,0.93023106187582,0.7342341447621582
2023-01-17 20:00:00,0.5365673401951789,0.9879137605428696,0.744323346465826,0.9312184713780879,0.781948504373431
2023-01-17 21:00:00,0.612011290937662,0.9907753565907479,0.7958515743911265,0.9304899385571479,0.833013235926628
2023-01-17 22:00:00,0.6337242676317691,0.971643276810646,0.7589106494933366,0.9101232887059449,0.7869518084079026
2023-01-17 23:00:00,0.6346152035892009,0.894879446029663,0.7425324637442826,0.9163686376810073,0.7385571616142987
2023-01-18 00:00:00,0.5408083057403563,0.7663549026846885,0.6696171114593744,0.9338956941664218,0.687304391413927
2023-01-18 01:00:00,0.44996551513671873,0.590216473340988,0.6564376730471849,0.9493444022536277,0.6770359600335359
2023-01-18 02:00:00,0.3906756591796875,0.48621586561203,0.5674271063506603,0.9000148253142833,0.5854206793010234
2023-01-18 03:00:00,0.30574132874608034,0.4081313323974609,0.47429396092891685,0.8520941686630248,0.48027482807636257
2023-01-18 04:00:00,0.46181178808212275,0.5011454975605011,0.611451264321804,0.923828161433339,0.6045792492479085
2023-01-18 05:00:00,0.7149232818186282,0.6752491636574267,0.7844269730895758,0.9605426337569951,0.7594466517120599
2023-01-18 06:00:00,0.8328521640598774,0.7539550913870334,0.8517985472828149,0.9651579468697309,0.8134431681036949
2023-01-18 07:00:00,0.8917252895236014,0.8208093626797199,0.9178333838284015,0.9918873441219329,0.8905267651379108
2023-01-18 08:00:00,0.9420949953794479,0.8842414428293704,0.9522710213065148,0.9938914781808853,0.9211559533327817
2023-01-18 09:00:00,0.9752211800217627,0.9287865985929966,0.9613551735132932,0.9905605465173721,0.9265881945937872
2023-01-18 10:00:00,0.9798633909225464,0.9585642884671688,0.9454271420836449,0.9803572236746549,0.9038030521571636
2023-01-18 11:00:00,0.9797519505023955,0.9552121171355246,0.9534548753499984,0.9868360549211501,0.9135580556094647
2023-01-18 12:00:00,0.9959186846017838,0.9790493074059485,0.9824425329267978,0.9949536047875881,0.9491838435083626
2023-01-18 13:00:00,0.9981745627522469,0.9791095721721649,0.98433612331748,0.995854399651289,0.9559048616141081
2023-01-18 14:00:00,1.0,0.9840044543147086,0.9884109942615031,0.9962498292326927,0.9680348112434148
2023-01-18 15:00:00,0.9906665608286858,0.9573674872517586,0.9762581175565719,0.9738132007420062,0.9291268786787985
2023-01-18 16:00:00,0.9881189647316933,0.937773708552122,0.9600492425262926,0.9534179678559302,0.906533328667283
2023-01-18 17:00:00,0.9706821107864378,0.9060303345322609,0.9109083994477987,0.9074838823080063,0.8474620240181684
2023-01-18 18:00:00,0.9544949519634246,0.8306720066070556,0.884040670543909,0.910706098228693,0.8057264881581068
2023-01-18 19:00:00,0.952599446773529,0.8105597630143164,0.8761896981298923,0.9102170591801404,0.7994023679941892
2023-01-18 20:00:00,0.946880237609148,0.8151340019702911,0.8420743875950575,0.8296659425646067,0.7767318015545606
2023-01-18 21:00:00,0.9810721820592879,0.8010526284575461,0.8356850177794694,0.692045805081725,0.7342322770506142
2023-01-18 22:00:00,0.8973131527006626,0.6861966116726398,0.7419826777279376,0.55268561899662,0.6506376764178274
2023-01-18 23:00:00,0.6783828718960284,0.4990815579891204,0.492065390497446,0.3691946411132812,0.4036899145692586
2023-01-19 00:00:00,0.5009398317337036,0.3101638489961624,0.4190782570838928,0.37583808898925775,0.35469050996005536
2023-01-19 01:00:00,0.3642803573608398,0.25887951135635373,0.2970752230286598,0.2564556812494993,0.2515091359615325
2023-01-19 02:00:00,0.2357933600246906,0.1845661076903343,0.19847345583140846,0.17505277238786218,0.17263319559395313
2023-01-19 03:00:00,0.11858801141381262,0.10424501232802869,0.07638544552028179,0.03860845785588026,0.059564331062138084
2023-01-19 04:00:00,0.08748634696006774,0.10187825515866279,0.051662610881030566,0.017242930717766284,0.04091203689575196
2023-01-19 05:00:00,0.031094457209110263,0.03620663747191429,0.011084201112389565,0.0017971637472510337,0.010211476534605027
2023-01-19 06:00:00,0.002278774455189705,0.007122136019170284,0.0,0.0,0.003584622815251351
2023-01-19 07:00:00,0.010085777789354326,0.032270396649837496,0.0022119163721799847,0.0,0.002573282085359096
2023-01-19 08:00:00,0.04277026198804378,0.10115602836012841,0.016840180456638335,0.0,0.01166414562612772
2023-01-19 09:00:00,0.055496582239866254,0.04603754997253418,0.040857685208320615,0.003862089589238166,0.043870768398046496
2023-01-19 10:00:00,0.1262375423312187,0.11869475603103637,0.1352242289483547,0.09389832783490419,0.1283185164257884
2023-01-19 11:00:00,0.35996669769287104,0.4678774666786193,0.362240470200777,0.22534557811915873,0.3470760386437178
2023-01-19 12:00:00,0.3488041305541992,0.3624894186854362,0.4450119179487228,0.4139351433515549,0.4514071100950241
2023-01-19 13:00:00,0.6562855987250804,0.5588337004184722,0.7668960506469011,0.6666509954631328,0.7592312474548817
2023-01-19 14:00:00,0.699866031706333,0.6115962064266205,0.8794815163314342,0.9142393687367438,0.888384011387825
2023-01-19 15:00:00,0.6529495818912983,0.6066861836612224,0.892967002019286,0.9726412231475114,0.935062030032277
2023-01-19 16:00:00,0.9938408496975899,0.9522311297059058,1.0,1.0,1.0
2023-01-19 17:00:00,1.0,1.0,1.0,1.0,1.0
2023-01-19 18:00:00,1.0,1.0,1.0,1.0,1.0
2023-01-19 19:00:00,1.0,1.0,1.0,1.0,1.0
2023-01-19 20:00:00,1.0,1.0,1.0,1.0,1.0
2023-01-19 21:00:00,1.0,1.0,1.0,1.0,1.0
2023-01-19 22:00:00,1.0,1.0,1.0,1.0,1.0
2023-01-19 23:00:00,1.0,1.0,1.0,1.0,1.0
2023-01-20 00:00:00,1.0,1.0,1.0,1.0,1.0
2023-01-20 01:00:00,1.0,1.0,1.0,0.9978410014510155,1.0
2023-01-20 02:00:00,1.0,1.0,1.0,0.8611859502643346,0.9924379193782806
2023-01-20 03:00:00,0.8771644321084022,0.9504878987371921,0.785500475168228,0.5238483569771051,0.7150516356527805
2023-01-20 04:00:00,0.35268429204821583,0.6261849856376647,0.38635584555566305,0.4552288408577442,0.397660734951496
2023-01-20 05:00:00,0.17137842901051042,0.4321889877319336,0.20551472168415785,0.34481988735496993,0.2428402649611235
2023-01-20 06:00:00,0.04701574102044106,0.2301413063704967,0.12347809128463266,0.30417196929454804,0.14019668422639367
2023-01-20 07:00:00,0.012553505897521973,0.16703849062323567,0.05507672060281038,0.19677698172628877,0.0712747547030449
2023-01-20 08:00:00,0.003317907266318798,0.1007900559157133,0.07160754617303611,0.19192031331360337,0.06860560048371553
2023-01-20 09:00:00,0.007890342772006988,0.12230489596724509,0.07783224362879991,0.2696459633857011,0.08865412406623362
2023-01-20 10:00:00,0.0004029703512787819,0.03426099449396133,0.1331957948207855,0.49843637228012083,0.14682641983032227
2023-01-20 11:00:00,0.03245162427425385,0.0205358412489295,0.2626101436465978,0.6048729950934648,0.32139021135866636
2023-01-20 12:00:00,0.1508924478292465,0.04568140100687743,0.35373581886291505,0.6223754933476447,0.38014141544699664
2023-01-20 13:00:00,0.19938857495784756,0.05381268315017223,0.3424467670172453,0.6073390767723321,0.356532980799675
2023-01-20 14:00:00,0.34195766448974607,0.11199182532727715,0.42920288026332853,0.6625938462466001,0.42077891170978543
2023-01-20 15:00:00,0.5728212749958037,0.1606454237550497,0.6611923577636479,0.7486364851146936,0.6319168178737163
2023-01-20 16:00:00,0.7479055120050906,0.31314938396215436,0.8349775400757788,0.8224876773357391,0.8015982114523649
2023-01-20 17:00:00,0.7574997383356094,0.41617599487304685,0.8196531173586844,0.7806272442638873,0.7709559584408997
2023-01-20 18:00:00,0.7264143621921538,0.4790339767932892,0.7804189875721931,0.7288055012375115,0.7494833597540854
2023-01-20 19:00:00,0.7703565689921379,0.46439823985099793,0.801149432733655,0.7731718508899211,0.7476476343721151
2023-01-20 20:00:00,0.7771440783143042,0.4687141418457031,0.7678242016583681,0.7687949670851231,0.7053932087868451
2023-01-20 21:00:00,0.819594865143299,0.5775601124763488,0.7662006276100872,0.6857574379444121,0.705738579109311
2023-01-20 22:00:00,0.851930765658617,0.6776744006574154,0.7933775497972965,0.731998457238078,0.7310927683860062
2023-01-20 23:00:00,0.9236172845959663,0.7682632215321064,0.8960068222880364,0.8592442545294761,0.8312169612199067
2023-01-21 00:00:00,0.9645799721777439,0.8038903731107712,0.9279226390272379,0.8914059179276228,0.8579140932112932
2023-01-21 01:00:00,0.9265547193586825,0.7504776826500892,0.8937506882101297,0.8890806651860474,0.8186599465459584
2023-01-21 02:00:00,0.8801285986602305,0.7656210096180438,0.865664510950446,0.8899378895014524,0.8125638747215271
2023-01-21 03:00:00,0.8177785439789295,0.7459803356230258,0.829353744611144,0.8788692879676818,0.7904389160126446
2023-01-21 04:00:00,0.7631111180782317,0.626281235218048,0.7960418189316988,0.8479126549512147,0.7427357438206672
2023-01-21 05:00:00,0.6847233510017394,0.5906217022240161,0.7394457536190747,0.8361789047718047,0.7016823554784059
2023-01-21 06:00:00,0.6407246148586272,0.540879327058792,0.6656452766060829,0.7923271696269512,0.62926722638309
2023-01-21 07:00:00,0.5607751166820525,0.48870278358459474,0.5798364585638045,0.6616759540885686,0.5400736609846353
2023-01-21 08:00:00,0.4494361114501953,0.38006061553955073,0.42848501205444334,0.49440136075019836,0.39076412700116636
2023-01-21 09:00:00,0.34412361145019527,0.28429931908845896,0.3105426405370235,0.3368869689106941,0.28438773676753043
2023-01-21 10:00:00,0.2226816481351852,0.18421751201152803,0.19573033750057217,0.2062648686021566,0.17786171115934846
2023-01-21 11:00:00,0.14041770085692407,0.10734969973564149,0.1221306063979864,0.11189441412687301,0.10591884568333625
2023-01-21 12:00:00,0.07778071239590645,0.06911038659512997,0.06851612348109484,0.06293718401342631,0.05842582419514657
2023-01-21 13:00:00,0.07476789325475693,0.08579604595899581,0.07610540684312582,0.08610991626977921,0.07339137356728316
2023-01-21 14:00:00,0.12485986366868018,0.1476778234541416,0.1297648365795612,0.15273561999201773,0.13175257466733456
2023-01-21 15:00:00,0.28400581195950503,0.28573079124093054,0.29197911024093626,0.22746271133422846,0.2789810292422771
2023-01-21 16:00:00,0.20348852589726446,0.21761973410844798,0.24832811839878555,0.21445351101458066,0.24246012598276137
2023-01-21 17:00:00,0.14559575974941252,0.17596668943762778,0.17650997102260588,0.17252628214657303,0.16926667176187038
2023-01-21 18:00:00,0.11345304772257804,0.14657159760594368,0.14274346373975275,0.11198417223989963,0.1440061470121145
2023-01-21 19:00:00,0.12225937142968177,0.14508106708526608,0.13223931975662706,0.07277442183345556,0.12375902727246282
2023-01-21 20:00:00,0.13772967085242271,0.17111987769603726,0.13213176548480987,0.05677763266488909,0.1209240836650133
2023-01-21 21:00:00,0.1225938032567501,0.15849024817347523,0.11648211367428302,0.04547860827296972,0.1045066574588418
2023-01-21 22:00:00,0.09811756178736686,0.12498237162828443,0.09391919773072002,0.07230725731700659,0.08529493641108275
2023-01-21 23:00:00,0.11293843671679496,0.1313444563746452,0.1437627603858709,0.1681952795386314,0.13840950407087801
2023-01-22 00:00:00,0.20478805094957347,0.22877460971474645,0.24350819900631898,0.2836664422601461,0.2355498771369457
2023-01-22 01:00:00,0.31037422835826867,0.28806566491723057,0.30614065811038016,0.2641444860398769,0.28387459792196745
2023-01-22 02:00:00,0.2443340781331062,0.2434440658986568,0.18270319066941734,0.2162524167448282,0.15841675989329812
2023-01-22 03:00:00,0.09720278978347777,0.13927950575947762,0.11113447576761246,0.2381429899483919,0.12464131828397512
2023-01-22 04:00:00,0.14402373418211933,0.21231143966317173,0.13353541150689124,0.2869423975795507,0.13471731148660182
2023-01-22 05:00:00,0.15704295575618743,0.2213907320797443,0.18937328055500985,0.41490208491683,0.19797002665698527
2023-01-22 06:00:00,0.23715729579329486,0.29224692210555075,0.2943050056695938,0.5120636280626057,0.29267048232257364
2023-01-22 07:00:00,0.3422507858276367,0.3522277300059795,0.4043729591369629,0.5940560775995254,0.38597152709960936
2023-01-22 08:00:00,0.40451564788818356,0.40955009460449215,0.386365909576416,0.4532758194208145,0.34995538376271723
2023-01-22 09:00:00,0.38136764526367184,0.3627344894409179,0.39207857131958,0.4760465836524963,0.3702213612198829
2023-01-22 10:00:00,0.4242681884765625,0.5763066267967223,0.4517547744512558,0.565266386270523,0.4308601325750351
2023-01-22 11:00:00,0.3238222885131835,0.4994960951805114,0.38299060225486753,0.4201684892177582,0.34975382350385187
2023-01-22 12:00:00,0.22361965954303736,0.34654151216149326,0.23314044944941992,0.31261167705059045,0.21452931262552735
2023-01-22 13:00:00,0.3220658272504806,0.4110532760620117,0.3015675666183233,0.26980674557387824,0.27121788457036017
2023-01-22 14:00:00,0.1899929344654083,0.34397312164306637,0.1792005694657564,0.15867654174566265,0.16348977658897637
2023-01-22 15:00:00,0.0711314034461975,0.12253790810704229,0.06747447848320007,0.06921717308461665,0.06836080588400364
2023-01-22 16:00:00,0.06827694252133369,0.12940623387694358,0.06692391045391559,0.07674877978861332,0.07274112563580275
2023-01-22 17:00:00,0.05999919652938843,0.08925922118127344,0.05501403633505106,0.08237773984670639,0.061880248337984084
2023-01-22 18:00:00,0.1671244397759437,0.28227732405066486,0.13241682462394236,0.10931545067578552,0.1272493878751993
2023-01-22 19:00:00,0.00623308066278696,0.05208162724971772,0.018031456042081118,0.07385673113167285,0.025005315616726878
2023-01-22 20:00:00,0.03676515296101571,0.06982682660222053,0.04523410890251398,0.0826939258351922,0.05191142071038485
2023-01-22 21:00:00,0.08079350307583809,0.0772953774780035,0.09571766298264264,0.11075183682143687,0.09922873731702565
2023-01-22 22:00:00,0.07367222175002097,0.09947981260716915,0.06520066197961569,0.06481450729072094,0.0653965463116765
2023-01-22 23:00:00,0.013076034337282182,0.012664193660020827,0.012994203679263593,0.016942276321351528,0.016341973710805178
2023-01-23 00:00:00,0.009599228501319886,0.002498972937464714,0.006706918794661759,0.005198354832828045,0.004377592969685792
2023-01-23 01:00:00,0.0035723021626472467,0.0,0.0010277028754353522,0.0,7.280157878994941e-05
2023-01-23 02:00:00,0.0014304376021027564,0.0,0.0007152188010513782,0.0,0.0
2023-01-23 03:00:00,0.0,0.0,0.0,0.0,0.00035732043907046315
2023-01-23 04:00:00,0.0025443276762962337,0.002446795366704464,0.007202706485986709,0.008358192127197982,0.013820274639874697
2023-01-23 05:00:00,0.014554958865046503,0.010572495497763158,0.01767127253115177,0.014403650183230641,0.019206971898674968
2023-01-23 06:00:00,0.003934228420257568,0.0014732013270258902,0.00687892623245716,0.027517217919230463,0.009087501130998136
2023-01-23 07:00:00,0.012755612321197986,0.0,0.014986726883798837,0.043154670074582104,0.01547151504084468
2023-01-23 08:00:00,0.06792178057134152,0.002713231965899467,0.06721180137246847,0.07197407193481922,0.06261404935270548
2023-01-23 09:00:00,0.14463159903883932,0.08005736790597438,0.12845526099205015,0.08912260975688695,0.11718523301184175
2023-01-23 10:00:00,0.20568574190139768,0.18039575740694996,0.2033340268582105,0.1539656139165163,0.18490094304084775
2023-01-23 11:00:00,0.28846182629466055,0.23954623967409133,0.297616846114397,0.23936898507177828,0.27212276011705394
2023-01-23 12:00:00,0.28747943937778464,0.19515566080808638,0.2817331704497337,0.22919817514717575,0.25342604331672186
2023-01-23 13:00:00,0.23770409524440764,0.14488606691360473,0.24160140380263329,0.21849625103175638,0.22211432069540019
2023-01-23 14:00:00,0.2973269198834896,0.16838736429810522,0.2596287745982408,0.21091040000319478,0.2241892498731613
2023-01-23 15:00:00,0.21244344636797902,0.0682826916873455,0.15964553371071816,0.0956830009445548,0.1273330245167017
2023-01-23 16:00:00,0.20173105761408805,0.0628398110717535,0.1400283747911453,0.051350221876055,0.10847878545522689
2023-01-23 17:00:00,0.2723857843875884,0.08814245104789734,0.165098068267107,0.03795073989778757,0.11522142391651868
2023-01-23 18:00:00,0.25023616462945936,0.0771082592010498,0.13748851530253886,0.061137473359704014,0.09699266605079174
2023-01-23 19:00:00,0.19427116230130193,0.045045404806733136,0.12639108363538978,0.20857446126639845,0.09870745811611413
2023-01-23 20:00:00,0.10844304487109183,0.0330784909427166,0.06623916875571012,0.32876345533877604,0.04893738325685263
2023-01-23 21:00:00,0.1023544006049633,0.0957229071855545,0.0992751943692565,0.3605322395637631,0.0936900345236063
2023-01-23 22:00:00,0.2388289554417133,0.25366843625903124,0.2367107941955328,0.36656094990670685,0.2209678220748901
2023-01-23 23:00:00,0.5000082409381866,0.461329391002655,0.4750630259513855,0.47379915773868564,0.44026459217071534
2023-01-24 00:00:00,0.7374480171501636,0.6812555177509783,0.698146985694766,0.5340821750462055,0.6489338549226521
2023-01-24 01:00:00,0.7991713351011276,0.7547537578642367,0.7766694745421409,0.6331363546103238,0.7376588551700114
2023-01-24 02:00:00,0.8481410257518291,0.8026003344357013,0.8540505684912204,0.7416946651041507,0.8024903936684131
2023-01-24 03:00:00,0.6823437540233134,0.6336295461654662,0.614343082755804,0.6609200416505335,0.5524203038215636
2023-01-24 04:00:00,0.8103925636410713,0.795380595177412,0.7605217913538216,0.8805933233350515,0.6937339304387569
2023-01-24 05:00:00,0.9224683067202567,0.9287538535892963,0.9335394769906997,0.9890674090385436,0.9086750116944312
2023-01-24 06:00:00,0.9944296357035637,0.9902688133716583,0.996912566870451,1.0,0.9917835032939911
2023-01-24 07:00:00,1.0,1.0,1.0,1.0,1.0
2023-01-24 08:00:00,1.0,1.0,1.0,1.0,1.0
2023-01-24 09:00:00,1.0,1.0,1.0,1.0,1.0
2023-01-24 10:00:00,1.0,1.0,1.0,1.0,1.0
2023-01-24 11:00:00,1.0,1.0,1.0,1.0,1.0
2023-01-24 12:00:00,1.0,1.0,1.0,1.0,1.0
2023-01-24 13:00:00,1.0,1.0,1.0,1.0,1.0
2023-01-24 14:00:00,1.0,1.0,1.0,1.0,1.0
2023-01-24 15:00:00,1.0,1.0,1.0,1.0,1.0
2023-01-24 16:00:00,1.0,1.0,1.0,1.0,1.0
2023-01-24 17:00:00,1.0,1.0,1.0,1.0,1.0
2023-01-24 18:00:00,1.0,1.0,1.0,1.0,1.0
2023-01-24 19:00:00,1.0,1.0,1.0,1.0,0.9968157632648945
2023-01-24 20:00:00,1.0,1.0,1.0,1.0,1.0
2023-01-24 21:00:00,1.0,1.0,1.0,0.9961226196587086,1.0
2023-01-24 22:00:00,1.0,1.0,1.0,0.9931779220700264,1.0
2023-01-24 23:00:00,0.9998673263192177,0.9969010838866234,0.9925508417189121,0.8899929568916558,0.9831550706923008
2023-01-25 00:00:00,0.9518502551317214,0.9346628926694392,0.9111602857708929,0.5409331905096769,0.8722799260169267
2023-01-25 01:00:00,0.7934362395107746,0.7746870829164981,0.6781757431477308,0.3077765891700983,0.6089447530359029
2023-01-25 02:00:00,0.7612936376035213,0.6055601394176482,0.663392779007554,0.23118789680302143,0.5790679993480443
2023-01-25 03:00:00,0.499629065990448,0.38189102172851563,0.3560313938558101,0.08695107953622937,0.2704342142492532
2023-01-25 04:00:00,0.3235357123613357,0.21027899533510205,0.21578356385231015,0.039068257156759496,0.14608359180390834
2023-01-25 05:00:00,0.4039836120605469,0.2833200766146182,0.25515920169651507,0.06842025063931942,0.18299761340022086
2023-01-25 06:00:00,0.33436691567301746,0.3566554641723632,0.19796350352466102,0.10810275994241236,0.15195268236100673
2023-01-25 07:00:00,0.41094606876373285,0.5067502415180206,0.3015699695050716,0.2657082912325859,0.2707222191989421
2023-01-25 08:00:00,0.3563408552110195,0.5350560402870178,0.2934591836482286,0.2814034868776798,0.27731561355292794
2023-01-25 09:00:00,0.23976472586393352,0.42625381469726564,0.2244764847308397,0.27982906423509113,0.2217932656407356
2023-01-25 10:00:00,0.47932021737098696,0.6566033346951007,0.47108456075191496,0.46370322823524474,0.45129044294357296
2023-01-25 11:00:00,0.2040008288621902,0.4362578201293945,0.17919053345918654,0.2236964467167854,0.17835812821984287
2023-01-25 12:00:00,0.18716882184147832,0.30949032992124553,0.23165281094610687,0.343909683227539,0.24390645496547222
2023-01-25 13:00:00,0.19261413589119908,0.42545864105224607,0.22188918061554427,0.28768951125442976,0.24205862872302528
2023-01-25 14:00:00,0.2126788271963596,0.42918704986572265,0.2499509200453758,0.3038923694938421,0.2668154504150152
2023-01-25 15:00:00,0.17996488496661184,0.41086532592773434,0.23091842375695704,0.2897478939592838,0.25469131283462043
2023-01-25 16:00:00,0.17690254896879193,0.26434352144598955,0.2700798586010933,0.32651675067842,0.2988055144250393
2023-01-25 17:00:00,0.30937527090311046,0.23442568555474275,0.41335978806018825,0.470944772362709,0.41789009511470787
2023-01-25 18:00:00,0.6993695890903472,0.6301031640172003,0.8131068305671214,0.8196455299854278,0.8067266701906919
2023-01-25 19:00:00,0.9923794937133789,1.0,0.9961897468566894,0.9395925442129374,0.9974213975667954
2023-01-25 20:00:00,1.0,1.0,1.0,0.9928222991526127,0.9961164639890194
2023-01-25 21:00:00,1.0,0.999875670671463,1.0,0.9949522976577282,1.0
2023-01-25 22:00:00,1.0,1.0,1.0,0.9979219143092632,1.0
2023-01-25 23:00:00,1.0,1.0,1.0,0.9946132038533687,1.0
2023-01-26 00:00:00,1.0,1.0,1.0,0.972225700467825,1.0
2023-01-26 01:00:00,1.0,1.0,1.0,0.9858901489526034,0.998030846863985
2023-01-26 02:00:00,1.0,1.0,1.0,0.9958889625966549,1.0
2023-01-26 03:00:00,1.0,0.9967540773749352,1.0,0.9421877650171518,1.0
2023-01-26 04:00:00,1.0,0.9961717510223389,0.9988759823143483,0.7572280947864055,0.9869436743110418
2023-01-26 05:00:00,0.9993228307366371,0.866655702739954,0.9617735049128532,0.5817794264853,0.8819145289808512
2023-01-26 06:00:00,0.9024356108903884,0.6235397911071776,0.7706536506861448,0.5384765851497649,0.671757752969861
2023-01-26 07:00:00,0.6687944209575651,0.5344105219841002,0.5869552081823348,0.5301869896799325,0.5055781865119934
2023-01-26 08:00:00,0.4825795662403106,0.5195585644245146,0.45497979521751397,0.5088652368634938,0.41994260966777797
2023-01-26 09:00:00,0.4678254413604736,0.5660456573963164,0.4870098006725311,0.6300806195288897,0.4468940578401088
2023-01-26 10:00:00,0.6423958992958068,0.6604469260573387,0.6391084483265875,0.7357940141111612,0.583350503668189
2023-01-26 11:00:00,0.7989819730818271,0.7562591484189033,0.7801982284337281,0.8489312117546796,0.7222702509164809
2023-01-26 12:00:00,0.9271619078516959,0.7920733286440371,0.8683889386057853,0.9032226974517106,0.8043358413130045
2023-01-26 13:00:00,0.9710992564260958,0.8097455199062824,0.8809968023002147,0.9096656959503888,0.8254730520397424
2023-01-26 14:00:00,0.9817868173122406,0.8497702503204345,0.9180659824609756,0.9474632781744003,0.8721346192061901
2023-01-26 15:00:00,0.8486411701142788,0.6513224801421165,0.7444612824171781,0.8709210969507694,0.6899124479293822
2023-01-26 16:00:00,0.9452712078392504,0.7998636682331561,0.8666395486891268,0.9205070535838604,0.8133390344679355
2023-01-26 17:00:00,0.9862454828619955,0.8969592915475368,0.9260539540648459,0.9472537284344434,0.8795133513212203
2023-01-26 18:00:00,0.9934562039375305,0.9343499493598937,0.9513801842182874,0.954137471243739,0.9108866490423679
2023-01-26 19:00:00,1.0,1.0,0.9569776987284422,0.925428429543972,0.9435486769676208
2023-01-26 20:00:00,1.0,1.0,0.9750292126089334,0.9012761645764111,0.9758978558331728
2023-01-26 21:00:00,0.9848913723230361,0.9377224308252334,0.9272570371627807,0.8169209825992584,0.8806337022036314
2023-01-26 22:00:00,0.896415354013443,0.7843156057596206,0.7145995510369538,0.6003943389654158,0.6290299447625874
2023-01-26 23:00:00,0.6310097432136534,0.508716197013855,0.46639259874820704,0.41434079527854917,0.383709697201848
2023-01-27 00:00:00,0.4063359451293945,0.260634049475193,0.3266070567816496,0.2909810961782932,0.28188250802457326
2023-01-27 01:00:00,0.36559974670410156,0.2935545028746128,0.28134223401546476,0.20476176105439658,0.24115535028278826
2023-01-27 02:00:00,0.25150945127010343,0.30598419412970534,0.2246246799826622,0.1640279173105955,0.2155591470748186
2023-01-27 03:00:00,0.13833051308989525,0.1289234288036823,0.13640633583068845,0.09771225266158579,0.13184405244886874
2023-01-27 04:00:00,0.21832370281219482,0.17591056972742078,0.19375260591506954,0.11392637763172386,0.17016800448298453
2023-01-27 05:00:00,0.3351471349596977,0.22372350916266437,0.2792840628325939,0.1368280642479658,0.23084790654480458
2023-01-27 06:00:00,0.40571445465087885,0.2720619840919971,0.30534475103020664,0.18223291113972662,0.2429145219922065
2023-01-27 07:00:00,0.36622047424316406,0.2901030586659908,0.299533277079463,0.3250018882751464,0.24885733157396314
2023-01-27 08:00:00,0.3921828460693359,0.34759994506835934,0.3954621887207031,0.5351459115743636,0.3533635711669922
2023-01-27 09:00:00,0.5133555388450622,0.4994020617008209,0.499042221903801,0.6399311316013336,0.4420015335083008
2023-01-27 10:00:00,0.5097029960155487,0.5694900608062743,0.47140761256217956,0.6447108863294124,0.42801727294921876
2023-01-27 11:00:00,0.45583725571632383,0.525751725435257,0.47529038488864894,0.6898335291445254,0.46139506578445433
2023-01-27 12:00:00,0.5633275067806243,0.5448219633102416,0.5659639841318129,0.7019880606234072,0.5248625559359789
2023-01-27 13:00:00,0.6434687463939188,0.47701982140541077,0.5598232271522283,0.6407837400585412,0.49171128123998636
2023-01-27 14:00:00,0.7056032305955886,0.474228378534317,0.5702746549993752,0.5829783188551663,0.48833267986774437
2023-01-27 15:00:00,0.6257948985695838,0.3522122192382812,0.5326839585602283,0.4805302190780639,0.47026001058518885
2023-01-27 16:00:00,0.5240069484710692,0.37825824737548824,0.4338457089662552,0.36087149880826475,0.3858820624649524
2023-01-27 17:00:00,0.5592784440517424,0.43152839660644526,0.4232023334503173,0.37702688217163083,0.35902977675199504
2023-01-27 18:00:00,0.6115160739421843,0.5257691597938537,0.48334054231643675,0.6116055890172719,0.41376235127449035
2023-01-27 19:00:00,0.5805242216587065,0.5180870449542999,0.528829686641693,0.7753330253064632,0.49693192899227134
2023-01-27 20:00:00,0.7912534768879412,0.5927424883842467,0.7864799007773399,0.9338518726080656,0.6671989331394432
2023-01-27 21:00:00,0.9878330224752425,0.9832534170150756,0.9564062802493571,0.9654538071900606,0.9155102874338626
2023-01-27 22:00:00,0.9812679779529571,0.9999552232027054,0.9774989905953405,0.990862288326025,0.9539776948094367
2023-01-27 23:00:00,0.9959790101647377,1.0,0.9992438861727715,1.0,0.9952018606662749
2023-01-28 00:00:00,1.0,1.0,1.0,1.0,1.0
2023-01-28 01:00:00,1.0,1.0,1.0,1.0,1.0
2023-01-28 02:00:00,1.0,1.0,1.0,1.0,1.0
2023-01-28 03:00:00,1.0,1.0,1.0,1.0,1.0
2023-01-28 04:00:00,1.0,1.0,1.0,1.0,1.0
2023-01-28 05:00:00,1.0,1.0,1.0,1.0,1.0
2023-01-28 06:00:00,1.0,1.0,1.0,1.0,1.0
2023-01-28 07:00:00,1.0,1.0,1.0,1.0,1.0
2023-01-28 08:00:00,1.0,1.0,1.0,1.0,1.0
2023-01-28 09:00:00,1.0,1.0,1.0,1.0,1.0
2023-01-28 10:00:00,1.0,1.0,1.0,1.0,1.0
2023-01-28 11:00:00,1.0,1.0,1.0,1.0,1.0
2023-01-28 12:00:00,1.0,1.0,1.0,1.0,1.0
2023-01-28 13:00:00,1.0,1.0,1.0,1.0,1.0
2023-01-28 14:00:00,1.0,1.0,1.0,1.0,1.0
2023-01-28 15:00:00,1.0,1.0,1.0,1.0,1.0
2023-01-28 16:00:00,1.0,1.0,0.9847570790350437,0.9887123095989226,0.9807463090866804
2023-01-28 17:00:00,1.0,1.0,0.9769259645044803,0.9726749502122402,0.9597809424251318
2023-01-28 18:00:00,0.9837888234853744,0.9910402935743332,0.9194010351598262,0.8200422450900077,0.87458135522902
2023-01-28 19:00:00,0.8945825898647308,0.9351674310863017,0.795330551713705,0.6906929625570772,0.7397762025892733
2023-01-28 20:00:00,0.9741728603839874,0.973273936510086,0.9261925198882817,0.7255232499539851,0.8832585250586271
2023-01-28 21:00:00,0.9801024436950683,0.9808256360888481,0.920468814074993,0.6387494189292192,0.8751455166190862
2023-01-28 22:00:00,0.9315677727758884,0.8863282197713851,0.8512692076712847,0.5055036635696887,0.7810719373077154
2023-01-28 23:00:00,0.825023556947708,0.7621964818239211,0.7263126587122679,0.36506153188645835,0.6462885631620883
2023-01-29 00:00:00,0.7191031588613985,0.657863607853651,0.5841439118981361,0.2639231849461794,0.4963982170820236
2023-01-29 01:00:00,0.5293626046180724,0.49481950759887694,0.43197283625602717,0.20409372657537456,0.3822724151611328
2023-01-29 02:00:00,0.4593510293960571,0.4118213272094726,0.36770020261406894,0.14784619282931089,0.33277620874345293
2023-01-29 03:00:00,0.2691210928559303,0.20653473421931265,0.19432552263140676,0.0720937406271696,0.15918052673339841
2023-01-29 04:00:00,0.1507038170099258,0.11715687289834022,0.07260309737175702,0.005851826053112746,0.04304195821285248
2023-01-29 05:00:00,0.020393677949905396,0.025791222006082536,0.0026955530047416687,0.0,0.0
2023-01-29 06:00:00,0.0,0.0021459438651800153,0.0,0.0019671694748103615,0.0
2023-01-29 07:00:00,0.0,0.0,0.0035133396089076993,0.01707405649125576,0.005523799397051335
2023-01-29 08:00:00,0.0,0.00023921638727188112,0.03657864317297935,0.07362930130213499,0.03920949503779412
2023-01-29 09:00:00,0.02747773613780737,0.01801607396453619,0.1106147104129195,0.15325157098472114,0.13194610763341189
2023-01-29 10:00:00,0.12251525402069091,0.08304669961333275,0.20524218931794164,0.23320479951798911,0.2130767162144184
2023-01-29 11:00:00,0.221186394393444,0.17415725603699683,0.3129607015848159,0.31897232890129085,0.3093501333892345
2023-01-29 12:00:00,0.31568295195698737,0.20596352323889727,0.4009614753723144,0.3452533735334873,0.3889108189940452
2023-01-29 13:00:00,0.35168890371918676,0.19886004537343976,0.42545092165470116,0.35970974668860434,0.40945638164877884
2023-01-29 14:00:00,0.39179589599370956,0.25038453355431556,0.45594518661499017,0.33524195902049536,0.4389506399631499
2023-01-29 15:00:00,0.3560202397406101,0.2194189958274364,0.4619554257392883,0.38153608374297615,0.43462731510400765
2023-01-29 16:00:00,0.37635084524750706,0.26072672501206395,0.4597284626960755,0.28159685298800463,0.4239869747310877
2023-01-29 17:00:00,0.20259442597627636,0.1500246447324753,0.24706665180623527,0.13237034738063813,0.259403540045023
2023-01-29 18:00:00,0.10172107487916945,0.13962346918880936,0.11945598416030405,0.08396816037595271,0.1635825905203819
2023-01-29 19:00:00,0.03693424314260483,0.17998811207711696,0.040836655069142566,0.1197585955262184,0.16458320669829846
2023-01-29 20:00:00,0.05553066775202751,0.254639902561903,0.04194790132343769,0.15651980545371771,0.15925727613270282
2023-01-29 21:00:00,0.052124146223068234,0.2463778576254844,0.04574751734733581,0.30784036245197055,0.15498348444700238
2023-01-29 22:00:00,0.12551521837711332,0.387137222290039,0.1715270463377237,0.6168145544081927,0.3018539941310882
2023-01-29 23:00:00,0.48376193284988395,0.707609294950962,0.5481995850801467,0.8263989052921533,0.5667811017483473
2023-01-30 00:00:00,0.7505896626412868,0.8616600115597248,0.7447978677600621,0.8868013295531273,0.7116999136656522
2023-01-30 01:00:00,0.8367009072005749,0.8431001333892345,0.7472571274638174,0.8376485941559075,0.6845642438530921
2023-01-30 02:00:00,0.7736831641197204,0.6401969937980174,0.603798791244626,0.6160012754052877,0.5188425487279892
2023-01-30 03:00:00,0.4273506546020508,0.38958759307861324,0.29886340960860247,0.34629532136023045,0.24978445760905738
2023-01-30 04:00:00,0.33863971710205076,0.28373704761266705,0.2374341172724962,0.32141093194484704,0.19637248598039148
2023-01-30 05:00:00,0.37941974639892573,0.3569701592624187,0.2889702732115984,0.32132621087133884,0.24369815379381177
2023-01-30 06:00:00,0.4551233673095703,0.4080155479907989,0.32901916824281213,0.26882304646074767,0.27458514735102646
2023-01-30 07:00:00,0.4323148345947265,0.31527022704482077,0.28286624319851394,0.15854805208742617,0.21996494121849536
2023-01-30 08:00:00,0.3473199462890625,0.22916937768459317,0.20744140103459355,0.07131802644580602,0.15991629954427478
2023-01-30 09:00:00,0.4931625020503998,0.30344134151935576,0.2953612558543682,0.08944904588162898,0.22374764982610937
2023-01-30 10:00:00,0.5788166379928588,0.29227435648441313,0.367503630965948,0.14860120251774786,0.2756043335795402
2023-01-30 11:00:00,0.50693208694458,0.21273119449615477,0.3429785498976707,0.14071751106530428,0.25239383436739443
2023-01-30 12:00:00,0.2917231318354606,0.14887044385075565,0.17601634897291657,0.04566863313317299,0.1153856762871146
2023-01-30 13:00:00,0.02038897201418877,0.005744955167174339,0.005638329405337572,0.006211520656943322,0.0023008914664387698
2023-01-30 14:00:00,4.3097883462905883e-07,0.0,2.1548941731452944e-07,0.009905223362147808,0.0011744194664061068
2023-01-30 15:00:00,0.0,0.04985184513032437,0.0005752959102392196,0.0226006193459034,0.021914255525916814
2023-01-30 16:00:00,0.003343363292515278,0.15100789234042167,0.014688690304756164,0.05089227303862572,0.04318147433921695
2023-01-30 17:00:00,0.027437145598232748,0.23973958805203432,0.052552020791918036,0.07738282456994056,0.08300272177904842
2023-01-30 18:00:00,0.10037081092596054,0.42641777038574213,0.16927203699946403,0.167781884111464,0.2027186370268464
2023-01-30 19:00:00,0.2423847888410091,0.6331759719550608,0.268530226945877,0.22137919723987579,0.2845292165130377
2023-01-30 20:00:00,0.21363201335072515,0.5107150828838348,0.1685303308814764,0.21800102230161428,0.15667882170528172
2023-01-30 21:00:00,0.13441943816840649,0.3954311752319336,0.12113652192056179,0.26399007897824045,0.1265233615785837
2023-01-30 22:00:00,0.20959655210375783,0.6265419876575469,0.2497635120153427,0.40803470544517034,0.27085104778409
2023-01-30 23:00:00,0.5011115193367004,0.8219864700734614,0.655360556319356,0.7499923473596573,0.6682316021621229
2023-01-31 00:00:00,0.858161816895008,0.9678113484382629,0.8747501903772353,0.8076922258734702,0.8363359054923056
2023-01-31 01:00:00,0.8051417477428913,0.8254237239062785,0.8696495700627564,0.784042295590043,0.8323555436730384
2023-01-31 02:00:00,0.8817393182218074,0.8705288749933242,0.8601655294746159,0.7863815856724977,0.8179075041413307
2023-01-31 03:00:00,0.7490345327556133,0.6607070742547512,0.6908919306844472,0.6506026262789963,0.6294506514817475
2023-01-31 04:00:00,0.7440213224291801,0.681595288813114,0.6693125998973846,0.7378195604681967,0.6009000694751738
2023-01-31 05:00:00,0.6190054273605345,0.5528428411483763,0.5954728877544402,0.7691581930220126,0.5459552860260009
2023-01-31 06:00:00,0.5903336858749388,0.5347747659683226,0.6259327529370784,0.832252086251974,0.5989115348458289
2023-01-31 07:00:00,0.6670224352180957,0.5960543012619017,0.714755251854658,0.8912378130108118,0.6952115135639906
2023-01-31 08:00:00,0.7615596233308315,0.6932766667008399,0.7766575938463209,0.888830360546708,0.7506469365209341
2023-01-31 09:00:00,0.79955674842,0.7618263183534144,0.790820269882679,0.8849110031127929,0.763317567333579
2023-01-31 10:00:00,0.8495838440954685,0.8513958774507046,0.831044282913208,0.8959247167408466,0.8005554896593092
2023-01-31 11:00:00,0.8788670794665813,0.8954617391526698,0.8459910703450442,0.8860289137065409,0.8015223829448223
2023-01-31 12:00:00,0.8705404074490071,0.8599622669816017,0.7892706923931836,0.8215369240939616,0.7330515833944081
2023-01-31 13:00:00,0.821861465871334,0.7844807296991347,0.6908740854263304,0.733182127252221,0.6235088115930556
2023-01-31 14:00:00,0.7696535690128803,0.7209948016703128,0.623601629808545,0.6756213261187075,0.5500266110897063
2023-01-31 15:00:00,0.6702448537945747,0.674492818713188,0.5488476461172103,0.6481688002496957,0.4894273716211318
2023-01-31 16:00:00,0.7196861995756625,0.6689155092835426,0.5489657787978648,0.5807198196649551,0.4739296245574951
2023-01-31 17:00:00,0.7089773482084274,0.6226033671200275,0.48317917123436926,0.40711656212806696,0.38951137542724606
2023-01-31 18:00:00,0.7301502554118633,0.5889659410715102,0.4492977890372276,0.2894256312400102,0.3366439333558082
2023-01-31 19:00:00,0.5526955878734587,0.4134417343139648,0.30790659755468364,0.16560811169445513,0.2167838855832815
2023-01-31 20:00:00,0.25091775864362714,0.20716014623641965,0.11484081905335186,0.07046989865601062,0.06866288464516401
2023-01-31 21:00:00,0.2560559709370136,0.20842035382986066,0.14316796470433474,0.0794042683392763,0.10019468326121568
2023-01-31 22:00:00,0.09697464466094971,0.08687162302434445,0.05527493089437485,0.049318230189383035,0.039111481718719004
2023-01-31 23:00:00,0.04347340308129788,0.04941265620291233,0.032314215004444126,0.041608449108898646,0.025875682532787325
2023-02-01 00:00:00,0.016517961770296095,0.023275758922100067,0.021524917483329773,0.05396604429930449,0.018698370009660722
2023-02-01 01:00:00,0.01782549887895584,0.021234670579433443,0.04516595400869847,0.10276457265019416,0.044729819670319554
2023-02-01 02:00:00,0.04151578858494759,0.05445209622383118,0.08221474606543779,0.11942800603806972,0.08761478304862975
2023-02-01 03:00:00,0.09295929953455924,0.15098308861255644,0.11683455638587474,0.1290045778825879,0.12075718585401773
2023-02-01 04:00:00,0.24737996935844417,0.3217454528808593,0.22693700924515722,0.18291212312877178,0.20799916431307788
2023-02-01 05:00:00,0.3237624178826809,0.45631828665733337,0.26614508658647534,0.21738560765981674,0.24326794080436226
2023-02-01 06:00:00,0.46108889460563657,0.6099944858253001,0.41088905334472653,0.4166557222604751,0.372428970336914
2023-02-01 07:00:00,0.6342549687623976,0.7558020076155662,0.5485693222284316,0.5858764848113058,0.48598442554473875
2023-02-01 08:00:00,0.6926605424284934,0.8040291969478129,0.589437619820237,0.650716917067766,0.5176140820980072
2023-02-01 09:00:00,0.797664171308279,0.8604386565089226,0.6751277750730513,0.7259986293315888,0.5950606322288512
2023-02-01 10:00:00,0.7703732377290725,0.8106029161810874,0.6186784042418002,0.7003421391546727,0.5314515984058379
2023-02-01 11:00:00,0.7859214334189891,0.8129014462232589,0.6470165847241878,0.7933300151675939,0.5714080637693404
2023-02-01 12:00:00,0.8541552975773811,0.8772439984977245,0.7457463536411524,0.884577255770564,0.6815506527572869
2023-02-01 13:00:00,0.8614809763431548,0.8767225804924964,0.774241505563259,0.9055251508206128,0.7202333322167396
2023-02-01 14:00:00,0.8799431830644607,0.9028471778333187,0.8269503522664308,0.9224304468929767,0.7862621542066335
2023-02-01 15:00:00,0.9262006993591785,0.9596975879371166,0.8736189598590136,0.9341280465573072,0.837851709574461
2023-02-01 16:00:00,0.9501230159401892,0.9683438616991042,0.889806091710925,0.9323566228151321,0.8494174142926931
2023-02-01 17:00:00,0.9628042443096636,0.9729382473230361,0.9174541427195072,0.9496591553092001,0.8825716150552033
2023-02-01 18:00:00,0.9767489108443259,0.9862957313656806,0.9692612880468368,0.9825272227823734,0.9474793203920125
2023-02-01 19:00:00,0.9744180551171302,0.9948976641893388,0.9736744274199007,0.9840390932559967,0.9586314049363136
2023-02-01 20:00:00,0.970791454911232,0.9923884764313697,0.9877900549769402,0.9981026022136211,0.9870100854337215
2023-02-01 21:00:00,1.0,1.0,1.0,0.9865165749192237,1.0
2023-02-01 22:00:00,1.0,1.0,1.0,0.9098460617661476,1.0
2023-02-01 23:00:00,1.0,1.0,1.0,0.7944474017620086,0.9986134088039398
2023-02-02 00:00:00,1.0,1.0,0.9900397464632987,0.8204306945204735,0.9776630224287509
2023-02-02 01:00:00,0.9914900070428848,1.0,0.9805032613873481,0.901844472438097,0.9519539289176463
2023-02-02 02:00:00,0.9688035422563552,0.9785028359293937,0.9731244221329688,0.9221499322354793,0.9228705701977014
2023-02-02 03:00:00,0.8577156594395637,0.9476811827719211,0.8203230844438075,0.88192390948534,0.7692646535485981
2023-02-02 04:00:00,0.9444400249421596,0.9790024787187576,0.9473891887813806,0.9818598797917364,0.9245444475114345
2023-02-02 05:00:00,0.9845668393373489,0.9913645833730698,0.987069924622774,0.9985378156602382,0.9777594813704491
2023-02-02 06:00:00,1.0,1.0,1.0,1.0,0.9972542749345303
2023-02-02 07:00:00,1.0,1.0,1.0,1.0,0.9963331207633018
2023-02-02 08:00:00,1.0,1.0,0.9999330247938633,0.996104844212532,0.9934713879227639
2023-02-02 09:00:00,1.0,1.0,0.9990970392525196,0.9974038501083851,0.9925854198634624
2023-02-02 10:00:00,1.0,1.0,0.9946878242492675,0.9892385518550872,0.9830167581140994
2023-02-02 11:00:00,0.9951855975389481,1.0,0.9825241601467132,0.9838149052858353,0.965110545605421
2023-02-02 12:00:00,0.9978016051650047,1.0,0.9853045849502087,0.9853664000332355,0.9701674169301985
2023-02-02 13:00:00,0.9947830015420913,1.0,0.9761894533038139,0.9667692970484494,0.9483531425148248
2023-02-02 14:00:00,0.9968672505021094,1.0,0.9804542668163776,0.9681609847396613,0.9578243094682692
2023-02-02 15:00:00,0.9914960411190986,0.9947724685072898,0.9824093835055828,0.9702739088982342,0.9634123890101909
2023-02-02 16:00:00,0.9994898241758345,1.0,0.994413243383169,0.9883430615067482,0.9811243912577629
2023-02-02 17:00:00,1.0,1.0,1.0,1.0,0.9982640327513218
2023-02-02 18:00:00,1.0,1.0,1.0,1.0,1.0
2023-02-02 19:00:00,1.0,1.0,1.0,1.0,1.0
2023-02-02 20:00:00,1.0,1.0,1.0,1.0,1.0
2023-02-02 21:00:00,1.0,1.0,1.0,1.0,1.0
2023-02-02 22:00:00,1.0,1.0,1.0,1.0,1.0
2023-02-02 23:00:00,1.0,1.0,1.0,1.0,1.0
2023-02-03 00:00:00,1.0,1.0,1.0,1.0,1.0
2023-02-03 01:00:00,1.0,1.0,1.0,1.0,1.0
2023-02-03 02:00:00,1.0,1.0,1.0,1.0,1.0
2023-02-03 03:00:00,1.0,1.0,1.0,1.0,1.0
2023-02-03 04:00:00,1.0,1.0,1.0,1.0,1.0
2023-02-03 05:00:00,1.0,1.0,1.0,1.0,1.0
2023-02-03 06:00:00,1.0,1.0,1.0,1.0,1.0
2023-02-03 07:00:00,1.0,1.0,1.0,1.0,1.0
2023-02-03 08:00:00,1.0,1.0,1.0,1.0,1.0
2023-02-03 09:00:00,1.0,1.0,1.0,1.0,1.0
2023-02-03 10:00:00,1.0,1.0,0.9993853905797004,1.0,0.993315261900425
2023-02-03 11:00:00,0.9976772758364678,1.0,0.9889063660800457,0.997433648109436,0.9805698946118354
2023-02-03 12:00:00,0.9933736723661423,1.0,0.9735048724710941,0.9875219403207303,0.9614335950464009
2023-02-03 13:00:00,0.9943741434812545,1.0,0.945488047450781,0.9652599089592695,0.9452308961004018
2023-02-03 14:00:00,0.9954809176921844,1.0,0.9455752323567868,0.9571402002125978,0.9438148558139801
2023-02-03 15:00:00,1.0,1.0,0.9661881663650274,0.9647433242946863,0.9743171199411154
2023-02-03 16:00:00,1.0,1.0,0.9617489892244339,0.9495800093561411,0.9652411139011382
2023-02-03 17:00:00,1.0,1.0,0.9809632208943367,0.964956507384777,0.9818651485443115
2023-02-03 18:00:00,1.0,1.0,0.9923204296827316,0.9699568445980549,0.9874806505441664
2023-02-03 19:00:00,1.0,1.0,0.9851146447658539,0.943901830241084,0.9754948178678751
2023-02-03 20:00:00,1.0,1.0,0.9834828022867441,0.9538873815536498,0.9855906321108341
2023-02-03 21:00:00,1.0,1.0,0.9929112675786018,0.987265636920929,0.991698251068592
2023-02-03 22:00:00,1.0,1.0,1.0,1.0,1.0
2023-02-03 23:00:00,1.0,1.0,1.0,1.0,1.0
2023-02-04 00:00:00,1.0,1.0,1.0,1.0,1.0
2023-02-04 01:00:00,1.0,1.0,1.0,1.0,1.0
2023-02-04 02:00:00,1.0,1.0,1.0,1.0,1.0
2023-02-04 03:00:00,1.0,1.0,1.0,1.0,0.9971142296493053
2023-02-04 04:00:00,1.0,0.995876522064209,0.9693650317192077,0.9804262533783912,0.934872862920165
2023-02-04 05:00:00,1.0,0.9860386827588081,0.9066288504749536,0.9433416830748319,0.8525128199905156
2023-02-04 06:00:00,0.980164836347103,0.9195466834306716,0.8046258874982595,0.8805383589118718,0.7303960675001144
2023-02-04 07:00:00,0.8238737466931343,0.6524967393279074,0.6184478648006915,0.6966310139745473,0.5179774421453476
2023-02-04 08:00:00,0.4696269416809082,0.3591978073120117,0.3865619014948606,0.43290145814418785,0.3168044271320104
2023-02-04 09:00:00,0.25004080310463905,0.19659779548645018,0.23618281476199623,0.25083138838410374,0.18691983133554457
2023-02-04 10:00:00,0.07802513733506203,0.06797249287366867,0.09226946465671063,0.0823647442832589,0.06832598950713872
2023-02-04 11:00:00,0.0010892385989427565,0.002717836499214172,0.013702284693717957,0.03368090264499188,0.00626414243131876
2023-02-04 12:00:00,0.0,0.0,0.03353323042392731,0.07090686094015836,0.016227235682308674
2023-02-04 13:00:00,0.11216272756457328,0.1322460463643074,0.24284119274467228,0.23114082906395195,0.2280467376112938
2023-02-04 14:00:00,0.4086123579740524,0.5934154546260832,0.49948747679591177,0.33958343736827373,0.4989449945092201
2023-02-04 15:00:00,0.4159170435369014,0.8407598617672919,0.5371063441038131,0.5284859294444322,0.5611872313916683
2023-02-04 16:00:00,0.49522339195013043,0.927386495321989,0.6033915407955646,0.7634067665040493,0.616381184309721
2023-02-04 17:00:00,0.6714304661750794,0.9832984825968742,0.741730929762125,0.877610382810235,0.7139427047222853
2023-02-04 18:00:00,0.761276997923851,0.999250163435936,0.8467346280813217,0.948840611204505,0.7912995257973671
2023-02-04 19:00:00,0.8485835427045821,1.0,0.9246580944955349,0.9935595279932021,0.8879716224223375
2023-02-04 20:00:00,0.8214256425201891,1.0,0.8665139650553465,0.9794338788837194,0.844831508770585
2023-02-04 21:00:00,0.8242061838507652,1.0,0.9187772133946419,1.0,0.9618646447360516
2023-02-04 22:00:00,1.0,1.0,1.0,1.0,1.0
2023-02-04 23:00:00,1.0,1.0,1.0,1.0,1.0
2023-02-05 00:00:00,1.0,1.0,1.0,1.0,1.0
2023-02-05 01:00:00,1.0,1.0,1.0,1.0,1.0
2023-02-05 02:00:00,1.0,1.0,1.0,1.0,1.0
2023-02-05 03:00:00,0.9947279196977615,1.0,0.9973639598488808,1.0,0.990595877021551
2023-02-05 04:00:00,1.0,1.0,1.0,1.0,1.0
2023-02-05 05:00:00,1.0,1.0,1.0,1.0,1.0
2023-02-05 06:00:00,1.0,1.0,1.0,1.0,1.0
2023-02-05 07:00:00,1.0,1.0,1.0,1.0,1.0
2023-02-05 08:00:00,1.0,1.0,1.0,0.9969251441955567,1.0
2023-02-05 09:00:00,1.0,1.0,1.0,0.9855638906359673,0.9996491724252701
2023-02-05 10:00:00,1.0,1.0,0.997328310161829,0.9726037503778934,0.9904240198433399
2023-02-05 11:00:00,1.0,1.0,0.999547398686409,0.9921903094649315,0.9948081713914871
2023-02-05 12:00:00,1.0,1.0,1.0,1.0,1.0
2023-02-05 13:00:00,1.0,1.0,1.0,1.0,1.0
2023-02-05 14:00:00,1.0,1.0,1.0,1.0,1.0
2023-02-05 15:00:00,1.0,1.0,1.0,1.0,1.0
2023-02-05 16:00:00,1.0,1.0,1.0,1.0,1.0
2023-02-05 17:00:00,1.0,1.0,1.0,1.0,1.0
2023-02-05 18:00:00,1.0,1.0,1.0,1.0,1.0
2023-02-05 19:00:00,1.0,1.0,1.0,1.0,1.0
2023-02-05 20:00:00,0.9786587947607039,0.9606314522027969,0.9810849383473397,1.0,0.9725667255371808
2023-02-05 21:00:00,0.9845608812570572,0.9505704362690448,0.9920525136590004,0.998916176557541,0.9881855143606662
2023-02-05 22:00:00,0.9978094479441643,0.990455930531025,0.997541638314724,0.9993232639133931,0.9946505634486675
2023-02-05 23:00:00,1.0,0.992684298157692,0.9946800346672535,0.9906457379460334,0.9889035390317439
2023-02-06 00:00:00,1.0,0.99884337246418,0.9960901238024235,0.9731689500063657,0.9945756466686726
2023-02-06 01:00:00,0.9817404749989509,0.9833491414785385,0.9604443546384572,0.8619361481070518,0.9427475624531506
2023-02-06 02:00:00,0.9731832817196845,0.9336731159687042,0.8706392569094896,0.6752733892202376,0.8515780777484178
2023-02-06 03:00:00,0.8469451317191123,0.7862290446460246,0.7706816982477903,0.48507967926561824,0.7318267191201446
2023-02-06 04:00:00,0.7853460176289081,0.7256246855854988,0.6660217600315808,0.4986788606643676,0.6148964254558085
2023-02-06 05:00:00,0.7466841055452823,0.6478338254988192,0.622214633822441,0.5285690283775328,0.5469433671236037
2023-02-06 06:00:00,0.6720211139321326,0.5507441020011901,0.5637351708859204,0.5402726686000824,0.49668185710906976
2023-02-06 07:00:00,0.5507613575458526,0.5674135839939116,0.5459150081872939,0.7168032730370759,0.5246434038877487
2023-02-06 08:00:00,0.5200058078765869,0.56007586479187,0.5480136132240294,0.7910420861840246,0.49718384206295013
2023-02-06 09:00:00,0.5617410695552825,0.5918261563777922,0.5728843963146208,0.8004922085255384,0.5347852265834808
2023-02-06 10:00:00,0.7157690277695655,0.718905442804098,0.6981829146295785,0.8818190140277147,0.6634222036600111
2023-02-06 11:00:00,0.7700694820284842,0.7638364611566066,0.7268044209480286,0.8696680641174316,0.6901941756159067
2023-02-06 12:00:00,0.6506909711658954,0.5966589680314063,0.6262199530750512,0.7488431314378976,0.5832112925499677
2023-02-06 13:00:00,0.49505348563194274,0.509237093925476,0.5133501833677292,0.6935055906325578,0.488570516705513
2023-02-06 14:00:00,0.5999404644966124,0.5909389710426329,0.6285229040682314,0.7643013963103293,0.6004850717633962
2023-02-06 15:00:00,0.601803079843521,0.5959609134495258,0.578675598502159,0.7030656291544436,0.5417035678774118
2023-02-06 16:00:00,0.6157893693447112,0.6353913462162017,0.55673915207386,0.6427430959790944,0.5029260444641113
2023-02-06 17:00:00,0.5083190655708313,0.44629271149635313,0.47225724160671234,0.5675425382703543,0.43667309880256644
2023-02-06 18:00:00,0.6340413695573806,0.5907838343083858,0.506335220336914,0.565000974535942,0.4362551039457321
2023-02-06 19:00:00,0.5870326018333434,0.3766623282432556,0.459978334903717,0.40858116149902346,0.3965087903290987
2023-02-06 20:00:00,0.2747975918650627,0.1655800566077232,0.2029434753209352,0.20198799200356005,0.16604783218353986
2023-02-06 21:00:00,0.10002022124826908,0.07112578235566616,0.056261904761195185,0.059278279915451995,0.037003726735711104
2023-02-06 22:00:00,0.025067938268184667,0.022444653511047363,0.008081220146268607,0.011285165268927814,0.0034746494702994823
2023-02-06 23:00:00,0.0034355259314179415,0.003936034590005875,0.0008096897043287754,6.876168772578238e-05,0.0
2023-02-07 00:00:00,0.0,0.0,0.0,0.0,0.0
2023-02-07 01:00:00,0.0,0.0,0.0001326099596917629,0.000207088328897953,0.0
2023-02-07 02:00:00,0.0005042897909879684,0.0,0.005414628814905882,0.0034247789718210696,0.005256405510008335
2023-02-07 03:00:00,0.004595577009022235,0.0010519173741340637,0.020290301758795978,0.013430360835045577,0.022363170385360717
2023-02-07 04:00:00,0.10085517518222331,0.08557558536529541,0.10590024705976248,0.04620884478092194,0.0949670111760497
2023-02-07 05:00:00,0.42644950866699216,0.5150207436084747,0.33244687169790266,0.17974262364208698,0.288400632366538
2023-02-07 06:00:00,0.6667940063774584,0.8331880691647529,0.6124674613028763,0.43560968458652494,0.5580708688497542
2023-02-07 07:00:00,0.7176904602348804,0.9063236455619335,0.7319637662172316,0.6701508703082799,0.685791636481881
2023-02-07 08:00:00,0.8062813279032707,0.9841664016246795,0.8641807673126458,0.8919106817990541,0.8488975945115088
2023-02-07 09:00:00,0.9127751202881336,1.0,0.9546372296661139,0.9941227109730244,0.9360248027741909
2023-02-07 10:00:00,0.9640046125650406,1.0,0.9821992041170596,1.0,0.9872503769397736
2023-02-07 11:00:00,0.990156916975975,1.0,0.9950784584879875,1.0,0.9997444561123848
2023-02-07 12:00:00,0.9975007525086403,1.0,0.9987503762543202,1.0,1.0
2023-02-07 13:00:00,0.9871297714114189,1.0,0.9935648857057094,1.0,0.9903069405257701
2023-02-07 14:00:00,0.9648504446446895,1.0,0.9824252223223447,1.0,0.9980393432080745
2023-02-07 15:00:00,0.9970924112200736,1.0,0.9985462056100368,1.0,1.0
2023-02-07 16:00:00,1.0,1.0,1.0,1.0,1.0
2023-02-07 17:00:00,1.0,1.0,1.0,1.0,1.0
2023-02-07 18:00:00,1.0,1.0,1.0,1.0,1.0
2023-02-07 19:00:00,1.0,1.0,1.0,1.0,1.0
2023-02-07 20:00:00,1.0,1.0,1.0,1.0,1.0
2023-02-07 21:00:00,1.0,1.0,1.0,1.0,1.0
2023-02-07 22:00:00,1.0,1.0,1.0,1.0,1.0
2023-02-07 23:00:00,1.0,1.0,1.0,1.0,1.0
2023-02-08 00:00:00,1.0,1.0,1.0,1.0,1.0
2023-02-08 01:00:00,1.0,1.0,1.0,1.0,1.0
2023-02-08 02:00:00,1.0,1.0,1.0,1.0,1.0
2023-02-08 03:00:00,1.0,1.0,1.0,0.9793528658151626,1.0
2023-02-08 04:00:00,1.0,1.0,1.0,0.9648692452162504,1.0
2023-02-08 05:00:00,1.0,0.9982209658622742,1.0,0.9891576465964316,1.0
2023-02-08 06:00:00,1.0,0.9959076195955276,1.0,0.9953450977802276,1.0
2023-02-08 07:00:00,1.0,0.9870042869448661,1.0,0.9876044343411923,0.9992546775937081
2023-02-08 08:00:00,0.9883503419160843,0.9331749071180819,0.985296415388584,0.9176542638987302,0.9713486967980861
2023-02-08 09:00:00,0.8938768991827963,0.751762925684452,0.8813298992812633,0.8105442343652248,0.8242923900485039
2023-02-08 10:00:00,0.7589105828106403,0.6404351150989531,0.7661946906149386,0.8013453694432974,0.7125385424494742
2023-02-08 11:00:00,0.7545207543671131,0.7366489073634147,0.7587187627702952,0.8488561930507421,0.7191609220951793
2023-02-08 12:00:00,0.8112947872281073,0.8970280680060387,0.8087228681892156,0.8833382663130759,0.777553203701973
2023-02-08 13:00:00,0.9253687492012976,0.979782196879387,0.9102827136963606,0.9146586233377456,0.8764018452912569
2023-02-08 14:00:00,0.9748758241534232,0.9794913452863693,0.9528665763884783,0.8967696334421634,0.9040794774889944
2023-02-08 15:00:00,0.9466997289657593,0.9229599598050117,0.8995840007811785,0.77043684579432,0.8427718592435121
2023-02-08 16:00:00,0.8414677573740481,0.8039889088273047,0.7497888682782649,0.5722002938389777,0.6699472455680369
2023-02-08 17:00:00,0.6144465661048888,0.5923666371405124,0.5047932517528533,0.3435771845281124,0.43418575286865235
2023-02-08 18:00:00,0.4492747008800506,0.45472277402877803,0.38559436798095703,0.311124166175723,0.33707050323486326
2023-02-08 19:00:00,0.46144041180610657,0.4801547086238861,0.4543220454454422,0.4010569316148758,0.4335281389951706
2023-02-08 20:00:00,0.6861142790317534,0.6944211906194686,0.46894264541566366,0.1693628654628992,0.3778344917297363
2023-02-08 21:00:00,0.6105486905574797,0.6156960284709929,0.39166816212236877,0.09287002798169851,0.2990846689790487
2023-02-08 22:00:00,0.4109128952026367,0.46361843109130857,0.24523221857845778,0.08318729668855668,0.18228182636201382
2023-02-08 23:00:00,0.2619178807735443,0.3106792612373829,0.21123774252831934,0.14329872753471135,0.18310037106275556
2023-02-09 00:00:00,0.3344134140014648,0.41391105651855464,0.30532806947827335,0.18274238992482422,0.2803486746549606
2023-02-09 01:00:00,0.4732868111133575,0.4770105230808258,0.3471902916580438,0.11567685347050427,0.2837545099109411
2023-02-09 02:00:00,0.24587867945432657,0.277590315490961,0.1453509957715869,0.09585634145885705,0.11350345015525817
2023-02-09 03:00:00,0.38596187591552733,0.4307657623291016,0.2742921185493469,0.15926012009382245,0.23439622990787026
2023-02-09 04:00:00,0.7476455552875996,0.8317770840227603,0.511954687833786,0.2693942435085773,0.42067196309566496
2023-02-09 05:00:00,0.6451741328835486,0.725302488207817,0.48075928509235377,0.44334910333156585,0.41086970977485177
2023-02-09 06:00:00,0.6067839181423187,0.7070984250307082,0.5250998145341872,0.6568196269124745,0.4736101800203323
2023-02-09 07:00:00,0.4645162534713745,0.622738525867462,0.4455717432498932,0.6374888694286345,0.4207662377506494
2023-02-09 08:00:00,0.416885986328125,0.4610589456558227,0.44459434330463404,0.5462712055444716,0.41944876849651336
2023-02-09 09:00:00,0.5833065783977508,0.5826053766906261,0.5177288711071014,0.43894803404808047,0.458283929824829
2023-02-09 10:00:00,0.4013518571853637,0.4433805799484252,0.4246638214588165,0.5143351262807846,0.4112183425575494
2023-02-09 11:00:00,0.4655577909946441,0.5407493710517882,0.6133045049011707,0.7157219926267863,0.6227922175824642
2023-02-09 12:00:00,0.6558964444696902,0.7447606740891932,0.7043061541765927,0.6699626805633305,0.670487374663353
2023-02-09 13:00:00,0.6259625016152859,0.8025759524106979,0.6890247432887554,0.7284951778501272,0.6695663912594317
2023-02-09 14:00:00,0.5970608918368816,0.7828508941829204,0.7165754786133766,0.7149864795058964,0.7106145004183053
2023-02-09 15:00:00,0.6231672650575637,0.8655396836996078,0.7238425447046756,0.7138560889661312,0.7143482895940542
2023-02-09 16:00:00,0.7246469220519065,0.8948421597480773,0.8370043729990719,0.8622639469802379,0.8227969585359096
2023-02-09 17:00:00,0.8899307079613208,0.9883766213059425,0.9512750213593244,0.9614549078792332,0.9590059624612332
2023-02-09 18:00:00,0.9541949886083603,1.0,0.9867970199137927,0.9775225543230772,0.9907819150388241
2023-02-09 19:00:00,0.976809783577919,0.9744153824448585,0.9948418451845646,0.9946269591152668,0.996711572855711
2023-02-09 20:00:00,0.9894812980294228,0.9985914915800095,0.9974462786316871,0.9960755401849747,0.9999528293311596
2023-02-09 21:00:00,1.0,0.9992486891150474,1.0,1.0,1.0
2023-02-09 22:00:00,0.9952822491526605,1.0,0.9991620613634586,1.0,0.9981096622347831
2023-02-09 23:00:00,0.9788706561923026,1.0,0.9965720975399017,1.0,1.0
2023-02-10 00:00:00,0.9319145829975604,0.9946982204914092,0.9776108104735612,1.0,0.9887639117240906
2023-02-10 01:00:00,0.779537878036499,0.9391840350627898,0.9238180089741945,0.9796595243364572,0.9547764310240745
2023-02-10 02:00:00,0.7135172745585441,0.7797864726185798,0.8947581306099891,0.9482570701837538,0.9479834982007741
2023-02-10 03:00:00,0.6133294102549552,0.9229527188837527,0.7822549515217543,0.7677104110270737,0.7898290368914603
2023-02-10 04:00:00,0.760984994471073,0.9823351430892944,0.7893245578557252,0.8768502493947744,0.7873881170898674
2023-02-10 05:00:00,0.7207743747532367,0.9844794592261314,0.8635952987521887,1.0,0.9180161108076572
2023-02-10 06:00:00,1.0,0.9930938857793807,1.0,1.0,1.0
2023-02-10 07:00:00,1.0,1.0,1.0,1.0,1.0
2023-02-10 08:00:00,1.0,1.0,1.0,1.0,1.0
2023-02-10 09:00:00,1.0,1.0,1.0,1.0,1.0
2023-02-10 10:00:00,1.0,1.0,1.0,1.0,1.0
2023-02-10 11:00:00,1.0,1.0,1.0,1.0,1.0
2023-02-10 12:00:00,1.0,1.0,1.0,1.0,1.0
2023-02-10 13:00:00,1.0,1.0,1.0,1.0,1.0
2023-02-10 14:00:00,1.0,1.0,1.0,1.0,1.0
2023-02-10 15:00:00,1.0,1.0,1.0,1.0,1.0
2023-02-10 16:00:00,1.0,1.0,1.0,1.0,1.0
2023-02-10 17:00:00,1.0,1.0,1.0,1.0,1.0
2023-02-10 18:00:00,1.0,1.0,1.0,1.0,1.0
2023-02-10 19:00:00,1.0,1.0,1.0,0.9981243978440762,1.0
2023-02-10 20:00:00,1.0,1.0,1.0,0.9960433407127857,1.0
2023-02-10 21:00:00,1.0,1.0,1.0,0.9938245485723018,1.0
2023-02-10 22:00:00,1.0,1.0,1.0,0.9937840731441975,1.0
2023-02-10 23:00:00,1.0,1.0,1.0,0.9863534867018461,1.0
2023-02-11 00:00:00,1.0,1.0,1.0,0.9561184934526682,1.0
2023-02-11 01:00:00,1.0,1.0,1.0,0.9509847284853457,1.0
2023-02-11 02:00:00,1.0,1.0,1.0,0.9671421536803245,1.0
2023-02-11 03:00:00,1.0,1.0,1.0,1.0,0.997726878374815
2023-02-11 04:00:00,1.0,1.0,1.0,1.0,1.0
2023-02-11 05:00:00,1.0,1.0,1.0,1.0,1.0
2023-02-11 06:00:00,1.0,1.0,1.0,1.0,1.0
2023-02-11 07:00:00,1.0,1.0,1.0,1.0,1.0
2023-02-11 08:00:00,1.0,1.0,1.0,1.0,1.0
2023-02-11 09:00:00,1.0,1.0,1.0,1.0,1.0
2023-02-11 10:00:00,1.0,1.0,1.0,1.0,1.0
2023-02-11 11:00:00,1.0,0.9818473124504088,0.9917737302184104,0.9998925037682056,0.9780819477140903
2023-02-11 12:00:00,0.968677155971527,0.8649064686894417,0.9389734821766614,0.9648793432116507,0.8762602174282073
2023-02-11 13:00:00,0.8400135610997677,0.6767297509312629,0.7841064231097699,0.7864152123779058,0.6784499640017747
2023-02-11 14:00:00,0.6324448688328265,0.4832616460323333,0.4903085243701934,0.5362655824422835,0.38981149688363065
2023-02-11 15:00:00,0.44481834292411804,0.36941490337252614,0.3528268623352051,0.3625892639160156,0.3027672885358333
2023-02-11 16:00:00,0.2878458988666534,0.24540903061628339,0.20983866311609742,0.24769281238317487,0.16320746809244152
2023-02-11 17:00:00,0.20500517323613165,0.15240680769085882,0.18528278931975364,0.23742778964340683,0.1481475744396448
2023-02-11 18:00:00,0.2315016759932041,0.2241412083804607,0.2693310410529375,0.281443642899394,0.23148100301623342
2023-02-11 19:00:00,0.29125170275568957,0.3301843911409378,0.36499074794352054,0.34810558609664444,0.3819634592533111
2023-02-11 20:00:00,0.5150089418888092,0.6361204890906811,0.493837804198265,0.3868877273052931,0.45933798015117633
2023-02-11 21:00:00,0.5204799330234527,0.6616961693763732,0.48861380159854884,0.4695643073320388,0.47277914106845853
2023-02-11 22:00:00,0.5833046889305114,0.7518167434632778,0.5509439265727996,0.5499805790930986,0.5229843296855687
2023-02-11 23:00:00,0.6107411785423755,0.8113534939289093,0.5794640338420867,0.5860854452848433,0.554281208589673
2023-02-12 00:00:00,0.6905360078811644,0.8779265607893466,0.6647855500131844,0.7367920555919409,0.6362447051703929
2023-02-12 01:00:00,0.8492186406254768,0.969177553653717,0.8457604894042013,0.8987917448580265,0.8008838713169097
2023-02-12 02:00:00,0.9513405781984328,0.9960581067204475,0.9532040302455425,0.9748741466552019,0.9177507329732179
2023-02-12 03:00:00,0.9807567879557608,1.0,0.982432731539011,0.9941592726111412,0.9473850782960653
2023-02-12 04:00:00,1.0,1.0,1.0,1.0,1.0
2023-02-12 05:00:00,1.0,1.0,1.0,1.0,1.0
2023-02-12 06:00:00,1.0,1.0,1.0,1.0,1.0
2023-02-12 07:00:00,1.0,1.0,1.0,1.0,1.0
2023-02-12 08:00:00,1.0,1.0,1.0,1.0,1.0
2023-02-12 09:00:00,1.0,1.0,1.0,0.9857872806489467,1.0
2023-02-12 10:00:00,1.0,1.0,0.9991640068590641,0.9288128232210874,0.9960330964624882
2023-02-12 11:00:00,1.0,1.0,0.9885352247953414,0.8291739652305841,0.9705769922584295
2023-02-12 12:00:00,1.0,1.0,0.9754041962325573,0.7348762284964322,0.9361912817507982
2023-02-12 13:00:00,1.0,1.0,0.9611475636810064,0.7057120081037282,0.9111874934285877
2023-02-12 14:00:00,1.0,0.9969423496723175,0.947450821995735,0.6547947850823401,0.8943769476562738
2023-02-12 15:00:00,0.9121011070907115,0.8953309243917464,0.6534918099641799,0.3081251695007085,0.5408413416147232
2023-02-12 16:00:00,0.7468616953492164,0.7608779235184192,0.47289429821074,0.23094665281474588,0.37343329511582846
2023-02-12 17:00:00,0.5258853197097777,0.5218432021141052,0.32993352107703683,0.19170047774910925,0.2580365048348903
2023-02-12 18:00:00,0.3603375455737114,0.3721108627319336,0.25629743352532386,0.20575624510645862,0.2083082108199596
2023-02-12 19:00:00,0.22262134000658984,0.2581577250361442,0.19263504706323145,0.21791706889867782,0.17254435833543535
2023-02-12 20:00:00,0.03098301857709885,0.0828658639639616,0.017222380936145785,0.07449102360755205,0.021845868229866026
2023-02-12 21:00:00,0.0003382961079478264,0.006198756955564022,0.0005559095740318298,0.03146151289343834,0.001359876599162817
2023-02-12 22:00:00,0.013585084527730943,0.0044792649894952775,0.024284648448228842,0.06152060355991125,0.02232500217854977
2023-02-12 23:00:00,0.062216225787997244,0.05537823744118214,0.08106547847390175,0.11496407978236672,0.07821909077465534
2023-02-13 00:00:00,0.08357661172747612,0.07174260810017585,0.09259266134351492,0.1022794970870018,0.08942848663777113
2023-02-13 01:00:00,0.07151279799640178,0.06500975124537944,0.0820950772613287,0.09919925771653652,0.0789335411414504
2023-02-13 02:00:00,0.06939064420759677,0.04291998833417893,0.07937912285327911,0.11713833063840864,0.0776531207561493
2023-02-13 03:00:00,0.05392916858196259,0.01422770693898201,0.06647003009915352,0.09698759522289035,0.06640582524240016
2023-02-13 04:00:00,0.1127930726110935,0.025083745718002322,0.10010545890778302,0.15598871059715747,0.10196228127926588
2023-02-13 05:00:00,0.23097440406680103,0.10455524638295173,0.20143363490700716,0.31291254572570315,0.19687308877706525
2023-02-13 06:00:00,0.30460305392742154,0.2595141546428203,0.32892996460199353,0.4979816728830337,0.31354014806449415
2023-02-13 07:00:00,0.4263520050048828,0.4580822372436523,0.44277549266815186,0.5744642315804958,0.41882227718830106
2023-02-13 08:00:00,0.4808741736412048,0.5334220385551451,0.4548835319280624,0.5235482400655745,0.4299673089385032
2023-02-13 09:00:00,0.4221366965770721,0.5804035222530364,0.45977865338325496,0.552895136475563,0.4521478231251239
2023-02-13 10:00:00,0.4743204224109649,0.674809439331293,0.5151525568962096,0.5475754296779631,0.5028637824207544
2023-02-13 11:00:00,0.4676704967021941,0.6479868663847446,0.5007098376750945,0.5294236248731612,0.4863690769672393
2023-02-13 12:00:00,0.5008009231090544,0.7047096072137354,0.5294197602570057,0.5288110430538654,0.5133384960889815
2023-02-13 13:00:00,0.5432274878025054,0.7101485720276832,0.49986018419265743,0.45880410730838767,0.46185155451297755
2023-02-13 14:00:00,0.6291318958997726,0.7774307256937026,0.5129076969623565,0.43708052814006804,0.45409782946109767
2023-02-13 15:00:00,0.6505491597950457,0.7829934625327586,0.5321217519044875,0.48630698204040523,0.47620793998241423
2023-02-13 16:00:00,0.7017392395436763,0.8756560972332954,0.6149565989524125,0.6349008346349,0.5679471271485089
2023-02-13 17:00:00,0.8052443341910839,0.9442117062211035,0.7610774355381726,0.784296748265624,0.7105301043391227
2023-02-13 18:00:00,0.8831271000206471,0.9693084679543971,0.8297181274741887,0.8345623925328254,0.7682110840827227
2023-02-13 19:00:00,0.8613979706168173,0.9598034408688545,0.8231714628636836,0.8981442364305257,0.7711278835684061
2023-02-13 20:00:00,0.7069466626644134,0.8229015490412712,0.6686048692464828,0.8120702547580003,0.6306037260591983
2023-02-13 21:00:00,0.7985080553591251,0.7824510289728641,0.8116659162193536,0.8606213000416754,0.774323879405856
2023-02-13 22:00:00,0.8987983298301696,0.8783176690340041,0.9486572546511887,0.903528613820672,0.9428782925754785
2023-02-13 23:00:00,1.0,0.9970016720891,1.0,0.9409591103345156,0.9937510529160499
2023-02-14 00:00:00,1.0,0.9908906120061874,1.0,0.9846110798418521,0.9927028867602349
2023-02-14 01:00:00,1.0,0.9818786203861236,0.9955998969078064,0.9446123307943344,0.9746935150772333
2023-02-14 02:00:00,0.9963981124758721,0.9365621028840541,0.976849893927574,0.8472910952568053,0.9332340040802956
2023-02-14 03:00:00,0.9646323017776011,0.8756804075837135,0.8126203477382659,0.5000689190626144,0.7348967389017342
2023-02-14 04:00:00,0.9874029919505118,0.9540582221746444,0.8541171561926604,0.4341913306713104,0.7836461485177277
2023-02-14 05:00:00,1.0,0.9942554530501366,0.9108175893872976,0.4396914649754763,0.8722477993369102
2023-02-14 06:00:00,1.0,0.9910251551866531,0.8851917800307273,0.4502972719073295,0.8302042539417742
2023-02-14 07:00:00,1.0,0.9778347349166869,0.8560285690426825,0.5583869224786757,0.7642310340702533
2023-02-14 08:00:00,1.0,0.9671660780906677,0.8580767419189215,0.6737673586606978,0.7600905920565127
2023-02-14 09:00:00,0.9767435151338577,0.9262643155455589,0.8003622727841139,0.6341739898920058,0.684808270484209
2023-02-14 10:00:00,0.8804772014915943,0.8807804089784621,0.7159446919709442,0.6064166581630706,0.608700489476323
2023-02-14 11:00:00,0.8351723027229307,0.9085207875072956,0.6965718755871056,0.5644189423322676,0.605165392383933
2023-02-14 12:00:00,0.8628515152633189,0.9365823277831077,0.7051637841761111,0.5133451277017592,0.6102257253974676
2023-02-14 13:00:00,0.8647124345600604,0.9284156890213489,0.6625435306131839,0.39817568048834795,0.5531751692295074
2023-02-14 14:00:00,0.7864015521109103,0.8359149166941642,0.5490038184821605,0.2743584062159061,0.43031216263771055
2023-02-14 15:00:00,0.5991480088233947,0.6344500227272509,0.3729594276100397,0.1535814507678151,0.2742715997248888
2023-02-14 16:00:00,0.473713697195053,0.5613856768608092,0.24852825626730912,0.14370732843875883,0.16757947340607643
2023-02-14 17:00:00,0.43877101659774775,0.49580182194709776,0.3146878835558891,0.2879925863444805,0.2622077479958534
2023-02-14 18:00:00,0.699658236503601,0.7799129931628703,0.4749278360605239,0.3840684098005295,0.3847570598870516
2023-02-14 19:00:00,0.49720301628112784,0.6697434088587759,0.3575959230214357,0.5001113320887088,0.31520760178565976
2023-02-14 20:00:00,0.17877233803272244,0.30803859099745745,0.17143970973789688,0.4585713841766118,0.1722456285357475
2023-02-14 21:00:00,0.21652783200144765,0.3357670256495475,0.2297481819242239,0.49800881974399086,0.23063526198267933
2023-02-14 22:00:00,0.28809692904353135,0.3380836796760559,0.3102700721472501,0.5909284339100122,0.30155229955911633
2023-02-14 23:00:00,0.31463205873966216,0.3595655865967273,0.365911457836628,0.6452992729842661,0.3607610537856817
2023-02-15 00:00:00,0.3561320877075195,0.45151166200637816,0.42408313453197477,0.7134495052695274,0.42479521691799166
2023-02-15 01:00:00,0.37790996551513667,0.498284363746643,0.4192032063007355,0.7006381387263536,0.41115525901317596
2023-02-15 02:00:00,0.3542863845825195,0.4583464539051056,0.48968198239803307,0.8179523152858017,0.5020034784078597
2023-02-15 03:00:00,0.6087495891749859,0.7456931313872337,0.6475065822154282,0.8338423660397529,0.6076951837539672
2023-02-15 04:00:00,0.8195023895800113,0.9961503961682319,0.878177298232913,0.982112745642662,0.8566786181926727
2023-02-15 05:00:00,0.9126847133040428,1.0,0.960432745963335,1.0,0.9669612724334
2023-02-15 06:00:00,0.9494746565818786,1.0,0.9771280308067798,1.0,0.9909094969928264
2023-02-15 07:00:00,0.9910828816890715,1.0,0.9955414408445358,1.0,1.0
2023-02-15 08:00:00,0.9913322243094445,1.0,0.9956661121547222,1.0,1.0
2023-02-15 09:00:00,0.9902592986822127,1.0,0.9951296493411064,1.0,1.0
2023-02-15 10:00:00,0.9797246235609054,1.0,0.9898623117804527,1.0,0.9986139559745788
2023-02-15 11:00:00,0.9870560097694396,1.0,0.9935280048847198,1.0,1.0
2023-02-15 12:00:00,0.9959681123495101,1.0,0.997984056174755,1.0,1.0
2023-02-15 13:00:00,1.0,1.0,1.0,1.0,1.0
2023-02-15 14:00:00,1.0,1.0,1.0,1.0,1.0
2023-02-15 15:00:00,1.0,1.0,1.0,1.0,1.0
2023-02-15 16:00:00,1.0,1.0,1.0,1.0,1.0
2023-02-15 17:00:00,1.0,1.0,1.0,1.0,1.0
2023-02-15 18:00:00,1.0,1.0,1.0,1.0,1.0
2023-02-15 19:00:00,1.0,1.0,1.0,1.0,1.0
2023-02-15 20:00:00,1.0,1.0,1.0,1.0,1.0
2023-02-15 21:00:00,1.0,1.0,1.0,1.0,1.0
2023-02-15 22:00:00,1.0,1.0,1.0,1.0,1.0
2023-02-15 23:00:00,1.0,1.0,1.0,1.0,1.0
2023-02-16 00:00:00,1.0,1.0,1.0,1.0,1.0
2023-02-16 01:00:00,1.0,1.0,1.0,1.0,1.0
2023-02-16 02:00:00,1.0,1.0,1.0,1.0,1.0
2023-02-16 03:00:00,1.0,1.0,1.0,1.0,1.0
2023-02-16 04:00:00,1.0,1.0,1.0,1.0,1.0
2023-02-16 05:00:00,1.0,1.0,1.0,1.0,1.0
2023-02-16 06:00:00,1.0,1.0,1.0,1.0,1.0
2023-02-16 07:00:00,1.0,1.0,1.0,1.0,1.0
2023-02-16 08:00:00,1.0,1.0,1.0,0.9972326996922493,1.0
2023-02-16 09:00:00,1.0,1.0,1.0,0.9739801193773746,1.0
2023-02-16 10:00:00,1.0,1.0,1.0,0.9000342322140931,0.998412095606327
2023-02-16 11:00:00,1.0,1.0,0.9939378280937672,0.7996040932834148,0.9854989228397607
2023-02-16 12:00:00,1.0,0.9963487759232521,0.9617788142710924,0.7574370162189006,0.9253042504191397
2023-02-16 13:00:00,0.9784081602096557,0.9891849291324615,0.8800032727420329,0.7177284559607505,0.8234824400395154
2023-02-16 14:00:00,0.8234199239313602,0.878098288923502,0.704148601591587,0.6609701099246739,0.6415193004906177
2023-02-16 15:00:00,0.29325875759124753,0.3654883193969726,0.27555398866534225,0.33765450038015843,0.25379177026450633
2023-02-16 16:00:00,0.1266426312178373,0.2574770225584507,0.14971532318741082,0.3531961414217949,0.1641573917493224
2023-02-16 17:00:00,0.06614842765033245,0.10894325867295264,0.04765482589602471,0.13737330313771962,0.04812922105193139
2023-02-16 18:00:00,0.038518133461475375,0.06798419043421745,0.031814690306782724,0.21412132523953914,0.031195425726473335
2023-02-16 19:00:00,0.11479956604540346,0.19311483815312383,0.08902661673724652,0.1790895054489374,0.0866107266396284
2023-02-16 20:00:00,0.03327197015285492,0.06741414666175843,0.02262076742947102,0.11918003078550099,0.02143618544563651
2023-02-16 21:00:00,0.004488554596900939,0.010502131693065167,0.00614258648827672,0.1450100303068757,0.0073388624377548695
2023-02-16 22:00:00,0.0039061462506651875,0.007330038398504256,0.007489348482340574,0.09598118357360362,0.010537971053272487
2023-02-16 23:00:00,0.0038164323940873147,0.008282915465533733,0.010040618199855088,0.11161671560257672,0.013420441653579473
2023-02-17 00:00:00,0.006584889627993106,0.04837624922394753,0.018941938150674104,0.11906420603394507,0.028968009501695636
2023-02-17 01:00:00,0.03991757676005364,0.14595044285058972,0.05022290617227554,0.20135582018643616,0.06711648304015398
2023-02-17 02:00:00,0.15023364856839178,0.23831773117184635,0.1657930818200111,0.3806177882850169,0.1918963310867548
2023-02-17 03:00:00,0.30334226757287974,0.2858302709460258,0.35974586486816407,0.5883147288113831,0.382891317307949
2023-02-17 04:00:00,0.4629724562168121,0.3800288155674934,0.5630531167984008,0.7249310597777365,0.5825966751575469
2023-02-17 05:00:00,0.5616647884249686,0.3831822298467159,0.6825128829479216,0.8030507907271385,0.6930075003206729
2023-02-17 06:00:00,0.612696257084608,0.44656279563903806,0.6696099510788917,0.8239842776954173,0.6751654786616563
2023-02-17 07:00:00,0.5788609778881073,0.45042561888694754,0.561395503282547,0.7492517362535,0.5489479607343672
2023-02-17 08:00:00,0.5399075305461882,0.5668557739257811,0.6183892580121755,0.8942580728977918,0.5924283637106418
2023-02-17 09:00:00,0.8735798199474811,0.8513570529222487,0.9642456643283367,0.9887594811618328,0.9227361875027418
2023-02-17 10:00:00,0.9279554300010204,0.8423919062316416,0.8898829643428326,0.9050534474849701,0.881594335362315
2023-02-17 11:00:00,0.9341428565979003,0.9914855992794036,0.9598757786303758,0.9888727682828903,0.9385182353854178
2023-02-17 12:00:00,0.9859433686733245,1.0,0.9771019265055655,0.9905659802258014,0.9519656115025281
2023-02-17 13:00:00,1.0,0.9969948172569274,0.9880325497686863,0.977643374800682,0.9654675140231848
2023-02-17 14:00:00,0.9821310788393021,0.9959503445029259,0.9821786066889764,0.994177093654871,0.9338490221649408
2023-02-17 15:00:00,1.0,1.0,1.0,1.0,1.0
2023-02-17 16:00:00,1.0,1.0,1.0,1.0,1.0
2023-02-17 17:00:00,1.0,1.0,1.0,1.0,1.0
2023-02-17 18:00:00,1.0,1.0,1.0,1.0,0.9989011065661907
2023-02-17 19:00:00,1.0,1.0,0.9960189232230187,0.9929541292786599,0.9892062383890152
2023-02-17 20:00:00,1.0,0.9858171850442886,0.9738514368981123,0.9776243608444929,0.9576140695065258
2023-02-17 21:00:00,0.9893946018815041,0.9101332996785639,0.9557948130369185,0.9760955099016428,0.9126437649875878
2023-02-17 22:00:00,0.9888108620047569,0.9398114377260207,0.9526195313036441,0.9747656077891588,0.9208995855599642
2023-02-17 23:00:00,0.9785186278820037,0.9317904622852802,0.9242509918659925,0.9624469551444054,0.8883533341437577
2023-02-18 00:00:00,0.9760104584693907,0.8754716311395168,0.9005042929202317,0.9299153386801481,0.8405222907662391
2023-02-18 01:00:00,0.9210449746251106,0.7532822670042514,0.8087050574272869,0.843434996381402,0.733721422702074
2023-02-18 02:00:00,0.8193185126781464,0.705003731548786,0.7355095575004815,0.8245991800725458,0.67772695556283
2023-02-18 03:00:00,0.7374909295141696,0.5935489742457867,0.6563895305991172,0.719795143082738,0.595707527026534
2023-02-18 04:00:00,0.7957358430325985,0.5823164968192577,0.7192988120764493,0.6974219819903373,0.6169693956524134
2023-02-18 05:00:00,0.8083322308957576,0.5360335206985473,0.7078594266623258,0.5549727793037891,0.5956481243669987
2023-02-18 06:00:00,0.6950397713482379,0.4623929846286773,0.5571550045162439,0.41328913055360317,0.46567538820207116
2023-02-18 07:00:00,0.7516646815836429,0.5186684787273406,0.5319832085072994,0.40834134556353097,0.4613577400147914
2023-02-18 08:00:00,0.6640914721786975,0.5962694598734378,0.4967437050491571,0.3844625091552734,0.46137282662093637
2023-02-18 09:00:00,0.6633512189984321,0.6523574432730674,0.5301788330078124,0.5558490610122679,0.4762801218032837
2023-02-18 10:00:00,0.7664268074929714,0.8694046099483966,0.7097259620577095,0.8102799407392739,0.6598914152383804
2023-02-18 11:00:00,0.9244263203442096,0.9838780122995376,0.8796058287471532,0.9226027654856443,0.8175715575367212
2023-02-18 12:00:00,0.9677309323847293,1.0,0.9559174419939517,0.964161622300744,0.9149291564524173
2023-02-18 13:00:00,0.9972105240821838,1.0,0.9949460431933403,0.9944498962163926,0.9798944868892431
2023-02-18 14:00:00,1.0,1.0,1.0,0.999324935823679,0.9952885340154172
2023-02-18 15:00:00,1.0,1.0,1.0,1.0,1.0
2023-02-18 16:00:00,1.0,1.0,1.0,1.0,1.0
2023-02-18 17:00:00,1.0,1.0,1.0,1.0,1.0
2023-02-18 18:00:00,1.0,1.0,1.0,1.0,1.0
2023-02-18 19:00:00,1.0,1.0,1.0,1.0,1.0
2023-02-18 20:00:00,1.0,1.0,1.0,1.0,1.0
2023-02-18 21:00:00,1.0,1.0,1.0,1.0,1.0
2023-02-18 22:00:00,1.0,1.0,1.0,0.9985309228301048,1.0
2023-02-18 23:00:00,1.0,1.0,1.0,0.9892368191480636,1.0
2023-02-19 00:00:00,1.0,1.0,1.0,0.8991700205206872,1.0
2023-02-19 01:00:00,1.0,1.0,1.0,0.7819639815390109,1.0
2023-02-19 02:00:00,1.0,0.9973400059342384,1.0,0.6629322879016399,0.999708988815546
2023-02-19 03:00:00,0.9832430207729339,0.9626752457022666,0.8031246004998682,0.42001368880271905,0.7165428614616394
2023-02-19 04:00:00,0.6947316846251487,0.5965651726722716,0.5405005048215389,0.4432104348391294,0.4582503459602594
2023-02-19 05:00:00,0.5223841226100921,0.4142628479003906,0.4444894713163376,0.5554836874455212,0.3873689446598291
2023-02-19 06:00:00,0.4510988926887512,0.27549517601728435,0.5138840210437774,0.744704010337591,0.4781629375368357
2023-02-19 07:00:00,0.47435871601104734,0.3211676394939422,0.5865373722463846,0.7743912930041552,0.5723342733085155
2023-02-19 08:00:00,0.5674681222438811,0.43682086706161494,0.6709614431858062,0.7652942845970392,0.6606513841450213
2023-02-19 09:00:00,0.5497982656955718,0.5973563244938849,0.5852838104963302,0.6691936372220515,0.5715841329097747
2023-02-19 10:00:00,0.6127667880058287,0.7027842289209365,0.6902842113375662,0.8782732231914997,0.6908247495442629
2023-02-19 11:00:00,0.8153572759032248,0.8803360036015511,0.8534873523563146,0.9626909159123896,0.8404901649802922
2023-02-19 12:00:00,0.8649432824552059,0.919277879744768,0.8945207174122333,0.9803011730313301,0.8764498043060303
2023-02-19 13:00:00,0.9108000907301903,0.9796501159667969,0.9294331252574919,0.9861391265690327,0.9144221725314855
2023-02-19 14:00:00,0.9123365364968776,0.9914853408932686,0.9310606274753809,0.984891623109579,0.9130543937534092
2023-02-19 15:00:00,0.856646873652935,0.9811393928527832,0.9017991252243519,0.9880392754077911,0.8906918480992316
2023-02-19 16:00:00,0.9064966323971748,0.9883248832821846,0.95743670001626,0.9983373764157295,0.9541493128240108
2023-02-19 17:00:00,0.9836048525571823,1.0,0.9938587847352027,1.0,0.9890122056007385
2023-02-19 18:00:00,0.9909509071707725,1.0,0.9954754535853862,1.0,0.9917292042076588
2023-02-19 19:00:00,0.9988165763020516,1.0,0.9994082881510258,1.0,1.0
2023-02-19 20:00:00,0.9859213754534721,1.0,0.9936829529702663,1.0,0.9976007251441479
2023-02-19 21:00:00,1.0,1.0,1.0,1.0,1.0
2023-02-19 22:00:00,1.0,1.0,1.0,1.0,1.0
2023-02-19 23:00:00,1.0,1.0,1.0,1.0,1.0
2023-02-20 00:00:00,1.0,1.0,1.0,1.0,1.0
2023-02-20 01:00:00,1.0,1.0,1.0,1.0,1.0
2023-02-20 02:00:00,1.0,1.0,1.0,1.0,1.0
2023-02-20 03:00:00,1.0,1.0,1.0,0.997900004684925,1.0
2023-02-20 04:00:00,1.0,1.0,1.0,0.9997442129254341,1.0
2023-02-20 05:00:00,1.0,1.0,1.0,1.0,1.0
2023-02-20 06:00:00,1.0,1.0,1.0,1.0,1.0
2023-02-20 07:00:00,1.0,1.0,1.0,1.0,1.0
2023-02-20 08:00:00,1.0,1.0,1.0,0.9898429702222347,1.0
2023-02-20 09:00:00,1.0,1.0,0.9982411503791809,0.933857972472906,0.9905910512804985
2023-02-20 10:00:00,1.0,0.9997721642255784,0.9751395466178655,0.8488537383824587,0.9464708541333675
2023-02-20 11:00:00,0.9805426728725433,0.9778181886672973,0.9144094064086674,0.7445354434847831,0.8587878036499023
2023-02-20 12:00:00,0.9326311488449572,0.9227382737398147,0.8280870903283357,0.6521959541738033,0.7516313957422971
2023-02-20 13:00:00,0.8795159444212912,0.8708660051226615,0.780135932341218,0.6561425144225358,0.702915666475892
2023-02-20 14:00:00,0.8909204675257205,0.8406138795614242,0.8043299897760152,0.7264894051849842,0.7257598506659269
2023-02-20 15:00:00,0.8482036329805851,0.6981594017148016,0.7316507741063832,0.6733466999977826,0.6505339512974023
2023-02-20 16:00:00,0.7580659008026123,0.6055261655151843,0.6438133972138166,0.6335921658575534,0.5798092459142208
2023-02-20 17:00:00,0.7071772454679011,0.762246132493019,0.6397061339020729,0.5653739875555037,0.6062825477123259
2023-02-20 18:00:00,0.6792576102912424,0.7641664607822894,0.5840142907947301,0.4511934834718704,0.5216369247436523
2023-02-20 19:00:00,0.7024449160695075,0.5996107673645019,0.5135325811803341,0.3185606494545936,0.4342338305711746
2023-02-20 20:00:00,0.7088233253359794,0.7995345099270343,0.5564473750442265,0.3470798866450786,0.5037008148431777
2023-02-20 21:00:00,0.6477620063722133,0.6824298276007175,0.5456986472755669,0.35864829756319516,0.5038334029912948
2023-02-20 22:00:00,0.5483379817008971,0.573534653186798,0.46974841535091394,0.2921534295380115,0.41116274341940884
2023-02-20 23:00:00,0.49038161396980284,0.5153806960582732,0.3749310809373855,0.18052403047680854,0.3086138982325792
2023-02-21 00:00:00,0.3677014923095703,0.33023827746510503,0.2701365128904581,0.15595782615244386,0.22780726388096806
2023-02-21 01:00:00,0.2443904750049114,0.25775279492139813,0.20414534151554103,0.15549675464630125,0.18407304674386976
2023-02-21 02:00:00,0.18711531877517698,0.21946202024817463,0.16063329026103018,0.14369790710508823,0.14763773940503594
2023-02-21 03:00:00,0.04956623017787934,0.01555309485644102,0.023550552055239676,0.045755955055356026,0.017459537182003264
2023-02-21 04:00:00,0.035899381786584854,0.008754214495420456,0.015154759399592876,0.04834269547834992,0.014319883696734906
2023-02-21 05:00:00,0.04881941370666028,0.011795718558132648,0.015768649484962226,0.06312467498704791,0.008073874264955521
2023-02-21 06:00:00,0.020387087911367417,0.00378362488001585,0.007775363717228175,0.09002351727336644,0.005669931694865227
2023-02-21 07:00:00,0.00975143514573574,0.009620910547673703,0.014073254987597466,0.0942535938322544,0.019171481635421515
2023-02-21 08:00:00,0.003984569832682609,0.03141249857842922,0.03436624193564058,0.13203482586890458,0.04949289686977863
2023-02-21 09:00:00,0.012380329519510269,0.11500252589583396,0.0854827132821083,0.2481675902754068,0.11795979376882312
2023-02-21 10:00:00,0.11489421628415585,0.2922007912397384,0.2785279471054673,0.5724980006366969,0.3019904454052448
2023-02-21 11:00:00,0.3038376568257808,0.44198247432708737,0.4538811462372541,0.7785995968431234,0.4690924268960953
2023-02-21 12:00:00,0.5707494629919528,0.863983893096447,0.7511393342167139,0.9739071508496999,0.7701960331201553
2023-02-21 13:00:00,0.8327744583785534,0.9965362578630448,0.9245450442284345,0.9993307723104954,0.9238720477372409
2023-02-21 14:00:00,0.9705907820165156,1.0,0.9892793252319098,1.0,0.9885263028740883
2023-02-21 15:00:00,0.9875409245491027,1.0,0.9937704622745513,1.0,0.9922124470770358
2023-02-21 16:00:00,0.9371423754096031,1.0,0.9685711877048016,1.0,0.967564455717802
2023-02-21 17:00:00,0.9432041448354721,1.0,0.971602072417736,1.0,0.9863785365223885
2023-02-21 18:00:00,0.9680239015817642,1.0,0.9840119507908821,0.9997941650450229,0.9882502248883247
2023-02-21 19:00:00,0.9828441941738129,1.0,0.9793605335056781,0.9962442967295646,0.9621628788113593
2023-02-21 20:00:00,1.0,1.0,1.0,1.0,1.0
2023-02-21 21:00:00,1.0,1.0,1.0,1.0,1.0
2023-02-21 22:00:00,1.0,1.0,1.0,1.0,1.0
2023-02-21 23:00:00,1.0,1.0,1.0,1.0,1.0
2023-02-22 00:00:00,1.0,1.0,1.0,1.0,1.0
2023-02-22 01:00:00,1.0,1.0,1.0,1.0,1.0
2023-02-22 02:00:00,1.0,1.0,1.0,1.0,1.0
2023-02-22 03:00:00,1.0,1.0,1.0,0.9521275168657303,1.0
2023-02-22 04:00:00,1.0,1.0,0.9941789403557777,0.8948066253215073,0.9895310981571674
2023-02-22 05:00:00,0.9855535855889319,0.9931893366575241,0.8767809817939995,0.684257582426071,0.8495040350407361
2023-02-22 06:00:00,0.9615140365064143,0.9861801415681839,0.7911898745596408,0.6271015549451111,0.7391978266090153
2023-02-22 07:00:00,0.7799105106294155,0.9019461515545845,0.5503396818786859,0.49841755092144,0.4728804057836532
2023-02-22 08:00:00,0.4539632725715637,0.6542974314093589,0.35590160392224784,0.3211254158616066,0.31665071457624433
2023-02-22 09:00:00,0.29099650740623473,0.5110335195064544,0.23070014156401153,0.245352773591876,0.20768517695367333
2023-02-22 10:00:00,0.20932720631361007,0.37507867783308024,0.15410802148282524,0.10929871842265128,0.13640078503638503
2023-02-22 11:00:00,0.14609904065728185,0.2983842468261718,0.09578110892325639,0.06042636383324863,0.08776466570794582
2023-02-22 12:00:00,0.1309135043621063,0.2033514207601547,0.07621541660279035,0.03568959392607213,0.06687935192137957
2023-02-22 13:00:00,0.11740082673728465,0.1575468224287033,0.058052294962108134,0.019943824224174022,0.04666347716003656
2023-02-22 14:00:00,0.0922636817395687,0.08493822485208512,0.057923940718173986,0.04026971329003572,0.0480632634460926
2023-02-22 15:00:00,0.09973968267440794,0.07298814214766025,0.08602285340428353,0.13718081325292586,0.07503670234233141
2023-02-22 16:00:00,0.1590794949233532,0.20919542774558064,0.17915708281099793,0.26020784877240655,0.17778152287006374
2023-02-22 17:00:00,0.2721594204008579,0.2555706875026226,0.33938153341412536,0.4569740414619446,0.35316402740776537
2023-02-22 18:00:00,0.3934701478481293,0.40759222820401186,0.4674818938970566,0.4998736202716827,0.4878697174787521
2023-02-22 19:00:00,0.4055441308021545,0.24989436879754065,0.5318751215934753,0.6048971230536699,0.5596088533848524
2023-02-22 20:00:00,0.4808184790611266,0.3681907773017883,0.7020676268637179,0.7444142351299523,0.7332686007022856
2023-02-22 21:00:00,0.5399743673205375,0.4056449425220489,0.74841452896595,0.7980540078878402,0.757947651669383
2023-02-22 22:00:00,0.6964874918758869,0.4444066226482391,0.8328410625457763,0.8163147062063216,0.799037952646613
2023-02-22 23:00:00,0.8025623995065688,0.5477201223373412,0.9234357216209172,0.9525900220870971,0.879818659722805
2023-02-23 00:00:00,0.8833716158568858,0.6521109087765216,0.9651551754027605,0.9432050056755542,0.9411707473546267
2023-02-23 01:00:00,0.9451536676287651,0.7678759144246577,0.9925351485610008,0.9890964491665363,0.9860956265032291
2023-02-23 02:00:00,0.9672469845414161,0.8436128269135952,0.9979881067574023,0.9946691216528416,1.0
2023-02-23 03:00:00,0.9297473226487636,0.8414965155720711,0.9948404392600059,1.0,0.9976097838580609
2023-02-23 04:00:00,1.0,1.0,1.0,1.0,1.0
2023-02-23 05:00:00,0.9730444635450839,0.9316865018010139,0.9999974769353867,0.9828740163892506,0.9939368325471878
2023-02-23 06:00:00,1.0,0.9774922867119311,1.0,1.0,1.0
2023-02-23 07:00:00,1.0,1.0,1.0,1.0,1.0
2023-02-23 08:00:00,1.0,1.0,1.0,1.0,1.0
2023-02-23 09:00:00,1.0,1.0,1.0,1.0,1.0
2023-02-23 10:00:00,1.0,1.0,1.0,1.0,1.0
2023-02-23 11:00:00,1.0,1.0,1.0,1.0,1.0
2023-02-23 12:00:00,1.0,0.9903796762228012,1.0,0.9923152011632919,1.0
2023-02-23 13:00:00,1.0,0.9876245960593224,1.0,0.982527687177062,1.0
2023-02-23 14:00:00,1.0,0.9606840014457703,1.0,0.9852148676663637,1.0
2023-02-23 15:00:00,0.9928853529691696,0.8585568776726722,0.9983443756401539,0.9742574360966683,0.9945343960821629
2023-02-23 16:00:00,0.9881913128495217,0.8509373061358928,1.0,0.8847601387649774,1.0
2023-02-23 17:00:00,0.9163782718777655,0.8176171469688415,0.9918723729252815,0.8877202367782593,0.9922146281599998
2023-02-23 18:00:00,0.6741968235373497,0.6079738809168338,0.9193321923911572,0.8555511882901192,0.9605322041362524
2023-02-23 19:00:00,0.5455281889438628,0.5404448673129081,0.7775634878873825,0.7878181252628564,0.7580725265294312
2023-02-23 20:00:00,0.34584297180175777,0.383421630859375,0.5685331842303275,0.5835878470540046,0.5594477486610412
2023-02-23 21:00:00,0.2223194316029548,0.23674080654978746,0.38240575022995466,0.33980538807809346,0.36878680706024164
2023-02-23 22:00:00,0.16703001990914343,0.2281392259895801,0.2812934653460979,0.33385120898485177,0.2773086592555046
2023-02-23 23:00:00,0.23869502365589138,0.3754263305664063,0.3945448040962219,0.4361950379610061,0.4073335456848144
2023-02-24 00:00:00,0.24326570108532902,0.3826665115356445,0.29865091443061825,0.2781752334535122,0.28727791965007776
2023-02-24 01:00:00,0.1781660909950733,0.36614166259765624,0.23956620328128336,0.2566366200149059,0.24349969103932378
2023-02-24 02:00:00,0.2293355587124824,0.5289914762973785,0.3872128112614155,0.4183128863573074,0.39869988396763795
2023-02-24 03:00:00,0.3016004294157028,0.43705680847167966,0.4424100145697593,0.6057896097749471,0.39343278057873243
2023-02-24 04:00:00,0.9089846551418304,0.4167855072021484,0.9601916313171386,0.9827877477556467,0.9086879313737154
2023-02-24 05:00:00,1.0,0.4932215392589569,1.0,0.9908095566183328,0.9881983284652234
2023-02-24 06:00:00,1.0,0.4441613006591797,1.0,0.8917740143090486,0.9628990390151739
2023-02-24 07:00:00,1.0,0.3647002792358398,0.994010047018528,0.8356580368429423,0.917365059107542
2023-02-24 08:00:00,1.0,0.39027214050292963,0.9558152115345,0.8066909883171319,0.8289586547017097
2023-02-24 09:00:00,0.9941716903448105,0.5331843400001526,0.8379803048074245,0.7682697457820176,0.7129123984277248
2023-02-24 10:00:00,0.9236943766474723,0.627675855755806,0.7168712216615676,0.7402699137479066,0.6665596019476652
2023-02-24 11:00:00,0.9070136210322379,0.7141362926363944,0.7392732416093348,0.8106193333864211,0.6652858256548643
2023-02-24 12:00:00,0.9564487104117869,0.7955403219163417,0.8174282640963793,0.8926107968389987,0.7274171527475117
2023-02-24 13:00:00,0.9929537340998649,0.9351296865940093,0.9376268556714056,0.9602368846535683,0.893573435768485
2023-02-24 14:00:00,1.0,0.9691931013762951,0.927025494724512,0.95033350802958,0.9092596826702355
2023-02-24 15:00:00,0.9546073700487612,0.9156992742419243,0.9077840522676706,0.9796942412108183,0.8499612044543027
2023-02-24 16:00:00,0.9423355011641978,0.8880750566720963,0.905518998801708,0.9812042459845542,0.8336009385436772
2023-02-24 17:00:00,0.9613938103616237,0.8852651783823966,0.8888524752110243,0.9669559290260076,0.8150128664821386
2023-02-24 18:00:00,0.9188597834110259,0.8541134037077426,0.8215161657333374,0.8828702390193939,0.7527923974394797
2023-02-24 19:00:00,0.7609965315461158,0.7135683040320873,0.6270585632324217,0.7608177042752504,0.5694634594023227
2023-02-24 20:00:00,0.7118847495317459,0.6249033010005951,0.6061839795112609,0.7213311491906642,0.5500865445286035
2023-02-24 21:00:00,0.7076946763694285,0.585029269605875,0.6566785859316586,0.7490078990906476,0.6140648303925991
2023-02-24 22:00:00,0.7811259767413139,0.6280720597505569,0.7764579226076602,0.8517043959349393,0.7280642707645892
2023-02-24 23:00:00,0.8114344297349452,0.6904260209202766,0.8362454463541508,0.8849581325054168,0.8056375672668218
2023-02-25 00:00:00,0.8733004288375377,0.7485666638612747,0.8709240185469388,0.8276399446278809,0.8368704652786254
2023-02-25 01:00:00,0.8104603013396262,0.7230964025855063,0.819721853584051,0.7700982861965894,0.784851989224553
2023-02-25 02:00:00,0.8021456761658191,0.7023735782504081,0.7825782588124275,0.6835748156905174,0.7386315336823462
2023-02-25 03:00:00,0.5614111578464507,0.47745096325874326,0.5461305236816405,0.47396664977073666,0.5009360575675964
2023-02-25 04:00:00,0.4498541641235352,0.44097126841545103,0.4228689765930176,0.3383824302256107,0.3733161939680576
2023-02-25 05:00:00,0.3724172973632812,0.3780070689320564,0.2744846397638321,0.18616058543324465,0.23401716537773604
2023-02-25 06:00:00,0.3422178947925567,0.34115893587470053,0.19321767661720513,0.06847173109650612,0.15624708127230405
2023-02-25 07:00:00,0.33428485348820686,0.32295193687081336,0.13505029279738665,0.01629329062998295,0.08259820662438869
2023-02-25 08:00:00,0.21506406515836712,0.2101677908748388,0.06263687226921319,0.00033004924654960626,0.022548078596591952
2023-02-25 09:00:00,0.16125601574778556,0.15094851672649381,0.040280932299792765,0.0001244809105992317,0.007418431453406811
2023-02-25 10:00:00,0.09103420004248619,0.07762032538652419,0.01646135315299034,0.0,0.005287060551345349
2023-02-25 11:00:00,0.008734091185033321,0.010011506229639052,0.007516676746308805,0.01672687148675323,0.01713924366980791
2023-02-25 12:00:00,0.0,0.0019182516634464262,0.03117913883179426,0.0724591288715601,0.061500465720891954
2023-02-25 13:00:00,0.0,0.02007836826145649,0.05817992735654115,0.13651753950864076,0.11777577904984353
2023-02-25 14:00:00,0.009633551687002181,0.07812207460403442,0.08849588111042977,0.17417768418788906,0.1463981970027089
2023-02-25 15:00:00,0.061530269160866735,0.1597492706775665,0.090599350258708,0.23818160042166708,0.12547203607857227
2023-02-25 16:00:00,0.10553493000566959,0.3242695893347263,0.20297304492443796,0.45897615499794475,0.26952957384288306
2023-02-25 17:00:00,0.24992300078272817,0.5321134781837463,0.316264162287116,0.4593883419036865,0.3450061163306236
2023-02-25 18:00:00,0.3187977263331413,0.547411904335022,0.3553013442456721,0.44423226594924925,0.38213074862957
2023-02-25 19:00:00,0.230666482001543,0.4020252227783203,0.33933978632092476,0.326651758775115,0.3315809427946806
2023-02-25 20:00:00,0.12097451269626616,0.34951503753662105,0.15714290246367452,0.17514696970582005,0.19229539085179564
2023-02-25 21:00:00,0.07711140289902688,0.37373561859130855,0.09234538793563843,0.16693375404924155,0.11631585404276845
2023-02-25 22:00:00,0.06484458312392234,0.268677165210247,0.07813145760446785,0.1288160866498947,0.09343480825424194
2023-02-25 23:00:00,0.07730472341179848,0.28781062990427014,0.09772275563329458,0.1336976546421647,0.1151132398098707
2023-02-26 00:00:00,0.16869163379073143,0.34932713374495505,0.19932109430432315,0.20217940047383304,0.20630925334990025
2023-02-26 01:00:00,0.2776538540422916,0.4267667245864868,0.323005301579833,0.2461727511882782,0.31421955503523347
2023-02-26 02:00:00,0.36398658752441404,0.39675457000732417,0.35728248596191403,0.22750840730965136,0.32405460946261877
2023-02-26 03:00:00,0.14895720586180686,0.22785273224115368,0.2151663776487112,0.19535560905933377,0.21234853774309156
2023-02-26 04:00:00,0.13997782766819,0.21247888237237927,0.17441523678600787,0.11907405842095611,0.17609660908579824
2023-02-26 05:00:00,0.14461967691779135,0.2647431311011314,0.1280278407037258,0.08189975287765264,0.11298048570752142
2023-02-26 06:00:00,0.2086476896703243,0.41237026214599604,0.1650433430075645,0.1799433486908674,0.15713431213051082
2023-02-26 07:00:00,0.36214326515793793,0.627504534870386,0.36771118946373454,0.47809906601905816,0.3609196812659502
2023-02-26 08:00:00,0.660906205177307,0.8556282904744148,0.7234383592009543,0.9124062935262919,0.7066571220010518
2023-02-26 09:00:00,0.8632362610101699,0.9760679522156714,0.9126128058880568,0.9881023900210857,0.8963558893650769
2023-02-26 10:00:00,0.9510992453992366,0.9914403361082077,0.9710519104450941,0.9912248496711255,0.9463951539993286
2023-02-26 11:00:00,0.9899883732199668,1.0,0.9949941866099834,0.9817472667992113,0.9877426709234715
2023-02-26 12:00:00,1.0,1.0,1.0,0.963526385128498,1.0
2023-02-26 13:00:00,1.0,1.0,1.0,0.9887591695785523,1.0
2023-02-26 14:00:00,1.0,1.0,1.0,0.9942443044483662,1.0
2023-02-26 15:00:00,1.0,1.0,1.0,0.9957762606441976,1.0
2023-02-26 16:00:00,1.0,1.0,1.0,0.9892296831309795,1.0
2023-02-26 17:00:00,1.0,1.0,1.0,0.9878063175082207,1.0
2023-02-26 18:00:00,1.0,1.0,1.0,0.984917165338993,1.0
2023-02-26 19:00:00,1.0,1.0,1.0,0.9630203395336866,1.0
2023-02-26 20:00:00,1.0,1.0,1.0,0.9412419243901967,1.0
2023-02-26 21:00:00,1.0,1.0,1.0,0.9201544092595577,1.0
2023-02-26 22:00:00,1.0,1.0,1.0,0.8538750893622635,1.0
2023-02-26 23:00:00,1.0,1.0,1.0,0.7948184727132319,1.0
2023-02-27 00:00:00,1.0,1.0,1.0,0.7434502777457236,0.9988452875614167
2023-02-27 01:00:00,1.0,1.0,1.0,0.6915488578379154,0.9994958430528641
2023-02-27 02:00:00,1.0,1.0,0.9990510009229183,0.6172022180259228,0.9980271914601326
2023-02-27 03:00:00,0.9638596729934215,0.9781597295403479,0.860321974158287,0.3442831479012966,0.7987324120104313
2023-02-27 04:00:00,0.9302816948294639,0.9508768692612648,0.7366827496141194,0.2421889788657427,0.6370039230585098
2023-02-27 05:00:00,0.8807880997657775,0.9124357011914253,0.6027087694406509,0.1607508270442486,0.4948313695192336
2023-02-27 06:00:00,0.8739956626296044,0.9003557291626929,0.5744020874798298,0.13824996430426836,0.4626481968164443
2023-02-27 07:00:00,0.78318417429924,0.8201369470357894,0.5300144098699092,0.23240966230630872,0.4298407196998596
2023-02-27 08:00:00,0.6759124247729777,0.6982185585796832,0.4722620284557342,0.3277794717997312,0.37612886041402815
2023-02-27 09:00:00,0.5772720432281493,0.5536288559436797,0.3813174822181463,0.3356997960060834,0.2926188527792692
2023-02-27 10:00:00,0.4826891314983368,0.3963210296630859,0.29071779362857336,0.2872765613347291,0.21279008507728575
2023-02-27 11:00:00,0.33571139365434643,0.22509584262967106,0.18888732042163608,0.1673165388032794,0.1298250064626336
2023-02-27 12:00:00,0.20503233194351195,0.13755741253495216,0.10657417893409729,0.09956443395465611,0.06522628795355559
2023-02-27 13:00:00,0.19375159502029415,0.24166904553771015,0.10290768854320048,0.10744162030518054,0.07707350406795739
2023-02-27 14:00:00,0.2404190251231193,0.3088839706778526,0.18126399513334035,0.2163236808031797,0.19736171178519724
2023-02-27 15:00:00,0.4651541805267334,0.45287439897656434,0.5158875623345375,0.412380313873291,0.5534062951803207
2023-02-27 16:00:00,0.57846204996109,0.5837986379861831,0.6014925463497638,0.4965632569789886,0.58352706246078
2023-02-27 17:00:00,0.6419061279296874,0.7197690321505068,0.779731394574046,0.7693786910176276,0.7708421000093221
2023-02-27 18:00:00,0.8232891476154327,0.8911834262311458,0.9425334423780442,0.9501761010289191,0.9383689490705729
2023-02-27 19:00:00,0.7240980139374732,0.9546645544469355,0.8346506577730177,0.9397131431847809,0.8730855771154165
2023-02-27 20:00:00,0.7035865610837936,0.7186040452122687,0.9214541829377413,0.99608381614089,0.9570356255024671
2023-02-27 21:00:00,0.9586746880412101,0.9416343663632869,0.9963836732506751,1.0,0.9985924339294434
2023-02-27 22:00:00,1.0,0.9936685365438461,1.0,1.0,1.0
2023-02-27 23:00:00,0.9991764169931412,0.9998143875598908,1.0,1.0,1.0
2023-02-28 00:00:00,1.0,1.0,1.0,1.0,1.0
2023-02-28 01:00:00,1.0,1.0,1.0,0.9976676547527313,1.0
2023-02-28 02:00:00,0.9930193641781806,0.9858870556950569,1.0,1.0,1.0
2023-02-28 03:00:00,1.0,0.9847684261202811,1.0,1.0,1.0
2023-02-28 04:00:00,1.0,1.0,1.0,0.75,1.0
2023-02-28 05:00:00,1.0,1.0,0.75,0.5,1.0
2023-02-28 06:00:00,1.0,1.0,1.0,1.0,1.0
2023-02-28 07:00:00,1.0,1.0,1.0,0.9975720138847828,1.0
2023-02-28 08:00:00,1.0,1.0,1.0,0.8532907608151435,1.0
2023-02-28 09:00:00,1.0,1.0,1.0,0.7770779240131378,1.0
2023-02-28 10:00:00,0.9994164881110191,0.9964203640818596,1.0,0.5791881540417672,0.9984398113191127
2023-02-28 11:00:00,0.9410640707612037,0.9368137314915655,0.927036885768175,0.33567589983344076,0.8640874303132294
2023-02-28 12:00:00,0.7748074857890606,0.7767247995734214,0.6913765238970517,0.1601422037743032,0.5986286190897225
2023-02-28 13:00:00,0.4250925827026367,0.40028884887695315,0.32656656980514526,0.04567095562815666,0.24334774449467655
2023-02-28 14:00:00,0.20088910311460492,0.19101519688963886,0.1042599264346063,0.08309019843116403,0.04609678821638226
2023-02-28 15:00:00,0.003270090892910957,0.011015828512609006,0.0504780177026987,0.3694536174088716,0.04163174878805876
2023-02-28 16:00:00,0.02743077173829079,0.044756915159523486,0.3563417989015579,0.8668136217445135,0.4253557201474904
2023-02-28 17:00:00,0.7397235812246798,0.534034254848957,0.9412320052832365,1.0,0.9919524650275707
2023-02-28 18:00:00,1.0,0.9925468063354492,1.0,1.0,1.0
2023-02-28 19:00:00,1.0,1.0,1.0,0.998982984572649,1.0
2023-02-28 20:00:00,1.0,1.0,1.0,1.0,1.0
2023-02-28 21:00:00,1.0,1.0,1.0,0.9946126718819142,1.0
2023-02-28 22:00:00,1.0,1.0,1.0,0.9179194473475217,1.0
2023-02-28 23:00:00,1.0,1.0,0.9960239541530609,0.7509081417322158,0.9916471742093562
2023-03-01 00:00:00,1.0,1.0,0.9954092763364315,0.6931566011160611,0.987568222284317
2023-03-01 01:00:00,1.0,1.0,0.9868974207341672,0.5630733352154492,0.9689906802773476
2023-03-01 02:00:00,1.0,1.0,0.9650885997712612,0.4413374044001102,0.9442919359356164
2023-03-01 03:00:00,0.9806579738855361,0.9759423053264618,0.8649695109575986,0.3140104857832193,0.8346945563703775
2023-03-01 04:00:00,0.8017252413928508,0.7936527603864669,0.5427403815090656,0.18945565681904553,0.4399034124612808
2023-03-01 05:00:00,0.5948362207412718,0.658507136851549,0.44821751892566675,0.23534529007971283,0.3918454910814762
2023-03-01 06:00:00,0.5309057140350342,0.705095020532608,0.4490416640043259,0.2825953710079193,0.40594702720642084
2023-03-01 07:00:00,0.46896039605140677,0.7157590089738368,0.4077456092834472,0.2900508604943752,0.3775019630044698
2023-03-01 08:00:00,0.4406069934368133,0.61174343585968,0.4239258730411529,0.39089875891804693,0.40766513213515276
2023-03-01 09:00:00,0.5629550373554228,0.7498828499019146,0.5335998690128325,0.5294676780700682,0.5093379634618759
2023-03-01 10:00:00,0.6731670601665973,0.8025434134900569,0.5775222933292388,0.47926404058933253,0.5143899095058441
2023-03-01 11:00:00,0.6735094940662383,0.8351081648468971,0.4790507227182388,0.2942061719298362,0.3981327243894338
2023-03-01 12:00:00,0.5391086173057555,0.7413034802675247,0.3304210722446441,0.2035611098259687,0.26089280903339385
2023-03-01 13:00:00,0.26396921172738075,0.41465518951416014,0.14763250622898338,0.2114830174297094,0.12143070045858621
2023-03-01 14:00:00,0.007688007988035679,0.07204113781452179,0.12466847551986575,0.528116738796234,0.14530006106942892
2023-03-01 15:00:00,0.19089355394244192,0.08333107531070708,0.47024892725050443,0.6204498144239187,0.5292550503462552
2023-03-01 16:00:00,0.5303163087368011,0.46812143206596374,0.6217805302143096,0.6116829520463942,0.6185153978317975
2023-03-01 17:00:00,0.6501087224483488,0.8157506904006004,0.6807403257489204,0.7411729699373244,0.6576558309048414
2023-03-01 18:00:00,0.8061035437881946,0.8631167326867579,0.9089051787555216,0.9457075577974318,0.8909544456750155
2023-03-01 19:00:00,0.8697331953048706,0.8911128742992878,0.9438684450834989,0.959707395657897,0.9333834587037563
2023-03-01 20:00:00,0.8001478573679923,0.7471748492121696,0.9392350663989781,0.9913441128283739,0.9626851993799208
2023-03-01 21:00:00,0.8576551946997641,0.816810232102871,0.9539890919625759,0.977516802251339,0.9361759847402571
2023-03-01 22:00:00,0.7758366937935353,0.6911860062181949,0.8316728439182043,0.7779330791532992,0.7850097673386334
2023-03-01 23:00:00,0.6793611688911914,0.6208151137828826,0.7347168757021426,0.5250163029134273,0.6866922660171985
2023-03-02 00:00:00,0.5140776336193085,0.4747150099277496,0.4691819417476653,0.20677460934966801,0.3836300121247768
2023-03-02 01:00:00,0.28623377591371535,0.30131913393735876,0.2735842610150575,0.1225183480978012,0.22962504662573335
2023-03-02 02:00:00,0.24775990769267076,0.2831288276612758,0.23810605525970455,0.12098353046923875,0.2051912927627563
2023-03-02 03:00:00,0.21950328871607777,0.2027904053032398,0.20688352599740026,0.13304439797997475,0.18007377818226813
2023-03-02 04:00:00,0.3072590765357017,0.35610099792480465,0.3405669593811035,0.17577636543661354,0.32977970235049725
2023-03-02 05:00:00,0.29502856180071824,0.3793010330200195,0.3304106712341308,0.16856599763035773,0.32767290174961083
2023-03-02 06:00:00,0.14911031529307361,0.2507437364757061,0.21713560998439788,0.18903477422893045,0.24259437933564182
2023-03-02 07:00:00,0.0968062537163496,0.1949273423850536,0.17317662477493284,0.20393316291272637,0.21480977863073347
2023-03-02 08:00:00,0.05480215921998024,0.13114511504769324,0.09850858118385077,0.12030900225043295,0.1338198472559452
2023-03-02 09:00:00,0.017202645018696786,0.022543048709630965,0.014037164766341448,0.02013127774000168,0.025087510067969564
2023-03-02 10:00:00,0.0149636709690094,0.0,0.0074818354845047,0.0,0.0006942957639694213
2023-03-02 11:00:00,0.052096665948629384,0.0,0.02085190737619996,0.0002830524183809757,0.003515828531235456
2023-03-02 12:00:00,0.06116365879774094,0.0,0.04485316455364227,0.033480477333068845,0.020572633147239686
2023-03-02 13:00:00,0.13953417778015134,0.010365206636488437,0.11741317857056854,0.08589096359908581,0.0864073921740055
2023-03-02 14:00:00,0.39503532409667963,0.12332441575825212,0.32317737586796275,0.19200163070112466,0.2581360372155905
2023-03-02 15:00:00,0.5122037982940674,0.199017961025238,0.3163377392292022,0.07874071530997753,0.222174539193511
2023-03-02 16:00:00,0.38222347259521483,0.1844144973158836,0.1903382360562682,0.02638343773782253,0.11856251016259192
2023-03-02 17:00:00,0.41590476989746095,0.2679342290759086,0.21709219999611373,0.040120160132646555,0.14297077350318432
2023-03-02 18:00:00,0.4414411163330078,0.30455466404557224,0.2580471819639206,0.07706625055521726,0.18838404379785056
2023-03-02 19:00:00,0.23420651137828824,0.22688073277473447,0.16733583770692345,0.12451125320047139,0.13479013156145808
2023-03-02 20:00:00,0.46269229888916014,0.36835544586181634,0.34277454055845735,0.22448246553540227,0.2799939320981502
2023-03-02 21:00:00,0.46178390383720397,0.5262371158599852,0.3602978174388408,0.2538400857895612,0.32353317819535726
2023-03-02 22:00:00,0.4153912734985351,0.5103033638000488,0.3152970022708177,0.26758295699954027,0.2815882375836372
2023-03-02 23:00:00,0.4104175186157226,0.42043274283409116,0.32086356975138186,0.3304354538768529,0.2805489799380302
2023-03-03 00:00:00,0.42652786254882813,0.39821239471435543,0.3945471000671386,0.33559075295925134,0.35735315322875977
2023-03-03 01:00:00,0.37433498382568353,0.346822000592947,0.3361764688789844,0.3271830590814352,0.29613443851470944
2023-03-03 02:00:00,0.28563395887613297,0.26653445646166796,0.2670974919945001,0.36858500726521015,0.23608516119420525
2023-03-03 03:00:00,0.1569459456205368,0.11665504261851309,0.14214185595512388,0.2755752573162317,0.11949954003095625
2023-03-03 04:00:00,0.17115609318017957,0.14475312270224092,0.1555781578272581,0.23100546583533282,0.1344103706628084
2023-03-03 05:00:00,0.2226023013889789,0.22882900729775424,0.1857690595835447,0.18860137388110157,0.16069858632981776
2023-03-03 06:00:00,0.253002717345953,0.24500078022480007,0.1768182004243135,0.15731694445014,0.13781334552913904
2023-03-03 07:00:00,0.28205944404006,0.21328782290220258,0.177166471555829,0.12270982600748538,0.13130992237478495
2023-03-03 08:00:00,0.3403634190559387,0.19868573784828183,0.18839440148323772,0.09520540080964565,0.1284889906644821
2023-03-03 09:00:00,0.3941963219642639,0.14739942289888858,0.21239259496331214,0.0951983119919896,0.14119316551834343
2023-03-03 10:00:00,0.4001521742343902,0.10959882132709026,0.20978621061891317,0.06966500323265791,0.12542478919029232
2023-03-03 11:00:00,0.3383922509849071,0.09726855903863907,0.1777446074411273,0.0632997728139162,0.1037179122492671
2023-03-03 12:00:00,0.3236206096410751,0.09336661607027053,0.17533378243446346,0.06163427446037531,0.10683147579431533
2023-03-03 13:00:00,0.2299242669343948,0.037699753642082216,0.14332545954734086,0.068746698461473,0.10094088528305292
2023-03-03 14:00:00,0.19750071272253988,0.05737287566065788,0.17855369698256252,0.11330174643546342,0.16344181321561335
2023-03-03 15:00:00,0.18635327383875844,0.20854128330945965,0.24958294160664077,0.21389589652419086,0.2645064896345138
2023-03-03 16:00:00,0.44491927027702327,0.4245075465738773,0.5598665630817412,0.43417100854217994,0.5650209641456603
2023-03-03 17:00:00,0.7058693049848079,0.7884799501299857,0.7765253546088934,0.6049211503565312,0.7497714462131262
2023-03-03 18:00:00,0.608228145390749,0.7932289479672908,0.6062200805544852,0.5294924237579106,0.6114665901660918
2023-03-03 19:00:00,0.5898893332481383,0.8068205578625202,0.6180268170684575,0.7019623363763092,0.6104817526787518
2023-03-03 20:00:00,0.75551288112998,0.7094184412062168,0.8433332026004791,0.7625729329138993,0.8260744235664605
2023-03-03 21:00:00,0.8102268446981906,0.79191879555583,0.9424521736055611,0.7732881943881511,0.9563383372873068
2023-03-03 22:00:00,0.9196355378627776,0.8169614358246327,0.9722917193919419,0.8996101315319537,0.9689753799140453
2023-03-03 23:00:00,0.9233894291520118,0.8886224614083766,0.9860727669298648,0.95670629106462,0.9844590847194195
2023-03-04 00:00:00,0.9924622684717178,0.9499324338138102,1.0,0.992354354262352,1.0
2023-03-04 01:00:00,0.9862157836556434,0.9371570333838463,0.9996675330400466,0.9787584093213082,0.9999011141061783
2023-03-04 02:00:00,1.0,0.9906754219532012,1.0,1.0,1.0
2023-03-04 03:00:00,0.9733159042894839,0.9223538096249102,0.9962641468644142,0.9956270350515842,0.9898529408872128
2023-03-04 04:00:00,1.0,1.0,1.0,1.0,1.0
2023-03-04 05:00:00,1.0,1.0,1.0,1.0,1.0
2023-03-04 06:00:00,1.0,1.0,1.0,1.0,1.0
2023-03-04 07:00:00,1.0,1.0,1.0,1.0,1.0
2023-03-04 08:00:00,1.0,1.0,1.0,1.0,1.0
2023-03-04 09:00:00,1.0,1.0,1.0,1.0,1.0
2023-03-04 10:00:00,1.0,1.0,1.0,1.0,1.0
2023-03-04 11:00:00,1.0,1.0,1.0,1.0,1.0
2023-03-04 12:00:00,1.0,0.9946421658992767,1.0,1.0,0.992531553953886
2023-03-04 13:00:00,0.986451219022274,0.6680760635435581,0.9155777566134928,0.9565939558297396,0.9100114464759826
2023-03-04 14:00:00,0.7684694685041904,0.9107235573232173,0.9316439038515091,1.0,0.9389375433325766
2023-03-04 15:00:00,0.9640871639549731,1.0,0.9829144952446222,1.0,0.9864406099915504
2023-03-04 16:00:00,1.0,0.9888577514886856,0.9892440235614777,0.985151741951704,0.952374761402607
2023-03-04 17:00:00,0.9926051864027976,0.9026354706287383,0.93761239528656,0.9479272862523793,0.8742648020386695
2023-03-04 18:00:00,0.8751797410845756,0.7034585146605967,0.7432746724784374,0.8032571375370025,0.6816329726576804
2023-03-04 19:00:00,0.7582641488313674,0.5027789664268493,0.6704787990450858,0.7622925926744937,0.613057518005371
2023-03-04 20:00:00,0.755642327517271,0.4063545680046081,0.6599152846634387,0.6044368600845336,0.5992047991603613
2023-03-04 21:00:00,0.7235486409068107,0.35201925650238985,0.5544769935309887,0.40888218924403186,0.4741027627140283
2023-03-04 22:00:00,0.644050342440605,0.35774045273661614,0.5523468908667564,0.4227028483152389,0.49721795395016666
2023-03-04 23:00:00,0.582067155689001,0.35647775843739504,0.42342682883143423,0.2169515803456306,0.3476689653843641
2023-03-05 00:00:00,0.27079669252037997,0.1584742498397827,0.18570105642080303,0.12926676139235493,0.15175087209790944
2023-03-05 01:00:00,0.2007719565927982,0.1725183792412281,0.21645169563591476,0.16772001873701808,0.20715084448456764
2023-03-05 02:00:00,0.27736826539039605,0.2169964925944805,0.26443891584873197,0.10205030815675853,0.2398458061367273
2023-03-05 03:00:00,0.1837453070282936,0.08951716519892215,0.172652944624424,0.04870231479406356,0.15515883505344388
2023-03-05 04:00:00,0.38266834110021586,0.18149033188819882,0.35992389202117914,0.08858461748808621,0.3107717432081699
2023-03-05 05:00:00,0.602190533131361,0.3504711532592773,0.45115663744509216,0.1001035113632679,0.3526386321336031
2023-03-05 06:00:00,0.5196692442893981,0.35413257598876946,0.3531856564432382,0.1556767702847719,0.274377848803997
2023-03-05 07:00:00,0.4305229187011719,0.3921305084228515,0.3142268250137567,0.25983187235891814,0.26060155592858786
2023-03-05 08:00:00,0.3174525615572929,0.36079433441162106,0.241118141785264,0.4000582588464021,0.2043767762929201
2023-03-05 09:00:00,0.2910545006394386,0.30063276588916776,0.3213710173219442,0.6219255997240543,0.3030447153747081
2023-03-05 10:00:00,0.5455313181877135,0.4592245233058929,0.5496274286508559,0.699105651155114,0.5083679407835007
2023-03-05 11:00:00,0.636875466108322,0.5678152894973754,0.5846781587600707,0.6343385527282952,0.5292980974912643
2023-03-05 12:00:00,0.6258308446407317,0.5933568036556243,0.5466868585348128,0.5397392666339873,0.4809763139486313
2023-03-05 13:00:00,0.625272945165634,0.5744291698932646,0.5468798881769179,0.5260577654838561,0.4709450602531433
2023-03-05 14:00:00,0.6119519329071044,0.5199942743778229,0.5583265727758406,0.5666003829240798,0.488071721792221
2023-03-05 15:00:00,0.707742287814617,0.5610521888732909,0.6975910233706234,0.6110528371483086,0.641776226684451
2023-03-05 16:00:00,0.8103774321079253,0.6039853250980376,0.7328673587739467,0.6253066921979188,0.6583240853995085
2023-03-05 17:00:00,0.8661082904040813,0.6727107977867126,0.7496903874725103,0.7000513961911201,0.6718738926947115
2023-03-05 18:00:00,0.8916444428265093,0.7497526942193508,0.7529123309254645,0.8024001621454954,0.7040527137368916
2023-03-05 19:00:00,0.9517805895209313,0.9225909212231636,0.9680120464414357,0.8605034194886684,0.9472794757038354
2023-03-05 20:00:00,0.9201910749077796,0.9065520837903022,0.9264146373420952,0.745600215345621,0.900470777004957
2023-03-05 21:00:00,0.9285927633941173,0.8527503632009028,0.926096252799034,0.6331830083578824,0.8713467136025428
2023-03-05 22:00:00,0.8990351493656634,0.8193747036159037,0.8737313430011272,0.6119265078753233,0.8003364630788564
2023-03-05 23:00:00,0.922944125086069,0.898842667043209,0.8831084509193897,0.5873915383964776,0.8269002407044171
2023-03-06 00:00:00,0.8686408351361752,0.7719771316647529,0.755817003622651,0.40001555457711213,0.677965679988265
2023-03-06 01:00:00,0.7213343358039855,0.6821624247729777,0.5961472444981336,0.2518358036130667,0.5248992758989334
2023-03-06 02:00:00,0.6566478101909159,0.5487559592723845,0.5106974097341298,0.1632650902867317,0.43307645440101616
2023-03-06 03:00:00,0.35960338592529295,0.276290666013956,0.24329503297805782,0.04815365970134735,0.18695337854325766
2023-03-06 04:00:00,0.37133003234863277,0.3014803849160671,0.22845141656696796,0.037922015860676755,0.1721022445708513
2023-03-06 05:00:00,0.4428496551513672,0.3217076182365417,0.27198575735092156,0.03995012708008289,0.20132859982550141
2023-03-06 06:00:00,0.4511586380004883,0.29330147355794906,0.253741745352745,0.027968987971544262,0.1773199765756726
2023-03-06 07:00:00,0.42198577880859367,0.22839502990245816,0.2312838392704725,0.022313877027481794,0.15479193061590193
2023-03-06 08:00:00,0.38947311401367185,0.16698197826743125,0.20709534276276828,0.017889563255012036,0.1321727107465267
2023-03-06 09:00:00,0.330637314915657,0.07579748451709747,0.17780551016330717,0.014010635502636435,0.10785581238567829
2023-03-06 10:00:00,0.20763848632574078,0.017333435229957107,0.14005643397569656,0.03479450888931752,0.09486550018191336
2023-03-06 11:00:00,0.28414863780140875,0.05324592091143132,0.25966239787638185,0.11089380837976931,0.2093131953850388
2023-03-06 12:00:00,0.30090194985270496,0.07287526495754719,0.29862508520483966,0.14230472922325133,0.25250095278024665
2023-03-06 13:00:00,0.282868700325489,0.10712852679193019,0.25647533819079393,0.1279882828518748,0.20823955088853835
2023-03-06 14:00:00,0.36510726928710935,0.19958587929606433,0.4177453231811523,0.3554214735329151,0.37899583816528315
2023-03-06 15:00:00,0.34814814463257787,0.20769454866647719,0.5389377897977828,0.470321876630187,0.549257668852806
2023-03-06 16:00:00,0.29987685799598685,0.262729626595974,0.46378439083695405,0.520402823165059,0.47365306615829467
2023-03-06 17:00:00,0.18145985722541808,0.20485468313097951,0.4055613971501588,0.6365866544097661,0.44555308170616625
2023-03-06 18:00:00,0.23013032034039493,0.3208242918550968,0.42853925392031667,0.7560757325589655,0.4628487154841423
2023-03-06 19:00:00,0.31325254544615744,0.33997324004769325,0.5757387775927781,0.7706519021093845,0.6267562107741832
2023-03-06 20:00:00,0.25552573680877677,0.24441397815942761,0.3925643625855445,0.6257766937464475,0.40667484283447264
2023-03-06 21:00:00,0.1768065847456455,0.18067836269736287,0.31633859835565087,0.6189610899239778,0.34084863506257534
2023-03-06 22:00:00,0.1841493351757526,0.14459578678011895,0.35493809476494786,0.7936009889841078,0.3933317834883928
2023-03-06 23:00:00,0.39449853539466856,0.3020439368486404,0.6608397828042506,0.9179718168079853,0.7095476254075764
2023-03-07 00:00:00,0.296157454252243,0.19083869159221645,0.5368957206606865,0.8556571958214043,0.5672230212390422
2023-03-07 01:00:00,0.3825607731938362,0.2712396092712879,0.638835853934288,0.9320382694154978,0.6831724765151738
2023-03-07 02:00:00,0.3748108802735805,0.35557824835181234,0.6012421895563602,0.8774765893816947,0.6482864296436309
2023-03-07 03:00:00,0.3882293701171875,0.409400999546051,0.5259638249874115,0.7663688073307275,0.5645868808031081
2023-03-07 04:00:00,0.1537515929341316,0.2750593218207359,0.3380744955688715,0.7617149654030799,0.3849663218110799
2023-03-07 05:00:00,0.1228174429386854,0.22077352121472354,0.3184414384514093,0.5835250657051801,0.3794291725009679
2023-03-07 06:00:00,0.10207953624427318,0.27652429789304733,0.2386250802874565,0.46812309361994264,0.31181791983544815
2023-03-07 07:00:00,0.09155380785465239,0.39627155303955075,0.15825393281877037,0.503328890055418,0.22646240070462223
2023-03-07 08:00:00,0.34962819144129753,0.8387666159868239,0.35523831382393833,0.6619220503419637,0.4440005176514387
2023-03-07 09:00:00,0.9143997272849083,0.9868253773450851,0.8449519857764243,0.6316094691306352,0.8450744739174841
2023-03-07 10:00:00,0.9822239306569098,0.9531605020165443,0.9514839272946118,0.8486535152792929,0.9201686859130859
2023-03-07 11:00:00,0.9555928921699524,0.8881214399635791,0.9772725075483322,0.9708635811507702,0.9658987477421761
2023-03-07 12:00:00,0.9375754232704638,0.8577325251698493,0.9458435124158858,0.929839278757572,0.9159688975661993
2023-03-07 13:00:00,0.9295905242860316,0.866571330577135,0.8532701765745877,0.8153916637599468,0.8127201018482446
2023-03-07 14:00:00,0.9805130648612976,0.9757380738854408,0.9046128784865141,0.8460935672372578,0.8607488751411437
2023-03-07 15:00:00,0.9874810549616813,0.9722223657369613,0.95324367120862,0.883668733909726,0.9211636155098677
2023-03-07 16:00:00,1.0,0.9970714819431306,0.9813795255869626,0.9179299567639826,0.9697987854480743
2023-03-07 17:00:00,1.0,1.0,0.994263143837452,0.9552985230833292,0.9909151206910611
2023-03-07 18:00:00,1.0,1.0,0.9993088930845261,0.9922957994043827,0.9945977842807769
2023-03-07 19:00:00,1.0,1.0,1.0,0.9969890491664409,1.0
2023-03-07 20:00:00,1.0,1.0,1.0,0.996761821359396,1.0
2023-03-07 21:00:00,1.0,1.0,0.9999558463692665,0.9962691549956799,1.0
2023-03-07 22:00:00,1.0,1.0,0.9984884715080261,0.996021522283554,0.9996113720536232
2023-03-07 23:00:00,1.0,1.0,1.0,1.0,1.0
2023-03-08 00:00:00,1.0,1.0,1.0,1.0,1.0
2023-03-08 01:00:00,1.0,1.0,1.0,1.0,1.0
2023-03-08 02:00:00,1.0,1.0,1.0,1.0,1.0
2023-03-08 03:00:00,1.0,1.0,0.989471960440278,0.9554342415928839,0.9849740793555974
2023-03-08 04:00:00,1.0,1.0,1.0,0.9989858116209507,1.0
2023-03-08 05:00:00,1.0,1.0,1.0,1.0,1.0
2023-03-08 06:00:00,1.0,1.0,1.0,1.0,1.0
2023-03-08 07:00:00,1.0,1.0,1.0,1.0,1.0
2023-03-08 08:00:00,1.0,1.0,1.0,1.0,1.0
2023-03-08 09:00:00,1.0,1.0,1.0,1.0,1.0
2023-03-08 10:00:00,1.0,1.0,1.0,1.0,1.0
2023-03-08 11:00:00,1.0,1.0,1.0,0.9998155122995376,1.0
2023-03-08 12:00:00,1.0,1.0,0.9998200416564942,0.9986027617752552,0.9984317709505558
2023-03-08 13:00:00,1.0,1.0,1.0,1.0,0.9998870244622231
2023-03-08 14:00:00,1.0,1.0,1.0,1.0,1.0
2023-03-08 15:00:00,1.0,1.0,1.0,1.0,1.0
2023-03-08 16:00:00,1.0,1.0,1.0,0.999818909317255,1.0
2023-03-08 17:00:00,1.0,1.0,0.9996468697488308,0.9928562009334564,0.9988436004519462
2023-03-08 18:00:00,1.0,1.0,0.9931424167752265,0.9686379022151232,0.9871101374924183
2023-03-08 19:00:00,0.9973559498786926,1.0,0.9874737517535687,0.9206946120411157,0.9577112633734941
2023-03-08 20:00:00,0.9534502714872359,0.9754805085062979,0.8924494251608848,0.802333379983902,0.8509026503562926
2023-03-08 21:00:00,0.8366410827636719,0.8989007475972175,0.7309478558599949,0.6468183213472366,0.686905794069171
2023-03-08 22:00:00,0.696504355818033,0.7473717673122882,0.5708099722862243,0.5906915564090013,0.5165073931217192
2023-03-08 23:00:00,0.5607411420345305,0.621593922972679,0.47445739209651944,0.632929617613554,0.43000175178051
2023-03-09 00:00:00,0.4921679830551147,0.5642340934276581,0.453162493109703,0.6778405860811472,0.4243447607755661
2023-03-09 01:00:00,0.5137232375144958,0.6727090521156787,0.48207211375236503,0.6960940477997064,0.4619115126132965
2023-03-09 02:00:00,0.497045738697052,0.6097342243790627,0.4743507343530654,0.7075309374183416,0.45191028237342834
2023-03-09 03:00:00,0.31421996697783466,0.33237575083971016,0.2819384539127349,0.5194384133815765,0.26529322348535056
2023-03-09 04:00:00,0.43363765239715574,0.4966774213314056,0.3761123466491699,0.5743281491845845,0.34315174102783197
2023-03-09 05:00:00,0.7813134966790676,0.7519802212715149,0.6471779307723045,0.6476658760011195,0.5680052340030669
2023-03-09 06:00:00,0.933215479850769,0.8424126172065733,0.7927164834737777,0.670855146870017,0.6992044454813002
2023-03-09 07:00:00,0.9673961326479911,0.8532707913219928,0.8282417892664671,0.6705890598148107,0.7323487494140863
2023-03-09 08:00:00,0.972460825741291,0.8231175971031188,0.8397953836619854,0.6395564375817775,0.7425227552652359
2023-03-09 09:00:00,0.9685808539390564,0.8082830983400344,0.8351697435975074,0.5975693645328282,0.7392730142921209
2023-03-09 10:00:00,0.9600168471038341,0.8079506373405456,0.8193062505871057,0.5651983028650283,0.7275163101404905
2023-03-09 11:00:00,0.9329142019152641,0.77631456092,0.7889728732407092,0.5581876343488692,0.699266313612461
2023-03-09 12:00:00,0.9166846308112144,0.7383897839486597,0.7924976997822524,0.599481672644615,0.7009637004137038
2023-03-09 13:00:00,0.9424382176995276,0.7612904457747935,0.8253822812438011,0.5864736905694007,0.73336244918406
2023-03-09 14:00:00,0.9411272224783896,0.750137930214405,0.8140655763447284,0.5214169148355722,0.7189795723557472
2023-03-09 15:00:00,0.8828480473160744,0.6859814634919166,0.7088132399320602,0.2846302509307861,0.5960961596667765
2023-03-09 16:00:00,0.8868159888684749,0.6924476651847362,0.6657806522399187,0.2462768647819757,0.5407820364087819
2023-03-09 17:00:00,0.9033076395094395,0.7103838807344436,0.6956036796420813,0.3187051097303628,0.5770789344608783
2023-03-09 18:00:00,0.8546901741623878,0.6123597180843352,0.6122688122093677,0.3102957281470298,0.484033259153366
2023-03-09 19:00:00,0.47086121320724483,0.39369178771972657,0.34049117110669613,0.20501158751547333,0.27283876009285446
2023-03-09 20:00:00,0.3301494869589805,0.3500504890084266,0.23920647174119947,0.20479218028485768,0.200556970834732
2023-03-09 21:00:00,0.27879377394914623,0.3079644128680229,0.20737512730062002,0.2122735818848014,0.18101530190557238
2023-03-09 22:00:00,0.2752683471143245,0.32499075666069976,0.2043099399656057,0.22924915101379156,0.17774899423122403
2023-03-09 23:00:00,0.3186038735508918,0.3431086730957031,0.24798227250576016,0.24279522996395825,0.21419116355478762
2023-03-10 00:00:00,0.2925022286176681,0.28099443182349204,0.23453808657824993,0.16154115337878464,0.1991116153821349
2023-03-10 01:00:00,0.12050161801278589,0.15276466995477675,0.08284606192260979,0.2194188807159662,0.07036020709201694
2023-03-10 02:00:00,0.07200537629425525,0.1317624247074127,0.08318240374326705,0.3436557644978165,0.09714901838451623
2023-03-10 03:00:00,0.06813735447824001,0.04871763244271279,0.10042797967791557,0.25947156578302377,0.11095771141350268
2023-03-10 04:00:00,0.08337882049381733,0.044061847031116486,0.16570769045501946,0.2695569007843733,0.17142152793705465
2023-03-10 05:00:00,0.32667095184326167,0.20596709355711934,0.38115463256835935,0.28716700397431844,0.36571546554565426
2023-03-10 06:00:00,0.41194145202636717,0.32797037884593006,0.37942886352539057,0.40790653228759766,0.3326342452317476
2023-03-10 07:00:00,0.5005157446861267,0.3266921323537826,0.5751493430137633,0.6926479494571686,0.5365802145004271
2023-03-10 08:00:00,0.6615564091503618,0.5106538701057434,0.6326378671824932,0.5453337734937667,0.5686687541007995
2023-03-10 09:00:00,0.5104313170909881,0.35932427003979683,0.5355321323871611,0.6393397322297095,0.503732908964157
2023-03-10 10:00:00,0.7539516063034534,0.48275448322296133,0.8428498877584933,0.5412195962667464,0.8244948320090769
2023-03-10 11:00:00,0.7312955899536608,0.6112412063777446,0.622356249988079,0.25501367434859273,0.5537598460912704
2023-03-10 12:00:00,0.6218299722671508,0.4682886624336242,0.6172888199239968,0.3720819126069545,0.5775507280230521
2023-03-10 13:00:00,0.7354373423755167,0.6290909966826439,0.7499221271276473,0.4841020517051219,0.7129354434460401
2023-03-10 14:00:00,0.8008350403606891,0.6071637204289435,0.8548035036027433,0.6193328880518675,0.8289896800369023
2023-03-10 15:00:00,0.7198901346325873,0.4883384060859679,0.8265594111382961,0.6805691120773553,0.8278772003948688
2023-03-10 16:00:00,0.7882736833393573,0.5503635361790656,0.9197836395353078,0.857313692420721,0.9213703832030297
2023-03-10 17:00:00,0.9154282113909722,0.6545628218352795,0.9878345727920532,0.9165828292071818,0.9867177367210388
2023-03-10 18:00:00,0.9845981800556183,0.7982846371829508,0.9955596266686917,0.9602420036494732,0.9497183919698
2023-03-10 19:00:00,0.9001886039972304,0.643895257860422,0.960793471932411,0.9841282592713831,0.9055599669367074
2023-03-10 20:00:00,0.8373685686290263,0.5722887523472308,0.9514824283123017,0.9945603486895561,0.9353441310673951
2023-03-10 21:00:00,0.9237122631072998,0.5820212049782275,0.9877007232606411,0.9920549227297306,0.9906914266943931
2023-03-10 22:00:00,0.91512675344944,0.7087468160688877,0.9697944023460149,0.969218230471015,0.961697459295392
2023-03-10 23:00:00,0.9050490498542785,0.7925538738071918,0.9072024422138929,0.9477161303907632,0.8664967105537651
2023-03-11 00:00:00,0.8592809659242628,0.7647204349935054,0.8711654064804315,0.9412041298300027,0.851796353533864
2023-03-11 01:00:00,0.8764378938078881,0.7760291582345962,0.8846209824830293,0.9523956315219402,0.8624536606669426
2023-03-11 02:00:00,0.9279339736700057,0.8587761497497557,0.9406979223340748,0.9633540039509534,0.9158758053183556
2023-03-11 03:00:00,0.8472339224815368,0.719679140895605,0.8591919193416834,0.9233263739943505,0.8499421962350606
2023-03-11 04:00:00,0.8710475639998913,0.8580025377869607,0.891566613689065,0.9492225402593611,0.874484435468912
2023-03-11 05:00:00,0.9831821784377097,0.9624771812558173,0.9666855088621377,0.9534118891507387,0.9526160028576851
2023-03-11 06:00:00,0.9774955859780311,0.9492768611013889,0.9281965779513119,0.9321478742361069,0.8622281910479067
2023-03-11 07:00:00,0.9598393829166888,0.9160385742783546,0.930184746608138,0.9237795939296483,0.8911836823821067
2023-03-11 08:00:00,0.8911692817509174,0.8717741411924362,0.816525939181447,0.8370159347355366,0.7620346295088528
2023-03-11 09:00:00,0.8338099269568919,0.8483301478624343,0.7750491338223218,0.841388575732708,0.7234849190711974
2023-03-11 10:00:00,0.868403915464878,0.8929203028976916,0.8224585869163274,0.8755443740636109,0.7772447573393584
2023-03-11 11:00:00,0.906411184668541,0.8957737790048121,0.86495224930346,0.9068213002383708,0.8245765975117683
2023-03-11 12:00:00,0.8903256796300411,0.8408264237642288,0.8633969657123088,0.8973927968740463,0.816055938154459
2023-03-11 13:00:00,0.8850811012089252,0.7694437062740325,0.8481322166323662,0.8889404931664466,0.7958643106371164
2023-03-11 14:00:00,0.8852442286908626,0.729327738881111,0.8310445848852397,0.820976512953639,0.7723088910430669
2023-03-11 15:00:00,0.7516847258806227,0.5730711674690245,0.6635979732871055,0.46919579684734336,0.595981798917055
2023-03-11 16:00:00,0.7121736986935138,0.54011736869812,0.6089439919590949,0.4660792118310928,0.5395413488149642
2023-03-11 17:00:00,0.6705321824550627,0.4870647943019867,0.5695759999752044,0.5630324649810791,0.5111768329143523
2023-03-11 18:00:00,0.593124054968357,0.438139533996582,0.5077593238651752,0.5706270118057727,0.4676800173521042
2023-03-11 19:00:00,0.3819355392456054,0.3866047668457031,0.39445705413818355,0.5886615036427973,0.4018505859375
2023-03-11 20:00:00,0.28819496929645533,0.3189940643310547,0.30971497692167754,0.5111066724359988,0.30094238415360447
2023-03-11 21:00:00,0.2069592298567295,0.24112969473004336,0.22115435987710952,0.39604820236563676,0.2179620965570211
2023-03-11 22:00:00,0.14590304017066952,0.15585770502686497,0.13483497373759745,0.272776036709547,0.12880148224532603
2023-03-11 23:00:00,0.07600858889520168,0.08083398915827275,0.06380621884018182,0.1915863015502691,0.059382456168532376
2023-03-12 00:00:00,0.04054439008235931,0.05703878872096539,0.040802784450352195,0.19699662435799836,0.0416651538014412
2023-03-12 01:00:00,0.0383027209341526,0.058805234208703046,0.030342248603701594,0.14304132938385009,0.029739320576190952
2023-03-12 02:00:00,0.016273123472929002,0.03809888601303101,0.009142731409519912,0.09161302590742706,0.010658042095601557
2023-03-12 03:00:00,0.004331102520227432,0.010214345417916774,0.003104995582252741,0.0907656354829669,0.0036756783910095693
2023-03-12 04:00:00,0.006893851906061173,0.02370182976126671,0.0046846803836524484,0.08183425832539795,0.008172379899770021
2023-03-12 05:00:00,0.06543460607528687,0.08448398381471633,0.06229435183107853,0.0850754464790225,0.06257534943521022
2023-03-12 06:00:00,0.1011944755911827,0.06521239511668683,0.09226747941225769,0.07316401824355126,0.0792449637874961
2023-03-12 07:00:00,0.18797151550650593,0.06904136814177037,0.168188661634922,0.06729078773409128,0.12943649768829346
2023-03-12 08:00:00,0.14121881023049354,0.03519732445478439,0.13776923432946203,0.05508250806480646,0.10885372996330259
2023-03-12 09:00:00,0.09073972024023533,0.005320552811026573,0.1102203943580389,0.05598476216197013,0.09153755743056535
2023-03-12 10:00:00,0.05646757282316685,0.0010798598825931549,0.11530993219465017,0.1029470821470022,0.11196378942579031
2023-03-12 11:00:00,0.07516657114028931,0.006933186091482639,0.14580426450818776,0.07594595521688459,0.15401309575885533
2023-03-12 12:00:00,0.06390694268047808,0.004343548640608787,0.08473601348698138,0.05006524061784148,0.08258106846362352
2023-03-12 13:00:00,0.04096094422042369,0.0023596159741282466,0.06261715341359378,0.030338991172611712,0.060202616378664975
2023-03-12 14:00:00,0.0022349722683429715,0.0,0.016238926965743302,0.018477913811802867,0.02154366998001933
2023-03-12 15:00:00,0.0,0.0,0.013501134328544141,0.015279953926801683,0.01783446151763201
2023-03-12 16:00:00,0.001224139258265495,0.0,0.019145514033734802,0.01783643562346697,0.024290413726121188
2023-03-12 17:00:00,0.00293929535895586,0.0,0.023501241058111196,0.03910227533429861,0.030225248485803605
2023-03-12 18:00:00,0.018683219850063326,0.00160405695438385,0.06631669167429209,0.08515078920871019,0.0790331195667386
2023-03-12 19:00:00,0.06402122817933559,0.03771086752414704,0.0985463551431894,0.08623242124915123,0.10624660588800905
2023-03-12 20:00:00,0.11421273760497569,0.059144947305321695,0.16121990941464898,0.15272748708724976,0.17034041438251735
2023-03-12 21:00:00,0.16989349201321602,0.0879613896459341,0.19852303609251973,0.1332721607759595,0.18966900687664745
2023-03-12 22:00:00,0.12411186829209327,0.05949514836072922,0.15163708023726938,0.09273354809731245,0.1406988679617643
2023-03-12 23:00:00,0.09462537452578544,0.03895488232374192,0.10243457987904549,0.052216603700071564,0.09084707580506801
2023-03-13 00:00:00,0.08090979278087615,0.021058459430933,0.0731982983648777,0.024562998525798324,0.06031325154006481
2023-03-13 01:00:00,0.0761262760311365,0.017898226976394656,0.0534688688069582,0.009809371884912252,0.03745196003466845
2023-03-13 02:00:00,0.06793878056108951,0.013869345709681513,0.04360244765877724,0.006096236221492291,0.02612123226746917
2023-03-13 03:00:00,0.06338999733328819,0.00628629669547081,0.03575250804424286,0.0331966894119978,0.025800900217145685
2023-03-13 04:00:00,0.024498351514339448,0.0052260073646903035,0.017490416895598174,0.05028831141069531,0.017047972623258828
2023-03-13 05:00:00,0.026674965620040895,0.013893156573176385,0.022339376192539933,0.0739906663261354,0.026790167614817617
2023-03-13 06:00:00,0.044812125936150554,0.03227926068007946,0.03497618496417999,0.07253898117691279,0.03892924178391695
2023-03-13 07:00:00,0.025699678808450702,0.019511320106685163,0.0257706243544817,0.044733700118958955,0.026923919972032306
2023-03-13 08:00:00,0.006388773843646049,0.0037786005064845084,0.013878374025225638,0.021490584462881088,0.013606555797159673
2023-03-13 09:00:00,0.00207151647657156,0.0006415741145610809,0.0035219907388091085,0.004511693790555001,0.0034330548718571664
2023-03-13 10:00:00,0.002390034683048725,0.0,0.0012130726128816603,0.00030915362760424613,0.0008525048382580279
2023-03-13 11:00:00,0.0075597232580184946,0.0010739744082093239,0.0037714082747697833,0.0,0.0003964384086430072
2023-03-13 12:00:00,0.024590771943330765,0.006637130603194236,0.01046657882630825,0.0,0.0009429285675287246
2023-03-13 13:00:00,0.07545534551143646,0.03490089371800423,0.02865098981186748,0.0008448076248168944,0.006844480801373721
2023-03-13 14:00:00,0.10766591697931288,0.05123925060033798,0.042478528954088685,0.006173980757594109,0.013638818077743054
2023-03-13 15:00:00,0.08983243010938166,0.042267967611551285,0.036168233789503575,0.0026761460304260253,0.01725012654438615
2023-03-13 16:00:00,0.05125460267066956,0.027001088261604314,0.01846673920750618,0.0028137028217315673,0.005067380331456661
2023-03-13 17:00:00,0.04927901916205883,0.03050733916461468,0.0156985642015934,0.004357930384576321,0.002906445432454347
2023-03-13 18:00:00,0.06768077962100505,0.024923947006464005,0.024292291216552256,0.0036327376961708064,0.0070580397546291355
2023-03-13 19:00:00,0.0254439939558506,0.041479792892932896,0.005449747424572706,0.005782863534986973,0.001970882061868906
2023-03-13 20:00:00,0.022393549382686617,0.06932531148195266,0.008417543936520815,0.03317338509485125,0.0055469336546957486
2023-03-13 21:00:00,0.026605331599712373,0.09765302844345569,0.01394302202388644,0.09912699723616242,0.018223246838897467
2023-03-13 22:00:00,0.03270488552749157,0.11533705279231071,0.0240770298242569,0.21688220821321008,0.034289844334125526
2023-03-13 23:00:00,0.03096864052116871,0.12355465680360793,0.03963676698505879,0.34011867444962257,0.054489261433482164
2023-03-14 00:00:00,0.05925877794623376,0.11915190912783145,0.08496373053640127,0.4487597601115703,0.09303107805550098
2023-03-14 01:00:00,0.11379243724048137,0.16770284265279767,0.1724178535863757,0.550287374034524,0.17744766421616073
2023-03-14 02:00:00,0.17192901000380514,0.23192012295126913,0.2672109985351562,0.614386169463396,0.27584425553679465
2023-03-14 03:00:00,0.19763223022222515,0.23625888586044308,0.2481775043159723,0.4957172030210495,0.26121574901044364
2023-03-14 04:00:00,0.254558822363615,0.2546633622050285,0.2893378031998872,0.5240711258351802,0.31143866434693335
2023-03-14 05:00:00,0.3585000991821289,0.350666389465332,0.3910579299926758,0.6057291456311941,0.4048407739400863
2023-03-14 06:00:00,0.4981053924560547,0.4618108510971069,0.5006867462396623,0.7036818880587815,0.49258047893643375
2023-03-14 07:00:00,0.6005376136302947,0.5372001981735228,0.6096887899935244,0.7772924957424401,0.6106277170032262
2023-03-14 08:00:00,0.7258770173788069,0.6245914092659949,0.7010765439271927,0.8134790043532847,0.6795188049226999
2023-03-14 09:00:00,0.7713292790949344,0.7139828449487685,0.7217317013442515,0.8130945330858229,0.675998301655054
2023-03-14 10:00:00,0.8203925630450248,0.7857877312600612,0.746276714131236,0.8092314882576465,0.7015753915905951
2023-03-14 11:00:00,0.8586174018681049,0.8171147568523883,0.771785114109516,0.7849958299100398,0.7265121745318174
2023-03-14 12:00:00,0.8892188626527786,0.8526301468908787,0.804738432392478,0.7957589879631995,0.7576343389600514
2023-03-14 13:00:00,0.9270230889320372,0.9114851066470145,0.8607043924927711,0.8507723903656005,0.8336872009187937
2023-03-14 14:00:00,0.9812593448162078,0.9570716434717177,0.9300779525190591,0.9201943252235651,0.9055591274052858
2023-03-14 15:00:00,0.9742735868692397,0.9353647916018962,0.9256059051305056,0.9401847627013922,0.8939516883343457
2023-03-14 16:00:00,0.99800846606493,0.9791321277618408,0.9900622412562371,0.9886397039890289,0.9842765729129315
2023-03-14 17:00:00,1.0,1.0,0.9948735658824444,0.9917036619782448,0.9954426081478596
2023-03-14 18:00:00,1.0,1.0,1.0,1.0,0.9992400027811528
2023-03-14 19:00:00,1.0,1.0,0.9988076999783515,0.9988076999783516,0.9956432601809502
2023-03-14 20:00:00,1.0,0.9969626861810684,0.9948311753571033,0.9948311753571033,0.9808053981512785
2023-03-14 21:00:00,1.0,0.9925994715094566,0.9911810228228569,0.9924966794252396,0.9705138520151376
2023-03-14 22:00:00,1.0,0.9925571873784065,0.9920602424442768,0.9923290552198887,0.9688547753542662
2023-03-14 23:00:00,1.0,0.997426550090313,0.9968921391665935,0.9968921391665935,0.9858743420243263
2023-03-15 00:00:00,1.0,1.0,0.9995797653496266,0.9995797653496266,0.9939373797178268
2023-03-15 01:00:00,1.0,1.0,1.0,1.0,0.9976303711533546
2023-03-15 02:00:00,1.0,1.0,1.0,1.0,1.0
2023-03-15 03:00:00,1.0,0.9931709912419319,0.9941487015783788,0.9955012769997119,0.9828109151124953
2023-03-15 04:00:00,1.0,0.9970387580990792,0.996282370686531,0.9984317861497403,0.9896514984965323
2023-03-15 05:00:00,1.0,0.9995856550335884,0.9979729227721691,0.9979729227721691,0.9690822923183441
2023-03-15 06:00:00,1.0,1.0,0.9952767090499401,0.9930633050203324,0.9922382400929928
2023-03-15 07:00:00,1.0,1.0,0.995056898444891,0.9901785758137702,0.9935014367103576
2023-03-15 08:00:00,1.0,1.0,0.9957665331661701,0.9907107904553413,0.9921267920732498
2023-03-15 09:00:00,1.0,0.9986105209589005,0.9957892103493213,0.9905485999584198,0.989980811625719
2023-03-15 10:00:00,1.0,0.9926702085137367,0.9950594671070576,0.9856355927884579,0.9820775116235018
2023-03-15 11:00:00,1.0,0.9863096082210541,0.9925723941624165,0.9570973981171846,0.9703423801064491
2023-03-15 12:00:00,1.0,0.9728939850628375,0.9786424805223941,0.8467220346629619,0.9486716888844966
2023-03-15 13:00:00,1.0,0.9508971370756625,0.9591031371802091,0.7088926837593316,0.9109220898896455
2023-03-15 14:00:00,1.0,0.933395212739706,0.9494164744019509,0.6525751437246798,0.8833291942626237
2023-03-15 15:00:00,1.0,0.9370947654545306,0.9352456197887659,0.5783364482969046,0.8739991813153029
2023-03-15 16:00:00,1.0,0.8827035813033579,0.8785798931121825,0.47028155021369455,0.7987693721055984
2023-03-15 17:00:00,0.9888522341847419,0.7416303400695323,0.7733551926165819,0.3879419059306383,0.6620585666596889
2023-03-15 18:00:00,0.9184371457993984,0.5091831052303313,0.58441101282835,0.22068218171596524,0.45884918190538876
2023-03-15 19:00:00,0.5479033744335173,0.2408935412764549,0.28286758493632075,0.07138249207288028,0.1906140541285276
2023-03-15 20:00:00,0.4234049987792968,0.21110098883509634,0.23899914368987082,0.06323655851185322,0.17279227253049612
2023-03-15 21:00:00,0.3290110673010349,0.2010009245574474,0.20642375715076922,0.07076024543493986,0.1593450267612934
2023-03-15 22:00:00,0.2665834636986255,0.18280727550387382,0.18427576519548888,0.09060755237936972,0.1497380558028817
2023-03-15 23:00:00,0.2011370776593685,0.139179760068655,0.16199000008404252,0.10988738484680652,0.13842626284807918
2023-03-16 00:00:00,0.21223479628562925,0.19478195980191226,0.22456603989005086,0.141345176436007,0.21484026849269863
2023-03-16 01:00:00,0.3043620088696479,0.2528775571286678,0.2929424890130758,0.13805381633341313,0.27079200476408
2023-03-16 02:00:00,0.33133698061108585,0.23123392745852467,0.2988574797660112,0.13695616245269773,0.27018587499856944
2023-03-16 03:00:00,0.22811751857399937,0.13191442258656022,0.19532913923263548,0.12984379529953,0.1728319881856441
2023-03-16 04:00:00,0.4316943478584289,0.2379968720674514,0.30739735491573805,0.2422173737362027,0.24050749674439426
2023-03-16 05:00:00,0.7115463270246982,0.5819368517398833,0.5134493596851826,0.5851971056312322,0.41994723521172994
2023-03-16 06:00:00,0.796072295308113,0.880613678842783,0.7489226970821619,0.9277177426964043,0.7045304568856954
2023-03-16 07:00:00,0.9740654046833515,1.0,0.9662559810280799,0.9809799896180629,0.9390068083256482
2023-03-16 08:00:00,0.997993768453598,1.0,0.9870146983861923,0.9709482885152101,0.9654229132086039
2023-03-16 09:00:00,1.0,1.0,0.9970333471894264,0.9829858657717705,0.9852636079490185
2023-03-16 10:00:00,1.0,1.0,0.9966861978173256,0.9545187482237816,0.9868229986727237
2023-03-16 11:00:00,1.0,1.0,0.9865905727446078,0.9058389730751515,0.9694483471661804
2023-03-16 12:00:00,1.0,1.0,0.987890019416809,0.892166417390108,0.9720796945691108
2023-03-16 13:00:00,1.0,1.0,0.9824786233901978,0.8135589472949503,0.9538316787779331
2023-03-16 14:00:00,1.0,1.0,0.9412593384087086,0.6744560249894856,0.8902329120784997
2023-03-16 15:00:00,0.9954785618185997,0.9906935849785805,0.9157497879862784,0.6668283134698867,0.8473808782547713
2023-03-16 16:00:00,0.9948038244247437,0.9906101110577583,0.9204906136542558,0.7087117601931094,0.8574118468165397
2023-03-16 17:00:00,0.9934701111912727,0.9870977315306664,0.9034042037278414,0.6991469023376703,0.833638879880309
2023-03-16 18:00:00,0.9500327970087528,0.9440661373734474,0.7658170138299465,0.6742217986285686,0.6674924018234014
2023-03-16 19:00:00,0.6702638527750968,0.8628611777722834,0.4535414671897887,0.671230830401182,0.3717111396789551
2023-03-16 20:00:00,0.5030102586746216,0.5157642519474029,0.43306154847145073,0.6172173590958119,0.38712980270385733
2023-03-16 21:00:00,0.47799593687057496,0.4291797256469726,0.43566386580467226,0.6186405222862958,0.39058050155639645
2023-03-16 22:00:00,0.48800041437149044,0.39369277954101556,0.47630040884017943,0.6669150023907422,0.43951478064060207
2023-03-16 23:00:00,0.5098596370220184,0.36711970850825304,0.5208489495515822,0.7295702485740183,0.47845165550708774
2023-03-17 00:00:00,0.5218800461292266,0.3437075085937976,0.5766036456823348,0.8085341545194387,0.5433660602569579
2023-03-17 01:00:00,0.5780305719375609,0.4308558642864227,0.6427249553054569,0.8584297884255647,0.6109134553372859
2023-03-17 02:00:00,0.5793898260593413,0.4843005144596099,0.6982911171764135,0.9235056377202272,0.6824871963262558
2023-03-17 03:00:00,0.6690308137238025,0.6558749398589133,0.7597513584047556,0.9499390658736229,0.738565825894475
2023-03-17 04:00:00,0.9176342359185218,0.974200569987297,0.9463282414525748,0.9894558241963387,0.9224491833895444
2023-03-17 05:00:00,0.9435098944604396,0.9968729957938194,0.9660796705633401,0.998673597574234,0.9514829440414906
2023-03-17 06:00:00,0.9650131475925445,1.0,0.9749564473330974,0.9966525544226169,0.9633983103185891
2023-03-17 07:00:00,0.9591402149200439,1.0,0.9326899414509534,0.9688011631369591,0.9120260961353779
2023-03-17 08:00:00,0.9317055605351925,0.9842607885599136,0.8907495421916245,0.9700964819639921,0.8493863327056169
2023-03-17 09:00:00,0.7192953413724898,0.9682499796152113,0.8502202382683752,0.9905451269447804,0.8731033693253993
2023-03-17 10:00:00,0.7764711378514766,0.991102503836155,0.9048226983845233,0.9934874610602855,0.9236444309353827
2023-03-17 11:00:00,0.8639687536656856,0.999134056866169,0.9390969739109277,0.9907264988124371,0.9360984070599079
2023-03-17 12:00:00,0.8295663613080978,1.0,0.9218855863809585,0.9918442544341087,0.9188103199750185
2023-03-17 13:00:00,0.8446034578979015,1.0,0.9305784757435321,0.9960558952391148,0.9388043527305125
2023-03-17 14:00:00,0.8534049063920974,1.0,0.9394020608067513,1.0,0.9611162166297436
2023-03-17 15:00:00,0.9969366499781608,1.0,0.9986585199832916,1.0,1.0
2023-03-17 16:00:00,1.0,1.0,1.0,1.0,1.0
2023-03-17 17:00:00,1.0,1.0,1.0,1.0,1.0
2023-03-17 18:00:00,1.0,1.0,1.0,1.0,1.0
2023-03-17 19:00:00,1.0,1.0,1.0,1.0,1.0
2023-03-17 20:00:00,1.0,1.0,1.0,1.0,1.0
2023-03-17 21:00:00,1.0,1.0,1.0,1.0,1.0
2023-03-17 22:00:00,1.0,1.0,1.0,1.0,1.0
2023-03-17 23:00:00,1.0,1.0,1.0,1.0,1.0
2023-03-18 00:00:00,1.0,1.0,1.0,1.0,1.0
2023-03-18 01:00:00,1.0,1.0,1.0,1.0,1.0
2023-03-18 02:00:00,1.0,1.0,1.0,1.0,1.0
2023-03-18 03:00:00,1.0,1.0,1.0,1.0,1.0
2023-03-18 04:00:00,1.0,1.0,1.0,0.9988051921129226,1.0
2023-03-18 05:00:00,1.0,1.0,1.0,0.9959483306109904,1.0
2023-03-18 06:00:00,1.0,1.0,1.0,1.0,1.0
2023-03-18 07:00:00,1.0,1.0,0.9999655358493328,1.0,0.997099114060402
2023-03-18 08:00:00,0.997336753308773,0.9974459898471832,0.9995523612201214,1.0,0.9980321615934372
2023-03-18 09:00:00,0.9956461784243584,0.9930773642659187,0.9985342666506767,1.0,0.9955608122050762
2023-03-18 10:00:00,0.9858645457029342,0.9758034911751746,0.9838747596740722,0.9868552665412427,0.9707966592907905
2023-03-18 11:00:00,0.973356817960739,0.9628387494385242,0.9738844086229801,0.9848939941823481,0.957742035165429
2023-03-18 12:00:00,0.9561119735240935,0.9443969744443892,0.9640083358436822,0.9790201777219772,0.9470576477050783
2023-03-18 13:00:00,0.9447216799855231,0.9224825878441333,0.9654448375105857,0.9827813835442065,0.9414772102981805
2023-03-18 14:00:00,0.9132064302265643,0.8995824173092841,0.9435624503344298,0.9634173756092788,0.9204543057084084
2023-03-18 15:00:00,0.8937195080518723,0.8852191475033759,0.8835831069201231,0.8895633126050233,0.8819337953627109
2023-03-18 16:00:00,0.78370727956295,0.8596821846067905,0.7379176823794842,0.7699137696623801,0.7441716930270195
2023-03-18 17:00:00,0.637941833436489,0.6858708745241164,0.6741989216208456,0.9039632010459899,0.6855354974418878
2023-03-18 18:00:00,0.5050920546054839,0.4877644515037536,0.7780124493688344,0.9897408545017242,0.8497300343215465
2023-03-18 19:00:00,0.7187119817733764,0.5628478366136551,0.8060925675183533,0.9574324983358382,0.8495406990498303
2023-03-18 20:00:00,0.9480668713152408,0.8747739197313784,0.9331299474835395,0.9881143897771835,0.9186656192690135
2023-03-18 21:00:00,0.8992491114139556,0.9004143267869948,0.9366627100855112,0.9954428969323634,0.9365642925351858
2023-03-18 22:00:00,0.9157852187752723,0.9477782759070397,0.9806058486551046,1.0,0.983521652072668
2023-03-18 23:00:00,1.0,1.0,1.0,1.0,1.0
2023-03-19 00:00:00,1.0,1.0,1.0,1.0,1.0
2023-03-19 01:00:00,1.0,1.0,1.0,1.0,1.0
2023-03-19 02:00:00,1.0,1.0,1.0,1.0,1.0
2023-03-19 03:00:00,1.0,1.0,1.0,1.0,1.0
2023-03-19 04:00:00,1.0,1.0,1.0,1.0,1.0
2023-03-19 05:00:00,1.0,1.0,1.0,1.0,0.9957405577600003
2023-03-19 06:00:00,1.0,1.0,1.0,1.0,1.0
2023-03-19 07:00:00,1.0,1.0,1.0,1.0,1.0
2023-03-19 08:00:00,1.0,1.0,1.0,1.0,1.0
2023-03-19 09:00:00,1.0,1.0,1.0,1.0,1.0
2023-03-19 10:00:00,1.0,1.0,1.0,1.0,1.0
2023-03-19 11:00:00,1.0,1.0,1.0,1.0,1.0
2023-03-19 12:00:00,1.0,1.0,1.0,1.0,1.0
2023-03-19 13:00:00,1.0,1.0,1.0,1.0,1.0
2023-03-19 14:00:00,1.0,1.0,1.0,1.0,1.0
2023-03-19 15:00:00,0.98898293197155,0.9675596156716346,0.9901164491474628,1.0,0.9763477969914675
2023-03-19 16:00:00,0.970602635294199,0.9075857065618038,0.9803353456407784,1.0,0.9782330146431922
2023-03-19 17:00:00,0.9502711275219916,0.9184023211896419,0.9754353777319194,1.0,0.9790004125237464
2023-03-19 18:00:00,0.877609511166811,0.720354619026184,0.9185685335844755,0.994913828521967,0.8752995790541171
2023-03-19 19:00:00,1.0,1.0,1.0,1.0,1.0
2023-03-19 20:00:00,1.0,1.0,1.0,1.0,1.0
2023-03-19 21:00:00,1.0,1.0,1.0,0.999437295794487,1.0
2023-03-19 22:00:00,1.0,1.0,1.0,0.9847798635065556,1.0
2023-03-19 23:00:00,1.0,1.0,1.0,0.9544016513973473,1.0
2023-03-20 00:00:00,1.0,1.0,1.0,0.9692285950481891,1.0
2023-03-20 01:00:00,1.0,1.0,1.0,0.9743030846863985,1.0
2023-03-20 02:00:00,1.0,1.0,1.0,0.8905611264705657,1.0
2023-03-20 03:00:00,1.0,1.0,1.0,0.8652959389984607,1.0
2023-03-20 04:00:00,1.0,1.0,0.9870966827869415,0.9625803207606076,0.9613354579359292
2023-03-20 05:00:00,1.0,1.0,1.0,0.9998840986192226,0.9929710459709167
2023-03-20 06:00:00,1.0,1.0,1.0,1.0,1.0
2023-03-20 07:00:00,1.0,1.0,1.0,1.0,1.0
2023-03-20 08:00:00,1.0,1.0,1.0,1.0,1.0
2023-03-20 09:00:00,1.0,1.0,1.0,1.0,1.0
2023-03-20 10:00:00,1.0,1.0,1.0,1.0,1.0
2023-03-20 11:00:00,1.0,1.0,1.0,1.0,1.0
2023-03-20 12:00:00,1.0,1.0,1.0,1.0,1.0
2023-03-20 13:00:00,1.0,1.0,1.0,1.0,1.0
2023-03-20 14:00:00,1.0,1.0,1.0,0.998824160695076,1.0
2023-03-20 15:00:00,1.0,1.0,1.0,0.9948699712753296,1.0
2023-03-20 16:00:00,1.0,1.0,1.0,0.9957807672023773,1.0
2023-03-20 17:00:00,1.0,1.0,1.0,0.995586384832859,0.9978608135879039
2023-03-20 18:00:00,1.0,0.9999223473668098,0.9777480003982782,0.9807945841550826,0.9506861297041178
2023-03-20 19:00:00,0.9811382681131362,0.9986242154240608,0.9836201201379299,0.979332322925329,0.9661964584141969
2023-03-20 20:00:00,0.9988213488459587,0.9999354642629623,0.9984128403663636,0.9796104016900062,0.9893409411609173
2023-03-20 21:00:00,1.0,1.0,0.9999831061065196,0.9838999295234679,0.9910564503073692
2023-03-20 22:00:00,1.0,1.0,1.0,0.9921448107063771,0.992888567596674
2023-03-20 23:00:00,1.0,1.0,1.0,1.0,0.9983682611584663
2023-03-21 00:00:00,1.0,1.0,1.0,1.0,1.0
2023-03-21 01:00:00,1.0,0.9970605385303497,1.0,1.0,1.0
2023-03-21 02:00:00,1.0,0.9936670318245888,1.0,1.0,1.0
2023-03-21 03:00:00,0.8977628587186336,0.7529420240223407,0.9389573746919632,0.9846510884165763,0.9186605049669743
2023-03-21 04:00:00,0.8356563210487364,0.5352438056468962,0.9051766663789749,0.9949328731000423,0.8829043176025153
2023-03-21 05:00:00,0.9105962112545967,0.5862155614793301,0.9571954053640365,1.0,0.9461037185043096
2023-03-21 06:00:00,0.9910957249999046,0.8367325073480605,0.9975389632582664,1.0,0.9983498169481755
2023-03-21 07:00:00,1.0,0.9962127888202668,1.0,1.0,1.0
2023-03-21 08:00:00,1.0,1.0,1.0,1.0,1.0
2023-03-21 09:00:00,1.0,1.0,1.0,1.0,1.0
2023-03-21 10:00:00,1.0,0.9949476087093353,1.0,0.9995219324529171,0.9924363538622857
2023-03-21 11:00:00,1.0,0.9679284079372882,0.9974984422326088,0.9587358058989048,0.983440443277359
2023-03-21 12:00:00,1.0,0.9384586839377879,0.9969565153121949,0.8876553465425967,0.9802075389772653
2023-03-21 13:00:00,1.0,0.8779282300174236,0.9960663750767708,0.800369486436248,0.9670354651659727
2023-03-21 14:00:00,0.9967468881607056,0.7181382505595684,0.972148834168911,0.6461209966242313,0.8545791150629519
2023-03-21 15:00:00,0.944528586268425,0.40257553502917287,0.8418334606289863,0.5011646943539381,0.6647025447338819
2023-03-21 16:00:00,0.7150787605345248,0.23347605735063548,0.4714870656281709,0.22733094435185192,0.39785553760826575
2023-03-21 17:00:00,0.49556150555610656,0.21072518676519392,0.2854115553945303,0.13644220817834138,0.2484641760587692
2023-03-21 18:00:00,0.25397262275218957,0.12756506025791167,0.12564348801970482,0.06256121695041655,0.10998728152364491
2023-03-21 19:00:00,0.09754744090139866,0.10439595595002174,0.04675673846155405,0.025691204238682982,0.042538513801991945
2023-03-21 20:00:00,0.07448552951216697,0.09841451182961464,0.04241085540503264,0.022512512430548668,0.040740049742162235
2023-03-21 21:00:00,0.11994083084166049,0.06361740596592427,0.08725349511951208,0.023880127165466544,0.07113416731357575
2023-03-21 22:00:00,0.173636772185564,0.039406474828720096,0.09269612524658441,0.010205885227769614,0.054853539206087584
2023-03-21 23:00:00,0.15021874591708181,0.031570509001612665,0.07924746081233024,0.006775289922952653,0.04196304671466351
2023-03-22 00:00:00,0.08733742259442806,0.010116993188858033,0.037492804992943995,0.0036088089831173417,0.01615669067949057
2023-03-22 01:00:00,0.05798223629593849,0.0007124765589833259,0.048204355929046865,0.0219556918181479,0.026262628808617593
2023-03-22 02:00:00,0.03920912817120552,0.014111973606050016,0.036724153924733396,0.03563999902456999,0.022019505966454744
2023-03-22 03:00:00,0.00013546787202358245,0.011337417960166931,0.0015907698683440684,0.08144656239077448,0.0013773676566779611
2023-03-22 04:00:00,0.12478432685136795,0.12623505286872386,0.039732386711984875,0.09765167228877543,0.020175531283020975
2023-03-22 05:00:00,0.3490122985839843,0.14222849823534486,0.21352985069155692,0.14589057344943285,0.20100653156638143
2023-03-22 06:00:00,0.42172993302345274,0.17285677604377267,0.4543764388561249,0.2736476341634988,0.43248149663209906
2023-03-22 07:00:00,0.3730052256584167,0.2258277831971645,0.5360350465774535,0.39502727918326846,0.5014530249685049
2023-03-22 08:00:00,0.368683171570301,0.3491327583789825,0.5890666688233613,0.5312875521928071,0.5915811098366975
2023-03-22 09:00:00,0.4151924252510071,0.48615824818611136,0.650699552744627,0.693471505716443,0.6764930624514818
2023-03-22 10:00:00,0.47707690000534053,0.6403645670413971,0.7016735352575778,0.8125746090710162,0.7252285268902777
2023-03-22 11:00:00,0.4990176975727081,0.7707900923490525,0.7207542403787374,0.8859779737144708,0.7513121549785137
2023-03-22 12:00:00,0.4783508276939392,0.842494588047266,0.7092177249491214,0.8752836526930331,0.7504304689168929
2023-03-22 13:00:00,0.5382921254634856,0.9009014792740344,0.745313735678792,0.8649962505698203,0.7694089095294475
2023-03-22 14:00:00,0.7249689421057701,0.9505310226976871,0.8348128241300583,0.833300167620182,0.8129254417866467
2023-03-22 15:00:00,0.6335759690403937,0.9361841012537478,0.691175284832716,0.6066783528774976,0.6516341102868318
2023-03-22 16:00:00,0.5729658763110637,0.9728584516048431,0.6601434190571307,0.45191431663930415,0.6532372294366359
2023-03-22 17:00:00,0.45505571484565727,0.9518873958289622,0.5713143599778413,0.4753389346599578,0.5958529065549374
2023-03-22 18:00:00,0.29235009789466854,0.8985426439344882,0.49103120572865,0.6540251864492892,0.5450509073585271
2023-03-22 19:00:00,0.19737513378262517,0.5867520427703856,0.3421531604975462,0.6467960434406995,0.3683863195776939
2023-03-22 20:00:00,0.19180787160992618,0.44483253479003904,0.2897466583549976,0.6186557775735854,0.316857446283102
2023-03-22 21:00:00,0.3628517913818359,0.5989905154705046,0.5555634738504885,0.9268957963585852,0.5927704745531082
2023-03-22 22:00:00,0.5384331822395324,0.8878530193865298,0.8509553115069867,0.9872204193472862,0.9343991085886956
2023-03-22 23:00:00,0.5624405896663665,0.8832710149884223,0.8701599313318729,0.9821287417411804,0.938686834052205
2023-03-23 00:00:00,0.7234000696241855,0.8114118853211403,0.8870492722094058,0.9419935584813355,0.8884105280041694
2023-03-23 01:00:00,0.7921287657320499,0.9621229889988898,0.8708370761573314,0.9346169812977314,0.8353640522062777
2023-03-23 02:00:00,0.8841681250929831,0.9649956373870372,0.9379604997485875,0.9829563869535923,0.9342274545878172
2023-03-23 03:00:00,0.9049871952831745,0.9436608034372329,0.9337964192032814,0.9478511410206556,0.9194304533302784
2023-03-23 04:00:00,0.9152983459830284,0.9459421646595001,0.9133098339289425,0.9125452354550362,0.8896462727338075
2023-03-23 05:00:00,0.9429076424241065,0.9677873073518275,0.9460320714861153,0.9685400666296482,0.921337707787752
2023-03-23 06:00:00,0.9734978812932967,0.9797800841927528,0.9447950115054844,0.9278667771816252,0.9108680007606744
2023-03-23 07:00:00,0.9590644335746764,0.9715612666308879,0.9440858948975801,0.9582611636817455,0.9130977383255958
2023-03-23 08:00:00,0.97421785145998,0.9807849782705307,0.9505208798497915,0.9615351717174052,0.9195920047163961
2023-03-23 09:00:00,0.9668484856188296,0.9682006299495696,0.955797045379877,0.9819033152610063,0.9231850518286228
2023-03-23 10:00:00,0.9686244451999664,0.9658866798877717,0.939942856580019,0.928095417767763,0.9125772541016339
2023-03-23 11:00:00,0.9781616750359534,0.9762434011697769,0.9418048994988202,0.9002559024095536,0.8971106774359942
2023-03-23 12:00:00,0.9541963031888008,0.8910744526982306,0.8865001907944678,0.7873141822963953,0.8056177208572625
2023-03-23 13:00:00,0.8072264468669891,0.7527425511181354,0.7065985048562288,0.6158479461818932,0.6335662192106246
2023-03-23 14:00:00,0.7075263960659504,0.6273355638980864,0.6139153434336184,0.5408680844306945,0.5368538806587457
2023-03-23 15:00:00,0.5556107914447783,0.43305485248565667,0.4636848819255828,0.3588029997050762,0.38579387195408343
2023-03-23 16:00:00,0.48203657150268553,0.2948302462697029,0.461034848690033,0.3683889009803534,0.4057245617359876
2023-03-23 17:00:00,0.5890615141391753,0.4374386596679688,0.5721412903070449,0.5824731855094432,0.530271793603897
2023-03-23 18:00:00,0.8604869391024113,0.9162008652091026,0.9079426074028015,0.9883132103085517,0.851541320234537
2023-03-23 19:00:00,0.8919454054534435,0.5223607683181761,0.6953330118209122,0.5598875937610864,0.5908145273476839
2023-03-23 20:00:00,0.39351810455322267,0.40639980316162105,0.31903481930494304,0.3897950445860624,0.301501815766096
2023-03-23 21:00:00,0.44311492919921874,0.6418445034325122,0.46389398813247673,0.681391046270728,0.463615733385086
2023-03-23 22:00:00,0.7143673716485499,0.8455911496281623,0.7746854426711798,0.9039319857954978,0.7707064934819936
2023-03-23 23:00:00,0.8974124035239219,0.9403356060385704,0.8754562212526797,0.8910358732193707,0.8518562337011099
2023-03-24 00:00:00,0.8925002346932888,0.9623585070669651,0.8948453864455224,0.9171963810920715,0.874806324839592
2023-03-24 01:00:00,0.9938720080256462,0.9973830804228783,0.9923002831637858,0.9578276159614323,0.9827941508591174
2023-03-24 02:00:00,0.9994607329368591,1.0,0.9940431508421899,0.896420525163412,0.9856400613486767
2023-03-24 03:00:00,0.8231018063426017,0.8896994015574455,0.7788731662929057,0.5108478473871946,0.7335429726541042
2023-03-24 04:00:00,0.7193837738037108,0.869505897462368,0.6212038474529981,0.3817195016145706,0.5750967444479465
2023-03-24 05:00:00,0.9809578689932823,0.9523979511857033,0.9363740279525518,0.5564876811951399,0.8843811170011758
2023-03-24 06:00:00,0.9993267977237701,0.989416321516037,0.9856451834738253,0.636424046009779,0.9631480520218609
2023-03-24 07:00:00,0.9954513096809388,0.9890541097521781,0.9810645900666713,0.6186008385568856,0.9563257025927303
2023-03-24 08:00:00,0.9813479104638099,0.9649852718412875,0.9680440121889113,0.6655678201466798,0.9228169095516204
2023-03-24 09:00:00,0.9624760425090788,0.9171308602392674,0.9323104210942983,0.793451648801565,0.8760904764384031
2023-03-24 10:00:00,0.8663919602334499,0.8397102427482604,0.8193287087976933,0.8336760015040636,0.7413725922256706
2023-03-24 11:00:00,0.7848178657889365,0.8077162529528141,0.7253092708438633,0.8585580885410308,0.6572407728433608
2023-03-24 12:00:00,0.7215544074773788,0.810932410955429,0.6311061228066681,0.7015228275954724,0.567334129884839
2023-03-24 13:00:00,0.3993296970427036,0.6110120771825314,0.2531259708851576,0.3219706960022449,0.2288539051264524
2023-03-24 14:00:00,0.2262238416075706,0.4055341553688049,0.1330847057327628,0.18332342773675916,0.11133853729814289
2023-03-24 15:00:00,0.12795347034931182,0.13291143268346783,0.05215469153597951,0.07981790209189057,0.03000214241445065
2023-03-24 16:00:00,0.20479808792471882,0.1303231259435415,0.09621491599828003,0.08912173923105002,0.05895123634487391
2023-03-24 17:00:00,0.22128774523735045,0.17405614569783207,0.10212185297161341,0.08136724710464477,0.05704015288501978
2023-03-24 18:00:00,0.16350066244602202,0.15898437350988384,0.07849061623215675,0.09274325132369994,0.04907467231154442
2023-03-24 19:00:00,0.07877279929816723,0.11289692901074885,0.03973818574100733,0.04937492825090885,0.027731325030326843
2023-03-24 20:00:00,0.05152736105024815,0.06503632590174674,0.02562314653769136,0.059031641278415925,0.017466069534420967
2023-03-24 21:00:00,0.029021058231592182,0.052234079167246816,0.014623624924570321,0.0601766918413341,0.010433388408273458
2023-03-24 22:00:00,0.030545107275247577,0.04800782591104508,0.02146937318146229,0.07859451048076152,0.018241866156458855
2023-03-24 23:00:00,0.029328728765249255,0.06442376740276813,0.014662985894829037,0.07138264112174511,0.011820440497249366
2023-03-25 00:00:00,0.008189833015203476,0.0460996463149786,0.0035535490140318864,0.11809116633608936,0.0035935422219336034
2023-03-25 01:00:00,0.005694357976317406,0.04015369638800621,0.004420012254267931,0.19120706312358376,0.004684770349413156
2023-03-25 02:00:00,0.006038821078836918,0.038657418712973596,0.003771179616451263,0.19854044202715154,0.003847117573022842
2023-03-25 03:00:00,0.006477458514273166,0.015751944333314897,0.007692915443331003,0.15710615582764148,0.011221143770962953
2023-03-25 04:00:00,0.11412107594311235,0.07653070993721486,0.09801416784524916,0.17054251408204432,0.09765243962407112
2023-03-25 05:00:00,0.22032166481018062,0.10366478130221367,0.3017841032147407,0.2338932531699538,0.3253641086816787
2023-03-25 06:00:00,0.3461915028095245,0.14585199877619742,0.5354695200920104,0.37295518659055227,0.5383964186906813
2023-03-25 07:00:00,0.45573149919509887,0.25519843935966485,0.6500742534548044,0.48681685335934155,0.6413276965171097
2023-03-25 08:00:00,0.5546082711219786,0.353804994225502,0.7370453590899705,0.5972231370210647,0.7404317709058522
2023-03-25 09:00:00,0.6421155302226542,0.5681619690358638,0.7949407175928354,0.7247388418018816,0.7976259192824363
2023-03-25 10:00:00,0.770173039138317,0.7340531086921691,0.8974925810843706,0.8561134765297174,0.8955996242910623
2023-03-25 11:00:00,0.969678931236267,0.9263555185496806,0.9948581843078137,0.9952637213468551,0.9980536456406117
2023-03-25 12:00:00,1.0,0.99521230250597,1.0,1.0,1.0
2023-03-25 13:00:00,1.0,1.0,1.0,1.0,1.0
2023-03-25 14:00:00,1.0,1.0,1.0,1.0,1.0
2023-03-25 15:00:00,1.0,1.0,1.0,1.0,1.0
2023-03-25 16:00:00,1.0,1.0,1.0,1.0,1.0
2023-03-25 17:00:00,1.0,1.0,1.0,1.0,1.0
2023-03-25 18:00:00,1.0,1.0,1.0,1.0,1.0
2023-03-25 19:00:00,1.0,1.0,1.0,1.0,1.0
2023-03-25 20:00:00,1.0,1.0,1.0,1.0,1.0
2023-03-25 21:00:00,1.0,1.0,1.0,1.0,1.0
2023-03-25 22:00:00,1.0,1.0,1.0,1.0,1.0
2023-03-25 23:00:00,1.0,1.0,1.0,1.0,1.0
2023-03-26 00:00:00,1.0,1.0,1.0,1.0,1.0
2023-03-26 01:00:00,1.0,1.0,1.0,1.0,1.0
2023-03-26 02:00:00,1.0,1.0,1.0,1.0,1.0
2023-03-26 03:00:00,1.0,0.9842492523789406,1.0,1.0,1.0
2023-03-26 04:00:00,1.0,1.0,1.0,1.0,1.0
2023-03-26 05:00:00,1.0,1.0,1.0,1.0,1.0
2023-03-26 06:00:00,1.0,1.0,1.0,1.0,1.0
2023-03-26 07:00:00,1.0,1.0,1.0,1.0,1.0
2023-03-26 08:00:00,1.0,1.0,1.0,1.0,1.0
2023-03-26 09:00:00,1.0,1.0,1.0,1.0,1.0
2023-03-26 10:00:00,1.0,1.0,1.0,1.0,1.0
2023-03-26 11:00:00,1.0,1.0,1.0,1.0,1.0
2023-03-26 12:00:00,1.0,1.0,1.0,1.0,1.0
2023-03-26 13:00:00,1.0,1.0,1.0,1.0,1.0
2023-03-26 14:00:00,1.0,1.0,1.0,1.0,1.0
2023-03-26 15:00:00,1.0,1.0,1.0,1.0,1.0
2023-03-26 16:00:00,1.0,1.0,1.0,0.9918024414777755,1.0
2023-03-26 17:00:00,1.0,1.0,1.0,0.9816494757682085,1.0
2023-03-26 18:00:00,1.0,1.0,0.995686045885086,0.9175418800115585,0.9919956611096858
2023-03-26 19:00:00,1.0,1.0,0.9939732801914215,0.8864273533225058,0.9878260916471482
2023-03-26 20:00:00,1.0,1.0,0.9934078173339367,0.7789707818627357,0.9902672858536243
2023-03-26 21:00:00,1.0,1.0,0.9874220904707909,0.6417055913060904,0.983880802616477
2023-03-26 22:00:00,1.0,1.0,0.9666184066236019,0.5016478749364613,0.9494451298564672
2023-03-26 23:00:00,0.9938738471269608,0.9937295156717301,0.9410336764156818,0.4151084327697754,0.9045368319749831
2023-03-27 00:00:00,0.9606203182041644,0.9823503726720809,0.8418885137885809,0.3239368450269103,0.7726511830091476
2023-03-27 01:00:00,0.812750527113676,0.880790489912033,0.7308977196365594,0.3252118242532015,0.6717694903165101
2023-03-27 02:00:00,0.8317640799283981,0.7887189826369285,0.6939908125251532,0.19958551324903964,0.6137832185626029
2023-03-27 03:00:00,0.4667832291126251,0.3913750076293945,0.3414735887944698,0.058563664630055426,0.2761449867486953
2023-03-27 04:00:00,0.368259162902832,0.3055169084668159,0.20257472265511747,0.01194893078878522,0.12874632675200698
2023-03-27 05:00:00,0.47702047467231745,0.4108510112762451,0.18510872943326828,0.018660605382174254,0.06810430079698562
2023-03-27 06:00:00,0.15155257418751714,0.17951102912425992,0.03571180619299411,0.057810532562434666,0.0013522140868008135
2023-03-27 07:00:00,0.10348749406635761,0.13789685919880865,0.020365264229476453,0.06534401904791592,0.0007777741365134715
2023-03-27 08:00:00,0.04894873261451721,0.09222920253872871,0.008463400006294251,0.13053892612457274,0.0025375215522944923
2023-03-27 09:00:00,0.0061808046698570256,0.022198728397488595,0.029390913769602775,0.22630358465015885,0.03474082488566637
2023-03-27 10:00:00,0.0,0.0008668972179293632,0.05762920841574668,0.1953912581503391,0.06126927904784678
2023-03-27 11:00:00,0.012734111845493317,0.0,0.07020500374957919,0.08566169127821922,0.08632430016994476
2023-03-27 12:00:00,0.023133119493722917,0.003947942629456519,0.0328590770252049,0.023231317922472954,0.04107201792299747
2023-03-27 13:00:00,0.010394004285335542,0.0,0.023789242506027222,0.05243471939116716,0.05592754296958446
2023-03-27 14:00:00,0.021295593641698363,0.0025221335515379904,0.0878355935961008,0.18451007865369318,0.13403460036963222
2023-03-27 15:00:00,0.010731165036559106,0.014248242452740669,0.08747292809188364,0.19990450553596018,0.1290754798054695
2023-03-27 16:00:00,0.08734187632799148,0.08937885791063307,0.17673498470336196,0.3149022197723388,0.21083742082118984
2023-03-27 17:00:00,0.2617382431030273,0.10646799609065055,0.3521658194065094,0.39995825633406634,0.351257824525237
2023-03-27 18:00:00,0.22421118274331092,0.03504436366260052,0.30509475469589226,0.37941929392516605,0.3104007869958877
2023-03-27 19:00:00,0.1542085127532482,0.031944433897733694,0.2529835848510265,0.36735695876181124,0.2759521703794598
2023-03-27 20:00:00,0.18727795213460918,0.04189207799732685,0.22600680686533448,0.31606452867388724,0.22858613353222607
2023-03-27 21:00:00,0.16430921539664267,0.04331118240952492,0.1675355293229222,0.28201189436018465,0.16740981038659808
2023-03-27 22:00:00,0.16296452805399894,0.06852861084043979,0.13989267885684964,0.24422564186155793,0.1259268670156598
2023-03-27 23:00:00,0.1953111997246742,0.1088640110194683,0.14997051175683734,0.2653011739626527,0.1358997410535812
2023-03-28 00:00:00,0.19243354320526118,0.1537015363574028,0.15524910308420656,0.3865634578466415,0.14846649061888456
2023-03-28 01:00:00,0.13302057594060895,0.1528436335921287,0.12261609494686124,0.4705242383107543,0.1404453422129154
2023-03-28 02:00:00,0.07580674193799496,0.11236595168709754,0.07600994490087032,0.5077494786307215,0.10413538083434104
2023-03-28 03:00:00,0.024298131018877032,0.008783830516040324,0.030320760216563943,0.34005361931398503,0.042669388502836234
2023-03-28 04:00:00,0.00775655772536993,0.005631626136600971,0.00592184854671359,0.2645200738683343,0.00684776734560728
2023-03-28 05:00:00,0.0009262866154313087,0.05895228497684002,0.0005144781991839409,0.2114134807139635,0.0019674149528145788
2023-03-28 06:00:00,0.011185327470302583,0.13784054249525068,0.00416374085471034,0.19320272533223032,0.014323101937770845
2023-03-28 07:00:00,0.03980719164013863,0.1658755527436733,0.02261711558327079,0.1865794790163636,0.032856279164552686
2023-03-28 08:00:00,0.05228175658732652,0.1384047405421734,0.028926820028573275,0.12552714455872774,0.03246212089434265
2023-03-28 09:00:00,0.0631369610875845,0.11370234459638595,0.034668036773800856,0.08390409722924233,0.030363145470619204
2023-03-28 10:00:00,0.06943039029836655,0.061507313773036004,0.04029916666448116,0.09688216321170329,0.030223364308476452
2023-03-28 11:00:00,0.09348759047687054,0.03236789464950562,0.06904890324920417,0.18074598375707862,0.05081861015409231
2023-03-28 12:00:00,0.10030368216335774,0.03962704412639141,0.10269593752920626,0.2528878190368413,0.0865664866939187
2023-03-28 13:00:00,0.13744200885295865,0.075362049639225,0.13459040127694605,0.22246257632970806,0.11843654721975326
2023-03-28 14:00:00,0.18801542460918425,0.08376232288777828,0.11297191917896271,0.1164383528754115,0.0840291254967451
2023-03-28 15:00:00,0.23710354477167125,0.1158202263712883,0.12609899751842019,0.04120868157595396,0.08342959817498921
2023-03-28 16:00:00,0.17244732886552808,0.031684099286794665,0.11349742416292427,0.07150985937565565,0.07811195913702249
2023-03-28 17:00:00,0.15986611917614935,0.0018564186245203017,0.1263998047634959,0.1324837742745876,0.09233211636543273
2023-03-28 18:00:00,0.07703014612197875,0.0,0.05980338927358389,0.08712546419352292,0.04771288953721523
2023-03-28 19:00:00,0.030665024369955066,0.009103931784629822,0.04960915513336659,0.092848661839962,0.05134328849613667
2023-03-28 20:00:00,0.07133581191301346,0.07527044720947743,0.1256236622855067,0.14344307176768778,0.14101130612194537
2023-03-28 21:00:00,0.055323782563209536,0.10651142671704292,0.09467358741909265,0.1326327497512102,0.11070889431983233
2023-03-28 22:00:00,0.061040079817175866,0.1488634008169174,0.10724913276731968,0.1510828138887882,0.1231541497632861
2023-03-28 23:00:00,0.08524877943098544,0.1631856448948383,0.1451697275042534,0.16457910157740113,0.16348160542547702
2023-03-29 00:00:00,0.15197313502430915,0.21040441438555713,0.20282697424292562,0.13338991235941647,0.2170678586512804
2023-03-29 01:00:00,0.24398948490619654,0.19850987985730167,0.2266445456445217,0.08252860670909286,0.221806551143527
2023-03-29 02:00:00,0.21105204775929448,0.19059327021241185,0.20543331936001774,0.0734309141151607,0.20469656646251672
2023-03-29 03:00:00,0.0761137530952692,0.05270449250936508,0.09681380786001682,0.06542211901396514,0.1041372187808156
2023-03-29 04:00:00,0.0878714521974325,0.03727924838662147,0.16659539628773926,0.1614430202916264,0.19981524959206579
2023-03-29 05:00:00,0.2029597972333431,0.04966370798647403,0.2914779531955719,0.28644144505262376,0.33895452998578546
2023-03-29 06:00:00,0.4488633787631988,0.18467181868851185,0.44059097588062285,0.44832311213016496,0.45084913015365596
2023-03-29 07:00:00,0.6006497299671172,0.5006935536861419,0.5288234603404998,0.62956113435328,0.4914292100816964
2023-03-29 08:00:00,0.6614916650950908,0.7574266484379768,0.641803699582815,0.8210028210282324,0.6000381837040185
2023-03-29 09:00:00,0.7813257184624671,0.9383772580325602,0.8228120034933089,0.9203238762170075,0.8021666485071182
2023-03-29 10:00:00,0.9371458996832369,0.9989256000518798,0.9383540704846381,0.9280111905932426,0.9113169598579407
2023-03-29 11:00:00,0.9840866819024086,1.0,0.9588032445311546,0.8960008681565523,0.9190088687837124
2023-03-29 12:00:00,0.9874217629432678,0.996963111758232,0.9445740973204374,0.7771534981578587,0.8978931515663862
2023-03-29 13:00:00,0.9856031957268714,0.9874807205796241,0.8906253226846457,0.6059761040657758,0.817721009477973
2023-03-29 14:00:00,0.9600654360651969,0.9633566030859946,0.8106305170804261,0.5287535562366247,0.7156564625352619
2023-03-29 15:00:00,0.9649876146018505,0.9820133155584335,0.84402322396636,0.6348710643500088,0.7575030306726693
2023-03-29 16:00:00,0.9344497424364089,0.9741277810931205,0.8493531069159508,0.8668699491024017,0.7805557476729154
2023-03-29 17:00:00,0.9522633054852485,0.9867644438147545,0.9555316407233476,0.990149712562561,0.9287223137915134
2023-03-29 18:00:00,0.9774121576547622,0.9884962692856789,0.9808466413617134,0.9986773365736008,0.9647550007700919
2023-03-29 19:00:00,0.9983332270383833,1.0,0.9950457498431206,0.9907157985866069,0.9880501656234264
2023-03-29 20:00:00,1.0,1.0,1.0,1.0,1.0
2023-03-29 21:00:00,1.0,1.0,1.0,1.0,1.0
2023-03-29 22:00:00,1.0,1.0,1.0,1.0,1.0
2023-03-29 23:00:00,1.0,1.0,1.0,1.0,1.0
2023-03-30 00:00:00,1.0,1.0,1.0,1.0,1.0
2023-03-30 01:00:00,1.0,1.0,1.0,1.0,1.0
2023-03-30 02:00:00,1.0,1.0,1.0,1.0,1.0
2023-03-30 03:00:00,1.0,1.0,1.0,1.0,1.0
2023-03-30 04:00:00,1.0,1.0,1.0,1.0,1.0
2023-03-30 05:00:00,1.0,1.0,1.0,1.0,1.0
2023-03-30 06:00:00,1.0,1.0,0.9994706276059151,0.9987103036046029,1.0
2023-03-30 07:00:00,1.0,1.0,0.9971111062169075,0.9862923495471476,0.9984952047467233
2023-03-30 08:00:00,0.9866730815172196,1.0,0.9900449141860008,0.960157437622547,0.9872660776972771
2023-03-30 09:00:00,0.9049760025739669,1.0,0.9370478131622075,0.8987400316447018,0.957369874715805
2023-03-30 10:00:00,0.8798405236005782,1.0,0.9003461238741874,0.8428165935724974,0.9104922966659069
2023-03-30 11:00:00,0.6860164067149161,0.9746885854005813,0.7520509364455938,0.7085724110156297,0.7648673784732818
2023-03-30 12:00:00,0.5296187484264373,0.8172722844779491,0.5764169897884129,0.5038772100210189,0.5678637231141328
2023-03-30 13:00:00,0.314967660009861,0.5826577401161193,0.32054944582283496,0.3078946450352668,0.30535058543086047
2023-03-30 14:00:00,0.23794058248400685,0.31486807793378824,0.2444336595386266,0.18945704296231267,0.2214487179368734
2023-03-30 15:00:00,0.22410654976963995,0.22161605685949323,0.11380799937993288,0.08570296555757521,0.07179758828133344
2023-03-30 16:00:00,0.15993930608034132,0.14529700644314286,0.06875796444714069,0.025636163800954823,0.03841112066060305
2023-03-30 17:00:00,0.15832391068339347,0.13831632591784,0.06922016195952892,0.014945293180644513,0.04414670586585999
2023-03-30 18:00:00,0.11563430592417716,0.12514593333005902,0.0929774137213826,0.026318189650773996,0.07783013444393874
2023-03-30 19:00:00,0.1439010016620159,0.22601110547780986,0.10274999655783176,0.06168733052909374,0.08896083202213048
2023-03-30 20:00:00,0.16169050067663193,0.2218569481372833,0.1430164884775877,0.16165047466754912,0.12612831365317106
2023-03-30 21:00:00,0.21392626479268073,0.3101387359201908,0.2022323954105377,0.2155529722571373,0.18881875477731225
2023-03-30 22:00:00,0.2476905404031276,0.39828685760498045,0.24164537668228148,0.23007608234882349,0.2276689115166664
2023-03-30 23:00:00,0.34855121731758115,0.4837219715118408,0.31272247172892087,0.2467389922589063,0.2919643372297287
2023-03-31 00:00:00,0.3803884948790073,0.5344736433029174,0.32134925238788126,0.21085939422249791,0.29370243787765504
2023-03-31 01:00:00,0.38117080688476557,0.4319646453857422,0.3322137695550918,0.20740547925233838,0.2986720931529998
2023-03-31 02:00:00,0.38572719573974606,0.4201513290405273,0.35108745157718657,0.22774730242788788,0.32326377376914023
2023-03-31 03:00:00,0.3375640174746513,0.3380793331563472,0.2750908498466014,0.26342414036393164,0.248710476309061
2023-03-31 04:00:00,0.3430580139160156,0.31940913408994676,0.30486286178231237,0.3751842584460974,0.2823594173043966
2023-03-31 05:00:00,0.4368632125854492,0.372972183227539,0.31816270679235453,0.51821851298213,0.25725369267165654
2023-03-31 06:00:00,0.41491691589355467,0.32288458302617074,0.43152761578559873,0.6954828042536974,0.3873417526483535
2023-03-31 07:00:00,0.4128713226318359,0.49685444593429556,0.47238606691360463,0.7181267465651034,0.463139436841011
2023-03-31 08:00:00,0.4566745436191558,0.7176082304120062,0.47012552380561823,0.6644377654045819,0.4680893292278051
2023-03-31 09:00:00,0.4715854406356811,0.8003964653611182,0.43735372304916376,0.5946259336918591,0.4295445211976766
2023-03-31 10:00:00,0.40870783805847166,0.7180853201448916,0.41675052702426907,0.6438615309447049,0.41155991524457924
2023-03-31 11:00:00,0.4048306226730346,0.65576054289937,0.45046883285045625,0.5971148299425839,0.4386356079578399
2023-03-31 12:00:00,0.3973635882139206,0.7120780324935911,0.3547832508385181,0.3761742521822452,0.32853701137006286
2023-03-31 13:00:00,0.2857879735529423,0.5169609642028808,0.28354999326169483,0.3696999732404947,0.26997897014021865
2023-03-31 14:00:00,0.28777876257896423,0.487980580329895,0.3057995196431875,0.578486878722906,0.3006457123160362
2023-03-31 15:00:00,0.15350207954645154,0.44022507071495054,0.3366643621772527,0.8636539261043071,0.3748242439329623
2023-03-31 16:00:00,0.3868090438842773,0.7240989266335963,0.7250286743789911,0.9942749916017055,0.7959563918411731
2023-03-31 17:00:00,0.6823271466791629,0.9238502381742,0.9018469459563493,1.0,0.9600599232316017
2023-03-31 18:00:00,0.9607257993519305,0.9929283514618874,0.9931998696923257,1.0,0.9964955696463584
2023-03-31 19:00:00,0.9331939087808131,1.0,0.9774581398814917,1.0,0.990272445976734
2023-03-31 20:00:00,0.9851471289992333,1.0,0.996911768913269,1.0,1.0
2023-03-31 21:00:00,0.978186616897583,1.0,0.9933082778751849,1.0,0.9963449989259243
2023-03-31 22:00:00,0.8515229687094688,1.0,0.9335028925538063,1.0,0.9903141829371452
2023-03-31 23:00:00,0.6616167245805262,0.989541380405426,0.8942336588352918,1.0,0.9569186397641897
2023-04-01 00:00:00,0.4587552964687347,0.921554584056139,0.8121824859827756,0.9928436920046806,0.9043051511794329
2023-04-01 01:00:00,0.5997944629192351,0.8412703335285185,0.7892358724027873,0.9622913665324448,0.8433300775289534
2023-04-01 02:00:00,0.4727431559562683,0.5700979387760161,0.6246909490227699,0.8215588126331567,0.6629804793745279
2023-04-01 03:00:00,0.16628590673208235,0.19411471158266064,0.3007513378560543,0.5359147101640701,0.35656798630952835
2023-04-01 04:00:00,0.19592255398631092,0.28754785761237145,0.352432297244668,0.48770743668079364,0.4036969396471976
2023-04-01 05:00:00,0.303592667132616,0.47178925752639767,0.4616882733255624,0.4927981063723563,0.4933813428878783
2023-04-01 06:00:00,0.2579874415695667,0.41807048797607416,0.35344279438257215,0.5131529921293257,0.38006209291517734
2023-04-01 07:00:00,0.39610012054443355,0.4262756729125976,0.6212969534099101,0.8811515999585389,0.6511051239818334
2023-04-01 08:00:00,0.2838482530415058,0.4409618377685547,0.41907767213881014,0.7510263610631226,0.4929823591560124
2023-04-01 09:00:00,0.38140365600585935,0.4103015899658203,0.6492632410675286,0.9516735073924064,0.7262428893148899
2023-04-01 10:00:00,0.6704020431637763,0.8697581641376018,0.8793394067138433,0.996890117675066,0.9211852001398801
2023-04-01 11:00:00,0.8716959834098816,0.9445080256462097,0.96607517644763,1.0,0.9924963298439979
2023-04-01 12:00:00,0.9771387091279029,0.9902752730250358,0.9945176693797111,1.0,1.0
2023-04-01 13:00:00,0.9935140824317932,0.9954200145602226,0.999687337577343,1.0,1.0
2023-04-01 14:00:00,1.0,0.9640590862929821,1.0,1.0,1.0
2023-04-01 15:00:00,1.0,0.9704924446344375,1.0,1.0,1.0
2023-04-01 16:00:00,1.0,1.0,1.0,1.0,1.0
2023-04-01 17:00:00,1.0,1.0,1.0,1.0,1.0
2023-04-01 18:00:00,1.0,1.0,1.0,1.0,1.0
2023-04-01 19:00:00,1.0,1.0,1.0,1.0,1.0
2023-04-01 20:00:00,1.0,1.0,1.0,0.8736200032383203,1.0
2023-04-01 21:00:00,1.0,1.0,0.9667421171814203,0.5897943843156099,0.9489003655314445
2023-04-01 22:00:00,0.9996257960796356,1.0,0.9418025796860456,0.6477947321534155,0.891985075250268
2023-04-01 23:00:00,1.0,0.9851680126786231,0.9272172016650437,0.8930839567631483,0.8694931675493716
2023-04-02 00:00:00,0.9881494238972663,0.9543074068427085,0.962920888364315,0.9934240120649338,0.9354288174211979
2023-04-02 01:00:00,1.0,1.0,1.0,1.0,1.0
2023-04-02 02:00:00,1.0,1.0,1.0,1.0,1.0
2023-04-02 03:00:00,1.0,1.0,1.0,1.0,1.0
2023-04-02 04:00:00,1.0,1.0,1.0,1.0,1.0
2023-04-02 05:00:00,1.0,1.0,1.0,1.0,1.0
2023-04-02 06:00:00,1.0,1.0,1.0,1.0,1.0
2023-04-02 07:00:00,1.0,1.0,1.0,1.0,1.0
2023-04-02 08:00:00,1.0,1.0,1.0,1.0,1.0
2023-04-02 09:00:00,1.0,1.0,0.9907593138515949,0.9882164523005486,0.9857786931097506
2023-04-02 10:00:00,1.0,1.0,0.9800042681396008,0.958258943259716,0.9737195158004759
2023-04-02 11:00:00,0.9922370165586472,1.0,0.9501996263116598,0.9076716866344213,0.9286052859574556
2023-04-02 12:00:00,0.9456052027642725,0.9859325468540191,0.8497772306948899,0.8036251886934042,0.7986589612811802
2023-04-02 13:00:00,0.795375452786684,0.78587181314826,0.6381704254448413,0.5893325658887625,0.571924836039543
2023-04-02 14:00:00,0.5540115690231322,0.41485477447509767,0.3940360965579748,0.3224506069719791,0.3262542685121298
2023-04-02 15:00:00,0.23484424754977223,0.1324210402369499,0.16078137908130882,0.14846519622951745,0.12431621585041283
2023-04-02 16:00:00,0.06586799927055836,0.006003354117274285,0.040123534165322786,0.06030971873551608,0.027046082057058815
2023-04-02 17:00:00,0.00631254106760025,0.0,0.00466921616345644,0.032398466020822525,0.004244933649897575
2023-04-02 18:00:00,0.0,0.0,0.0007168973051011562,0.021620414685457945,0.001099084708839655
2023-04-02 19:00:00,0.0,0.0,0.0005461148731410503,0.022904677297919993,0.0006501709856092929
2023-04-02 20:00:00,0.0,0.0,0.0012618554756045341,0.043837446421384804,0.0012268455140292643
2023-04-02 21:00:00,0.0,0.0,0.008054281659424305,0.07261279292404652,0.008500193841755389
2023-04-02 22:00:00,0.0036268137022852894,0.002448800317943096,0.020675561428070068,0.08565301656723022,0.023654658496379856
2023-04-02 23:00:00,0.026379368901252746,0.01568998418748379,0.049983405098319056,0.08434379961341619,0.051806251257658004
2023-04-03 00:00:00,0.07173270359635353,0.043134562820196155,0.09429867822676898,0.11331725127995013,0.08953356087207794
2023-04-03 01:00:00,0.14781127363443372,0.1076292535662651,0.1681899234652519,0.1547228571772575,0.15625325612723825
2023-04-03 02:00:00,0.21804265692830083,0.18652160719037053,0.21669018700718876,0.17976702287793156,0.20146497555077073
2023-04-03 03:00:00,0.22548109188675874,0.19541830360889434,0.23951376572251315,0.29176775857806203,0.22895199850201603
2023-04-03 04:00:00,0.4408339691162109,0.3849821472167968,0.46644665122032164,0.62136268787086,0.4335287475585937
2023-04-03 05:00:00,0.708483146727085,0.7482568791508675,0.7345180070400238,0.8667799301445483,0.6813299211114644
2023-04-03 06:00:00,0.8267591010034083,0.9833910304307937,0.8596535095572471,0.9254583398997783,0.8145719971507787
2023-04-03 07:00:00,0.7949470083415507,1.0,0.8626146688312292,0.9489728485792875,0.8269139768183231
2023-04-03 08:00:00,0.8379302367568016,1.0,0.9132255876064299,0.9925806549191475,0.8731778952479362
2023-04-03 09:00:00,0.9251743753254413,1.0,0.9622049585729837,1.0,0.948716539144516
2023-04-03 10:00:00,0.9312956443428992,1.0,0.9638567274808884,1.0,0.961459185630083
2023-04-03 11:00:00,0.8784265521168708,0.9895844548940658,0.9392358159273864,1.0,0.9462187518179417
2023-04-03 12:00:00,0.9159641416370868,0.9989842689037323,0.9621435695141554,1.0,0.970001660734415
2023-04-03 13:00:00,0.9974055296182631,1.0,0.9987027648091316,1.0,1.0
2023-04-03 14:00:00,1.0,1.0,1.0,1.0,1.0
2023-04-03 15:00:00,1.0,1.0,1.0,1.0,1.0
2023-04-03 16:00:00,1.0,1.0,1.0,1.0,1.0
2023-04-03 17:00:00,1.0,1.0,1.0,1.0,1.0
2023-04-03 18:00:00,1.0,1.0,1.0,1.0,1.0
2023-04-03 19:00:00,1.0,1.0,0.9991894882917405,0.981281073540449,0.9945736555755138
2023-04-03 20:00:00,1.0,1.0,0.9770454252511263,0.722359073087573,0.9734382269531487
2023-04-03 21:00:00,1.0,1.0,0.9029721683263778,0.4836400803178549,0.8562766683846712
2023-04-03 22:00:00,0.9985814145207406,0.9883782932162284,0.8661788364499806,0.4056487759202719,0.7894276888668537
2023-04-03 23:00:00,1.0,0.9691081631183623,0.875382292792201,0.33753796383738516,0.789463705420494
2023-04-04 00:00:00,0.9864817541837692,0.8536574105918406,0.7834508577734232,0.2794917520880699,0.6928357280790806
2023-04-04 01:00:00,0.8532004807889461,0.5687612152099608,0.6084873836487531,0.33059339560568324,0.5011294046044349
2023-04-04 02:00:00,0.5524878299236297,0.3459174346923828,0.47673913896083825,0.5033727997541427,0.43099623955786226
2023-04-04 03:00:00,0.16524229243397712,0.15244781509041783,0.11684174660593272,0.2368334792554378,0.1212808271870017
2023-04-04 04:00:00,0.13386175021529195,0.1766176541149616,0.09694436207413673,0.5915980147570371,0.10145765617489814
2023-04-04 05:00:00,0.12086192533373831,0.08764078825712204,0.21206413313746453,0.7930504436790942,0.20662457711994647
2023-04-04 06:00:00,0.16648813366889953,0.04036583364009857,0.3133519799262285,0.7428994873911142,0.28503378294408316
2023-04-04 07:00:00,0.24161946460604666,0.02515716012567282,0.31256858341395855,0.59993065610528,0.2809170354902744
2023-04-04 08:00:00,0.20167142435908314,0.016607066579163075,0.28137551285326473,0.4820557151734828,0.25913538716733453
2023-04-04 09:00:00,0.1612847402691841,0.0004013792425394058,0.23145274013280867,0.36298839285969736,0.19393528819084166
2023-04-04 10:00:00,0.1677468007802963,0.0,0.22592783503234382,0.2053610526025295,0.1781913128495216
2023-04-04 11:00:00,0.15248262897133824,0.002874017059803009,0.19488292977213856,0.09987701967358588,0.15552959889173507
2023-04-04 12:00:00,0.19380252346396443,0.005128062069416046,0.1974545232951641,0.07339402101933955,0.17552986972033974
2023-04-04 13:00:00,0.1985165891051292,0.0007009420916438104,0.14600557386875151,0.054312258698046206,0.1166183621995151
2023-04-04 14:00:00,0.1423546168208122,0.0,0.08314089052379131,0.028927782718092203,0.05529580499976874
2023-04-04 15:00:00,0.07168017841875554,0.0,0.028309697359800337,0.0015566497109830379,0.008703113272786141
2023-04-04 16:00:00,0.0036486848071217532,0.0005053051188588142,0.0009417697228491304,0.0,0.0016024092957377433
2023-04-04 17:00:00,0.0014962034299969673,0.0,0.0,0.0006913765892386436,0.0002976380102336406
2023-04-04 18:00:00,0.0012453608959913252,0.02196514625102282,0.0006226804479956626,0.004433317687362433,0.0025119761191308497
2023-04-04 19:00:00,0.004003671705722809,0.010370714142918586,0.0035590073652565475,0.004508339781314134,0.0046815405786037444
2023-04-04 20:00:00,0.007541874945163726,0.011995137743651867,0.005179753303527832,0.0006293550506234169,0.007540167458355427
2023-04-04 21:00:00,0.002947544790804386,0.08543140426278115,0.001473772395402193,0.04216583862900734,0.00036755982786417006
2023-04-04 22:00:00,0.017131034135818485,0.17192053034901617,0.011772694364190102,0.19117959976196286,0.014953920990228655
2023-04-04 23:00:00,0.1052515610307455,0.20382858023047445,0.0761062174476683,0.21112126138061282,0.08681285779923201
2023-04-05 00:00:00,0.19570823252201078,0.21776730269193648,0.19076685823500156,0.24423115037381649,0.21595235660672185
2023-04-05 01:00:00,0.37299491882324215,0.36717917844653125,0.4597622603178024,0.36788222074508664,0.49295903384685513
2023-04-05 02:00:00,0.5344090914726256,0.5349724900722503,0.7112696776539087,0.5699079384654759,0.7398683702945709
2023-04-05 03:00:00,0.34014577135443685,0.3007109059393406,0.4337521117925644,0.4852996534109115,0.41856856346130367
2023-04-05 04:00:00,0.4589837515354156,0.48236296892166136,0.6288941594213246,0.8809526142477988,0.6161904843896627
2023-04-05 05:00:00,0.7935572622716426,0.8379353041946886,0.9288811226189136,0.9916470602154731,0.9419530661404133
2023-04-05 06:00:00,0.9620983107388019,0.9613898047804832,0.9997157752513885,1.0,1.0
2023-04-05 07:00:00,1.0,1.0,1.0,1.0,1.0
2023-04-05 08:00:00,1.0,1.0,1.0,1.0,1.0
2023-04-05 09:00:00,1.0,1.0,1.0,1.0,1.0
2023-04-05 10:00:00,1.0,1.0,1.0,1.0,1.0
2023-04-05 11:00:00,1.0,1.0,1.0,1.0,1.0
2023-04-05 12:00:00,1.0,1.0,1.0,1.0,1.0
2023-04-05 13:00:00,1.0,1.0,1.0,1.0,1.0
2023-04-05 14:00:00,1.0,1.0,1.0,1.0,1.0
2023-04-05 15:00:00,1.0,1.0,1.0,1.0,1.0
2023-04-05 16:00:00,1.0,1.0,1.0,1.0,1.0
2023-04-05 17:00:00,1.0,1.0,1.0,1.0,1.0
2023-04-05 18:00:00,0.9984996429085732,1.0,0.9992498214542865,1.0,1.0
2023-04-05 19:00:00,0.8690491786599158,1.0,0.9389795386791229,1.0,0.982574245557189
2023-04-05 20:00:00,0.6734785784780979,1.0,0.8654087932407856,0.9995094311237336,0.911844788491726
2023-04-05 21:00:00,0.6929032915830612,1.0,0.8484408577531576,0.9676564464718103,0.8733128386735916
2023-04-05 22:00:00,0.7632174237072467,1.0,0.8804405298829078,0.9935146827995777,0.9235543747991324
2023-04-05 23:00:00,0.9682998947799205,1.0,0.9848567778617143,1.0,0.992723922431469
2023-04-06 00:00:00,1.0,1.0,1.0,1.0,1.0
2023-04-06 01:00:00,1.0,1.0,1.0,1.0,1.0
2023-04-06 02:00:00,1.0,1.0,1.0,1.0,1.0
2023-04-06 03:00:00,0.899961026608944,1.0,0.9504206588864326,0.9944347274303436,0.9847978289425373
2023-04-06 04:00:00,0.9898747289180756,1.0,0.9949373644590378,1.0,1.0
2023-04-06 05:00:00,1.0,1.0,1.0,1.0,1.0
2023-04-06 06:00:00,1.0,1.0,1.0,1.0,1.0
2023-04-06 07:00:00,1.0,1.0,1.0,1.0,1.0
2023-04-06 08:00:00,1.0,1.0,1.0,1.0,1.0
2023-04-06 09:00:00,1.0,1.0,1.0,1.0,1.0
2023-04-06 10:00:00,1.0,1.0,1.0,1.0,1.0
2023-04-06 11:00:00,1.0,1.0,1.0,1.0,1.0
2023-04-06 12:00:00,1.0,1.0,1.0,1.0,1.0
2023-04-06 13:00:00,1.0,1.0,1.0,0.9873959927260875,1.0
2023-04-06 14:00:00,1.0,1.0,1.0,0.9540759613364934,1.0
2023-04-06 15:00:00,0.935613453835249,0.9609006091952323,0.8743593194335699,0.6450099068135022,0.8333898732066154
2023-04-06 16:00:00,0.8868383367359638,0.9288158778846263,0.867665420025587,0.7347797024250029,0.8293409044295549
2023-04-06 17:00:00,0.9173748452961444,0.9372466975450515,0.9046696643531321,0.8978240464627743,0.8808979082852602
2023-04-06 18:00:00,1.0,1.0,1.0,0.9173287522792816,0.9998689678311348
2023-04-06 19:00:00,0.9983376044034957,0.994544951915741,0.9921678222715854,0.8702797748893499,0.9813214638829231
2023-04-06 20:00:00,0.9881516125798224,0.9916553589701652,0.9849032808840275,0.8134954772889614,0.9745508503913879
2023-04-06 21:00:00,0.9821448037028312,0.9711085480451583,0.9767245921492576,0.7867402733117341,0.9536494451761245
2023-04-06 22:00:00,0.9845777827501296,0.9781143820285797,0.9841676935553549,0.8396167034655809,0.9675856790691614
2023-04-06 23:00:00,1.0,1.0,1.0,0.8865591318160295,0.9969633701443672
2023-04-07 00:00:00,1.0,1.0,1.0,0.8982332187891006,1.0
2023-04-07 01:00:00,1.0,1.0,1.0,0.8733750350028275,1.0
2023-04-07 02:00:00,1.0,1.0,1.0,0.8788611679524183,1.0
2023-04-07 03:00:00,1.0,1.0,1.0,0.8785850317031144,0.9951352882385254
2023-04-07 04:00:00,1.0,1.0,1.0,0.9499225393682718,0.9954438696801662
2023-04-07 05:00:00,1.0,1.0,1.0,0.9915785498917102,1.0
2023-04-07 06:00:00,1.0,1.0,1.0,1.0,1.0
2023-04-07 07:00:00,1.0,1.0,1.0,1.0,1.0
2023-04-07 08:00:00,1.0,1.0,1.0,0.9989595550298691,1.0
2023-04-07 09:00:00,1.0,1.0,1.0,0.9942855018377303,1.0
2023-04-07 10:00:00,1.0,0.9979232746362686,1.0,0.9846896763145923,0.9966902104020119
2023-04-07 11:00:00,0.9988812488317489,0.988165565431118,0.9897080166637897,0.9702462372928857,0.9840120995044709
2023-04-07 12:00:00,0.9782243108749389,0.8834055489301682,0.9666279249638318,0.9530073972046375,0.9456623920053243
2023-04-07 13:00:00,0.9411922408640384,0.923991307914257,0.9423319789022206,0.8976384577155112,0.9171042807400227
2023-04-07 14:00:00,0.9786945432424545,1.0,0.9785614515841007,0.9004250852763652,0.9569452004134654
2023-04-07 15:00:00,0.9805677363276482,1.0,0.9320990037918091,0.8285628429055214,0.8939305166900158
2023-04-07 16:00:00,0.9857655078172683,1.0,0.9496786274760961,0.8371649161726236,0.9276854909956455
2023-04-07 17:00:00,0.996774337887764,1.0,0.9720465261489153,0.8101999079436063,0.9537396966665983
2023-04-07 18:00:00,1.0,1.0,0.9892256629467011,0.820182035639882,0.9857581970095635
2023-04-07 19:00:00,0.9999984344840049,0.9977740034461021,0.9738563030213118,0.8049937905371188,0.9576646226644515
2023-04-07 20:00:00,0.9458610208332539,0.9706443062424659,0.8778474077582359,0.6924765320867299,0.8342190188914537
2023-04-07 21:00:00,0.796112942546606,0.841862839013338,0.7444580266624687,0.6402926540374755,0.6948146449774504
2023-04-07 22:00:00,0.6693276411294936,0.7453070087730884,0.6379867451637982,0.5633807933330535,0.600748194977641
2023-04-07 23:00:00,0.5679086303710936,0.6805366976559162,0.5419526255130767,0.4866294836997986,0.5201832491159438
2023-04-08 00:00:00,0.6057081973552703,0.646276976019144,0.5719028866291045,0.5117476576566695,0.5416438138484955
2023-04-08 01:00:00,0.664771140962839,0.6957067972421646,0.6045116072893142,0.4547565764188766,0.5673063850402831
2023-04-08 02:00:00,0.6192506706714629,0.6586109293997287,0.5810038006305693,0.3855810976028442,0.5512504583597182
2023-04-08 03:00:00,0.3044696378707885,0.34629376143217083,0.27596158668398857,0.1552090512216091,0.26130789726972575
2023-04-08 04:00:00,0.3463716125488281,0.3482066240906715,0.25840626873075956,0.08912145167589187,0.22616151146590707
2023-04-08 05:00:00,0.26406191095709797,0.20645079463720317,0.16457605883479115,0.03725899521261453,0.12886688087135553
2023-04-08 06:00:00,0.25321378141641615,0.1819965688884258,0.17838407434523104,0.0533229268528521,0.14578629542142152
2023-04-08 07:00:00,0.23871998667716976,0.15032800152897835,0.15999786168336866,0.048986785877496,0.12906697247177362
2023-04-08 08:00:00,0.2518980173766613,0.14418296985328197,0.15306869156658648,0.04340560223907232,0.11787552725523708
2023-04-08 09:00:00,0.19701944798231122,0.11236026972532272,0.12386886924505233,0.03734813529998064,0.1002161445096135
2023-04-08 10:00:00,0.19781461521983146,0.07711840212345122,0.1210282665118575,0.037317729126662015,0.09598091654479503
2023-04-08 11:00:00,0.14724152281880376,0.06717912770807744,0.09112751588225364,0.03201786896213889,0.07449615709483623
2023-04-08 12:00:00,0.12596962124109268,0.09809141978621483,0.07323565203696489,0.03400311078876257,0.059237881004810325
2023-04-08 13:00:00,0.08907661400735378,0.06890110462903977,0.04301593702286481,0.04369644403457641,0.02903983330354095
2023-04-08 14:00:00,0.026049866974353793,0.01954322196543217,0.009095816053450109,0.04015976706519723,0.008274843692779543
2023-04-08 15:00:00,0.004231141991913318,0.0,0.012166721429675818,0.10336021922528743,0.012914436720311643
2023-04-08 16:00:00,0.004346881210803986,0.0,0.04675738427788019,0.16258824169635772,0.05567154489457607
2023-04-08 17:00:00,0.0024441735073924063,0.004764987826347351,0.037214585524052386,0.1503211972117424,0.050104223713278766
2023-04-08 18:00:00,0.005487896837294101,0.02144003175199032,0.0429205615259707,0.16278845500200984,0.05744997896254063
2023-04-08 19:00:00,0.029287676066160204,0.049517276361584664,0.0668048308417201,0.14221663456410166,0.07578629255294801
2023-04-08 20:00:00,0.01991298109292984,0.010711109340190886,0.030820294320583346,0.051600970551371576,0.03125987954437733
2023-04-08 21:00:00,0.009447694718837737,0.0015207109600305557,0.007988635022193193,0.009785444177687168,0.009590123519301415
2023-04-08 22:00:00,0.0030865444615483283,0.0,0.0012327708303928374,0.0030358460918068885,0.0014032658003270625
2023-04-08 23:00:00,0.0,0.010494880340993405,0.0020348048768937584,0.0036160310916602606,0.011856519654393195
2023-04-09 00:00:00,0.015149121135473252,0.0766104582697153,0.026909347362816333,0.01710525907576084,0.036291544064879416
2023-04-09 01:00:00,0.07466698378324509,0.08874808974564075,0.060119671113789075,0.026008852738887075,0.04581797871738672
2023-04-09 02:00:00,0.09359673894941806,0.04153051383793354,0.06375305444002152,0.02472277089953423,0.04794905269518494
2023-04-09 03:00:00,0.059296286329627045,0.02097103074193001,0.039627454802393915,0.017674982286989688,0.0474370321817696
2023-04-09 04:00:00,0.03525576248764992,0.01679414287209511,0.029720229655504228,0.00892701718956232,0.0480889674462378
2023-04-09 05:00:00,0.05675186306238174,0.03856782056391239,0.05144503738731146,0.02152136914432049,0.06575403735041618
2023-04-09 06:00:00,0.11939327277243136,0.06387471288442612,0.11040114007890224,0.05686247441917658,0.11707572232931851
2023-04-09 07:00:00,0.14717131704092024,0.050619059577584266,0.13141126263886688,0.07921329915523528,0.12609369851648805
2023-04-09 08:00:00,0.11170900471508502,0.021122359037399292,0.09862696196883916,0.08212203003466129,0.09205456152558326
2023-04-09 09:00:00,0.08231168508529663,0.004865884706377983,0.08953981067985295,0.08749098170548676,0.09036000829190015
2023-04-09 10:00:00,0.08565400704741477,0.007202979736030101,0.10012936551123858,0.08307378966361284,0.10378116976469755
2023-04-09 11:00:00,0.0887069135904312,0.01392582342028618,0.09231384102255105,0.07012683209031821,0.09504298895597457
2023-04-09 12:00:00,0.06865903064608574,0.011732540167868136,0.07029098678380252,0.06443957410752774,0.0728861977532506
2023-04-09 13:00:00,0.036000331342220304,0.003517884872853755,0.04137857787311078,0.05383354347199202,0.049112103208899506
2023-04-09 14:00:00,0.01837656531482935,0.002621044479310512,0.03049161953851581,0.05575043711811305,0.04247086927294731
2023-04-09 15:00:00,0.0022940069437026975,0.007702152878046036,0.030456800125539304,0.06342966239899397,0.047977653332054615
2023-04-09 16:00:00,0.001631942056119442,0.016916481219232084,0.052426150683313605,0.09750347837805746,0.07484135571867226
2023-04-09 17:00:00,0.002422051355242729,0.017517515122890473,0.05970993231981992,0.10600551951676607,0.07969266261905432
2023-04-09 18:00:00,0.0,0.0014293811470270155,0.008041688594967128,0.05655013170093298,0.011911668870598078
2023-04-09 19:00:00,0.001391066014766693,0.0016862008348107337,0.0045432400703430175,0.04041506985202432,0.006450645867735147
2023-04-09 20:00:00,0.003536652587354183,0.0011734499782323834,0.003013485837727785,0.030064917020499703,0.0027653898298740385
2023-04-09 21:00:00,0.002141471281647682,0.0002639518305659294,0.0010617634840309619,0.01951405752450228,0.00017354609444737433
2023-04-09 22:00:00,0.001244232468307018,0.0010501951724290848,0.0010688030906021594,0.024424534197896718,0.0011223078705370425
2023-04-09 23:00:00,0.00200008537620306,0.001928347535431385,0.003662347607314586,0.031039886977523565,0.0032828279025852677
2023-04-10 00:00:00,0.003213159702718258,0.0020936977490782736,0.005860401000827551,0.033333615008741616,0.005592794399708509
2023-04-10 01:00:00,0.003645462319254875,0.0017715843394398689,0.007318125870078802,0.03729682084172964,0.00682544220238924
2023-04-10 02:00:00,0.0064510788396000855,0.002360812090337276,0.01667846819385886,0.04549251820892096,0.015503526758402586
2023-04-10 03:00:00,0.01192585438489914,0.0033184067904949185,0.03066041134297848,0.04608425833284854,0.03121470347046852
2023-04-10 04:00:00,0.024904384315013885,0.0073802732676267625,0.060502006597816946,0.061030262373387816,0.06740866113454103
2023-04-10 05:00:00,0.06743668414652347,0.01458319887518883,0.12628606263548134,0.12818400781601666,0.139569269195199
2023-04-10 06:00:00,0.1456523586064577,0.03721337787806988,0.1876662806421518,0.30553043052554124,0.2008483923971653
2023-04-10 07:00:00,0.2811374047398567,0.14380251526832577,0.3251862112432718,0.5733358855545521,0.31619894489645956
2023-04-10 08:00:00,0.4872792136669159,0.3921489334106445,0.5188799983263015,0.6813646440207958,0.4920518800616264
2023-04-10 09:00:00,0.6759515820443629,0.7418504355847835,0.6259858640283344,0.6975487142801285,0.5847369869053363
2023-04-10 10:00:00,0.7384364201128482,0.91292714163661,0.6593508502840995,0.7287471240758895,0.6111726635694503
2023-04-10 11:00:00,0.7654250513017177,0.9740289711952208,0.6863384506106376,0.7462529226392507,0.6409788143634796
2023-04-10 12:00:00,0.8045707221329212,0.9817441987991332,0.7104677936434746,0.7202575948834419,0.656841511502862
2023-04-10 13:00:00,0.8228458955883979,0.9859079697728157,0.7001673469692468,0.6749173337966202,0.6421042820811271
2023-04-10 14:00:00,0.8429687991738319,0.9928931805491448,0.7140088266134261,0.6698268087953329,0.6509167310595512
2023-04-10 15:00:00,0.840379278063774,0.9930013379454612,0.7207411835342645,0.6840521181374787,0.6559361688047647
2023-04-10 16:00:00,0.8533523882925509,0.9914434367418289,0.7209692864120005,0.6781480694562196,0.6527619317173957
2023-04-10 17:00:00,0.7879047486186026,0.9820780184864997,0.6524453750252723,0.6389703365415333,0.5937070059776305
2023-04-10 18:00:00,0.6836321181058883,0.9641464990377425,0.5253429758548736,0.5564824002236127,0.48035817556083193
2023-04-10 19:00:00,0.38537513732910156,0.7371132297813892,0.27718449570238585,0.4053717032074928,0.2534430922567844
2023-04-10 20:00:00,0.40923976898193354,0.7128396382927894,0.31723988123238084,0.3791797638684511,0.2869700384885073
2023-04-10 21:00:00,0.44878556847572326,0.7299045732617377,0.36923980414867397,0.3757471327483653,0.3378977870941162
2023-04-10 22:00:00,0.5271262049674987,0.773821831345558,0.4679568356275558,0.41432797156274315,0.43281137540936465
2023-04-10 23:00:00,0.5649981653690337,0.7844374103844165,0.5103055411577224,0.4344816493242979,0.47259747296571725
2023-04-11 00:00:00,0.5636076188087462,0.7646576477587222,0.5069330585002899,0.4336990813165903,0.4689482105523347
2023-04-11 01:00:00,0.5757223522663115,0.7622567719221114,0.5131263846158981,0.4782112535834312,0.47062744148075575
2023-04-11 02:00:00,0.5933624362945555,0.7435552267730234,0.5243051558732986,0.5490388302505016,0.4797548675537109
2023-04-11 03:00:00,0.40880187988281247,0.49101660013198845,0.3854690361022949,0.5407761348038911,0.3522419776022434
2023-04-11 04:00:00,0.4620865261554718,0.5300313687324523,0.39822582244873045,0.6639363167434931,0.3557685976475477
2023-04-11 05:00:00,0.6724269612133502,0.80534752368927,0.5703549391031264,0.7584834286570548,0.5241989552974701
2023-04-11 06:00:00,0.8674214519560337,0.9849934044480323,0.8330310869216918,0.8771046887338161,0.7855304277688264
2023-04-11 07:00:00,0.9789074686169623,1.0,0.9639874145388603,0.9479026383906601,0.908012764006853
2023-04-11 08:00:00,0.9888225197792053,1.0,0.9797949717938899,0.9808490271121263,0.9430494067072868
2023-04-11 09:00:00,0.9945211651921272,1.0,0.9861564992368221,0.9925209601223468,0.9691364227235316
2023-04-11 10:00:00,1.0,1.0,0.9941609065234661,0.9920608884096145,0.9825816510617732
2023-04-11 11:00:00,1.0,1.0,0.9992231772840023,0.9823656250536441,0.9923813404142856
2023-04-11 12:00:00,1.0,1.0,0.9985061937570572,0.9705041305720805,0.9915168944001197
2023-04-11 13:00:00,1.0,1.0,0.995694922208786,0.9679640381038188,0.9885422848165035
2023-04-11 14:00:00,1.0,1.0,1.0,0.9839945596456527,0.9980648246407509
2023-04-11 15:00:00,1.0,1.0,1.0,0.9990786330401897,1.0
2023-04-11 16:00:00,1.0,1.0,1.0,0.997939735352993,0.9986299455165863
2023-04-11 17:00:00,1.0,1.0,1.0,0.9981346496939659,1.0
2023-04-11 18:00:00,1.0,1.0,1.0,1.0,1.0
2023-04-11 19:00:00,1.0,1.0,0.993847734928131,0.9953992980718612,0.9848829671740531
2023-04-11 20:00:00,1.0,1.0,1.0,0.9952549210190773,0.9976122233271598
2023-04-11 21:00:00,1.0,1.0,1.0,0.9992765340209007,1.0
2023-04-11 22:00:00,1.0,1.0,1.0,1.0,1.0
2023-04-11 23:00:00,1.0,1.0,1.0,1.0,1.0
2023-04-12 00:00:00,1.0,1.0,1.0,1.0,1.0
2023-04-12 01:00:00,1.0,1.0,1.0,1.0,1.0
2023-04-12 02:00:00,1.0,1.0,1.0,1.0,1.0
2023-04-12 03:00:00,1.0,1.0,1.0,1.0,1.0
2023-04-12 04:00:00,1.0,1.0,1.0,1.0,1.0
2023-04-12 05:00:00,1.0,1.0,1.0,1.0,1.0
2023-04-12 06:00:00,1.0,1.0,1.0,1.0,1.0
2023-04-12 07:00:00,1.0,1.0,1.0,1.0,1.0
2023-04-12 08:00:00,1.0,0.9956686732172966,1.0,1.0,1.0
2023-04-12 09:00:00,1.0,0.9874243012070656,1.0,1.0,0.9913120625913143
2023-04-12 10:00:00,1.0,0.9626305849850177,0.9950658203661441,0.9979921725392342,0.9453771761804819
2023-04-12 11:00:00,1.0,0.9102103784680367,0.9389945272356272,0.8969771409034728,0.8393536131829022
2023-04-12 12:00:00,0.9932434457540511,0.8381922498345374,0.852698683515191,0.6935244608670472,0.7581417444348335
2023-04-12 13:00:00,0.9885215303301811,0.8249737215042114,0.8371632503718138,0.616316760033369,0.761893315464258
2023-04-12 14:00:00,0.9938506379723548,0.8580706559121608,0.8962448193877934,0.6974528235197067,0.8338604953140021
2023-04-12 15:00:00,0.995842901468277,0.9711051246523856,0.9362507405132054,0.9200173361599445,0.8838200310617684
2023-04-12 16:00:00,0.9941394376754761,0.9764916190505027,0.9239440833032131,0.9628723910450935,0.8603202083706855
2023-04-12 17:00:00,0.9828607460856438,0.9145176644623279,0.9267492827028034,0.9780877931416034,0.8713167717307805
2023-04-12 18:00:00,0.9705022864043712,0.9222784096002579,0.931086875349283,0.9853184811025858,0.8756104867905377
2023-04-12 19:00:00,0.8147584289312362,0.7218514120578765,0.7775426934659481,0.9230284868180751,0.7170123337209223
2023-04-12 20:00:00,0.8569989888370037,0.7533089233934879,0.8776560378074646,0.9596544758230448,0.849377751648426
2023-04-12 21:00:00,0.9255596621334552,0.8331960655748843,0.9540978828072547,0.9881231141090393,0.9325487200170754
2023-04-12 22:00:00,0.983453879058361,0.9433139669895172,0.9884775818884372,0.997793466001749,0.9822112925350664
2023-04-12 23:00:00,1.0,0.9924809938669205,1.0,1.0,0.9981091834604741
2023-04-13 00:00:00,1.0,1.0,1.0,1.0,1.0
2023-04-13 01:00:00,1.0,1.0,1.0,1.0,1.0
2023-04-13 02:00:00,1.0,1.0,1.0,0.9991901494562626,1.0
2023-04-13 03:00:00,1.0,1.0,1.0,0.9974209263920784,1.0
2023-04-13 04:00:00,1.0,1.0,1.0,0.9892320846021174,0.9977591006457806
2023-04-13 05:00:00,1.0,1.0,1.0,0.9966952109336853,1.0
2023-04-13 06:00:00,1.0,1.0,1.0,0.9998711185157299,1.0
2023-04-13 07:00:00,1.0,1.0,1.0,0.9979021933674812,1.0
2023-04-13 08:00:00,1.0,1.0,1.0,0.9927128270268439,1.0
2023-04-13 09:00:00,1.0,1.0,1.0,0.9864448581635952,1.0
2023-04-13 10:00:00,1.0,1.0,1.0,0.9760948540270329,1.0
2023-04-13 11:00:00,1.0,1.0,1.0,0.9720587074756621,1.0
2023-04-13 12:00:00,1.0,1.0,1.0,0.968889681622386,1.0
2023-04-13 13:00:00,1.0,1.0,1.0,0.965030830129981,1.0
2023-04-13 14:00:00,1.0,1.0,1.0,0.9567173203080892,0.9985591781139374
2023-04-13 15:00:00,1.0,1.0,0.9932690411806107,0.9170898126810788,0.9828219729661942
2023-04-13 16:00:00,1.0,1.0,0.981883294135332,0.9222139716148375,0.9642857073247432
2023-04-13 17:00:00,1.0,1.0,0.9588253518939017,0.8819522190093994,0.9237216097861528
2023-04-13 18:00:00,0.9942192333936691,0.999598300755024,0.8975524781644344,0.8012911970168352,0.8300967820733786
2023-04-13 19:00:00,0.8820282869040965,0.9260485215485095,0.7353470852226017,0.6749806633591651,0.6705024684220551
2023-04-13 20:00:00,0.8062847898900508,0.8065178608894348,0.7315575521439313,0.6490812829136847,0.6738039913028477
2023-04-13 21:00:00,0.7158762200176715,0.681358099579811,0.671066722869873,0.5864744341373442,0.6210694766044615
2023-04-13 22:00:00,0.647203400582075,0.5907125031948088,0.6259970965236424,0.6001871204376219,0.583326951265335
2023-04-13 23:00:00,0.6699751628935335,0.5488781785964965,0.6654934710264205,0.6660373365879058,0.6238731896877288
2023-04-14 00:00:00,0.789076201468706,0.5742353355884551,0.753702183291316,0.7299441164731978,0.7057871597260236
2023-04-14 01:00:00,0.8942899762094021,0.6508427752554415,0.8511007621139287,0.8148805025219916,0.8009801869094371
2023-04-14 02:00:00,0.9091009357571601,0.6854520066082477,0.8620042426884174,0.8027976844459772,0.8226811042428017
2023-04-14 03:00:00,0.60212709069252,0.3967603117227554,0.5867767637968062,0.5245011150836943,0.5389941042661666
2023-04-14 04:00:00,0.6049475228786467,0.33963022291660305,0.5152673345804213,0.511138424873352,0.44969708263874053
2023-04-14 05:00:00,0.7373425981402396,0.4518165946006774,0.6654476227611301,0.6290718225389718,0.6107960088551043
2023-04-14 06:00:00,0.8807873827219008,0.728734872341156,0.8596375606954098,0.7735765616595744,0.8125069572031498
2023-04-14 07:00:00,0.9656015799939631,0.9099585799872875,0.9335852055996656,0.8191557496041059,0.8875445950776337
2023-04-14 08:00:00,0.9735367000102997,0.976163392663002,0.9077935768663883,0.7441041015833616,0.8519747078418731
2023-04-14 09:00:00,0.9366471920907496,0.9241702701151371,0.8188687977939844,0.6026091190427542,0.7431014994531869
2023-04-14 10:00:00,0.9017748387157916,0.8911609759926796,0.7446128980070352,0.4659486988186836,0.6558260532468556
2023-04-14 11:00:00,0.862978821247816,0.8923861649632453,0.6612957908958196,0.34910645574331284,0.5645280635356902
2023-04-14 12:00:00,0.8490177370607852,0.9051074196398257,0.6189501615613698,0.2834398527815938,0.5232890927791595
2023-04-14 13:00:00,0.9140483592450619,0.9676073782145976,0.6405889112502337,0.1998497978970408,0.5347503036260605
2023-04-14 14:00:00,0.8672407893836498,0.8841081595420837,0.5170826525241136,0.08835188671946526,0.3911214442551135
2023-04-14 15:00:00,0.7642009502649307,0.7332974104583263,0.37844574782997364,0.030701445452868938,0.24182254716753954
2023-04-14 16:00:00,0.6866447484493254,0.5708011059463023,0.3065122952312231,0.01460839409381151,0.16596424356102943
2023-04-14 17:00:00,0.5849372601509093,0.43206321239471435,0.24949217718094585,0.010205652471631767,0.12666798103600738
2023-04-14 18:00:00,0.34141658782958983,0.21646445900201794,0.1483038792014122,0.007724574431777001,0.07661717478185892
2023-04-14 19:00:00,0.05572057895362378,0.03226164594292641,0.01945430528372526,0.0023528197035193443,0.004276159573346376
2023-04-14 20:00:00,0.04610518477857113,0.010123684108257293,0.020081192124634984,0.006283879894763231,0.008799920994788407
2023-04-14 21:00:00,0.0411586544662714,0.005597950667142868,0.027914425488561392,0.007115534357726573,0.02063851034268737
2023-04-14 22:00:00,0.03869571574032307,0.005456133782863616,0.030470834933221343,0.004520986750721931,0.0239129531942308
2023-04-14 23:00:00,0.019044543653726577,0.0037091940641403197,0.019155351370573045,0.003611749894917011,0.016080383993685245
2023-04-15 00:00:00,0.00583057776093483,0.004188651591539383,0.007212191354483366,0.0021510847657918927,0.00986265379935503
2023-04-15 01:00:00,0.003390899486839771,0.03140544932335615,0.0053383600339293475,0.0017729261144995689,0.006511810980737209
2023-04-15 02:00:00,0.012366041988134385,0.07465551391243934,0.010609143059700728,0.0022191905602812765,0.007279926389455794
2023-04-15 03:00:00,0.0032736578211188315,0.0908362990617752,0.0050741275958716865,0.003964790217578411,0.005858304761350154
2023-04-15 04:00:00,0.011229885816574097,0.17376360163092613,0.03916797865182161,0.024445480052381754,0.03345630116760731
2023-04-15 05:00:00,0.07389776609838007,0.27865669697523116,0.13303739242255685,0.07177530279383063,0.10823431588709354
2023-04-15 06:00:00,0.1284474246203899,0.2387772750854492,0.19700384050607678,0.09396057277917862,0.17726155959069725
2023-04-15 07:00:00,0.10598943360149858,0.14162559136748312,0.23173489142209291,0.14552488813176748,0.23027274448424573
2023-04-15 08:00:00,0.08927237793803214,0.08504224464297294,0.2592932489514351,0.24080169025808573,0.2603067912906408
2023-04-15 09:00:00,0.08817792259156704,0.07108217835426331,0.2526366716250777,0.29633550509810447,0.2529321780800819
2023-04-15 10:00:00,0.09334028370678424,0.06552779480814934,0.23361939348280428,0.28414800986647604,0.24681992687284943
2023-04-15 11:00:00,0.10366650290787219,0.06884799063205718,0.23289806745946404,0.2314999187737703,0.25510243400931354
2023-04-15 12:00:00,0.10109363727271556,0.09004670932888983,0.230636238604784,0.19080269224941726,0.2521274136006832
2023-04-15 13:00:00,0.11048790596425533,0.1672506907582283,0.23147576447576282,0.18115207403898237,0.2601945599913597
2023-04-15 14:00:00,0.12836541637778281,0.21052602633833883,0.21412616379559035,0.1367025977373123,0.23881109021604055
2023-04-15 15:00:00,0.14436994522809982,0.17018985018134114,0.1988412484526634,0.10740877553820609,0.22025087453424927
2023-04-15 16:00:00,0.03941731862723828,0.06486099869012832,0.05872898660600185,0.022743038907647128,0.07533485531806945
2023-04-15 17:00:00,0.00906057920306921,0.019577662646770477,0.01567344231531024,0.007146141324192285,0.028797832243144514
2023-04-15 18:00:00,0.0030601210892200466,0.01906726524233818,0.0068852628394961354,0.0044382656924426556,0.01769557062536478
2023-04-15 19:00:00,0.0007316915318369865,6.624735891819e-05,0.0007253420911729335,0.0012497589364647865,0.0017813023552298544
2023-04-15 20:00:00,0.0,0.0,0.0,0.0,0.0
2023-04-15 21:00:00,0.0,0.0,0.0,0.0,0.0
2023-04-15 22:00:00,0.0008014407008886336,0.0,0.0004007203504443168,0.0,0.0
2023-04-15 23:00:00,0.007900554090738296,0.001370885409414768,0.003950277045369148,0.0,0.0
2023-04-16 00:00:00,0.028026294521987436,0.006711510010063647,0.013358476273715496,0.0,0.0011768228374421596
2023-04-16 01:00:00,0.03616408530622721,0.017822482585906983,0.017457731254398822,0.0,0.0019045490212738511
2023-04-16 02:00:00,0.03610072992742062,0.05583475112915039,0.01876021880656481,0.002693527322262525,0.0017127985693514347
2023-04-16 03:00:00,0.031750447005033496,0.08755655728280545,0.026544730849564074,0.05652392674237489,0.017097840402275324
2023-04-16 04:00:00,0.08083864994347094,0.050827729925513265,0.049288674816489214,0.07202110227197409,0.0391181518137455
2023-04-16 05:00:00,0.17324206031858919,0.04300313498824835,0.07371840173378585,0.09734974276274441,0.06610908038914204
2023-04-16 06:00:00,0.19591520637273785,0.03850794732570648,0.08874206056818365,0.12720161085948348,0.10885434687137603
2023-04-16 07:00:00,0.18605457380414006,0.05885939955711365,0.1785687097162008,0.23530880346894262,0.23996811181306835
2023-04-16 08:00:00,0.0642899812757969,0.048694232143461705,0.1838563788682222,0.1896953527629375,0.21362478494644163
2023-04-16 09:00:00,0.6497345528006553,0.24302461236715314,0.5907142220437526,0.35530998297035693,0.49801535964012145
2023-04-16 10:00:00,0.27014404088258737,0.40644241333007813,0.29947458557784556,0.25831440545618534,0.31801845759153363
2023-04-16 11:00:00,0.11112827345728873,0.34495350152254106,0.13753308400511738,0.18203151784837243,0.18565648067742585
2023-04-16 12:00:00,0.03248958740383387,0.22532438218593592,0.0605096316896379,0.330800104662776,0.09420956149697302
2023-04-16 13:00:00,0.04836974382400512,0.24732402682304377,0.18258163340389727,0.6440617426484823,0.22777382999658582
2023-04-16 14:00:00,0.1462294490635395,0.33046769499778744,0.3278494787961244,0.5502564223855733,0.35543447636067865
2023-04-16 15:00:00,0.18356463715434074,0.3285559940338134,0.22934261202812192,0.2719021940976381,0.24297450661659237
2023-04-16 16:00:00,0.1713525379449129,0.5646342790126799,0.13435418557375667,0.18906862173229455,0.14888340208679435
2023-04-16 17:00:00,0.10008438572287559,0.4703157782554626,0.1478440972417593,0.25979679435491554,0.18264798048883676
2023-04-16 18:00:00,0.07376718260347843,0.2980811597406864,0.15775753829628228,0.31330100029706953,0.1846903647482395
2023-04-16 19:00:00,0.05477563805878162,0.1218625321984291,0.07924186151474713,0.2583362992107868,0.0882119794934988
2023-04-16 20:00:00,0.14810891836881634,0.1870697823166847,0.13328047409653662,0.2993384609371424,0.12366984613239763
2023-04-16 21:00:00,0.24774647712707515,0.2728800119459629,0.2888904626667499,0.5039137250185012,0.2784773071110248
2023-04-16 22:00:00,0.40991676330566407,0.4834094798564911,0.6436305674165487,0.8694836555421352,0.667192363217473
2023-04-16 23:00:00,0.7456743350625037,0.7118657758831977,0.8981670914590358,0.9439133302867413,0.9417969956248998
2023-04-17 00:00:00,0.84917714625597,0.9266786688566208,0.9126212513446808,0.9870656156539916,0.9160602903366089
2023-04-17 01:00:00,0.871217356622219,0.853749390989542,0.9493542301654816,1.0,0.9820121572166681
2023-04-17 02:00:00,0.8889476439356803,0.9801619333028793,0.9599987504631281,0.9979813887178898,0.9934780223667621
2023-04-17 03:00:00,0.6774403883516787,0.9580207790434361,0.87728489972651,0.9924096944928169,0.8654137275367975
2023-04-17 04:00:00,0.6562516576051711,0.9100067414343356,0.7994097869843244,0.982485125362873,0.819321899190545
2023-04-17 05:00:00,0.8076547800004481,0.9190383273363112,0.9192642690986395,1.0,0.9689819105714559
2023-04-17 06:00:00,1.0,1.0,1.0,0.9462181168794631,1.0
2023-04-17 07:00:00,1.0,1.0,0.9101393443346023,0.9684881943464279,0.8048823983222246
2023-04-17 08:00:00,0.9845599085092545,0.9370357052981853,0.9611142294853925,1.0,0.936549314111471
2023-04-17 09:00:00,1.0,0.9820317369699477,0.9957270912826062,0.9994623060524463,0.985970202833414
2023-04-17 10:00:00,0.9830992668867111,0.9117699040472507,0.9927331863343716,1.0,0.9902139823138714
2023-04-17 11:00:00,0.9456811340153217,0.7949976269900798,0.9655940751731396,0.9911341485381127,0.9555103955417872
2023-04-17 12:00:00,0.859152689576149,0.8766173543035984,0.8944897326827048,0.9778973106294869,0.8894349061697722
2023-04-17 13:00:00,0.8385167285799979,0.8373552316427231,0.9057279413938522,0.9756498584151267,0.9154321636259556
2023-04-17 14:00:00,0.8899397905170917,0.7316990903019904,0.8975722146779299,0.9526956950128077,0.8797146974503993
2023-04-17 15:00:00,0.9419639253616332,0.8149639360606671,0.8462587185949086,0.8704878245294093,0.8191142615675926
2023-04-17 16:00:00,0.797361390888691,0.7924742920696735,0.7603790456801653,0.8317263204604386,0.7423476266115903
2023-04-17 17:00:00,0.6753531171381473,0.728114223331213,0.699967480674386,0.8695901281386613,0.6851119904220103
2023-04-17 18:00:00,0.7912808685004711,0.8211840714514256,0.88199335552752,0.9801727551221847,0.8996008233726025
2023-04-17 19:00:00,0.935390393435955,0.9821623587608337,0.9708339244872332,0.9929496379196644,0.9828575276583432
2023-04-17 20:00:00,0.9851730284094811,0.9996780660748481,0.9966217608749866,0.9898032167553902,0.9931342396140097
2023-04-17 21:00:00,0.9932897880673408,0.9989843904972077,0.9993199428915978,0.9088080881536006,0.9901792749762535
2023-04-17 22:00:00,0.9708972868323325,0.961583072245121,0.9744040344655513,0.8189962714910507,0.9513742780685425
2023-04-17 23:00:00,0.972515867948532,0.8094908766448496,0.9030936238914729,0.758571628332138,0.8154398807883263
2023-04-18 00:00:00,0.9669094958901405,0.6854425883293152,0.7937107474356888,0.794075783714652,0.7193444897234439
2023-04-18 01:00:00,1.0,0.7240900780260562,0.9328751552850008,0.8946836280077696,0.8068206918984651
2023-04-18 02:00:00,1.0,0.8175678832828999,0.9624991442263126,0.8145868431776762,0.975716172531247
2023-04-18 03:00:00,0.6281490145623683,0.6087091422080992,0.6604878476262093,0.6530988270789384,0.6242358984798192
2023-04-18 04:00:00,0.7467425337433814,0.8311650580167771,0.6493315523862838,0.8116063781082629,0.5893017953634261
2023-04-18 05:00:00,0.9399595974385737,0.9523743021488189,0.9730337176471948,1.0,0.9916801336407661
2023-04-18 06:00:00,0.9921298471093177,0.9387174151837825,1.0,1.0,0.996002234518528
2023-04-18 07:00:00,1.0,0.9971819040179253,0.9978111882507801,1.0,0.9939566446840763
2023-04-18 08:00:00,0.9967578163743018,0.9929299321770668,0.9972874547541142,1.0,0.9929200527071953
2023-04-18 09:00:00,0.9959875977039336,1.0,0.9979937988519668,1.0,0.9972951531410217
2023-04-18 10:00:00,1.0,1.0,1.0,1.0,1.0
2023-04-18 11:00:00,1.0,1.0,1.0,1.0,1.0
2023-04-18 12:00:00,0.9980666941404343,1.0,0.9997636830806732,1.0,1.0
2023-04-18 13:00:00,0.9851046320796013,1.0,0.996003800034523,0.9998928989470005,0.9964417113363743
2023-04-18 14:00:00,0.9290994738042353,1.0,0.9707531289756299,0.9815384170413016,0.92996681638062
2023-04-18 15:00:00,0.8587967632710933,0.9868894419074058,0.8721820698678492,0.941370463296771,0.8663675393909215
2023-04-18 16:00:00,0.9305128790438174,0.9633712714910507,0.905602521598339,0.9489873861521483,0.8887366180866956
2023-04-18 17:00:00,0.9689634934067726,0.9602760863304137,0.9453690568357705,0.965191175341606,0.923616264089942
2023-04-18 18:00:00,0.9973093491792677,1.0,0.9873986449837684,0.961785058453679,0.98099009886384
2023-04-18 19:00:00,1.0,1.0,0.9990822428464889,0.9562464570254087,0.9927320843935012
2023-04-18 20:00:00,0.9963909688591956,0.9995123189687729,0.998632666170597,0.9642913894355296,0.9946313060820103
2023-04-18 21:00:00,1.0,1.0,1.0,0.9859712743759155,1.0
2023-04-18 22:00:00,1.0,1.0,1.0,0.9032077585905789,1.0
2023-04-18 23:00:00,1.0,1.0,1.0,0.8088626518845558,1.0
2023-04-19 00:00:00,1.0,1.0,1.0,0.756883316040039,1.0
2023-04-19 01:00:00,1.0,1.0,1.0,0.7769652831554412,1.0
2023-04-19 02:00:00,1.0,1.0,1.0,0.7784422415494918,1.0
2023-04-19 03:00:00,1.0,1.0,1.0,0.9391253901273011,1.0
2023-04-19 04:00:00,0.9986081954836845,0.980600732266903,1.0,0.9550981400161981,1.0
2023-04-19 05:00:00,0.9477147930860519,0.9117511896789073,0.9561871902644634,0.7543222816288471,0.9523872014880179
2023-04-19 06:00:00,0.7908561918139457,0.8136634148657321,0.8371000869572163,0.6657492163032293,0.7928527998179196
2023-04-19 07:00:00,0.8749076826870441,0.9780172523856163,0.9469812935590745,0.6749663127213715,0.9268405478447675
2023-04-19 08:00:00,0.8002370481193064,0.9115380370616912,0.8307992944121361,0.6736134073138236,0.7908792249113321
2023-04-19 09:00:00,0.8616323660314082,0.7856698663532733,0.8982518826425074,0.8408653222769498,0.8616449391841888
2023-04-19 10:00:00,0.8636755117774009,0.8982649089396,0.8908034698665142,0.9174712578207254,0.8421281502395868
2023-04-19 11:00:00,0.9486827735602855,0.898351790755987,0.9612928692251443,0.9718855096399783,0.9329529665410519
2023-04-19 12:00:00,0.9666386719048021,0.9804012748599051,0.9529681325703858,0.9676986239105463,0.930493643283844
2023-04-19 13:00:00,0.9695544917881488,0.9612140116095542,0.9401883755624294,0.958003651946783,0.914699853360653
2023-04-19 14:00:00,0.9809780839085578,0.9743918213248252,0.9886784315109253,0.9775003585219383,0.9740791807323693
2023-04-19 15:00:00,0.9763440805673598,0.9898145249485969,0.9774130088090895,0.8554360456019638,0.9601694265007973
2023-04-19 16:00:00,0.957651877105236,0.9862708806991577,0.9270251639187336,0.7329530926793814,0.8914080531895161
2023-04-19 17:00:00,0.9706805878877639,0.9843401739001274,0.9211510672420262,0.717561038583517,0.8877870156615971
2023-04-19 18:00:00,0.9331896065175532,0.9318925432860852,0.8783690028637647,0.6783370718359947,0.8355795501172543
2023-04-19 19:00:00,0.7889706051349639,0.7834139668941498,0.7015398504585026,0.4789572852849959,0.640958480760455
2023-04-19 20:00:00,0.4826382887363434,0.5635568377375602,0.37363389506936073,0.1880573324114084,0.3246124727278948
2023-04-19 21:00:00,0.32367458611726757,0.3911665344238281,0.21105356395244596,0.07174101486802102,0.16703349187970162
2023-04-19 22:00:00,0.3253742218017578,0.3005630640685558,0.20448901616036888,0.0572045386955142,0.15632680170238017
2023-04-19 23:00:00,0.19840427994728085,0.22242893174290654,0.12244170803576707,0.02871878540143371,0.09417328726500271
2023-04-20 00:00:00,0.15934655860066413,0.21926243320107458,0.1522421585023403,0.09819658588618038,0.14512122258543966
2023-04-20 01:00:00,0.2829507791996002,0.3158972549438476,0.24531010925769803,0.0837176977843046,0.22134342312812805
2023-04-20 02:00:00,0.25411653399467465,0.26949246093630785,0.18815356180071827,0.048294687457382676,0.156153747215867
2023-04-20 03:00:00,0.11672662943601608,0.07253260612487793,0.057320110276341436,0.006292889658361673,0.03258555430918932
2023-04-20 04:00:00,0.015694984793663026,0.028288786113262177,0.003419105503708124,0.009049731753766537,0.0
2023-04-20 05:00:00,0.017867425344884398,0.050567309111356734,0.0028005304560065267,0.037681295070797205,0.0009913669899106025
2023-04-20 06:00:00,0.05221485421061516,0.014199088290333749,0.02004694448783994,0.08047540068626402,0.013204072434455157
2023-04-20 07:00:00,0.08016272515058517,0.011767247132956982,0.07307783897966146,0.11227908249944447,0.0651199459657073
2023-04-20 08:00:00,0.07516925364732742,0.0021383653208613394,0.07592725623399019,0.12232046619057654,0.05895023785531521
2023-04-20 09:00:00,0.06478824306279421,0.0005735085904598235,0.12030915729701518,0.324662476927042,0.11511479474604129
2023-04-20 10:00:00,0.14238192602992056,0.07312361791729927,0.3091639749705791,0.5831782332807779,0.3253055072575807
2023-04-20 11:00:00,0.24327578574419018,0.08064848661422729,0.42431167796254154,0.6086721731722354,0.44848407059907913
2023-04-20 12:00:00,0.27338077813386913,0.09465992674231528,0.391881560832262,0.48596374571323386,0.4041986137628555
2023-04-20 13:00:00,0.20494981572031973,0.07337690353393553,0.38287820346653456,0.5873146346211433,0.4180533957481383
2023-04-20 14:00:00,0.28765902444720265,0.1255668531358242,0.47365951180458055,0.714398978948593,0.5021909242123365
2023-04-20 15:00:00,0.3371525767445564,0.27189085736870766,0.5757114552706479,0.8849648620188235,0.6183537451922893
2023-04-20 16:00:00,0.45342766165733334,0.3592467388510704,0.7250219797343015,0.9528150817751884,0.7634084773808717
2023-04-20 17:00:00,0.5371180331707,0.5646075129508971,0.8318770106136799,0.9892611302435398,0.8771467115730045
2023-04-20 18:00:00,0.6831318682432174,0.5598626543581484,0.8727361228317021,0.9859931961447,0.8801790810376404
2023-04-20 19:00:00,0.541315319687128,0.46476123213767995,0.7588006874173879,0.9435767820477485,0.7768863496929406
2023-04-20 20:00:00,0.5203962910175323,0.43102993249893184,0.7090942489355802,0.7874526187777519,0.7125536350905894
2023-04-20 21:00:00,0.5160193824768066,0.4487149930000305,0.6644982805848121,0.6770528426766395,0.6560336744785308
2023-04-20 22:00:00,0.4811501622200012,0.44050613880157463,0.6327508515119552,0.6539112417399883,0.6283632638305424
2023-04-20 23:00:00,0.3999020767211914,0.4098887252807617,0.5037968653440474,0.6960498010367153,0.5019142079353331
2023-04-21 00:00:00,0.31495554894208905,0.4023912048339844,0.5542166154086589,0.9229762131720781,0.6043516720831393
2023-04-21 01:00:00,0.7649356028437614,0.8639664360880851,0.8938926045596598,0.9523347754776477,0.8950194513797759
2023-04-21 02:00:00,0.6494844852387904,0.7600991843640803,0.7414221478998659,0.8503664177656174,0.7126212502270936
2023-04-21 03:00:00,0.4298462295532226,0.49762634992599486,0.5648006004840135,0.7600622946768998,0.5602566456794738
2023-04-21 04:00:00,0.579797521829605,0.8133052445948123,0.8089738342911004,0.9901070627570152,0.8440245652198791
2023-04-21 05:00:00,0.9251198752224445,1.0,0.9805649714916944,1.0,0.9951499098539353
2023-04-21 06:00:00,0.9631922090053557,1.0,0.9936666442453861,1.0,0.9950325113534928
2023-04-21 07:00:00,0.9291284492611884,1.0,0.9806812222301959,1.0,0.9848435669392347
2023-04-21 08:00:00,0.954869473427534,1.0,0.9822293498367071,1.0,0.9958396868407726
2023-04-21 09:00:00,0.9873950427770615,1.0,0.9943575535714626,1.0,0.9959076575934886
2023-04-21 10:00:00,0.9794508911669253,1.0,0.9919814453274012,1.0,0.9964979711174965
2023-04-21 11:00:00,0.9849052491784095,1.0,0.9928929221630096,0.9937917411327362,0.970085864290595
2023-04-21 12:00:00,0.5887533156573772,0.9993181949853898,0.6853803534805775,0.7257615207135676,0.6660613627731801
2023-04-21 13:00:00,0.25509919062256814,0.8768105378746986,0.4021393037587404,0.4779792755842208,0.454740619957447
2023-04-21 14:00:00,0.30756826177239416,0.7778472593426704,0.48171023905277244,0.6297575759142636,0.5199722946435212
2023-04-21 15:00:00,0.48072354912757864,0.9294484300911425,0.6238305406272411,0.6684177765995263,0.6307524258643389
2023-04-21 16:00:00,0.363210192322731,0.9817117485404014,0.619647554680705,0.8066081524640321,0.6436954985558986
2023-04-21 17:00:00,0.40608481824398035,0.9828977560997009,0.6337232055515051,0.7738264638930559,0.6744279254972934
2023-04-21 18:00:00,0.41461501970887177,0.9752974191308021,0.5395896223187446,0.68534825861454,0.581291155219078
2023-04-21 19:00:00,0.18706546813249586,0.6834906271100043,0.28940098680555815,0.5546158626675605,0.313680850341916
2023-04-21 20:00:00,0.1485905697196722,0.4484708976745605,0.24224640090018507,0.35816774562001225,0.30776746064424515
2023-04-21 21:00:00,0.26408866390585894,0.5326904354989528,0.4050213503092527,0.7184577271342276,0.43545485690236085
2023-04-21 22:00:00,0.6465345217287539,0.6145434534549712,0.7203483624756336,0.601784401088953,0.7111244919151066
2023-04-21 23:00:00,0.5868987596035002,0.5451013600826262,0.5235381877422332,0.3160290969908237,0.464953008890152
2023-04-22 00:00:00,0.3906549453735351,0.39538463592529294,0.36439356893301,0.2385630256310105,0.3250105419009923
2023-04-22 01:00:00,0.5506775832176207,0.4907697880268096,0.3940493860095739,0.14898904256522655,0.3145073169469833
2023-04-22 02:00:00,0.7130333645641802,0.467388869524002,0.42055443897843353,0.11890931161120533,0.3304343438148498
2023-04-22 03:00:00,0.27900377109646796,0.08537077613174915,0.14725253276526928,0.03200048254802824,0.10263100169599054
2023-04-22 04:00:00,0.27959815248847003,0.06861286610364914,0.19337478466331956,0.06696562198922038,0.16660503573715685
2023-04-22 05:00:00,0.34142128571867936,0.054098766520619394,0.2204163860529661,0.04934179872274399,0.19040288461372257
2023-04-22 06:00:00,0.1141609801352024,0.021285778619349004,0.07280627626925706,0.010912717804312707,0.056849276274442674
2023-04-22 07:00:00,0.0073784074932336805,0.0005486917495727538,0.002061030752956867,0.004849998820573092,0.00037958439439535137
2023-04-22 08:00:00,0.0,0.0006260982900857925,0.03595252964645624,0.144637618586421,0.03370662238448859
2023-04-22 09:00:00,0.05537939079105854,0.14898388773202895,0.1455428845435381,0.13297371950000522,0.16722288634628057
2023-04-22 10:00:00,0.08658396631479262,0.09321984156966209,0.10211250502616166,0.05408341929316521,0.08517854325473309
2023-04-22 11:00:00,0.09868181966245174,0.11349818438291548,0.1505868390575051,0.0763451269455254,0.13243318896740675
2023-04-22 12:00:00,0.09419020503759383,0.06622461833059787,0.12821966640651225,0.046005660258233536,0.12411160517483946
2023-04-22 13:00:00,0.10575359858572482,0.019058304801583294,0.09520259525626897,0.01813158864155412,0.08382197346538306
2023-04-22 14:00:00,0.0700849812477827,0.005116107203066348,0.03953404534608126,0.0,0.02003060303628445
2023-04-22 15:00:00,0.14956331506371495,0.048530560582876206,0.11832817818969488,0.013120580092072488,0.10053874205797911
2023-04-22 16:00:00,0.11291551165282726,0.01703762281686068,0.07268174627795816,0.025314063262194396,0.044209497682750225
2023-04-22 17:00:00,0.04939708836376667,0.02897961229085922,0.019778559394180772,0.10126686006784438,0.0010100995749235152
2023-04-22 18:00:00,0.07384038485586644,0.05298051789402962,0.08876858007162809,0.18643509618937967,0.06600571319460868
2023-04-22 19:00:00,0.1930224810540676,0.16716914400458333,0.28428390167653556,0.24910321444272993,0.2520214520394801
2023-04-22 20:00:00,0.2650110971927643,0.27960850566625595,0.349371582865715,0.26459242831915614,0.3660945571959019
2023-04-22 21:00:00,0.44966753363609313,0.38671237945556636,0.5127899086475372,0.3153125367686152,0.5373304273188114
2023-04-22 22:00:00,0.846296257674694,0.6615944316983222,0.6229970533400773,0.21419876925647258,0.5374644440412522
2023-04-22 23:00:00,0.6477324759960174,0.5905108760297298,0.4289661026000976,0.15726398311555387,0.3404982703924179
2023-04-23 00:00:00,0.4927607798576355,0.424618204832077,0.34340254366397854,0.09467848151922224,0.2835488918423652
2023-04-23 01:00:00,0.4539576721191406,0.3366957229375839,0.3176971111446618,0.09492528408765792,0.23772569179534908
2023-04-23 02:00:00,0.6255082643032073,0.4883825123310089,0.4318843665719032,0.09373733028769492,0.33386456891894334
2023-04-23 03:00:00,0.3990335083007812,0.37358467102050774,0.2798535916954279,0.0661982238665223,0.23073551975190634
2023-04-23 04:00:00,0.1970518758893013,0.16484224811196324,0.15573777757585044,0.06388840146362781,0.1371485286951065
2023-04-23 05:00:00,0.17173680663108823,0.1184705866873264,0.11670132141560315,0.13332328263670204,0.11546696081757545
2023-04-23 06:00:00,0.23141374841332435,0.09401600144803524,0.23574455402791494,0.32152944147586815,0.22102203972637652
2023-04-23 07:00:00,0.27278477475047114,0.038534433692693715,0.41683535315096376,0.4510666248947381,0.36359109282493585
2023-04-23 08:00:00,0.4008803129196167,0.0708646772801876,0.6007928405702113,0.39220173180103296,0.5779803512990473
2023-04-23 09:00:00,0.5634680545330046,0.2686011058092117,0.5261347979307174,0.30979229912161826,0.5066928613185883
2023-04-23 10:00:00,0.5251003324985504,0.642273617386818,0.4755719546228647,0.38083964228630063,0.48376027509570113
2023-04-23 11:00:00,0.46081939816474915,0.70160513356328,0.42698946058750153,0.44361575782299034,0.39656906589865687
2023-04-23 12:00:00,0.498471393585205,0.7835898025333881,0.48045304417610163,0.4900537538528443,0.4536616885662078
2023-04-23 13:00:00,0.5103953182697296,0.7954639373719692,0.508756030201912,0.46065749168396,0.49554290473461143
2023-04-23 14:00:00,0.5055847322940826,0.626318917274475,0.4500789833068848,0.392368106842041,0.40245939254760743
2023-04-23 15:00:00,0.4277024841308593,0.46869290351867676,0.36409938812255854,0.34345159530639646,0.3117918065935373
2023-04-23 16:00:00,0.3655121994018554,0.3482896423339843,0.3653715855628252,0.4067664718627929,0.31664099067449564
2023-04-23 17:00:00,0.4181023025512695,0.38132221221923823,0.49221634149551385,0.44284753501415247,0.4400849252939224
2023-04-23 18:00:00,0.5453024363517761,0.45872593283653257,0.4021976289898157,0.3056338790804147,0.36145493060350414
2023-04-23 19:00:00,0.5954131639003752,0.3827914763987064,0.3775292648375034,0.21681509830057616,0.2979637876152992
2023-04-23 20:00:00,0.5847155308723448,0.501232043504715,0.3116894601285457,0.17194210782647132,0.23309312865138052
2023-04-23 21:00:00,0.5342590665817261,0.4409069275856018,0.35866359777748585,0.17879326336085796,0.29627143420279023
2023-04-23 22:00:00,0.447791519165039,0.3288492603600025,0.4587360954284668,0.25371201533824206,0.4176979255676269
2023-04-23 23:00:00,0.3882941436767578,0.2703599643707275,0.44379179418087,0.2205446460843086,0.41068613052368164
2023-04-24 00:00:00,0.41140079498291016,0.2977532900869846,0.4452648866176605,0.19487223602831363,0.3985268402099609
2023-04-24 01:00:00,0.4513834309577942,0.33305168151855463,0.46805182456970207,0.17810725200921296,0.41545051574707026
2023-04-24 02:00:00,0.4104717636108398,0.22722089171409604,0.39146823883056636,0.13830318117514248,0.33685091771185394
2023-04-24 03:00:00,0.27462144821882245,0.1227528329193592,0.2774557687342167,0.09696997907012699,0.24268134206533432
2023-04-24 04:00:00,0.20447074621915812,0.09136957779526711,0.18164551854133604,0.04898850582540036,0.149964949414134
2023-04-24 05:00:00,0.09678261317312717,0.04850187487900257,0.07628353666514158,0.019043646752834324,0.06139388710260391
2023-04-24 06:00:00,0.04460194915533066,0.0251016965508461,0.06436550047248601,0.05432026315480471,0.059009279794991015
2023-04-24 07:00:00,0.03330342516303063,0.0438251518458128,0.08347443562000989,0.12083854652941227,0.08400596342980862
2023-04-24 08:00:00,0.05348082341253758,0.0969191062450409,0.12193041522055861,0.1549460396170616,0.12812228217720983
2023-04-24 09:00:00,0.08789244234561919,0.13704404681921004,0.13310790497809646,0.11915643636137245,0.1368102943152189
2023-04-24 10:00:00,0.13352289736270903,0.1399688656628132,0.12163597106933594,0.061918810047209255,0.11344045314937828
2023-04-24 11:00:00,0.14819833427667617,0.12069960758090018,0.1013313316553831,0.030001327786594627,0.08061324086040257
2023-04-24 12:00:00,0.13840455681085584,0.08171669460833073,0.09683345053344963,0.026170670110732316,0.07128665268421172
2023-04-24 13:00:00,0.12584976717829705,0.06816117651760578,0.07622617669403553,0.015633341036736966,0.054350918307900425
2023-04-24 14:00:00,0.0725440190732479,0.0664246404916048,0.03143221218138933,0.018304265178740026,0.018794022034853697
2023-04-24 15:00:00,0.0824239608645439,0.10711268819868563,0.05091453995555639,0.1330967204645276,0.04917826753109694
2023-04-24 16:00:00,0.08393814034759997,0.1661759333312511,0.07391517382115126,0.18477742057293653,0.08529875990003347
2023-04-24 17:00:00,0.06302221901714802,0.192309728115797,0.07016310300678014,0.14642098318785426,0.08081128235906364
2023-04-24 18:00:00,0.09133657298982142,0.2904842236638069,0.1197821521386504,0.12280504729598761,0.14669433694332837
2023-04-24 19:00:00,0.12101038634777067,0.28640569537878036,0.16406359262764453,0.12352695625275373,0.19556839428842065
2023-04-24 20:00:00,0.1787604874372482,0.30083811819553374,0.2361716435104608,0.1563521612435579,0.2652458198368549
2023-04-24 21:00:00,0.22163619220256803,0.32849562451243397,0.3056482876837253,0.20706258337944744,0.330307602956891
2023-04-24 22:00:00,0.22323903098702427,0.32244683459401124,0.3035490400344133,0.20241314757615325,0.32716182492673396
2023-04-24 23:00:00,0.19752248749136925,0.3026279217004776,0.26902471132576466,0.16402915343642233,0.29607406899333
2023-04-25 00:00:00,0.20331043392419812,0.30839479893445965,0.26568012155592435,0.14111694110557438,0.2839468628913164
2023-04-25 01:00:00,0.2566393809020519,0.3283271557092666,0.29805268228054044,0.1542405963130295,0.2999705173820257
2023-04-25 02:00:00,0.3800458526611328,0.38538780212402346,0.40338058471679683,0.16876120954751966,0.3852412414550781
2023-04-25 03:00:00,0.8805633065104483,0.6803716710209846,0.6606105190515518,0.1830277483910322,0.5596643808484076
2023-04-25 04:00:00,0.5183862900733948,0.5037126398086548,0.43692645318806167,0.11475286625325677,0.3900048246979713
2023-04-25 05:00:00,0.25478832110762595,0.2537773187458515,0.22157377041876314,0.0895538279414177,0.2066270966082811
2023-04-25 06:00:00,0.16252292603254315,0.19656788468360897,0.1562364263087511,0.15139686174690722,0.1392838718369603
2023-04-25 07:00:00,0.1663990035653114,0.16263953417539595,0.13864932775497435,0.18853854827582836,0.11014760494232176
2023-04-25 08:00:00,0.1967231239378452,0.16646857649087904,0.137568325959146,0.1991175347939133,0.10429927490651608
2023-04-25 09:00:00,0.22475349262356753,0.22780706256628033,0.16882345020771025,0.27098541893064976,0.1385388746112585
2023-04-25 10:00:00,0.29291367053985595,0.3772842407226562,0.21649482496082778,0.2619654989242553,0.1822597651928663
2023-04-25 11:00:00,0.3615602874755859,0.4979165363311767,0.24290902689099306,0.27098696559667584,0.1975332026183605
2023-04-25 12:00:00,0.38806324005126946,0.4542128956317901,0.29453810788691037,0.31751765482127664,0.24811849229037758
2023-04-25 13:00:00,0.4361515426635742,0.48836280465126036,0.3434708912670612,0.29758897013962265,0.2915276861935854
2023-04-25 14:00:00,0.43111511230468746,0.47316055893898007,0.3384954266250133,0.24113576039671897,0.2874459551274776
2023-04-25 15:00:00,0.5038881337642669,0.39580383300781247,0.4376014536619186,0.19562615904957056,0.3800223947316408
2023-04-25 16:00:00,0.3855656433105469,0.3402388000488281,0.2790353953838348,0.10484353259205817,0.23149239897727963
2023-04-25 17:00:00,0.21734539970755573,0.21999202638864515,0.17692537657916543,0.11440403725951909,0.15746195502579208
2023-04-25 18:00:00,0.2623556251823902,0.37163888633251185,0.2518043256551027,0.17975709088146685,0.2638376624882221
2023-04-25 19:00:00,0.8222214743494987,0.9488395671546459,0.7184373799711464,0.3263296071439981,0.645165657326579
2023-04-25 20:00:00,0.908270144611597,0.9763434422016143,0.8628763992339372,0.38756343886256217,0.7934990663826466
2023-04-25 21:00:00,0.7522317698597907,0.8115945887565612,0.7870710689574479,0.37809909626841537,0.7405287782102823
2023-04-25 22:00:00,0.6515274403989314,0.5937681882083415,0.6117420303076504,0.2273243761062622,0.5591908527910708
2023-04-25 23:00:00,0.49941404223442076,0.45242605447769163,0.4410386669635773,0.16136694304645058,0.37435274787247175
2023-04-26 00:00:00,0.34977863311767576,0.34584163323044775,0.3768962860107421,0.15981414878740907,0.33806312821805473
2023-04-26 01:00:00,0.3463956832885742,0.3267965692281723,0.36751819610595704,0.1335745523869991,0.336570686250925
2023-04-26 02:00:00,0.3308585739135742,0.3271556468307972,0.358881778717041,0.11892795920372008,0.3391195074468851
2023-04-26 03:00:00,0.1871343758702278,0.21095037564635274,0.28770712278783317,0.12692123427987098,0.3081599612534046
2023-04-26 04:00:00,0.14916737407445907,0.15115163229405879,0.18307563126087187,0.05698651775717735,0.1808634942024946
2023-04-26 05:00:00,0.05634488999843597,0.052010196819901475,0.07991948753595352,0.025772218443453312,0.07667990293353796
2023-04-26 06:00:00,0.024209638684988023,0.06336936920881271,0.07487269893288612,0.032516111359000205,0.07503873046487569
2023-04-26 07:00:00,0.030953767448663714,0.0881026142090559,0.08472246017307042,0.03488155471161008,0.08745759706944227
2023-04-26 08:00:00,0.0536803936958313,0.08557152964174747,0.0947783737257123,0.03768811093643308,0.09692346725612877
2023-04-26 09:00:00,0.08679714925587177,0.0830026912689209,0.1351664578542113,0.06791926490142941,0.12569375418126583
2023-04-26 10:00:00,0.15036391407251354,0.08736455790698527,0.17529677256941795,0.10716793175786735,0.15121190555393693
2023-04-26 11:00:00,0.23325684189796447,0.09397022396326064,0.21407843321561812,0.12661991268396378,0.17825603276491164
2023-04-26 12:00:00,0.25923428088426587,0.08390222534537314,0.1973556739091873,0.10928789854049684,0.15656045440584418
2023-04-26 13:00:00,0.2074112409353256,0.05299860201776027,0.1388437184691429,0.07049807839095593,0.11024002276360988
2023-04-26 14:00:00,0.12749246798455716,0.019432390667498113,0.07602486338466405,0.03548022773116827,0.06658136276528238
2023-04-26 15:00:00,0.056691547706723217,0.012622505724430085,0.02574913736432791,0.0057911546714603905,0.02458220526576042
2023-04-26 16:00:00,0.059443625733256344,0.06426177620887757,0.033224703688174484,0.008665533605962991,0.03235225349664688
2023-04-26 17:00:00,0.05526747636497021,0.047620788887143134,0.03112581741064787,0.017556731179356574,0.022180504184216264
2023-04-26 18:00:00,0.018112362176179887,0.035849474668502815,0.009666912015527487,0.006385129783302545,0.005966829992830753
2023-04-26 19:00:00,0.08351116515696048,0.10470270842313767,0.06257323998957873,0.016478668935596942,0.05295837827026844
2023-04-26 20:00:00,0.106947061419487,0.1592442815005779,0.1288207846879959,0.08827202644199131,0.12201813571155071
2023-04-26 21:00:00,0.12074812009930609,0.18509377539157865,0.1805773104727268,0.155511832870543,0.18382738672196863
2023-04-26 22:00:00,0.1378808204829693,0.21223790228366848,0.20715277239680288,0.19371270336210727,0.20267200380563732
2023-04-26 23:00:00,0.12109312668442725,0.20997449249029157,0.1989952190965414,0.20525676138699056,0.2001718884706497
2023-04-27 00:00:00,0.13419316962361336,0.19907284200191494,0.257151558175683,0.22342191711068152,0.2594727757573127
2023-04-27 01:00:00,0.1724230585992336,0.20385863855481146,0.25695531226694585,0.20239014919847245,0.2669487063586712
2023-04-27 02:00:00,0.2021021521091461,0.2413299165666103,0.2476325905323028,0.17800691742449998,0.2423105779290199
2023-04-27 03:00:00,0.11425329342484473,0.15031938984990117,0.13385547664016484,0.07023473478853702,0.13157399803400038
2023-04-27 04:00:00,0.09991018638014793,0.07846322663128376,0.09344475843012331,0.04278370689600706,0.08337059807032346
2023-04-27 05:00:00,0.08055494114756584,0.041174290776252745,0.05995133507996798,0.02505169201642275,0.049418329745531085
2023-04-27 06:00:00,0.10073246598243712,0.043392307758331305,0.08821911286562681,0.03242975398898125,0.08568344328552484
2023-04-27 07:00:00,0.1320580892264843,0.03242562770843506,0.11314813248813152,0.04005024818703533,0.1020009621605277
2023-04-27 08:00:00,0.13374389581382273,0.00888686116784811,0.11146243184804915,0.03830616375431418,0.08879635345190762
2023-04-27 09:00:00,0.10436811938881872,0.0012575139850378037,0.08053974118083715,0.02333356760442257,0.05745973333716393
2023-04-27 10:00:00,0.09517677277326583,0.0,0.07249539732933044,0.016661177333444358,0.04959810100495815
2023-04-27 11:00:00,0.0870892161130905,0.0006298365816473961,0.07267604917287826,0.012946496903896331,0.054380257353186606
2023-04-27 12:00:00,0.05013784311711788,0.0,0.046327792853116986,0.007982275784015657,0.03602252833545208
2023-04-27 13:00:00,0.03453546911478043,0.0003489600494503975,0.04337922230362892,0.01225897716358304,0.03753703661262989
2023-04-27 14:00:00,0.04508343122899532,0.0019609099999070164,0.05098020188510418,0.012964654471725227,0.04364371817559004
2023-04-27 15:00:00,0.013615320920944215,0.0022724879905581473,0.02718482334166765,0.01348724639043212,0.032332217693328856
2023-04-27 16:00:00,0.0034463209658861156,0.01086474910378456,0.029258678108453753,0.038299732469022275,0.04299066253006459
2023-04-27 17:00:00,0.008105964586138726,0.03942227445542812,0.06604373339563609,0.10829098630696536,0.08638300158083438
2023-04-27 18:00:00,0.00323744960129261,0.015592552460730078,0.01911876456812024,0.07561713065952062,0.023263642266392708
2023-04-27 19:00:00,0.004266515672206879,0.011816326007246972,0.011735770087689163,0.06389903411269188,0.013272179178893565
2023-04-27 20:00:00,0.014915314130485057,0.03001960247755051,0.02149696385487914,0.06784461960196495,0.022368420362472535
2023-04-27 21:00:00,0.02848322466015816,0.052544587329030036,0.03686606083065272,0.07660181302577257,0.03909722913056612
2023-04-27 22:00:00,0.07377522289752961,0.056393236145377154,0.09241126384586096,0.13787339724600314,0.08257763009518385
2023-04-27 23:00:00,0.1049570742994547,0.04070847630500794,0.10043179523199797,0.0976805579662323,0.08005262199789284
2023-04-28 00:00:00,0.08378691166639327,0.013195983320474624,0.0769751674309373,0.04917619321495294,0.057462598681449886
2023-04-28 01:00:00,0.09647322915494441,0.017120987027883533,0.0698259300738573,0.025273491479456428,0.05116870742291212
2023-04-28 02:00:00,0.12199898332357406,0.02275714233517647,0.11590123690664769,0.06590458028018474,0.09778033845126628
2023-04-28 03:00:00,0.37256095886230467,0.1557552646100521,0.27731173776090146,0.07646960200741885,0.2209585630893707
2023-04-28 04:00:00,0.3921775817871094,0.23831184580922127,0.2954353481531143,0.09922948710620401,0.21983999673277138
2023-04-28 05:00:00,0.5300764536857604,0.6177598436176777,0.49962889909744257,0.20023357696831226,0.4011033716797828
2023-04-28 06:00:00,0.5553718066215514,0.8594637064635753,0.6310291825234889,0.32968872848898173,0.5929657727479933
2023-04-28 07:00:00,0.5724336063861846,0.8090902088582514,0.7097172683477401,0.5146737512946129,0.7137150991708039
2023-04-28 08:00:00,0.6007671213150023,0.6910015894472599,0.7352132952213286,0.6657982774823904,0.7390552897006273
2023-04-28 09:00:00,0.7145538276433944,0.7673301836848259,0.8457068144530058,0.8425270928442478,0.8569996073842048
2023-04-28 10:00:00,0.7967298036813736,0.8458040870726109,0.9265210281312465,0.9304626464843748,0.9338980878144503
2023-04-28 11:00:00,0.8251840202510357,0.8570240758359431,0.9474150688946248,0.964247329160571,0.960190895050764
2023-04-28 12:00:00,0.8658911716938018,0.9159202383458613,0.9597273460030555,0.9809131389856337,0.9698194811493158
2023-04-28 13:00:00,0.88445117816329,0.9528402449190616,0.9671232249587774,0.9899435432255268,0.9790805875509977
2023-04-28 14:00:00,0.8230164235830306,0.9365732960402964,0.9459130468964576,0.9907368114590644,0.9624097749590872
2023-04-28 15:00:00,0.750311973541975,0.9160757790505886,0.9210183061659336,0.9971245346963405,0.9539746680110692
2023-04-28 16:00:00,0.7378547979891299,0.8905981136858463,0.9241684268414974,0.9925362960994244,0.9566841439157724
2023-04-28 17:00:00,0.5240349328517913,0.7332221753895282,0.8309296219795943,0.9788101267069578,0.8963545162230729
2023-04-28 18:00:00,0.36580970257520673,0.43707016468048093,0.7238064454495906,0.9899008639156818,0.8169343553483486
2023-04-28 19:00:00,0.5768818093836308,0.5102689945697784,0.7446994404494762,0.950466381907463,0.7461400004476308
2023-04-28 20:00:00,0.5829906022548674,0.5925193285942076,0.688349608927965,0.8415444251149893,0.6786585497111082
2023-04-28 21:00:00,0.6080620145797728,0.6993887400627135,0.7069108764082193,0.8012572635710238,0.6973401600867509
2023-04-28 22:00:00,0.5911289608478545,0.6257494843006133,0.6554241521656512,0.6907178072631358,0.6507187901437281
2023-04-28 23:00:00,0.5935233688354491,0.6464708825945853,0.6501032019406556,0.6547385128587484,0.6428850053250789
2023-04-29 00:00:00,0.478128080368042,0.6801075054705141,0.5733915176987646,0.7451289101690053,0.6164057352393866
2023-04-29 01:00:00,0.4398693084716797,0.5490282034873961,0.5638217850029468,0.8162625145167111,0.5876845876127481
2023-04-29 02:00:00,0.538938627243042,0.534399435520172,0.7135524597764015,0.9300737124681473,0.7407168411463497
2023-04-29 03:00:00,0.6179337060451506,0.5660100734233855,0.8040488593280314,0.9784716423600912,0.8213034570217131
2023-04-29 04:00:00,0.7178120112419127,0.5703967368602751,0.8846805214881897,1.0,0.9077647866308689
2023-04-29 05:00:00,0.929025539457798,0.76573967769742,0.9788016914576292,1.0,0.9832135799527167
2023-04-29 06:00:00,1.0,0.9746357530355453,1.0,1.0,1.0
2023-04-29 07:00:00,1.0,1.0,1.0,1.0,1.0
2023-04-29 08:00:00,1.0,1.0,1.0,1.0,1.0
2023-04-29 09:00:00,1.0,1.0,1.0,1.0,1.0
2023-04-29 10:00:00,1.0,1.0,1.0,1.0,1.0
2023-04-29 11:00:00,1.0,1.0,1.0,1.0,1.0
2023-04-29 12:00:00,1.0,1.0,1.0,1.0,1.0
2023-04-29 13:00:00,1.0,1.0,1.0,1.0,0.998339937478304
2023-04-29 14:00:00,0.9840245476365088,1.0,0.9979881143569946,1.0,0.994269580692053
2023-04-29 15:00:00,0.8778891511261463,0.9742084735631942,0.943649378195405,0.9819069717824458,0.928658436089754
2023-04-29 16:00:00,0.8932360412180422,0.9845570814609528,0.9559569092839955,0.9911614082753658,0.9489735535532234
2023-04-29 17:00:00,0.9002121610939502,0.9870219939947128,0.952693400233984,0.9903507217764854,0.9423144152015447
2023-04-29 18:00:00,0.8218672765791415,0.9752499520778655,0.9205346066504716,0.9781848183274269,0.8975133271515369
2023-04-29 19:00:00,0.7159715315699576,0.93193394318223,0.8207549951225519,0.922266559228301,0.8189433572441338
2023-04-29 20:00:00,0.5798645770549773,0.8378826980292796,0.6908919362723827,0.8720907900482415,0.69990326911211
2023-04-29 21:00:00,0.5159454083442687,0.7731768159568309,0.6046369860321282,0.8293682273477314,0.6439447941631078
2023-04-29 22:00:00,0.397872200012207,0.6867477683722971,0.5544492128491401,0.8066151683032512,0.6030924736708402
2023-04-29 23:00:00,0.3128225933015346,0.6273403672873972,0.45009541921317575,0.6204849316179751,0.48998608604073524
2023-04-30 00:00:00,0.5411522960662841,0.6922069123387335,0.5608405387401579,0.5715909957885741,0.573241398334503
2023-04-30 01:00:00,0.5940355813503264,0.6942908576130866,0.6324481306970118,0.5828237803280353,0.6314804846793411
2023-04-30 02:00:00,0.6529659083485602,0.5022757387161254,0.6978912769258021,0.5121248408406972,0.6618041562288999
2023-04-30 03:00:00,0.7389245039224623,0.5706947302818297,0.5914476756006478,0.23422762028872965,0.5129341177642345
2023-04-30 04:00:00,0.5675726389884947,0.6181401467323302,0.470395056605339,0.1617333601042628,0.41601127624511713
2023-04-30 05:00:00,0.5921996092796324,0.6993212683498858,0.4688160669803618,0.2377653236687183,0.4085060352087021
2023-04-30 06:00:00,0.3927495193481445,0.5485749995708464,0.31223424330353733,0.3437975042313337,0.2769442156702279
2023-04-30 07:00:00,0.44664348602294923,0.4891722059249878,0.4856892979145049,0.776063888221979,0.4599568629264831
2023-04-30 08:00:00,0.5470612502098082,0.7078612720966337,0.6626069395244121,0.9181330032646655,0.6703486113250254
2023-04-30 09:00:00,0.4919630110263824,0.7417826978862285,0.6772864482551813,0.9611620859056711,0.7190009573847055
2023-04-30 10:00:00,0.7166540509462356,0.8988900516927242,0.8885541829466819,0.9997045658528805,0.9359084271639584
2023-04-30 11:00:00,0.8065774691104888,0.9739753235876559,0.9272580733150242,0.8619379429519175,0.9426765662431716
2023-04-30 12:00:00,0.8595844213664532,0.9893274518847466,0.9066129121929407,0.6395487238466738,0.8964073412120341
2023-04-30 13:00:00,0.8865396282076835,0.9907865735888481,0.8561039165407418,0.49385562859475607,0.8108821008354425
2023-04-30 14:00:00,0.6979771292209624,0.9160089364647864,0.6148365376889704,0.3213034860789776,0.5572212956845759
2023-04-30 15:00:00,0.4472386884689331,0.7248190148174762,0.44251973927021027,0.27778642944991583,0.40947184696793554
2023-04-30 16:00:00,0.3279711978137493,0.5781778252124785,0.3287876864522695,0.17211955416947602,0.3195593031495809
2023-04-30 17:00:00,0.48312048077583314,0.6092516636848448,0.3678715966641902,0.08997601892799138,0.3300734581053256
2023-04-30 18:00:00,0.3294410400092601,0.48040823578834524,0.2276895899325609,0.04903833003714681,0.19251388899981972
2023-04-30 19:00:00,0.32896537780761714,0.31375874325633046,0.24157634951174256,0.08648493487387895,0.1754939877614379
2023-04-30 20:00:00,0.4585426819324493,0.48196549892425533,0.24826025879010555,0.13412347545847295,0.1522245182842016
2023-04-30 21:00:00,0.37894409179687494,0.47251143991947164,0.159877693913877,0.13749522149562832,0.08722868161275982
2023-04-30 22:00:00,0.49473546504974364,0.29038236945867535,0.26216668128967285,0.2609900294616818,0.14340893931686877
2023-04-30 23:00:00,0.4070971208810805,0.46098491042852396,0.46157614462077606,0.3124089075811207,0.3767856615781784
2023-05-01 00:00:00,0.21950418248772618,0.25795480236411095,0.5846555238217115,0.2525437963195145,0.7110851645469665
2023-05-01 01:00:00,0.688931402415037,0.6307939146459103,0.7049373789876698,0.15507128233090042,0.6998105951398611
2023-05-01 02:00:00,0.7222144903242587,0.9975337955355644,0.48223551079630844,0.12214083731174467,0.4106953001022338
2023-05-01 03:00:00,0.5120213496685028,0.8894579823315143,0.31005218125879763,0.06480727329850196,0.24617313109338282
2023-05-01 04:00:00,0.4796770989894867,0.6917905551195145,0.2500086101144552,0.0484201117604971,0.17474173679947852
2023-05-01 05:00:00,0.46946551322937013,0.3988757324218749,0.20690243378281592,0.0194572651386261,0.10946475856006145
2023-05-01 06:00:00,0.4071171951293945,0.32969377681612966,0.1815339099615812,0.0026272630691528322,0.09426888013258576
2023-05-01 07:00:00,0.3308002690970897,0.27531399279832836,0.1984530057758093,0.022862751074135303,0.1420487020909786
2023-05-01 08:00:00,0.362927017211914,0.3007950817048549,0.29513413242995734,0.0920469418913126,0.24920490138232704
2023-05-01 09:00:00,0.43421661376953125,0.395689697265625,0.3477396100759506,0.11302155449986456,0.2923083040118217
2023-05-01 10:00:00,0.4901136779785156,0.4617836833000183,0.3345004869997501,0.10647216401994226,0.2664799837023019
2023-05-01 11:00:00,0.5059530913829804,0.5020250332355498,0.2931317832320928,0.07578783754259347,0.21541231185197826
2023-05-01 12:00:00,0.49147647261619565,0.48646901965141287,0.2436502163112163,0.04214180780574679,0.15903036009520288
2023-05-01 13:00:00,0.4660112845897674,0.47290973544120785,0.24834005787968633,0.06116267662495374,0.17079691134393213
2023-05-01 14:00:00,0.4815872764587402,0.5075105547904968,0.31787087045609946,0.1393086639791727,0.24622555494308468
2023-05-01 15:00:00,0.3418445339798927,0.38581134796142574,0.22766946986317632,0.13124037936329838,0.19018045827746388
2023-05-01 16:00:00,0.42354572296142573,0.38557743072509765,0.24502628244459626,0.09676669828593731,0.19450746692717075
2023-05-01 17:00:00,0.28485193759202954,0.30483394458889956,0.22652776435017583,0.15064554788172244,0.20395451612770554
2023-05-01 18:00:00,0.42075315594673157,0.482167842388153,0.2644226355105638,0.1950519047677517,0.21902298785746094
2023-05-01 19:00:00,0.3668243227899074,0.5775363302230834,0.2586799754202366,0.14933188393712044,0.23752908177673812
2023-05-01 20:00:00,0.37175977364182466,0.7280332750082015,0.33639156483113763,0.17006428629159925,0.3738928689807653
2023-05-01 21:00:00,0.39682250976562494,0.7698011024296283,0.3827230262756347,0.20645506054162976,0.4421253098547458
2023-05-01 22:00:00,0.5287266528606414,0.8267056787014007,0.5200088137388229,0.27514049634337423,0.569427825063467
2023-05-01 23:00:00,0.6254760725796221,0.8842784136533737,0.5717422930896282,0.3050019080936908,0.6038444840162992
2023-05-02 00:00:00,0.6551307460665702,0.9126342190802097,0.623833974674344,0.3188701628893613,0.6576881819963456
2023-05-02 01:00:00,0.5808074629306792,0.8368163949251175,0.6070937360078095,0.3558439657092094,0.6429894021153449
2023-05-02 02:00:00,0.6414208015799521,0.8160998672246933,0.6549668921530245,0.4807444760203361,0.6672114495187997
2023-05-02 03:00:00,0.5459364211559296,0.8060684232413768,0.6183247225731611,0.655104607194662,0.6650479520857334
2023-05-02 04:00:00,0.4819330132007599,0.6279619029164314,0.5711657261848448,0.5181668943166732,0.6446846637874841
2023-05-02 05:00:00,0.4054387283325195,0.39884270310401915,0.38704067230224604,0.5977988561987877,0.37414431989192964
2023-05-02 06:00:00,0.3771640396118164,0.299796142578125,0.39664667129516595,0.717257230579853,0.3922452354431152
2023-05-02 07:00:00,0.5310099279880522,0.3810590362548828,0.49287559509277346,0.7095572885125875,0.4519209909439087
2023-05-02 08:00:00,0.5566238617897032,0.4240898001194,0.47855610787868497,0.7814979659765958,0.40316721737384786
2023-05-02 09:00:00,0.4479934501647949,0.46623009204864496,0.4227735500782728,0.7631735218316316,0.34109426818788047
2023-05-02 10:00:00,0.37092475891113275,0.38085472106933593,0.3945526653528213,0.5291749250888824,0.37446996264159677
2023-05-02 11:00:00,0.21255203947424886,0.2602200502157211,0.28135602749884125,0.3765150213241577,0.29753544151782985
2023-05-02 12:00:00,0.10167122714221477,0.17805982828140257,0.17043313480913638,0.38215448893606657,0.19875139690935612
2023-05-02 13:00:00,0.10802739210426807,0.2792038814723491,0.14366397377103565,0.3737227534502744,0.15428442209959028
2023-05-02 14:00:00,0.1789252087473869,0.2808255575597286,0.14305685617029665,0.3317397408932447,0.13541207451373335
2023-05-02 15:00:00,0.28543615281581874,0.39963729858398434,0.24301295049488542,0.46878554865717886,0.22016958847641943
2023-05-02 16:00:00,0.22742476597428318,0.32048082575201986,0.24967722877860066,0.5384805236011743,0.23393689177930355
2023-05-02 17:00:00,0.2793096867203712,0.33180897593498226,0.27189122609794136,0.5075394088774918,0.2728343907743692
2023-05-02 18:00:00,0.24353888511657712,0.2283197674155235,0.29687920048832883,0.5176959210634231,0.3010023281723261
2023-05-02 19:00:00,0.20201155647635458,0.1656003329157829,0.3067768909037113,0.551483429595828,0.32674241237342355
2023-05-02 20:00:00,0.19883304879069325,0.1333635453134775,0.2983025854080915,0.5150823304802179,0.31199016340076924
2023-05-02 21:00:00,0.1875888209044933,0.09692296013236046,0.2639468075335026,0.4278534233570098,0.27146814219653603
2023-05-02 22:00:00,0.197894946783781,0.09118517607450484,0.28886631794273854,0.39971160978078835,0.2934562191367149
2023-05-02 23:00:00,0.2874021659791469,0.12441089399158954,0.3555867876857519,0.34073294103145596,0.3426033182442188
2023-05-03 00:00:00,0.46011891365051266,0.16650624990463253,0.3712176026403904,0.2114165864139795,0.30071799650788306
2023-05-03 01:00:00,0.4313191533088684,0.18056197300553317,0.29954948961734773,0.1708801325783133,0.23729580588638782
2023-05-03 02:00:00,0.325963584780693,0.16224371567368506,0.2573781461268663,0.2424491625279188,0.2223772238194942
2023-05-03 03:00:00,0.20288047924637792,0.1477627073228359,0.14378449242562055,0.14353387285023927,0.11689070869237184
2023-05-03 04:00:00,0.10424278154969216,0.16252400577068327,0.1384963821619749,0.17379388719797134,0.13583889119327067
2023-05-03 05:00:00,0.1052725402265787,0.11330351799726485,0.12927749272435904,0.16253099784255026,0.12714423064142466
2023-05-03 06:00:00,0.0751276572793722,0.1807088182866573,0.07319159716367721,0.15140435308218,0.08619251798838377
2023-05-03 07:00:00,0.1187474463880062,0.2210882417857647,0.1309764614701271,0.23952947236597535,0.1516166507452726
2023-05-03 08:00:00,0.16902376532554625,0.22905191317200657,0.2108848600834608,0.2710620145499706,0.22881598219275473
2023-05-03 09:00:00,0.23703228741884227,0.3674168948829174,0.22496036186814306,0.23402813218533988,0.2163513297587633
2023-05-03 10:00:00,0.3334900797903537,0.35467146813869477,0.29458646975457664,0.2582473723590374,0.2595823715627193
2023-05-03 11:00:00,0.2961147394776344,0.31136521130800243,0.33773142293095587,0.27726942650973796,0.3225659856945276
2023-05-03 12:00:00,0.32103763580322264,0.23941817477345462,0.38947187662124627,0.3950331115722656,0.37165472455322746
2023-05-03 13:00:00,0.2833657175302505,0.1241373059898615,0.3325391738116741,0.4457637840509414,0.30693689174950123
2023-05-03 14:00:00,0.40789649963378904,0.13682583272457122,0.35909890152513974,0.47086132273077963,0.32181161753833293
2023-05-03 15:00:00,0.2740965278446674,0.11951238170266151,0.21166711457073686,0.257929156050086,0.18422569178044795
2023-05-03 16:00:00,0.2801688908040523,0.14447367176413534,0.21119858063757418,0.3022897330671549,0.1912676683068275
2023-05-03 17:00:00,0.5988507865369319,0.39842739105224606,0.4638813930004835,0.5200346175581216,0.38748310089111326
2023-05-03 18:00:00,0.6556587754189966,0.5182483351230621,0.6531726604700087,0.735128210261464,0.630428157225251
2023-05-03 19:00:00,0.7248825854063033,0.6979135832190512,0.6862042485177515,0.7548896611481903,0.6604002984613179
2023-05-03 20:00:00,0.8813897593319415,0.9451590406894683,0.8770735435932875,0.9166792126744986,0.8486439903080463
2023-05-03 21:00:00,0.9673799270391463,0.9793849357962607,0.9857555782794952,0.9968934462964535,0.9832090277969837
2023-05-03 22:00:00,0.9909357687830924,1.0,0.9966078080236912,1.0,0.9958519449830054
2023-05-03 23:00:00,1.0,1.0,1.0,1.0,1.0
2023-05-04 00:00:00,1.0,1.0,1.0,1.0,0.9998790752887726
2023-05-04 01:00:00,0.9211492447555064,0.9982896661758422,0.951481549590826,0.9993409557640552,0.953033686876297
2023-05-04 02:00:00,0.9746865791082382,0.9674564699828624,0.9937036314606666,1.0,0.9958090908825398
2023-05-04 03:00:00,0.9857649454474449,0.9996009606122971,0.9055978911370038,0.9521867610514163,0.8476670016348362
2023-05-04 04:00:00,0.9830166317522525,0.8381048840284346,0.9818372102081775,0.9902724231779574,0.9574819857627153
2023-05-04 05:00:00,0.8143076851963996,0.7387176556885242,0.9055905406177043,0.9941237141191959,0.8930001789331437
2023-05-04 06:00:00,0.7581337271630764,0.7802832452952861,0.8058041110634804,0.9680114743113517,0.7847095882147551
2023-05-04 07:00:00,0.7419127649068831,0.5940071499347686,0.7743115997314453,0.9311064870655537,0.7364293545484543
2023-05-04 08:00:00,0.632975594550371,0.5400149083137512,0.652903821542859,0.8028170290589333,0.6282956583797931
2023-05-04 09:00:00,0.5809286987781523,0.503864631652832,0.578622714281082,0.637223902195692,0.5479654675722121
2023-05-04 10:00:00,0.44829444885253905,0.3452068710327148,0.49829512298107137,0.5336370176076888,0.4734622621536254
2023-05-04 11:00:00,0.32892754614353176,0.20232511729001995,0.40663945198059076,0.46497323989868167,0.39433077275753015
2023-05-04 12:00:00,0.22744734197854993,0.11890451081097125,0.27757371738553044,0.3638245964050293,0.27192136146128176
2023-05-04 13:00:00,0.1663270217180252,0.07059034146368504,0.18205714881420132,0.2707531359046697,0.172631896212697
2023-05-04 14:00:00,0.1269828177988529,0.032853236943483355,0.12204434506595133,0.18988494686782356,0.1060987589508295
2023-05-04 15:00:00,0.07156378626823426,0.008548629507422446,0.05183591842651368,0.057565077245235435,0.04414800429716706
2023-05-04 16:00:00,0.06664923124015332,0.0036786211282014846,0.043700753711164,0.034926056303083895,0.03818961028009653
2023-05-04 17:00:00,0.039180188700556756,0.0014907206594944,0.015058778319507837,0.026866984870284796,0.008451489601284265
2023-05-04 18:00:00,0.04860553063452244,0.005561743304133416,0.02371578870341182,0.030267800558358433,0.013877006135880946
2023-05-04 19:00:00,0.100221002176404,0.052904497981071476,0.05559757098555565,0.036720716655254365,0.036674605682492256
2023-05-04 20:00:00,0.13180950075387954,0.1561228089034557,0.0850389538705349,0.04663072396069765,0.0616964103281498
2023-05-04 21:00:00,0.11034639358520507,0.18699291616678237,0.1005631098523736,0.08401243161410094,0.08887614071369171
2023-05-04 22:00:00,0.07322412312030792,0.18755535572767254,0.0936087729409337,0.12378020741045474,0.0968329232931137
2023-05-04 23:00:00,0.02372180797159672,0.13393945708870886,0.06132590912282467,0.13924523517489432,0.08590432669967413
2023-05-05 00:00:00,0.0018377520143985748,0.08717060893774031,0.02872899051755667,0.1392279454693198,0.057087904959917064
2023-05-05 01:00:00,0.0006299856677651405,0.06409384079277515,0.04250763325020671,0.16501420244574544,0.05130827937275171
2023-05-05 02:00:00,0.004122050367295742,0.06437190689146519,0.02687361281365156,0.10918351098895072,0.0337402456998825
2023-05-05 03:00:00,0.0032329555973410603,0.07096920296549797,0.012531873807311057,0.05182309083640575,0.017966634798794984
2023-05-05 04:00:00,0.005118849128484726,0.0697991907596588,0.01679756470024586,0.039310627169907096,0.02890362851321697
2023-05-05 05:00:00,0.013019160106778145,0.055070610120892524,0.020938924215734008,0.0427404883876443,0.019452203270047905
2023-05-05 06:00:00,0.041253082528710364,0.05911440730094909,0.02748062279075384,0.03216578662395478,0.025174367241561413
2023-05-05 07:00:00,0.09742267332971095,0.06017764233052732,0.07910031735897063,0.01907291740179062,0.07869868176057934
2023-05-05 08:00:00,0.08298353686928749,0.03133428636938334,0.08787885122001171,0.021437218748033046,0.09009745506569744
2023-05-05 09:00:00,0.04816131606698036,0.014040992967784405,0.06973264843225478,0.026354296542704107,0.07185501921921969
2023-05-05 10:00:00,0.04256130546331406,0.011783578246831895,0.08236589998006821,0.03344325641170144,0.08412046190351248
2023-05-05 11:00:00,0.05855089843273163,0.022710972502827644,0.10289434853941201,0.03476172730326652,0.10507808841764926
2023-05-05 12:00:00,0.060492642894387244,0.041710364744067197,0.09753573417663575,0.029302623644471167,0.10235525801777838
2023-05-05 13:00:00,0.04477046690881253,0.06512211613357068,0.09541013360023498,0.035902861244976526,0.10538525909185409
2023-05-05 14:00:00,0.033126462101936344,0.08044223472476006,0.10316169425845145,0.050396399497985835,0.11558402482420205
2023-05-05 15:00:00,0.05886792004108429,0.040573142543435095,0.12681199360638856,0.07121760347858071,0.12731331981718538
2023-05-05 16:00:00,0.058745565265417105,0.06727411434054374,0.2147215113788843,0.14399540573358535,0.22869582407176492
2023-05-05 17:00:00,0.05773927293717861,0.07053077302873134,0.16477317225188015,0.11056158728897571,0.18329517059028144
2023-05-05 18:00:00,0.04267333082854748,0.04783783197402955,0.07394978266209364,0.05781263798475266,0.07103655643761159
2023-05-05 19:00:00,0.06636760748922824,0.046789776086807254,0.058972365595400325,0.058591974303126335,0.048840631172060965
2023-05-05 20:00:00,0.06473602548241615,0.03755444943904877,0.03971343107521534,0.029678227677941326,0.02540288724005222
2023-05-05 21:00:00,0.06296186700463295,0.06189330480992794,0.0450044833123684,0.01932509779930115,0.03326553784310818
2023-05-05 22:00:00,0.06355501301586627,0.07094873934984207,0.04127138588577509,0.01019848072901368,0.030351615101099017
2023-05-05 23:00:00,0.02850227311253548,0.03232847973704338,0.02167386531829834,0.0030202509835362433,0.015667329765856268
2023-05-06 00:00:00,0.010645200610160829,0.021365926861763,0.006427842564880848,0.001007793452590704,0.004831365272402763
2023-05-06 01:00:00,0.009181571826338768,0.022844403088092807,0.006337106544524431,0.0006148534268140793,0.004115018043667078
2023-05-06 02:00:00,0.011834025084972381,0.02428909942507744,0.014459989964962006,0.002081054989248514,0.016879937667399647
2023-05-06 03:00:00,0.08709749206900597,0.12301462963223456,0.06755097534507513,0.01661826591938734,0.0592057903856039
2023-05-06 04:00:00,0.05774549499154091,0.07353392869234085,0.08551948830485345,0.05274781862273812,0.08562823366373777
2023-05-06 05:00:00,0.057533430457115176,0.11624009028077124,0.1472107769921422,0.14671262800693508,0.15670949965715408
2023-05-06 06:00:00,0.11576316989958285,0.172410801500082,0.2512444098293781,0.25236736219376327,0.2641561190038919
2023-05-06 07:00:00,0.08856305979192257,0.19213705778121945,0.27101088527590034,0.36981703490018847,0.30631300404667855
2023-05-06 08:00:00,0.076262818723917,0.23463916853070255,0.31968383707106107,0.6921285903453825,0.39512228228151797
2023-05-06 09:00:00,0.08180007673799991,0.2239696605503559,0.29190820574760434,0.6675966771692037,0.3562848346680403
2023-05-06 10:00:00,0.04001380428671837,0.09726324684917925,0.14162226088345048,0.475565436258912,0.1730156153067946
2023-05-06 11:00:00,0.0007611231878399848,0.033486319892108436,0.10213226633146405,0.4745290501415729,0.13011197127401827
2023-05-06 12:00:00,0.00041702557355165475,0.02480752419680357,0.11599313994869588,0.5226275428384541,0.14308728598058224
2023-05-06 13:00:00,0.006338651627302169,0.025935512073338034,0.13719186639413236,0.5411342634260654,0.16527702312916515
2023-05-06 14:00:00,0.03691501259803773,0.04987543292343616,0.2003978595137596,0.5057314920425414,0.23821598369628189
2023-05-06 15:00:00,0.09881268434226512,0.17240012720227238,0.3243729586526751,0.530654222369194,0.3792356561124325
2023-05-06 16:00:00,0.1403588047623634,0.19638550981879233,0.3253006134927272,0.5039850181341171,0.3631797143816948
2023-05-06 17:00:00,0.0729768430441618,0.09394186019897462,0.16745718430727718,0.37673088222742074,0.18013333573937412
2023-05-06 18:00:00,0.017316207736730576,0.021020120531320574,0.07260956846177577,0.25737757071852685,0.08410388246178627
2023-05-06 19:00:00,0.07083223335444927,0.05762207239866257,0.11694034788757562,0.19303880520164965,0.11861674819141624
2023-05-06 20:00:00,0.057961458712816244,0.02953213840723038,0.07158979270607232,0.10470844261348247,0.06645829916000368
2023-05-06 21:00:00,0.046055445596575734,0.019631554037332535,0.059293123036623,0.06900146551430225,0.05311106022447348
2023-05-06 22:00:00,0.037689372524619104,0.00847945436835289,0.042735228054225444,0.027537373118102552,0.03678728323429823
2023-05-06 23:00:00,0.02743802294135094,0.006257989183068274,0.03540807761251927,0.021338285952806475,0.029631524831056598
2023-05-07 00:00:00,0.030557760149240495,0.005353583097457886,0.02900613233447075,0.014509755596518518,0.02015921950340271
2023-05-07 01:00:00,0.015904840379953385,0.002660289257764816,0.017053852118551732,0.008967088088393211,0.010025683436542749
2023-05-07 02:00:00,0.019772583656013015,0.004749630950391293,0.022542472388595344,0.01321874111890793,0.01395149538293481
2023-05-07 03:00:00,0.024932644106447698,0.0027318480238318443,0.022960688378661873,0.010310497488826514,0.01383286463096738
2023-05-07 04:00:00,0.06418901599943638,0.028221291154623036,0.04099399741739034,0.014806925803422927,0.0314983425848186
2023-05-07 05:00:00,0.19965003460645672,0.05056528776884079,0.1613949778676033,0.06179495766758918,0.13284800361841914
2023-05-07 06:00:00,0.30745633080601686,0.10390880651772022,0.33416700422763823,0.20765158630907535,0.2682077400013805
2023-05-07 07:00:00,0.270438420176506,0.19691365569829938,0.35771112233400343,0.32507066819816827,0.3168697521090507
2023-05-07 08:00:00,0.20741115286946293,0.3076168942451477,0.35899892151355745,0.48854490160942066,0.3879986830800771
2023-05-07 09:00:00,0.15802864536643024,0.28576641723513596,0.3126023364812135,0.5341308122873306,0.3619457886368036
2023-05-07 10:00:00,0.15243294551968573,0.30783840253949163,0.34779987573623655,0.6074296391010283,0.39719686329364773
2023-05-07 11:00:00,0.15810515165328978,0.2797692745923996,0.3980464681237936,0.7249725023657083,0.45220241278409956
2023-05-07 12:00:00,0.18767685487866398,0.2714676834642887,0.4702753567695617,0.8281112306565046,0.5268187613040207
2023-05-07 13:00:00,0.25992604449391365,0.3417173074185848,0.5493901279568671,0.9047020611166954,0.6029475315660238
2023-05-07 14:00:00,0.39936779022216795,0.5229127478599547,0.6567270892113447,0.9024466488510371,0.6984391352534293
2023-05-07 15:00:00,0.434398193359375,0.5685801661014557,0.6678796537220477,0.9276877800375223,0.697556979432702
2023-05-07 16:00:00,0.5873997962474822,0.7846371656656265,0.7236443559080362,0.9548234383016825,0.7185531171411276
2023-05-07 17:00:00,0.4646037542819976,0.7817626869678497,0.7590064126998185,0.9927787154912948,0.8263054016977547
2023-05-07 18:00:00,0.4551646900177002,0.792285324037075,0.6053042327612638,0.9111015428602696,0.6067138379812239
2023-05-07 19:00:00,0.27807398840785025,0.24957668647170062,0.3027913989126682,0.6416007279604673,0.28279201894998546
2023-05-07 20:00:00,0.04268384233117104,0.04231631189584732,0.06306964021176101,0.3602927100658416,0.04954751837998629
2023-05-07 21:00:00,0.02455159679055214,0.02193868115544319,0.16862226366996763,0.5727666448056697,0.16776426635682581
2023-05-07 22:00:00,0.275673444122076,0.13349260315299033,0.5880482763797045,0.6090719374269246,0.6323252460360527
2023-05-07 23:00:00,0.28763994872570037,0.17425052687525747,0.5755808589607476,0.3799064309149981,0.5932587017863988
2023-05-08 00:00:00,0.43829728722572325,0.13339964680373667,0.43998446285724635,0.15167698882520197,0.39586666479706756
2023-05-08 01:00:00,0.24647551998496053,0.17580254942178725,0.25954846441745755,0.09043831989169121,0.22311620034277438
2023-05-08 02:00:00,0.14023968562483785,0.19399957358837125,0.184557726457715,0.11847533423453568,0.16178470142185686
2023-05-08 03:00:00,0.09877969652414322,0.23370273575186729,0.12650672681629657,0.04971638642251491,0.0806458342075348
2023-05-08 04:00:00,0.14060092180967332,0.5239424729347228,0.1896543864160776,0.09371904090046881,0.21100842803716657
2023-05-08 05:00:00,0.2587612377107143,0.48593146562576284,0.3441649790108203,0.2726089953631162,0.3731910940259695
2023-05-08 06:00:00,0.27742888987064357,0.37139456242322916,0.37503916196525094,0.33700852874666454,0.39066932678222654
2023-05-08 07:00:00,0.2245999470353126,0.23353939771652218,0.3077522095292807,0.25223145283758636,0.3200595787912607
2023-05-08 08:00:00,0.08218242473900318,0.1392615409195423,0.1323448111489415,0.2228869242966175,0.14925116140395403
2023-05-08 09:00:00,0.3621881633996963,0.3631702804565429,0.2707449524104595,0.41091859661042685,0.2418758244812488
2023-05-08 10:00:00,0.6713344475626944,0.4254346466064453,0.5683384995162487,0.5491382056474685,0.47966643154621125
2023-05-08 11:00:00,0.42467121124267576,0.2922306214272976,0.33578151933848854,0.33300502918660635,0.2730625560879707
2023-05-08 12:00:00,0.4803391182422638,0.3901865957677364,0.32503216080367564,0.23802766546607015,0.24780460774898525
2023-05-08 13:00:00,0.7121492280066013,0.5671716570854186,0.44492724694311614,0.19153230279684064,0.3144353511929512
2023-05-08 14:00:00,0.8122690929472447,0.5603836219012737,0.5361296346783637,0.24910585455596443,0.3927627925574779
2023-05-08 15:00:00,0.7482639721035956,0.4064768600463867,0.5455736006051302,0.3190016048401594,0.41830908522009846
2023-05-08 16:00:00,0.6806224814057349,0.27127283051609985,0.4804122101515531,0.28845808632671827,0.3560334394872189
2023-05-08 17:00:00,0.3523713159561157,0.09262713670730591,0.21804649911820886,0.2079506070166826,0.15275898873806
2023-05-08 18:00:00,0.13430365338921546,0.044452014341950424,0.10965020786970853,0.19032247073948383,0.09274190422147512
2023-05-08 19:00:00,0.1855463713407516,0.105489237383008,0.18908473871648307,0.12831033799797295,0.16910729505121708
2023-05-08 20:00:00,0.20582505166530607,0.15124715134501454,0.16251301012933253,0.028046314325183626,0.13164797857403754
2023-05-08 21:00:00,0.14123423814773559,0.15521295100450516,0.11633140046149491,0.06866956815123558,0.11045608587563037
2023-05-08 22:00:00,0.1861886842548847,0.23631079629063603,0.1645562336593866,0.1519934784993529,0.1558310017362237
2023-05-08 23:00:00,0.10864365898072718,0.1568876719474792,0.10074586536735297,0.16674684543162582,0.0892226977273822
2023-05-09 00:00:00,0.16429985284805296,0.1928126089274883,0.16243167281150817,0.24849942583590745,0.14687523446977138
2023-05-09 01:00:00,0.21266710147261617,0.297464984357357,0.16820964500308036,0.34682899005711076,0.16122186101973057
2023-05-09 02:00:00,0.2418045628070831,0.33023443371057504,0.19248767919838428,0.5352724109590052,0.1841706461459398
2023-05-09 03:00:00,0.19575163573026655,0.1391459535062313,0.16528541825711723,0.5201828180253505,0.15492593206465244
2023-05-09 04:00:00,0.23980098903179164,0.13661064505577086,0.21704006172716614,0.6129042222350835,0.20622311435639856
2023-05-09 05:00:00,0.3443201446533203,0.2566759060323238,0.3218618217110633,0.6992386545985936,0.32590050712227814
2023-05-09 06:00:00,0.5097617363929748,0.39844148516654965,0.4257083654403686,0.6579384517669677,0.38698455631732936
2023-05-09 07:00:00,0.6903573720157146,0.5410988438129425,0.5764432145655154,0.7170451927185058,0.49508880317211146
2023-05-09 08:00:00,0.9253523169457911,0.7531176796555519,0.818316884189844,0.8265029432624578,0.7215019034594297
2023-05-09 09:00:00,0.9803342160582542,0.8209843045473099,0.9127534779161214,0.8173552360385656,0.8311610616743563
2023-05-09 10:00:00,0.9813316169381141,0.7671878813207149,0.9319108175486327,0.7411982258409261,0.8636872535198926
2023-05-09 11:00:00,0.9688182467222213,0.6871030783653258,0.8885852657258511,0.628959878757596,0.8073901944607496
2023-05-09 12:00:00,0.8670427425205707,0.5006769013404846,0.7922084084153175,0.599440406486392,0.704234587624669
2023-05-09 13:00:00,0.6625592312216758,0.28782714709639545,0.66452300645411,0.609809331446886,0.5992417042702436
2023-05-09 14:00:00,0.5000161612033843,0.17199697673320768,0.5589878141880035,0.559413531050086,0.5192931242287159
2023-05-09 15:00:00,0.3015724503993988,0.1335911829024553,0.47108099937438963,0.6349009128659963,0.49486621066927905
2023-05-09 16:00:00,0.27030985057353973,0.0989260809868574,0.3964878734946251,0.5048184670507907,0.4091154968738555
2023-05-09 17:00:00,0.1494087693095207,0.02758275542408228,0.1865159974992275,0.2746993877738714,0.189841438755393
2023-05-09 18:00:00,0.020151291601359846,0.0,0.019948160834610464,0.07105535048991442,0.02838172370567918
2023-05-09 19:00:00,0.015241493843495846,0.0007464339211583136,0.011491179335862398,0.018265128545463086,0.013451883774250745
2023-05-09 20:00:00,0.034642097502946854,0.014614391326904298,0.02990914046764374,0.014588050544261934,0.027976584658026694
2023-05-09 21:00:00,0.04433295339345932,0.039586272835731504,0.03888314165174961,0.03432353504002095,0.03779839754104614
2023-05-09 22:00:00,0.027063414901494984,0.05356280595064163,0.031483889594674117,0.14063389550894495,0.03693436995148659
2023-05-09 23:00:00,0.02104330986738205,0.09743370376527309,0.036293303221464165,0.28498379364609716,0.04998913146555425
2023-05-10 00:00:00,0.06260082088410854,0.20853951185941694,0.09679080471396445,0.3594831947982311,0.11158170975744722
2023-05-10 01:00:00,0.16583654806017872,0.35022788375616065,0.18973543047904964,0.3578502470999956,0.18679913409054277
2023-05-10 02:00:00,0.2824069425463676,0.4092355954647064,0.25892099529504775,0.32603685833513735,0.22686604030430313
2023-05-10 03:00:00,0.36918987274169923,0.2907256197929382,0.2558867935836315,0.1812721827626228,0.19370703093707559
2023-05-10 04:00:00,0.34661472320556636,0.15405807718634604,0.2514784857630729,0.1442147471010685,0.1975904750823974
2023-05-10 05:00:00,0.2653405468165874,0.09452643439173697,0.23263554498553274,0.15018855106085538,0.2128193066269159
2023-05-10 06:00:00,0.19487910822033877,0.13113296553492546,0.2025757423788309,0.1734541750326752,0.20377964429557321
2023-05-10 07:00:00,0.2045667769014835,0.19897263959050177,0.16234347157180307,0.1638088722899556,0.15964886527508496
2023-05-10 08:00:00,0.20163895741105076,0.17198716193437572,0.10149873152375222,0.09852067032828926,0.07973334664478897
2023-05-10 09:00:00,0.21168488979339597,0.16008774243295193,0.07394925497472285,0.028297067619860176,0.03927236614748836
2023-05-10 10:00:00,0.29333473190665244,0.2527366654574871,0.11488471232354638,0.014624993242323399,0.06807218186557293
2023-05-10 11:00:00,0.38864366009831425,0.33125397801399226,0.18778040163218973,0.02507534118369222,0.11478264626115559
2023-05-10 12:00:00,0.32096021771430966,0.2077216902375221,0.14576491080224513,0.017006319202482703,0.0713508641719818
2023-05-10 13:00:00,0.18441827297210692,0.0892996284365654,0.0701469020359218,0.001303245723247528,0.02657085407525301
2023-05-10 14:00:00,0.11770385362207889,0.11606062345206736,0.04408424489200115,0.00086090549826622,0.02308716399595142
2023-05-10 15:00:00,0.1291893098503351,0.17698876082897186,0.0473279114253819,0.0011562305316329003,0.027142389174550773
2023-05-10 16:00:00,0.10856049619615077,0.17000816717743872,0.03732244441285729,0.0017096467688679695,0.022107273265719415
2023-05-10 17:00:00,0.13590335078537463,0.1927828527987003,0.05223350808024406,0.0028314769640564916,0.03754858020693064
2023-05-10 18:00:00,0.01756310719996691,0.058522474169731144,0.003246652241796255,0.0020516259036958214,0.001206912100315094
2023-05-10 19:00:00,0.0038264837116003033,0.030780935585498815,0.001241249032318592,0.004716079887002707,0.00021062955260276793
2023-05-10 20:00:00,0.002123674340546131,0.031107892245054246,0.0009720312058925628,0.022646678760647774,0.0010703916288912296
2023-05-10 21:00:00,0.004034820422530174,0.06031404875218868,0.009553923513740301,0.03407801404595375,0.017079735472798348
2023-05-10 22:00:00,0.028358234316110613,0.1046665009111166,0.037021040171384814,0.01656889965757728,0.040873656552284955
2023-05-10 23:00:00,0.04062402285635472,0.11408178746700287,0.030335722118616106,0.0058321825042366975,0.026746732667088508
2023-05-11 00:00:00,0.04145566843450069,0.11775561608374117,0.04210352957248688,0.024340269770473245,0.0429065926745534
2023-05-11 01:00:00,0.10838972523808478,0.19355552986264224,0.12869767725467682,0.06160397063940763,0.12784153692424297
2023-05-11 02:00:00,0.22522482782602307,0.2615191338956355,0.2307548128813505,0.07787184171378611,0.21569492459297177
2023-05-11 03:00:00,0.16082559570670127,0.1372499892115593,0.1263216109573841,0.02714935153722763,0.11280259758234024
2023-05-11 04:00:00,0.2223483285307884,0.1776701709628105,0.17548908576369285,0.027549235299229622,0.15851297579705714
2023-05-11 05:00:00,0.32159212812781335,0.27736570581793785,0.2443714869022369,0.026487656608223914,0.21278875645250078
2023-05-11 06:00:00,0.4877437150478363,0.4870772731304169,0.3280982462316751,0.02663167612627149,0.2689903502166271
2023-05-11 07:00:00,0.5796601033210753,0.6297695508599281,0.3228027110919356,0.0240635066665709,0.23307240456342693
2023-05-11 08:00:00,0.593597844839096,0.5752653038501738,0.30932300765067333,0.056125525645911695,0.21932075239717957
2023-05-11 09:00:00,0.6233231073617934,0.5869317507743834,0.3633338882774114,0.17282071001827715,0.2805878371745347
2023-05-11 10:00:00,0.7121635025739669,0.6536986222863197,0.5315836213529109,0.3515153884887695,0.4569341629743576
2023-05-11 11:00:00,0.7303422971069812,0.6614778874814509,0.6149133300781249,0.44664033174514767,0.5461560493707656
2023-05-11 12:00:00,0.7178732408583164,0.6189450776576995,0.6151992207765578,0.4964318561553954,0.552293345928192
2023-05-11 13:00:00,0.8136858215928078,0.7018652445077894,0.7145868542045354,0.6043211138248443,0.6509893423318862
2023-05-11 14:00:00,0.8791576017439364,0.7698202534019947,0.74327267318964,0.5417250515520572,0.669755093231797
2023-05-11 15:00:00,0.8758785600960255,0.7638594245910644,0.7346149804443121,0.51267736248672,0.6639739798754452
2023-05-11 16:00:00,0.6507500810921191,0.47360582947731017,0.5264599168300628,0.424302539229393,0.4624755322933197
2023-05-11 17:00:00,0.36078380584716796,0.23344111293554304,0.3375463347136974,0.38320520401000974,0.29439750984311097
2023-05-11 18:00:00,0.10347312018275259,0.08406509160995483,0.14639371547847985,0.2504984345287084,0.1414391904324293
2023-05-11 19:00:00,0.0931866130977869,0.07589534170925616,0.15338401831686496,0.15839332979172466,0.1527466087043285
2023-05-11 20:00:00,0.10945098221302031,0.05274719282984734,0.1524244267493486,0.10877457465976476,0.15036980479955672
2023-05-11 21:00:00,0.1036887690424919,0.029733110815286637,0.13701469633728264,0.08463335610926151,0.1393798964843154
2023-05-11 22:00:00,0.13432003781199453,0.06304730758070945,0.1428480088338256,0.07194063698872924,0.14349526900798082
2023-05-11 23:00:00,0.3295735931396484,0.23009060382843013,0.23325977146625518,0.07178990626707672,0.1949138570949435
2023-05-12 00:00:00,0.4042734909057617,0.3238826370239257,0.2875972106307745,0.07305423006415367,0.235345242023468
2023-05-12 01:00:00,0.5443675971031189,0.4597736847400665,0.3718997803330421,0.09010968521237372,0.29162092037498943
2023-05-12 02:00:00,0.4851769006252288,0.2602994544804096,0.34746044501662243,0.07463903300464153,0.27081314936280243
2023-05-12 03:00:00,0.3341210015118122,0.16829664051532742,0.2980386235564947,0.06030505843460559,0.2586133145540952
2023-05-12 04:00:00,0.4028341825306415,0.257243727594614,0.3258119039237499,0.03543901808559894,0.2663686557859182
2023-05-12 05:00:00,0.5832477538287639,0.35414505004882807,0.37118516221642495,0.025593689884990452,0.2628083626925945
2023-05-12 06:00:00,0.6334263151884079,0.47828234791755675,0.3544385497644543,0.028879935331642625,0.24615317501127715
2023-05-12 07:00:00,0.6852567417919635,0.7584622195363044,0.405336223244667,0.10762932803481816,0.32525262393057347
2023-05-12 08:00:00,0.8166522081196308,0.9197937330603598,0.5955110766738653,0.36290356017649167,0.5137565005570649
2023-05-12 09:00:00,0.8744553969800472,0.889001717865467,0.78069273032248,0.6960815495252608,0.6892442835867404
2023-05-12 10:00:00,0.9520892202854155,0.9444035351276396,0.8990731070190667,0.7858367209136485,0.8359126158058643
2023-05-12 11:00:00,0.9739586597681045,0.956230952143669,0.8724196614325046,0.566420012563467,0.7978131676465272
2023-05-12 12:00:00,0.9637219913303852,0.9033852595090865,0.782826316282153,0.3849470181763172,0.6818141697347163
2023-05-12 13:00:00,0.9551530787348745,0.8322463026642799,0.7215874222666024,0.2840276929736137,0.5967079019546507
2023-05-12 14:00:00,0.9034845700860022,0.7224212004244327,0.6161265698075293,0.2398803190141916,0.47141550749540323
2023-05-12 15:00:00,0.807524705529213,0.49490152001380916,0.4687677161395549,0.12211681738495825,0.3130114134401083
2023-05-12 16:00:00,0.644924518316984,0.2720891711115837,0.33367668539285655,0.05976271830499172,0.21589342631399627
2023-05-12 17:00:00,0.34292234927415843,0.13147175081074236,0.15560792617499827,0.010818858668208121,0.09586269376799464
2023-05-12 18:00:00,0.09013346441090106,0.04611681714653969,0.029481948371976614,0.0,0.014063819982111455
2023-05-12 19:00:00,0.007510829120874404,0.008355114199221135,0.001623582523316145,0.00252930810675025,0.0005154035612940788
2023-05-12 20:00:00,0.003623347021639347,0.006673814915120601,0.001129815299063921,0.01951247908174992,0.0009982947818934916
2023-05-12 21:00:00,0.01969849947839975,0.02675942614674568,0.012139986753463745,0.02118527226150036,0.009488122649490833
2023-05-12 22:00:00,0.06362548299133777,0.07668885469436645,0.04771706037223339,0.010213011149317027,0.03893850393593311
2023-05-12 23:00:00,0.16775377705693245,0.16960603371262548,0.10946297015994787,0.01818616008386016,0.08454222083091735
2023-05-13 00:00:00,0.26002031728625297,0.2823871074616909,0.18264977939426896,0.04617957301437855,0.14508975155651568
2023-05-13 01:00:00,0.3410540771484375,0.33691053345799443,0.24446140035986896,0.07155470907688141,0.19663372956216332
2023-05-13 02:00:00,0.4278686904907226,0.28122390180826184,0.31047963269054885,0.1230274374783039,0.2455395073443651
2023-05-13 03:00:00,0.42556941986083985,0.17224799722433087,0.3333840215206146,0.21796206474304197,0.2631636443734169
2023-05-13 04:00:00,0.3388599026203155,0.1381144130975008,0.2900924431532621,0.18987743884325028,0.24461064402014016
2023-05-13 05:00:00,0.3371216377615929,0.2176326264441013,0.2625059968978166,0.17093348428606986,0.22387889094650743
2023-05-13 06:00:00,0.41853977203369136,0.24403961464762683,0.32542766034603116,0.2570856092870235,0.27191352158784865
2023-05-13 07:00:00,0.3222344318032264,0.16515327915549277,0.2290973176062107,0.21364416562020777,0.18674225158989427
2023-05-13 08:00:00,0.374041633605957,0.2000532467663288,0.2347866807132959,0.17040171332657333,0.1743222891539335
2023-05-13 09:00:00,0.4644887804985046,0.30383470609784125,0.2839617220312357,0.14486976586282252,0.20771812990307803
2023-05-13 10:00:00,0.4877848780155182,0.3050050918757915,0.3282914239913225,0.16898688279092308,0.24490190058946606
2023-05-13 11:00:00,0.5876821434497832,0.3151897811889648,0.4647916066646575,0.2744307809323072,0.37228191375732417
2023-05-13 12:00:00,0.7149575656652449,0.3727181403338909,0.6473066440224646,0.3770606562495231,0.5492207264900206
2023-05-13 13:00:00,0.603481934070587,0.28919725775718685,0.526203532218933,0.2708440604805946,0.43905164301395416
2023-05-13 14:00:00,0.5334165538847446,0.2300331076979637,0.6097830051928758,0.4607042396068572,0.5781683927774428
2023-05-13 15:00:00,0.5325902040302752,0.23634898573160168,0.6678457921743391,0.5218149524182081,0.6660824777930974
2023-05-13 16:00:00,0.397326910495758,0.17209971211850644,0.60214918166399,0.5439106240868568,0.626859684512019
2023-05-13 17:00:00,0.24620462954044342,0.0903862500190735,0.41319969177246096,0.47418832659721366,0.4372454398870468
2023-05-13 18:00:00,0.10771799720823765,0.02698769636452198,0.18839798390865323,0.30541860759258266,0.19677539475262162
2023-05-13 19:00:00,0.10480612151324747,0.03633361302316189,0.14908132445067165,0.18184087745845318,0.1584259671717882
2023-05-13 20:00:00,0.06177302412688732,0.06787415325641633,0.08435809273272753,0.08636235371232032,0.09861186716705561
2023-05-13 21:00:00,0.019276271015405654,0.10576335079967975,0.03104718610644341,0.058059986606240274,0.048016081899404525
2023-05-13 22:00:00,0.018153728768229484,0.21073439791798587,0.01566176861524582,0.10471284681931137,0.034383427966386076
2023-05-13 23:00:00,0.1132214033603668,0.496626672744751,0.08901127360761166,0.25393841862678523,0.11486729396507142
2023-05-14 00:00:00,0.4268281140923499,0.6759851618111132,0.30779339537024497,0.5039735570549965,0.304868766926229
2023-05-14 01:00:00,0.724355158060789,0.7276711797714233,0.5985900911688804,0.7057206955552101,0.5353234830498694
2023-05-14 02:00:00,0.8344602295756339,0.6666892191767692,0.7716065429151058,0.8480787283927201,0.6710743347555397
2023-05-14 03:00:00,0.5873460775613784,0.4565242862701416,0.5979303761571645,0.8401729277521371,0.5502155365794896
2023-05-14 04:00:00,0.5436400926113127,0.5115371596813201,0.48945143043994893,0.7816573747247457,0.46777124285697935
2023-05-14 05:00:00,0.6938282741606234,0.6381145967543125,0.6059140736609696,0.7948689404129982,0.5416965329647063
2023-05-14 06:00:00,0.8485209366679192,0.8039594097435474,0.7795722352713347,0.884937426969409,0.7045726256817578
2023-05-14 07:00:00,0.9818343299627303,0.9740626525878906,0.928871229365468,0.9297364597022533,0.8760659176856278
2023-05-14 08:00:00,0.9992245984077452,0.9858105278015137,0.9641257980465888,0.9333428091555833,0.9352122368663549
2023-05-14 09:00:00,0.9975953218340874,0.9730810841917992,0.9921150963008403,0.9599857702106238,0.9805512682348488
2023-05-14 10:00:00,0.9831870725750922,0.9337063498795032,0.9810124112665652,0.9152554560452699,0.9719176852703094
2023-05-14 11:00:00,0.9168619796633719,0.8272165150940418,0.918923361301422,0.873361556828022,0.8915080252289772
2023-05-14 12:00:00,0.823272357136011,0.7061807742714881,0.8435813055932522,0.8562270894646644,0.8094226312637328
2023-05-14 13:00:00,0.7635442315042018,0.6761704935133457,0.7374029325693845,0.722035296857357,0.6960879298299549
2023-05-14 14:00:00,0.7196142947673797,0.6102420783042907,0.6810559096187352,0.7173791421949862,0.6332948638498782
2023-05-14 15:00:00,0.5871626889705657,0.3988555908203125,0.5812955802679061,0.6565851504355669,0.5406555134057998
2023-05-14 16:00:00,0.503571103811264,0.3127476397156715,0.5336492216587065,0.6470813123881816,0.5038345098495483
2023-05-14 17:00:00,0.2806882324814796,0.18098663210868832,0.3511036533862352,0.6094751045852899,0.3442070320993662
2023-05-14 18:00:00,0.20457354098558422,0.21231705695390699,0.24971123658120634,0.46359460003674025,0.26737026460468766
2023-05-14 19:00:00,0.13990892842411995,0.18078435629606243,0.15284246996045112,0.2590147437900304,0.16255990765988826
2023-05-14 20:00:00,0.11421863086521625,0.184765500575304,0.1110407092794776,0.22946526691317556,0.11599103070795534
2023-05-14 21:00:00,0.2046889607608318,0.28888933241367337,0.21344991005957126,0.41527908414602277,0.219800910949707
2023-05-14 22:00:00,0.31616310998797414,0.37167465209960937,0.2840836182981729,0.5090426542609929,0.26935637138783924
2023-05-14 23:00:00,0.2913602259755134,0.33700247943401335,0.2933466167002916,0.6218881641328334,0.27847309105098245
2023-05-15 00:00:00,0.359171028137207,0.3757159423828125,0.36362989425659176,0.6444320984929799,0.3418127030879259
2023-05-15 01:00:00,0.33754043579101556,0.3366718673706054,0.33789794921875,0.6316981314122676,0.3134381692111492
2023-05-15 02:00:00,0.3179552841186523,0.2856562185287475,0.3255670593678951,0.6381199134886264,0.29980811648070804
2023-05-15 03:00:00,0.2255177982151508,0.14809987470507618,0.2653543943911791,0.5865362381935119,0.24418605431914325
2023-05-15 04:00:00,0.14757105514407154,0.08749187916517256,0.182377612888813,0.5275600076466799,0.17499831870198246
2023-05-15 05:00:00,0.1990286390483379,0.19997402161359784,0.18889020651578903,0.5543972979485988,0.18026977963745594
2023-05-15 06:00:00,0.3474207305908203,0.3610106661915779,0.27739035725593564,0.5645476926118135,0.25387024119496343
2023-05-15 07:00:00,0.5041634607315063,0.4913012993335723,0.35866041556000705,0.49279413126409044,0.30237798810005184
2023-05-15 08:00:00,0.592851207256317,0.47865039467811576,0.3998574914783239,0.45563578985631464,0.3175479183346033
2023-05-15 09:00:00,0.6547069518268107,0.390448816716671,0.44942635260522357,0.44772728741168977,0.3471002610772848
2023-05-15 10:00:00,0.6728289498388766,0.30813102439045903,0.46882326491177073,0.3465967008471489,0.3509077316522598
2023-05-15 11:00:00,0.5810646867752074,0.2679293935000896,0.40605811066925523,0.2722745735943317,0.2996652210503816
2023-05-15 12:00:00,0.5286279475688933,0.2800352373719215,0.3800803155452013,0.24926099501550195,0.2865332708507776
2023-05-15 13:00:00,0.5062354934215545,0.2726828527450561,0.3739340256154537,0.22466365464031693,0.2837002617120743
2023-05-15 14:00:00,0.4975926911830902,0.2744354274868965,0.36830194547772405,0.1848069021850824,0.2720932129770517
2023-05-15 15:00:00,0.39325073242187497,0.2795167131721973,0.2572837563604116,0.08727232046425341,0.17474668942391872
2023-05-15 16:00:00,0.3774895858764648,0.3195116907358169,0.21316187173128126,0.04657686861231923,0.13651631869375705
2023-05-15 17:00:00,0.3817807006835937,0.4101568973064422,0.20003087036311623,0.027738376390188935,0.12816381562501192
2023-05-15 18:00:00,0.12086822099983692,0.21658747181296345,0.05441135181114078,0.0018728001043200493,0.029365766979753974
2023-05-15 19:00:00,0.21534497439861294,0.3000464250147342,0.10270392119884489,0.006510722916573286,0.060930495411157616
2023-05-15 20:00:00,0.4079986572265625,0.6419187454879283,0.26900294318795204,0.04740687919780612,0.2083788863569498
2023-05-15 21:00:00,0.5212216532230376,0.7777775710821151,0.39187484391033645,0.09726441331207751,0.3373231299221516
2023-05-15 22:00:00,0.6245142607390879,0.8456518742442131,0.4999092078208922,0.14619763441383837,0.4403359144926071
2023-05-15 23:00:00,0.6884271135926245,0.8776455952227116,0.5818136124312877,0.20782827362418171,0.521139109134674
2023-05-16 00:00:00,0.7408088354766368,0.9012369960546492,0.6454363538324832,0.23967229403555396,0.5895744419097899
2023-05-16 01:00:00,0.844769528210163,0.947841621339321,0.7117182487994431,0.23157487401738758,0.6466545736789702
2023-05-16 02:00:00,0.8919993795454502,0.953122866153717,0.713682811781764,0.19887014493346214,0.635783710181713
2023-05-16 03:00:00,0.7093008755147456,0.7510188749432563,0.48285616457462305,0.0979126551747322,0.39384909205138685
2023-05-16 04:00:00,0.6409132635593413,0.7261311224102973,0.4169361650943756,0.10243447000160812,0.33005219899117944
2023-05-16 05:00:00,0.8016586562991141,0.9141791002452373,0.5827944462746382,0.20265828445553777,0.4932064133882522
2023-05-16 06:00:00,0.9503853984177112,0.9893058842420578,0.8030611994862555,0.4218600352108478,0.7162770161777734
2023-05-16 07:00:00,0.9931844881176948,1.0,0.9245961617678404,0.6511944761127233,0.8638559775799513
2023-05-16 08:00:00,1.0,1.0,0.9804805832356214,0.8355458567291498,0.9484722332656382
2023-05-16 09:00:00,1.0,1.0,0.9942053565382958,0.952181385681033,0.982475720345974
2023-05-16 10:00:00,1.0,1.0,0.999852894693613,0.942842916548252,0.9927344022691249
2023-05-16 11:00:00,1.0,1.0,0.9923676307499408,0.8277770630270243,0.9673087088018656
2023-05-16 12:00:00,1.0,0.9971048441529273,0.9577133179455996,0.7267956303805112,0.8925919817388057
2023-05-16 13:00:00,1.0,0.9923076471686363,0.9232125707715748,0.7412247730046511,0.8596193484216929
2023-05-16 14:00:00,1.0,1.0,0.952258526906371,0.8002951570600271,0.9166819120198487
2023-05-16 15:00:00,1.0,1.0,0.9582623784989118,0.7919012504816054,0.9330363981425761
2023-05-16 16:00:00,1.0,1.0,0.9575583916157483,0.8628771548718214,0.9253849125653504
2023-05-16 17:00:00,1.0,1.0,0.9848379471898079,0.9447228459268808,0.9636502716690302
2023-05-16 18:00:00,0.9708905757963657,0.9959036374092101,0.8843076546490192,0.8772503444552421,0.8179310620576143
2023-05-16 19:00:00,0.9929674741625785,0.9969022998213768,0.9530961011350154,0.9316353103518484,0.9082959643751383
2023-05-16 20:00:00,1.0,0.9978258174657821,0.9775264267623425,0.9492666005343197,0.9514365591853856
2023-05-16 21:00:00,1.0,1.0,0.9801458378136158,0.9406010317802429,0.9601271574199198
2023-05-16 22:00:00,1.0,1.0,0.9953509874641895,0.9079789466410875,0.9907708196341991
2023-05-16 23:00:00,1.0,0.9940459018945693,1.0,0.7843664162606001,0.9986182573437691
2023-05-17 00:00:00,0.9987084341049195,0.8417115178704261,0.9895252160727978,0.8317244113981722,0.9184570986032485
2023-05-17 01:00:00,0.9358639155328273,0.7806502203643322,0.849123888760805,0.8787061666697263,0.7567827554792165
2023-05-17 02:00:00,0.948059901446104,0.9424000313878058,0.8430957398563622,0.835800562724471,0.8144385877251625
2023-05-17 03:00:00,0.8633880142867565,0.8300163233280182,0.8119836247712373,0.8832671328634023,0.7618571283668278
2023-05-17 04:00:00,0.7697345173358916,0.8628641130030155,0.7008833641558885,0.8342438857257366,0.6522201965004204
2023-05-17 05:00:00,0.8781182466447353,0.9558447258174418,0.8150292596966027,0.8917981401830911,0.7793279259651898
2023-05-17 06:00:00,0.9716161614656447,0.9595645716786383,0.9316660760343074,0.9663104693591594,0.9026017695665359
2023-05-17 07:00:00,0.9715956884622573,0.9388678769767284,0.9675501226633787,0.9860228393226862,0.9517954297363757
2023-05-17 08:00:00,0.9745845469832419,0.9610750587284564,0.9793795324862001,0.9960252384841441,0.9716821054369211
2023-05-17 09:00:00,0.93989217415452,0.9532530093193052,0.9642738569527863,0.9894983667135239,0.9548462878912687
2023-05-17 10:00:00,0.9128337466716765,0.8862524521350861,0.9316402240842581,0.9430557882785796,0.9143980675190686
2023-05-17 11:00:00,0.8866295574605465,0.840286867171526,0.8816198407858609,0.8687230252474546,0.8535941486060619
2023-05-17 12:00:00,0.8565842239558696,0.8421530014276504,0.8348550365120173,0.7843998177349567,0.7927305395901203
2023-05-17 13:00:00,0.816368512958288,0.8510707676410675,0.7826142515987158,0.7327914050221442,0.7432842368632555
2023-05-17 14:00:00,0.796002690643072,0.8384589214622975,0.7628415144234896,0.7358925613760947,0.7272319404780863
2023-05-17 15:00:00,0.39762939453124996,0.42029247283935545,0.3769399616122246,0.38699268847703927,0.35816109873354435
2023-05-17 16:00:00,0.3397465851902961,0.37254116058349607,0.3055487711727619,0.2886689931154251,0.2951149189472198
2023-05-17 17:00:00,0.3113590398430824,0.3866993331909179,0.2739075849205255,0.2514204218238592,0.2455918090045452
2023-05-17 18:00:00,0.29619237676262855,0.3498719024658203,0.25281634703278544,0.25224230498075484,0.23547424316406249
2023-05-17 19:00:00,0.2423365475237369,0.30812764748930926,0.20255906246602529,0.22885769136250017,0.18916562028229233
2023-05-17 20:00:00,0.20590263053774832,0.30642301380634307,0.1695122706145048,0.2095895977690816,0.16024249762296672
2023-05-17 21:00:00,0.18415535062551497,0.30324178159236903,0.155289209485054,0.25373827025294304,0.15139100022614
2023-05-17 22:00:00,0.1923272433876991,0.31847156867384907,0.16463772110641,0.3345187603682279,0.15910002153366803
2023-05-17 23:00:00,0.22824426054954525,0.36091489687561984,0.200186777561903,0.44011465795338145,0.19546293802559372
2023-05-18 00:00:00,0.21656766355037688,0.33049048647284507,0.19234744071960447,0.46908243849873543,0.18804251536726949
2023-05-18 01:00:00,0.15825660318136214,0.24122723937034604,0.13687520794570446,0.40564190894365304,0.12957077354192734
2023-05-18 02:00:00,0.08862275719642639,0.15208521112799644,0.07373537719249725,0.3898509951308369,0.07015652723610401
2023-05-18 03:00:00,0.031029710620641714,0.040568956434726716,0.02164919596165419,0.3589868168905377,0.023089541234076024
2023-05-18 04:00:00,0.011774816066026686,0.019153481870889666,0.005918141920119523,0.3230083351582288,0.007980750016868115
2023-05-18 05:00:00,0.027535797506570817,0.023172392547130587,0.029922892674803737,0.30771972469985487,0.025571415051817897
2023-05-18 06:00:00,0.1170836767554283,0.06264344289898872,0.14754361152648926,0.3198781264573335,0.10208412822335958
2023-05-18 07:00:00,0.21733962967991824,0.11442652367055416,0.25983465082943435,0.3046357046812772,0.1815898375213146
2023-05-18 08:00:00,0.2188860999047756,0.1023585134744644,0.26445651486516,0.272335624396801,0.22275862172245975
2023-05-18 09:00:00,0.15679752334952352,0.06458290413022041,0.21187005676329135,0.21272672936320303,0.20425655789673325
2023-05-18 10:00:00,0.11556613974273204,0.052522128447890275,0.19065485723316666,0.1758377182483673,0.1986787249147892
2023-05-18 11:00:00,0.08927424401044845,0.051742082089185716,0.19995308816432952,0.17245460052043196,0.21551776304841042
2023-05-18 12:00:00,0.07956692419946193,0.056718954294919965,0.22141132626682516,0.1710113855451345,0.23305074378848076
2023-05-18 13:00:00,0.06406199268996715,0.06942319229245185,0.2375209916383028,0.17509894914925098,0.25164965130388733
2023-05-18 14:00:00,0.05355082377791405,0.09684960842132567,0.23198920644819734,0.17163910433650015,0.25810191124677656
2023-05-18 15:00:00,0.08317788429558276,0.1987637987732887,0.2780740099400282,0.22442161012440917,0.321195523738861
2023-05-18 16:00:00,0.10371232986450193,0.2458578802645206,0.26601279512047765,0.2116364701464772,0.3079102523624897
2023-05-18 17:00:00,0.04428165152668953,0.16044701367616654,0.11535011194646358,0.12050186213105915,0.14845860347151754
2023-05-18 18:00:00,0.028629635870456693,0.060872596353292466,0.07769000999629497,0.07504706554114818,0.08704338315874338
2023-05-18 19:00:00,0.055724435448646546,0.06309684433043003,0.08341063048690557,0.06114185385406018,0.08462672393769025
2023-05-18 20:00:00,0.03925029754638672,0.03241271123290062,0.0440181789174676,0.028726206589490176,0.04290724124759436
2023-05-18 21:00:00,0.036485138982534415,0.0163871505856514,0.037271097227931024,0.02144004475325346,0.03311759687960148
2023-05-18 22:00:00,0.06586849734187127,0.03779820814728738,0.06708885744214058,0.03214033666998148,0.05568547204136848
2023-05-18 23:00:00,0.094577911272645,0.062074403539299966,0.08882597029209136,0.03560580864548683,0.07308681007474661
2023-05-19 00:00:00,0.11711830377578734,0.0566013540327549,0.10254141725599766,0.03916316375136375,0.07843186724931
2023-05-19 01:00:00,0.13863389432430268,0.07396292462944984,0.13129000045359135,0.05368255766108632,0.10146315328776835
2023-05-19 02:00:00,0.17302257880568503,0.13063604965806005,0.17698992900550364,0.07374000744894146,0.14532934933900832
2023-05-19 03:00:00,0.15635451450943944,0.11916971251368522,0.1552040910720825,0.046693692002445455,0.13170353554189204
2023-05-19 04:00:00,0.1264764077961445,0.16863560907542702,0.1288638664036989,0.034930092915892594,0.10649028480052947
2023-05-19 05:00:00,0.18544419467449186,0.28034597016870977,0.15441989630460737,0.04176008015871048,0.11786186955869198
2023-05-19 06:00:00,0.31747528642416,0.4493506519496441,0.2825437603145837,0.10986001985147593,0.217060112953186
2023-05-19 07:00:00,0.4083701108396053,0.7358767855167387,0.5015201961249113,0.32638288579881186,0.459725142121315
2023-05-19 08:00:00,0.4925321042537688,0.9205434621870516,0.6487311638146638,0.5947430559247732,0.6678120611608027
2023-05-19 09:00:00,0.5456996221840381,0.9822406649589538,0.716304374039173,0.8219919819384813,0.7356103871762751
2023-05-19 10:00:00,0.5572211718559265,1.0,0.7152622058987617,0.8451498810946941,0.7301330614835023
2023-05-19 11:00:00,0.5998323486745357,1.0,0.7363606170564889,0.8402526945620774,0.7498165380954742
2023-05-19 12:00:00,0.6692295362055302,1.0,0.7967070138454437,0.884887088537216,0.7960996928811073
2023-05-19 13:00:00,0.7191421854496002,1.0,0.8235424714535474,0.891825865805149,0.811740481108427
2023-05-19 14:00:00,0.7714555299282073,1.0,0.8306087467819452,0.8696151516586541,0.8159944489598272
2023-05-19 15:00:00,0.773598554432392,0.9992704087495804,0.7798526266962289,0.7980329293757676,0.7435984230786561
2023-05-19 16:00:00,0.820812598466873,0.9924494403600692,0.8101992137730121,0.842999060228467,0.775352451056242
2023-05-19 17:00:00,0.7073342321813105,0.968843596279621,0.7184018263965843,0.841033984273672,0.710044686719775
2023-05-19 18:00:00,0.389676284790039,0.6358691206574438,0.422641732096672,0.7432678048312663,0.4296640211343765
2023-05-19 19:00:00,0.41250690460205075,0.5567098712921141,0.4465262049436569,0.73178710013628,0.46091810464859007
2023-05-19 20:00:00,0.5947418963909148,0.7153900204598903,0.6238755623251199,0.8132942620664835,0.6188695988059043
2023-05-19 21:00:00,0.7554114519059657,0.8292310549318791,0.7617768450081347,0.8586354359984396,0.7370953371375798
2023-05-19 22:00:00,0.8535358300805092,0.895630011409521,0.8594655744731425,0.9070916096121073,0.8255660205334424
2023-05-19 23:00:00,0.9845600605010986,0.9814721181988715,0.9458920213580132,0.9154266779869795,0.9118510081619023
2023-05-20 00:00:00,0.9872229120135307,0.9964066392183304,0.9655199076235293,0.948404468819499,0.9311476539075374
2023-05-20 01:00:00,0.9754016855359077,0.9737821200489998,0.9728518171608448,0.9819840647280216,0.9543089582026004
2023-05-20 02:00:00,0.9800791129469871,0.9347443966567516,0.9734748049080371,0.9646863003075122,0.9366614883393048
2023-05-20 03:00:00,0.733079378902912,0.32049805790185926,0.5270508793741464,0.29363291211426257,0.4689427399635314
2023-05-20 04:00:00,0.2835518512129783,0.07555574968457221,0.20821941599249835,0.08421744544059037,0.17829953618347644
2023-05-20 05:00:00,0.17150071188807486,0.07767483368515966,0.17467681542038915,0.10707719217985867,0.17182194538414478
2023-05-20 06:00:00,0.2158401300013065,0.12250707134604454,0.21642795272171494,0.1659709921479225,0.19461593262851234
2023-05-20 07:00:00,0.23673496618866918,0.13139860734343528,0.23148311935365198,0.17537353605031963,0.18597237441688771
2023-05-20 08:00:00,0.13848623558878898,0.06907101243734359,0.14828460708260535,0.17825022920966146,0.15407905623316764
2023-05-20 09:00:00,0.03422396495938301,0.022441261298954487,0.09060389135032892,0.23886268325150006,0.10014500565826893
2023-05-20 10:00:00,0.03797940216958523,0.01371507901698351,0.14472579523921011,0.24047374993562698,0.1449726442620158
2023-05-20 11:00:00,0.06463392086327076,0.04914659261703491,0.10464916400611399,0.27780010268092153,0.09777124669402837
2023-05-20 12:00:00,0.03513797089457513,0.06675586119294166,0.08236382022500038,0.3814153853058814,0.08676260378211736
2023-05-20 13:00:00,0.0762988506257534,0.11769062682986259,0.1453549678623676,0.4663744811713695,0.14941269505769014
2023-05-20 14:00:00,0.15892775326967237,0.25984108969569203,0.26510352961719036,0.538647756576538,0.263665764182806
2023-05-20 15:00:00,0.3537702222168445,0.5342646646499634,0.41901198484003543,0.4086553192138671,0.3926235735416412
2023-05-20 16:00:00,0.2445223073661327,0.3656186294555664,0.3253471212089062,0.3579809188842773,0.29585969708859916
2023-05-20 17:00:00,0.3338845394551754,0.4197289800643921,0.25739117622375485,0.28152947977185244,0.23120937108993528
2023-05-20 18:00:00,0.4502618908882141,0.5522312080860137,0.3349012788385153,0.3006710387766361,0.28385142616927617
2023-05-20 19:00:00,0.4732485246658325,0.606842861175537,0.35804041318595403,0.31356260478496545,0.3111404225975275
2023-05-20 20:00:00,0.614299223423004,0.7218027366697788,0.5557990825176238,0.3403639733791351,0.5332248067855835
2023-05-20 21:00:00,0.8087270496785641,0.8867822878062724,0.7113374786823987,0.35785696938633915,0.6755934464186429
2023-05-20 22:00:00,0.6536471976339816,0.8395463867485522,0.8322899603843689,0.5578223793953656,0.8668164156377314
2023-05-20 23:00:00,0.9273955334722995,0.9495457339286804,0.9643511074036358,0.6029160365462303,0.957207766920328
2023-05-21 00:00:00,0.9809425938129425,0.9741457313299178,0.9760864315927028,0.6772944843769073,0.9483293229341505
2023-05-21 01:00:00,0.9872825080156326,0.9607578887045383,0.9887744903564453,0.7613609515130519,0.9635126214474439
2023-05-21 02:00:00,0.983708328604698,0.888115571141243,0.9522903907299041,0.7394205314666032,0.8847762757539749
2023-05-21 03:00:00,0.9936715459823608,0.9622496069967746,0.9871620696783066,0.8828762098401784,0.92023122780025
2023-05-21 04:00:00,0.9582678632438182,0.9344331996142863,0.9276364331692457,0.7914525911211966,0.9171133974194525
2023-05-21 05:00:00,0.8950610971450805,0.9302732729911803,0.9576343504339456,0.6996085202693938,0.9671269223093986
2023-05-21 06:00:00,0.9992757436633111,0.9914422664046287,0.9694702001661062,0.7640803644806146,0.9496531315892933
2023-05-21 07:00:00,1.0,0.996056161224842,0.9740795505046844,0.7986818473786115,0.9273729890584945
2023-05-21 08:00:00,1.0,0.9909157666563988,0.9521972940862178,0.7868452905118466,0.8957795748114585
2023-05-21 09:00:00,1.0,0.9850677588582039,0.962000248208642,0.8464619082957505,0.91972147539258
2023-05-21 10:00:00,1.0,0.9936969742178916,0.9853482750058173,0.9379355121403932,0.9505574312806129
2023-05-21 11:00:00,1.0,1.0,0.9816596923023462,0.9351861255615949,0.9473939083516598
2023-05-21 12:00:00,1.0,0.9983021143078804,0.9742524432390927,0.8662015654891728,0.9415912310034036
2023-05-21 13:00:00,1.0,0.9979779157042503,0.9793703043460845,0.8200354585051536,0.948464435711503
2023-05-21 14:00:00,1.0,0.9989533081650734,0.9831782512366771,0.786436690688133,0.9536691331118345
2023-05-21 15:00:00,1.0,0.9896192914247512,0.9499830678105353,0.6109950246661902,0.895864028558135
2023-05-21 16:00:00,1.0,0.9725892601907253,0.9091916929930448,0.5292769339680672,0.8493229831010102
2023-05-21 17:00:00,0.9889783418178557,0.8669746850430964,0.7693490000069141,0.41161494493484496,0.6763153077661991
2023-05-21 18:00:00,0.9012509718537329,0.6601485265791416,0.6432561528682708,0.2860356457531452,0.5445867843925952
2023-05-21 19:00:00,0.7960122194886208,0.5631051516532897,0.6259251073747872,0.2299985238164663,0.5484335856139659
2023-05-21 20:00:00,0.7047632066905498,0.522542757987976,0.597995232567191,0.20162301402539012,0.5402630212157964
2023-05-21 21:00:00,0.6040653897821903,0.45827677249908444,0.5401672364026308,0.1859244622476399,0.4984109207242726
2023-05-21 22:00:00,0.5614817893505095,0.4294675004482269,0.5171787256002426,0.18947145448997613,0.4760952526330947
2023-05-21 23:00:00,0.6112799739837645,0.44744807124137875,0.5624635344743728,0.213787537291646,0.5110123219341038
2023-05-22 00:00:00,0.7029922498762606,0.45737369418144225,0.6506259905546902,0.24577874876558778,0.5774259205907581
2023-05-22 01:00:00,0.7295949636399746,0.4358820116519928,0.6585335957258939,0.23364661226049063,0.575219602137804
2023-05-22 02:00:00,0.6367303846776484,0.3613066703081131,0.5542133807390928,0.17794489063322544,0.4840088304132223
2023-05-22 03:00:00,0.5062646198272704,0.25770922318100925,0.42980508171021936,0.12832666434347628,0.38368443980813016
2023-05-22 04:00:00,0.35343814596533774,0.1911753100156784,0.28137888438999653,0.08831211164593694,0.24590940013527868
2023-05-22 05:00:00,0.33166133880615234,0.24224116057157513,0.2585692144185304,0.12731828905642034,0.2332074689120054
2023-05-22 06:00:00,0.38988414764404294,0.3009433156251907,0.31427871406078334,0.21989228814840314,0.2752711990475654
2023-05-22 07:00:00,0.43866050720214844,0.26591043993830676,0.34790130540728564,0.29345107980072493,0.29946264185011384
2023-05-22 08:00:00,0.45242729187011715,0.2653078188002109,0.3592391417175531,0.32596239469945426,0.31258563883602614
2023-05-22 09:00:00,0.4932624852657318,0.2826557093858718,0.4005834525823593,0.3383060646057129,0.3482053347676992
2023-05-22 10:00:00,0.5001267850399017,0.2849452349543571,0.4135730665922165,0.307923212274909,0.3652531814575195
2023-05-22 11:00:00,0.4700008821487427,0.2818892478942871,0.415554392337799,0.27260892182588575,0.3725495338439941
2023-05-22 12:00:00,0.4433980095386505,0.28089283689856526,0.4285363537073135,0.2593808417022228,0.39220167160034175
2023-05-22 13:00:00,0.4226429545879364,0.28995025202631947,0.45468298852443695,0.2669406807422638,0.4326351290941238
2023-05-22 14:00:00,0.4393910980224609,0.32840180218219756,0.5234896844625473,0.31101767078042025,0.5163800871372222
2023-05-22 15:00:00,0.4212794482707977,0.4665726542472839,0.6215723222494124,0.4222272482514381,0.6450274764001368
2023-05-22 16:00:00,0.4103903532028198,0.4687916135787963,0.6425607623904942,0.4990977559238671,0.6737843880802391
2023-05-22 17:00:00,0.25634059980511664,0.26752700999379153,0.40997875869274136,0.38826526083052154,0.4266329765319824
2023-05-22 18:00:00,0.1843375517427921,0.16727743044495583,0.2587665294110775,0.24699985846877093,0.267970378100872
2023-05-22 19:00:00,0.15644476473331448,0.13557429835200308,0.20345587298274037,0.17637929774820804,0.20565827600657938
2023-05-22 20:00:00,0.14768115147948263,0.11295502424240111,0.1714796646684408,0.13229465700685977,0.16963299132883547
2023-05-22 21:00:00,0.128858862221241,0.08399186089634894,0.12488707080483435,0.06978074278682471,0.11643356345593928
2023-05-22 22:00:00,0.12860006377100944,0.07231911852955818,0.10956064149737357,0.03490153202787042,0.0974865899607539
2023-05-22 23:00:00,0.11844204790890217,0.04634510241448879,0.09538493067026138,0.0269122115150094,0.0786873983591795
2023-05-23 00:00:00,0.08898407950997352,0.014062045253813266,0.061395128518342966,0.013043770194053651,0.04930661033838987
2023-05-23 01:00:00,0.04191598478704691,0.0,0.03982586169615388,0.011793797612190248,0.033525485321879385
2023-05-23 02:00:00,0.03540092747658491,0.0014507655799388885,0.05581260835751891,0.02358933579176664,0.04516324838623405
2023-05-23 03:00:00,0.09660084754228591,0.009018907397985458,0.07878556247800587,0.026572716906666755,0.061047442592680454
2023-05-23 04:00:00,0.18110757067799566,0.07913543000817298,0.1452610931545496,0.05200328357517719,0.11684157259762287
2023-05-23 05:00:00,0.2338300111889839,0.28726227596402165,0.2561395032703876,0.12823829105123877,0.20961341019719837
2023-05-23 06:00:00,0.19515401832759377,0.5000008046627045,0.34163556579500437,0.27735442735254767,0.300868606865406
2023-05-23 07:00:00,0.17051879845559595,0.6516458547115325,0.3578939133509993,0.4567649580538272,0.3917047526687384
2023-05-23 08:00:00,0.17953214421868324,0.6508386819064615,0.3447487150132656,0.5994522447139023,0.41304732330143445
2023-05-23 09:00:00,0.19688300833106037,0.6667603550851344,0.36291872873902314,0.6255779067426919,0.4298145074397325
2023-05-23 10:00:00,0.23940986335277553,0.7333826912939547,0.4134458826482295,0.6296274712681769,0.48421822614967813
2023-05-23 11:00:00,0.3662928009033203,0.7744590444862842,0.5226490372419357,0.6801488330960272,0.563946867212653
2023-05-23 12:00:00,0.46036542057991026,0.7876687823235988,0.6091327316313981,0.7571719227731228,0.6150348829478024
2023-05-23 13:00:00,0.40835951328277587,0.8070038168132305,0.5856809517741203,0.742712185010314,0.6081344483047724
2023-05-23 14:00:00,0.37343810141086575,0.8187102919816971,0.564272143319249,0.6798791597038506,0.5988249279558658
2023-05-23 15:00:00,0.37802023485302927,0.8778366874158382,0.6032428806275129,0.6658735258877276,0.6589616885036229
2023-05-23 16:00:00,0.4024712371826171,0.8588022796809673,0.6222143494337796,0.6359204382449388,0.6775341203808783
2023-05-23 17:00:00,0.3211050680279731,0.7295915080606936,0.4916136832535266,0.5154254351556301,0.5347644152492285
2023-05-23 18:00:00,0.1275214771926403,0.33734432220458976,0.19401666671037673,0.2433795157819986,0.21589535124599932
2023-05-23 19:00:00,0.13011243581771847,0.20148836210370064,0.13974217183887958,0.11384086851030588,0.13465276330709455
2023-05-23 20:00:00,0.12031424880027769,0.13255324512720107,0.10367264986038208,0.050251505523920055,0.08874351814389228
2023-05-23 21:00:00,0.10848067998886107,0.08764874316751957,0.07884429387748242,0.023351553417742255,0.06291949972510338
2023-05-23 22:00:00,0.09373677484691142,0.08253776304423809,0.06711388908326626,0.016039414890110494,0.05393422096967697
2023-05-23 23:00:00,0.1029669665545225,0.10330670453608035,0.10165752232074737,0.027850807942450047,0.09430271703749894
2023-05-24 00:00:00,0.17275377199053762,0.1570682245492935,0.18108487069606777,0.05206157445907592,0.16143901802599428
2023-05-24 01:00:00,0.24634808778762815,0.13423525907099243,0.20279667533934115,0.04999311067163944,0.18232252687215805
2023-05-24 02:00:00,0.19357276529073714,0.10304769426584243,0.15368316322565076,0.04490342620760202,0.14864828206598757
2023-05-24 03:00:00,0.1028529381006956,0.15377302825450895,0.13184576895087957,0.060157136730849735,0.13414411451667546
2023-05-24 04:00:00,0.04483709789812565,0.11421458199620246,0.07846081618219614,0.02564863719046116,0.073400350920856
2023-05-24 05:00:00,0.0238996259868145,0.09381030723452567,0.05045609816908837,0.010834266729652882,0.039897942133247856
2023-05-24 06:00:00,0.024859044849872593,0.026654163263738158,0.039408066123723995,0.008174671083688738,0.027428050804883242
2023-05-24 07:00:00,0.038520394749939436,0.008481649942696094,0.027522908933460707,0.003661529459059238,0.022544809225946667
2023-05-24 08:00:00,0.1148565749078989,0.11289112165570259,0.07745042081922293,0.03340887293219567,0.08696979902684687
2023-05-24 09:00:00,0.32659193545579907,0.3873245239257812,0.24985247775912284,0.13502320203930138,0.22575697064399713
2023-05-24 10:00:00,0.6156880712509154,0.6677747404575346,0.4772466164827346,0.28640129022300237,0.4115330386161804
2023-05-24 11:00:00,0.7556229105591774,0.8152512373030185,0.5970408095419406,0.38274633996188634,0.48664490282535555
2023-05-24 12:00:00,0.7955619974434376,0.4788870549201965,0.6248823086172342,0.39557201571762557,0.5175416612625121
2023-05-24 13:00:00,0.738872814029455,0.37421978309750553,0.5861021398752927,0.3464416316151619,0.4396866389364003
2023-05-24 14:00:00,0.6315986736118793,0.22256515890359874,0.4735933176428079,0.26024847775697707,0.3721036405116319
2023-05-24 15:00:00,0.44083867192268367,0.5916788136959075,0.32142634980380536,0.2420688852667808,0.3272073931246996
2023-05-24 16:00:00,0.8798702204227447,0.9789862459897994,0.7205402642488479,0.6282351839542388,0.7178178288787603
2023-05-24 17:00:00,0.9666108617186546,1.0,0.9335034954547882,0.8825552554428577,0.8580582100898027
2023-05-24 18:00:00,1.0,1.0,0.9941190555691719,0.973149262368679,0.9656037266552447
2023-05-24 19:00:00,0.9476820676028728,0.9318632546067237,0.9154722215980291,0.9437754495441913,0.8956668795645236
2023-05-24 20:00:00,0.7806154614686965,0.8377821044623852,0.8086194141209125,0.9070117674022913,0.79228624291718
2023-05-24 21:00:00,0.8059088580310344,0.8716519449651241,0.7885671980679034,0.8758013124763965,0.7613707944005726
2023-05-24 22:00:00,0.8196440707147121,0.9071370720863342,0.8109201539307832,0.8883269350230694,0.7780415541678667
2023-05-24 23:00:00,0.872807580679655,0.9440642112493514,0.8593333274126053,0.9119582153111696,0.8328509877622127
2023-05-25 00:00:00,0.8782459999620914,0.9319375881552694,0.8644312363862992,0.9127121961861848,0.837483334764838
2023-05-25 01:00:00,0.8856501950323581,0.9281360007822512,0.877340224161744,0.923929198756814,0.8552222932130098
2023-05-25 02:00:00,0.9243256893754004,0.9511492498219012,0.9172860214859246,0.9462556445598602,0.8942576494812965
2023-05-25 03:00:00,0.7092803059518336,0.6445878325402735,0.7091513472050427,0.8383122568577527,0.6665264705568551
2023-05-25 04:00:00,0.707909504175186,0.6993619641661644,0.703612903729081,0.8391393445432186,0.6707679821550845
2023-05-25 05:00:00,0.7111405214667319,0.7606383374333381,0.6946491869539022,0.8108835488557815,0.6611003587394951
2023-05-25 06:00:00,0.8889840905368327,0.9062848056852817,0.8765826971828937,0.9082238445430993,0.8280960729718209
2023-05-25 07:00:00,0.9473477573692798,0.9513121290504931,0.9247375713288783,0.9329579461365938,0.8950828474760054
2023-05-25 08:00:00,0.9736899077892303,0.9532239398360252,0.9488660976290703,0.928151254504919,0.924385196864605
2023-05-25 09:00:00,0.9739099159836768,0.9251785136759281,0.949959194138646,0.9101367952674626,0.9254044520109891
2023-05-25 10:00:00,0.9452590085566043,0.8278566733002662,0.9330019202828407,0.871264283284545,0.904351535886526
2023-05-25 11:00:00,0.8336030888557433,0.6685506714880465,0.8549964357912541,0.7933024068176746,0.8288863974809646
2023-05-25 12:00:00,0.6780150128901004,0.4972363185882568,0.723094053044915,0.6652426356822251,0.7064511312544345
2023-05-25 13:00:00,0.5797571992874144,0.4165506207942963,0.5764660394191741,0.47950019121170034,0.5453110581636428
2023-05-25 14:00:00,0.5250575697422027,0.3815585708618164,0.45085905313491814,0.3687655804306268,0.4037648585438728
2023-05-25 15:00:00,0.37475109100341797,0.18755976408720013,0.30679171904921526,0.24942754387855526,0.2615139382332563
2023-05-25 16:00:00,0.42539760828018186,0.17849574983119962,0.3651331584900617,0.30323441132903095,0.3146605602651834
2023-05-25 17:00:00,0.21819521501660344,0.10618413046002387,0.20211373858153817,0.23590380653738974,0.18111339561641215
2023-05-25 18:00:00,0.15583247259259222,0.10627624765038489,0.14734545350074765,0.13763636596500872,0.1370075863599777
2023-05-25 19:00:00,0.12102969855070113,0.10577918723225593,0.10555316511541606,0.07734290771186353,0.09721758227795362
2023-05-25 20:00:00,0.12363749921321868,0.1503627912700176,0.10682259529829025,0.11042850762605666,0.1018483855947852
2023-05-25 21:00:00,0.1491820929944515,0.21329080685973162,0.13086356818675993,0.247272088304162,0.1300612048432231
2023-05-25 22:00:00,0.14375685423612594,0.197851782143116,0.1262962357699871,0.39664887789636843,0.12620577573776243
2023-05-25 23:00:00,0.14017393022775648,0.2188102804124355,0.12418169036507604,0.4944668065756559,0.12544739272445438
2023-05-26 00:00:00,0.1688417588174343,0.23665098935365675,0.15622201181948184,0.549720613285899,0.15143203154206275
2023-05-26 01:00:00,0.15561468973755835,0.18133089840412137,0.1499751692265272,0.5550635366886854,0.1404827819392085
2023-05-26 02:00:00,0.11599464125931262,0.14336677223443983,0.10938016746193169,0.5343472437933087,0.10437978837639092
2023-05-26 03:00:00,0.0789709036052227,0.1124662472307682,0.08273518644273281,0.516207311451435,0.08753743629902602
2023-05-26 04:00:00,0.11054837897419928,0.11082756623625754,0.12300110541284082,0.5658481877297163,0.13570467695593832
2023-05-26 05:00:00,0.1833183506131172,0.11895276241004465,0.2286721660196781,0.6264789356291294,0.1891780204325914
2023-05-26 06:00:00,0.3270757599174976,0.16843081548810002,0.38502203874289986,0.6594297409057617,0.26223793335258955
2023-05-26 07:00:00,0.4148368072509765,0.21118307679891585,0.4530062979459762,0.6341752345114945,0.2937975938618183
2023-05-26 08:00:00,0.49716545701026915,0.2851895472407341,0.4806218367815018,0.568404704928398,0.32707831688225264
2023-05-26 09:00:00,0.5589642679691313,0.3558896203339099,0.4793451070785522,0.49742270290851587,0.34946853563189506
2023-05-26 10:00:00,0.5882737493515013,0.3699947738647461,0.4692787563800811,0.4238088989257812,0.35274335458874695
2023-05-26 11:00:00,0.6608546642959117,0.38014793395996094,0.5199001582711934,0.3757343482971191,0.4034679567813873
2023-05-26 12:00:00,0.6503120480477809,0.3535589218139648,0.5220906167477368,0.32614913500845427,0.4188287407159805
2023-05-26 13:00:00,0.6150016045570372,0.29583650097250935,0.4988887977600097,0.2822319038957357,0.4031493937969208
2023-05-26 14:00:00,0.5650603926181792,0.21591454118490216,0.4745183020830154,0.26402703337371347,0.38659099578857414
2023-05-26 15:00:00,0.34366073668003083,0.06932129845023155,0.34395175457000726,0.22187504746019837,0.2894287414103746
2023-05-26 16:00:00,0.23466447845101354,0.0633306247740984,0.2280100596696138,0.14775798879563806,0.18853856012225148
2023-05-26 17:00:00,0.1752415223419666,0.07775515422224998,0.1351021870598197,0.07320748019963504,0.10679711509495973
2023-05-26 18:00:00,0.029105842858552937,0.006095095463097095,0.014468046259135009,0.011344010662287473,0.006724187545478344
2023-05-26 19:00:00,0.022134593278169634,0.01159908354282379,0.01057520914822817,0.0012143612653017044,0.0059718539752066134
2023-05-26 20:00:00,0.02372688055038452,0.029630708098411562,0.013460993133485318,0.001970019675791263,0.012485755234956743
2023-05-26 21:00:00,0.029574284404516222,0.05701286055147648,0.0209635866433382,0.013267566338181495,0.020814254246652127
2023-05-26 22:00:00,0.020868462473154072,0.06775997295975686,0.014560761004686354,0.038719118218868975,0.01896009709686041
2023-05-26 23:00:00,0.015418220907449723,0.08064775317907333,0.01070299692451954,0.09644356882199644,0.016446343529969456
2023-05-27 00:00:00,0.01850323248654604,0.10798826120793818,0.013894409630447625,0.2115311627089977,0.02418164974078536
2023-05-27 01:00:00,0.03525008168071508,0.15486171796917914,0.03329346673563123,0.31499166697263714,0.04793091710656881
2023-05-27 02:00:00,0.05841653943061828,0.17589307785034178,0.054331600703299045,0.3551986254751681,0.06874413071200251
2023-05-27 03:00:00,0.07919330030679703,0.15713210627436636,0.06377310533076525,0.363856649287045,0.08414965946227312
2023-05-27 04:00:00,0.13433202371001243,0.15478610232472417,0.11786728519946335,0.3909192375838756,0.12180694894865154
2023-05-27 05:00:00,0.15802723497152327,0.12172084011137485,0.20136777251958843,0.3877896505594254,0.13538051037117838
2023-05-27 06:00:00,0.1570281685143709,0.0792787680774927,0.2687219872698188,0.37548357784748077,0.1514882773719728
2023-05-27 07:00:00,0.10340729556977749,0.05686604164540768,0.23177689056843515,0.32103444479405874,0.12484700990840791
2023-05-27 08:00:00,0.035034914799034596,0.028742875270545483,0.141502921115607,0.23498971953988074,0.0747625451348722
2023-05-27 09:00:00,0.014605939015746118,0.012037399373948574,0.1015424859151244,0.20979716137051577,0.058801423981785776
2023-05-27 10:00:00,0.00357073076069355,0.002404852472245693,0.07400163212791085,0.21209219746291635,0.044112145788967605
2023-05-27 11:00:00,0.0008223598822951316,0.0010136639326810836,0.05978733886033297,0.23148539178073402,0.034748054221272466
2023-05-27 12:00:00,0.0011332301422953604,8.949879556894302e-05,0.06161088442429899,0.25548873171210285,0.04351235454902053
2023-05-27 13:00:00,0.012796751186251641,0.0008994288370013236,0.06851194946095347,0.20834892258048054,0.05687344398349523
2023-05-27 14:00:00,0.06270850524306297,0.050290412381291394,0.0557854174822569,0.1270223993435502,0.0436978229880333
2023-05-27 15:00:00,0.05571563690900802,0.03939993649721146,0.07079788871109485,0.15250865507870912,0.05481248617172241
2023-05-27 16:00:00,0.008774467706680297,0.0017369817942380905,0.04708922296762466,0.12073235016316175,0.042623858638107776
2023-05-27 17:00:00,0.0016718123108148573,0.0,0.02281150836497545,0.053177088871598235,0.021841859463602304
2023-05-27 18:00:00,0.0,2.2138431668281554e-05,0.0009806426428258417,0.003985332399606704,0.001988840941339731
2023-05-27 19:00:00,0.0,0.0,0.00016515871509909628,0.0006231002882122993,0.00014250962063670156
2023-05-27 20:00:00,0.0,0.0,0.0,0.0,0.0
2023-05-27 21:00:00,0.0,0.0,0.0,0.0,0.0
2023-05-27 22:00:00,0.0,0.0,0.0,0.00010707681998610495,0.0
2023-05-27 23:00:00,0.0,0.0020705774053931237,0.0,0.009924478083848953,0.0
2023-05-28 00:00:00,0.0,0.019726092703640466,0.0,0.03024171393364668,0.0
2023-05-28 01:00:00,0.0,0.03740067407488823,0.0,0.054711821526288985,0.0
2023-05-28 02:00:00,0.0,0.030331080928444866,0.0,0.083739458899945,0.0
2023-05-28 03:00:00,0.0003046523407101631,0.07965583704411983,0.00015232617035508154,0.10436344318091868,0.004272313863039017
2023-05-28 04:00:00,0.010173682607710361,0.14710939958691593,0.015017195884138346,0.1322251971065998,0.04694291554391383
2023-05-28 05:00:00,0.06497295089066028,0.16239586561918257,0.08303647309541702,0.15444814797490836,0.09332048043608664
2023-05-28 06:00:00,0.05103981390595436,0.09542449824512005,0.136420791298151,0.23662136506289239,0.1135028427839279
2023-05-28 07:00:00,0.06344769105315208,0.06950350716710091,0.20624266855418683,0.3229791565984488,0.13986406378448007
2023-05-28 08:00:00,0.09676048770546913,0.016264044344425202,0.2550466237217188,0.4120001496374607,0.20726083278656005
2023-05-28 09:00:00,0.16510104611515997,0.0038151557371020315,0.3051302926987409,0.4381574213504791,0.2635250955820083
2023-05-28 10:00:00,0.12231927640736101,0.0029902511090040204,0.2510352075099945,0.3770456553995609,0.2242272842675447
2023-05-28 11:00:00,0.07316527545452117,0.0023959689959883682,0.21242408245801925,0.3102475209534168,0.2034518706053495
2023-05-28 12:00:00,0.055989881753921514,0.0010401592776179314,0.17169582959264518,0.2207724157348275,0.1670700943470001
2023-05-28 13:00:00,0.04265935756266117,0.0,0.12268869031220674,0.14234860487282275,0.11543033886700868
2023-05-28 14:00:00,0.017469164319336414,0.0,0.07205667231231927,0.09176304226741194,0.0656863697245717
2023-05-28 15:00:00,0.013080209977924823,0.00023828160017728804,0.06173722868785263,0.0805200651846826,0.051369004100561146
2023-05-28 16:00:00,0.0031149479374289507,0.004620426408946514,0.02699895195662975,0.0405548295006156,0.0222645858861506
2023-05-28 17:00:00,0.001590765155851841,0.004614054262638091,0.009005923066288233,0.01858882334083319,0.008121866900473835
2023-05-28 18:00:00,0.0,0.0,0.0,0.00045509180054068563,0.0
2023-05-28 19:00:00,0.0,0.00014203108847141266,0.0,0.0,0.0
2023-05-28 20:00:00,4.4070370495319364e-05,0.00633266694843769,0.0,0.00014133835211396217,0.0
2023-05-28 21:00:00,0.0009787443652749062,0.017623727023601533,0.00031118942424654953,0.012489206567406656,0.0002696111053228378
2023-05-28 22:00:00,0.0025770606473088263,0.04225840538740158,0.0018750839494168757,0.05051437962800265,0.0026741885393857957
2023-05-28 23:00:00,0.0063609152659773825,0.07408808283507824,0.005200727265328169,0.11360284665599463,0.008764345049858093
2023-05-29 00:00:00,0.00901482604444027,0.09117049701511859,0.0064062650129199025,0.19251997806131838,0.012837488017976286
2023-05-29 01:00:00,0.01747390184551478,0.1078975550085306,0.011931508034467696,0.29482344821095463,0.02330337066203356
2023-05-29 02:00:00,0.048478766083717345,0.13677218571305275,0.04444929219782352,0.4154011529684066,0.05883634489029646
2023-05-29 03:00:00,0.13988464944064616,0.18144667834043499,0.11690466746687889,0.4803846323490143,0.12443708639591931
2023-05-29 04:00:00,0.2584708370268345,0.17899962231516836,0.25024376608431337,0.57676794975996,0.19724510632455344
2023-05-29 05:00:00,0.3642236328125,0.17345842629671093,0.41589491724967953,0.6806787180155515,0.280115550532937
2023-05-29 06:00:00,0.38771484375,0.155925265699625,0.4663359224051236,0.7022627917677163,0.3139212128520012
2023-05-29 07:00:00,0.4168739330768585,0.1513127754628658,0.4376733908057213,0.6713560706377029,0.3317149668186903
2023-05-29 08:00:00,0.4917141330242157,0.17351681664586066,0.4299285310506821,0.6033430916070938,0.3629847764968872
2023-05-29 09:00:00,0.6188267534971236,0.20696019276976585,0.48978118985891334,0.5130081069469451,0.4001641356945038
2023-05-29 10:00:00,0.6817705070972442,0.22090562120079993,0.5339990597963333,0.45050277054309845,0.4246578240394592
2023-05-29 11:00:00,0.7048768891394137,0.26450296267867085,0.558127979710698,0.41554526388645174,0.4461909651756286
2023-05-29 12:00:00,0.7810022933781147,0.394752082824707,0.5983306578546762,0.3712906566262245,0.48344112217426294
2023-05-29 13:00:00,0.8724553926289081,0.43130020141601555,0.6717177572101354,0.3208650603890419,0.5502215945720672
2023-05-29 14:00:00,0.8473962578177452,0.33576745569705957,0.7484506771713495,0.35855778954923145,0.6484947221726178
2023-05-29 15:00:00,0.7362197066843509,0.2796495826542377,0.7620638877898454,0.45004709914326657,0.6967468446493148
2023-05-29 16:00:00,0.6147554805874824,0.30471933826804165,0.7178328110277652,0.4456052315980195,0.6844294434785843
2023-05-29 17:00:00,0.4155945491790771,0.2869847550988197,0.5330219423770904,0.322298734486103,0.5116625285148619
2023-05-29 18:00:00,0.16543153971433638,0.13524732820689678,0.2075642857700586,0.11927441265434026,0.1998245083540678
2023-05-29 19:00:00,0.129904436096549,0.08939378805458545,0.1299000397697091,0.03749929971992969,0.11563612211495636
2023-05-29 20:00:00,0.10187403559684753,0.04686312258243561,0.08161518745124341,0.011882550213485957,0.06443257234990597
2023-05-29 21:00:00,0.08989782601594924,0.03254449903964997,0.06123535517603158,0.0065918462537229066,0.04525643879547715
2023-05-29 22:00:00,0.09371964693069458,0.04416637472808361,0.06717753782868385,0.016840477734804155,0.049196502640843395
2023-05-29 23:00:00,0.10215323135256765,0.06999423548579216,0.07506305206567049,0.05036385640501976,0.06038870071992278
2023-05-30 00:00:00,0.10668903417885303,0.09782344982028007,0.08103944860398771,0.10007331073284148,0.07468592766672372
2023-05-30 01:00:00,0.12265599653124809,0.1374653427302837,0.09065027561038731,0.16280889891088007,0.09092341361567377
2023-05-30 02:00:00,0.1491088481247425,0.19969603747129439,0.11392683804035186,0.24101584697142245,0.11173367638140916
2023-05-30 03:00:00,0.15785866945981977,0.2953284879028797,0.1459472895413637,0.28849636819213625,0.1433645344339311
2023-05-30 04:00:00,0.26996979162096973,0.3761781461536884,0.2650491268932819,0.3542095202952623,0.2731622347980737
2023-05-30 05:00:00,0.268447378873825,0.19919597551226614,0.3001037552952766,0.37472702534869307,0.3322799231112003
2023-05-30 06:00:00,0.2577271129190921,0.08943667501211167,0.35257966592907897,0.3524643521010876,0.3526134143024683
2023-05-30 07:00:00,0.277771498709917,0.12441186830401421,0.38917663700878624,0.4061129806935787,0.39337638080120085
2023-05-30 08:00:00,0.34235447302460664,0.24708363413810727,0.4311270606517792,0.5475749584287404,0.44323442876338953
2023-05-30 09:00:00,0.446221809387207,0.41953372955322266,0.5333158862590789,0.6761338441073894,0.5331509768962859
2023-05-30 10:00:00,0.5000200426578522,0.6062057471275328,0.6328176578879355,0.7686555019021034,0.6378537213802337
2023-05-30 11:00:00,0.5293083345890044,0.7803186213970184,0.7030471743643283,0.8290092331171035,0.7264364084601401
2023-05-30 12:00:00,0.4796645581722259,0.833076115399599,0.6827867448329925,0.8171743783354759,0.7259221893548965
2023-05-30 13:00:00,0.4587427818775177,0.839142386764288,0.6864915419369935,0.7957785232365131,0.7432002554833889
2023-05-30 14:00:00,0.41574237823486326,0.8026921881735325,0.6637063204497099,0.7621226327121257,0.7303362467885016
2023-05-30 15:00:00,0.37444828033447264,0.8082064269483089,0.6377230675518512,0.7398119535297154,0.7062742417305707
2023-05-30 16:00:00,0.335750503540039,0.7012321984767912,0.5949028240144252,0.705312857106328,0.6557617926597594
2023-05-30 17:00:00,0.20512717992067334,0.4832734632492065,0.4097905392944812,0.5708907443284987,0.44848911404609676
2023-05-30 18:00:00,0.06973614916205406,0.17987320512533184,0.1467816802859306,0.3080453111976385,0.1542830791696906
2023-05-30 19:00:00,0.04541121669113636,0.07138127870857716,0.07885599665343762,0.14983149133622645,0.07719359304755927
2023-05-30 20:00:00,0.02203301161527634,0.026273141801357272,0.030970627143979076,0.0639687879011035,0.029917322918772696
2023-05-30 21:00:00,0.0057047888636589045,0.003387329131364822,0.005599782112985848,0.019759133122861386,0.007113268040120602
2023-05-30 22:00:00,0.0032682915776968,0.0011495670676231384,0.001591290384531021,0.004010423626750708,0.0022701178304851055
2023-05-30 23:00:00,0.0035649086907505985,0.00018200930207967755,0.0018783951178193091,0.0031844617798924444,0.0018667316995561122
2023-05-31 00:00:00,0.006786122247576713,0.0,0.0072067232616245735,0.009826932549476624,0.009048086740076542
2023-05-31 01:00:00,0.025304950624704364,0.0,0.026731261834502223,0.01774175465106964,0.02104141391813755
2023-05-31 02:00:00,0.02877772375941277,0.0016817770898342132,0.041323454678058626,0.02114309072494507,0.041433266848325725
2023-05-31 03:00:00,0.07513750091195107,0.01944732028990984,0.06924547456204891,0.02759309232234955,0.0615015908330679
2023-05-31 04:00:00,0.2052895165979862,0.04861727192997932,0.1354099203459918,0.04097780890762806,0.11469978004693984
2023-05-31 05:00:00,0.33882899194955823,0.07965636283159255,0.1744988551735878,0.06410760648548602,0.17033145086839793
2023-05-31 06:00:00,0.4076919937133789,0.19821120515465734,0.17978433798998594,0.10109222965314985,0.17319217231124637
2023-05-31 07:00:00,0.428432080745697,0.36002078235149376,0.20447013124823565,0.18968282908201214,0.15256057068705559
2023-05-31 08:00:00,0.3985070604085922,0.5131573036313056,0.2349309034645557,0.2536259619146585,0.15304010048508643
2023-05-31 09:00:00,0.2796583616733551,0.5304533660411834,0.2009850579500198,0.3014747382700443,0.16268211811780925
2023-05-31 10:00:00,0.20639756970107553,0.47469138264656063,0.20582730699330565,0.4058183365315199,0.200669292062521
2023-05-31 11:00:00,0.19183837890625,0.4422535705566406,0.26167048066854476,0.4936807489395141,0.2723873928934335
2023-05-31 12:00:00,0.20353796705603597,0.4303617095947265,0.30068690858781333,0.5359154176712035,0.32818616539239875
2023-05-31 13:00:00,0.25615851089358327,0.5159780240058898,0.391227883324027,0.6689202906936406,0.4248405162245034
2023-05-31 14:00:00,0.3608913815021515,0.5521340227127074,0.5364962576329707,0.7924733451008796,0.5634545879811048
2023-05-31 15:00:00,0.3126038314402103,0.5348362779617308,0.46020778901875015,0.7296774754673241,0.4923394206166267
2023-05-31 16:00:00,0.37456054314970966,0.6116182541847228,0.4403788404911756,0.6091344243288039,0.4595003676414489
2023-05-31 17:00:00,0.2788698700070381,0.4756752562522888,0.2808500641584396,0.40686899095773693,0.28050895921885965
2023-05-31 18:00:00,0.08325686417520047,0.13918306723237037,0.08065611366182565,0.235889034345746,0.08059642396867275
2023-05-31 19:00:00,0.0642847728729248,0.08293238505721093,0.05815461076796055,0.17972001414746047,0.0540618085861206
2023-05-31 20:00:00,0.05025023430585861,0.06395418301224709,0.05604363564401865,0.1519470679014921,0.05482114154845476
2023-05-31 21:00:00,0.006218562759459019,0.013092281520366669,0.023936374150216582,0.12068822599947451,0.02894093230366707
2023-05-31 22:00:00,0.0022071274369955063,0.0015210990980267522,0.01069924047216773,0.07891471948474646,0.014492536056786777
2023-05-31 23:00:00,0.011397506147623061,2.9701553285121914e-05,0.03550457186996937,0.06523117698729039,0.03758521977812052
2023-06-01 00:00:00,0.03329931989312172,8.372213691473006e-05,0.04893789436668158,0.057656838633120065,0.05083360057324171
2023-06-01 01:00:00,0.03338570028543472,0.0,0.04284337297081947,0.043578240014612676,0.04597745064646006
2023-06-01 02:00:00,0.02715230613946915,0.012982968986034394,0.029414647333323957,0.02717817530035973,0.030306059010326864
2023-06-01 03:00:00,0.01052781015634537,0.08926814049482346,0.021593587435781957,0.02296183742582798,0.02393429208546877
2023-06-01 04:00:00,0.030258922651410104,0.18184788197278975,0.02667160823941231,0.0035918487235903737,0.03735695116221905
2023-06-01 05:00:00,0.08831738892942666,0.2664757890999317,0.056547651588916774,0.009021371770650148,0.09256094340234995
2023-06-01 06:00:00,0.09505866691470145,0.3608230209350586,0.08914436826482414,0.030601865500211715,0.13938044970855115
2023-06-01 07:00:00,0.06839615330100059,0.26021498858928677,0.09504187878221271,0.046536636687815186,0.14100852154195306
2023-06-01 08:00:00,0.05070299968123436,0.09529210284352302,0.07487927509471773,0.05543385207653046,0.09312722280621527
2023-06-01 09:00:00,0.05083368878811598,0.03974655769765377,0.06967649450525641,0.09004128646105528,0.07885603403672577
2023-06-01 10:00:00,0.07926942259073257,0.04405257530510426,0.11707686770707368,0.1360753234475851,0.12212441630661487
2023-06-01 11:00:00,0.07830052807927132,0.03469337999820709,0.14595922477543352,0.16686904802918434,0.15295764073729512
2023-06-01 12:00:00,0.04746412046253681,0.021870200335979462,0.12782796151936054,0.16886164620518682,0.1487576681748032
2023-06-01 13:00:00,0.040791187733411796,0.017880308628082275,0.10724134676158428,0.15049140498042105,0.12882552336901423
2023-06-01 14:00:00,0.09250877760350704,0.03171475484967232,0.12102454435080288,0.1308953358605504,0.12600897796452043
2023-06-01 15:00:00,0.1933847530186176,0.0423295558989048,0.1715025021880865,0.11143007081001999,0.1484165261313319
2023-06-01 16:00:00,0.2437870773673057,0.04694424450397492,0.2069241531938314,0.08055432390421628,0.1656148064881563
2023-06-01 17:00:00,0.17094380185008048,0.038838698491454125,0.1619342304766178,0.04140485970303416,0.1400873553752899
2023-06-01 18:00:00,0.07020907498896121,0.024080572724342348,0.082862458974123,0.024824682418257,0.0791869594156742
2023-06-01 19:00:00,0.022589496076107028,0.010743290670216083,0.020297463387250903,0.005246807057410479,0.01933762613683939
2023-06-01 20:00:00,0.026586853563785554,0.025301748514175416,0.014226652961224318,0.0024714594334363936,0.01344888087362051
2023-06-01 21:00:00,0.02807286620140076,0.02479122146964073,0.017855409011244775,0.0032560867071151733,0.01092254228889942
2023-06-01 22:00:00,0.027522077634930614,0.01984019249677658,0.03531293427571655,0.016220907215029,0.03487987723201513
2023-06-01 23:00:00,0.026115440092980863,0.019894554913043976,0.0351539964415133,0.04980524379760028,0.028900378011167047
2023-06-02 00:00:00,0.023020752444863322,0.10340603351593017,0.02460580987855792,0.11269266910851,0.02067723212763667
2023-06-02 01:00:00,0.02549283802509308,0.4096829605102539,0.010545994359999896,0.2274529148079455,0.012143948934972287
2023-06-02 02:00:00,0.04798232011497021,0.5008552825450897,0.02402555100619793,0.33465294849127525,0.027814711611717943
2023-06-02 03:00:00,0.13852655962109564,0.5375983273983002,0.09075040571391581,0.49186181530356404,0.1455496821552515
2023-06-02 04:00:00,0.2343148252367973,0.5069612824916838,0.17362160127609969,0.4759287831932306,0.25058042541146275
2023-06-02 05:00:00,0.3887956452369689,0.46849588751792903,0.4217953807115554,0.6100645478069782,0.3433280330896377
2023-06-02 06:00:00,0.504584983587265,0.4249063110351562,0.6000804005563258,0.7870659757405518,0.4001666870713234
2023-06-02 07:00:00,0.5444004034996032,0.39074687957763665,0.6465686607360839,0.8239616664499043,0.4950354599952697
2023-06-02 08:00:00,0.578339294195175,0.3564653778076172,0.6240184048563241,0.7897743588685989,0.544882848933339
2023-06-02 09:00:00,0.6105388364195823,0.33211669921875,0.5779314993321895,0.6802264495193957,0.522583286166191
2023-06-02 10:00:00,0.6143964460492133,0.27720635086297984,0.5360516501963137,0.6024599681049585,0.46612767279148093
2023-06-02 11:00:00,0.5761735892295836,0.23390379160642621,0.4862396144866943,0.5445112096518278,0.4089779675006866
2023-06-02 12:00:00,0.5764110541343688,0.2108319793641567,0.4582332354784011,0.42017842113971704,0.3709121811389923
2023-06-02 13:00:00,0.6332107110321521,0.22070996567606924,0.46378307379782197,0.33067785963416096,0.35768536537885665
2023-06-02 14:00:00,0.663784779459238,0.22366089880466458,0.4648590535670518,0.2956281812489032,0.34880993232130997
2023-06-02 15:00:00,0.7399889788031577,0.2838146492838859,0.5893109247088432,0.3750797797739505,0.4830392086505889
2023-06-02 16:00:00,0.6582443109154701,0.22167912974953646,0.5474914951622486,0.28751541942358017,0.4541061037778854
2023-06-02 17:00:00,0.4835546827316283,0.14397976115345953,0.3995137011259794,0.264840677306056,0.31991653919219964
2023-06-02 18:00:00,0.19567135304212568,0.06581489063799381,0.1559079200029373,0.19722381338477135,0.12106071215122938
2023-06-02 19:00:00,0.19603236511349675,0.09743037708103655,0.16349173657596108,0.1918031571060419,0.13429577566683293
2023-06-02 20:00:00,0.35348430633544914,0.19109406188130376,0.35455467909574506,0.3025300638377666,0.3284758653491735
2023-06-02 21:00:00,0.4088104629516601,0.35559345245361323,0.41762638092041016,0.37712729431688785,0.39035875320434565
2023-06-02 22:00:00,0.45448338627815243,0.5239310419559478,0.4167394649982452,0.3795523071289062,0.3905087661743164
2023-06-02 23:00:00,0.457218359708786,0.4277216720581054,0.4381951779127121,0.4636931473016739,0.4072162437438964
2023-06-03 00:00:00,0.24317612722516058,0.13224114812910553,0.3487902447581291,0.5488670238852501,0.3512096753716468
2023-06-03 01:00:00,0.08861753173172474,0.12256983652710914,0.14952066794037816,0.5706917209178209,0.18857094347476955
2023-06-03 02:00:00,0.12311161935329437,0.1878239597380161,0.1202981212735176,0.4763977474719286,0.12806540500372646
2023-06-03 03:00:00,0.20855565190315245,0.4011044692993164,0.09716947447508573,0.2864808285981416,0.09640336230397223
2023-06-03 04:00:00,0.4411543984711169,0.19765820801258085,0.37491771914064875,0.4681928696483373,0.26826814442873
2023-06-03 05:00:00,0.06705922126770018,0.05854888141155243,0.3074447517096996,0.7121930013597011,0.34383008241653434
2023-06-03 06:00:00,0.09790065534412859,0.04082736790180207,0.14589255228638648,0.5895308519899845,0.18146606031805274
2023-06-03 07:00:00,0.39648250371217725,0.1294869939982891,0.3264402541518211,0.5590203762054443,0.2615614387392997
2023-06-03 08:00:00,0.7104166454076766,0.3321036529541015,0.5850153645873069,0.5994899122416973,0.4576763349771499
2023-06-03 09:00:00,0.8468664814531802,0.4578023386001587,0.7688494076579808,0.6308837445825337,0.6439168414473533
2023-06-03 10:00:00,0.796868230998516,0.41155788421630857,0.7519589903205632,0.6174826788157224,0.6425982566922901
2023-06-03 11:00:00,0.7473552761971949,0.4187767791748047,0.6744301414489745,0.5567288702726363,0.5676965075731276
2023-06-03 12:00:00,0.7782448050379753,0.4571322441101074,0.6969913532584905,0.5172470879554747,0.6000325875729321
2023-06-03 13:00:00,0.8335531038045882,0.5359895074367522,0.7737552957236765,0.5182633587718009,0.6934308557212352
2023-06-03 14:00:00,0.7832558099925517,0.5318389105796814,0.8145471941679715,0.5558171993494033,0.766489535793662
2023-06-03 15:00:00,0.5578887915611266,0.47657350182533254,0.6786017245054244,0.5343609312176704,0.6780375926196575
2023-06-03 16:00:00,0.5861142134666442,0.52868057847023,0.6850569537281989,0.591638553738594,0.6828495720773935
2023-06-03 17:00:00,0.3993967996537685,0.29029266774654383,0.5270436096191405,0.5744084721803664,0.5367673645168543
2023-06-03 18:00:00,0.333678195476532,0.2749185523390769,0.4040644200891257,0.44527712762355803,0.4149773776531219
2023-06-03 19:00:00,0.34333560988307,0.27213134914636605,0.3407785896956921,0.26158578380942343,0.3327165383845567
2023-06-03 20:00:00,0.38456601977348326,0.32892410755157464,0.3416524711996317,0.16997329533100128,0.3252052181214094
2023-06-03 21:00:00,0.45912241220474237,0.470278388261795,0.40735871434211723,0.194142192825675,0.40431665442883963
2023-06-03 22:00:00,0.4477820897102356,0.5317472112178802,0.4412244379520416,0.30465637005865576,0.46967797435820097
2023-06-03 23:00:00,0.4138041567802429,0.5372563457489014,0.42958678603172296,0.421417153403163,0.4624448823928832
2023-06-04 00:00:00,0.4238987731933594,0.5774457609653472,0.40303628921508783,0.40323155313730236,0.42021350860595696
2023-06-04 01:00:00,0.474465115070343,0.6169425396621226,0.42355623841285706,0.3574792736023664,0.42661536335945127
2023-06-04 02:00:00,0.48761445999145503,0.6032358086109161,0.45154576301574706,0.36258836753666396,0.46086813032627105
2023-06-04 03:00:00,0.41285697937011717,0.571456388235092,0.4661159402132034,0.46430881425738335,0.5031611144542694
2023-06-04 04:00:00,0.36885665893554687,0.5238070678710937,0.40735933303833005,0.45180608034133907,0.4388504099845886
2023-06-04 05:00:00,0.3276809310913086,0.5720355665683745,0.37147970199584956,0.48702182650566095,0.39992467999458303
2023-06-04 06:00:00,0.3943571090698242,0.6417437812685965,0.4309298866987228,0.6099531850218772,0.45027536213397973
2023-06-04 07:00:00,0.5017360472679138,0.6758906847238539,0.5224822568893431,0.6562223075330256,0.5131827052682638
2023-06-04 08:00:00,0.6035299068689346,0.6351684188842772,0.6288523579388856,0.6824827166646719,0.6016615974903106
2023-06-04 09:00:00,0.6783272778987884,0.5477289414405822,0.701830526664853,0.7248933596163988,0.6521601328998804
2023-06-04 10:00:00,0.7212843349575996,0.4934576606750488,0.7346704060584306,0.7187398765236138,0.6754976067692041
2023-06-04 11:00:00,0.7546206371486186,0.5318873679637909,0.7795269206166267,0.7345254938304424,0.7210649919509886
2023-06-04 12:00:00,0.7205486586689949,0.5175068831443786,0.7812974932044744,0.7385966707020998,0.7267395833134651
2023-06-04 13:00:00,0.6197074449062348,0.43140522003173826,0.7198274387419223,0.6889915138483047,0.6819400265067814
2023-06-04 14:00:00,0.5458046984672545,0.36902385711669916,0.6603345057368277,0.622219755873084,0.6332325229793786
2023-06-04 15:00:00,0.4156346035003662,0.31634410038590427,0.5452742159366607,0.5032242100685834,0.5304089265316725
2023-06-04 16:00:00,0.2657316373288631,0.1480548809468746,0.38791271857917303,0.40105827413499356,0.3889942733943462
2023-06-04 17:00:00,0.10608564063906668,0.02045007072389126,0.17709592305123803,0.28935616001486775,0.1843949404358864
2023-06-04 18:00:00,0.11618348605930803,0.01765147678554058,0.18070828665047883,0.29923020027577873,0.18304972331970928
2023-06-04 19:00:00,0.11935269571840762,0.024985629767179492,0.1918302948027849,0.2903636064380407,0.1997901463136077
2023-06-04 20:00:00,0.13095033921301363,0.06706526309251785,0.17893320292234421,0.2276794248074293,0.19344293273985386
2023-06-04 21:00:00,0.1670436759293079,0.14089795410633085,0.19604755833744997,0.19648688338696957,0.20719685986638067
2023-06-04 22:00:00,0.17059420198202133,0.1889881697297096,0.181225274130702,0.18478672757744788,0.18959171816706655
2023-06-04 23:00:00,0.13565546676516532,0.18633117437362667,0.13447193086147308,0.24284867025911805,0.1403465088456869
2023-06-05 00:00:00,0.11271458879113197,0.17323660537600516,0.09809332344681024,0.4040943562984466,0.09922400087118147
2023-06-05 01:00:00,0.11475629813969135,0.1674347786605358,0.08639048799872398,0.5059073985740542,0.08402781691402197
2023-06-05 02:00:00,0.0891722721606493,0.14397402465343473,0.0619123500585556,0.5077067498862743,0.06486896891146898
2023-06-05 03:00:00,0.03066091701388359,0.04125332944095135,0.029986054264009,0.4923351051658391,0.04468216557055711
2023-06-05 04:00:00,0.02069317452609539,0.052128920927643776,0.03241161301732064,0.511823653653264,0.05050365278497339
2023-06-05 05:00:00,0.03982752725481987,0.1406657177209854,0.05400641046464443,0.5075299330800771,0.06697287730872631
2023-06-05 06:00:00,0.1360126332938671,0.3117346987128258,0.16904646921902894,0.5598897279053926,0.1633956757187843
2023-06-05 07:00:00,0.15863261714577673,0.19362899050116536,0.22895447976887223,0.5277668760716914,0.19627975616604088
2023-06-05 08:00:00,0.0886660473048687,0.07498230583965779,0.1837674220651388,0.44013507142662994,0.17189698457717892
2023-06-05 09:00:00,0.04892317444086075,0.04271845988929272,0.12027443438768386,0.3078363773971796,0.11892106227576732
2023-06-05 10:00:00,0.017376345843076707,0.02521265119314194,0.05543154407292604,0.16692478477954864,0.052577686328440905
2023-06-05 11:00:00,0.0025327417999505995,0.01812153644859791,0.020082278810441494,0.07524892345070838,0.012676440197974443
2023-06-05 12:00:00,0.0026436901465058324,0.018303101770579817,0.007537394650280476,0.033109396658837796,0.0028594297543168066
2023-06-05 13:00:00,0.011192412935197354,0.007666955590248108,0.003245490025728941,0.02204784136265516,0.00216064041480422
2023-06-05 14:00:00,0.0341443882137537,0.002245063856244087,0.036247836202383046,0.044521747212857,0.026584242768585682
2023-06-05 15:00:00,0.1245869195461273,0.02533155277371407,0.1377743637561798,0.1043592756986618,0.11656372729688882
2023-06-05 16:00:00,0.16905209779739377,0.05952343881130219,0.17936392210423946,0.08901439679786562,0.1587159453704953
2023-06-05 17:00:00,0.17169791623950004,0.11115923672914504,0.1262012894824147,0.05153476092964411,0.10116370353847742
2023-06-05 18:00:00,0.10785255685448647,0.06784359201788903,0.08592693511396646,0.05470731794834137,0.07057819992303849
2023-06-05 19:00:00,0.10424660712480545,0.0740208289772272,0.0863749722018838,0.03479032754898071,0.07512543018907308
2023-06-05 20:00:00,0.05058468103408814,0.028780969083309176,0.0463290923088789,0.019600433316081765,0.03955405022948981
2023-06-05 21:00:00,0.005046444274485111,0.0031404502317309377,0.004086808636784553,0.0028196490369737145,0.006776704452931881
2023-06-05 22:00:00,0.0027197874709963795,0.005649112910032272,0.0033636458590626714,0.013118185177445412,0.004263293612748384
2023-06-05 23:00:00,0.008884264566004276,0.04988362736999989,0.019756782222539186,0.05783210270106792,0.02440276985988021
2023-06-06 00:00:00,0.039450536966323856,0.10154110379517078,0.05969414118677378,0.09656680222600697,0.061286627650260925
2023-06-06 01:00:00,0.09864133358001709,0.15285406544804572,0.1375070225074887,0.1442371806129813,0.12364287935197352
2023-06-06 02:00:00,0.18828385725617405,0.3439093780517578,0.23778247207403178,0.19862739663571116,0.23126613780856128
2023-06-06 03:00:00,0.22162227600812912,0.2538420270383358,0.23452985316514965,0.16726839091628787,0.2324591182172298
2023-06-06 04:00:00,0.28992725342512127,0.17607784017920491,0.2615323919057846,0.1476463983207941,0.25054571986198426
2023-06-06 05:00:00,0.30232622191309927,0.14831424832344053,0.24551909297704694,0.11160292539745569,0.22725521124899384
2023-06-06 06:00:00,0.3850400161743164,0.2907550451159477,0.29446186967194077,0.10813498359173535,0.258399895876646
2023-06-06 07:00:00,0.5519550299644469,0.47905851960182183,0.40551407881081103,0.14383385408669708,0.3349730515480041
2023-06-06 08:00:00,0.7087448766827582,0.5631162548065185,0.5098319114744663,0.1930480914935469,0.40917079165577885
2023-06-06 09:00:00,0.7897049030661583,0.6143295480310916,0.553546066135168,0.20573157083243132,0.4394595054537057
2023-06-06 10:00:00,0.7877243733406066,0.6502663640677928,0.5249057801812886,0.15429092705249786,0.4074711283296346
2023-06-06 11:00:00,0.8449998888373375,0.7536916768550872,0.6352022458612918,0.20891388844698666,0.5303670406341552
2023-06-06 12:00:00,0.870296194255352,0.7710460042953491,0.7288597958534955,0.3215400282293558,0.6619223585724829
2023-06-06 13:00:00,0.8147544635832309,0.6951835943758486,0.6848716261237859,0.3320521172881126,0.621959522217512
2023-06-06 14:00:00,0.7392233832180499,0.6406715965270995,0.6114460049569606,0.32459642991423604,0.5328388828039169
2023-06-06 15:00:00,0.718030793070793,0.5570684826374053,0.5669955044984817,0.3306811456382274,0.47009555995464325
2023-06-06 16:00:00,0.7153657934069633,0.5163181281089783,0.5755527947098016,0.37660932309925554,0.4816419368982314
2023-06-06 17:00:00,0.45781963944435117,0.3731085968017578,0.37364423960447307,0.38401893928647035,0.31592570267617703
2023-06-06 18:00:00,0.37323486328125,0.3988700103759765,0.29750996366143223,0.39025463119149206,0.2573517616838217
2023-06-06 19:00:00,0.4040686798095703,0.45639166355133054,0.3659904479980468,0.48974286660552013,0.3361953544616699
2023-06-06 20:00:00,0.5182469940185546,0.510724470615387,0.5644386565685271,0.7246842144429683,0.5375369161367416
2023-06-06 21:00:00,0.6464268206059931,0.6400447925925253,0.6771910367906092,0.8151346179097889,0.6509070484340189
2023-06-06 22:00:00,0.6464622175693511,0.7602594850957394,0.6568849461525678,0.8171556125581264,0.6341673234850167
2023-06-06 23:00:00,0.7155401027202606,0.8890170396864413,0.6958878802508115,0.8401020824164152,0.670869364440441
2023-06-07 00:00:00,0.8431270118057728,0.9497186213731765,0.7975494498759508,0.8773698746412992,0.7611120542883871
2023-06-07 01:00:00,0.9674977983534335,0.9905326560139656,0.9389571511745451,0.9498591784387826,0.9036161898076533
2023-06-07 02:00:00,0.990998191833496,0.9958297085762025,0.9824397970736026,0.9815849075466394,0.9661891838908195
2023-06-07 03:00:00,0.9633864763379096,0.9527341178059576,0.9608029667288064,0.9508105093985796,0.9400690449774265
2023-06-07 04:00:00,0.9530829514563083,0.8895573073625564,0.9553678384423255,0.9242686965316533,0.9384346807748079
2023-06-07 05:00:00,0.8594323819875717,0.8361298845708369,0.8226800255477428,0.8626801626384257,0.7568889139592647
2023-06-07 06:00:00,0.8480334757268428,0.8071417118608951,0.7570727711170911,0.8040761791169643,0.6804329706728458
2023-06-07 07:00:00,0.8297548173367977,0.7675114086270332,0.6926973371207713,0.7464593495428562,0.6080633307248353
2023-06-07 08:00:00,0.8244351914525032,0.7588354861736297,0.6643918829411268,0.6824616736918687,0.5680434381961821
2023-06-07 09:00:00,0.8277970737218856,0.7871850796043872,0.6619105639308691,0.5796309864521025,0.5741036045551299
2023-06-07 10:00:00,0.8056126227974891,0.7980838161706925,0.6492110764980316,0.45851878523826595,0.570317381620407
2023-06-07 11:00:00,0.804957411289215,0.8084115451574325,0.6562956335395573,0.3924311182647944,0.5829884564876555
2023-06-07 12:00:00,0.838030009418726,0.8270928925275802,0.6976176491379736,0.3882476203143596,0.6213707780838011
2023-06-07 13:00:00,0.8710282960534095,0.8193813276290893,0.7591159714758395,0.4612531169503926,0.6859883187711238
2023-06-07 14:00:00,0.8693918226659297,0.7755348680913448,0.7825606517493724,0.5851133298873901,0.7126589453220367
2023-06-07 15:00:00,0.6345755322277544,0.5073624110221863,0.5101363799721003,0.3894574928283691,0.43309516549110405
2023-06-07 16:00:00,0.5776855504512786,0.47049678683280943,0.4594968545436859,0.3548371124267578,0.39443349838256836
2023-06-07 17:00:00,0.3572970962524414,0.3563748550415039,0.28366600573062895,0.30412792041897774,0.24130954064428803
2023-06-07 18:00:00,0.34105712890624995,0.4797838985919952,0.27829587258398525,0.2454071518778801,0.24779509462416166
2023-06-07 19:00:00,0.48453012228012077,0.6544910503923892,0.37443756282329554,0.2645846765488386,0.3321830706298351
2023-06-07 20:00:00,0.7277823618054389,0.845328114181757,0.6690419586747884,0.5305090135335921,0.622527634948492
2023-06-07 21:00:00,0.6967068946361541,0.8387836430966853,0.6731175957620142,0.6957587091624736,0.6417737199366091
2023-06-07 22:00:00,0.6197437500953673,0.814533752799034,0.6026627278327941,0.7373020190745591,0.5789414054155348
2023-06-07 23:00:00,0.6259589648246764,0.8534655636548996,0.6351069694757461,0.8171013268083334,0.6247433988749981
2023-06-08 00:00:00,0.6688937424123286,0.8642698018252849,0.7215650340914725,0.9032325053960084,0.7160591357201337
2023-06-08 01:00:00,0.7428038170933722,0.8654868614673614,0.8164694659411907,0.9607617268711328,0.8085524056851863
2023-06-08 02:00:00,0.8041928796470165,0.8584681372344494,0.8763580216467379,0.9761273616552353,0.876530236005783
2023-06-08 03:00:00,0.589564607143402,0.5302723205089568,0.7030026825517415,0.8743945915251969,0.7134076273441313
2023-06-08 04:00:00,0.5631687200069426,0.582211331129074,0.6572094487398862,0.810024777650833,0.6670792101323604
2023-06-08 05:00:00,0.5083966708183288,0.6362466154992579,0.5895264303684233,0.7376151270419358,0.585300833582878
2023-06-08 06:00:00,0.5079062724113463,0.5939009344577788,0.5636018961668013,0.7530975086987017,0.5309214150905608
2023-06-08 07:00:00,0.47976935267448423,0.35802627563476563,0.5107522338628768,0.675449758991599,0.4708963924646377
2023-06-08 08:00:00,0.3300290563702583,0.1768853239715099,0.373427899479866,0.5418568336963653,0.36022899799048896
2023-06-08 09:00:00,0.202759276330471,0.11753256000578402,0.2297929875552654,0.38064930744469166,0.22283474050462243
2023-06-08 10:00:00,0.1882068811357021,0.15840297579765317,0.14275655969977377,0.2120712488144636,0.129178031347692
2023-06-08 11:00:00,0.26424030452966685,0.28266001567244525,0.1563511835411191,0.0951312581077218,0.12026710256934164
2023-06-08 12:00:00,0.3244646774232387,0.40852400183677673,0.20055035401135682,0.04836894895881415,0.1555246267467737
2023-06-08 13:00:00,0.3621548461914062,0.434977912902832,0.2622173576802015,0.07183833554387091,0.2181555278599262
2023-06-08 14:00:00,0.38636989593505855,0.42264907836914056,0.35022281646728515,0.16282583039253948,0.31382940873503684
2023-06-08 15:00:00,0.269544141292572,0.32702781677246084,0.2901571042835712,0.16343110859394072,0.2761532162129879
2023-06-08 16:00:00,0.31279745087027544,0.2981649641692638,0.30068245328962795,0.22235665045678613,0.26855644829571246
2023-06-08 17:00:00,0.20484611585736273,0.17957246825098988,0.17308486662805078,0.17127875551581379,0.1451938474923372
2023-06-08 18:00:00,0.30974723100662227,0.276058799624443,0.23684512116014955,0.13037347458302975,0.19038183391094204
2023-06-08 19:00:00,0.3998361206054687,0.3805409240722656,0.31607450589537617,0.10507575109601018,0.26474413014948367
2023-06-08 20:00:00,0.43189788818359376,0.41400299072265623,0.43154283523559567,0.2402218712121248,0.3943074607849121
2023-06-08 21:00:00,0.5176461791992187,0.5350223338603973,0.545570254921913,0.5296964949369429,0.5088357603549958
2023-06-08 22:00:00,0.5937796092033385,0.622411206960678,0.6349750904738902,0.6575130792707203,0.6179216640442609
2023-06-08 23:00:00,0.559106603860855,0.6635531036555766,0.6309632635116575,0.6926714035123586,0.6245145952701567
2023-06-09 00:00:00,0.5188304638862609,0.6922086326777934,0.5837272262573241,0.7071980813890695,0.5771821892261505
2023-06-09 01:00:00,0.4145750427246093,0.5926494157314299,0.5015974253416061,0.7291957724839448,0.5195636218786239
2023-06-09 02:00:00,0.3223621326684951,0.5082675671577453,0.4217457708716392,0.7102908933907746,0.4451305752992629
2023-06-09 03:00:00,0.34758039519190786,0.5390715754032135,0.37832474730908866,0.5566172116249799,0.36708372868597505
2023-06-09 04:00:00,0.24142821565270423,0.38778163909912106,0.3320406439900398,0.623764130473137,0.3625665698945522
2023-06-09 05:00:00,0.17933882653713223,0.2120825161039829,0.2419561637192964,0.5130931697040795,0.24695745989680284
2023-06-09 06:00:00,0.14381999656558037,0.1930695132911205,0.18262513764202593,0.4278450546413659,0.18167071260511874
2023-06-09 07:00:00,0.17505862236022945,0.25636369481682775,0.18249773569405076,0.3562152290344238,0.16959154956042766
2023-06-09 08:00:00,0.2649995772540569,0.29704205483198165,0.22610979281365867,0.2958275984227657,0.18916806101799005
2023-06-09 09:00:00,0.38421630859375,0.3572423699498176,0.29824083112180233,0.2728152461349964,0.24168411538004875
2023-06-09 10:00:00,0.46774992704391477,0.3923225903511047,0.3547070886194706,0.257636075541377,0.28762161463499064
2023-06-09 11:00:00,0.4966339325904846,0.39952562689781185,0.37621949993073933,0.254863598421216,0.3046971470117569
2023-06-09 12:00:00,0.4907922601699829,0.4015138524770736,0.3514022157341241,0.2054999457299709,0.27996483273804185
2023-06-09 13:00:00,0.52339111328125,0.41847104668617247,0.357347919344902,0.18333287112414834,0.27689941287040704
2023-06-09 14:00:00,0.572530344724655,0.4496056044101715,0.40552994236350054,0.2097304545342922,0.32240416392683974
2023-06-09 15:00:00,0.4743092751502991,0.3317176564037799,0.32355156861245626,0.1616920708119869,0.25652951367199417
2023-06-09 16:00:00,0.45438152313232416,0.33523236930370326,0.32976537920534604,0.18454105094075202,0.27019373126327983
2023-06-09 17:00:00,0.3315056544542312,0.1864668460190296,0.19816091559827326,0.12616091120988132,0.13739201832562684
2023-06-09 18:00:00,0.20543962031602858,0.15639433607459066,0.15060817703604695,0.15541060507297513,0.12245896019041537
2023-06-09 19:00:00,0.21348432779312132,0.18007112547755239,0.22735644839704033,0.2749814784526825,0.20721245199441904
2023-06-09 20:00:00,0.20274294361472128,0.16382229432463646,0.31949551880359645,0.40855432063341135,0.3063323781639337
2023-06-09 21:00:00,0.20548016801476476,0.22434853374958033,0.4069614583998918,0.457114108800888,0.4337796175479889
2023-06-09 22:00:00,0.25093196570873255,0.2880357444286346,0.43411968663334843,0.3853695910423993,0.43823168933391565
2023-06-09 23:00:00,0.29234239697456355,0.3516101455688476,0.4898867981880902,0.3790636981278657,0.5058291262388229
2023-06-10 00:00:00,0.3883591079711914,0.5446515536308287,0.64858622610569,0.4685768337547779,0.6670862188935279
2023-06-10 01:00:00,0.5526786899566649,0.6622613964974879,0.7544271267950534,0.4864583198726177,0.7730101758986712
2023-06-10 02:00:00,0.7089853091537952,0.622646973133087,0.7689589916169642,0.3989241960272192,0.7451669229567051
2023-06-10 03:00:00,0.5872581592202186,0.49107210397720336,0.6093072219192981,0.293610612526536,0.5706517550349235
2023-06-10 04:00:00,0.545006409883499,0.3550868988037109,0.4987973797321319,0.1823479325138032,0.44965255700051776
2023-06-10 05:00:00,0.4759745073318481,0.30746519938111305,0.37567804858088494,0.10797126051038501,0.3165615376830101
2023-06-10 06:00:00,0.35384704589843746,0.2947561830282211,0.30742119818925856,0.11329794382676481,0.2661054766178131
2023-06-10 07:00:00,0.30163298353552814,0.30576484963297845,0.26073370464146134,0.09778653701767324,0.22820230476558206
2023-06-10 08:00:00,0.32283771514892573,0.33197245970368383,0.23624175868928426,0.06908618062734603,0.2006676748394966
2023-06-10 09:00:00,0.47232298493385316,0.44833695054054257,0.2853806289285421,0.05212334495037794,0.217535181120038
2023-06-10 10:00:00,0.5660018479824065,0.5314100158214569,0.32291891530156125,0.037668493315577506,0.2328500182926655
2023-06-10 11:00:00,0.6330105563998221,0.6564340955018997,0.36877869404852387,0.04436793085187673,0.2696781850606203
2023-06-10 12:00:00,0.8206950116157531,0.8862770706415176,0.5711232932657003,0.1278329110518098,0.47723833620548245
2023-06-10 13:00:00,0.9438582217693328,0.9732802885770797,0.7298296649754047,0.23347063332796097,0.6308984337747097
2023-06-10 14:00:00,0.9569233340024947,0.9661677013337612,0.7407018987089395,0.26549896024167535,0.6235620079934596
2023-06-10 15:00:00,0.8920554284751414,0.9108538702130318,0.6747621032595634,0.2342027422040701,0.551571608185768
2023-06-10 16:00:00,0.842030784934759,0.7929336185753344,0.568473796248436,0.1672976492345333,0.432695130109787
2023-06-10 17:00:00,0.5950352406501769,0.5554269728064536,0.33418311797082423,0.0774027556553483,0.22356200248003005
2023-06-10 18:00:00,0.24610570490360256,0.26681763902306554,0.12519427519291637,0.052551006674766546,0.07918197255581617
2023-06-10 19:00:00,0.2113442501425743,0.25353033438324923,0.1274470055103302,0.06025373186916112,0.09202056437730788
2023-06-10 20:00:00,0.3307888031005859,0.26165841490030284,0.23540943436324593,0.06907253384590148,0.18697070769965649
2023-06-10 21:00:00,0.3681329727172851,0.3403778076171875,0.28707364238798616,0.08799712719395755,0.2391852387785911
2023-06-10 22:00:00,0.25151833787560457,0.2870058897137642,0.22160287462174888,0.11439440693706274,0.19907182686030864
2023-06-10 23:00:00,0.2092798705399036,0.25614337027072903,0.21646564014255998,0.14087025716900825,0.20596509091556067
2023-06-11 00:00:00,0.2173151162266731,0.2410349905490875,0.21157421089708803,0.12954248890280723,0.19671793878078458
2023-06-11 01:00:00,0.2437540905177593,0.2211515702307224,0.19941925823688506,0.10908765807747842,0.17002698458731172
2023-06-11 02:00:00,0.2688521651923656,0.18632890850305556,0.23316122800111766,0.10471587061882018,0.20588781818747517
2023-06-11 03:00:00,0.21524082034826275,0.08483572408556939,0.31068006359040734,0.15646308679133653,0.33560282744467257
2023-06-11 04:00:00,0.34812857806682584,0.1354321504384279,0.38865094423294066,0.1043949614278972,0.3880788018554449
2023-06-11 05:00:00,0.23674591869115827,0.10356966435909272,0.1916597472503781,0.04623445365577936,0.1555453476309776
2023-06-11 06:00:00,0.11908965915441512,0.10096308015286923,0.07323388304561376,0.08878853846341371,0.049180172439664605
2023-06-11 07:00:00,0.12704446986317633,0.13235053718090056,0.054801836460828784,0.1478101338632405,0.043716771379113194
2023-06-11 08:00:00,0.25145790532231327,0.22401342064142224,0.13416928499937056,0.09268796235322951,0.1791204323619604
2023-06-11 09:00:00,0.23889346539974213,0.14886294871568678,0.12348327046260238,0.16644412104040382,0.17641188025474544
2023-06-11 10:00:00,0.11890595152974127,0.062274414077401155,0.07175022594630717,0.14061315804719926,0.1487842725217342
2023-06-11 11:00:00,0.06975782461464405,0.04551903739571571,0.04586160492151975,0.08016680762171743,0.10758009290322662
2023-06-11 12:00:00,0.04873809617012739,0.07150941908359527,0.036929383371025325,0.03834436871111393,0.0852690470032394
2023-06-11 13:00:00,0.033442807197570805,0.09552616089582443,0.027784158810973163,0.011559289041906595,0.06069935034960508
2023-06-11 14:00:00,0.02011775277554989,0.08030027016997338,0.012941813301295043,0.017069776207208634,0.028808813840150833
2023-06-11 15:00:00,0.007739471942186356,0.001993276253342628,0.007625956423580647,0.1307288648933172,0.016133101563900708
2023-06-11 16:00:00,0.004417116641998291,0.0007611600309610367,0.038997001890093086,0.290691574215889,0.061874563209712505
2023-06-11 17:00:00,0.024374819807708264,0.07297883532941342,0.06742184724658727,0.2222583035379648,0.09224277671426533
2023-06-11 18:00:00,0.021043728627264502,0.031957060843706135,0.026016592681407928,0.13999283384531735,0.043226869106292726
2023-06-11 19:00:00,0.03178291842341423,0.017436965182423592,0.02533791966736317,0.1038153763860464,0.031070811208337545
2023-06-11 20:00:00,0.05572104431688786,0.015868899039924146,0.03092856239527464,0.08971942545846104,0.028044335804879666
2023-06-11 21:00:00,0.0200491351634264,0.003620447553694248,0.016470551136881114,0.08297700725495816,0.017751685474067927
2023-06-11 22:00:00,0.017405379712581635,0.001777956485748291,0.017203417085111142,0.06937972292304039,0.015858061462640762
2023-06-11 23:00:00,0.033849241882562636,0.004704871699213981,0.01729124953970313,0.05034332694485784,0.004960585068911314
2023-06-12 00:00:00,0.017082702107727527,0.0054783690348267555,0.009106537383049727,0.05194139694795012,0.0038462204858660696
2023-06-12 01:00:00,0.01763573668897152,0.0017177428305149077,0.009312917795032263,0.050901325419545174,0.006485654637217523
2023-06-12 02:00:00,0.02284939877688885,0.0018339725956320761,0.011881539095193148,0.04586263518780469,0.011084348801523447
2023-06-12 03:00:00,0.03412734907120466,0.000712541677057743,0.02118755152449012,0.05132579831406474,0.04228549098595977
2023-06-12 04:00:00,0.06803777694702148,0.01112424023449421,0.06321084581315517,0.23220375210046768,0.10450549008324742
2023-06-12 05:00:00,0.14428196899592874,0.04872474044561387,0.16936361249536275,0.4516985906660556,0.2086694002151489
2023-06-12 06:00:00,0.30337460443377495,0.11513477258384228,0.39947419092059133,0.672645295932889,0.42646006695926186
2023-06-12 07:00:00,0.626186475753784,0.2849334125220775,0.6353933832049369,0.7340129619836806,0.6022145511955022
2023-06-12 08:00:00,0.810162090063095,0.4754361617565155,0.7582895741611718,0.7063485643267631,0.7015806938707827
2023-06-12 09:00:00,0.8962364791333675,0.5755173420906066,0.8370159037411212,0.6976714032143354,0.7649668128043412
2023-06-12 10:00:00,0.8546345657110214,0.5922371602058409,0.8230873953551054,0.7111872787028549,0.7646266981214285
2023-06-12 11:00:00,0.8411239247024058,0.6684097020328044,0.8035536669939756,0.7372392183542251,0.75376613676548
2023-06-12 12:00:00,0.8358749920129775,0.6434600448608399,0.7848013333976268,0.772174415513873,0.7581366420537232
2023-06-12 13:00:00,0.7402613672614097,0.6013232326507567,0.7337670017778872,0.8318983213603497,0.7343934465199708
2023-06-12 14:00:00,0.7143191500008106,0.6181795170903206,0.7408393795043229,0.8448745135962963,0.7384570783376694
2023-06-12 15:00:00,0.36775640115141867,0.4762465178966522,0.35013939209282396,0.6548232182860374,0.3730655177682638
2023-06-12 16:00:00,0.29199178144335747,0.41845547556877133,0.2656820138543844,0.651346596851945,0.2896024764329195
2023-06-12 17:00:00,0.23809205740690226,0.41215615183115006,0.29850526042282577,0.7421132037788629,0.3196770180016756
2023-06-12 18:00:00,0.27376378342509267,0.36231088951230045,0.35505475230515005,0.79538150139153,0.3665678798407316
2023-06-12 19:00:00,0.2490697473287582,0.2443709187209606,0.24064173668622965,0.7239495438337326,0.21815545737743375
2023-06-12 20:00:00,0.26940603941679,0.23711309283971782,0.17131838470697403,0.6691550953686237,0.10056683797389268
2023-06-12 21:00:00,0.0966932415217161,0.06927747398614884,0.08802880145609379,0.7770966403186321,0.06507608994841575
2023-06-12 22:00:00,0.005033387243747711,0.006895977258682251,0.16062552124261853,0.8617149564623834,0.19499653019011018
2023-06-12 23:00:00,0.048496280945837494,0.003186469860374928,0.3191637679561973,0.8975149191915989,0.4175927908718585
2023-06-13 00:00:00,0.40324558198451993,0.12128972433507441,0.5841812287271022,0.9038317836076021,0.6372730778902769
2023-06-13 01:00:00,0.7714175504446029,0.45936237335205077,0.7828886018693446,0.9185485053807496,0.7597672539204358
2023-06-13 02:00:00,0.8195406825840472,0.6581241084635256,0.824172623977065,0.8953816718608141,0.7879522957652807
2023-06-13 03:00:00,0.8441553287208079,0.8256480158865451,0.8717113567888737,0.571132374405861,0.8367567954957486
2023-06-13 04:00:00,0.9876422879099845,0.9762795904278754,0.9784008015692234,0.5255009130388497,0.9587196904420852
2023-06-13 05:00:00,1.0,0.9924710687994956,0.9391011959314346,0.3807840247452259,0.896189088821411
2023-06-13 06:00:00,1.0,0.9916848757863044,0.8186945769190788,0.31773996189236636,0.7229007466882467
2023-06-13 07:00:00,0.9864725738763809,0.9892817479372025,0.8612584009766577,0.4729228806495666,0.7837679248303174
2023-06-13 08:00:00,0.972898326665163,0.9861920273303986,0.8010165446996688,0.6752954928576945,0.6868766790628432
2023-06-13 09:00:00,0.8760626013576984,0.9127500317990779,0.7219004294276237,0.7866718216240405,0.6105944069474935
2023-06-13 10:00:00,0.8064748598635196,0.8125903502106666,0.7833708076179027,0.9008644208312033,0.7114558918774126
2023-06-13 11:00:00,0.7710981374979018,0.7204378752410412,0.8084692956507205,0.9339114329963922,0.7578012374788522
2023-06-13 12:00:00,0.7714702515304088,0.6896373486518859,0.773073968142271,0.9007823246717452,0.7032838838547468
2023-06-13 13:00:00,0.7178107342123985,0.6386822021007537,0.6749932079017161,0.7913222996145487,0.5949922344088554
2023-06-13 14:00:00,0.6450749447941779,0.5916528856754302,0.5867542332410811,0.6757856825739145,0.5133735990524292
2023-06-13 15:00:00,0.5534428513050078,0.6042802786827086,0.5327284193038939,0.5549034929275511,0.4875439924001694
2023-06-13 16:00:00,0.6101769900321959,0.7029620131850242,0.5570232874155043,0.47310372889041896,0.4981641960144042
2023-06-13 17:00:00,0.4485328674316406,0.8343722726404665,0.3493168651312589,0.40740689508616923,0.2967439769208431
2023-06-13 18:00:00,0.6196417132019996,0.8809649705886841,0.3891222980618476,0.4792536584287881,0.30054650858044624
2023-06-13 19:00:00,0.9471228446066379,0.8849586062133312,0.7353846747428178,0.5402967637777328,0.6293855693191289
2023-06-13 20:00:00,0.735545598566532,0.7324544011056422,0.6913191320747136,0.47789559841156,0.6214670291543005
2023-06-13 21:00:00,0.37475341796874995,0.3990045762062072,0.3546115684509277,0.3783145713806152,0.3298379679024219
2023-06-13 22:00:00,0.25469381824135773,0.1841467425227165,0.324878861233592,0.4231911981105804,0.34293839238584034
2023-06-13 23:00:00,0.3788755382597446,0.11229407370090483,0.418289001584053,0.49358645021915426,0.42511758208274836
2023-06-14 00:00:00,0.47217340826988213,0.1252126494795084,0.49643471181392657,0.4288424908369779,0.43171214342117303
2023-06-14 01:00:00,0.5482829070091246,0.4137026214599609,0.5396322882175445,0.3800520114600658,0.45423955023288726
2023-06-14 02:00:00,0.38654966443777083,0.1386002554744482,0.35895795390009877,0.228630990460515,0.2984979938715696
2023-06-14 03:00:00,0.3576506075263023,0.15249317631125447,0.26811252944171426,0.09444689502939582,0.20711636967957017
2023-06-14 04:00:00,0.40528980255126945,0.199769317060709,0.38530083097517487,0.18237743914127344,0.36344721965491766
2023-06-14 05:00:00,0.5351684248447417,0.4300307464599609,0.5138280761241912,0.40324775829911225,0.4662777596712112
2023-06-14 06:00:00,0.3632963180541992,0.444532356262207,0.3283528514951467,0.2235432296991348,0.3091622120141983
2023-06-14 07:00:00,0.37302242279052733,0.36037670135498046,0.3474496841430663,0.22405898392200468,0.30043386094272134
2023-06-14 08:00:00,0.23912209838628765,0.3128056064248085,0.26216416053473945,0.19330717157572508,0.2463055960088968
2023-06-14 09:00:00,0.15834814220666882,0.1480043752491474,0.20351547092199324,0.15869161162525414,0.19040102809667586
2023-06-14 10:00:00,0.13379851475358007,0.07128243289887906,0.19288927063345906,0.13477783512324093,0.17646724499762056
2023-06-14 11:00:00,0.12625583708286284,0.0826089445501566,0.18131292589008804,0.08901616685092448,0.17405059419572352
2023-06-14 12:00:00,0.13524440392851828,0.09239988043904304,0.1797268847376108,0.07233064798638224,0.17447919093072412
2023-06-14 13:00:00,0.16819226562976836,0.07999833881855012,0.2013216758519411,0.10245590604841709,0.19488465808331965
2023-06-14 14:00:00,0.19266856148838996,0.0608108939230442,0.21710701063275334,0.14962458238005635,0.20659434974193572
2023-06-14 15:00:00,0.3306260745227337,0.08171566076576708,0.3035226103663444,0.20639841526746744,0.26315231196582317
2023-06-14 16:00:00,0.5419468741118907,0.12051239281892775,0.44310666091740125,0.18737292241305115,0.3634723417460918
2023-06-14 17:00:00,0.5091944420337676,0.13842464476823807,0.36886560380458827,0.14214970342814923,0.3019011055678129
2023-06-14 18:00:00,0.3184284348785877,0.13140190303325652,0.25489248186349867,0.19425691224634645,0.2086623790860176
2023-06-14 19:00:00,0.3500488662719726,0.28126876622438424,0.3321599388122558,0.37929275460541245,0.30633228532969947
2023-06-14 20:00:00,0.43486820220947264,0.4321705627441406,0.45793393433094026,0.5493486245721578,0.45027709186077114
2023-06-14 21:00:00,0.371903440952301,0.5735316133499144,0.48736115753650655,0.6024926981329917,0.5306422358751296
2023-06-14 22:00:00,0.5172034859657286,0.7455667375028132,0.5422824281454086,0.68142979465425,0.5311476147174834
2023-06-14 23:00:00,0.7829120709002018,0.7246621330082416,0.6028566213697194,0.734499036669731,0.5242283383011817
2023-06-15 00:00:00,0.7712981587648391,0.6261996491253375,0.6418280868232249,0.7465282215178012,0.5593070306628942
2023-06-15 01:00:00,0.6923576733469962,0.6865028819441794,0.6194157677143811,0.7074565006792545,0.5800172308832406
2023-06-15 02:00:00,0.515189722776413,0.6040026700496672,0.6086487325280904,0.6943622643500567,0.6182555305212735
2023-06-15 03:00:00,0.2715976086258888,0.34529405310750005,0.25595420636236665,0.3156409049034118,0.24461360536515708
2023-06-15 04:00:00,0.1797592461109161,0.3133512203395366,0.2273554385453462,0.20530905105173586,0.25198104567825785
2023-06-15 05:00:00,0.1993619866669178,0.41172684669494625,0.2767983295768499,0.13981665156781675,0.3023850721865892
2023-06-15 06:00:00,0.33261671960353845,0.42122945189476013,0.2933883521705865,0.09446389511227608,0.29162588685750956
2023-06-15 07:00:00,0.3371048355102539,0.3764725968241691,0.2595739854127168,0.07948790619149802,0.23351779595017427
2023-06-15 08:00:00,0.3641506195068359,0.3535449346899986,0.24530540756881233,0.07495383616536855,0.20239928632974621
2023-06-15 09:00:00,0.5467983043193816,0.4992716169357299,0.3564398223906755,0.08494490612298249,0.2755886428803205
2023-06-15 10:00:00,0.7117007760703562,0.6013971975445747,0.46952301375567906,0.09758420400321483,0.36442993685603137
2023-06-15 11:00:00,0.7839862099289894,0.5952976457774639,0.4745549540221691,0.08195143748074771,0.350422630533576
2023-06-15 12:00:00,0.712008432894945,0.4982370436191558,0.39608174875378604,0.049300474338233466,0.26752631478011607
2023-06-15 13:00:00,0.630841747522354,0.46679152488708486,0.33382668949663635,0.03258555002510547,0.2103036885336041
2023-06-15 14:00:00,0.6328990912437438,0.4804173743724822,0.35005257442593574,0.045327912345528604,0.23368921637535095
2023-06-15 15:00:00,0.40247436523437496,0.2732120518386364,0.19995007690042255,0.017454542480409146,0.12189559694379568
2023-06-15 16:00:00,0.37908588409423827,0.2841197116672992,0.20846485614776608,0.030306702740490434,0.13609361596405506
2023-06-15 17:00:00,0.20043880760669705,0.23796968683600422,0.118178201764822,0.03422055646777153,0.08453665606677532
2023-06-15 18:00:00,0.1460819536447525,0.28218657404184333,0.08752887710928917,0.027442661896348003,0.06365818105638028
2023-06-15 19:00:00,0.1834299740195274,0.2849320079386234,0.08181331694126129,0.01974787477403879,0.05450216021388769
2023-06-15 20:00:00,0.15103179559111593,0.31286605834960934,0.09671745002269744,0.025662892721593382,0.08709522392600773
2023-06-15 21:00:00,0.1831306034326553,0.36521373748779296,0.13387114856392143,0.034371559675782926,0.1115536929294467
2023-06-15 22:00:00,0.22065225228667257,0.21950699031352994,0.12373762238770722,0.026455205529928208,0.0875636287033558
2023-06-15 23:00:00,0.19770531803369518,0.14529923781752585,0.11553328748792409,0.012216497622430326,0.08303842805325984
2023-06-16 00:00:00,0.15632542446255682,0.10554354414343833,0.07993917729705571,0.00424255745485425,0.05478536266833543
2023-06-16 01:00:00,0.16646224796772002,0.15892367482185363,0.0893860363960266,0.00577836275100708,0.05412830397486687
2023-06-16 02:00:00,0.0924844890832901,0.13573118440806864,0.0484174843505025,0.0063404197618365295,0.025169788859784603
2023-06-16 03:00:00,0.025871698260307312,0.03736354134976864,0.005317673850804568,0.01908425945788622,0.0009637869149446486
2023-06-16 04:00:00,0.026153414845466613,0.026932521611452105,0.0059754311665892595,0.011397515907883645,0.0013553577475249766
2023-06-16 05:00:00,0.021055158749222758,0.06642581552267074,0.004404899775981903,0.03310411233454943,0.0023339577391743656
2023-06-16 06:00:00,0.08482855126261711,0.21016222685575484,0.052160222306847574,0.1469928468763828,0.05052173238247633
2023-06-16 07:00:00,0.2569091215729713,0.25871476277709005,0.23671562574803826,0.2573892895132303,0.2133177290484309
2023-06-16 08:00:00,0.27079151585698125,0.25595117226243014,0.26821015827357764,0.23447207562625405,0.23077892288565632
2023-06-16 09:00:00,0.32081713154911995,0.2863028700649738,0.29722086012363425,0.33879525035619734,0.23739235945045944
2023-06-16 10:00:00,0.44719207763671875,0.34707622528076165,0.38402559280395504,0.5118090103566646,0.33524344265460965
2023-06-16 11:00:00,0.47068792223930356,0.4585535860061645,0.4237285804748535,0.5711781587451696,0.3871553802490234
2023-06-16 12:00:00,0.4976293897628784,0.45720863580703736,0.4724762070178986,0.5864495027065276,0.4253498202562332
2023-06-16 13:00:00,0.5060515260696411,0.4341047668457031,0.48670385777950287,0.5897658701986074,0.449304541349411
2023-06-16 14:00:00,0.5377687370777129,0.3974213790893555,0.5370435571670531,0.6832567336410283,0.49154209375381464
2023-06-16 15:00:00,0.26724673807620997,0.165274955779314,0.22816519424319265,0.3064101818948984,0.1834041865170002
2023-06-16 16:00:00,0.416209831237793,0.37808437347412105,0.3294383169710636,0.3244667778164148,0.28474555514752864
2023-06-16 17:00:00,0.37905727982521054,0.5194201028347015,0.27660060845315454,0.36412699818611144,0.2880284409224987
2023-06-16 18:00:00,0.4885010278224945,0.502370194196701,0.3634316949546337,0.4040737245976924,0.3501611140370368
2023-06-16 19:00:00,0.3934318923950195,0.5251510894298553,0.3533149337768554,0.5851524396985769,0.32284781716763966
2023-06-16 20:00:00,0.32235733225941654,0.5563208615779875,0.3185945333540439,0.6756725765764713,0.32144411444663995
2023-06-16 21:00:00,0.31183842837810516,0.556636915206909,0.32551388353109356,0.7026295623183251,0.3280214254558086
2023-06-16 22:00:00,0.35027982130646707,0.625490025281906,0.3853748578578233,0.7241583728790283,0.4038933026790618
2023-06-16 23:00:00,0.4972056674957275,0.6914803637564182,0.4794364017248154,0.7617270278930663,0.4814361751079559
2023-06-17 00:00:00,0.5665149545669554,0.7085859036445616,0.5576979076862334,0.7882665920257568,0.5617117981612681
2023-06-17 01:00:00,0.5511205947399138,0.6572743377089499,0.5466112649440764,0.7819481122493743,0.5515302018821239
2023-06-17 02:00:00,0.7032658366858958,0.707097361087799,0.6829368414729833,0.8514574843645095,0.6624892870336769
2023-06-17 03:00:00,0.715511376261711,0.6265391407907008,0.6548863141238688,0.8268057138472795,0.6000333583354949
2023-06-17 04:00:00,0.8289596973359584,0.6971879547834395,0.7589008743315935,0.8363026498258113,0.6897983121126889
2023-06-17 05:00:00,0.8119892759621143,0.7313967598974704,0.775528617426753,0.8616114361584186,0.6964745255559682
2023-06-17 06:00:00,0.7917290544509887,0.7244320033490657,0.7147971159219741,0.783579439818859,0.6372285617887973
2023-06-17 07:00:00,0.85211196154356,0.7370108157396316,0.7169772121310234,0.63958079688251,0.6264862398058175
2023-06-17 08:00:00,0.8681890320777892,0.6655406786501408,0.7144393978267907,0.5671064710617064,0.6240390411019324
2023-06-17 09:00:00,0.8804627072811126,0.5385709273815155,0.7147283361852168,0.5557202634960413,0.6133698087185622
2023-06-17 10:00:00,0.814546445608139,0.4141308628022671,0.6511380227655171,0.5469782805442809,0.5483536419272421
2023-06-17 11:00:00,0.6809163136780261,0.32989142313599584,0.5022241166979075,0.4442227220535278,0.4105407737195491
2023-06-17 12:00:00,0.6042896664142607,0.2971616180241108,0.39472652144730086,0.3006761617213487,0.3081947926431894
2023-06-17 13:00:00,0.569728956222534,0.305121908634901,0.333280001282692,0.21999638170003888,0.25087933607399465
2023-06-17 14:00:00,0.636399404555559,0.3990338975191116,0.36948853515088553,0.22122768864035608,0.27665629789233204
2023-06-17 15:00:00,0.5435109889507292,0.311889556646347,0.27800927661359304,0.11870885863900184,0.1899667291343212
2023-06-17 16:00:00,0.5660841023921965,0.33766513735055925,0.3137544491887092,0.1390665407478809,0.22497514564543958
2023-06-17 17:00:00,0.3707044601440429,0.21098424836993213,0.194841921813786,0.09196406990289688,0.12768400277942418
2023-06-17 18:00:00,0.1671140858530998,0.10503203935921192,0.10263738121837376,0.07505085468292236,0.07878466002643109
2023-06-17 19:00:00,0.19885804444551464,0.13020913302898407,0.14434868358075617,0.08951274659484625,0.11991270326077938
2023-06-17 20:00:00,0.4399358904361725,0.24621871605515477,0.31674490891397,0.14310960639268158,0.26038148723542687
2023-06-17 21:00:00,0.5526470398902892,0.4123585367202759,0.4631486862897873,0.23185989931225773,0.401741901487112
2023-06-17 22:00:00,0.6212693905830382,0.61948106944561,0.5262027209997177,0.3184691460430622,0.47631956696510314
2023-06-17 23:00:00,0.6593282683193682,0.704800467789173,0.5564050096273422,0.37470451042056085,0.5002759915590286
2023-06-18 00:00:00,0.6684890246391295,0.7282843707501887,0.5838882482051848,0.4469678145647048,0.5321232682466507
2023-06-18 01:00:00,0.7124571508169173,0.7511239393055438,0.6481372395902871,0.4953835427761077,0.6017881041765212
2023-06-18 02:00:00,0.7609222328662871,0.7468773885071277,0.7072488921135662,0.48241772651672354,0.6585902924090623
2023-06-18 03:00:00,0.6642428404092787,0.59691788315773,0.6424725214391945,0.34450475856661794,0.6055866038799285
2023-06-18 04:00:00,0.5883929288387297,0.4585122036933899,0.5485578781366347,0.26074779056012626,0.5005472064018249
2023-06-18 05:00:00,0.5531876838207244,0.4948814368247985,0.48468311131000513,0.2308171861618757,0.4292816625535487
2023-06-18 06:00:00,0.5680743014812468,0.5444178068637847,0.4532850670814514,0.2174825908616185,0.3882793925702571
2023-06-18 07:00:00,0.572996870279312,0.4746140754222869,0.4174182403087615,0.17509519856423136,0.34260231912136074
2023-06-18 08:00:00,0.5999317920207976,0.4081438194215298,0.4013134855031967,0.13430467180907724,0.30969970211386677
2023-06-18 09:00:00,0.623470947742462,0.35368674620985985,0.39979168049991126,0.1097145728766918,0.29587562061846256
2023-06-18 10:00:00,0.6007785654067992,0.28091382354497907,0.3760718503594398,0.09685851655900476,0.26904457099735735
2023-06-18 11:00:00,0.5637534415721892,0.21767918989062307,0.3607388523221015,0.09456648787483572,0.2576972658932209
2023-06-18 12:00:00,0.5260890913009643,0.19547047749161717,0.3474357015639543,0.08555345244705677,0.2514803569763899
2023-06-18 13:00:00,0.4599048638343811,0.19526387721300123,0.3081875593215227,0.06927194669842719,0.22632839053869247
2023-06-18 14:00:00,0.44128223061561583,0.18556532248854635,0.30077591970562934,0.06631675116717815,0.22486903473734854
2023-06-18 15:00:00,0.2544823515415191,0.05371975377202034,0.1295287238061428,0.02263615056872368,0.08309571634978055
2023-06-18 16:00:00,0.16140157312154768,0.05114283591508865,0.07039905194193125,0.002589886337518692,0.046428178586065766
2023-06-18 17:00:00,0.1175444108992815,0.0488177390396595,0.04954552441835404,0.0015448080748319626,0.027624111697077753
2023-06-18 18:00:00,0.009268612787127494,0.0017683584243059157,0.0034336880408227448,0.0001075018011033535,0.001960320509970188
2023-06-18 19:00:00,0.005452970415353775,0.0001602230221033096,0.00128782344982028,0.00014558002352714537,0.00017432922497391697
2023-06-18 20:00:00,0.00471958752721548,0.0020728548243641853,0.0008630843833088874,0.0,0.0
2023-06-18 21:00:00,0.0,0.0,0.0,0.003271837756037712,0.0
2023-06-18 22:00:00,0.0,0.0017702185735106466,0.00034291692078113555,0.004681089036166668,0.0014240487478673458
2023-06-18 23:00:00,0.00046247284859418864,0.015459009557962419,0.0016277899220585822,0.001289740577340126,0.002719248104840517
2023-06-19 00:00:00,7.166329771280288e-05,0.02796612486243248,0.0,0.0,4.836473613977432e-05
2023-06-19 01:00:00,0.00043627567589282984,0.07267258152365684,0.0,0.0,0.0
2023-06-19 02:00:00,0.0014804919809103011,0.11408981904387472,0.0,9.931620210409164e-05,0.0
2023-06-19 03:00:00,0.0013215379044413565,0.10919317826628684,0.0,0.0006121728755533695,0.0
2023-06-19 04:00:00,0.019959460347890857,0.133386218175292,0.001218719035387039,0.0013409490883350371,0.000562934186309576
2023-06-19 05:00:00,0.06829456437379121,0.16059205278754232,0.03397200273349881,0.009735713172703983,0.032589146383106705
2023-06-19 06:00:00,0.12564405858516692,0.13332881584763526,0.1030170335434377,0.032359786406159406,0.09741324516013264
2023-06-19 07:00:00,0.1445212188363075,0.08305685304105281,0.136879958063364,0.04930699981749058,0.1519113751500845
2023-06-19 08:00:00,0.15046743892133235,0.08733288079500198,0.15266260918229818,0.06881776235997676,0.18648255169391634
2023-06-19 09:00:00,0.13525194525718687,0.10312432982027529,0.1619798424094915,0.1380260698497295,0.21132463347166774
2023-06-19 10:00:00,0.12209786437451839,0.14165645763278006,0.1828955395147204,0.19535236489027735,0.23543076317757367
2023-06-19 11:00:00,0.1437733931839466,0.253547418564558,0.20480326771736143,0.19030781421810386,0.2568535952270031
2023-06-19 12:00:00,0.19636320739984509,0.37947436422109604,0.23870167098939415,0.18760702282190322,0.2739883133769035
2023-06-19 13:00:00,0.21068134814500805,0.3884675598144531,0.26366036556661127,0.1836812954396009,0.2982180728763342
2023-06-19 14:00:00,0.19303296357393263,0.38455795288085937,0.28648618131875986,0.24273736745119096,0.32266286656260484
2023-06-19 15:00:00,0.08266060166060925,0.25869264692068095,0.1985470190644264,0.24735246222466228,0.253243790641427
2023-06-19 16:00:00,0.06603890888392926,0.13421550318598746,0.1937757698073983,0.3217375516891479,0.23833017021417613
2023-06-19 17:00:00,0.07930811151862144,0.07387016952037812,0.17953738782554862,0.310856268107891,0.20559884615242477
2023-06-19 18:00:00,0.07834477752447128,0.006924482099711894,0.11269270170480011,0.19381535336375233,0.11129292786121367
2023-06-19 19:00:00,0.16604819938540455,0.04196177646517754,0.1993130443245172,0.20351189032196995,0.18119306799024343
2023-06-19 20:00:00,0.2465565240383148,0.10107721537351608,0.2772070165723562,0.24206598490476605,0.25738563261926173
2023-06-19 21:00:00,0.35093391016125675,0.15136349409818645,0.36704148173332213,0.26883698616176843,0.33697167597711086
2023-06-19 22:00:00,0.43506287336349486,0.19555640116333958,0.4483922964334488,0.2965452568978071,0.4105624517798423
2023-06-19 23:00:00,0.5059136199951171,0.2506612837314605,0.5128723496198653,0.28851408377289767,0.45444266676902767
2023-06-20 00:00:00,0.521503187417984,0.29448884293436994,0.5063631081581115,0.25770377628505226,0.43625334858894343
2023-06-20 01:00:00,0.4437158620357513,0.27474113747477524,0.46374329686164856,0.2705744735151529,0.41163913607597347
2023-06-20 02:00:00,0.35910408854484555,0.2585973387956619,0.451350073814392,0.3206898026168346,0.45237367868423456
2023-06-20 03:00:00,0.35149493768811224,0.24073324859142298,0.449991483092308,0.33836196586489675,0.440857258439064
2023-06-20 04:00:00,0.40269454956054684,0.32542925298213954,0.4651794064044951,0.3300074036046862,0.447370314002037
2023-06-20 05:00:00,0.4431772458553314,0.4065591049194336,0.5109944796562194,0.4099472120404243,0.5051633682101965
2023-06-20 06:00:00,0.5080618667602539,0.4587550938129425,0.5779375886917113,0.5424073561280964,0.5741867220401763
2023-06-20 07:00:00,0.6304055383801459,0.5304806387424468,0.676723533347249,0.7246004151552915,0.6546935338526964
2023-06-20 08:00:00,0.6941670021414756,0.5508564865589141,0.7562649002671241,0.8001283806562423,0.7189912105351686
2023-06-20 09:00:00,0.7694780184328556,0.6050274527072905,0.8229406322538853,0.8199416778236627,0.780537717193365
2023-06-20 10:00:00,0.8558424164354801,0.650873522311449,0.9099152287095784,0.8699801881611346,0.872653673365712
2023-06-20 11:00:00,0.92133459597826,0.7362218229472636,0.972530012652278,0.9561138914525509,0.9579052890837192
2023-06-20 12:00:00,0.9434491434693335,0.8172639669477939,0.9901600936055183,0.9923913262784481,0.988328759074211
2023-06-20 13:00:00,0.9355765581130981,0.8229793679714202,0.9903330375254153,0.9967276231944561,0.9937595264613628
2023-06-20 14:00:00,0.9145068787038326,0.7706453691422939,0.9866465817391872,0.9959636817872524,0.9903366853296757
2023-06-20 15:00:00,0.8371938624978065,0.7017555792629717,0.9620989925414324,0.9949818068742752,0.9785938162356614
2023-06-20 16:00:00,0.8082920889556408,0.6524626916646956,0.9478383219242096,0.9944990655779838,0.9672608976066113
2023-06-20 17:00:00,0.643456690609455,0.4940769040584563,0.8854161947965621,0.98999103307724,0.9343932325392961
2023-06-20 18:00:00,0.5803751733899116,0.38326410010457035,0.7802966400980949,0.9493618690222503,0.7872544609755278
2023-06-20 19:00:00,0.6517025469243525,0.4911706805229186,0.797797199115157,0.8769839692115784,0.7935030680894851
2023-06-20 20:00:00,0.6859459048509597,0.5159530341625214,0.7958433822542428,0.7537116062641143,0.7751156938076018
2023-06-20 21:00:00,0.6892498737573622,0.508271164894104,0.7752307179570198,0.6440199728310108,0.7384490600973366
2023-06-20 22:00:00,0.683058459162712,0.49231818079948425,0.7529190821945667,0.5523384518921375,0.7076852174848317
2023-06-20 23:00:00,0.6573588444292545,0.45741031169891355,0.7285634177178144,0.48515429012477396,0.6759627535939216
2023-06-21 00:00:00,0.638367605060339,0.399698371887207,0.6807550299912691,0.4115468932688236,0.6177629689127206
2023-06-21 01:00:00,0.5679951237142086,0.33139058336615557,0.5873755269497632,0.3351514023542404,0.5263253550976514
2023-06-21 02:00:00,0.49604600429534906,0.30243004381656646,0.5116390150785445,0.2889619939401746,0.46757028743624685
2023-06-21 03:00:00,0.4984544312953948,0.37919860839843744,0.5633671355247496,0.3814439503103494,0.5350223878026008
2023-06-21 04:00:00,0.37061393737792964,0.3608418273925781,0.44369378447532654,0.4156180677562952,0.44255797207355496
2023-06-21 05:00:00,0.34841766357421866,0.3926489639282226,0.4314170724153519,0.5620637094974518,0.4324291324615478
2023-06-21 06:00:00,0.36559753417968743,0.3803002548217773,0.4690417528152465,0.7134765201807022,0.46510012447834015
2023-06-21 07:00:00,0.3893497085571289,0.3805435180664062,0.49981180310249324,0.7772663357853888,0.5015723960101605
2023-06-21 08:00:00,0.4135338973999023,0.3493687438964843,0.5192739456892013,0.750861780643463,0.5159088337421417
2023-06-21 09:00:00,0.4800780951976776,0.34259430304169647,0.5905365633219479,0.7708230195194482,0.5712451998144388
2023-06-21 10:00:00,0.5807989692687987,0.3995459365844726,0.6958980804681777,0.8121625195443629,0.6710215836018323
2023-06-21 11:00:00,0.6612174978852271,0.44684801578521727,0.7786226899176836,0.8476697979867458,0.7520188126713037
2023-06-21 12:00:00,0.6992461337149143,0.48417810559272767,0.8160494727641344,0.8759820713847875,0.7970159334689377
2023-06-21 13:00:00,0.632290852665901,0.4270669841766357,0.7731306339800358,0.8136638741195201,0.7545605219155549
2023-06-21 14:00:00,0.5466075098514556,0.33943105980753896,0.7103600556403398,0.7451522711664438,0.7020293424278496
2023-06-21 15:00:00,0.387374267578125,0.25191245526075356,0.6026497811079025,0.7027303472161293,0.6153190700709819
2023-06-21 16:00:00,0.3879665374755859,0.22479498431086536,0.5417624104022979,0.6080070646852254,0.5381629383563995
2023-06-21 17:00:00,0.31642770066857334,0.17514595538377759,0.41287162780761716,0.4660756158828735,0.3934536361694336
2023-06-21 18:00:00,0.19614859417080877,0.10834996439516544,0.22371607489883896,0.2826646683365106,0.21063862636685368
2023-06-21 19:00:00,0.2934817679226398,0.22490117132663723,0.2984688711166381,0.2644410727918148,0.2741610670834779
2023-06-21 20:00:00,0.4858058476448059,0.4087907791137695,0.5541764354705809,0.3695381972938775,0.522250056862831
2023-06-21 21:00:00,0.6119838653504848,0.4295275807380676,0.7055047830939292,0.4288934057205915,0.6754015410691498
2023-06-21 22:00:00,0.6941176062822341,0.4363004267215729,0.7796122457087039,0.4538724528998137,0.7429209851473569
2023-06-21 23:00:00,0.7665257541835307,0.533399418592453,0.7746220730990171,0.43094843033701186,0.7153215283900498
2023-06-22 00:00:00,0.7176178945600986,0.562560931444168,0.7526347689330577,0.4376176135987043,0.7242272993922233
2023-06-22 01:00:00,0.6659193164110182,0.5224408066272734,0.7159516198933124,0.4517525643110275,0.7131203940510749
2023-06-22 02:00:00,0.5374894297122954,0.3999311828613281,0.6132763130962847,0.4259192561358213,0.6500594439357519
2023-06-22 03:00:00,0.38771670430898664,0.24862622231245038,0.545069730207324,0.4103114936500788,0.5810804490000009
2023-06-22 04:00:00,0.2407495458424091,0.1383568887412548,0.3840856700390577,0.37008048299700014,0.41793802194297314
2023-06-22 05:00:00,0.17636671334505077,0.11367005482316014,0.290398573577404,0.424791987016797,0.3472842728346586
2023-06-22 06:00:00,0.20318186119198794,0.16110066190361977,0.29268335610628127,0.5350829157978296,0.34009388655424116
2023-06-22 07:00:00,0.29404191583395,0.18158736750483512,0.3709157375246286,0.6481142221391201,0.3840171466767787
2023-06-22 08:00:00,0.3660890388488769,0.167205808609724,0.4727837914228439,0.7201383649557829,0.45854777954518794
2023-06-22 09:00:00,0.38451583862304684,0.15829826936125752,0.5436877858638762,0.7628283498436211,0.5311574901640415
2023-06-22 10:00:00,0.37419619053602216,0.15592442363500592,0.5535818818956613,0.8033817772567271,0.5477251030504703
2023-06-22 11:00:00,0.3776279832422733,0.18419938832521437,0.559630555063486,0.8298768883198498,0.5614842178672551
2023-06-22 12:00:00,0.37385495364665977,0.2510938227176666,0.5613530076295137,0.8303157728165387,0.5723328756541013
2023-06-22 13:00:00,0.3508005444705486,0.3083941267430782,0.5470508919656276,0.8128150551766157,0.5530466770380735
2023-06-22 14:00:00,0.30660657197237007,0.3764132308959961,0.5073060660809278,0.7861128593981265,0.5159283179044722
2023-06-22 15:00:00,0.23337585821747778,0.44663714766502377,0.3801050408184528,0.6228966551274061,0.40012788526713844
2023-06-22 16:00:00,0.06700376950204372,0.2942419362068176,0.18208539605140683,0.4384925392270088,0.21690866380929943
2023-06-22 17:00:00,0.01679131053388119,0.12912781968712805,0.06874375440180301,0.2837660562992096,0.08919266946613787
2023-06-22 18:00:00,0.002875311709940433,0.01588004603981972,0.008023756742477416,0.11060326732695101,0.014507030714303254
2023-06-22 19:00:00,0.07514891743659972,0.06835256397724152,0.036941779199987645,0.020624394230544567,0.031278205756098035
2023-06-22 20:00:00,0.35493559658527374,0.30203164279460903,0.36305646330118174,0.11709510810673236,0.322652582526207
2023-06-22 21:00:00,0.5942632114887236,0.4426438522338867,0.5920751100778578,0.2394639370217919,0.5125037866830825
2023-06-22 22:00:00,0.7409140771627425,0.5476797676086425,0.6930620445311068,0.27332111872732634,0.6201097941398619
2023-06-22 23:00:00,0.7004821187257766,0.5371309077739715,0.6841775434464216,0.31975430354475975,0.6113067021965979
2023-06-23 00:00:00,0.6440467214584349,0.4305055618286132,0.6169618694484232,0.29627598587423554,0.5560838437080382
2023-06-23 01:00:00,0.5955383336544036,0.4033826446533203,0.5752901457995175,0.3399789683893323,0.5372448307275771
2023-06-23 02:00:00,0.47656184792518613,0.31053544953465456,0.464651836156845,0.34862410806119437,0.43059900820255276
2023-06-23 03:00:00,0.353719253540039,0.2935399809479713,0.4168405312299728,0.4481538105756044,0.39151704207062715
2023-06-23 04:00:00,0.33854161813855166,0.32187161996960634,0.40763258993625634,0.3435636304318905,0.401984538808465
2023-06-23 05:00:00,0.2919858686625957,0.3903783798217773,0.4650934741646051,0.3229744072258472,0.49516241908073416
2023-06-23 06:00:00,0.19360869377851483,0.3343554353713989,0.3564026059955358,0.30530708927661176,0.3920395905524492
2023-06-23 07:00:00,0.2505157332122325,0.3484054183959961,0.3424303727596998,0.3452520155906677,0.3615281665325165
2023-06-23 08:00:00,0.2758006854355335,0.26946485206484794,0.3531656891107559,0.4336152315139771,0.3444844605028629
2023-06-23 09:00:00,0.3789385604858398,0.3262808609008788,0.4425577610731124,0.47512034952640536,0.4165074634552002
2023-06-23 10:00:00,0.3975267791748046,0.36208431243896483,0.47592549800872797,0.46353866159915924,0.4463149493932724
2023-06-23 11:00:00,0.3366160202026367,0.31281932696700093,0.4059353637695312,0.3320168882608413,0.37328626260161396
2023-06-23 12:00:00,0.23140892744064329,0.22740495085716245,0.28412903018295765,0.2136224591732025,0.26547055296599864
2023-06-23 13:00:00,0.11250434085726738,0.09755072616040705,0.15829993315041063,0.13707232411950826,0.15882661938667297
2023-06-23 14:00:00,0.05010375127196312,0.017807589173316957,0.08930145137012004,0.09280693560838699,0.08968937564641237
2023-06-23 15:00:00,0.06722123056650162,0.052267458066344266,0.11027797505259514,0.14224437803030013,0.12149867799133061
2023-06-23 16:00:00,0.11175175696611403,0.10175765395164489,0.14611477009952067,0.14328510366380212,0.141870352961123
2023-06-23 17:00:00,0.11915435299277305,0.10195733472704886,0.12019988723099231,0.059143577739596366,0.09597532268613576
2023-06-23 18:00:00,0.0376639648526907,0.012222445346415044,0.02455764938145876,0.0026211044564843173,0.014686771575361492
2023-06-23 19:00:00,0.022219918072223663,0.005550740920007229,0.009490418154746294,0.0,0.002692797742784023
2023-06-23 20:00:00,0.0210999133810401,0.006296328529715537,0.010287142284214498,0.0,0.00330137113109231
2023-06-23 21:00:00,0.06482338719069958,0.03793413504958153,0.02816893251612782,0.0011278000660240649,0.011702662445604802
2023-06-23 22:00:00,0.11864890247583389,0.09818484410643577,0.060672100149095055,0.006958956886082888,0.033037993162870406
2023-06-23 23:00:00,0.16503502309322354,0.1280078139901161,0.11120161451399327,0.040057201869785786,0.09028779409825802
2023-06-24 00:00:00,0.1919673356413841,0.12193812742829321,0.15117530107498167,0.04770839840173722,0.13012675754725933
2023-06-24 01:00:00,0.21807622149586675,0.11584292486310004,0.13507976543158293,0.0492988820374012,0.09851697016507387
2023-06-24 02:00:00,0.1682595011591911,0.07676181502640247,0.10144794516265392,0.07884975600987673,0.07215715950354934
2023-06-24 03:00:00,0.06410175301134587,0.047570287287235266,0.09853919185698032,0.09821574442088603,0.06039907481521368
2023-06-24 04:00:00,0.001278424598276615,0.010660157352685929,0.006801253203302621,0.03379757421091199,0.009047317244112492
2023-06-24 05:00:00,0.0015538740530610085,0.003233302608132362,0.01635665483772755,0.029289860501885413,0.010599189922213554
2023-06-24 06:00:00,0.0045340112969279285,0.01130635429173708,0.005306997112929821,0.007400443498045206,0.0038930005393922325
2023-06-24 07:00:00,0.0,0.002287598811089992,0.0,0.00022364160045981401,0.0
2023-06-24 08:00:00,0.0,0.0,0.0,0.0,0.0
2023-06-24 09:00:00,0.0,0.0,0.0,0.0,0.0
2023-06-24 10:00:00,0.005161330550909042,0.0,0.002567753046751022,0.012568249069154262,0.0019978533685207365
2023-06-24 11:00:00,0.05788486957550049,0.053227417171001434,0.04902965534478426,0.0706116944923997,0.03954470332711935
2023-06-24 12:00:00,0.217191077619791,0.0949687384068966,0.15353084474802015,0.11707256615161896,0.10608963303267954
2023-06-24 13:00:00,0.16978198707103725,0.12130374401807784,0.15172970123589039,0.13533193632960316,0.12399041645228862
2023-06-24 14:00:00,0.11714229092001914,0.07216048993170261,0.10386228688061237,0.08547441996634006,0.08405473172664642
2023-06-24 15:00:00,0.05643502667546273,0.04416987210512162,0.025505964979529384,0.06213461752980948,0.012940566893666981
2023-06-24 16:00:00,0.08849910743534564,0.011884028390049935,0.02965853145346046,0.01993557892739773,0.01664704425260425
2023-06-24 17:00:00,0.06289603620767593,0.006702946424484252,0.029297744706273075,0.006972302682697772,0.019466850068420173
2023-06-24 18:00:00,0.04149584412574768,0.005479260124266147,0.03586814641952515,0.011802639048546554,0.019795415531843902
2023-06-24 19:00:00,0.010911812968552112,0.0020547537133097644,0.006941046696156264,0.0030581546947360035,0.0037722159363329406
2023-06-24 20:00:00,0.0006416597962379455,0.003239275477826595,1.6238819807767867e-05,0.0010083880834281444,0.0009046974033117294
2023-06-24 21:00:00,0.0012591616436839102,0.005424639768898487,0.0,0.041038330886513,0.0010204400680959224
2023-06-24 22:00:00,0.0005526759475469588,0.022602537870407106,0.0033143775351345537,0.10153033424168824,0.010622966960072519
2023-06-24 23:00:00,0.0034395983815193173,0.06429156087338925,0.044469715319573874,0.15478032756596802,0.055463065225631
2023-06-25 00:00:00,0.04377199038863182,0.15132313445210455,0.11816165275871751,0.12944130524992942,0.1180356964841485
2023-06-25 01:00:00,0.08010439962148666,0.14815442249178884,0.11497154355049131,0.05596686547622084,0.13216921225190162
2023-06-25 02:00:00,0.06930453129112721,0.10569297604262828,0.10964550182223318,0.06368206286802888,0.12286054909229277
2023-06-25 03:00:00,0.08895667843520641,0.17157227769494054,0.13943733625113963,0.059385131672024714,0.13235584296286104
2023-06-25 04:00:00,0.03372159227728844,0.04051466882228852,0.044321533665061,0.021122343987226486,0.04276035379618407
2023-06-25 05:00:00,0.029909211695194247,0.10101393066346645,0.05571161948144436,0.03062628680840135,0.060750155933201315
2023-06-25 06:00:00,0.060402935445308684,0.11123630680143831,0.053272559605538845,0.02415906386449933,0.041417177952826026
2023-06-25 07:00:00,0.09581001341342925,0.09708809226751326,0.06355620838701725,0.023275176435708998,0.04220906123518944
2023-06-25 08:00:00,0.08261231310665608,0.07376164689660072,0.05368376933038235,0.020713471807539467,0.03238859385251999
2023-06-25 09:00:00,0.07699788838624955,0.10312714375555515,0.050676967538893225,0.024930771179497244,0.03702336128801107
2023-06-25 10:00:00,0.1270151074230671,0.09905434936285018,0.06788553673774003,0.033569554071873425,0.045998602285981176
2023-06-25 11:00:00,0.1260536476969719,0.059712964445352554,0.054524906612932675,0.022459726464003328,0.02623184831812978
2023-06-25 12:00:00,0.12200694501399993,0.038772193640470506,0.046002252399921416,0.014001579284667968,0.014460265561938287
2023-06-25 13:00:00,0.07505842536687851,0.010965916067361832,0.0322132265008986,0.009160638898611068,0.011689397431910038
2023-06-25 14:00:00,0.033952226340770726,0.0010207995027303695,0.01378222469240427,0.005926328748464584,0.005322999544441699
2023-06-25 15:00:00,0.00014335229992866515,0.0,0.0037222166359424593,0.009350088909268379,0.006806256975978613
2023-06-25 16:00:00,0.00021796219050884246,0.0018952444195747375,0.01517052995041013,0.03664312575012446,0.023464900199323895
2023-06-25 17:00:00,0.006475368738174439,0.020617458038032055,0.06924874885007738,0.10624258801341055,0.08218825485557318
2023-06-25 18:00:00,0.00013693131506443021,0.0025997611507773397,0.012231427486985922,0.058637336343526844,0.012640833370387556
2023-06-25 19:00:00,0.002495414577424526,0.0034265687689185136,0.012764351684600115,0.07050348751246929,0.015556589998304844
2023-06-25 20:00:00,0.009285997301340103,0.00953117188066244,0.032921832613646985,0.11597159296274184,0.03499518312513829
2023-06-25 21:00:00,0.0719122227281332,0.0561674627661705,0.12439004287123678,0.17626184001564976,0.12646909780800342
2023-06-25 22:00:00,0.20171395674347875,0.1301488350331783,0.2356183362007141,0.19425887823104857,0.22540767706930634
2023-06-25 23:00:00,0.270559457540512,0.15484548836946485,0.2788310208171606,0.22785630643367763,0.26398253545165057
2023-06-26 00:00:00,0.28854411393404,0.1957201968133449,0.28153838261961933,0.28889202281832693,0.2848254570364952
2023-06-26 01:00:00,0.2613557238876819,0.21229970589280125,0.3107387102395296,0.3844200891256332,0.3166843875497579
2023-06-26 02:00:00,0.2729923743009567,0.2385138691961765,0.3502911055088043,0.4618765985965728,0.3301621582359075
2023-06-26 03:00:00,0.17130962044000625,0.04126273352652788,0.11622588712722062,0.10578183367848396,0.08276361100375654
2023-06-26 04:00:00,0.031394377648830414,0.16540030136704442,0.07199622105807064,0.26932493083178993,0.0716074482537806
2023-06-26 05:00:00,0.26187065809965127,0.3845325088500976,0.4118541868776083,0.6366571205109357,0.4282708537578582
2023-06-26 06:00:00,0.8834739668667315,0.9011958257853985,0.9261807466298341,0.9112788150459528,0.8980855644494294
2023-06-26 07:00:00,0.9442206095159054,0.9924318093061446,0.9101286373287439,0.7823948934674262,0.8580919305235146
2023-06-26 08:00:00,0.8467030254006385,0.9865684047341347,0.9167025975883006,0.8223328954726457,0.9150077597796916
2023-06-26 09:00:00,0.8324617779254913,0.9871079149842261,0.8896209079027175,0.7641879022866486,0.8755346998572349
2023-06-26 10:00:00,0.6190052984654904,0.9391180057823657,0.7313910870254039,0.6867969768494366,0.7416636960953473
2023-06-26 11:00:00,0.4037264323234558,0.8088187260925769,0.5401167517900466,0.6207838697731494,0.5680355758219956
2023-06-26 12:00:00,0.3691957256197929,0.7056578463315963,0.49136873051524155,0.6422210688143968,0.5138756603002548
2023-06-26 13:00:00,0.3941036224365234,0.6452557957172392,0.500380567908287,0.6529290425032376,0.5238224583864212
2023-06-26 14:00:00,0.3850902557373047,0.524314866065979,0.4410539454221726,0.49841227471828453,0.44426450192928313
2023-06-26 15:00:00,0.204105529487133,0.3586310195922851,0.4015061728656292,0.5480962252616881,0.44246185101568697
2023-06-26 16:00:00,0.35998013243079185,0.6029812848567961,0.5044197290390728,0.6259306541085242,0.565570258796215
2023-06-26 17:00:00,0.34960282459855074,0.5983239865303038,0.41444932289421554,0.5495105235278606,0.4554052248597145
2023-06-26 18:00:00,0.40781625658273696,0.5093514478206634,0.3680400975048541,0.6207053870707749,0.36490537345409385
2023-06-26 19:00:00,0.19933317109942433,0.3038759814202785,0.24214672058820721,0.5925603620707989,0.24567350707948205
2023-06-26 20:00:00,0.13142054155468938,0.18192390263080593,0.14389172323048113,0.3313053487986326,0.13577718064188957
2023-06-26 21:00:00,0.16077460005879401,0.15557112500071524,0.2055331595242023,0.29414686575531956,0.19278401531279085
2023-06-26 22:00:00,0.1693032649159431,0.12637154370546338,0.3097276310622692,0.40274497345089905,0.34653437845408913
2023-06-26 23:00:00,0.2372822834551334,0.2771909396350383,0.4985258184373378,0.39950258947908873,0.5860620665550231
2023-06-27 00:00:00,0.4009416297078132,0.4612021791934967,0.5426235353946686,0.2473288183286786,0.5336104631423949
2023-06-27 01:00:00,0.33985661745071405,0.4090242004394531,0.2740978433191776,0.191354088075459,0.24433568261563776
2023-06-27 02:00:00,0.192110271602869,0.22770249396562572,0.20938240155577656,0.16830264452844856,0.19123279694467782
2023-06-27 03:00:00,0.12490802459418773,0.042430212423205375,0.10942488666623831,0.02925742007791996,0.08509371265769004
2023-06-27 04:00:00,0.20563015937805174,0.11470522567629814,0.09536950703710316,0.001246951576322317,0.06741430761292577
2023-06-27 05:00:00,0.15832817673683164,0.14282075926661492,0.09713625133037568,0.027901630830019713,0.11277294896543026
2023-06-27 06:00:00,0.08667189568281172,0.023380952775478366,0.07527812913060188,0.04171408392488957,0.10304522708058356
2023-06-27 07:00:00,0.10808736748993396,0.051712138056755064,0.04833441391587258,0.005472184401005506,0.05691114639863371
2023-06-27 08:00:00,0.2187934997677803,0.24244599416851992,0.1148155304417014,0.010978717748075724,0.08615493889898061
2023-06-27 09:00:00,0.16153146997094153,0.2778270116448402,0.10887654494494199,0.02022334359586239,0.08510498896241188
2023-06-27 10:00:00,0.11929745741188524,0.12928738512098786,0.05478936661034822,0.03404824964702129,0.029600826483219864
2023-06-27 11:00:00,0.05523298136889934,0.04087675765156746,0.015461939722299575,0.11973003849387168,0.004884163122624159
2023-06-27 12:00:00,0.009389816299080849,0.044405022636055946,0.0014384865388274194,0.11579209689050911,0.0
2023-06-27 13:00:00,0.0017635919526219367,0.022334669716656208,0.0010192889347672462,0.11263770215213298,0.0
2023-06-27 14:00:00,0.0,0.002351381108164787,0.008768983427435161,0.1410383556783199,0.005811549443751573
2023-06-27 15:00:00,0.0025385278835892673,0.011439027599990369,0.07659100996330381,0.3125828146189451,0.09336799461394547
2023-06-27 16:00:00,0.02842396050691605,0.00047547332942485807,0.0764872419834137,0.29541138797998423,0.08865155424922705
2023-06-27 17:00:00,0.029653295725584033,0.017959659546613695,0.12047030065208673,0.29755173303186894,0.1474413181841373
2023-06-27 18:00:00,0.02724753841757775,0.014596266187727452,0.1234186939150095,0.31719676703214644,0.152065019197762
2023-06-27 19:00:00,0.05333351202309131,0.014490427300333977,0.1307173715159297,0.49632161207497116,0.1540591565147042
2023-06-27 20:00:00,0.09031481929123401,0.03832834035158157,0.10678367156535387,0.6438700779527424,0.1105295080319047
2023-06-27 21:00:00,0.0958566129952669,0.05881269104778767,0.11066528785973787,0.6721353840082884,0.10825861148536203
2023-06-27 22:00:00,0.13205939576029777,0.12753113329410554,0.19241653166711328,0.7212457921355963,0.19876007854938504
2023-06-27 23:00:00,0.17014058977365493,0.2738772098720073,0.31437034554779525,0.8168055652827024,0.32317908637225623
2023-06-28 00:00:00,0.35128734588623045,0.5870952761173247,0.5444658064842223,0.9090888476371765,0.5311136579513549
2023-06-28 01:00:00,0.6530190637707709,0.8518964612483978,0.7899956553429364,0.9520187555998564,0.7969477239996194
2023-06-28 02:00:00,0.9586735787987708,0.9724408692121504,0.9211229202151298,0.9571475211530924,0.8728631271421908
2023-06-28 03:00:00,0.7902132017910479,0.930247157216072,0.7554539109021424,0.8492056795954703,0.7496383905410766
2023-06-28 04:00:00,0.7947892779111861,0.9011750315129756,0.7347528271377086,0.8312515249848366,0.7015908075869082
2023-06-28 05:00:00,0.7574041283130645,0.8781988705694674,0.617591985464096,0.7087439876049757,0.5670984148234128
2023-06-28 06:00:00,0.7225607959926128,0.8773590764403343,0.6126496376842259,0.7710120856761931,0.5945607765018939
2023-06-28 07:00:00,0.8113230703771114,0.9608559130132197,0.7025558406859636,0.7920402165502309,0.6774874316900967
2023-06-28 08:00:00,0.8096275886893272,0.9821841543912887,0.7519085972011089,0.7562420615553855,0.780578805282712
2023-06-28 09:00:00,0.7948699912428856,0.977219052016735,0.8214074793457986,0.7945363818854093,0.8059055390208959
2023-06-28 10:00:00,0.9107313740253448,0.986852629482746,0.8963238412886858,0.8093044544756411,0.8728490824997425
2023-06-28 11:00:00,0.9013063102960586,0.9549608747661112,0.9130085261166097,0.8351028901338576,0.8636171063035726
2023-06-28 12:00:00,0.9391447360813617,0.9169380696117877,0.8806144844740629,0.8099177689105271,0.8207999323308467
2023-06-28 13:00:00,0.9408271072804927,0.9155464281141757,0.8228485757112503,0.7356813399493694,0.7725867266207933
2023-06-28 14:00:00,0.9369334718585014,0.913780615478754,0.8624302154779435,0.6996638847887515,0.7962956761568785
2023-06-28 15:00:00,0.8463072894513606,0.8431957426667214,0.7422501322627068,0.604766143336892,0.6867947897315025
2023-06-28 16:00:00,0.7828636328876017,0.7857156397402285,0.6344137924164532,0.4349820566177368,0.5385874998569488
2023-06-28 17:00:00,0.9803790688514709,0.7767139342427253,0.8806919904053212,0.5314713149517775,0.7747819826006889
2023-06-28 18:00:00,0.9076638005673885,0.6626921071112155,0.8005115104466675,0.45118891999125477,0.7088117612898349
2023-06-28 19:00:00,0.7859963527321815,0.5450317874550819,0.6767050424963235,0.3501720317453145,0.5932951292395591
2023-06-28 20:00:00,0.7402975222468375,0.516447662115097,0.6453876434266566,0.4086033745855092,0.5567582244426011
2023-06-28 21:00:00,0.8090533255040645,0.7019361285865306,0.6445632508397101,0.3695478475093841,0.5481438893079758
2023-06-28 22:00:00,0.5260312116146088,0.4603341686725616,0.43627058327198026,0.3002012442052364,0.3657421112060546
2023-06-28 23:00:00,0.33778400421142574,0.3583433443307876,0.28083685599267477,0.2370720102638006,0.24649885810911654
2023-06-29 00:00:00,0.2811626158654689,0.33586352214217186,0.22902382291853424,0.2439808283746242,0.20339818120002745
2023-06-29 01:00:00,0.26009862869977945,0.32074380099773403,0.2496935065090656,0.30828720986843106,0.23273756124079226
2023-06-29 02:00:00,0.2631618329882621,0.31538496583700176,0.3031280458718538,0.34320151500403884,0.304152233377099
2023-06-29 03:00:00,0.158717727959156,0.18758655056357382,0.16661914706230163,0.14765558693557976,0.17366639018058774
2023-06-29 04:00:00,0.21678778678178784,0.20441438362002368,0.23425393536686895,0.13107391022145748,0.24151185549795623
2023-06-29 05:00:00,0.2534036499261856,0.17930882453918456,0.22338164560496804,0.07758793704211711,0.21046797066926953
2023-06-29 06:00:00,0.3274064636230468,0.2564540728926658,0.2600698035210371,0.08557669311761854,0.22937975004315372
2023-06-29 07:00:00,0.3869011306762695,0.25640829190611836,0.26915419526398177,0.07725878775119781,0.22256823420524594
2023-06-29 08:00:00,0.275992797166109,0.13121252201497552,0.16561621267348525,0.03842872500419616,0.12385819301009177
2023-06-29 09:00:00,0.18659611925482747,0.03897519193589687,0.10455809351056813,0.020106114149093628,0.07198267925530671
2023-06-29 10:00:00,0.13390575259923934,0.014743918627500536,0.06347755484282971,0.004299647137522697,0.03927910715341568
2023-06-29 11:00:00,0.07615368418395518,0.005805790424346924,0.026353741511702534,0.0001460675522685051,0.010179064627736807
2023-06-29 12:00:00,0.040564982146024706,0.003465009853243828,0.011332057677209378,0.0,0.001431962735950947
2023-06-29 13:00:00,0.0110600183904171,0.00258530493825674,0.00245155967772007,0.00013704998418688773,0.0
2023-06-29 14:00:00,0.00014028232544660568,0.0013818389549851416,0.0,0.0006715986877679826,0.0
2023-06-29 15:00:00,0.0,0.0,0.0,0.009045946002006531,0.0
2023-06-29 16:00:00,0.0013904979452490805,0.0005507738143205643,0.01553870091214776,0.05056557945907116,0.020384678971022367
2023-06-29 17:00:00,0.013089167885482311,0.004801796972751618,0.031756540015339854,0.02870372086763382,0.038801227062940605
2023-06-29 18:00:00,0.0,0.001288844347000122,0.003987782187759876,0.040709246546030045,0.006964909136295319
2023-06-29 19:00:00,0.007169781178236008,0.01331891417503357,0.01924088940024376,0.05517944999039173,0.02107491517439485
2023-06-29 20:00:00,0.007079814411699772,0.014687048085033894,0.02103437336161733,0.10282638616859913,0.023200045581907035
2023-06-29 21:00:00,0.03327840462327004,0.05136586993932724,0.07765498615801333,0.13376887299120424,0.08707782734185457
2023-06-29 22:00:00,0.08970193542540073,0.06951893314719201,0.09940744191408156,0.07925702422857285,0.09585846990346908
2023-06-29 23:00:00,0.0806573161482811,0.028710522651672364,0.08502192217856645,0.0996572098881006,0.07665561199188232
2023-06-30 00:00:00,0.09598769500851631,0.030638274475932124,0.1012494285404682,0.1404603775590658,0.08825497422367334
2023-06-30 01:00:00,0.10135680258274078,0.03746593989431858,0.10088842164725063,0.12193876028060911,0.08821813117712736
2023-06-30 02:00:00,0.07502144001424313,0.02137789696455002,0.0651162388920784,0.11585125304758548,0.05440446820110083
2023-06-30 03:00:00,0.037331572175025945,0.0028831267356872557,0.03707609906792641,0.07092977575957773,0.031635441035032276
2023-06-30 04:00:00,0.11548538148403167,0.030353784412145614,0.08111075330525636,0.09623002700507641,0.06693863201886416
2023-06-30 05:00:00,0.20049225702881812,0.0714108507335186,0.12673134233802555,0.20644854132086035,0.10599078856408596
2023-06-30 06:00:00,0.41105712890624996,0.28267804041504857,0.35658155441284173,0.35671744287014007,0.2803796076029539
2023-06-30 07:00:00,0.5950468635559081,0.5032954478263854,0.5549139982461928,0.4336036693304777,0.46848884031176563
2023-06-30 08:00:00,0.3814564514160156,0.5477576410770415,0.32414306916296476,0.2801877738535404,0.3161263525485992
2023-06-30 09:00:00,0.23639730408787724,0.49433952450752255,0.2070882052928209,0.28186731621623035,0.219669691696763
2023-06-30 10:00:00,0.1384455697238445,0.4661190795898437,0.2755403760075569,0.6087391918897629,0.33719161458313457
2023-06-30 11:00:00,0.3533509063720703,0.7164694568514822,0.49040722370147705,0.7429465524107218,0.5176424667984246
2023-06-30 12:00:00,0.5488585984706877,0.8590650981664657,0.6298770247399806,0.565204913392663,0.6635613868385553
2023-06-30 13:00:00,0.4078829956054687,0.7714998646080493,0.5043532383441924,0.5640908634662627,0.5484991425275801
2023-06-30 14:00:00,0.39713588714599607,0.723327632844448,0.6422020860761404,0.8556515429168938,0.6903861542046069
2023-06-30 15:00:00,0.5516854965686797,0.747689797580242,0.7397040105611086,0.7809108325839043,0.7714046216756104
2023-06-30 16:00:00,0.22545967295765873,0.516207045316696,0.4409823723137378,0.6620617183297872,0.5092551808059215
2023-06-30 17:00:00,0.07427058801054953,0.4177649322152137,0.24830706164240834,0.35745442621409895,0.33192183215171095
2023-06-30 18:00:00,0.039893434643745423,0.29159343674778937,0.10736009512096642,0.08624487504363058,0.16120361104607578
2023-06-30 19:00:00,0.06628835722804069,0.14171155720949172,0.0934790988638997,0.07089579071849585,0.10070795860141515
2023-06-30 20:00:00,0.19814987719058988,0.11702123016119002,0.2114665181934833,0.14402328167110678,0.19087752752006054
2023-06-30 21:00:00,0.24524551600217817,0.1696294696629047,0.28462557487189766,0.17112113658338785,0.2431552943587303
2023-06-30 22:00:00,0.426601448059082,0.2956705889105796,0.4111645126342773,0.1901751502975821,0.3612968141585588
2023-06-30 23:00:00,0.4700327336788177,0.3049654445052147,0.4355175018310547,0.2165281293541193,0.38610436230897904
2023-07-01 00:00:00,0.5211167788505554,0.2727493011951446,0.4698729968070984,0.1994371911883354,0.40522630691528316
2023-07-01 01:00:00,0.45448014497756956,0.19954369992017745,0.394695039987564,0.1748033712804317,0.34488219313323487
2023-07-01 02:00:00,0.39280704498291014,0.19887762174010273,0.3453575897216796,0.19159976888448,0.31514766603708266
2023-07-01 03:00:00,0.27097054213285443,0.20072483032941815,0.29878458060324187,0.1783174309879541,0.28891165256500245
2023-07-01 04:00:00,0.19193499967455863,0.18443768724799153,0.19631730966269967,0.15441207073628901,0.19700866647064685
2023-07-01 05:00:00,0.27546452492475504,0.2846121275424957,0.2305989234149456,0.314220679551363,0.21617810592055317
2023-07-01 06:00:00,0.423667984008789,0.3375377412140369,0.36651790618896485,0.5614691233634949,0.31890268102288244
2023-07-01 07:00:00,0.4450763559341431,0.3577674943208694,0.30494694054126736,0.34042872093617915,0.2319290422648191
2023-07-01 08:00:00,0.3671847826242447,0.38425050809979433,0.2676871139556169,0.169884230941534,0.21079434283077714
2023-07-01 09:00:00,0.42489771127700804,0.45780696511268604,0.37758554458618165,0.25622044086456297,0.3162871497869491
2023-07-01 10:00:00,0.5565964138507842,0.5769116102159022,0.5469963407516478,0.5000260185450315,0.4722061729431152
2023-07-01 11:00:00,0.580709204673767,0.6443669958412646,0.5780340141057967,0.5331672716140746,0.5130126744508743
2023-07-01 12:00:00,0.5749954736232756,0.6391557163000106,0.5375456666946411,0.431888347864151,0.5187517410516739
2023-07-01 13:00:00,0.606067401766777,0.7676320774853229,0.4408206628262996,0.2720942088216543,0.3994655990600586
2023-07-01 14:00:00,0.5343712818622588,0.72819951236248,0.29909647360444064,0.17446927726268766,0.2216780140995979
2023-07-01 15:00:00,0.4039592286944389,0.34521217733621595,0.14709466271102428,0.06814664252102375,0.07450567848980427
2023-07-01 16:00:00,0.15328524030745028,0.1290768240392208,0.10225298326462506,0.08622231731191277,0.07967338040471077
2023-07-01 17:00:00,0.014737330079078674,0.029155123382806777,0.02720094069838524,0.03483129844069482,0.020699796080589295
2023-07-01 18:00:00,0.0,0.03344953387975693,0.011618018392473459,0.02026023982092738,0.008903415519744157
2023-07-01 19:00:00,0.0,0.0021823080256581306,0.006378937643021345,0.028944956101477147,0.00891813838854432
2023-07-01 20:00:00,0.006848063468933105,0.011596205346286297,0.032212950307875875,0.04180890325456858,0.05189602296799421
2023-07-01 21:00:00,0.041118591204285626,0.011943572498857975,0.07031569235026836,0.04163828529417515,0.07545680586248636
2023-07-01 22:00:00,0.10095921106636524,0.009228480271995068,0.10725628323853015,0.035567449554800984,0.101833736859262
2023-07-01 23:00:00,0.14843481689691543,0.04883084408938885,0.12421585217118261,0.020615236982703213,0.1105509791150689
2023-07-02 00:00:00,0.07707208499312401,0.06219877906143666,0.09512964833527802,0.02637877654284239,0.0954476911202073
2023-07-02 01:00:00,0.06712315320968627,0.03836441487073898,0.08732597947120666,0.03307775724679232,0.08594952050596476
2023-07-02 02:00:00,0.05903863042593002,0.03617079630494118,0.073262707516551,0.029578336663544178,0.06983876332640648
2023-07-02 03:00:00,0.06419041439890862,0.005522899217903614,0.0524896514043212,0.007457102835178375,0.06613528415560721
2023-07-02 04:00:00,0.07187042742967606,0.013038078285753728,0.033612455055117604,0.0020097579807043073,0.024154238682240252
2023-07-02 05:00:00,0.09699942871928215,0.02846813455224037,0.03967439379543066,0.0057594779133796695,0.017548546604812146
2023-07-02 06:00:00,0.08307085841894149,0.009833137579262257,0.04562963264063001,0.001316957790404558,0.023443627208471304
2023-07-02 07:00:00,0.08185328312218189,0.0032385360449552533,0.05394106538966298,0.0015538984723389147,0.03166370656341314
2023-07-02 08:00:00,0.08248722784221171,0.026636151224374773,0.07427006673067807,0.004637266583740711,0.06259148791432381
2023-07-02 09:00:00,0.04794548653066159,0.07690639749169349,0.08258536588400603,0.01674067283049226,0.09606733690947294
2023-07-02 10:00:00,0.027749464958906178,0.1320460695773363,0.08981186099350452,0.0363624600879848,0.1235021986067295
2023-07-02 11:00:00,0.03625318698585034,0.146077299118042,0.08241543971002101,0.04080783849582076,0.11139121741056442
2023-07-02 12:00:00,0.02503883104771376,0.12720420122146606,0.055050139371305706,0.027062710225582123,0.07344929747283459
2023-07-02 13:00:00,0.01742923878133297,0.10416919715702533,0.03134987875819206,0.008658795468509199,0.036275636255741116
2023-07-02 14:00:00,0.00264093205332756,0.04306638300418854,0.004631645977497101,0.009688276797533035,0.0024977040849626063
2023-07-02 15:00:00,0.0,0.0,0.0,0.011263301018625499,0.0005281932651996612
2023-07-02 16:00:00,0.059000350087881084,0.02176600717008114,0.04518459763377905,0.08657452873885632,0.03260797686874867
2023-07-02 17:00:00,0.1460418593883514,0.06348804377019406,0.14743020467460152,0.15982154801487922,0.12821076564490796
2023-07-02 18:00:00,0.16937806397676466,0.07688365750014782,0.1899160889536142,0.16760223194956778,0.16139042660593983
2023-07-02 19:00:00,0.12087842643260954,0.06051111422479153,0.11084476511925459,0.09916469797492027,0.08620005723088979
2023-07-02 20:00:00,0.10439435869455338,0.09549706630408764,0.0940077418833971,0.08111512906849383,0.08871079053729773
2023-07-02 21:00:00,0.12715382240712642,0.19937016218900677,0.18475316282361745,0.12223952926695346,0.2039969252794981
2023-07-02 22:00:00,0.27216531410813327,0.28195424273610115,0.3839987260848283,0.1920869267731905,0.38556365318596364
2023-07-02 23:00:00,0.31172347277402873,0.2827257668972015,0.4097750316560268,0.2654613227769732,0.3832451099157333
2023-07-03 00:00:00,0.14543385162949563,0.1926930324733257,0.1921965771913528,0.17951890625059602,0.20538624458014962
2023-07-03 01:00:00,0.10166560649871825,0.09542750827968119,0.13633058506995438,0.1613532822579145,0.1310569294914603
2023-07-03 02:00:00,0.07667401216924191,0.048835744634270664,0.11960812222212551,0.14078409172594547,0.11192627996206281
2023-07-03 03:00:00,0.042228974550962445,0.005516203492879867,0.059031262658536435,0.02502737332135439,0.047374067418277266
2023-07-03 04:00:00,0.02171571720391512,0.0,0.042440729551017284,0.04289127755910159,0.03131522342562676
2023-07-03 05:00:00,0.07398802742362023,0.009396308474242686,0.08817047145217657,0.07717818610370158,0.07809338822960853
2023-07-03 06:00:00,0.10590676628053187,0.10987395197153091,0.15116423312574623,0.17132077891379593,0.13504370272159574
2023-07-03 07:00:00,0.10522494710981845,0.13893825545907018,0.1674585499241948,0.225816356241703,0.15252757489681243
2023-07-03 08:00:00,0.11835092060267925,0.1138590122759342,0.15410261161625383,0.20110836476087568,0.1379616155475378
2023-07-03 09:00:00,0.11055013589560984,0.08837510190904141,0.14162061020731925,0.1307070627063513,0.13148946747183798
2023-07-03 10:00:00,0.09999372251331806,0.07041153386235237,0.14171469084918498,0.13067276202142236,0.13159324727952476
2023-07-03 11:00:00,0.16242669165134427,0.10886712610721587,0.2084708888828754,0.13865766644477842,0.1889016011357307
2023-07-03 12:00:00,0.1574487569928169,0.14620215475559234,0.18528870232403277,0.09975141335278749,0.1760105336457491
2023-07-03 13:00:00,0.13231265917420387,0.13561720982193948,0.16218458481132983,0.09402576372027398,0.14735686525702477
2023-07-03 14:00:00,0.11890751034021377,0.10480005741119383,0.14293276824057102,0.10419547073543071,0.12599291428923606
2023-07-03 15:00:00,0.22830442354083058,0.09913684517145156,0.2626067508757114,0.1722872756421566,0.21765338242053983
2023-07-03 16:00:00,0.2456147271394729,0.13104309491813182,0.20981266044080255,0.26585794344544406,0.2095255400240421
2023-07-03 17:00:00,0.2651073737442493,0.08234817825257779,0.24088181830942626,0.23591837853193282,0.2025006283819675
2023-07-03 18:00:00,0.19338357508182524,0.03174149096012116,0.24263988398015496,0.17549000725150107,0.19366552792489528
2023-07-03 19:00:00,0.11577841475605964,0.04958715803921223,0.15816852103918788,0.15140134669840333,0.14550725795328617
2023-07-03 20:00:00,0.12427529782056808,0.03376284375786782,0.13493504527956246,0.08042059600353241,0.11478208232671022
2023-07-03 21:00:00,0.13090473122894764,0.017234167158603667,0.10968607321381568,0.04569773595780134,0.08441016539931298
2023-07-03 22:00:00,0.09110233388841152,0.013628227710723877,0.06907679419964552,0.035417088679969316,0.05058752156794071
2023-07-03 23:00:00,0.07893647976219653,0.027361371070146565,0.053225418254733085,0.06332547470927238,0.03715286195278168
2023-07-04 00:00:00,0.08451938956975937,0.06034935489296914,0.05296746067702771,0.10944464415311811,0.036977338157594214
2023-07-04 01:00:00,0.03838154047727585,0.04256242789328099,0.025503581017255784,0.1598461387120187,0.02232518423348665
2023-07-04 02:00:00,0.00683763474225998,0.019777952283620837,0.0067644744738936426,0.2004158946312964,0.01994260268285871
2023-07-04 03:00:00,0.04154879048466682,0.12313116542994977,0.03483006477355958,0.228423732817173,0.029382659047842027
2023-07-04 04:00:00,0.07892431274056434,0.10202882774174213,0.049395084381103516,0.18096582233905792,0.04281190786510705
2023-07-04 05:00:00,0.06758032277226447,0.06553010769188404,0.05526989433914423,0.10493146594613789,0.05289341405034065
2023-07-04 06:00:00,0.07853400968015194,0.014417445100843907,0.05006754308938981,0.04531924918293953,0.03190107338130475
2023-07-04 07:00:00,0.03564088761806489,0.0,0.04110165476799012,0.0886565265432,0.02876630462706089
2023-07-04 08:00:00,0.026575514376163484,0.004521911330521106,0.059730747751891605,0.13261721391230819,0.05155896455049515
2023-07-04 09:00:00,0.04366136178374291,0.05828514814376831,0.070457853525877,0.10238782081753015,0.06326398808509112
2023-07-04 10:00:00,0.09923136040568352,0.08895576804876328,0.08420300755649804,0.0593220342695713,0.06151146080344916
2023-07-04 11:00:00,0.12746709272265433,0.06358336918056011,0.0880646102130413,0.029479140769690278,0.05260377027094364
2023-07-04 12:00:00,0.09613299749791622,0.04182465419173241,0.06427554875612258,0.019571492448449135,0.04304706713184714
2023-07-04 13:00:00,0.07836334198713303,0.03850203335285187,0.043786860667169095,0.010567928850650787,0.03186640108004213
2023-07-04 14:00:00,0.05741992712020874,0.04195925429463387,0.02741877626627684,0.0029486967809498306,0.019185420405119658
2023-07-04 15:00:00,0.04701681986451149,0.12527162864804267,0.03324030198156834,0.005927891861647367,0.029873441625386476
2023-07-04 16:00:00,0.11285329878330229,0.1651249901950359,0.06513447530567645,0.010067310333251953,0.049067309945821765
2023-07-04 17:00:00,0.0888405993580818,0.09068604834377765,0.04124711029231548,0.0062369355559349065,0.020907519459724425
2023-07-04 18:00:00,0.010582009218633174,0.023636037409305574,0.004787363447248935,0.0011272388510406015,0.0030335216410458084
2023-07-04 19:00:00,0.008502784483134747,0.03512946650385857,0.010992911960929632,0.005902457609772682,0.01007949236780405
2023-07-04 20:00:00,0.015866632610559463,0.061253510862588886,0.03427636738866568,0.02354736875742674,0.03745905756950379
2023-07-04 21:00:00,0.030406872034072878,0.06574036493897438,0.043951403759419916,0.02639552678912878,0.04521980781108141
2023-07-04 22:00:00,0.009233910292387008,0.0406879223883152,0.01279687285423279,0.007602805346250534,0.014662548881024123
2023-07-04 23:00:00,0.005408650711178779,0.03657026499509812,0.006969458311796188,0.0037310870364308355,0.010268599260598421
2023-07-05 00:00:00,0.004070230089128017,0.03828185968101025,0.005913144163787364,0.003370790109038353,0.008479304462671278
2023-07-05 01:00:00,0.0019108042120933532,0.02834961324930191,0.0032396923191845414,0.0030380452051758764,0.0031090937368571754
2023-07-05 02:00:00,0.0021888858079910276,0.024926963299512862,0.006548999343067408,0.010015746410936117,0.009980834517627955
2023-07-05 03:00:00,0.003810132220387458,0.04718787342309952,0.04664447113871575,0.04978348825126887,0.05264640290290117
2023-07-05 04:00:00,0.0027882582694292064,0.06646456062793732,0.09640900626778602,0.07090180488303303,0.10716219395399092
2023-07-05 05:00:00,0.02008906964212656,0.1244312647730112,0.17699980990961195,0.09785024829208851,0.1867590733990073
2023-07-05 06:00:00,0.054837436825037,0.13109537310898303,0.16292216800153253,0.064391999989748,0.15780012458562848
2023-07-05 07:00:00,0.07957046762108802,0.04290948547422886,0.08067848328500986,0.013798773922026157,0.06947596246376633
2023-07-05 08:00:00,0.05544155403971672,0.0,0.027522058971226216,0.024177293330430987,0.022603666186332704
2023-07-05 09:00:00,0.042162002734839915,0.0021205855160951613,0.020587312541902065,0.07149396538734434,0.005875000469386577
2023-07-05 10:00:00,0.00956582009792328,0.02677035011351109,0.006375917922705412,0.15946928409859537,0.020338416080921892
2023-07-05 11:00:00,0.006801938861608505,0.12980166420340536,0.040489521846175186,0.2720656740665436,0.07865292709320783
2023-07-05 12:00:00,0.11454411514103412,0.2763968501985073,0.17482440676540134,0.3711542332172393,0.20822544451802966
2023-07-05 13:00:00,0.27777497857809064,0.4073431015014648,0.2942710158973932,0.3845209443569183,0.3000144041329622
2023-07-05 14:00:00,0.4368499743938446,0.5394942915439604,0.37377399444580073,0.33260236985981456,0.3465120838582515
2023-07-05 15:00:00,0.49767441511154176,0.5870716726779937,0.3703304132819175,0.3001145858317613,0.32496255025267606
2023-07-05 16:00:00,0.4221795129776001,0.5137486612796783,0.31378051899373527,0.33410319171845904,0.27568811871111387
2023-07-05 17:00:00,0.24714661687612532,0.31835570156574244,0.20388609834015367,0.3173813100904226,0.19163559064269065
2023-07-05 18:00:00,0.07155413791537285,0.12864928111433985,0.0927863124012947,0.2365983578562736,0.10145033460110425
2023-07-05 19:00:00,0.10759198717772961,0.14563692949712276,0.12239704187959433,0.14286561425775288,0.1218676246702671
2023-07-05 20:00:00,0.13127353608608244,0.16832268565893171,0.13798234224319456,0.1197662505879998,0.13326580621302128
2023-07-05 21:00:00,0.12665316298604012,0.12695762380957604,0.1352662319689989,0.11660223428159952,0.12675602827221155
2023-07-05 22:00:00,0.09139735594391822,0.07976934537291526,0.09675917975604534,0.07980073109269142,0.0937990779802203
2023-07-05 23:00:00,0.08095405280590057,0.05401025213301182,0.09258715581148863,0.07326628997921943,0.09113864962011577
2023-07-06 00:00:00,0.11002614624798297,0.05973109565675259,0.10954351659864187,0.0902760773152113,0.10339254822582006
2023-07-06 01:00:00,0.18223088622093198,0.09754775673151014,0.16187073089182374,0.1100971758365631,0.14445196084678172
2023-07-06 02:00:00,0.25415420860052107,0.13285317875444888,0.19223024725914,0.13332578949630258,0.17022439219057559
2023-07-06 03:00:00,0.14922976657748221,0.10427520565688608,0.1946970141679048,0.10275797933340072,0.2132333343476057
2023-07-06 04:00:00,0.050267964601516724,0.07743840932846069,0.09404192723333835,0.13775834314525126,0.11255911704152821
2023-07-06 05:00:00,0.049140140786767005,0.12433118902146814,0.05950877465307712,0.11903995163738727,0.06662837252020835
2023-07-06 06:00:00,0.10229651391506195,0.2263971498608589,0.11235539399087428,0.1370351827889681,0.11059049639850854
2023-07-06 07:00:00,0.17260463654994962,0.2793849106132984,0.18699427075684066,0.20513254672288891,0.17863418705761427
2023-07-06 08:00:00,0.23424313500523564,0.2998192903399467,0.22318261191248892,0.23756696715950962,0.20126059636473656
2023-07-06 09:00:00,0.1731052705645561,0.200179296284914,0.1767631762474775,0.16053124807775018,0.17324082411825656
2023-07-06 10:00:00,0.2519524011015892,0.2801008822023868,0.20588195011019705,0.17435144640505312,0.1841568749397993
2023-07-06 11:00:00,0.2701133441925049,0.2846115678548813,0.22684545420110225,0.2876370099186897,0.1899478694796562
2023-07-06 12:00:00,0.2858893409371376,0.26907913312315934,0.2751386306434869,0.36820596694946284,0.24658280633389945
2023-07-06 13:00:00,0.31902890324592587,0.30418979510664934,0.31316012427210804,0.46383436203002926,0.28873017869889733
2023-07-06 14:00:00,0.31621918454766273,0.3136620712280273,0.3331608746200799,0.5230314832925795,0.3110033585876226
2023-07-06 15:00:00,0.1288951954245567,0.09934486024081707,0.20274555839598177,0.39497033178806296,0.19717102684080598
2023-07-06 16:00:00,0.18099136024713514,0.07544538408517837,0.29379193775355816,0.4169975902885198,0.26121476046741005
2023-07-06 17:00:00,0.17224267587065695,0.03184385910630227,0.28296596050262446,0.32146989002823834,0.25629506230354304
2023-07-06 18:00:00,0.1025102537870407,0.012834778502583504,0.17656323373317714,0.2167416425794363,0.17146255478262898
2023-07-06 19:00:00,0.07623158253729342,0.02302368670701981,0.140880933329463,0.24488074816763397,0.14337693952023983
2023-07-06 20:00:00,0.2010452279448509,0.042592803165316585,0.27955253124237056,0.2802418984472751,0.26305523291230204
2023-07-06 21:00:00,0.5195529615879059,0.13307347014546395,0.3220450130105018,0.19002661891281603,0.23103653289377685
2023-07-06 22:00:00,0.2494327703118324,0.3584828373789787,0.19499076291918752,0.24872071079909797,0.1671278046071529
2023-07-06 23:00:00,0.09847993001341819,0.19644386976957318,0.25837449871003626,0.2740551456063986,0.27917729943990705
2023-07-07 00:00:00,0.45276100873947134,0.4684543895721435,0.386436696127057,0.19906739763915537,0.32563978962600226
2023-07-07 01:00:00,0.30325979575514794,0.3516548945009708,0.14450999401509762,0.1626120330020785,0.11245884425938128
2023-07-07 02:00:00,0.2747640873491764,0.3283927065134048,0.14374547701328994,0.1663487588241696,0.09678486078977583
2023-07-07 03:00:00,0.1383712701499462,0.1974830690026283,0.05891079623252153,0.02766279812902212,0.036053936891257764
2023-07-07 04:00:00,0.16136650070548056,0.12227976396679877,0.10025606706738471,0.11088569600135087,0.08370521724224089
2023-07-07 05:00:00,0.2126783050596714,0.2883404622972011,0.12597351036965848,0.13254954520612955,0.10060942150652408
2023-07-07 06:00:00,0.3483440944552421,0.3918531417846679,0.29553525611758225,0.20780322454869746,0.24809268087148661
2023-07-07 07:00:00,0.4039157485961914,0.40950160980224604,0.3618393135070801,0.26698562845587726,0.3114568422734737
2023-07-07 08:00:00,0.41072223663330076,0.29394655585289,0.34727297358214854,0.32483465760946273,0.3039939975738525
2023-07-07 09:00:00,0.42670569539070125,0.2605338710546493,0.359225076586008,0.38462310597300525,0.3138361084461212
2023-07-07 10:00:00,0.5099154937267303,0.3427347853779792,0.4189551299810409,0.4662429624795913,0.365542300492525
2023-07-07 11:00:00,0.549065396785736,0.47655529141426084,0.4773736041784286,0.567872249558568,0.4233182865381241
2023-07-07 12:00:00,0.44751865386962886,0.4132332992553711,0.409854507446289,0.5862758526951074,0.3689945983886718
2023-07-07 13:00:00,0.42826343536376954,0.36828330993652336,0.4138520812988281,0.6237338612228631,0.3785518074035644
2023-07-07 14:00:00,0.5182908928394317,0.45267561793327327,0.46835073351860046,0.6159368213266133,0.41746653020381924
2023-07-07 15:00:00,0.6218245653808117,0.4373033845424652,0.5476474317163229,0.526041253209114,0.4907873624563217
2023-07-07 16:00:00,0.5981670773029326,0.46400179147720333,0.5254895651340483,0.5607362246513365,0.4746522772312164
2023-07-07 17:00:00,0.39573715209960936,0.4397862327098846,0.35991958618164055,0.5248389971256255,0.3346339225769043
2023-07-07 18:00:00,0.3392508316040039,0.43295578002929686,0.33677164077758787,0.4745942378044128,0.3313627407699823
2023-07-07 19:00:00,0.3827687072753906,0.4500299072265625,0.37964956283569334,0.44980804204940794,0.3612581634521484
2023-07-07 20:00:00,0.2964285387098789,0.35419872283935544,0.3072526973485946,0.35467275619506833,0.29586726196110247
2023-07-07 21:00:00,0.3112142573297023,0.3363478851318359,0.3393934822082519,0.3371726374328136,0.3198689769953489
2023-07-07 22:00:00,0.43481941223144527,0.43041549682617186,0.4715161818265915,0.339426524117589,0.4443232715129852
2023-07-07 23:00:00,0.4794607484340667,0.4343994522094726,0.4755133354663849,0.29655757054686543,0.4428655791282653
2023-07-08 00:00:00,0.4432298898696899,0.4177168273925781,0.4621499252319336,0.27200505197048186,0.4367179644107818
2023-07-08 01:00:00,0.40202148437499996,0.4154846954345703,0.4385462212562561,0.24549548145383596,0.42381881356239315
2023-07-08 02:00:00,0.49419570207595825,0.4819487488269806,0.4853818196058273,0.23166187118738887,0.4563391995429993
2023-07-08 03:00:00,0.32946347370743745,0.27911262840032575,0.2939860595017671,0.12836159793660043,0.2620795120298862
2023-07-08 04:00:00,0.19809065043926238,0.18456872433423993,0.19488333351910114,0.08563879482448102,0.17848408915102482
2023-07-08 05:00:00,0.2181455455720424,0.15642533272504805,0.18868375696241854,0.05781630584970117,0.1614952946454286
2023-07-08 06:00:00,0.21182286739349362,0.16330051779747007,0.15346609767526387,0.02855748075991869,0.12092675857245921
2023-07-08 07:00:00,0.1691158181428909,0.16089749589562413,0.101223034709692,0.008076300509274006,0.06999775130301714
2023-07-08 08:00:00,0.2547360943257808,0.1654310457408428,0.12911553140729665,0.0038517743349075323,0.07791277561336755
2023-07-08 09:00:00,0.2926290115714073,0.21341420561075206,0.15100621841847894,0.00784155433997512,0.0951490119099617
2023-07-08 10:00:00,0.25048559352755545,0.21027476906776427,0.14495050348341465,0.011062004640698434,0.10711361583322286
2023-07-08 11:00:00,0.31959739536046977,0.2835222540795803,0.18118366479873654,0.010514104515314104,0.13502763401716944
2023-07-08 12:00:00,0.31307209014892573,0.264303603619337,0.14883515186607835,0.003975374009460211,0.09363830439746379
2023-07-08 13:00:00,0.2841079360246658,0.22818073138594624,0.13047681061550975,0.01630740074440837,0.075709869004786
2023-07-08 14:00:00,0.3316822616755962,0.30346601292490955,0.16893532220274207,0.054041978567838676,0.1100018396601081
2023-07-08 15:00:00,0.3106860725581646,0.30895227342844006,0.19158729903399943,0.19138234585523603,0.13246732365339994
2023-07-08 16:00:00,0.2758850938081741,0.22240255087614058,0.19549570918083187,0.15146443404257295,0.1557682891190052
2023-07-08 17:00:00,0.26186151266098023,0.2712282824516296,0.261607784256339,0.1260932034254074,0.24006568908691403
2023-07-08 18:00:00,0.16062173560261722,0.21953711271286008,0.09944395609199999,0.01083893908187747,0.07000543732196093
2023-07-08 19:00:00,0.13911130994558335,0.22364467635750768,0.06377774342894554,0.0019208448193967342,0.03217783480882645
2023-07-08 20:00:00,0.0461689429730177,0.11705261506140231,0.01644926263019443,0.0009857552684843542,0.005702659245580435
2023-07-08 21:00:00,0.016329247541725635,0.07003647193312645,0.0030581319890916345,0.0,0.00036222185939550395
2023-07-08 22:00:00,0.0007423477619886398,0.018155586123466492,0.0,0.0,0.0
2023-07-08 23:00:00,0.0004513942077755928,0.013539127185940743,0.0012815853953361512,0.0017077446356415747,0.0031932041235268114
2023-07-09 00:00:00,0.015695081427693366,0.02244408309459686,0.01676629152148962,0.009241427667438984,0.03342500541359186
2023-07-09 01:00:00,0.08192989580333232,0.07243515491485596,0.045826499573886396,0.039047403223812574,0.04932354168966412
2023-07-09 02:00:00,0.07986688271164893,0.08871081493794918,0.0383914509601891,0.06635496817529202,0.03422199109569192
2023-07-09 03:00:00,0.027105033174157144,0.12708483666181564,0.015473054684698583,0.09094200456514953,0.025474934913218027
2023-07-09 04:00:00,0.0888888394460082,0.13591918244957923,0.045500668119639154,0.09147128701210022,0.04096922911703586
2023-07-09 05:00:00,0.1027117682993412,0.10681207261979579,0.09290618911385536,0.107426413372159,0.09412610433995723
2023-07-09 06:00:00,0.114814445823431,0.06975628547370434,0.12502594150602814,0.10713846534490586,0.12433566447347402
2023-07-09 07:00:00,0.14962994828820228,0.07333726480603217,0.18744585767388341,0.11408769510686398,0.1892931717634201
2023-07-09 08:00:00,0.09324645280838012,0.04245383657515049,0.11844819348305463,0.06963461995124817,0.1289827638119459
2023-07-09 09:00:00,0.030753801912069324,0.020593746304512026,0.052365119867026806,0.0562406749278307,0.06235289879143238
2023-07-09 10:00:00,0.008269582055509091,0.031986791640520096,0.020339582320302727,0.03367191508412361,0.037998493704944854
2023-07-09 11:00:00,0.02547922629863024,0.06385809652507304,0.013402946498245003,0.015579548105597495,0.032486984282732015
2023-07-09 12:00:00,0.06491647072136403,0.06359811753034592,0.0290262221544981,0.001997231747955083,0.04258494747802615
2023-07-09 13:00:00,0.08862413756549359,0.04099221378564835,0.05667462419718504,0.011604097411036494,0.06116923304274678
2023-07-09 14:00:00,0.08355334468185902,0.019550185352563858,0.07336097531020641,0.03564477656036615,0.0669614864140749
2023-07-09 15:00:00,0.13014017924666405,0.035319025963544845,0.07857368107885122,0.022187472358345988,0.05864929208531976
2023-07-09 16:00:00,0.1517858515679836,0.023299515061080456,0.1335643598437309,0.04285571435466409,0.11471629716455936
2023-07-09 17:00:00,0.10812017224729062,0.005169857405126095,0.10523647412657737,0.05543740835040808,0.08084400750696659
2023-07-09 18:00:00,0.02881336182355881,0.0005959631875157356,0.02213069759309292,0.035976134985685346,0.014875801596790554
2023-07-09 19:00:00,0.006847676187753678,0.00500538133084774,0.004478607382625341,0.03615296246483922,0.004047678243368863
2023-07-09 20:00:00,0.006991825699806213,0.02169525161385536,0.0069295505434274676,0.05978135176002979,0.013781610839068892
2023-07-09 21:00:00,0.0026190283894538873,0.021138499230146407,0.0060918408259749415,0.1464494231343269,0.011580523289740085
2023-07-09 22:00:00,0.00939081396907568,0.04338912650942803,0.022143161650747062,0.3089474723860621,0.025620697420090443
2023-07-09 23:00:00,0.04632755480706691,0.11217772290110586,0.10149133142083883,0.43230621777474876,0.11118034854531286
2023-07-10 00:00:00,0.11146460279822348,0.2413080136477947,0.12663274608552455,0.3317702256888151,0.13157573327422142
2023-07-10 01:00:00,0.1503820830583572,0.12777355656027792,0.12084904983639716,0.3002463658154011,0.11244932129979134
2023-07-10 02:00:00,0.13102180376648903,0.1291872465610504,0.12466910079121588,0.34122044749557967,0.11950375143438577
2023-07-10 03:00:00,0.10385142721235752,0.24928420498967166,0.12124292615801095,0.39917957887053485,0.13184370808303356
2023-07-10 04:00:00,0.09740299247205256,0.2875179767608642,0.20413867641240357,0.46557410061359406,0.2223540611565113
2023-07-10 05:00:00,0.18435999594628807,0.21996711254119872,0.21943254526704548,0.35831536620855325,0.18340554095804687
2023-07-10 06:00:00,0.17492062501609323,0.19302593678236007,0.17007418517023323,0.22195164047181604,0.1376429237052798
2023-07-10 07:00:00,0.2320436349511146,0.18705560445785518,0.21843838907778257,0.19572889029979704,0.1550930711254477
2023-07-10 08:00:00,0.242664690464735,0.11203264497220516,0.20443739645183084,0.15317101910710335,0.14288166023790833
2023-07-10 09:00:00,0.2977488726377487,0.12748842507600783,0.20972830273211,0.11177933163940905,0.16264247626066206
2023-07-10 10:00:00,0.3869439697265624,0.12262438364326952,0.21019225560128685,0.05816457360982895,0.15105808872729537
2023-07-10 11:00:00,0.21524507284164426,0.03964683279395104,0.08919943509623408,0.0067349474132061,0.05627224326133727
2023-07-10 12:00:00,0.09697798795998096,0.003815590143203735,0.035902457423508165,0.0012112724408507348,0.008239660188555719
2023-07-10 13:00:00,0.05573267839848996,0.023837882727384567,0.02022006332874298,0.008460699878633023,0.002520622126758098
2023-07-10 14:00:00,0.11563993871212004,0.08449193872511386,0.05388982363045215,0.032863208930939435,0.03368966670706868
2023-07-10 15:00:00,0.16829004794359204,0.17053344815969465,0.11361142594367266,0.11144889272749423,0.09423038821667433
2023-07-10 16:00:00,0.1935019181668758,0.20686322167515753,0.179981125742197,0.21358339324593542,0.16720669239759442
2023-07-10 17:00:00,0.18330099865794178,0.21015386432409283,0.18921406485140319,0.22109393611550326,0.1852626163512468
2023-07-10 18:00:00,0.09156843632459641,0.13809121325612067,0.11573324669152499,0.1643681179732084,0.11952577982097864
2023-07-10 19:00:00,0.18317020237445827,0.21871755108237265,0.1959711022675037,0.17439064487814904,0.18618668235838412
2023-07-10 20:00:00,0.28131325677037233,0.3259967333078384,0.28400684408843513,0.19630859844386575,0.26378359183669087
2023-07-10 21:00:00,0.27499424755573265,0.3029412300884723,0.2941365583240986,0.21781408116221423,0.2774243392050266
2023-07-10 22:00:00,0.2254878886044025,0.21178485885262485,0.25411344237625594,0.2265815003216266,0.23943449564278121
2023-07-10 23:00:00,0.22537377193570132,0.2291508542001247,0.27831188775599,0.24521829493343827,0.27021198399364943
2023-07-11 00:00:00,0.3007765908539295,0.29737749516963957,0.3577110187709331,0.26191221117973323,0.34303346879780294
2023-07-11 01:00:00,0.31485518097877496,0.29605828076601026,0.35613103866577145,0.2649180983006954,0.3336489489674568
2023-07-11 02:00:00,0.30128077611327164,0.2619018636643886,0.32759389877319334,0.3215250581502914,0.31796594746410844
2023-07-11 03:00:00,0.30873486205935474,0.27057573094964027,0.2992638617753982,0.349883212596178,0.2819830325990915
2023-07-11 04:00:00,0.3675517654418945,0.34625258222222327,0.3271128928661346,0.3520340316742658,0.2908448503911495
2023-07-11 05:00:00,0.3368848419189453,0.3525635071098804,0.2695055840164423,0.36272070623934266,0.24234058290719981
2023-07-11 06:00:00,0.3419363854825497,0.4758366250991821,0.33129340969026083,0.48194904506206504,0.32807445257902146
2023-07-11 07:00:00,0.4190223062038422,0.6398549816012381,0.4973052293062209,0.6707628107070922,0.5119844013452529
2023-07-11 08:00:00,0.6714296592772007,0.8407750155031681,0.7321161160618066,0.8488263488560914,0.7194243492931127
2023-07-11 09:00:00,0.8613185659050941,0.9334131449460983,0.8509158135205508,0.8904371201992034,0.8049372486025095
2023-07-11 10:00:00,0.9562052296102046,0.9786603146791457,0.8975327772647141,0.8720847406983375,0.8451400913298129
2023-07-11 11:00:00,0.9782402700185775,0.9888258332014084,0.9146102511137723,0.8490039026737213,0.8583638372272253
2023-07-11 12:00:00,0.9774899622797966,0.983372122645378,0.89373348839581,0.7782890143990516,0.8252683441340922
2023-07-11 13:00:00,0.971892558634281,0.9678319001197815,0.84975422360003,0.6766806749999522,0.768434822410345
2023-07-11 14:00:00,0.9547276398539541,0.9648033736646175,0.8082166401296853,0.6002571115642785,0.7260695023834705
2023-07-11 15:00:00,0.7453425621986388,0.8030250287055969,0.4805873749405145,0.33064585648477074,0.3878360176086425
2023-07-11 16:00:00,0.6179634130001067,0.7904540075361728,0.4677359318733215,0.48746447503566737,0.4100414144992828
2023-07-11 17:00:00,0.47276466131210326,0.7106233565509319,0.44633273065090173,0.602218878865242,0.4250066286325454
2023-07-11 18:00:00,0.3288699296116828,0.5293756580352782,0.3653650833666324,0.5680133634060621,0.3609991494566202
2023-07-11 19:00:00,0.6148195391893385,0.7501710897684097,0.5583164250850676,0.5646713215112685,0.5124495720863341
2023-07-11 20:00:00,0.8886382363736629,0.9341238549351691,0.7676614024490116,0.5696748203039168,0.6891437420994042
2023-07-11 21:00:00,0.9692851081490516,0.9215118613839148,0.9004961061477661,0.6206310244649649,0.8462258096039295
2023-07-11 22:00:00,0.9983331206440926,0.9174668659269809,0.9424055314809083,0.598928939178586,0.8629624906927346
2023-07-11 23:00:00,0.9327280160784721,0.5517112171649932,0.8591516018658876,0.5502778721600771,0.7568168745934962
2023-07-12 00:00:00,0.8887004144489765,0.32639037743210786,0.8726457992196083,0.5843626326322555,0.828013457879424
2023-07-12 01:00:00,0.9822239610552788,0.8046611918509006,0.8829710505902766,0.4602286864072084,0.8258931280672549
2023-07-12 02:00:00,0.5710131978988646,0.30141942813992495,0.5008061695098878,0.3255443668365478,0.47598297894001
2023-07-12 03:00:00,0.21952621459960936,0.0966104683279991,0.21060238257050512,0.17646469675004478,0.1829874804243445
2023-07-12 04:00:00,0.20111168257892129,0.031529436931014065,0.1394751081243157,0.017634635567665098,0.12623502237722276
2023-07-12 05:00:00,0.14791081503033637,0.035767814368009576,0.07852923087775707,0.060951954796910277,0.0549234676733613
2023-07-12 06:00:00,0.08442770093679428,0.10550924047827721,0.09804032139480115,0.27221832666546103,0.1433083802461624
2023-07-12 07:00:00,0.3219057977199554,0.5107697999477386,0.36708790481090536,0.5508981157094239,0.3733097616583108
2023-07-12 08:00:00,0.6443679070472716,0.77053970515728,0.6160273829847573,0.6300400993227958,0.5414206659793853
2023-07-12 09:00:00,0.7715681882202625,0.875445562005043,0.6886782406270503,0.651275568306446,0.6163994891941547
2023-07-12 10:00:00,0.7807240198552607,0.7915289349853991,0.6307109086215495,0.5918516559898852,0.5404407536983489
2023-07-12 11:00:00,0.6551907254755496,0.5662605656683444,0.4756282252073288,0.45873525381088254,0.3820562264323234
2023-07-12 12:00:00,0.5802785313129424,0.41960317492485044,0.40118821568787094,0.35247067756950856,0.3199200229346752
2023-07-12 13:00:00,0.5877128994464873,0.42048065304756166,0.40065444923937316,0.2967065230756998,0.3185477278381586
2023-07-12 14:00:00,0.6538993483781814,0.4662876999378204,0.455282497704029,0.3309824858605861,0.36178296893835066
2023-07-12 15:00:00,0.4016996765136719,0.2943382354080677,0.21871209777891634,0.1458810944855213,0.15128434013575315
2023-07-12 16:00:00,0.3298599852621555,0.18277329325675962,0.18738226827234028,0.11790485356003046,0.12294456012547016
2023-07-12 17:00:00,0.12233793713152408,0.13071521744132042,0.07680130496621132,0.07875747047364712,0.0655379556119442
2023-07-12 18:00:00,0.11924871534109115,0.14428828686475753,0.06456761628389358,0.02147459551692009,0.04622847076505423
2023-07-12 19:00:00,0.035196883678436285,0.02066224955022335,0.0112067305482924,0.0,0.0028677742928266523
2023-07-12 20:00:00,0.0035950515046715733,0.004597315490245819,0.0027209848724305628,0.005233637355268002,0.0022126050665974614
2023-07-12 21:00:00,0.03878385245800019,0.057061388716101655,0.062309794425964356,0.0475163459777832,0.061328185945749285
2023-07-12 22:00:00,0.1420248599350452,0.13607664018869398,0.14921384789049624,0.11212091475725172,0.13473700068891048
2023-07-12 23:00:00,0.16858558997511863,0.10943578287959098,0.13992072891443968,0.08826438926160335,0.11722675789147614
2023-07-13 00:00:00,0.11880167052149773,0.0706227445602417,0.07823396254330874,0.045119070783257484,0.054631065055727956
2023-07-13 01:00:00,0.05163631863892079,0.03765397414565086,0.0417372951284051,0.04415688086301089,0.03074741929769516
2023-07-13 02:00:00,0.03585810869932175,0.012695722132921219,0.030109639689326288,0.04440185464918614,0.02098559521138668
2023-07-13 03:00:00,0.022292987555265428,0.005219720900058746,0.00900711439549923,0.023301114048808812,0.005212347432971001
2023-07-13 04:00:00,0.011383008062839508,0.002516607083380222,0.006251429598778487,0.009246800970286132,0.008105826191604137
2023-07-13 05:00:00,0.004212592765688895,0.001177387051284313,0.0025932476297020907,0.008668489679694177,0.0034197258017957207
2023-07-13 06:00:00,0.0005275480821728706,0.0019777018949389455,0.00020043428987264633,0.03363320123404264,0.0009168843366205692
2023-07-13 07:00:00,0.0024695369973778726,0.006251372098922729,0.0018156011588871476,0.1435857518389821,0.014027375355362892
2023-07-13 08:00:00,0.05901280187070369,0.027669305205345156,0.058193279877305035,0.19425307303667066,0.05705906730145215
2023-07-13 09:00:00,0.1596042315661907,0.0792475039511919,0.179177812859416,0.26153735741972917,0.16624686334282157
2023-07-13 10:00:00,0.2358157059550285,0.17516356632113456,0.33220150053501124,0.4956447952985763,0.3386454451829195
2023-07-13 11:00:00,0.3804471969604492,0.29661796957254405,0.5222775226086378,0.823374344035983,0.5658626350760458
2023-07-13 12:00:00,0.614807949066162,0.6428842118382453,0.8397392445802687,0.9773749221116305,0.8716360152512788
2023-07-13 13:00:00,0.9383025476336477,0.959853843897581,0.9814808456599712,0.9923591876029968,0.9932628019154072
2023-07-13 14:00:00,1.0,1.0,1.0,0.7873623963445425,1.0
2023-07-13 15:00:00,0.8986653569340706,0.7034508708119391,0.5114983977377414,0.6728199386596679,0.6610437229834497
2023-07-13 16:00:00,0.6998080834746361,0.5500712268054485,0.5678287815675139,0.9255912686884402,0.8057380001246929
2023-07-13 17:00:00,0.9297307871282101,1.0,0.9661138621717692,0.9943338428437709,0.9205994821339846
2023-07-13 18:00:00,0.9950505223870277,1.0,0.9975252611935139,0.9659113393723964,0.9914983209967614
2023-07-13 19:00:00,1.0,1.0,1.0,0.928194612711668,1.0
2023-07-13 20:00:00,1.0,1.0,0.9858997779339551,0.8618858732283114,0.9689010278880597
2023-07-13 21:00:00,1.0,0.9925747272372245,0.9529731800407171,0.6646108158677816,0.9139253555983304
2023-07-13 22:00:00,0.9168010309338568,0.8037703938782215,0.6716775795817375,0.3567256422340869,0.5504802736639975
2023-07-13 23:00:00,0.5498633539676665,0.48830491185188285,0.40723359309136864,0.2831987193971872,0.34109969116747374
2023-07-14 00:00:00,0.6018364718556404,0.39891525268554684,0.5732996685802936,0.35017409384250636,0.5061718863248825
2023-07-14 01:00:00,0.7860796420276164,0.45623604774475096,0.7398127811402081,0.31094559017568824,0.651193076968193
2023-07-14 02:00:00,0.8211403238773345,0.6698388001322746,0.6971937094628811,0.2231704615615308,0.6107008827477693
2023-07-14 03:00:00,0.3685004806518555,0.2649039527773857,0.3299767825752496,0.09144589200615881,0.287274153009057
2023-07-14 04:00:00,0.387772216796875,0.2884725849330425,0.3015610752254725,0.0614003194309771,0.25514023356139653
2023-07-14 05:00:00,0.3024617102742195,0.18558902800083157,0.21598960302770137,0.035154265314340585,0.17270130701363084
2023-07-14 06:00:00,0.23425057053565976,0.16477598235011098,0.1577067694813013,0.026208846308290956,0.12230398166924714
2023-07-14 07:00:00,0.1826868665218353,0.16795865789055822,0.10930914059281349,0.016086098067462445,0.07275397974997759
2023-07-14 08:00:00,0.210079291164875,0.1948054967820644,0.1220106942951679,0.025075927674770356,0.08654389016330241
2023-07-14 09:00:00,0.20754465296864505,0.20328696399927138,0.11818261928856372,0.024734620582312346,0.0889041856303811
2023-07-14 10:00:00,0.14881342589855193,0.15632436215877532,0.09001382824033498,0.03080205794423819,0.0679307202808559
2023-07-14 11:00:00,0.156618026047945,0.15084130927920342,0.11936541065573693,0.08845668517053126,0.10089989461004734
2023-07-14 12:00:00,0.16931767761707303,0.1608613407611847,0.17442764215171333,0.16510488033294676,0.1575859900563955
2023-07-14 13:00:00,0.1513867054879665,0.14038993701338764,0.16347967125475404,0.12992152329534293,0.15700655497610566
2023-07-14 14:00:00,0.15370576217770576,0.1820385128259659,0.1241517325490713,0.0501880693808198,0.11304645057767629
2023-07-14 15:00:00,0.12305272802710532,0.16355150446295735,0.11129699658602477,0.050170836597681054,0.1140414011105895
2023-07-14 16:00:00,0.10087479166686535,0.14933252811431885,0.0828275053575635,0.06333709970116616,0.07995452627539634
2023-07-14 17:00:00,0.04380343846976757,0.08907882682979107,0.054498609974980364,0.08957511305809021,0.05893586829304695
2023-07-14 18:00:00,0.005209302008152008,0.032432464063167576,0.023190245609730483,0.09420533031225203,0.031073007322847845
2023-07-14 19:00:00,0.06344524316489697,0.04679528810083866,0.11461784243583678,0.17771895244717595,0.12470352474600076
2023-07-14 20:00:00,0.1360644322633743,0.11280611775815486,0.19819309286773204,0.22047575339674946,0.2136559952795505
2023-07-14 21:00:00,0.25853786468505857,0.19169796869158742,0.2655986034870147,0.23425152897834775,0.23436478041112419
2023-07-14 22:00:00,0.18071525081992146,0.12682708926498887,0.25137370765209194,0.28619303874671453,0.2550118235498666
2023-07-14 23:00:00,0.20535630479454992,0.15478123612701894,0.33766776807606214,0.3499202816188335,0.3631146199256181
2023-07-15 00:00:00,0.19275065094232557,0.22098380669951434,0.30289897166192525,0.27991917230188845,0.3311558137834072
2023-07-15 01:00:00,0.17388507485389706,0.1656590177118778,0.22282593846321103,0.2674115805327892,0.2274149790406227
2023-07-15 02:00:00,0.16159669563174245,0.12858597561717033,0.1687714137881994,0.30975691154599183,0.16457674615085124
2023-07-15 03:00:00,0.09097975872457027,0.04419258251786232,0.12844139762222767,0.1995635954290628,0.14349814012646675
2023-07-15 04:00:00,0.18721636101603506,0.11439766734838484,0.1843586454540491,0.35497429981827733,0.17540175098925825
2023-07-15 05:00:00,0.15495391026139257,0.18099245786666868,0.2343692720681429,0.38527456685900685,0.2507996020466089
2023-07-15 06:00:00,0.12080307617783545,0.17645766034722327,0.1511445529013872,0.39756550081074227,0.16363038815557956
2023-07-15 07:00:00,0.19825147002935406,0.27629183575510974,0.2649219573289156,0.5329773658514022,0.2645971717685461
2023-07-15 08:00:00,0.3046251146495342,0.461685311794281,0.37617119990289205,0.5869365642219782,0.3796164870262146
2023-07-15 09:00:00,0.3435077218711376,0.563840523958206,0.4424700494855642,0.6618965121358632,0.45472439020872113
2023-07-15 10:00:00,0.37050956726074213,0.5676855599880217,0.4913084453344344,0.7697420731186866,0.5102034115791321
2023-07-15 11:00:00,0.414366455078125,0.5872162437438964,0.5504041546583175,0.7943202091008424,0.5572466058284044
2023-07-15 12:00:00,0.5387919104099272,0.7143535403907297,0.5979732374101876,0.6644590249657629,0.5799588963389396
2023-07-15 13:00:00,0.3673088209331035,0.6343773460388182,0.4046851285547018,0.48429027557373044,0.3914479205012321
2023-07-15 14:00:00,0.32772894367575645,0.49884166002273556,0.39499226503074164,0.47536459863185876,0.39036891184747213
2023-07-15 15:00:00,0.49910639047622674,0.6929272113740443,0.4301441639661788,0.3367328254878521,0.40645912215113633
2023-07-15 16:00:00,0.3453896602988243,0.5219388759136199,0.32979863241314883,0.41793994903564446,0.31215524189174176
2023-07-15 17:00:00,0.35877674102783197,0.4246238493919372,0.44800077378749836,0.4834804153442382,0.438338753581047
2023-07-15 18:00:00,0.35309546485543253,0.5339436388015746,0.31459161236882205,0.34328540749847886,0.298277618214488
2023-07-15 19:00:00,0.10510109096765517,0.29633832097053525,0.07999142456799745,0.15153724696487186,0.0935773547552526
2023-07-15 20:00:00,0.0140394926071167,0.13670777767896652,0.030350972898304466,0.25182998705655335,0.034649783130735155
2023-07-15 21:00:00,0.05777059778571129,0.06933666750788689,0.1423423748835921,0.501474450007081,0.15222600527107713
2023-07-15 22:00:00,0.20685576975345607,0.22443525359034536,0.29056608058512207,0.6480924118310212,0.32282421238720416
2023-07-15 23:00:00,0.4896034467220306,0.27234796598553657,0.5368977929651737,0.8136637099832296,0.48541141986846914
2023-07-16 00:00:00,0.35217456817626946,0.3606700134277343,0.4034033650159835,0.750525216832757,0.38286096386611457
2023-07-16 01:00:00,0.37472439393401147,0.4373103332519531,0.39913806848227973,0.60566303640604,0.3944894050061702
2023-07-16 02:00:00,0.4915834304690361,0.8199633507430553,0.4236770530045032,0.39442174196243285,0.4115043933317064
2023-07-16 03:00:00,0.3495899736881256,0.5006044960021973,0.30784038133919234,0.40046431280672545,0.2810004071891308
2023-07-16 04:00:00,0.10946059785783291,0.22526089191436766,0.10490710292011499,0.2829171533882618,0.09817368295043706
2023-07-16 05:00:00,0.12720905035734176,0.26367363244295117,0.12657006442546845,0.3294893658161163,0.1218279581516981
2023-07-16 06:00:00,0.19764538325369355,0.2878533227741718,0.2361410047486424,0.41809259317815295,0.21909765597432848
2023-07-16 07:00:00,0.19188395276665685,0.29446224018931383,0.3024072693288326,0.4905377775430679,0.2858345541357994
2023-07-16 08:00:00,0.2808831778168678,0.5187301492691039,0.4296629072725772,0.5793789179623126,0.40827898696064946
2023-07-16 09:00:00,0.26287874311208725,0.7365177763998507,0.3566679625213146,0.5575299146026372,0.363931481540203
2023-07-16 10:00:00,0.08277204066514968,0.46469699263572695,0.21059913061559196,0.46390185356140134,0.2456112876534462
2023-07-16 11:00:00,0.04922416903078556,0.37842975616455077,0.21539871565997598,0.451881291270256,0.2606288586184382
2023-07-16 12:00:00,0.13775231301784513,0.40390850067138667,0.2640472867339849,0.40609508514404297,0.2920279667526483
2023-07-16 13:00:00,0.2953816702961921,0.42704006195068356,0.28740462422370905,0.3045964674651622,0.27712598040699954
2023-07-16 14:00:00,0.3765298461914062,0.3225824615359306,0.25129029549658294,0.23143274009227752,0.20037333369255064
2023-07-16 15:00:00,0.18198691904544828,0.3118025118112564,0.168840072453022,0.1964242386072874,0.15234573192894454
2023-07-16 16:00:00,0.23419149905443187,0.18230364382266995,0.23650674737989896,0.20901283152401445,0.2107423067092895
2023-07-16 17:00:00,0.198766556084156,0.1770437493920326,0.24736954413354395,0.2235659512132406,0.23111700609326358
2023-07-16 18:00:00,0.2564249232411384,0.18169464036822314,0.2916279484331607,0.24735074333846568,0.2628102512657642
2023-07-16 19:00:00,0.27449012681841845,0.18752922639250752,0.28281936861574647,0.23690280020236967,0.2398476796597242
2023-07-16 20:00:00,0.1893890143930912,0.1083744364976883,0.2388454920053482,0.16573852218687532,0.21274113968014713
2023-07-16 21:00:00,0.12113984957337379,0.052834171578288076,0.1628158652037382,0.0975445497408509,0.1510918779671192
2023-07-16 22:00:00,0.10012845851480962,0.018366456367075443,0.12580407258123158,0.0897732327878475,0.11984537392854688
2023-07-16 23:00:00,0.16539189621806144,0.034520268067717554,0.19455047599971292,0.14399065617471932,0.18192711070179937
2023-07-17 00:00:00,0.25459336221218104,0.07528957732021808,0.25245087064802646,0.1832908998429775,0.22650501519441602
2023-07-17 01:00:00,0.28522555157542223,0.08467296600341796,0.2943970497697591,0.4182414644956588,0.2718039585649967
2023-07-17 02:00:00,0.3634582138061523,0.14847680151462553,0.4966811238974332,0.6473540806770324,0.4832630605995654
2023-07-17 03:00:00,0.05802084200084209,0.01677533406764269,0.2197109034657478,0.2263098698109388,0.24580113343894477
2023-07-17 04:00:00,0.14803744331002233,0.0025626095756888386,0.1725429259240627,0.14010080039501188,0.17682980239391327
2023-07-17 05:00:00,0.06639724727720021,0.0024179874733090403,0.14799348175525665,0.2891671165078878,0.1589997415244579
2023-07-17 06:00:00,0.1204828430712223,0.07094947934150696,0.29322287596762175,0.5675678387284278,0.31473269231617446
2023-07-17 07:00:00,0.40295454382896423,0.27069494232535357,0.5344587270915508,0.8506493133306503,0.4877357778698206
2023-07-17 08:00:00,0.5928329682350157,0.5784368342161178,0.6178507792204618,0.7814985784143208,0.554841547012329
2023-07-17 09:00:00,0.789719354957342,0.7504549719393252,0.6739961723238229,0.5586536234617232,0.5819601422548293
2023-07-17 10:00:00,0.7396155348420141,0.7663439086079598,0.5798237795382737,0.46506370276212694,0.4793051290512085
2023-07-17 11:00:00,0.8696615938842296,0.8856445184350014,0.6864935210347174,0.48319983229041086,0.5801800005137919
2023-07-17 12:00:00,0.9225881128013134,0.9324618676304817,0.7161287773400544,0.4913631384074687,0.6006578469276428
2023-07-17 13:00:00,0.8842919944226741,0.917276190072298,0.6916621936112641,0.5381772226095198,0.5799370867758988
2023-07-17 14:00:00,0.7961701294779777,0.8650510202348232,0.6461569970846175,0.5246249067783355,0.5577458298206328
2023-07-17 15:00:00,0.5507806694507598,0.7125060921907425,0.46433316051959983,0.3683667716383934,0.41396604001522064
2023-07-17 16:00:00,0.392458267211914,0.5881252443790435,0.3101246247440576,0.28540737919509407,0.279647287428379
2023-07-17 17:00:00,0.2783680564165115,0.5997242784500121,0.2857076504081487,0.3813770151138306,0.296737762838602
2023-07-17 18:00:00,0.2933008393645286,0.4614295721054077,0.2934905933588743,0.37653257302939885,0.2825946205854416
2023-07-17 19:00:00,0.47931967496871947,0.7100339083373546,0.6128507183492182,0.5116840716451406,0.6183562343567609
2023-07-17 20:00:00,0.9849642220139503,0.9569836491346357,0.9737632623314857,0.5683030987530946,0.9338452960550784
2023-07-17 21:00:00,0.9395182809233664,0.7874582102894783,0.8492105355858801,0.4489556498080491,0.7862292675673961
2023-07-17 22:00:00,0.8889582769572735,0.7232235437631607,0.7639334753155708,0.3466903371363878,0.6826948231458663
2023-07-17 23:00:00,0.8691889590024948,0.741612555682659,0.7080067833513021,0.23545425198972222,0.638083324804902
2023-07-18 00:00:00,0.8472293286025524,0.6824516533315181,0.6752574967592954,0.20410392513498662,0.5975946044921874
2023-07-18 01:00:00,0.6747996008396148,0.5638116455078124,0.5535345690697431,0.16778541510924697,0.48627068340778346
2023-07-18 02:00:00,0.5300196564197539,0.45062551021575925,0.4037752840667963,0.10021089447662233,0.3340241208672523
2023-07-18 03:00:00,0.28622823983430856,0.23693457677960392,0.29640102058649054,0.12647047547623513,0.2712219489365816
2023-07-18 04:00:00,0.18723057389259337,0.17119457468390464,0.1868204067647457,0.07471398573368787,0.16028143715113402
2023-07-18 05:00:00,0.11687789611518382,0.0805992979556322,0.10594504538923502,0.03966015307232737,0.07393433533608913
2023-07-18 06:00:00,0.13081742256879805,0.017275219298899174,0.08626700084656477,0.01943061999976635,0.050096013136208054
2023-07-18 07:00:00,0.0912082453817129,0.0,0.04159903226420284,0.00255427960306406,0.024339815899729726
2023-07-18 08:00:00,0.03192179527133703,0.0013381267338991164,0.014798480886965993,0.001091261114925146,0.004823558740317821
2023-07-18 09:00:00,0.0032213028892874715,0.03017287202179432,0.0016106514446437355,0.010729596558958292,0.014903644882142545
2023-07-18 10:00:00,0.0,0.08120559707283974,0.004299197047948837,0.03655972931534052,0.037322778329253195
2023-07-18 11:00:00,0.0021735813468694684,0.18241104170680045,0.05678690411150455,0.1140829649940133,0.08963235154747962
2023-07-18 12:00:00,0.016870184242725374,0.21723312363028524,0.09330820035189388,0.16458739086985585,0.0957193373143673
2023-07-18 13:00:00,0.02383417271077633,0.15946802541613575,0.09853228233754634,0.16830979906022547,0.10877637401223182
2023-07-18 14:00:00,0.05912163622677326,0.14902812615036962,0.11805214121937752,0.15478285640478134,0.13305592253804205
2023-07-18 15:00:00,0.22748513162136075,0.1666233177483082,0.21486975774168965,0.21917360819876192,0.2204784587025642
2023-07-18 16:00:00,0.187205127030611,0.12399761646986007,0.1416980631649494,0.14087092518806457,0.12757576461881398
2023-07-18 17:00:00,0.10148153163492679,0.02946092873811722,0.05108710043132304,0.04277545053511858,0.03291045654565096
2023-07-18 18:00:00,0.03395969361066818,0.02205201614648104,0.024076318964362145,0.027021569237113,0.019905740041285754
2023-07-18 19:00:00,0.04506236970424653,0.0499019106477499,0.06910990986973048,0.06444008506834507,0.06966480981558562
2023-07-18 20:00:00,0.10665222637355327,0.10033250473439692,0.1283691318333149,0.06795720934867859,0.12148729313164949
2023-07-18 21:00:00,0.09597001560032367,0.0721339213848114,0.09607693266123533,0.043008169159293175,0.08682608608156442
2023-07-18 22:00:00,0.06985053479671478,0.08082086853682995,0.09137394659221172,0.04895213220268487,0.09111685842275619
2023-07-18 23:00:00,0.08945500619709491,0.08149548478424548,0.11402658831328152,0.05898196028545499,0.11104523677378891
2023-07-19 00:00:00,0.10757194086909293,0.05750030159950257,0.1453756310045719,0.07982127700001,0.14230060316622256
2023-07-19 01:00:00,0.1594362251460552,0.07360300406813622,0.1820844779908657,0.08103988660499452,0.17055448614060875
2023-07-19 02:00:00,0.2008114258944988,0.13254183337092398,0.1933988869935274,0.0705564721673727,0.17505568727850912
2023-07-19 03:00:00,0.26921867296099655,0.15070273503661152,0.2222348293662071,0.05795898471027612,0.18836510218679903
2023-07-19 04:00:00,0.2531914003193378,0.12359922185540198,0.23444538116455074,0.05752601269632577,0.20246097892522807
2023-07-19 05:00:00,0.11550474509596823,0.05663855284452438,0.1326550833135843,0.03711425922811031,0.12561763118952513
2023-07-19 06:00:00,0.08012028142809868,0.08906050495803355,0.13701997328549623,0.047219509184360506,0.15155326813459397
2023-07-19 07:00:00,0.08319168798625469,0.1162141415476799,0.1315693587064743,0.03550743147730827,0.1502877676486969
2023-07-19 08:00:00,0.067073545306921,0.07159421131014823,0.08137936625629663,0.01323292512446642,0.09053218215703965
2023-07-19 09:00:00,0.02635067090392113,0.008175978511571884,0.029819999672472477,0.0023666867054998875,0.03887718658894301
2023-07-19 10:00:00,0.018213614225387573,0.0010681703314185142,0.0158347749710083,0.0008228833973407745,0.01940040718764067
2023-07-19 11:00:00,0.005501765497028827,0.0,0.0027865807339549063,0.0,0.0030753273330628873
2023-07-19 12:00:00,0.006730206459760666,0.0,0.0035035815276205544,0.0,0.005592921581119299
2023-07-19 13:00:00,0.007409887909889222,0.0,0.00434594314545393,0.000486211385577917,0.005164167638868094
2023-07-19 14:00:00,0.0008569135889410972,0.0,0.0004284567944705486,0.0,0.0010663504526019095
2023-07-19 15:00:00,0.0007893441617488861,0.0,0.001623802725225687,0.0009460812248289585,0.0018107969872653484
2023-07-19 16:00:00,0.0,0.0,0.006995248273015023,0.014825967364013195,0.007974915634840728
2023-07-19 17:00:00,0.0,0.0,0.01040418030694127,0.020562893766909836,0.011557816844433546
2023-07-19 18:00:00,0.0,0.0,0.0018738531321287155,0.008805080577731132,0.0021092524006962776
2023-07-19 19:00:00,0.0,0.0,0.00026503698900341987,0.0031358227506279946,0.0008669062145054339
2023-07-19 20:00:00,0.0,0.0,0.0,0.0013556799106299877,0.00011442316696047782
2023-07-19 21:00:00,0.0014792050421237944,0.00021161746233701702,0.001208687853068113,0.0036613423004746436,0.0015604514069855208
2023-07-19 22:00:00,0.019032923579216005,0.004859453402459621,0.016812078356742862,0.01408654361963272,0.011750319506973028
2023-07-19 23:00:00,0.03809680312871933,0.030956096798181534,0.03531677648425102,0.012828703429549932,0.029659612551331524
2023-07-20 00:00:00,0.027929406464099887,0.017764477133750917,0.027853608056902887,0.014507787991315127,0.023187439441680908
2023-07-20 01:00:00,0.0387106403708458,0.013220482431352138,0.04835487317293883,0.02369891580194235,0.044133884087204936
2023-07-20 02:00:00,0.059577078223228455,0.017821569629013538,0.0924213970452547,0.04067749008536339,0.0928255944699049
2023-07-20 03:00:00,0.07353365831077098,0.030823365151882172,0.12433032844215629,0.06457956863567232,0.12370269939303397
2023-07-20 04:00:00,0.09198599353432654,0.07781764082610607,0.13401267945766449,0.05234022185206413,0.12311262890696524
2023-07-20 05:00:00,0.054433405026793474,0.07373371124267578,0.08604095216840504,0.03437746394425631,0.06905857808887958
2023-07-20 06:00:00,0.019585146158933642,0.01958137534558773,0.04846359010785818,0.025274233166128396,0.021658477745950224
2023-07-20 07:00:00,0.0,1.0547414422035216e-05,0.009810262564569712,0.008558407425880434,0.002002078332006931
2023-07-20 08:00:00,0.007221227772533893,0.0031045530363917346,0.002829850744456052,3.499111160635948e-05,1.0056886821985245e-05
2023-07-20 09:00:00,0.07083589062094689,0.07577839456498622,0.028016542680561543,0.002093289475888014,0.0177750432305038
2023-07-20 10:00:00,0.19643889784812923,0.23916382804512976,0.13984732415527104,0.07449429556727409,0.13270799208432435
2023-07-20 11:00:00,0.27820537418127056,0.39893009185791006,0.2429437557607889,0.2069492483139038,0.22726784281432624
2023-07-20 12:00:00,0.2794123145937919,0.44272327423095703,0.24027406416833397,0.2367569181323051,0.2257670225948095
2023-07-20 13:00:00,0.35084439083933827,0.5438564574718475,0.28405999258160586,0.27983446121215816,0.25979968607425685
2023-07-20 14:00:00,0.3824302995204925,0.6043157732486724,0.35443414710462084,0.4235940504074096,0.3322604018449783
2023-07-20 15:00:00,0.38286431536078447,0.712450855821371,0.3851468431204558,0.48443884193897246,0.39096382699906823
2023-07-20 16:00:00,0.4831311321258544,0.7660138203203677,0.5588362919539211,0.7028663704544305,0.5456214001029729
2023-07-20 17:00:00,0.43481944680213924,0.5755544459819792,0.5502279096096753,0.76953802280128,0.5504560758173465
2023-07-20 18:00:00,0.28311707258224483,0.5515655939280986,0.4011238437891006,0.6895307725667953,0.4313101597130298
2023-07-20 19:00:00,0.3913323593139648,0.4000550079345703,0.46861227035522457,0.6532125850766897,0.4688520956039428
2023-07-20 20:00:00,0.4914786648750305,0.4634164535999298,0.5275071555376052,0.6916028986871241,0.49832721889019005
2023-07-20 21:00:00,0.48364081501960754,0.4817501831054687,0.5143364870548247,0.6716088829934597,0.5075197923183441
2023-07-20 22:00:00,0.5217398560047148,0.494355080127716,0.5791561639308929,0.6753895653784273,0.5652586078643798
2023-07-20 23:00:00,0.7437463818490504,0.4699570417404174,0.7153766988217831,0.5160952657461165,0.6542534036934374
2023-07-21 00:00:00,0.6171089267730712,0.35008142501115797,0.5484978860616683,0.32053089983761307,0.4856114989519119
2023-07-21 01:00:00,0.5004409182071685,0.09040817208588123,0.420344859957695,0.277754216119647,0.34195025719702243
2023-07-21 02:00:00,0.4123703762888907,0.0035826379433274267,0.44355610415339464,0.4738464051485062,0.34289981007575987
2023-07-21 03:00:00,0.29860468044877053,0.22741737484931943,0.15537060178816314,0.2913797983527183,0.1344690825417638
2023-07-21 04:00:00,0.0345912815630436,0.040763856992125515,0.03806845840066672,0.05212723206728697,0.047392203975468866
2023-07-21 05:00:00,0.057208460271358494,0.04609513074159623,0.033118963427841666,0.011332806292921304,0.020365308076143264
2023-07-21 06:00:00,0.06475421220064163,0.060329091399908066,0.07146889656782152,0.1834049271047115,0.08876801405102014
2023-07-21 07:00:00,0.09457529634237288,0.13728783018887042,0.20481815516948695,0.42924587540328496,0.20310419619083403
2023-07-21 08:00:00,0.07227715969085693,0.12762236341834068,0.16673737816512582,0.3073782763630152,0.171988700479269
2023-07-21 09:00:00,0.21788242101669308,0.24663536384701726,0.22185381338000296,0.2004630216956138,0.23483985014259812
2023-07-21 10:00:00,0.4002965927124023,0.4056755828857422,0.365150089263916,0.3084742311388254,0.3379012870788574
2023-07-21 11:00:00,0.5642517066001891,0.5737072086334227,0.527671963572502,0.6285811236500739,0.48687619030475615
2023-07-21 12:00:00,0.6889021641016004,0.6986029481887817,0.6526517028361558,0.8080784638226032,0.6062772279977797
2023-07-21 13:00:00,0.7277636541426181,0.6955820953845977,0.6521694058924912,0.8035348135232925,0.5725219851732253
2023-07-21 14:00:00,0.8148324860632419,0.748863681256771,0.7291496171057223,0.8319144012778996,0.6378045266866683
2023-07-21 15:00:00,0.8564372299611568,0.8650698859989643,0.774966739565134,0.7699668186902998,0.7008438138663768
2023-07-21 16:00:00,0.8367989173531531,0.7734627506136893,0.7294523375481367,0.6660171388089655,0.6576074393838642
2023-07-21 17:00:00,0.8878184162080287,0.8932043120265006,0.8622747203707695,0.7879487323015927,0.8138311842828989
2023-07-21 18:00:00,0.9943896010518074,0.9861098605394363,0.9444229786098004,0.9002372576296329,0.895623757392168
2023-07-21 19:00:00,0.9573154097795487,1.0,0.9122757670283318,0.919400099888444,0.88386433750391
2023-07-21 20:00:00,0.9711392830312251,0.9935236427187919,0.9080446696281432,0.9246521184593439,0.8844271870702505
2023-07-21 21:00:00,0.9805622190237044,0.9858133092522621,0.924181143566966,0.9383978007733822,0.8843444282561541
2023-07-21 22:00:00,0.9911605951189995,0.9761698785424232,0.9570208280533552,0.9399311427026986,0.9255610051751135
2023-07-21 23:00:00,0.9787270087003708,0.9467833210527896,0.9315122580528259,0.8968501377105711,0.8964613447338342
2023-07-22 00:00:00,0.9467444796860218,0.8550669036805629,0.8691970332711935,0.8176160182803868,0.8250035385787486
2023-07-22 01:00:00,0.9267917308211326,0.8456903904676436,0.8452929434180259,0.7541004082560538,0.7945542792230844
2023-07-22 02:00:00,0.8964430199563502,0.8401382282376288,0.8277513962984084,0.6851752458512782,0.7833179129660128
2023-07-22 03:00:00,0.6626878006756305,0.7156897096335887,0.573637202978134,0.427483429312706,0.5160437589883804
2023-07-22 04:00:00,0.47768810272216794,0.439511604309082,0.47292797327041625,0.2882118172943592,0.4527728205919266
2023-07-22 05:00:00,0.36807327270507806,0.3248846882581711,0.3434537898004055,0.21008591413497923,0.32084823317825795
2023-07-22 06:00:00,0.35764171600341793,0.3617029152810573,0.3237004040926695,0.1955923411250114,0.2970664035528898
2023-07-22 07:00:00,0.4371789932250976,0.45511770248413086,0.3539525493234395,0.1709316077083349,0.3082676471024751
2023-07-22 08:00:00,0.5149365222454071,0.4763731360435485,0.3691984666883945,0.1247722365707159,0.30239192336797716
2023-07-22 09:00:00,0.5207545912265777,0.48147878170013425,0.37055733382701866,0.10766929171979425,0.2984482581913471
2023-07-22 10:00:00,0.507519588470459,0.472837518453598,0.352134151160717,0.099929002225399,0.2858401130139827
2023-07-22 11:00:00,0.5200993275642395,0.4306387364864349,0.3460656527429819,0.10072268553078174,0.27652471899986264
2023-07-22 12:00:00,0.49983497023582457,0.35492720574140546,0.34352980427443974,0.10958513524383304,0.27541064552962774
2023-07-22 13:00:00,0.5162400758266449,0.3225213551521301,0.37167812302708625,0.12556962572038174,0.3022726261615753
2023-07-22 14:00:00,0.5074916303157806,0.2771163779497146,0.3577078159153461,0.10542144238948821,0.285498394370079
2023-07-22 15:00:00,0.5744404351711272,0.2941931891441345,0.3754029820114374,0.08175447767600416,0.2844458933919668
2023-07-22 16:00:00,0.48849630713462827,0.2778581720590591,0.3077621918171644,0.0575734225846827,0.22902136422693725
2023-07-22 17:00:00,0.25898512840270993,0.1327114377915859,0.1605413698405027,0.028070389032363894,0.1170460121706128
2023-07-22 18:00:00,0.06777354896068573,0.030779760181903842,0.0366108057834208,0.002139213141053915,0.023142009638249875
2023-07-22 19:00:00,0.09685294449329375,0.07547074303030968,0.07156255144625902,0.010166189819574357,0.05635729528963566
2023-07-22 20:00:00,0.3181748580932617,0.27666812166571614,0.2862307756394148,0.07631986958906055,0.24383582428097725
2023-07-22 21:00:00,0.36502639770507805,0.33584220886230465,0.3212245650589466,0.11489705681800841,0.28047305531799793
2023-07-22 22:00:00,0.2896209387481212,0.2743907061219215,0.2783084768801927,0.12419661432504653,0.25688954316079615
2023-07-22 23:00:00,0.24710143610835072,0.22653133139014242,0.2576013056188821,0.12443134024739264,0.24247732400894162
2023-07-23 00:00:00,0.24102480977773663,0.21313153818249697,0.26419477865099905,0.12383095150813458,0.24940508008003232
2023-07-23 01:00:00,0.20997275710105892,0.19181244954466817,0.23678947947919365,0.11391637926921247,0.22853104770183558
2023-07-23 02:00:00,0.17915704697370527,0.16326607838273047,0.19701628454029557,0.09386696033179759,0.18950075715780257
2023-07-23 03:00:00,0.22501215323805807,0.14947641015052793,0.2094827526062727,0.08555200986564158,0.189236164689064
2023-07-23 04:00:00,0.23736283808946607,0.14565914705395697,0.20893364414572713,0.053440126888453954,0.1812378215789795
2023-07-23 05:00:00,0.26040436819195745,0.11858882404863835,0.15952872358262535,0.012965622041374445,0.11037983685731886
2023-07-23 06:00:00,0.25247738987207413,0.08393415577709676,0.16150430530309676,0.012901111114770174,0.1099246910214424
2023-07-23 07:00:00,0.22826885759830473,0.08394402354955674,0.1493077394366264,0.008506465479731561,0.09897950693964958
2023-07-23 08:00:00,0.14421695828437803,0.08325821608304979,0.08653227254748344,0.009110139235854148,0.05229718532413244
2023-07-23 09:00:00,0.10643311537802219,0.09551017545163631,0.09098515056073665,0.06348196182399989,0.07775166772305965
2023-07-23 10:00:00,0.19400208517909046,0.21193660721182822,0.19506929226219652,0.14723732762038705,0.18271999098360536
2023-07-23 11:00:00,0.2952821666002273,0.25113374054431914,0.26728395253419873,0.18072770193219184,0.23523809097707268
2023-07-23 12:00:00,0.3934170532226562,0.28619266659021375,0.34869052886962887,0.2313604376465082,0.3007139424979686
2023-07-23 13:00:00,0.4422835159301758,0.2609703212976455,0.3507460205256938,0.2354694092273712,0.28665226630866525
2023-07-23 14:00:00,0.3323758064210415,0.14428342819213863,0.300569933950901,0.2290343128144741,0.252830080166459
2023-07-23 15:00:00,0.2658736817538738,0.009049116633832455,0.2825597930699587,0.10817257728427648,0.1566048606485128
2023-07-23 16:00:00,0.5322087287902831,0.06746820278465748,0.42955510139465325,0.125923661198467,0.3234390688687563
2023-07-23 17:00:00,0.156332221776247,0.12774256721138952,0.17870400592684743,0.11925402309745547,0.16388136394321917
2023-07-23 18:00:00,0.024324309676885605,0.0160944102704525,0.04494960725307465,0.0638045471534133,0.048388272486627096
2023-07-23 19:00:00,0.021835755556821823,0.007800085432827472,0.06850563406944274,0.07671828255057335,0.07468952529132367
2023-07-23 20:00:00,0.07346552215516566,0.020772820971906185,0.13036545511335135,0.0867163898795843,0.13586664289236067
2023-07-23 21:00:00,0.10283551186323164,0.03724900253117085,0.1434977930784225,0.08037214785814283,0.1393328797072172
2023-07-23 22:00:00,0.09301106698811054,0.04037852570414543,0.1277236633002758,0.07596176402643323,0.12275024861097333
2023-07-23 23:00:00,0.1102744924277067,0.0326974069327116,0.1252578257024288,0.07448069604113697,0.11307854291051625
2023-07-24 00:00:00,0.0802502780407667,0.01560056794434786,0.10731352481991051,0.07376197973266244,0.09891175419092178
2023-07-24 01:00:00,0.02215719994157553,0.0035144010558724403,0.07874246172606944,0.10403298057615755,0.11707730092108248
2023-07-24 02:00:00,0.19460525840520856,0.0,0.20692543197423216,0.1594940875843167,0.14925023242831228
2023-07-24 03:00:00,0.028359815925359726,0.019566954895854,0.01031392566859722,0.13253692500293254,0.008371532056480646
2023-07-24 04:00:00,0.019900475144386292,0.04552805364131928,0.006665973588824274,0.06352210469543934,0.0016550739668309688
2023-07-24 05:00:00,0.0001256813108921051,0.0036935237422585487,0.00012230159714818,0.11061806669458746,6.144233047962188e-05
2023-07-24 06:00:00,0.0,0.04410551726818085,0.028915936835110186,0.19021575551480052,0.03517508376389742
2023-07-24 07:00:00,0.031272218599915504,0.1366948552429676,0.09542273141443729,0.19191883958876133,0.1190669848024845
2023-07-24 08:00:00,0.18952428504824637,0.32711093902587884,0.23696093574166294,0.3369485259056091,0.25465112447738647
2023-07-24 09:00:00,0.260933998376131,0.41556152343749997,0.293310424759984,0.3617581026256084,0.29458523385226726
2023-07-24 10:00:00,0.34256943285465236,0.4875214850902557,0.34881529122591015,0.3990958023071289,0.3288911974430084
2023-07-24 11:00:00,0.35278969496488566,0.5609146809577941,0.3480161510407925,0.3841644859313964,0.33287846125662324
2023-07-24 12:00:00,0.36385634094476693,0.6322893357276915,0.31324969902634614,0.29155592851340767,0.29984280645847317
2023-07-24 13:00:00,0.3068620881438255,0.5116426801681518,0.25941272079944605,0.24741251043975349,0.24260461069643496
2023-07-24 14:00:00,0.2365218891203403,0.3897220230102539,0.20833298362791536,0.19843309015035626,0.1931032685935497
2023-07-24 15:00:00,0.2255430696904659,0.3123376855254173,0.18916366800665854,0.17607447378337385,0.16274070560932158
2023-07-24 16:00:00,0.13074044719338418,0.2754561784863472,0.13168974742293357,0.12021776877343654,0.12909624278545379
2023-07-24 17:00:00,0.023882365189492702,0.10547059863805769,0.0460902432538569,0.08738297943025827,0.059643698520958424
2023-07-24 18:00:00,0.0002941571921110153,0.026272231303155424,0.016418751217424872,0.07238077975809575,0.03853214330971241
2023-07-24 19:00:00,0.0016730307042598723,0.007991101779043674,0.004915268905460834,0.039258678220212465,0.009520564097911119
2023-07-24 20:00:00,0.016716319769620895,0.01709515638649464,0.02450656421482563,0.048188872076570986,0.02628172874450684
2023-07-24 21:00:00,0.0520341681689024,0.059630841463804235,0.05084198251366615,0.03791448082774877,0.05123794391751289
2023-07-24 22:00:00,0.14626925751566885,0.10324612289667126,0.15034097686409947,0.0751588337123394,0.14492681119590997
2023-07-24 23:00:00,0.2807156397402286,0.24112402915954587,0.28789226390421385,0.1538169717416167,0.2571205230057239
2023-07-25 00:00:00,0.42693065643310546,0.34989250183105464,0.4500015407800674,0.19058288373053073,0.3922807693481446
2023-07-25 01:00:00,0.3670950742065906,0.07689147010445595,0.27854934982955454,0.1303441097587347,0.217056193575263
2023-07-25 02:00:00,0.3378447723388671,0.14819802805781362,0.31211259149014947,0.13468480501323934,0.2715100798755884
2023-07-25 03:00:00,0.2794790211319923,0.08480908185243606,0.17156134612858293,0.046905616782605644,0.12618060886859891
2023-07-25 04:00:00,0.07878501251339912,0.0036349928751587867,0.03803882570937276,0.0016518493369221685,0.025144727472215894
2023-07-25 05:00:00,0.0,0.002161015272140503,0.0,0.0009751611575484276,0.00046427173539996145
2023-07-25 06:00:00,0.0,0.0011688771471381188,0.0,0.013159896209836007,0.0003063385561108589
2023-07-25 07:00:00,0.0032484254240989683,0.005589780919253826,0.0011797145940363406,0.03592162281274795,0.0018641968071460722
2023-07-25 08:00:00,0.020856990069150923,0.030012368559837344,0.03277610186487437,0.056646233089268215,0.027301365248858928
2023-07-25 09:00:00,0.07689874194562435,0.07996394395828246,0.1334091255813837,0.0614575333148241,0.14219106532633302
2023-07-25 10:00:00,0.14581978946924207,0.12170790530741214,0.11561544273048638,0.014994434006512167,0.10473906908184288
2023-07-25 11:00:00,0.1468965162336826,0.12302281588315962,0.07802159532904625,0.002537961602210998,0.05244928140193224
2023-07-25 12:00:00,0.14817283645272253,0.10968377843499183,0.06933651825413108,0.0022190646082162857,0.03826561102643609
2023-07-25 13:00:00,0.14418837785720823,0.0956898471713066,0.06039356552064418,0.0016802065446972847,0.02867459557950497
2023-07-25 14:00:00,0.1327972811460495,0.07991925984621048,0.05038693046197295,0.0007252688333392142,0.019621357154101134
2023-07-25 15:00:00,0.1758650656044483,0.09219056658446788,0.12121253550052644,0.03278559572994709,0.0783794212527573
2023-07-25 16:00:00,0.12210620075464249,0.03933200664818287,0.055302295107394456,0.004487740192562342,0.025240224804729223
2023-07-25 17:00:00,0.007814504280686379,0.006669022180140018,0.004021915215998888,0.0,0.0016867136396467686
2023-07-25 18:00:00,0.0,0.0,0.0,0.0,0.0
2023-07-25 19:00:00,0.0,0.0,0.0,0.0,0.0
2023-07-25 20:00:00,0.0,0.0,0.0,0.0007540158927440642,0.0
2023-07-25 21:00:00,0.0028630652278661727,0.005772759281098842,0.010328011177480223,0.01547801747918129,0.010727082025259732
2023-07-25 22:00:00,0.003802894689142704,0.008003777600824831,0.008402170762419699,0.007993618436157703,0.00871327981352806
2023-07-25 23:00:00,0.00021714136004447935,0.00845971006900072,0.006651956252753733,0.00700847128406167,0.010618370026350021
2023-07-26 00:00:00,0.014282421916723251,0.054195723161101335,0.0579983501881361,0.037430064156651496,0.06694744560867548
2023-07-26 01:00:00,0.0732770662009716,0.16400796234607695,0.14899678740650413,0.07818404057994484,0.15791170373558996
2023-07-26 02:00:00,0.12344745978713034,0.1860736551880836,0.19267601661384104,0.08646088631823658,0.19578992143273352
2023-07-26 03:00:00,0.26888969600200646,0.2476247392594814,0.30526445806026453,0.1514050159603357,0.3082030759006738
2023-07-26 04:00:00,0.1733323089778423,0.09407956346869469,0.1673756682127714,0.0756069279834628,0.1625235433131456
2023-07-26 05:00:00,0.1246635365486145,0.024843017011880877,0.1167961659654975,0.04925860803574324,0.11978931996971368
2023-07-26 06:00:00,0.05274854227900505,0.0018727992475032805,0.06792629320174456,0.15451313018798826,0.07890024151653051
2023-07-26 07:00:00,0.11359353378415107,0.02003624185919762,0.1631467305868864,0.41327113538980476,0.18344240270555018
2023-07-26 08:00:00,0.2807660263776779,0.12202283650636672,0.39564107507467267,0.5115012145042419,0.4082465248554945
2023-07-26 09:00:00,0.5667879140377043,0.49242093563079825,0.6495415686070918,0.6520354578644036,0.6352282619476318
2023-07-26 10:00:00,0.7982072255015372,0.8255530551075935,0.7724289084225893,0.7799482053518295,0.7167643482238053
2023-07-26 11:00:00,0.8154214157164097,0.895586152523756,0.7668786285817621,0.7997910477221011,0.7125093160569668
2023-07-26 12:00:00,0.9077139936387538,0.9769300851225853,0.8465031023323536,0.7945071120560169,0.7851183319836855
2023-07-26 13:00:00,0.9528440634906291,0.9900588670372963,0.8825500743836164,0.7642035554349421,0.8127050455659628
2023-07-26 14:00:00,0.9550693677365778,0.9906232127547264,0.8661725401133298,0.6916860955208539,0.7909420699626206
2023-07-26 15:00:00,0.7984808361530304,0.8956031225621699,0.7547384636849164,0.6310195790976285,0.6690396266430615
2023-07-26 16:00:00,0.9032199808955192,0.8580348731577396,0.6370860510319472,0.3984255617856979,0.5205272744596003
2023-07-26 17:00:00,0.6276452219486235,0.6886249183118343,0.4410601437091827,0.40599993526935574,0.36130982875823975
2023-07-26 18:00:00,0.28584256708621975,0.5188574647903442,0.2647491274029016,0.44322688296437257,0.25376416921615597
2023-07-26 19:00:00,0.2439436714351177,0.48116837620735164,0.20364794939756392,0.41897927679121494,0.20512034893035885
2023-07-26 20:00:00,0.43311526298522945,0.7410938835144042,0.37470432281494137,0.5743645388633012,0.37609707869589326
2023-07-26 21:00:00,0.7265903024375437,0.710935623794794,0.7944784476608038,0.8861104939877986,0.7869650301337241
2023-07-26 22:00:00,0.9176611250638961,0.8218345376849173,0.9497476628422736,0.981664684265852,0.9306393822282553
2023-07-26 23:00:00,0.9764484602212905,0.8571181870996951,0.988732525408268,0.9819464524835348,0.981388119906187
2023-07-27 00:00:00,0.9758322632312774,0.8881424973905085,0.9712157645076513,0.9581810146570204,0.9429244403541087
2023-07-27 01:00:00,0.9556707729399203,0.8559818118810653,0.9705026322603225,0.9924019049108027,0.9543971712142229
2023-07-27 02:00:00,0.9388805447518824,0.8604399402439594,0.9600806585699317,0.9704870379716157,0.9461575576663017
2023-07-27 03:00:00,0.5070926451683044,0.3118955069780349,0.5670906460285186,0.7811630599200724,0.5314657694101332
2023-07-27 04:00:00,0.7133891648054123,0.5500468170642852,0.7647565944492816,0.8796164578199386,0.7257770954072474
2023-07-27 05:00:00,0.8366160374879836,0.5757338857650756,0.8484478493034839,0.9254174914211033,0.798751520961523
2023-07-27 06:00:00,0.8910417674481868,0.7398221856355667,0.9126756384968757,0.9330006620287895,0.8647828195989131
2023-07-27 07:00:00,0.8816495026648044,0.980972429215908,0.8747526191174984,0.9254148134589194,0.8287722203880548
2023-07-27 08:00:00,0.986974922120571,0.9939523509144783,0.9880403697490693,0.9973002144694328,0.9764958100765944
2023-07-27 09:00:00,1.0,1.0,1.0,0.9818440293520688,0.9782975185662508
2023-07-27 10:00:00,0.9224113614857196,0.9754555362462998,0.8314797192066907,0.6192519357800483,0.7146535328030585
2023-07-27 11:00:00,0.5019685161113738,0.6811533650755881,0.37054806582629674,0.17497819177806373,0.2969960758835077
2023-07-27 12:00:00,0.28590674251317977,0.46064169883728023,0.1514822046458721,0.06815748553723097,0.13753646485507487
2023-07-27 13:00:00,0.13902962461113927,0.41035358428955077,0.13344304539263246,0.42957733467221254,0.17228828877210614
2023-07-27 14:00:00,0.4426090168952942,0.7051286233961581,0.6014616188406943,0.7616739020496606,0.6322642531991004
2023-07-27 15:00:00,0.5487560801208018,0.7263234300911425,0.4990212027728558,0.42688773393630974,0.44468883395195
2023-07-27 16:00:00,0.47915578484535215,0.5866069352626799,0.4582764488458633,0.6045413954555987,0.417929790019989
2023-07-27 17:00:00,0.46459847569465634,0.3180068787932395,0.4343145525455474,0.7733626537770032,0.40817360803484914
2023-07-27 18:00:00,0.4661663818359375,0.45686683654785154,0.47686965286731714,0.8314146208763122,0.5225229412317275
2023-07-27 19:00:00,0.5603325521945952,0.7941647744178771,0.5500802157819271,0.7575243353843688,0.557948783636093
2023-07-27 20:00:00,0.520094164609909,0.7032391807436942,0.5104370385408401,0.6738925325870513,0.5035452735424041
2023-07-27 21:00:00,0.6759387923777103,0.7422875387966632,0.6466034444421529,0.7207805381715298,0.6109246915578841
2023-07-27 22:00:00,0.6059917068481444,0.6296072690188884,0.5532014524936675,0.7407634034007786,0.5116306102275848
2023-07-27 23:00:00,0.5123775160312652,0.5253540277481079,0.5150837755203247,0.6549819594621658,0.4951505142450332
2023-07-28 00:00:00,0.4140761566162109,0.27729614853858947,0.3467755057662725,0.3084800458699465,0.3141292625665665
2023-07-28 01:00:00,0.2669514381885528,0.23446497067809102,0.25271027900278564,0.21957747511565684,0.2332795003801584
2023-07-28 02:00:00,0.23297627732157705,0.262563554495573,0.24593230105936525,0.15571971714496613,0.23518359221518037
2023-07-28 03:00:00,0.1827177946269512,0.1561229109764099,0.2042358516901731,0.11070914039388298,0.19964054994285102
2023-07-28 04:00:00,0.07450549505650997,0.06784653775393963,0.09343455605208874,0.037235357724130155,0.10321682315319776
2023-07-28 05:00:00,0.07423822999000548,0.08751888886094093,0.10333558268845079,0.03286258704960346,0.11461412914097309
2023-07-28 06:00:00,0.14566371992230415,0.12267885044217108,0.1568792827427387,0.03537165939807892,0.16607385247945783
2023-07-28 07:00:00,0.18639303505420685,0.23242015987634657,0.19579310469329353,0.04189987266436219,0.20121445335447785
2023-07-28 08:00:00,0.4452363967895508,0.42748729705810545,0.2831041748076677,0.06095388460904359,0.22593801148235798
2023-07-28 09:00:00,0.4027234649658203,0.35354564666748045,0.20017145570367573,0.10415796156972645,0.14481090798974033
2023-07-28 10:00:00,0.3342770770192146,0.37187732696533193,0.19810417890548704,0.17636059820652006,0.16693368434906003
2023-07-28 11:00:00,0.4733005666732788,0.5324300682544707,0.28411267347633834,0.18008749395608897,0.23416654296219344
2023-07-28 12:00:00,0.5707572257518767,0.5909125065803527,0.3270229883491993,0.15326977401971814,0.25098494641482827
2023-07-28 13:00:00,0.5751794731616973,0.6393027475476264,0.37453384682536117,0.24135263636708254,0.29967380799353116
2023-07-28 14:00:00,0.486796680688858,0.5694287276268004,0.3894561386108398,0.4633352017402648,0.33191189467906945
2023-07-28 15:00:00,0.3132569654285907,0.38761432647705074,0.36303525596857067,0.4989677292108536,0.35028165921568866
2023-07-28 16:00:00,0.5725679850578307,0.6767887307703494,0.5149549400806427,0.4803776854276657,0.4823487520217895
2023-07-28 17:00:00,0.3748211288452148,0.49430121541023253,0.282357312515378,0.3091717991232872,0.25820637926459306
2023-07-28 18:00:00,0.24245446041226384,0.3904789352416992,0.23372526861727236,0.5465521696954965,0.21622073836624622
2023-07-28 19:00:00,0.321669919937849,0.3592465209960937,0.47543064415454855,0.5181826764345168,0.4546041733026504
2023-07-28 20:00:00,0.5374753034114836,0.5113715088367462,0.4493797618150711,0.2209614821523428,0.3655524291098118
2023-07-28 21:00:00,0.3341851709783077,0.31111755371093747,0.23510123081505296,0.10162364058196544,0.18038788974285122
2023-07-28 22:00:00,0.23834896370768544,0.2926425284147262,0.16451096840202806,0.07095969386398793,0.13529661908745763
2023-07-28 23:00:00,0.2240943020582199,0.2492529436945915,0.20595418103039262,0.12811580892652272,0.1915925697237253
2023-07-29 00:00:00,0.3689867782592773,0.32901793420314784,0.32077023848891256,0.13938218493014573,0.28098881483078003
2023-07-29 01:00:00,0.35978759765624996,0.32063161045312877,0.29272522218525404,0.12702315609902143,0.24361889332532877
2023-07-29 02:00:00,0.41918842315673827,0.3033425286412239,0.3632416713237762,0.15170711621642113,0.33408166028559205
2023-07-29 03:00:00,0.4370971000194549,0.2462079283595085,0.3143531365692615,0.6472083561867475,0.24177685644477603
2023-07-29 04:00:00,0.13501418806612492,0.08817382417619228,0.24902514152228827,0.54602224111557,0.21534823793917893
2023-07-29 05:00:00,0.09948043160140514,0.10650430865585803,0.2004796868562698,0.22103894628584383,0.22516258165240283
2023-07-29 06:00:00,0.2278653265535831,0.15010440379381176,0.23877003818750378,0.1818330170214176,0.21168050505220887
2023-07-29 07:00:00,0.40291687011718746,0.25604909747838966,0.33050359584391115,0.18497483693063255,0.27351001188158985
2023-07-29 08:00:00,0.426348648071289,0.2961092990636825,0.3131418747454881,0.13923033997416495,0.2508673868328332
2023-07-29 09:00:00,0.3552246475219726,0.2077437767386436,0.2048938389867544,0.047073865719139574,0.1514370036870241
2023-07-29 10:00:00,0.1556356759369373,0.07213062077760696,0.06704782573506235,0.005095416139811277,0.03858031958341599
2023-07-29 11:00:00,0.1363329045474529,0.03825190626084805,0.06016804479062557,0.006754135712981224,0.036099293176084755
2023-07-29 12:00:00,0.14474788054823873,0.07755094975233078,0.06592750277370214,0.018803925141692164,0.04076558191329241
2023-07-29 13:00:00,0.08924736201763153,0.10432862870395182,0.032422799225896595,0.08181957533583045,0.014990990348160267
2023-07-29 14:00:00,0.15929913550615307,0.09678890608251095,0.10669151626527307,0.127054270170629,0.07324033293873071
2023-07-29 15:00:00,0.19886404991149897,0.10221672937273979,0.14125312034040688,0.09746872704476119,0.12451730877161026
2023-07-29 16:00:00,0.26323427751660344,0.2116025926172733,0.17335915975272653,0.04140599720180035,0.150402459166944
2023-07-29 17:00:00,0.1184049942344427,0.14716441690921783,0.059330807533115135,0.2004374382831156,0.041793789435178044
2023-07-29 18:00:00,0.3715378952026367,0.11038864143192767,0.3302078026533126,0.3564080649614334,0.2694315043091774
2023-07-29 19:00:00,0.49360516190528864,0.262103953063488,0.42613260567188255,0.3328864054381847,0.3245821230113506
2023-07-29 20:00:00,0.5005382323265075,0.7152594877779483,0.3669003461301326,0.18869799904525278,0.34377572901546954
2023-07-29 21:00:00,0.4718502104282378,0.822788310945034,0.33222560659050937,0.3050113882869482,0.3044771832972764
2023-07-29 22:00:00,0.43495468139648436,0.5473994767665862,0.5287094392627477,0.8778564032167195,0.5048388916254043
2023-07-29 23:00:00,0.5556785680353641,0.26743629023432725,0.6900566170364618,0.9268391039967536,0.6871911580115556
2023-07-30 00:00:00,0.5343576145172119,0.3961430740356445,0.5771757966279982,0.8077723964303731,0.5529525658488272
2023-07-30 01:00:00,0.636951640844345,0.5512126839160918,0.6432296866923569,0.8186454349011182,0.608934045433998
2023-07-30 02:00:00,0.6755903764069079,0.5995242430269717,0.6511939565092324,0.7459861154109239,0.6100071637332438
2023-07-30 03:00:00,0.5534635937213896,0.46628124475479127,0.5452006465196608,0.5747829271852969,0.5034251278638839
2023-07-30 04:00:00,0.4856718337535858,0.42293277740478513,0.5077058231830597,0.44720554172992705,0.4805278843641281
2023-07-30 05:00:00,0.4058736419677734,0.37207302674651144,0.3886366271972656,0.27571430094540117,0.3550464793294668
2023-07-30 06:00:00,0.47911141872406005,0.4597986721992492,0.3975419181585312,0.23012212179601194,0.3486324631422758
2023-07-30 07:00:00,0.47584131360054016,0.3877383296191692,0.3754813347011804,0.20954726126044987,0.31720329821109766
2023-07-30 08:00:00,0.3563090896606445,0.2745748378336429,0.2666838767379522,0.11068397399038075,0.21567969515919683
2023-07-30 09:00:00,0.20377368375658986,0.15449656218290325,0.13356226235628127,0.051966648586094386,0.10777322996407745
2023-07-30 10:00:00,0.1529502998292446,0.09358256556093693,0.12039451133459805,0.08155018899589776,0.11487491160631179
2023-07-30 11:00:00,0.16001781076192853,0.0876326910406351,0.17358822591602802,0.12802790693938731,0.17113222688436508
2023-07-30 12:00:00,0.19959321215748785,0.1331833618879318,0.1840127238631248,0.12080384794622659,0.16932386323809623
2023-07-30 13:00:00,0.24612362191081044,0.17298581212759018,0.19520954616367814,0.10625974994152784,0.16901190787553785
2023-07-30 14:00:00,0.30309481427073476,0.2112629352509975,0.2318342091143131,0.12702913153916595,0.19324136123061175
2023-07-30 15:00:00,0.18748256430029867,0.09799104742705822,0.1753792004287243,0.11003841545432806,0.15579432792961595
2023-07-30 16:00:00,0.24590263590216635,0.1366062967479229,0.23927873559296128,0.14760719332844016,0.21734298497438428
2023-07-30 17:00:00,0.16947399213910103,0.09838673375546932,0.165509672537446,0.13841665085405108,0.1524545416980982
2023-07-30 18:00:00,0.0484280525892973,0.021092260926961898,0.04503342915326357,0.11461818542331456,0.041954792104661465
2023-07-30 19:00:00,0.06295372709631919,0.05214769192039967,0.08148064225912094,0.18595136772841214,0.08187423955649137
2023-07-30 20:00:00,0.061728724986314765,0.04499498561024666,0.10952237173914908,0.26147019311785696,0.11212316997349261
2023-07-30 21:00:00,0.07059177875518799,0.07220969937741756,0.13923388600349426,0.32075322739779943,0.14823677033185956
2023-07-30 22:00:00,0.14125277154147625,0.10518861800432205,0.22519605144858357,0.31944828443229195,0.22781113833189007
2023-07-30 23:00:00,0.2262045437097549,0.17769263207912445,0.3301154181361198,0.3818636512756347,0.3212137903273105
2023-07-31 00:00:00,0.31658102467656135,0.2876487998664379,0.3748280715942382,0.37584501266479486,0.3612842369079589
2023-07-31 01:00:00,0.3357913444936275,0.3663444137573242,0.3790956878662109,0.36571505151689054,0.36087314605712884
2023-07-31 02:00:00,0.3386506280303001,0.40757122039794924,0.3726859474182128,0.3261791697889566,0.34921891063451765
2023-07-31 03:00:00,0.41849235534667967,0.46258373975753786,0.45406269013881684,0.3276163976639509,0.44636969506740565
2023-07-31 04:00:00,0.41541962742805477,0.35919811248779293,0.4286775070428848,0.2680971190333366,0.39506440863013265
2023-07-31 05:00:00,0.44379951953887936,0.395120735168457,0.36560164280235763,0.1742569825053215,0.31970452204346655
2023-07-31 06:00:00,0.4024113464355469,0.5012001252174377,0.338569776341319,0.18183382935822007,0.3095358312875032
2023-07-31 07:00:00,0.5289552962779998,0.7349859645962714,0.44120490729808803,0.24300905771553513,0.40292451858520506
2023-07-31 08:00:00,0.5429397678375243,0.6796369156241415,0.4123293299973011,0.2240509298443794,0.36335418701171873
2023-07-31 09:00:00,0.5298797345161438,0.5377507662773131,0.38621245153248307,0.2424226555228233,0.32109181150794025
2023-07-31 10:00:00,0.5413698709011078,0.4858417308330536,0.41819773375988,0.328386907055974,0.35058782175183295
2023-07-31 11:00:00,0.6266660845279692,0.5192893004417418,0.5106853318214416,0.42759283244609836,0.44129517793655393
2023-07-31 12:00:00,0.675897412598133,0.54458154797554,0.5599657049775123,0.4853826195001602,0.48383478522300716
2023-07-31 13:00:00,0.6630627146363257,0.5235549235343933,0.5569385135918855,0.5173671847581863,0.4800895822048187
2023-07-31 14:00:00,0.6133559799194335,0.4383319306373596,0.5176098841428756,0.5074092632532119,0.44582140147686
2023-07-31 15:00:00,0.5396523630619048,0.31655722767114636,0.5121964800357818,0.5164157158136368,0.44393770754337303
2023-07-31 16:00:00,0.4278849875926971,0.2585638630390167,0.415271343588829,0.5260791367292403,0.361980904340744
2023-07-31 17:00:00,0.271476312726736,0.1439544878900051,0.26475980237126345,0.43108501844108105,0.23642288409173484
2023-07-31 18:00:00,0.19206588745117184,0.13993852958083153,0.19659517079591748,0.3952860300987958,0.1871054346114397
2023-07-31 19:00:00,0.17298062592744826,0.13855417534708975,0.1736049276590347,0.361921984180808,0.16649351224303244
2023-07-31 20:00:00,0.18905354559421536,0.158307149708271,0.1936335526406765,0.3413146571815014,0.18314070791006085
2023-07-31 21:00:00,0.1739389081299305,0.20303398862481115,0.17384512066841123,0.2706788972020149,0.17941927567124363
2023-07-31 22:00:00,0.22746908396482463,0.3021738158166408,0.22281346611678596,0.2900960226356983,0.232439342290163
2023-07-31 23:00:00,0.26047218248248094,0.29791101083159444,0.2670932356268167,0.31848655596375464,0.2658312746882438
2023-08-01 00:00:00,0.23832126855850216,0.29388285085558885,0.2965071111172437,0.3381760776787996,0.29893691688776014
2023-08-01 01:00:00,0.27681117013096807,0.31475501969456665,0.33053107216954225,0.32227611295878883,0.32699898973107333
2023-08-01 02:00:00,0.31096381425857544,0.321426707804203,0.3446197092533111,0.3014525757730007,0.33580620415508744
2023-08-01 03:00:00,0.4197029876708984,0.3475717881321907,0.462535685300827,0.33614332892000676,0.45396300733089445
2023-08-01 04:00:00,0.33611530303955073,0.2873456697165966,0.38427947998046874,0.2780824203044176,0.379967405796051
2023-08-01 05:00:00,0.2636029134690761,0.21030891656875605,0.26723205648362636,0.21290399044752123,0.2566568201035261
2023-08-01 06:00:00,0.22573561444878573,0.17925799071788784,0.24549435973167416,0.2091231301426887,0.2393224815279245
2023-08-01 07:00:00,0.2222995416820049,0.17940687850117681,0.22759664036333557,0.16260618023574352,0.21738404721021648
2023-08-01 08:00:00,0.25101832970976823,0.2186876797676086,0.22911134392023083,0.1315344366803765,0.21225181758403777
2023-08-01 09:00:00,0.25383345678448677,0.19756335526704788,0.2155755534023046,0.1145187272131443,0.19266069598495958
2023-08-01 10:00:00,0.2501472985744476,0.1969996732473373,0.19719518646597856,0.10569573827087879,0.17192484155297277
2023-08-01 11:00:00,0.21534295126795766,0.16277598530054094,0.15954954765737056,0.0792756687104702,0.1302660708874464
2023-08-01 12:00:00,0.21312268033623694,0.16352048993110654,0.15821870401501653,0.07297606579959393,0.12605536140501497
2023-08-01 13:00:00,0.18710856482386587,0.114160468429327,0.12452450342476368,0.0496384953893721,0.09160467725247144
2023-08-01 14:00:00,0.13988073587417602,0.059345910847187044,0.07980836167931556,0.02552264429628849,0.052180598955601454
2023-08-01 15:00:00,0.13173076167702674,0.02750593684613705,0.09154337063431739,0.06450426112860441,0.06483569920063019
2023-08-01 16:00:00,0.07902167841792107,0.014762729033827783,0.039350846447050565,0.030303857270628218,0.02805368008092046
2023-08-01 17:00:00,0.04898989111185074,0.0065545830503106126,0.01982599565759301,0.01880203360691667,0.011620585471391678
2023-08-01 18:00:00,9.746462106704712e-05,0.0,4.873231053352356e-05,0.0011013509891927241,0.0
2023-08-01 19:00:00,0.0,0.0006803322210907935,0.0,0.00016820084303617477,0.0
2023-08-01 20:00:00,0.007666256427764892,0.016712253391742708,0.00209542466327548,0.0,0.0005935015529394149
2023-08-01 21:00:00,0.007394400313496589,0.01815906286239624,0.0029813732020556923,0.00018978491425514218,0.002277995180338621
2023-08-01 22:00:00,0.0033621258661150934,0.00914230227470398,0.0013160431385040284,0.0010864912159740923,0.001047275997698307
2023-08-01 23:00:00,0.005075832568109035,0.018388715982437135,0.0037904918380081655,0.0024559628777205945,0.003415680769830942
2023-08-02 00:00:00,0.01838312849402428,0.03741124898195268,0.024689060747623445,0.010667418520897627,0.02359905203804374
2023-08-02 01:00:00,0.021552526503801347,0.04384146928787232,0.032448223978281024,0.017853446044027804,0.0312647731974721
2023-08-02 02:00:00,0.014749229997396468,0.024728147238492967,0.029056238234043123,0.010074170585721732,0.027065474018454553
2023-08-02 03:00:00,0.05159813769161701,0.06527002908289432,0.03648370396345854,0.006380256190896034,0.029774943515658382
2023-08-02 04:00:00,0.06287416376173496,0.04872595153748989,0.03251677749678493,0.0015045543946325779,0.021339680682867762
2023-08-02 05:00:00,0.05297007262706757,0.016248303502798083,0.02165617173537612,0.0007671667449176311,0.011412377916276455
2023-08-02 06:00:00,0.02120917469263077,0.001832023337483406,0.004346193317323922,0.001757010743021965,0.0016932524368166923
2023-08-02 07:00:00,0.007418980002403259,0.0016553297266364096,0.0004254934936761856,0.01718889106065035,0.0008810505457222461
2023-08-02 08:00:00,0.0024857908114790913,0.005420611873269081,0.00287831736728549,0.058151135779917235,0.015626138765364887
2023-08-02 09:00:00,0.003723640851676464,0.03930834606289864,0.03937616555020213,0.1148219870775938,0.06905816869810222
2023-08-02 10:00:00,0.03182440735399723,0.10496978841722011,0.10297272499650716,0.1677089874446392,0.13161534495651722
2023-08-02 11:00:00,0.12187129020690916,0.18782789349555967,0.22382020778954023,0.28711655631661415,0.24445504233241075
2023-08-02 12:00:00,0.280638625472784,0.22012742251157758,0.3276061039417981,0.2884617534279823,0.3094362180680036
2023-08-02 13:00:00,0.35750183105468747,0.28991955146193504,0.3275048472732305,0.24143960289657113,0.2796617501974106
2023-08-02 14:00:00,0.33250469982624054,0.3281439536809921,0.2784454427659511,0.24783629223704337,0.22766696192324157
2023-08-02 15:00:00,0.1772493328154087,0.23417729198932646,0.16372148819267748,0.2173709666728973,0.15241028971970078
2023-08-02 16:00:00,0.21170913308858869,0.28220528870820993,0.28115447580814357,0.3423743067681789,0.28429627738893026
2023-08-02 17:00:00,0.1623624265193939,0.2276559282839298,0.26614540509879586,0.4010643005371094,0.27706387192010873
2023-08-02 18:00:00,0.09719459295272827,0.1185324342548847,0.1594608264788985,0.3656319651007651,0.16735898204147814
2023-08-02 19:00:00,0.2338471359014511,0.2099965055286884,0.2854356395453214,0.4075980746746063,0.2902559036016464
2023-08-02 20:00:00,0.36339679718017576,0.32090136423707005,0.4097482872009277,0.4014291936904192,0.3829227256774902
2023-08-02 21:00:00,0.38559452056884763,0.4131590676307678,0.39406157255172725,0.43990237414836875,0.3685320108383894
2023-08-02 22:00:00,0.39951557159423823,0.5036808371543884,0.4414023858308792,0.4763507378101348,0.42811668887734405
2023-08-02 23:00:00,0.3571699905395508,0.4101530075073242,0.40007869720458983,0.46377874612808223,0.39236008182168003
2023-08-03 00:00:00,0.3815077590942383,0.3486106057465076,0.405925235748291,0.4290693925321102,0.38614627137780183
2023-08-03 01:00:00,0.4425005340576172,0.43247671723365777,0.44686076343059544,0.5156076702475547,0.417256109341979
2023-08-03 02:00:00,0.42025894165039057,0.4482821893692016,0.47297458529472347,0.5802333931624889,0.45439993098378173
2023-08-03 03:00:00,0.6602416305243968,0.612771282941103,0.5458048681914807,0.42949713416397567,0.476185414046049
2023-08-03 04:00:00,0.440544980764389,0.4736934077739715,0.3206049158424139,0.44762323133647436,0.27689517401158803
2023-08-03 05:00:00,0.45110641598701473,0.6319260804355143,0.4460576421022415,0.6796119944751263,0.4301478815078735
2023-08-03 06:00:00,0.5617550170421599,0.726067374497652,0.5957887666672468,0.7824577058851718,0.5755448794364928
2023-08-03 07:00:00,0.7243287144601345,0.8726904037594795,0.6988649255037307,0.8275158352404831,0.655362777635455
2023-08-03 08:00:00,0.820005217641592,0.8538232356309889,0.7524097586423157,0.8053351474553345,0.7059644556045531
2023-08-03 09:00:00,0.8250223696231842,0.9804945218563079,0.7192010185122488,0.7016291723400354,0.6612358047068119
2023-08-03 10:00:00,0.9331063959002495,1.0,0.8780904082208871,0.7744144491106271,0.8191782615333794
2023-08-03 11:00:00,0.9981040385365486,1.0,0.9878360547125339,0.8501765236258506,0.9359400235116481
2023-08-03 12:00:00,0.9938608214259148,1.0,0.964746052250266,0.8719054676592349,0.9141206741333008
2023-08-03 13:00:00,0.9806803832948208,1.0,0.902391912639141,0.7801611011475323,0.8149321557581424
2023-08-03 14:00:00,0.9544138520956038,0.9951351970434188,0.8455734610557556,0.6617960332334041,0.7560347508639096
2023-08-03 15:00:00,0.9191408048570155,0.9552340169250965,0.7858220256865024,0.5501812818646431,0.6821877824515103
2023-08-03 16:00:00,0.7806054426729678,0.8263591012358664,0.6350230081379412,0.4268013779819011,0.5419984018802642
2023-08-03 17:00:00,0.5784119820594786,0.6118257938325404,0.4384692627191543,0.2880735449492931,0.36183945864439004
2023-08-03 18:00:00,0.32301612913608546,0.27785064414143557,0.23146816737949846,0.16197607018053528,0.1758901789784431
2023-08-03 19:00:00,0.2065258856117725,0.21625786900520322,0.18123921245336527,0.1492485424876213,0.1540536472201347
2023-08-03 20:00:00,0.22060048565268514,0.19938366353511808,0.20543939024209973,0.17461335234344005,0.17927514418959614
2023-08-03 21:00:00,0.30804734155535696,0.24858362987637517,0.30210297301411626,0.23454505078494547,0.2707130894064903
2023-08-03 22:00:00,0.4381446838378906,0.3689093877375126,0.4492555809020996,0.31678940422832963,0.4136610984802246
2023-08-03 23:00:00,0.6021792149543761,0.5685558474063872,0.6141941702365874,0.380147176682949,0.5726795649528502
2023-08-04 00:00:00,0.8238756461441517,0.8100242096185684,0.7789445834606886,0.46509140260517595,0.7196995007246731
2023-08-04 01:00:00,0.9296949139237403,0.9198404006659984,0.8723184812813998,0.6359901533275842,0.8130758372694253
2023-08-04 02:00:00,0.947132584452629,0.9648137825727462,0.9386026016622782,0.7183969285339117,0.9012227149307728
2023-08-04 03:00:00,0.9314626660943031,0.8845128439366817,0.7831698577105999,0.5302987277507781,0.6998441657423972
2023-08-04 04:00:00,0.8269663189351558,0.833105442225933,0.7493151622265577,0.6653493544459342,0.6808179619163275
2023-08-04 05:00:00,0.7495356498658656,0.5414334392547606,0.6697992680966853,0.6732817681878804,0.5680751508474349
2023-08-04 06:00:00,0.57610090136528,0.7477791687846183,0.5417031800746916,0.5655012222379445,0.5302648550271987
2023-08-04 07:00:00,0.6094230821728706,0.31629322052001946,0.4232543488591909,0.23253170561045405,0.30254726186394687
2023-08-04 08:00:00,0.4287917709350586,0.4967250835895538,0.24636833235621453,0.06324778761714696,0.22277607731521126
2023-08-04 09:00:00,0.8397572349011897,0.6555334544181823,0.5607829682528972,0.08863450847566126,0.442921986579895
2023-08-04 10:00:00,0.8831498032808303,0.7038610240817069,0.6309608100354671,0.14520152581855653,0.5215255630016327
2023-08-04 11:00:00,0.8860512615740299,0.7660516789555549,0.647237197831273,0.19603490684181452,0.538153324574232
2023-08-04 12:00:00,0.9015229173004626,0.7684774258732795,0.6867926938086747,0.3026102770864963,0.5690103460103273
2023-08-04 13:00:00,0.9269001159071921,0.7252303732931613,0.722744989991188,0.40627984628081315,0.5999509748071432
2023-08-04 14:00:00,0.9044703859090804,0.6445302954316139,0.6796868395805359,0.4599567127227783,0.5566071502119303
2023-08-04 15:00:00,0.6151741428673267,0.3526892022788525,0.44038503088057035,0.4410150492191315,0.35495402052998537
2023-08-04 16:00:00,0.5764287567138671,0.3629633957147598,0.39779620625078677,0.40893759705126287,0.3159151198714971
2023-08-04 17:00:00,0.45528026580810543,0.4530107748508453,0.3367749477922916,0.4056561750918627,0.2843685061484575
2023-08-04 18:00:00,0.5856847918033599,0.4455705392360687,0.4520329254865646,0.4203332793712615,0.3710634615272283
2023-08-04 19:00:00,0.3899220657348632,0.3449578523635864,0.3202133287489414,0.24631757423281664,0.28821445219218733
2023-08-04 20:00:00,0.25253776669502254,0.27494647845625875,0.21803896002471443,0.15576351210474965,0.1980294233560562
2023-08-04 21:00:00,0.1954953300952911,0.22830036982893942,0.19696393132209772,0.21190167769789692,0.18649705111980436
2023-08-04 22:00:00,0.16250483870506285,0.23982460036873812,0.2018632658571005,0.3185519171506166,0.20230331912636756
2023-08-04 23:00:00,0.17450874060392377,0.30329731494188306,0.240475098490715,0.48288116991519925,0.24965685717761513
2023-08-05 00:00:00,0.2539231280982494,0.3701445007324218,0.36603936865925785,0.7025593998283147,0.3807513345777988
2023-08-05 01:00:00,0.3750487899780273,0.49671886682510374,0.5274571453779935,0.8285870626568794,0.5542884087562561
2023-08-05 02:00:00,0.5439191317558288,0.6658788917958736,0.6475494580715894,0.8428077251464128,0.6583649250119924
2023-08-05 03:00:00,0.6137783332169056,0.6293011328577994,0.6503956547379492,0.7135661883652209,0.6585165357589721
2023-08-05 04:00:00,0.5521686232089995,0.5494054114818572,0.6154028023034332,0.7004377739876508,0.6114995124191045
2023-08-05 05:00:00,0.6439744232594966,0.6042421220242977,0.5837617146223782,0.631617755293846,0.534062818288803
2023-08-05 06:00:00,0.604083672761917,0.5405483102798461,0.5578987157344817,0.6466894211620092,0.5025606125593185
2023-08-05 07:00:00,0.6394300019741057,0.5658696150779723,0.5984702116250991,0.6500094646960496,0.5349839729070662
2023-08-05 08:00:00,0.7095543599128722,0.5631059563159941,0.648228615745902,0.4998419976234435,0.5738123065233229
2023-08-05 09:00:00,0.7044211900234221,0.6038538968563079,0.5576955962926149,0.27165689595043657,0.475429538488388
2023-08-05 10:00:00,0.5840185141563414,0.4711632645130157,0.41423086144030086,0.1753944610059261,0.3279156385362148
2023-08-05 11:00:00,0.4295505142211914,0.28233032733201974,0.32952449247241017,0.1513095312565565,0.26426551200449466
2023-08-05 12:00:00,0.4202709579467773,0.2566430620849132,0.3405990310013294,0.15140787858515975,0.2882894183695316
2023-08-05 13:00:00,0.4876296734809875,0.3171274119615554,0.4004704751074314,0.20746794588863848,0.34326070785522456
2023-08-05 14:00:00,0.49346402287483215,0.300861696600914,0.4355313926935196,0.2853105191886424,0.3832319068908691
2023-08-05 15:00:00,0.4133816909790039,0.2045732523500919,0.36180610224604604,0.22189330235123628,0.3079511437565088
2023-08-05 16:00:00,0.4254917562007904,0.19888762086629866,0.39786825358867645,0.2367018929868936,0.3454072870314121
2023-08-05 17:00:00,0.2998213204741478,0.12795716539025306,0.292003913372755,0.17449620045721528,0.25720979169011116
2023-08-05 18:00:00,0.16016314223408695,0.1008417821675539,0.1285679828748107,0.0954922967776656,0.10729003001004457
2023-08-05 19:00:00,0.14419899344444276,0.12758349671959876,0.12726318158209324,0.10700112916529178,0.11640037704259157
2023-08-05 20:00:00,0.1535124360024929,0.16671939015388487,0.13396406687796114,0.06493175867944956,0.12346782293170691
2023-08-05 21:00:00,0.08581946954131126,0.14075946152210234,0.06290644589811564,0.04875846788287164,0.06011994063854218
2023-08-05 22:00:00,0.05060645930469036,0.10398888617753982,0.04042034648358822,0.05456788379698993,0.04509690884500742
2023-08-05 23:00:00,0.031546822786331176,0.08395376555621624,0.015604505911469462,0.0472691797092557,0.015391582492738965
2023-08-06 00:00:00,0.011826310753822327,0.04572147585451603,0.0055395994521677495,0.09500174978747963,0.005352961085736752
2023-08-06 01:00:00,0.015487428903579714,0.041431799083948145,0.008747120555490255,0.14213613878935571,0.00926291860640049
2023-08-06 02:00:00,0.010565020963549613,0.03335794314742088,0.003356855846941471,0.1761802867054939,0.0018459363281726833
2023-08-06 03:00:00,0.0,0.002704748623073101,0.0,0.2095580106973648,0.0001542745716869831
2023-08-06 04:00:00,0.0026179607957601547,0.016244006305933,0.0008421266451478004,0.21548228442668915,0.0024218315817415713
2023-08-06 05:00:00,0.05007670909166336,0.08297195315361022,0.02645705968141556,0.19672936625778673,0.05193560345098376
2023-08-06 06:00:00,0.16401906929910182,0.1665824694931507,0.13019134946167465,0.1924476868472993,0.18194964848458764
2023-08-06 07:00:00,0.19106944933533665,0.1788522224128246,0.20676103733479972,0.2083798298984766,0.2630362426117063
2023-08-06 08:00:00,0.14959170952439305,0.1280812260508537,0.23396023392677306,0.24064337216317655,0.27349960304796694
2023-08-06 09:00:00,0.13768275812268255,0.09557654350996017,0.23298739656805986,0.24461107783019537,0.2550385773926973
2023-08-06 10:00:00,0.13994714453816415,0.07605175212025642,0.2231448534876108,0.2386696490645408,0.23930010251700876
2023-08-06 11:00:00,0.12523702539503573,0.0589364792406559,0.21333500020205973,0.25104247264564034,0.23353134661912917
2023-08-06 12:00:00,0.15501936972141264,0.05786624506115913,0.2740497916191816,0.3327980787307024,0.30205705575644964
2023-08-06 13:00:00,0.2191532592475414,0.07270935267210006,0.3337292199581861,0.39250978946685783,0.35269198574125765
2023-08-06 14:00:00,0.21276059210300444,0.07029275238513946,0.3706552425771952,0.5279991202056408,0.3971242981404066
2023-08-06 15:00:00,0.2863148725032806,0.11157601848244664,0.5346847812831401,0.8140891075134277,0.5804768294095992
2023-08-06 16:00:00,0.3674900063872337,0.14071106411516665,0.5536271638423204,0.7512604142725468,0.5736503178626298
2023-08-06 17:00:00,0.31220007315278053,0.14360858932137488,0.449369215965271,0.6505265502631663,0.46747859716415396
2023-08-06 18:00:00,0.1398561928421259,0.06506548210978508,0.2516212096810341,0.5434981893002986,0.2757613356411457
2023-08-06 19:00:00,0.3132874611020088,0.15000567883253096,0.4302299404144287,0.5826450301706789,0.424639024734497
2023-08-06 20:00:00,0.3956985855102539,0.2536342702805996,0.49858073890209187,0.5586356905847788,0.48571634411811826
2023-08-06 21:00:00,0.4805115616321563,0.2813298508524894,0.5381475096940993,0.4204058722406625,0.5036297413706778
2023-08-06 22:00:00,0.5222459590435027,0.3050669626891612,0.5587222862243651,0.42808621898293486,0.5087184154987334
2023-08-06 23:00:00,0.5166220223903656,0.3495751953124999,0.5277301788330078,0.3646779983490705,0.48342625737190237
2023-08-07 00:00:00,0.48500050902366637,0.3096078585088253,0.4653477752208709,0.3094625308737159,0.4383576393127441
2023-08-07 01:00:00,0.4629043650627136,0.29639378339052197,0.49156650602817537,0.433755679950118,0.47064878039062014
2023-08-07 02:00:00,0.5007488131523131,0.33998226165771483,0.6012095359712838,0.5184867218881846,0.5894443250447511
2023-08-07 03:00:00,0.3262614375352859,0.20354499027132986,0.4693628890812397,0.5810887470096349,0.442505352422595
2023-08-07 04:00:00,0.7877991339564323,0.41265575408935545,0.9065797976404427,0.8127238874882458,0.8516854638606308
2023-08-07 05:00:00,0.9652378670871258,0.8670907691121101,0.95982475169003,0.9141477391123771,0.8820266780257224
2023-08-07 06:00:00,0.9298294398188591,0.7600573359429836,0.9835481806099414,0.9421906320750713,0.9757489747554062
2023-08-07 07:00:00,0.9849241569638252,0.837317600250244,0.9991696153581142,0.9518061915785074,1.0
2023-08-07 08:00:00,0.9983979147672652,0.978251098394394,1.0,0.9189896534383297,1.0
2023-08-07 09:00:00,0.9889085927605629,0.9874298641085624,0.99878333568573,0.8884804531186818,0.9974733407795429
2023-08-07 10:00:00,0.9548295724391936,0.983485219925642,0.9897439590096473,0.8260834447294473,0.9794068017601967
2023-08-07 11:00:00,0.8447777728736401,0.9247075200080872,0.9394963578134775,0.6844735568016767,0.8656131096929311
2023-08-07 12:00:00,0.6761593407392501,0.8755137270689011,0.7659387886524199,0.609147451519966,0.7105852425843476
2023-08-07 13:00:00,0.40021424233913416,0.6856670601665973,0.516734005510807,0.6641124354302883,0.55278493642807
2023-08-07 14:00:00,0.2294977895915508,0.47362968444824216,0.424245868101716,0.6842794606089592,0.49873874723911277
2023-08-07 15:00:00,0.3112787410616874,0.5296724891662596,0.4171617393195629,0.530505798831582,0.4264770048856735
2023-08-07 16:00:00,0.4920622384548187,0.6259835122525691,0.5975085201114415,0.6829002628475427,0.5489289794117211
2023-08-07 17:00:00,0.7491593687236309,0.826797729730606,0.7604638951271772,0.7408312226086854,0.7213594271242618
2023-08-07 18:00:00,0.8266017459332942,0.9745565956830977,0.8213428525626658,0.7298024936020373,0.8143316499143838
2023-08-07 19:00:00,0.8112286011874675,0.9862667921185493,0.7750664763152598,0.657406930848956,0.737839639559388
2023-08-07 20:00:00,0.6441269224882125,0.8308491973578929,0.779446867108345,0.7891363283991814,0.8047010992467403
2023-08-07 21:00:00,0.314964370727539,0.40730655819177625,0.6858154907822608,0.821874674335122,0.7960027740150689
2023-08-07 22:00:00,0.6222888982295989,0.5434238553047179,0.767380915954709,0.6603580398112535,0.7920523437857627
2023-08-07 23:00:00,0.5820522761344908,0.589485297948122,0.6614789409935473,0.4554888304322957,0.6727775248140095
2023-08-08 00:00:00,0.6100562369823455,0.572535798549652,0.5794120436906813,0.43312720887362954,0.5601690268516539
2023-08-08 01:00:00,0.6681289298832416,0.6645923717319964,0.5779879248142241,0.6703841878473757,0.5130495631694793
2023-08-08 02:00:00,0.5759660756587981,0.5040423727035522,0.49875273346900934,0.8108844704180955,0.40810152083635326
2023-08-08 03:00:00,0.16623001158237455,0.09195410206913948,0.1558753840625286,0.7291523306071759,0.14791013468056916
2023-08-08 04:00:00,0.10672234274446964,0.05756246209144592,0.2523190175369382,0.8823762798309326,0.31561169885098933
2023-08-08 05:00:00,0.08634144827723503,0.32626988068222995,0.4035870642960071,0.9594969240576029,0.569989028647542
2023-08-08 06:00:00,0.2730879840254783,0.8131811040639876,0.7166692524403333,0.9923843802511692,0.8089362877607345
2023-08-08 07:00:00,0.6930892540514468,1.0,0.846440135911107,0.9846312078088522,0.9225392381846904
2023-08-08 08:00:00,0.9391367895901203,1.0,0.9415329820662737,0.9863734152913093,0.9501743406057357
2023-08-08 09:00:00,0.9979188060760498,1.0,0.9989594030380249,1.0,0.9975104115903377
2023-08-08 10:00:00,1.0,1.0,0.9949812825024128,0.9976106046140194,0.9925510697066784
2023-08-08 11:00:00,1.0,1.0,0.9859634923934936,0.9901605951786041,0.987586598098278
2023-08-08 12:00:00,1.0,1.0,0.9971986459195614,0.9843098895251751,0.9975670285522937
2023-08-08 13:00:00,1.0,1.0,0.9998204900324345,0.9808363323658703,0.9965773792564869
2023-08-08 14:00:00,1.0,1.0,0.9974992933869362,0.9740884843468665,0.9930176542699337
2023-08-08 15:00:00,1.0,1.0,0.9906991250813008,0.960385667309165,0.9743329143524169
2023-08-08 16:00:00,1.0,1.0,1.0,0.9854519249498843,0.9967399877309799
2023-08-08 17:00:00,1.0,1.0,1.0,0.9860782847553491,1.0
2023-08-08 18:00:00,1.0,1.0,1.0,0.9730652417242527,1.0
2023-08-08 19:00:00,1.0,1.0,1.0,0.926669112816453,1.0
2023-08-08 20:00:00,1.0,1.0,1.0,0.8674797029048203,0.9992462116479873
2023-08-08 21:00:00,1.0,1.0,0.9920717938244342,0.6968743558228015,0.9921078158915042
2023-08-08 22:00:00,1.0,0.9904052564501762,0.9198452910035848,0.6093625918030737,0.8802606848627328
2023-08-08 23:00:00,0.9965607741475105,0.9773440378904342,0.9600281804800033,0.8151504391431809,0.8875424708425999
2023-08-09 00:00:00,1.0,0.9957679694890975,0.9972037908434868,0.6620309790223835,0.9746479766070842
2023-08-09 01:00:00,1.0,0.9860278305411339,0.9854812338948251,0.514570694193244,0.9489409440010785
2023-08-09 02:00:00,0.9945469430088997,0.9103019702434539,0.934288160726428,0.4039336989447474,0.8692658341675997
2023-08-09 03:00:00,0.7122714927792548,0.5362444567680358,0.5872468817979096,0.1889117015711963,0.5107170301675796
2023-08-09 04:00:00,0.509397029876709,0.39034980773925776,0.4445368671417236,0.1229838044941425,0.3984468502551317
2023-08-09 05:00:00,0.4376318740844727,0.4064947128295898,0.35283605389297007,0.08286049164831637,0.3105473932623863
2023-08-09 06:00:00,0.42910942077636716,0.4417285513877868,0.28076147891581055,0.04823884647339582,0.21847149945795535
2023-08-09 07:00:00,0.41834613800048825,0.4172803211212158,0.2506480457633733,0.043402225207537413,0.19017430171370503
2023-08-09 08:00:00,0.4864892816543579,0.45878410696983335,0.27655805073678486,0.0395986614562571,0.19833491690456867
2023-08-09 09:00:00,0.5009543454647064,0.4683812046051025,0.28983749188482766,0.05700190663337708,0.20840744346380233
2023-08-09 10:00:00,0.6318490064144133,0.587986305952072,0.3867705913633107,0.11688029021024701,0.28885072305798526
2023-08-09 11:00:00,0.661436499506235,0.6055242067575455,0.4256718081235885,0.19469313181936737,0.3233859753608703
2023-08-09 12:00:00,0.6497754915058611,0.594162539243698,0.4674610149860381,0.25627987042069433,0.3738592338562011
2023-08-09 13:00:00,0.6598039685189723,0.616305320560932,0.5001234632730484,0.2879099334776401,0.41278182983398437
2023-08-09 14:00:00,0.7006660921871661,0.6329791365563868,0.513614436239004,0.3099844963103532,0.4135159277915954
2023-08-09 15:00:00,0.5773260450363158,0.4415199792385101,0.4111944794654846,0.3291347517818212,0.3293865558505058
2023-08-09 16:00:00,0.5589483535289763,0.40046308040618894,0.368002750352025,0.24292333997786042,0.2883131416887045
2023-08-09 17:00:00,0.4089739227294922,0.2711583486199379,0.23112466290593148,0.14912406906485554,0.1639016693085432
2023-08-09 18:00:00,0.13604281321167944,0.1072048097103834,0.08524028833955526,0.09913714233785867,0.07226819604635237
2023-08-09 19:00:00,0.13613175958395002,0.1574124802649021,0.10310057207942008,0.10116373408585787,0.0928976123407483
2023-08-09 20:00:00,0.19350659579038618,0.21798799619078635,0.12138080604374409,0.026303883790969845,0.09441600549966095
2023-08-09 21:00:00,0.12326568827033042,0.15522517934441565,0.13950577087700367,0.14879563458263872,0.13611851051449775
2023-08-09 22:00:00,0.33292928874492644,0.29859661817550653,0.34856176376342773,0.1819533064588904,0.3348390523344278
2023-08-09 23:00:00,0.28830839499831196,0.21093791425228117,0.2710835080593824,0.14716080769896508,0.24135201804339884
2023-08-10 00:00:00,0.2927381640672683,0.2247917118668556,0.3219588770717382,0.250054580271244,0.30099201329052444
2023-08-10 01:00:00,0.3591457895934581,0.23496413797140114,0.4336692404747009,0.32028844103217124,0.4201750928163528
2023-08-10 02:00:00,0.47010396361351015,0.3151503181457519,0.4895405131578445,0.30635449491441247,0.4469058036804199
2023-08-10 03:00:00,0.4480832433700561,0.2952900443971157,0.3919928912073374,0.22503328211605544,0.34132779113948336
2023-08-10 04:00:00,0.4033206176757812,0.22309031337499616,0.3466934517025947,0.30648980446159835,0.29108650162816047
2023-08-10 05:00:00,0.4791487658023834,0.3309589868783951,0.4192740327119827,0.35691867433488367,0.37124137878417973
2023-08-10 06:00:00,0.41240535736083983,0.33184954836964603,0.40872674942016596,0.48267137587070463,0.3849270248413086
2023-08-10 07:00:00,0.5798164761066436,0.5179528832435607,0.5713754302263259,0.5687263464927672,0.5243671691417694
2023-08-10 08:00:00,0.5901488816738127,0.5497976398468016,0.579577446579933,0.6449931120872496,0.5114753997325897
2023-08-10 09:00:00,0.7414846165478228,0.6477034440636633,0.7302722098678349,0.7149572523683309,0.6474447554349898
2023-08-10 10:00:00,0.6827556347846984,0.6841818040609359,0.5801061993837355,0.4812575095891952,0.5041089630126953
2023-08-10 11:00:00,0.5817390835285186,0.5874804413318633,0.4749399942159652,0.401744327545166,0.4070888137817383
2023-08-10 12:00:00,0.5349833524227141,0.609372899532318,0.4170129758119583,0.3148103953152895,0.36230400361120696
2023-08-10 13:00:00,0.4511213958263397,0.5782325422763823,0.3403879619389772,0.2545064374059438,0.294148930683732
2023-08-10 14:00:00,0.440603734254837,0.5302464818954468,0.3475775093585252,0.30417381629347795,0.30738376848399634
2023-08-10 15:00:00,0.249301978200674,0.1874319504201412,0.13003856934607028,0.09436938922852278,0.09021307054907084
2023-08-10 16:00:00,0.30707930058240884,0.14953001633286472,0.19035432487726212,0.09264164015650748,0.1197106511518359
2023-08-10 17:00:00,0.14889136880636214,0.06619922995567322,0.08818211462348699,0.058683348800987,0.06060273312032222
2023-08-10 18:00:00,0.07175410240888595,0.015304322987794876,0.06701304212212562,0.09940216574817895,0.0686973275989294
2023-08-10 19:00:00,0.03321508832275868,0.08559358812868595,0.07889333628118038,0.10158759932965039,0.11099796522408722
2023-08-10 20:00:00,0.36687637329101563,0.2782167491316795,0.29246722914278506,0.14191805705428123,0.27726552937179805
2023-08-10 21:00:00,0.3862946172058582,0.05257941164076328,0.22349324915558097,0.10869046974927185,0.17350986450910566
2023-08-10 22:00:00,0.23127681374549863,0.046341447904706005,0.19278467625379558,0.12931882884353396,0.19775733083486555
2023-08-10 23:00:00,0.30601903870701785,0.29891173660755155,0.35853965677320954,0.22201983436942097,0.36314605712890624
2023-08-11 00:00:00,0.4517647171020508,0.45596508026123045,0.45690134048461917,0.301837982237339,0.45573344528675075
2023-08-11 01:00:00,0.5713431185483933,0.436616096496582,0.6587946171313523,0.46371831968426697,0.6593778653442859
2023-08-11 02:00:00,0.5246515393257141,0.48206161856651303,0.5960362410545348,0.3715039589256047,0.6030377166718244
2023-08-11 03:00:00,0.2893803590536117,0.5401539361476897,0.37813307233154775,0.19161168098449705,0.38792860418558117
2023-08-11 04:00:00,0.3763472443819046,0.09496995270252227,0.18629829697310923,0.06625569526106118,0.11880693417042493
2023-08-11 05:00:00,0.0652502705156803,0.006763591803610324,0.03412918541580438,0.054063706677407015,0.023343219347298147
2023-08-11 06:00:00,0.02464621901512146,0.11282567672431468,0.05723562400788068,0.16149152074009177,0.09665237985551356
2023-08-11 07:00:00,0.11860575951635835,0.43657962799072264,0.28615471016615623,0.49132594630122184,0.3523068968951702
2023-08-11 08:00:00,0.43479693830013266,0.5940048253536223,0.5071630749106406,0.6430866493284702,0.5190320593118667
2023-08-11 09:00:00,0.6931708803772925,0.6945556341111658,0.5832281360775231,0.5995602278411388,0.5331704580783843
2023-08-11 10:00:00,0.6943511477112769,0.668516253530979,0.5370684947818517,0.47374937593936917,0.4665721589326859
2023-08-11 11:00:00,0.6875782644748687,0.6213524742424488,0.5050717282295226,0.34535163879394526,0.42205361545085907
2023-08-11 12:00:00,0.7272565966844557,0.6710460221767425,0.5752342131733894,0.38503534317016597,0.49022681772708887
2023-08-11 13:00:00,0.7509258686006068,0.7092462024092674,0.6191766092926263,0.4529575133323669,0.5336126989126204
2023-08-11 14:00:00,0.722833697348833,0.6504719553887843,0.6102716433256864,0.4680516749620438,0.519118041396141
2023-08-11 15:00:00,0.4388405609130859,0.3444737075269222,0.34075240097939963,0.2617876876890659,0.2750936041772365
2023-08-11 16:00:00,0.3660265731811523,0.27794235721230504,0.2611298533529043,0.19719748206436633,0.20195256806910034
2023-08-11 17:00:00,0.23982344999909397,0.1586699169874191,0.17489287622272964,0.14155786596238612,0.1280764516070485
2023-08-11 18:00:00,0.286713638305664,0.1743156076967716,0.23463545545935627,0.15872349753975865,0.19767899416387077
2023-08-11 19:00:00,0.17296021223068236,0.12534450605511666,0.14534080192446708,0.09216607853770256,0.12578005168586967
2023-08-11 20:00:00,0.1212459298968315,0.12783286094665525,0.13672911092638967,0.10243945110589266,0.13086221270263196
2023-08-11 21:00:00,0.12820332452654837,0.10734944574534894,0.11675278030335903,0.03678033636882901,0.10718174610286951
2023-08-11 22:00:00,0.06570332266390323,0.04476310230791569,0.05249792121350766,0.019226965345442295,0.040517605990171436
2023-08-11 23:00:00,0.08874940425157546,0.028330305516719816,0.1046042612567544,0.05335946017876267,0.09423917297273873
2023-08-12 00:00:00,0.1628055456280708,0.0754228712618351,0.15202607005834579,0.06392105838283897,0.12980580866336822
2023-08-12 01:00:00,0.1956662981212139,0.0742892324924469,0.18149172395467755,0.06463563371449707,0.15238022238016127
2023-08-12 02:00:00,0.20766040891408918,0.07576406434178352,0.16292804054915905,0.033723995015025134,0.13361805673688648
2023-08-12 03:00:00,0.10233670361340044,0.024448578357696538,0.054284518305212255,0.0023821716755628585,0.03348706629127264
2023-08-12 04:00:00,0.08837777726352214,0.01434568665921688,0.04253545571118593,0.00016974953934550285,0.02121681421995163
2023-08-12 05:00:00,0.04189111307263375,0.004485375732183456,0.014357968680560593,0.022074748352169993,0.0013713849335908889
2023-08-12 06:00:00,0.0020310927182435987,0.0003745360299944877,0.011320320591330528,0.18049624115228652,0.020655515883117915
2023-08-12 07:00:00,0.001276051215827465,0.1079283770918846,0.18918292891234162,0.5649488127231597,0.2195302181690931
2023-08-12 08:00:00,0.061521366238594055,0.22883332386612887,0.3331716857850551,0.6468103854358195,0.3917516080290079
2023-08-12 09:00:00,0.17902318239212034,0.29303385272622107,0.43731752619147296,0.779250649139285,0.4882222490012645
2023-08-12 10:00:00,0.3417222213745117,0.4739214468002319,0.6050105114281177,0.809938282072544,0.6171793218702077
2023-08-12 11:00:00,0.46063694953918455,0.6407274609804152,0.5739854234457015,0.6438746769726276,0.5825765476375818
2023-08-12 12:00:00,0.46334811091423034,0.6399108967185019,0.5234234064817428,0.5241763967275619,0.5302413803339004
2023-08-12 13:00:00,0.5272728800773621,0.6508331573009489,0.4956445997953415,0.37982593230903144,0.47880192637443536
2023-08-12 14:00:00,0.425905739068985,0.5769021666049956,0.3701552391052246,0.29816362611949443,0.3458422627300024
2023-08-12 15:00:00,0.3195519216358661,0.5910771942138671,0.32736451685428614,0.21499346420168874,0.34449922412633893
2023-08-12 16:00:00,0.19970433279871935,0.5342379665374756,0.25793352432548994,0.26107748709619044,0.29313754990696905
2023-08-12 17:00:00,0.24706379309296606,0.35859130859375,0.2593758802115917,0.34460457287728785,0.2672540884464979
2023-08-12 18:00:00,0.14182665467262268,0.21854854255914685,0.16688368551433086,0.4084503750503063,0.16531175203621384
2023-08-12 19:00:00,0.18912186220288274,0.1507303763926029,0.21316726230084893,0.6835298491269349,0.2220244041830301
2023-08-12 20:00:00,0.16287612974643706,0.07386958606541157,0.31324110604822636,0.6805614127218723,0.29712670139968395
2023-08-12 21:00:00,0.8922379161417484,0.6365539243817329,0.6884958833456039,0.6161896476894617,0.5912501924484967
2023-08-12 22:00:00,0.7535803174972533,0.7335634729266166,0.4757835482060909,0.5681391508877277,0.40031417950987813
2023-08-12 23:00:00,0.6072062110900878,0.6304934179782866,0.5453666740655898,0.6226338761299848,0.47789450407028194
2023-08-13 00:00:00,0.9962408769130706,0.7760201147198676,0.7500999883562326,0.42109030567109584,0.6254069705307483
2023-08-13 01:00:00,0.9550632092356681,0.5164604830741881,0.6799903939664362,0.31235573619604107,0.5499803651869296
2023-08-13 02:00:00,0.9794843232631683,0.4973317539691925,0.7760852888971566,0.33466051887720816,0.6531396353989839
2023-08-13 03:00:00,0.6565060710906983,0.28963811770081516,0.34643779270350933,0.19805683471262453,0.2542556492611766
2023-08-13 04:00:00,0.15414945773780345,0.03295845717191696,0.08262386105954647,0.18774068407714364,0.06236493816599249
2023-08-13 05:00:00,0.14937076464295385,0.10173332937061785,0.12197645589709281,0.3160467104241252,0.11885137539356946
2023-08-13 06:00:00,0.18147232592105864,0.2883125695586204,0.21617441035807128,0.5161545480787754,0.2621442862600088
2023-08-13 07:00:00,0.2941076104342937,0.6880472859740256,0.43752500094473357,0.6775634387880562,0.5210937083512543
2023-08-13 08:00:00,0.6605244947969913,0.8065748530626297,0.7249069640785455,0.5918418291211127,0.6710536847263574
2023-08-13 09:00:00,0.7732723934948444,0.6065742625296116,0.6278680878132581,0.3189479673653841,0.5130222636461258
2023-08-13 10:00:00,0.630487805455923,0.5445732867717742,0.4191295084357261,0.12691424908116458,0.33095787413418293
2023-08-13 11:00:00,0.5043336606025696,0.540830886363983,0.3060937683284283,0.05873572934418916,0.229926483631134
2023-08-13 12:00:00,0.4888388037681579,0.5848018980026244,0.31666287995874876,0.12238942265510556,0.2471274701505899
2023-08-13 13:00:00,0.6264181046187877,0.6930433845520019,0.5083094614744186,0.4477411103248595,0.4251867073774337
2023-08-13 14:00:00,0.746832259595394,0.747268653512001,0.6674902702122926,0.6752062661945819,0.5876304215192794
2023-08-13 15:00:00,0.7919071762263774,0.6865434026718138,0.7684355760365724,0.8880957954376936,0.71155237801373
2023-08-13 16:00:00,0.712001517266035,0.6603951802849768,0.7484004227817058,0.9126931170374155,0.7095206397026776
2023-08-13 17:00:00,0.7686192391812801,0.700464624017477,0.7646411123126744,0.8435199350863695,0.7210366281867026
2023-08-13 18:00:00,0.7257015554606914,0.7725741809606551,0.8673291283845901,0.8583465845882892,0.8384524440765381
2023-08-13 19:00:00,0.9864217174053191,0.9144160832464694,0.9775093108415603,0.8299611496180295,0.9241454424709081
2023-08-13 20:00:00,0.918245336562395,0.8352499938011169,0.9125446584820747,0.7048726511001586,0.858996617719531
2023-08-13 21:00:00,0.8938621400296687,0.7198955303430556,0.8296740588545799,0.5253801130503415,0.7593599217385053
2023-08-13 22:00:00,0.8168842811882495,0.6062220191955565,0.7798135051131249,0.5317820896208286,0.7184155263006686
2023-08-13 23:00:00,0.8536473418772219,0.6937218672037124,0.8455251153558492,0.5058901528269052,0.7776680789142846
2023-08-14 00:00:00,0.8683527344465255,0.6256830549240111,0.8646352640539408,0.5107342567294836,0.8068076000362634
2023-08-14 01:00:00,0.8707967928051947,0.7047752848267554,0.840766335427761,0.47512193478643894,0.7784144422411917
2023-08-14 02:00:00,0.6604730999469757,0.5098601734638214,0.6486936958879231,0.3691658192127943,0.6164792864024637
2023-08-14 03:00:00,0.3926784896850586,0.3577195739746093,0.37793696716427805,0.24471333451569083,0.3529654997587204
2023-08-14 04:00:00,0.23010187745094296,0.20516227602958675,0.19151120856404302,0.10956668697297572,0.17757101334631442
2023-08-14 05:00:00,0.18274800926446913,0.11532634519040583,0.13868307787925002,0.06871215090155601,0.11906372167170047
2023-08-14 06:00:00,0.1440144047141075,0.10672116599977016,0.12498084042221307,0.09184259653091431,0.11529572587460277
2023-08-14 07:00:00,0.13940738275647163,0.10659902863204478,0.10893638860434293,0.07511324964463711,0.09939519971609115
2023-08-14 08:00:00,0.1751914249360561,0.14387683078646657,0.15643300861120224,0.11909269168972969,0.13842445541173218
2023-08-14 09:00:00,0.21333604201674458,0.22227449759840961,0.18284976653754706,0.13587654657661916,0.16481836304068564
2023-08-14 10:00:00,0.195663910806179,0.2066940230131149,0.16123009040951727,0.10574623707681893,0.13858089804649354
2023-08-14 11:00:00,0.15241607040166855,0.17309698566794393,0.11166351828724146,0.05675106499344111,0.08942465964704752
2023-08-14 12:00:00,0.1474174902588129,0.1894568212330341,0.10944850798696279,0.04500892635434866,0.09425956834107638
2023-08-14 13:00:00,0.16511300340294838,0.1827493956685066,0.10954707030206919,0.03908530656248331,0.08801898628473281
2023-08-14 14:00:00,0.16609098821878432,0.12500273331999778,0.09903596326708791,0.031600929945707325,0.07237678807228803
2023-08-14 15:00:00,0.14378810897469518,0.06429351046681404,0.09213697273284197,0.049418996833264825,0.0667217579111457
2023-08-14 16:00:00,0.08119393818080425,0.012062078714370726,0.054414522908627985,0.054835167229175565,0.04213121704757214
2023-08-14 17:00:00,0.006510491371154784,0.0015011986717581747,0.005831216890364884,0.016548618879169225,0.007073917575180532
2023-08-14 18:00:00,0.0026117925718426704,0.0008547552675008774,0.0007714602537453174,0.010394152626395226,0.0008862591348588467
2023-08-14 19:00:00,0.0039692302420735355,0.005690198130905627,0.003106587547808885,0.02680496610701084,0.0021768308244645594
2023-08-14 20:00:00,0.004289007112383843,0.019662045389413838,0.007220193464308977,0.023986156433820724,0.00513950014486909
2023-08-14 21:00:00,0.0017836226150393486,0.03206614002585412,0.0015374600142240525,0.004071675539016724,0.001152446400374174
2023-08-14 22:00:00,0.00654402632266283,0.04224790059030056,0.004679928477853536,0.003217696975916624,0.003195390179753303
2023-08-14 23:00:00,0.012954215854406356,0.04237347453832627,0.006035553943365812,0.003969925120472908,0.004802464842796325
2023-08-15 00:00:00,0.009273361265659332,0.03026829540729523,0.01234038982540369,0.02303782004863024,0.008890653681010007
2023-08-15 01:00:00,0.009291902072727681,0.03444665640592575,0.019632013104856016,0.10135536819696425,0.01762299917638302
2023-08-15 02:00:00,0.024783602952957152,0.059047823399305345,0.026202641353011133,0.20006596172228452,0.02606034655123949
2023-08-15 03:00:00,0.13118881553411482,0.20688784942030902,0.11341385703533888,0.23922033324837688,0.10873841255903244
2023-08-15 04:00:00,0.11221929192543029,0.19645083144307135,0.12298816211521625,0.2560354144871235,0.13287549432367085
2023-08-15 05:00:00,0.16020399183034895,0.22606583431363103,0.19944034434854982,0.32039051905274385,0.23302323922514911
2023-08-15 06:00:00,0.19764825224876403,0.30157669082283967,0.2132711064070463,0.20817914873361587,0.2679171598702669
2023-08-15 07:00:00,0.1714202119410038,0.3364728666841983,0.18490207061171532,0.20829654715955256,0.20495063073933123
2023-08-15 08:00:00,0.1733729955554008,0.2270283271372318,0.1830213045328855,0.20637828737497327,0.21004607543349266
2023-08-15 09:00:00,0.21255116522312162,0.28244732871651645,0.2645038948208093,0.2823707196861505,0.30911211095750335
2023-08-15 10:00:00,0.4424241316318512,0.5043302607536315,0.46451313018798823,0.3056389544159174,0.4919279128313064
2023-08-15 11:00:00,0.5754757678508757,0.5926516821980476,0.5485822063684462,0.367996574267745,0.5347123152017592
2023-08-15 12:00:00,0.5515076375007628,0.5033330357074737,0.5975709116458892,0.47283085465431207,0.5818689024448394
2023-08-15 13:00:00,0.615589723587036,0.49001698255538934,0.6079984015226363,0.3825668362528085,0.5601758217811583
2023-08-15 14:00:00,0.5262722527980804,0.4602297055721283,0.5110060894489288,0.37657499387860294,0.4862022775411605
2023-08-15 15:00:00,0.48924393653869624,0.38421649932861324,0.5392471259832381,0.43887658476829516,0.5017943686246872
2023-08-15 16:00:00,0.544753656387329,0.48524260044097894,0.6247468384355306,0.5716856447607278,0.597497642636299
2023-08-15 17:00:00,0.5903801774978636,0.5017488133907317,0.7125691267102956,0.7096453197300433,0.6791335275769232
2023-08-15 18:00:00,0.4648937273025512,0.25539973363280294,0.6631217146664857,0.7368933702260254,0.6762998918443918
2023-08-15 19:00:00,0.3341712954640388,0.20701173350214958,0.5304226159304379,0.6779742410778998,0.5059262152016163
2023-08-15 20:00:00,0.3101263491809368,0.1532570086419582,0.3785042551904916,0.48840284287929536,0.3419591177999973
2023-08-15 21:00:00,0.22507959365844724,0.18531801462173458,0.2405665025115013,0.41878355011343954,0.2408457444608211
2023-08-15 22:00:00,0.2426185894012451,0.2251232214272022,0.23432042673230166,0.25559242948889727,0.2181983535736799
2023-08-15 23:00:00,0.2394542101025581,0.2270297002792358,0.2291046220064163,0.27367145925760267,0.2282942872494459
2023-08-16 00:00:00,0.2025511687994003,0.23518763840198514,0.22175416052341457,0.3569935396313667,0.24840192899107927
2023-08-16 01:00:00,0.18910537511110304,0.2597823920845985,0.2558699259907007,0.5596352448314428,0.3000613863021135
2023-08-16 02:00:00,0.2642719109356403,0.28419545039534566,0.3401450183987617,0.6876908590644598,0.3467695602029562
2023-08-16 03:00:00,0.1613350622355938,0.15914090707898138,0.125608839020133,0.323688124269247,0.12629255458712577
2023-08-16 04:00:00,0.2517206878960132,0.25384234219789503,0.21539711929857727,0.35815155953168865,0.1863118808716535
2023-08-16 05:00:00,0.35484813690185546,0.41042275071144096,0.31055316150188444,0.4161520972847938,0.2712777914851904
2023-08-16 06:00:00,0.6309088027477263,0.5798466062545775,0.5036276584863663,0.5080985265970229,0.4414873504638672
2023-08-16 07:00:00,0.7395833505690097,0.6081119506061077,0.604854962080717,0.5805966733396053,0.496528217792511
2023-08-16 08:00:00,0.6744419029355049,0.5370660877227782,0.5010667163133621,0.46212396860122673,0.41122631072998045
2023-08-16 09:00:00,0.5832328951358794,0.4244847750663757,0.4402165633440017,0.38010988235473625,0.35610061325132847
2023-08-16 10:00:00,0.5760743474960326,0.5031364500522613,0.47626591682434083,0.3729533068090677,0.40339933395385735
2023-08-16 11:00:00,0.7118986694514751,0.6001542946696281,0.5707150454074144,0.33617633365094657,0.47398607790470126
2023-08-16 12:00:00,0.7454518823325633,0.4373926973342894,0.5134648133814335,0.2189197451248765,0.40352587476372714
2023-08-16 13:00:00,0.59325577378273,0.315300336331129,0.4094129368662834,0.1806977359205484,0.31614393398165697
2023-08-16 14:00:00,0.587399170398712,0.3673936620354652,0.4189448915421962,0.2203959351032972,0.32887904092669484
2023-08-16 15:00:00,0.6163024759292601,0.373695502281189,0.4488898319005966,0.273467648550868,0.3610170892626047
2023-08-16 16:00:00,0.6172980508208273,0.296949220597744,0.4141775711625814,0.1898576831445098,0.3208451797813177
2023-08-16 17:00:00,0.4537378859519958,0.13529831692576408,0.26977441929280754,0.08772509805858135,0.19755159396678207
2023-08-16 18:00:00,0.10467048488557337,0.006958072632551193,0.05365365326404571,0.024940074235200883,0.04062851089984178
2023-08-16 19:00:00,0.043471299484372145,0.0025192666426301,0.021217350177466867,0.021225512623786927,0.017008106149733068
2023-08-16 20:00:00,0.013505583852529526,0.005026483014225959,0.009599068742245436,0.028620325066149237,0.009218110609799624
2023-08-16 21:00:00,0.0011214754730463027,0.0048614669591188426,0.006726993676275016,0.03581789720803499,0.00955907868221402
2023-08-16 22:00:00,0.005415010005235672,0.019685490466654302,0.02716359416022897,0.05656659696251154,0.032942588068544866
2023-08-16 23:00:00,0.03499156832695008,0.043855245038866994,0.061682709455490106,0.06401018742471934,0.06405692368745804
2023-08-17 00:00:00,0.04635786190629006,0.029160771369934085,0.06340265300124884,0.056709052287042136,0.06424898289144039
2023-08-17 01:00:00,0.04125216111540794,0.031043541952967647,0.06556739188730716,0.056784730032086374,0.06730074878782034
2023-08-17 02:00:00,0.0626543577760458,0.04337017372250557,0.0842751282826066,0.06082131218165159,0.08213465970009565
2023-08-17 03:00:00,0.1461925394833088,0.07603619068861008,0.13812031425535679,0.08542253669351338,0.12032235052436589
2023-08-17 04:00:00,0.18542671099305152,0.07876358240842818,0.15155931197106837,0.10628450606018305,0.13215527158230542
2023-08-17 05:00:00,0.29686021491885184,0.17404172390699385,0.1857692952826619,0.15225169412791725,0.1498680056631565
2023-08-17 06:00:00,0.35321146264672276,0.3339150904119015,0.22695441275835035,0.31101633623242375,0.2147972560673952
2023-08-17 07:00:00,0.35099523887038225,0.5356320893764495,0.35132370099425314,0.6340658159554005,0.37248363301157944
2023-08-17 08:00:00,0.49101948022842407,0.7349895997345447,0.6063295100629329,0.859347962513566,0.6140754433721304
2023-08-17 09:00:00,0.6982662117481231,0.8902246959507465,0.7692645600438117,0.9022738984227179,0.7427190636098383
2023-08-17 10:00:00,0.7655898049473762,0.9745421700179576,0.7996252844482659,0.9248581986874341,0.7705230839550494
2023-08-17 11:00:00,0.7664581920206546,0.9799894073605537,0.8020510436594486,0.9355847290903331,0.7765434040129184
2023-08-17 12:00:00,0.767897974550724,0.9666793119907378,0.7971335964649915,0.924932805299759,0.7643403413891792
2023-08-17 13:00:00,0.8525991863012313,0.9818664914369583,0.8793181565403938,0.9596594484895468,0.8450780583173035
2023-08-17 14:00:00,0.8797870771586894,0.9871020025014876,0.9110646010935306,0.9716735474765301,0.8828783729672431
2023-08-17 15:00:00,0.8418939274549484,0.986011172235012,0.8924169781804083,0.9673052480816839,0.8717543751001356
2023-08-17 16:00:00,0.8754643556475639,0.9859843304753303,0.9209395488351583,0.9785521940886973,0.9002298309653997
2023-08-17 17:00:00,0.8930777275562286,0.9894932597875594,0.9027180968225001,0.9585045962780714,0.8661836168915034
2023-08-17 18:00:00,0.9485330219566821,1.0,0.9734685233980417,0.9964625266194344,0.9486827185750007
2023-08-17 19:00:00,1.0,1.0,1.0,1.0,1.0
2023-08-17 20:00:00,1.0,1.0,1.0,1.0,1.0
2023-08-17 21:00:00,1.0,1.0,1.0,1.0,1.0
2023-08-17 22:00:00,1.0,1.0,1.0,1.0,1.0
2023-08-17 23:00:00,1.0,1.0,1.0,1.0,1.0
2023-08-18 00:00:00,1.0,1.0,1.0,1.0,1.0
2023-08-18 01:00:00,1.0,1.0,1.0,1.0,1.0
2023-08-18 02:00:00,1.0,1.0,1.0,1.0,1.0
2023-08-18 03:00:00,0.9909470161795615,0.9846562257409095,0.9981079447269439,1.0,0.9937777198851109
2023-08-18 04:00:00,0.9967445930838585,1.0,0.9983722965419293,0.9964250226318836,0.9947555974125862
2023-08-18 05:00:00,0.9985207697749137,1.0,0.9988707461953164,1.0,0.9932068993151187
2023-08-18 06:00:00,0.9895633432269096,0.9906828695535659,0.9947555670142174,0.9803718882799148,0.993459418565035
2023-08-18 07:00:00,1.0,0.9469831405580043,0.9816611616313458,0.9797831504046917,0.9524184865504504
2023-08-18 08:00:00,0.9267184647917747,0.9721753698587416,0.9305765399336814,0.9960128359496594,0.9218593712151051
2023-08-18 09:00:00,0.9319640590250491,0.9749185919761657,0.9313605769723652,0.9824169351160525,0.9050358477979898
2023-08-18 10:00:00,0.9806287306547165,0.961203235834837,0.9354815074801444,0.9753704563528299,0.8983991754055023
2023-08-18 11:00:00,1.0,0.9936169657111168,0.9710641311109066,0.9754690523445606,0.9496100606769322
2023-08-18 12:00:00,1.0,1.0,0.9937840427458287,0.9928002755343914,0.990028179883957
2023-08-18 13:00:00,1.0,1.0,1.0,1.0,1.0
2023-08-18 14:00:00,1.0,1.0,1.0,1.0,1.0
2023-08-18 15:00:00,1.0,1.0,1.0,1.0,1.0
2023-08-18 16:00:00,1.0,1.0,1.0,1.0,1.0
2023-08-18 17:00:00,1.0,1.0,1.0,1.0,1.0
2023-08-18 18:00:00,1.0,1.0,1.0,1.0,1.0
2023-08-18 19:00:00,1.0,1.0,1.0,1.0,1.0
2023-08-18 20:00:00,0.9998512759804725,0.9874477383494377,1.0,1.0,1.0
2023-08-18 21:00:00,0.9953675013780594,0.9985708358883858,1.0,1.0,1.0
2023-08-18 22:00:00,1.0,1.0,1.0,1.0,1.0
2023-08-18 23:00:00,1.0,1.0,1.0,1.0,1.0
2023-08-19 00:00:00,1.0,1.0,1.0,0.9967769445478916,1.0
2023-08-19 01:00:00,1.0,1.0,1.0,0.9636290621757508,1.0
2023-08-19 02:00:00,0.9918241003155708,1.0,1.0,0.8973240500688552,1.0
2023-08-19 03:00:00,0.990963005721569,0.9775263187289238,0.9974018210172653,0.8342698346078395,0.9999549800157547
2023-08-19 04:00:00,0.9873975658416747,0.967134354263544,0.9840645214915276,0.6908392542600631,0.9726564870029688
2023-08-19 05:00:00,0.8435076500475407,0.8754007698595523,0.8607929395139218,0.5723904545605182,0.8359430301934481
2023-08-19 06:00:00,0.7698575800657271,0.7608867681026458,0.7047314180433749,0.43086963601410383,0.644933716058731
2023-08-19 07:00:00,0.7629157072305679,0.7831859475374221,0.6467285441607236,0.3264094091951847,0.569498956799507
2023-08-19 08:00:00,0.8529214443266391,0.8511249569058418,0.7026809572428464,0.3099071058630943,0.6219726944714783
2023-08-19 09:00:00,0.91468121021986,0.9086055779457092,0.7683178246766327,0.3218441848456859,0.6881186759471892
2023-08-19 10:00:00,0.9244836780428886,0.9197738519310951,0.7960989037156104,0.36216011367738243,0.7195489066094158
2023-08-19 11:00:00,0.9529910719394683,0.9169625420868397,0.8207415398210286,0.4229080560803412,0.7361010210961103
2023-08-19 12:00:00,0.9752958232164382,0.9089084267616272,0.8253449470549822,0.423685090765357,0.732081870958209
2023-08-19 13:00:00,0.9763780355453491,0.861336901038885,0.7887108494341373,0.34236013405025,0.6850244226306677
2023-08-19 14:00:00,0.9743133479356765,0.8402401594817638,0.7730229979008436,0.3057626499980688,0.6703837057948112
2023-08-19 15:00:00,0.9519562226533889,0.7777394239604473,0.7491658526659011,0.3416482426971197,0.6399770444631576
2023-08-19 16:00:00,0.8750129088759422,0.7098456552624701,0.6473630543053149,0.28543243192136286,0.5321521621942519
2023-08-19 17:00:00,0.8670641787350177,0.7267504608631133,0.5877704618871211,0.22929211936891075,0.45264982461929315
2023-08-19 18:00:00,0.4546162033081055,0.4284944534301758,0.2881133069843054,0.11748643461614847,0.2138309846818447
2023-08-19 19:00:00,0.4073262405395508,0.4174594140052795,0.2699052339792251,0.11572747856378555,0.2087370358407497
2023-08-19 20:00:00,0.5408218955993651,0.5009808921813964,0.3994449564814567,0.19940645918250083,0.3214586357027292
2023-08-19 21:00:00,0.42233634948730464,0.45954549551010127,0.34437815159559243,0.2202373857051134,0.2954931072890758
2023-08-19 22:00:00,0.28795551985502243,0.33390266060829155,0.2514907146245241,0.17177073441445825,0.2244466746598482
2023-08-19 23:00:00,0.22475645482540127,0.2702159284055233,0.1920964184403419,0.13110510941594838,0.1694102679938078
2023-08-20 00:00:00,0.1922669696807861,0.2097602361440658,0.17196971930563448,0.11014753874391317,0.1542064606398344
2023-08-20 01:00:00,0.23835546329617496,0.2364338858425617,0.21508860789239403,0.10977864999324083,0.18970311924815175
2023-08-20 02:00:00,0.2971807388961315,0.2229511222243309,0.23588166899979113,0.10729277856647967,0.19436032854020596
2023-08-20 03:00:00,0.2491595049202442,0.173432789593935,0.17002445604652167,0.06167901046574115,0.13202482365071772
2023-08-20 04:00:00,0.23402906686067576,0.1459835349023342,0.18264583900570866,0.12670105364173648,0.15978127710521217
2023-08-20 05:00:00,0.34120780944824214,0.24554438203573223,0.20356883224099873,0.14913121454417705,0.14886584036052225
2023-08-20 06:00:00,0.4042578506469726,0.33962381213903425,0.236607301980257,0.2473570119589567,0.18954496510326863
2023-08-20 07:00:00,0.4217657387256622,0.5392152523994445,0.3098724950850009,0.4268809354305267,0.29100351125001905
2023-08-20 08:00:00,0.5802007472515105,0.6090314543247222,0.6179529397189616,0.7024346905201672,0.6014228079468011
2023-08-20 09:00:00,0.616392866373062,0.7319510674476624,0.6679869009554386,0.8529327628016472,0.6493800746649503
2023-08-20 10:00:00,0.7896773630380629,0.926592145562172,0.7040175473690032,0.8296356111019849,0.6367289958894252
2023-08-20 11:00:00,0.9094980585575103,0.983089843392372,0.7289272012561558,0.7183041820675133,0.6293596120923757
2023-08-20 12:00:00,0.9716208818554878,0.9940315842628479,0.8041458056867122,0.625311014652252,0.7024542777240275
2023-08-20 13:00:00,0.9887148335576057,0.9935575824975967,0.8513593623787165,0.593810694888234,0.7595431412011384
2023-08-20 14:00:00,0.9812411513924597,0.9891077172756195,0.8519816293567418,0.5756087987869978,0.7637704523652791
2023-08-20 15:00:00,0.9744023391604423,0.9563555882871151,0.735010603070259,0.4057700884342193,0.6059780868142842
2023-08-20 16:00:00,0.8845861019194126,0.9042040638625621,0.7707760488986968,0.4858647987991571,0.7033518830686807
2023-08-20 17:00:00,0.7389374485611915,0.817302252203226,0.6593131045252083,0.48788413152098653,0.604910642504692
2023-08-20 18:00:00,0.34019332900643345,0.5550533390045165,0.27853386305272576,0.2629998321831226,0.25451761037111276
2023-08-20 19:00:00,0.32536840483546253,0.43506103515624994,0.25753905624151224,0.2373845951259136,0.23019691236317152
2023-08-20 20:00:00,0.44038181304931634,0.4353126573562622,0.3898349380493164,0.3229383165389299,0.35450414501130584
2023-08-20 21:00:00,0.5928215241432189,0.5651848191022872,0.6319352971762418,0.39248191036283964,0.6040526414662599
2023-08-20 22:00:00,0.8327028004825114,0.6937259925901889,0.7493876861780882,0.35529179491102686,0.6690897701680659
2023-08-20 23:00:00,0.8150027884542941,0.6186310587823389,0.6906558284908532,0.295165814012289,0.5769005613774061
2023-08-21 00:00:00,0.8514638718962668,0.7214386908710002,0.6411097422987222,0.24154471457004545,0.5312101444602012
2023-08-21 01:00:00,0.8413920298218727,0.6116739301383494,0.6389418338239192,0.2344682604074478,0.5140944755077361
2023-08-21 02:00:00,0.7169805040955542,0.53805877327919,0.5289790922403335,0.1894674651324749,0.43193271875381467
2023-08-21 03:00:00,0.5205218648910522,0.3849072265625,0.37394865110516545,0.12491746827960014,0.30639543056488033
2023-08-21 04:00:00,0.49583197116851807,0.36567409515380855,0.3676700710505247,0.11442668825387953,0.29862101703882216
2023-08-21 05:00:00,0.6409366956353186,0.5571096098423003,0.5049807299673557,0.1640969181805849,0.41276195466518406
2023-08-21 06:00:00,0.6994499167799948,0.6547818234562872,0.559231144413352,0.18642408311367034,0.4586459290981293
2023-08-21 07:00:00,0.7812413258850575,0.7395398175716399,0.6652522514015435,0.3435316118597984,0.5559327828884124
2023-08-21 08:00:00,0.8111738523840903,0.7252935333549975,0.7103069214522838,0.6312709471583365,0.5969952969253063
2023-08-21 09:00:00,0.6889753988385199,0.5986455170810222,0.5385537419468164,0.5815905109792947,0.4495445644855499
2023-08-21 10:00:00,0.734213010072708,0.6124211384356022,0.5712487846612929,0.667892627492547,0.4789651882648468
2023-08-21 11:00:00,0.697766060233116,0.45735520124435425,0.5007513776421546,0.5348671992868184,0.41968982160091395
2023-08-21 12:00:00,0.516240655183792,0.4576208961009979,0.33323507413268083,0.2842488008737564,0.28167204983532423
2023-08-21 13:00:00,0.5414638376235962,0.6991075931489467,0.40240250498056407,0.35573732443153855,0.3646915245056152
2023-08-21 14:00:00,0.5972794449329375,0.8138979895412921,0.477989655137062,0.44313299834728237,0.44165697097778317
2023-08-21 15:00:00,0.4409319972991943,0.5281120693683624,0.3117791567742825,0.2287371717393398,0.2847738421708345
2023-08-21 16:00:00,0.34053910180926317,0.39450473785400386,0.2501246694475412,0.2609517019987106,0.23165977783501143
2023-08-21 17:00:00,0.29519774749875066,0.32513373777270316,0.3010957456380129,0.37341419197618964,0.2774870635569095
2023-08-21 18:00:00,0.2742811046540737,0.2771873697638511,0.22946767054498193,0.28641470313072204,0.2096997123211622
2023-08-21 19:00:00,0.263908624202013,0.2686019022762775,0.2206041849404573,0.24371259003877638,0.19913161948323244
2023-08-21 20:00:00,0.18120778858661651,0.186146429926157,0.15509618975222111,0.21557084091007706,0.14050890304148195
2023-08-21 21:00:00,0.12746354058384896,0.1842007717490196,0.10573929201811552,0.1944639804959297,0.09800483137369155
2023-08-21 22:00:00,0.0976608082652092,0.1646112774312496,0.07810443472117184,0.16959643956273793,0.07281696926802397
2023-08-21 23:00:00,0.07521976470947266,0.17459680914878845,0.07244281310588122,0.22781706273555752,0.07354425493627786
2023-08-22 00:00:00,0.12032476440072058,0.23311296999454495,0.10448935683816671,0.3298775957152247,0.10541843205690382
2023-08-22 01:00:00,0.13868039056658743,0.27732570171356197,0.11962762992829085,0.4234229011461138,0.12483709316700695
2023-08-22 02:00:00,0.20615856334567068,0.3286905920505524,0.18893456101417538,0.5477157516777516,0.1879837593436241
2023-08-22 03:00:00,0.24465143635869024,0.2308554846048355,0.2065316732227802,0.40390926249325265,0.18492077633738516
2023-08-22 04:00:00,0.3011903944611549,0.2676925638318062,0.2711610367894173,0.4475727189332246,0.23912194207310672
2023-08-22 05:00:00,0.34042104527354233,0.2708896999061107,0.3380502668023109,0.5129964593797921,0.3000339069217443
2023-08-22 06:00:00,0.42777122497558595,0.36377635955810544,0.44910720646381375,0.6295506557822228,0.4191789889335632
2023-08-22 07:00:00,0.46035998582839965,0.33286315917968745,0.44384992241859433,0.5985217167437076,0.403592489361763
2023-08-22 08:00:00,0.45861244201660156,0.3441516494750976,0.4030926132202148,0.5014345228672027,0.355701342523098
2023-08-22 09:00:00,0.4901727592945099,0.3477132415771484,0.409941029548645,0.41110243082046505,0.35195477999746794
2023-08-22 10:00:00,0.4580485916137695,0.31614498138427727,0.3746785962581634,0.3376403844356536,0.31854750551283356
2023-08-22 11:00:00,0.4214441299438476,0.29697694867849345,0.3355965647101402,0.29116127349436277,0.28146405585110185
2023-08-22 12:00:00,0.45407455444335937,0.28793858066201206,0.36759071350097655,0.2876272884756326,0.3057569359987974
2023-08-22 13:00:00,0.458596293926239,0.25083622619509693,0.37150729537010185,0.2874200563877821,0.309723229855299
2023-08-22 14:00:00,0.48010496377944945,0.24492887675762173,0.3941878235340118,0.3008619577437639,0.3279576491564512
2023-08-22 15:00:00,0.3652437591552734,0.14367048010230063,0.2943540576100349,0.21397684149444102,0.23121405392885205
2023-08-22 16:00:00,0.33078303858637803,0.12801636770367622,0.25080519691109654,0.1607223520427942,0.19323247298598287
2023-08-22 17:00:00,0.32210007414221764,0.13022888064384458,0.25637184880673886,0.17595372032374143,0.2018440406769514
2023-08-22 18:00:00,0.11591781623661516,0.03373662188649178,0.09343252357095479,0.06624236345291139,0.07243733704090118
2023-08-22 19:00:00,0.10281803667545318,0.034027616381645205,0.06935070976614952,0.02344735821709037,0.05202488549053669
2023-08-22 20:00:00,0.09356086388230322,0.05731222987174988,0.0754704513028264,0.03105307381600142,0.0624923849850893
2023-08-22 21:00:00,0.06930180251598358,0.038461960628628736,0.07893453016877175,0.03598935374990106,0.06933608405292033
2023-08-22 22:00:00,0.024117857813835145,0.008741681724786758,0.0272686567902565,0.02121817387640476,0.0227939061075449
2023-08-22 23:00:00,0.0029693542048335074,0.0037263938039541243,0.002862425614148378,0.009866738636046648,0.0023929208703339097
2023-08-23 00:00:00,0.001721224933862686,0.0044517843052744865,0.0026972930319607256,0.020881482828408484,0.0027435648813843726
2023-08-23 01:00:00,0.006056972257792949,0.0185336709022522,0.004211101904511451,0.0401156697422266,0.004278329033404589
2023-08-23 02:00:00,0.005287239775061607,0.015353837981820107,0.0016399738565087319,0.06382507517933846,0.001374212000519037
2023-08-23 03:00:00,0.003235366679728031,0.0120729648321867,0.0018209027126431464,0.13721401780843734,0.0017777624167501925
2023-08-23 04:00:00,0.0029571882635354993,0.08314613617956639,0.0014869665168225764,0.1680018476396799,0.0009042767062783241
2023-08-23 05:00:00,0.050155912972986695,0.09748633250594138,0.029251769632101063,0.11829445067793129,0.0184902829118073
2023-08-23 06:00:00,0.08524178978055715,0.028145101666450505,0.05758482467383146,0.15288016367703675,0.05815857736393809
2023-08-23 07:00:00,0.16533786609768866,0.04024060681462288,0.08701775804162024,0.021363423541188243,0.06241397401317954
2023-08-23 08:00:00,0.1121520959585905,0.005056828036904335,0.07513808447867631,0.006839747540652752,0.06183509273454547
2023-08-23 09:00:00,0.030496120601892475,0.0058519036322832105,0.028872618153691295,0.008440218567848207,0.022750520631670955
2023-08-23 10:00:00,0.003507678471505642,0.002780749127268791,0.01598284970968962,0.010973383188247681,0.017879507951438427
2023-08-23 11:00:00,0.0,0.0013658498972654342,0.003478043619543314,0.0029823447018861773,0.00857209336012602
2023-08-23 12:00:00,0.0,0.006811115182936192,0.003690584953874349,0.0029188085347414015,0.01645697582513094
2023-08-23 13:00:00,0.0,0.02661125615239144,0.015424071028828621,0.01016963129863143,0.032466577813029286
2023-08-23 14:00:00,0.0,0.046378345116972926,0.024643585830926896,0.01098962776362896,0.04501940017566084
2023-08-23 15:00:00,0.0017922353371977804,0.05097454823553562,0.07489304831251502,0.049899765625596046,0.09353695530444384
2023-08-23 16:00:00,0.02521068930625916,0.18608266919851302,0.17592349983751773,0.16822317454963923,0.22239396035671233
2023-08-23 17:00:00,0.0852226235717535,0.21545395433902736,0.203773654140532,0.2558030661940574,0.23390475720167156
2023-08-23 18:00:00,0.1015945892035961,0.12503642559051512,0.24248630225658416,0.3645141191035509,0.24204581603407854
2023-08-23 19:00:00,0.04800106607377529,0.11689961753785608,0.07653266403824091,0.11056143846362827,0.08954106438904999
2023-08-23 20:00:00,0.06386536404490471,0.14181332208216188,0.17379492729902266,0.278654623106122,0.20678035147488116
2023-08-23 21:00:00,0.33988727495074267,0.36215932905673975,0.5442033082991837,0.399939515069127,0.5827347644418477
2023-08-23 22:00:00,0.2706254024803638,0.17568259999155997,0.40971856713294974,0.5498844310641288,0.3859400177001953
2023-08-23 23:00:00,0.4531526184082031,0.46409133553504944,0.566730042695999,0.7789127179235219,0.545847371816635
2023-08-24 00:00:00,0.6007603263854979,0.43382566094398495,0.7209496100246905,0.900103489011526,0.656464468538761
2023-08-24 01:00:00,0.5178588259220123,0.43623363494873046,0.6641964238882064,0.7637916425615549,0.6360241534560918
2023-08-24 02:00:00,0.42791507720947264,0.4205646133422851,0.45986581623554224,0.5559268693625926,0.4605184715986252
2023-08-24 03:00:00,0.3232519038021564,0.23360006526112553,0.3733438054472208,0.6678983333706855,0.3804212876409292
2023-08-24 04:00:00,0.27510605037212366,0.27508751377463336,0.34656164258718486,0.5605554380267859,0.3383263963460922
2023-08-24 05:00:00,0.37735839843749996,0.34322046354413027,0.4003166770935058,0.47802890300750733,0.3648440933227539
2023-08-24 06:00:00,0.39065212249755854,0.530815736055374,0.4508999341726303,0.5571794366836548,0.4369023662805557
2023-08-24 07:00:00,0.40769183397293085,0.5924933111667632,0.5471614221483467,0.6946318069845437,0.5466640523821115
2023-08-24 08:00:00,0.3456687927246094,0.46205387949943544,0.48247026801109305,0.6846101949363946,0.4751919203996658
2023-08-24 09:00:00,0.3618312072753906,0.5084008729457855,0.4600165998935699,0.5627735859155654,0.45238196492195126
2023-08-24 10:00:00,0.3417206192016601,0.45736148595809933,0.42538073956966405,0.5217306470870972,0.41078554153442376
2023-08-24 11:00:00,0.4755385220050812,0.5913531935214995,0.5579591917991638,0.5923817312717437,0.5325578343868255
2023-08-24 12:00:00,0.49382725238800046,0.6376581346988677,0.5229122859239578,0.4632603752613067,0.48330351293087004
2023-08-24 13:00:00,0.31955527558922764,0.44708045959472653,0.3382421839982271,0.2681825610250234,0.30991377465426917
2023-08-24 14:00:00,0.1718042768537998,0.25297338292002675,0.21039201579988,0.18207379601895807,0.20257372334599494
2023-08-24 15:00:00,0.14779537066817283,0.20246246367692944,0.26052809745073313,0.15892826754599806,0.25150849640369416
2023-08-24 16:00:00,0.09981323845684528,0.16454754307866093,0.15343529295176267,0.07701846532523632,0.15439949080348014
2023-08-24 17:00:00,0.1727461604773998,0.264226661324501,0.23824363298714157,0.08071690116077661,0.2531507842987776
2023-08-24 18:00:00,0.0944416531920433,0.18037387296557422,0.10078549694269895,0.023858098164200783,0.09938481241464614
2023-08-24 19:00:00,0.024719638526439672,0.07105803042650222,0.0425900199636817,0.022151769790798425,0.04086484979838133
2023-08-24 20:00:00,0.03066830426454544,0.031987599730491645,0.06621345087885856,0.15837963394820687,0.05623146839439869
2023-08-24 21:00:00,0.06285499267280101,0.10152295984327792,0.11790466070175169,0.20825898267328738,0.13313920356333253
2023-08-24 22:00:00,0.12550503402948376,0.23760881587862964,0.2312922458350658,0.2519332236051559,0.2818862588703632
2023-08-24 23:00:00,0.23584018006920812,0.3757823944091797,0.26538191698491564,0.1520604106597602,0.28378344401717187
2023-08-25 00:00:00,0.28168500706553457,0.193043470531702,0.20396382089704274,0.04579667299985885,0.18102728800848125
2023-08-25 01:00:00,0.03277590934187174,0.004555423147976398,0.016986039336770776,0.0015835648961365222,0.00435994368046522
2023-08-25 02:00:00,0.028999287337064743,0.058490666598081595,0.0782985496148467,0.042247741706669326,0.07450053568929434
2023-08-25 03:00:00,0.035779570117592814,0.0,0.04604266211390496,0.011156001407653094,0.03582037679851055
2023-08-25 04:00:00,0.007665770836174488,0.0,0.018074588123708962,0.0075430453941226,0.03404610112309456
2023-08-25 05:00:00,0.02234049323946238,0.06087454155087471,0.012398570571094752,0.020467912908643485,0.049536311849951734
2023-08-25 06:00:00,0.11157235205173491,0.08697103887796402,0.04181502785533666,0.041634692549705504,0.10094335807487367
2023-08-25 07:00:00,0.159482913762331,0.04113976746797562,0.08697492234408855,0.04780040428042411,0.10884768987074493
2023-08-25 08:00:00,0.09179567769169805,0.013055273406207562,0.07203416027128696,0.042398394756019114,0.11209444459527731
2023-08-25 09:00:00,0.06899952068924903,0.0024058121070265766,0.06124527866020798,0.025397538356482986,0.0821906279027462
2023-08-25 10:00:00,0.030354808494448663,0.011816406846046448,0.03943580733612179,0.05596236802637576,0.06244394764304161
2023-08-25 11:00:00,0.03931405372917652,0.09624950438737868,0.08063120432198048,0.19031034931540486,0.10896780040115117
2023-08-25 12:00:00,0.2007516075670719,0.3357992582023144,0.2671207438409328,0.44834204405546185,0.2815755889564752
2023-08-25 13:00:00,0.5003154897689819,0.600243375301361,0.5706807166337966,0.6909907728433609,0.5643688744306563
2023-08-25 14:00:00,0.677807263880968,0.7479116296768187,0.7145911911875008,0.7634563509374857,0.6888874149322508
2023-08-25 15:00:00,0.5772483846545219,0.6583680114150046,0.47044545233249657,0.6194935454428195,0.4187453842163086
2023-08-25 16:00:00,0.44583484530448914,0.5515408825874328,0.40901192963123323,0.5804002223908901,0.36260010547935956
2023-08-25 17:00:00,0.43298439025878904,0.46421573162078855,0.3725024032592773,0.4511585700511932,0.3226258429139852
2023-08-25 18:00:00,0.31434180408716195,0.3028869870305061,0.27229654446244234,0.3816534475237131,0.2512664788216352
2023-08-25 19:00:00,0.42051035165786743,0.32273357227444643,0.35028285980224605,0.42169035315513614,0.29194926902651785
2023-08-25 20:00:00,0.3797918662428856,0.3521673028171062,0.30549374930560586,0.4088578905165195,0.2535133664309978
2023-08-25 21:00:00,0.3095442566275596,0.28379403114318846,0.24613099865615362,0.37384255796670907,0.20636614501476283
2023-08-25 22:00:00,0.18838249847292898,0.2118792924284935,0.13635540064424276,0.27340575482696294,0.12286756291985511
2023-08-25 23:00:00,0.1611833946406841,0.2409416092932224,0.129390672147274,0.34021026693284506,0.12512949921190736
2023-08-26 00:00:00,0.23332918196916574,0.29166284486651417,0.21940992496907707,0.43991634197533125,0.2109659435600042
2023-08-26 01:00:00,0.30754849120974537,0.3431716156005859,0.2877492505311966,0.3823655017465353,0.2619482361525297
2023-08-26 02:00:00,0.19933420598506923,0.24119279250502584,0.18449652604758737,0.25046240940690034,0.16944762669503688
2023-08-26 03:00:00,0.16367283910512923,0.12102855533361434,0.1495634579658508,0.1478430750966072,0.13275681942701337
2023-08-26 04:00:00,0.09402456827461719,0.08716850280761718,0.1061068546026945,0.09757368732243776,0.10553340241312979
2023-08-26 05:00:00,0.05721736863255501,0.10221142575144768,0.1034344859048724,0.10433787260204552,0.11363857109099626
2023-08-26 06:00:00,0.106792314350605,0.17447015702724455,0.1509135343134403,0.09421180637553334,0.16057583339512344
2023-08-26 07:00:00,0.1440573978424072,0.21116908892989156,0.13263501577079295,0.04484272748231888,0.132077825628221
2023-08-26 08:00:00,0.2512405236065387,0.18899484992027282,0.1553491101413965,0.03183330472558737,0.13492801122367382
2023-08-26 09:00:00,0.22584956482052798,0.1778241419792175,0.14193259000778197,0.03384118327870965,0.12318077418953179
2023-08-26 10:00:00,0.310402667671442,0.3105350969731807,0.2051477119326591,0.05206814246252178,0.16885787039995193
2023-08-26 11:00:00,0.41562702178955074,0.3570945306122303,0.26559203587472435,0.06657270265743137,0.20506826825439928
2023-08-26 12:00:00,0.4203720474243164,0.33447134494781494,0.2676431040465832,0.07008584327995777,0.20294820725917817
2023-08-26 13:00:00,0.471564484834671,0.3654731355607509,0.29097277395427223,0.07665436536073685,0.21616052143275732
2023-08-26 14:00:00,0.4912464475631714,0.3588665096461773,0.3008227041363716,0.08379374582320452,0.221168350726366
2023-08-26 15:00:00,0.38118041992187496,0.3140332773327827,0.28231508657336235,0.1593594640120864,0.24442587822675702
2023-08-26 16:00:00,0.27413589924573895,0.28572089806199075,0.2050794669985771,0.23725215677171946,0.1749243701994419
2023-08-26 17:00:00,0.19626499101519582,0.25649440556764597,0.17750637665390967,0.335205295458436,0.1774090367183089
2023-08-26 18:00:00,0.22798958241939543,0.2209668208658695,0.24025485984981057,0.332233507335186,0.20377203181385992
2023-08-26 19:00:00,0.08821119375526905,0.1106433355808258,0.10485988106578588,0.17764103151857852,0.103778509311378
2023-08-26 20:00:00,0.04076883688569069,0.1329916076362133,0.06345292780548334,0.14866933546960354,0.0715417644008994
2023-08-26 21:00:00,0.046464720144867896,0.3824993515014648,0.055524559244513515,0.18591639529913662,0.10274840231984853
2023-08-26 22:00:00,0.10579978555440903,0.537985223531723,0.11633539471775292,0.32886256426572796,0.21126767024397852
2023-08-26 23:00:00,0.22322364583611484,0.6607681615650652,0.24982870720326897,0.5182528379559517,0.3721665604412555
2023-08-27 00:00:00,0.3313166828453541,0.6810945963859556,0.3961180976778268,0.6584845611453056,0.4561510186642408
2023-08-27 01:00:00,0.5331417477130889,0.7590826755762099,0.5682836680114268,0.7518365190923214,0.5302859273552893
2023-08-27 02:00:00,0.7112813851237296,0.7569375006854533,0.6904278925061225,0.8300336542725563,0.6154691888391971
2023-08-27 03:00:00,0.61047198086977,0.45172319293022156,0.5216385556757449,0.707728763371706,0.4541975396871567
2023-08-27 04:00:00,0.5894271886348723,0.4839188015460968,0.5270518636703491,0.7217349727451801,0.4810939908027648
2023-08-27 05:00:00,0.6423517322540282,0.5757044708728789,0.5531107044219971,0.7488941544294357,0.5007692283391952
2023-08-27 06:00:00,0.728369835615158,0.7112662440538406,0.6785916449874638,0.7994310764968394,0.6263146629929541
2023-08-27 07:00:00,0.7915668918192386,0.8005346006155014,0.7082578087598085,0.7715755023807287,0.6577098491042851
2023-08-27 08:00:00,0.8254912434518338,0.7885065487027167,0.7376103004813193,0.7283963332325218,0.6783823663741348
2023-08-27 09:00:00,0.8283888585865498,0.7291161915659904,0.7509627352654933,0.6585131349414586,0.684448724463582
2023-08-27 10:00:00,0.7406096121668815,0.6174540376663207,0.6847191488742828,0.5814680910110472,0.6234921371936797
2023-08-27 11:00:00,0.6083936250209807,0.4703070557117462,0.5791263437271117,0.5173615521192549,0.523459649682045
2023-08-27 12:00:00,0.5426643049716948,0.38472457885742184,0.537468106150627,0.5157282209396361,0.49414226770400993
2023-08-27 13:00:00,0.47339783430099486,0.3328848765790462,0.4711356347799301,0.45535191237926476,0.43489287674427024
2023-08-27 14:00:00,0.44055457115173335,0.3006284283101558,0.42843060970306396,0.40690776228904724,0.39165594637393947
2023-08-27 15:00:00,0.30866700336337083,0.15249280884861946,0.29443501919507975,0.3031496556103229,0.2605871694535017
2023-08-27 16:00:00,0.34453189194202416,0.17557217746973036,0.3087229917943477,0.2740822214633226,0.26527037426829336
2023-08-27 17:00:00,0.34329103171825404,0.17645884439349172,0.30880832783877843,0.27690992303192613,0.2672065614163875
2023-08-27 18:00:00,0.15217515781521795,0.10200769200921059,0.12889322541654108,0.1699273363500833,0.11126829922199248
2023-08-27 19:00:00,0.1460400629043579,0.12252866029739379,0.11072926241904496,0.10991527970880269,0.09293681163340806
2023-08-27 20:00:00,0.16951161623001096,0.12824899196624753,0.13529593519866467,0.08529991500079631,0.11399288352578876
2023-08-27 21:00:00,0.1566642242670059,0.15305282190442082,0.12264450851827859,0.07605746392160653,0.1047128540277481
2023-08-27 22:00:00,0.09547387041151523,0.11273610770702361,0.07755185574293136,0.09504728529602288,0.06950100257992745
2023-08-27 23:00:00,0.05593233041465283,0.08666417002677917,0.040409271456301216,0.1503837800770998,0.03543753243982792
2023-08-28 00:00:00,0.04115083724260331,0.07656541839241982,0.02570014983415604,0.20440193498507142,0.020960896611213687
2023-08-28 01:00:00,0.03094905719161034,0.056410180032253274,0.013693323954939843,0.23716124815866352,0.0065529695898294445
2023-08-28 02:00:00,0.015554891377687454,0.028097420036792758,0.005028356648981571,0.28350468754768365,0.0017564002610743045
2023-08-28 03:00:00,0.003952621705830097,0.009595903903245925,0.0012565603479743003,0.30432005656883115,3.546364605426788e-06
2023-08-28 04:00:00,0.0057614441588521,0.05625801227986813,0.0020479917153716086,0.3202217555791139,2.8318651020526884e-05
2023-08-28 05:00:00,0.05713153719902039,0.19463183999061584,0.026831149868667126,0.2924358696117997,0.021207125913351773
2023-08-28 06:00:00,0.09644893862307072,0.22707094103097913,0.05952121306210756,0.25241304382681845,0.08616819711402057
2023-08-28 07:00:00,0.08479285918176174,0.17972046628594396,0.07370255671441554,0.2401298154890537,0.11943727385252711
2023-08-28 08:00:00,0.04268569000065327,0.12578480795025823,0.05717183925211429,0.17927960257977246,0.1007957601547241
2023-08-28 09:00:00,0.01810410033911467,0.07100651562213897,0.049193215165287255,0.11793354284018277,0.08705466745421289
2023-08-28 10:00:00,0.011478446498513222,0.04674745492637158,0.05619179420173168,0.08918846305459736,0.09060371831059454
2023-08-28 11:00:00,0.011223290488123894,0.026791723817586897,0.037717136591672897,0.05127300353720784,0.06436867531388997
2023-08-28 12:00:00,0.006397305876016617,0.004931743070483207,0.013850176949054004,0.01795840034261346,0.03304551487788558
2023-08-28 13:00:00,0.003934658542275428,0.000953732170164585,0.01630723889917135,0.013040843419730665,0.029920931998640297
2023-08-28 14:00:00,0.0033292857930064196,0.0,0.017515843249857423,0.010971636008471251,0.02540888786315918
2023-08-28 15:00:00,0.003845247477293014,0.0,0.004997530709952115,0.004198504779487848,0.004173629879951477
2023-08-28 16:00:00,0.0034260563924908634,0.0,0.008033607508987187,0.01099999848753214,0.008072959147393702
2023-08-28 17:00:00,0.003155479654669761,0.0,0.003973697684705257,0.019818663727492095,0.004816004931926727
2023-08-28 18:00:00,0.0017574725672602652,0.0,0.0008787362836301326,0.023124112114310265,0.000620242804288864
2023-08-28 19:00:00,0.0,0.0,0.0,0.021316430009901525,0.0
2023-08-28 20:00:00,0.0026856750249862667,0.0,0.0013428375124931332,0.04087871560826897,0.0010952144674956797
2023-08-28 21:00:00,9.409476071596145e-05,0.0,4.7047380357980726e-05,0.04393903471529484,0.00019544804468750953
2023-08-28 22:00:00,0.0,0.0,0.0,0.03478693164885044,0.0
2023-08-28 23:00:00,0.0,0.0,0.0,0.038170209117233754,0.0
2023-08-29 00:00:00,0.0,0.0027368244156241416,0.0,0.047140862010419365,0.0015149223059415817
2023-08-29 01:00:00,0.0,0.0052695473656058315,0.0009551197849214076,0.0617529341392219,0.0032050057500600817
2023-08-29 02:00:00,0.0,0.014810125529766082,0.005080856196582316,0.09747258685529231,0.010329782739281654
2023-08-29 03:00:00,0.0,0.05185847945511341,0.0290203719586134,0.12577165130525828,0.03913082297891378
2023-08-29 04:00:00,0.0032282422482967374,0.11938429594039915,0.07690871562808752,0.12838799234479664,0.08873189955949783
2023-08-29 05:00:00,0.04937313504517078,0.18237422719597815,0.1434463310241699,0.13259196508675813,0.1451927542313933
2023-08-29 06:00:00,0.09753830123692749,0.17188280299305914,0.21154495799913997,0.1457142135687172,0.20733557432889935
2023-08-29 07:00:00,0.13048793479800222,0.06024463012814522,0.13688812747597692,0.06350208865478635,0.15013854797929524
2023-08-29 08:00:00,0.09859912723302841,0.0018359801173210143,0.05842963363975287,0.012674069032073021,0.06821906771510838
2023-08-29 09:00:00,0.03436921142041683,0.0,0.01782311696559191,0.00021563936024904246,0.02074106190353632
2023-08-29 10:00:00,0.0027582474052906033,0.0015149908512830732,0.0013791237026453016,0.0,0.0004629282467067241
2023-08-29 11:00:00,0.0,0.01949631247669459,0.0,0.00023287080228328702,0.000615258701145649
2023-08-29 12:00:00,0.0004215290024876594,0.05890117958188057,0.0011838795803487299,0.0011340119875967501,0.004975790195167065
2023-08-29 13:00:00,0.008566406331956386,0.07970329478383065,0.008530426286160946,0.0053537796065211305,0.01596751905977726
2023-08-29 14:00:00,0.02507653772830963,0.10002972565591335,0.025701586827635764,0.01784217402338982,0.03709035713225603
2023-08-29 15:00:00,0.0074708850681781775,0.0761461041867733,0.01311618261039257,0.01785439455881715,0.026276867408305406
2023-08-29 16:00:00,0.0017182723432779311,0.03756854742765427,0.0030716546997427937,0.024351487420499328,0.011375410109758378
2023-08-29 17:00:00,0.0,0.019810750558972356,0.005531204789876938,0.04473743092268706,0.015125240758061407
2023-08-29 18:00:00,0.0016323687508702277,0.03569930359721184,0.010286617279052735,0.07640240378677846,0.01612531075254083
2023-08-29 19:00:00,0.001168818026781082,0.011468220949172974,0.0039424911327660085,0.09104727678000926,0.007068851701915264
2023-08-29 20:00:00,0.013425742834806444,0.01946959465742111,0.020762445703148842,0.13554655656218528,0.02002924092113972
2023-08-29 21:00:00,0.05236874401569366,0.042709209471941,0.0477094303816557,0.1364755545184016,0.042053078934550285
2023-08-29 22:00:00,0.0856799953430891,0.07240975327789784,0.07875588621944188,0.1522767452895641,0.07102672923356294
2023-08-29 23:00:00,0.11375197857618331,0.11458663418889045,0.1180761869996786,0.22641005121171476,0.11934799104928968
2023-08-30 00:00:00,0.22771020144224163,0.21066754296422002,0.23490065880119798,0.31792296186089514,0.22299019701778888
2023-08-30 01:00:00,0.32787315368652337,0.2989814946055412,0.3187031619250774,0.29136509381234643,0.3009287088364363
2023-08-30 02:00:00,0.3228268231451511,0.3813398742675781,0.3277530755847692,0.2968865519016981,0.29659515038132667
2023-08-30 03:00:00,0.2071956594288349,0.08945050902664661,0.1758228761702776,0.3220348957180977,0.14568090137094258
2023-08-30 04:00:00,0.16005037203431127,0.07259775385260582,0.14479060046374798,0.44802597858011717,0.13415227536112068
2023-08-30 05:00:00,0.19040982440114018,0.05264897719025612,0.2912946556508541,0.591849420517683,0.3006408928334713
2023-08-30 06:00:00,0.26688348606228823,0.16633608132600783,0.5292601183801888,0.7863603776693344,0.5862318806350231
2023-08-30 07:00:00,0.5342395997047423,0.4804518920183181,0.7263628734648226,0.8968428518623113,0.7231387308239937
2023-08-30 08:00:00,0.8027566596865654,0.6345211482048034,0.7464120852947235,0.8170101487636565,0.6837478934228419
2023-08-30 09:00:00,0.641911976635456,0.7674997052550314,0.6321455879509448,0.8054721561819314,0.580905765891075
2023-08-30 10:00:00,0.6183484649658202,0.7826461738348006,0.5505873715877532,0.8043738516420126,0.5039965319633483
2023-08-30 11:00:00,0.777361480742693,0.8299476569890976,0.6189011106640101,0.8177082139253616,0.5638119155168533
2023-08-30 12:00:00,0.8440759265422821,0.878615277558565,0.7542688547074794,0.9020298145711422,0.7348588286340236
2023-08-30 13:00:00,0.9678625206649303,0.9516150127351284,0.9670392630994318,0.993713868111372,0.9378090759366751
2023-08-30 14:00:00,1.0,0.9491249665617942,1.0,1.0,1.0
2023-08-30 15:00:00,0.9840456289052963,0.8743803875148295,0.9948128527402877,1.0,0.9949855306744575
2023-08-30 16:00:00,1.0,1.0,1.0,1.0,1.0
2023-08-30 17:00:00,1.0,1.0,0.9986469078063964,0.9956608608365058,0.9970967733860016
2023-08-30 18:00:00,1.0,1.0,0.9856257998943329,0.9855759085714817,0.9843461184203626
2023-08-30 19:00:00,0.9905497094988822,1.0,0.9729050865024328,0.9797017665952443,0.9769156230986117
2023-08-30 20:00:00,1.0,0.9855042794346809,0.9445427744835615,0.9562329971790313,0.9175626330822706
2023-08-30 21:00:00,0.9785909968614577,0.9146983361244201,0.8789268549531698,0.9180784521251917,0.83743866071105
2023-08-30 22:00:00,0.9320628318190574,0.8856605283915997,0.8429960291832685,0.9011647376418113,0.7872300855070351
2023-08-30 23:00:00,0.8657798933982849,0.8192574733495712,0.7669130524247885,0.8716902104765176,0.7019044718146323
2023-08-31 00:00:00,0.7504326424002646,0.7512613652646541,0.666964824348688,0.8390526068955659,0.6129085140675306
2023-08-31 01:00:00,0.7509129239618777,0.7598510271310805,0.6602501323819159,0.8363343109935522,0.6011495596170424
2023-08-31 02:00:00,0.7880451521277427,0.7672026133537292,0.6969528401643037,0.8407404415309429,0.6342452722042797
2023-08-31 03:00:00,0.5998614287376403,0.5046566343307495,0.5142081302404403,0.6670605487376451,0.45067370355129244
2023-08-31 04:00:00,0.5584509825706481,0.5450295054912566,0.4459330755472183,0.48304377675056454,0.38517696380615235
2023-08-31 05:00:00,0.47816136717796326,0.38783893585205076,0.38492716968059537,0.39346533477306367,0.32644203826785084
2023-08-31 06:00:00,0.37957328796386713,0.31317694455385203,0.3241830185055733,0.3465268734842539,0.2811045283824205
2023-08-31 07:00:00,0.3653106689453125,0.373198127746582,0.3069565741717815,0.3518467760086059,0.27900846242904664
2023-08-31 08:00:00,0.38513832092285155,0.3990169143676758,0.3218134446442127,0.36492399252951147,0.28764182843267916
2023-08-31 09:00:00,0.3937960052490234,0.40868431091308594,0.31850457698106766,0.3409354706853628,0.2843611611425876
2023-08-31 10:00:00,0.45915307283401485,0.4212699556350708,0.3590611869841814,0.33295465774834154,0.31404771506786344
2023-08-31 11:00:00,0.5375080263614653,0.44375783085823056,0.40241880200803276,0.30350791350007056,0.3446802892535925
2023-08-31 12:00:00,0.52285449385643,0.43615958094596863,0.3829067601263523,0.2607988155633211,0.32282292596995826
2023-08-31 13:00:00,0.4379726409912109,0.3341848933696746,0.32233822889626024,0.2022208474576473,0.2656403043866157
2023-08-31 14:00:00,0.35045486450195307,0.21432611078023908,0.2743457785993814,0.16433969832956788,0.22998942330479621
2023-08-31 15:00:00,0.21251421287655828,0.042474252879619596,0.19687868908047673,0.11213626958429812,0.1710553556680679
2023-08-31 16:00:00,0.21061326846480366,0.017520677484571937,0.20626377835869786,0.1100544062256813,0.17396808460354804
2023-08-31 17:00:00,0.2073684003949165,0.03712395086884499,0.170391611456871,0.06213709190487861,0.13060376424342393
2023-08-31 18:00:00,0.049796620681881905,0.00358643963932991,0.030377959627658126,0.0034489565342664718,0.01939680425450206
2023-08-31 19:00:00,0.04058267153799534,0.00253984909504652,0.01763346174731851,0.0,0.0072642861679196365
2023-08-31 20:00:00,0.021390251666307453,0.005803174562752246,0.011189479548484087,0.0010909368097782135,0.006387768480926752
2023-08-31 21:00:00,0.006322570890188216,0.008679335005581379,0.004759055506438016,0.0033877682499587536,0.004448143262416124
2023-08-31 22:00:00,0.005180523246526718,0.022004970461130143,0.004335228092968463,0.020410321895033123,0.004587662164121866
2023-08-31 23:00:00,0.009844498857855797,0.036963338479399685,0.005633579082787037,0.031449746359139684,0.0051624860987067225
2023-09-01 00:00:00,0.05700976707041264,0.06327373079955578,0.029190518576651812,0.0437144554592669,0.020608203466981653
2023-09-01 01:00:00,0.06787323065102101,0.08849658861756324,0.04517002124339342,0.06997191835194826,0.03763008963316679
2023-09-01 02:00:00,0.06352705903351306,0.10852073736488818,0.04111729633063078,0.08786887809634208,0.034315621070563795
2023-09-01 03:00:00,0.06914965115487576,0.11614624261856077,0.05263320527970791,0.10030855309218167,0.05319821845740081
2023-09-01 04:00:00,0.11138834208250044,0.21535730212926862,0.17784534670412538,0.18676418539136647,0.17225051149725912
2023-09-01 05:00:00,0.20450602829456327,0.32168192461133,0.33973312228918073,0.2523613656312227,0.3135606667399406
2023-09-01 06:00:00,0.28526854604482643,0.32155551597476,0.3610170225799083,0.21760701917111872,0.33898928470909595
2023-09-01 07:00:00,0.28092397168278693,0.21870734170079228,0.2905042531341314,0.15568040635436772,0.2635397360473871
2023-09-01 08:00:00,0.24408902063965793,0.13010048411786557,0.2205042983591556,0.11957009389996527,0.18666050538420675
2023-09-01 09:00:00,0.18245866388082502,0.07526433870196342,0.14716581761837005,0.0901124981045723,0.12063501819968221
2023-09-01 10:00:00,0.11968324422836302,0.02929334439337254,0.09360111802816391,0.08332972925156355,0.07693013539537787
2023-09-01 11:00:00,0.06934987761080265,0.003020920008420944,0.07147672712802887,0.10913703132420777,0.0643439457938075
2023-09-01 12:00:00,0.04429134853184223,0.0,0.07933705121278764,0.16021888609975576,0.07951661236584186
2023-09-01 13:00:00,0.029577460363507273,0.0,0.09292844854295253,0.1872115947306156,0.0941303366422653
2023-09-01 14:00:00,0.01780143443495035,0.0017955854907631872,0.10589341610670089,0.20901497349143025,0.1063049031794071
2023-09-01 15:00:00,0.003441629037261009,0.01934926051646471,0.10041952569037675,0.224068945646286,0.11303718306124211
2023-09-01 16:00:00,0.001501299776136875,0.03177009344100952,0.08009977806359529,0.17580180443823334,0.09531854100525379
2023-09-01 17:00:00,0.002598295137286186,0.05023549057543278,0.06430148717015982,0.12062661081552503,0.07618766259402036
2023-09-01 18:00:00,0.0058279200643301015,0.06039790973067284,0.03492285549640656,0.050500467196106916,0.04164185404777527
2023-09-01 19:00:00,0.0035656309872865674,0.0051343879476189605,0.005836359988898039,0.018122694492340087,0.006065557841211557
2023-09-01 20:00:00,0.006629560887813567,0.002864182516932487,0.01387490689754486,0.025889867320656776,0.012876014783978462
2023-09-01 21:00:00,0.003307511508464813,4.85386699438095e-05,0.0051136242784559725,0.01433660175651312,0.0047331894934177395
2023-09-01 22:00:00,0.0027149541676044463,0.0,0.004058901686221361,0.009410444535315036,0.003499234542250633
2023-09-01 23:00:00,0.005700307711958885,0.0003407611697912216,0.006474643442779779,0.009870863053947687,0.005791206117719412
2023-09-02 00:00:00,0.02328553378582001,0.002685728147625923,0.024169936403632165,0.019291592054069044,0.01791675038635731
2023-09-02 01:00:00,0.039938716739416125,0.00554855853319168,0.03531231738626957,0.021345055662095547,0.026489884927868843
2023-09-02 02:00:00,0.04484607413411141,0.009112298451364041,0.037734130471944814,0.02066079154610634,0.029143982976675035
2023-09-02 03:00:00,0.059874920621514324,0.003412678055465221,0.05546176139265299,0.02767204180359841,0.045573747120797634
2023-09-02 04:00:00,0.14639705285429952,0.011174407340586185,0.13169382147490977,0.10622323118150234,0.11333759300410746
2023-09-02 05:00:00,0.39211193084716794,0.0932746721059084,0.31721794635057443,0.27462749533355235,0.2601213485002517
2023-09-02 06:00:00,0.604078755378723,0.32103019788861276,0.5431283271312712,0.5308807796239853,0.4507561635971069
2023-09-02 07:00:00,0.6953128716349601,0.632002601623535,0.6135934895277022,0.5331757050752639,0.536080207824707
2023-09-02 08:00:00,0.59757441714406,0.771064889281988,0.5102767992019652,0.4517878705263137,0.4659111434221267
2023-09-02 09:00:00,0.6458155228197573,0.8785560019314289,0.5884209508448839,0.5400083506107329,0.5460776344686746
2023-09-02 10:00:00,0.7558981171250343,0.9495746566355228,0.723324574008584,0.6642443003505468,0.6780888354778289
2023-09-02 11:00:00,0.8837140342593193,0.9921228858828544,0.8570513884723187,0.8160698667913675,0.8070845981687306
2023-09-02 12:00:00,0.9372892940044403,1.0,0.9030772592872379,0.8414485093951225,0.8499982112646102
2023-09-02 13:00:00,0.9545459823310375,0.991527746617794,0.8834528151899576,0.7651913495361804,0.8129084783047438
2023-09-02 14:00:00,0.955556515008211,0.9991566580533982,0.856540478169918,0.6734842231869697,0.797787068337202
2023-09-02 15:00:00,0.981787668466568,1.0,0.9407590028643606,0.7819892060756682,0.8874038399010895
2023-09-02 16:00:00,0.9958532977104186,1.0,0.9819124233722686,0.8065380933135746,0.9534172178804874
2023-09-02 17:00:00,0.9786115860939025,0.9973210069537163,0.9054060629755258,0.7457503231614827,0.8502760337293147
2023-09-02 18:00:00,0.677690809816122,0.9825530385971069,0.664806113988161,0.788920108526945,0.6313442552834748
2023-09-02 19:00:00,0.5589858150482176,0.8683531248569489,0.48953637838363645,0.6139613149315118,0.4686739319562911
2023-09-02 20:00:00,0.7347573941946028,0.9283500981330871,0.738254397213459,0.7896250361949204,0.7010877709090709
2023-09-02 21:00:00,0.9712053254246711,0.9827682438492774,0.9210809463262558,0.8146792364865539,0.8701009556651115
2023-09-02 22:00:00,0.9176947066187857,0.9498521414399146,0.8849445342272519,0.8062783919274806,0.8426882757991552
2023-09-02 23:00:00,0.9832996225357056,1.0,0.9259869361668824,0.7854782927036285,0.8817034436762332
2023-09-03 00:00:00,0.9047634775936603,0.9251790313422679,0.7772833743691443,0.7893591411411761,0.6903083948791026
2023-09-03 01:00:00,0.9855538287758827,0.9864461728930473,0.9722865983098745,0.9338735001534223,0.9322691432386636
2023-09-03 02:00:00,0.9549394093453883,0.9494380562007427,0.8134963716566562,0.7939582783728838,0.7593515428155659
2023-09-03 03:00:00,0.81013854727149,0.854128026664257,0.7291976882517337,0.8744045542925595,0.6940404730290174
2023-09-03 04:00:00,0.9880465254187584,0.9841272637248039,0.9905864383280277,0.992447829246521,0.9806516434252261
2023-09-03 05:00:00,1.0,0.9978259390592574,0.9862225244939327,0.9729904641211031,0.9757653412222861
2023-09-03 06:00:00,1.0,1.0,1.0,0.9927807369828223,0.9997172267735004
2023-09-03 07:00:00,1.0,1.0,1.0,0.9942464247345923,1.0
2023-09-03 08:00:00,1.0,1.0,0.9875285220146179,0.9212903462350367,0.9748414091020822
2023-09-03 09:00:00,1.0,1.0,0.9676671442389488,0.8524166843295097,0.9379554903507232
2023-09-03 10:00:00,1.0,0.9987408539652824,0.9571619960665703,0.7925116167217492,0.9148423060774802
2023-09-03 11:00:00,0.9989179092645645,0.9929155537486076,0.9550340737402438,0.775633226558566,0.9057190879434347
2023-09-03 12:00:00,0.9932264226675034,0.9855859446525573,0.9213823213428258,0.7220879052579402,0.8610258130729198
2023-09-03 13:00:00,0.9778819036483763,0.9460243470966816,0.8638054315745829,0.68779454998672,0.7851604821532965
2023-09-03 14:00:00,0.9631629820168017,0.9243172854185103,0.8325637228786944,0.6710291592776775,0.7508613227307797
2023-09-03 15:00:00,0.9438858695328235,0.8922812664508819,0.7987633663415908,0.5930416451394557,0.7197322430461643
2023-09-03 16:00:00,0.8247739353775978,0.7802219612896442,0.645617809742689,0.5163685482740401,0.5656114524602889
2023-09-03 17:00:00,0.575335041284561,0.6161246454715728,0.5122146874666214,0.5897428399324416,0.4729430425167084
2023-09-03 18:00:00,0.3886433410644531,0.4671273624897003,0.40329665303230283,0.5880267424881458,0.3881595611572265
2023-09-03 19:00:00,0.4124158096313476,0.46547562718391416,0.3870013809204101,0.48053664803504936,0.3611671638488769
2023-09-03 20:00:00,0.3745820617675781,0.38084846496582025,0.3563672065734863,0.43753407895565033,0.32866023175418374
2023-09-03 21:00:00,0.39430381774902346,0.38734916552901266,0.41940721511840817,0.4135215568542481,0.3958215141296387
2023-09-03 22:00:00,0.5057867920398712,0.4268353736400604,0.4545729875564575,0.4256410747766495,0.4046761512756347
2023-09-03 23:00:00,0.5014033472537994,0.4091519939899444,0.49786843061447145,0.629803349673748,0.46529105961322786
2023-09-04 00:00:00,0.6311095213890074,0.6161083376407623,0.6895962683856487,0.8323559088259934,0.670854386910796
2023-09-04 01:00:00,0.7960062822699546,0.7099439582228659,0.8029881205409765,0.8841209130734204,0.7619936233758925
2023-09-04 02:00:00,0.7223148478567599,0.5571185660362243,0.745529638826847,0.8459789675474165,0.71287053771317
2023-09-04 03:00:00,0.5083960449695587,0.4828741192817687,0.5135613983869551,0.727713281288743,0.5146709801256656
2023-09-04 04:00:00,0.7481761968135833,0.8354275523126125,0.7864140933007001,0.8195083030313253,0.770862077474594
2023-09-04 05:00:00,0.9920468899607657,0.9966715154051781,0.9802737268805504,0.8268491076678037,0.9379130329191685
2023-09-04 06:00:00,1.0,0.8750677770376205,1.0,0.932278305888176,0.9961778230965137
2023-09-04 07:00:00,0.9303820857405662,0.6388482876121997,0.9956189566850662,0.9865315011143684,0.9994137750566006
2023-09-04 08:00:00,0.6736899597942828,0.6712937472760676,0.8880821204930543,0.9962210419774056,0.9530249329656362
2023-09-04 09:00:00,0.823664260059595,0.981693722307682,0.8740177600830792,0.9808699949085713,0.8801876804232596
2023-09-04 10:00:00,0.9894791397452354,1.0,0.9459716137498617,0.8271740206331013,0.9044845774024723
2023-09-04 11:00:00,1.0,1.0,0.9655141662806273,0.6812562261521815,0.9321917094290255
2023-09-04 12:00:00,1.0,0.9971796697378159,0.953545340821147,0.6072554615139961,0.9179796619713306
2023-09-04 13:00:00,1.0,0.9874767687916755,0.9480261387676001,0.6092487888783216,0.8998494447022676
2023-09-04 14:00:00,0.9888124883174896,0.9351937706768512,0.9158137126266954,0.6001524338871239,0.8459074733406304
2023-09-04 15:00:00,0.8437463857233524,0.625256581455469,0.7779215186089277,0.5539400435239076,0.7131239449977873
2023-09-04 16:00:00,0.6992420046031473,0.47357467889785765,0.6513565717637538,0.4729070810228585,0.5965074172616004
2023-09-04 17:00:00,0.5444395697116851,0.31959453582763664,0.5024830728769302,0.40964782230556007,0.45715651869773866
2023-09-04 18:00:00,0.23911884859204288,0.13863040342926977,0.24722778409719465,0.3167264241725206,0.23286289043724534
2023-09-04 19:00:00,0.14202926948666572,0.10152448445558547,0.17851383239030838,0.2672179500758648,0.18102279916405675
2023-09-04 20:00:00,0.13315974220633506,0.0992144639045,0.1876149560511112,0.2997554641216993,0.18853555396199223
2023-09-04 21:00:00,0.14849951073527334,0.09450107738375663,0.219325822815299,0.3050452142953872,0.2198985669761896
2023-09-04 22:00:00,0.18895654290914532,0.108118994012475,0.2555623780190944,0.27578419744968413,0.25565538153052325
2023-09-04 23:00:00,0.24663179770112037,0.12906774364411833,0.2930096000432968,0.2506197100132703,0.28387364417314526
2023-09-05 00:00:00,0.3218881075084209,0.16235230445861815,0.34277997739613053,0.251001773700118,0.31475393533706664
2023-09-05 01:00:00,0.44773472666740416,0.22123017296195027,0.4296112483739853,0.2695334988832474,0.3820869070291519
2023-09-05 02:00:00,0.5355498349666594,0.24763155519962307,0.47714839637279505,0.2783862010389566,0.4210420560836792
2023-09-05 03:00:00,0.3733355331420898,0.1371684357523918,0.32933721512556074,0.238324117437005,0.29938273228704926
2023-09-05 04:00:00,0.40193454742431634,0.18762611940503116,0.3056538155674934,0.2527029741555452,0.25109938763082024
2023-09-05 05:00:00,0.3749901580810546,0.18595437631011008,0.28885500729084007,0.2788308504968881,0.23575876265764234
2023-09-05 06:00:00,0.3034027928113937,0.17893647536635396,0.2784797353297471,0.3267814351618289,0.24840080738067621
2023-09-05 07:00:00,0.25270989075303074,0.2046149346232414,0.3036374519765377,0.3823202741146088,0.30097513757646077
2023-09-05 08:00:00,0.2815716010332107,0.28555907905101774,0.34283075056970114,0.3725902523845434,0.34893865942955016
2023-09-05 09:00:00,0.3523468399047851,0.3562710919976234,0.34093338012695307,0.3084760186821222,0.31803115822374817
2023-09-05 10:00:00,0.3626885604858398,0.3515789952874183,0.300887511819601,0.29176168933510777,0.2649172395467758
2023-09-05 11:00:00,0.4193254852294922,0.3986674880981445,0.32728023961186403,0.33452989213168616,0.28156188331544396
2023-09-05 12:00:00,0.4685670030117035,0.4674936580657959,0.37338365100324156,0.3845894241333008,0.326037815362215
2023-09-05 13:00:00,0.5319884872436522,0.5557418620586394,0.42455340087413784,0.4122444152832031,0.3740890884399414
2023-09-05 14:00:00,0.596396014690399,0.6325263535976409,0.4672261399030685,0.4071949577331543,0.4088534164428711
2023-09-05 15:00:00,0.4200943374633789,0.4480232977867126,0.3054743769019842,0.25677995607256887,0.25521868877112863
2023-09-05 16:00:00,0.38710044860839843,0.39514198303222653,0.3068441719561815,0.2263541596382856,0.26577427931129927
2023-09-05 17:00:00,0.2592004776000976,0.26725806921720496,0.20751626506447787,0.16325561679899692,0.18195315606892107
2023-09-05 18:00:00,0.0842146410793066,0.11685897722840308,0.0723944767192006,0.10149645321071148,0.06581962231546641
2023-09-05 19:00:00,0.03262510925531388,0.05256647549569607,0.02277922220528126,0.05753813903778791,0.01977284761145711
2023-09-05 20:00:00,0.11698687553405761,0.12330919176340101,0.03838083872571588,0.0510969110392034,0.02062712535262108
2023-09-05 21:00:00,0.18438043162226675,0.1996231213212013,0.09146020919084549,0.06949953589588403,0.05453677855432034
2023-09-05 22:00:00,0.16385503932833667,0.1846489284932613,0.10878315720707177,0.10027852840721607,0.08260652299970389
2023-09-05 23:00:00,0.16142243668437,0.17595714539289473,0.11429386332631111,0.12113418914377688,0.09020860537886619
2023-09-06 00:00:00,0.15915341615676876,0.16149023354053493,0.1385164900124073,0.1362950614839792,0.11836224645376205
2023-09-06 01:00:00,0.16279123499989506,0.12548219136893748,0.15286013878881927,0.17718883059918877,0.1364776337891817
2023-09-06 02:00:00,0.16926184371113775,0.10803038537502288,0.18793002083897592,0.23373868480324742,0.17824211783707142
2023-09-06 03:00:00,0.204907229244709,0.10624694600701332,0.22677710786461827,0.2379862521588802,0.22627040795981881
2023-09-06 04:00:00,0.20964514940977094,0.04887847602367401,0.1956591463834047,0.2944517955183983,0.18125071622431277
2023-09-06 05:00:00,0.3378654800355434,0.07322746135294438,0.2932669316977262,0.3419142002612352,0.2539826741069555
2023-09-06 06:00:00,0.36256116464734073,0.09081737339496612,0.2928464474529027,0.3264565298706293,0.23914480380713934
2023-09-06 07:00:00,0.299841134250164,0.11783132016658782,0.32714374773204324,0.4806611061096191,0.3033316537737846
2023-09-06 08:00:00,0.43481586456298826,0.31987846001982684,0.44984119117259974,0.5412071883678435,0.42193245291709897
2023-09-06 09:00:00,0.4008322143554687,0.4802862811088562,0.41659039139747617,0.5964549051970243,0.39846639253199095
2023-09-06 10:00:00,0.4251601409912109,0.5828973507881163,0.4767618829011917,0.643591117709875,0.4688964998722076
2023-09-06 11:00:00,0.5359331226348876,0.6915825909376143,0.5430235421657561,0.6349823004007338,0.5143813800811766
2023-09-06 12:00:00,0.5792071676254271,0.6880632451176643,0.5492724186182021,0.6050503323227165,0.5009483659267425
2023-09-06 13:00:00,0.6094822442531584,0.7188593386113644,0.5526334053277968,0.5842761455476283,0.4969472587108612
2023-09-06 14:00:00,0.551928207874298,0.6951334117352961,0.49098472714424135,0.5123020297288894,0.44437366485595703
2023-09-06 15:00:00,0.48082765460014343,0.6368459618091582,0.3593626146018505,0.26832351282238953,0.315171842649579
2023-09-06 16:00:00,0.35331935375928875,0.5257724678516388,0.25540586829185485,0.24618614450097082,0.22030830278992647
2023-09-06 17:00:00,0.17949374958872794,0.3028104083240032,0.1591672447323799,0.296931059807539,0.1513588878884911
2023-09-06 18:00:00,0.052291349843144416,0.16029677614569662,0.11435525868088006,0.40269228510558597,0.13738243091851474
2023-09-06 19:00:00,0.07765633687376976,0.13391775637865067,0.12838076855987307,0.4479710372537374,0.14448205370455977
2023-09-06 20:00:00,0.23023215681314466,0.26362287446856497,0.3000306934118271,0.551764735803008,0.30710555188357824
2023-09-06 21:00:00,0.5770731127262114,0.594339528530836,0.6437833542376756,0.8767840088158845,0.637704421058297
2023-09-06 22:00:00,0.812054265141487,0.7815903288125992,0.8955319585651159,0.9575886053591968,0.8911118677258492
2023-09-06 23:00:00,0.8210872291028499,0.8418062131106854,0.8385585980862378,0.9410885774344204,0.8024492294341325
2023-09-07 00:00:00,0.8957347001135348,0.8067088817059993,0.9755739210546015,0.9788191872835158,0.9903013016283511
2023-09-07 01:00:00,1.0,0.9843724873661994,0.9598466060310602,0.7103544708341359,0.9039969938248396
2023-09-07 02:00:00,0.8001876665651797,0.9052185016870498,0.8001745586842298,0.729768076688051,0.7504333516955375
2023-09-07 03:00:00,0.9907196819782258,0.9724654440581798,0.9965697872638702,0.8717683321237563,0.983402571156621
2023-09-07 04:00:00,0.9839177885651589,0.9984205311536789,0.9791053847968578,0.7007753962278365,0.9281216893345118
2023-09-07 05:00:00,0.9304154494404793,0.9892698317766189,0.7929963847249746,0.48658734127879144,0.7272248054295778
2023-09-07 06:00:00,0.7786027474701404,0.7637107385694979,0.6199742595106363,0.3689140279591083,0.5234721481800079
2023-09-07 07:00:00,0.7179697050154208,0.6535716532170772,0.5938796220719814,0.27536502208560704,0.48615737378597257
2023-09-07 08:00:00,0.5973397946357726,0.52113743185997,0.4502248018980025,0.18779386833310124,0.35606798581779
2023-09-07 09:00:00,0.40390136718749997,0.43155384302139277,0.3243454614281654,0.17752118777483702,0.25670935623347757
2023-09-07 10:00:00,0.2310062117874622,0.25935856714844696,0.1887441302090883,0.10967196740210056,0.14992617756128307
2023-09-07 11:00:00,0.08406943194568156,0.12363082364201544,0.0595607116445899,0.06853018999099732,0.05514208717271686
2023-09-07 12:00:00,0.01901058804243803,0.02473584353923798,0.013465019296854737,0.07871003113687039,0.02700920816510916
2023-09-07 13:00:00,0.0032368035614490508,0.0019510000571608542,0.016181065402925014,0.14579385187476873,0.0371166100166738
2023-09-07 14:00:00,0.009053879976272584,0.0009237178787589072,0.022750098183751108,0.09808787897229193,0.04318869836628436
2023-09-07 15:00:00,0.008902206644415855,0.010772401876747608,0.026238462626934054,0.04331621354445815,0.033245471976697444
2023-09-07 16:00:00,0.027715003341436388,0.02188787952065468,0.02604524746537209,0.01807373970746994,0.015620828568935393
2023-09-07 17:00:00,0.03663366332650185,0.005163242109119891,0.031170145422220234,0.026714676022529603,0.01889309411868453
2023-09-07 18:00:00,0.06134347677230835,0.002711367532610893,0.05558295227587223,0.027739745341241365,0.04001922991126776
2023-09-07 19:00:00,0.15441139250993727,0.01060103353112936,0.09114196974784136,0.027278496641665696,0.06463033437728882
2023-09-07 20:00:00,0.10413713172078132,0.022603332921862604,0.04928484302014112,0.01988151375204325,0.026623500157147647
2023-09-07 21:00:00,0.09296151332557201,0.019707685299217702,0.04624941136687994,0.010030362755060198,0.02549668436869979
2023-09-07 22:00:00,0.11334860518574713,0.01864765912294388,0.0849627199396491,0.033249617163091896,0.057046488560736186
2023-09-07 23:00:00,0.15833025902509687,0.07162987321615219,0.11287213690578936,0.15983787506818772,0.09180929102003574
2023-09-08 00:00:00,0.2322762522101402,0.16715106576681132,0.1501309922337532,0.3549353195726871,0.14464310392737387
2023-09-08 01:00:00,0.17849823698401446,0.13594594597816465,0.1289180028438568,0.47976100355386725,0.12238012369722126
2023-09-08 02:00:00,0.17286068663001058,0.24638141974806782,0.17471649765968317,0.6058235976845026,0.19703236721456047
2023-09-08 03:00:00,0.26293249264359475,0.6345304748415946,0.41230899520218367,0.8434822952002285,0.4775853990018367
2023-09-08 04:00:00,0.3414168220758438,0.4000764083862305,0.4321328297257423,0.8075407767295837,0.44237461268901823
2023-09-08 05:00:00,0.46089449167251584,0.36414349600672713,0.42541064381599425,0.7403002110123633,0.39773888163268567
2023-09-08 06:00:00,0.43748933792114253,0.3763809153437614,0.37613985374569886,0.6730551379173993,0.34892194971442214
2023-09-08 07:00:00,0.5274107611179351,0.45255533099174494,0.4298284780979156,0.6117833496630192,0.38459216363728044
2023-09-08 08:00:00,0.5435136711597441,0.46137783885002126,0.4163656723499297,0.5444324027001857,0.35091053485870355
2023-09-08 09:00:00,0.42794708251953123,0.37678580671548845,0.3293892350047827,0.44043920613825316,0.2813378746807575
2023-09-08 10:00:00,0.3756915664672851,0.36538359180092805,0.29065469302237035,0.3840649184584617,0.2567856791615486
2023-09-08 11:00:00,0.33520263671874995,0.37504642486572265,0.2390923462808132,0.33955364324152465,0.2186537294834852
2023-09-08 12:00:00,0.30547450974583623,0.3143742015957832,0.20889465130865573,0.29123888961970806,0.1888083143532276
2023-09-08 13:00:00,0.3002430175244808,0.2604555310308933,0.20735117875039574,0.25520604178309436,0.17844302691519257
2023-09-08 14:00:00,0.3897312545776367,0.2989307227730751,0.2749143891781568,0.29455797873437395,0.22701862491667266
2023-09-08 15:00:00,0.3100516419112682,0.27783546745777127,0.22097197420895096,0.24024908296763892,0.18953339837491512
2023-09-08 16:00:00,0.30876325115561476,0.3198418419063091,0.21950643487274643,0.18842233121395108,0.18253553345799445
2023-09-08 17:00:00,0.37420963287353515,0.43225034236907955,0.2958700858801603,0.24641370199620719,0.26060739405453204
2023-09-08 18:00:00,0.32214412510395046,0.3983562469482422,0.2648327305167913,0.27428510218858715,0.2415498528629541
2023-09-08 19:00:00,0.2230550293624401,0.2675453621149063,0.1957397563010454,0.27687538959085933,0.17775337904691696
2023-09-08 20:00:00,0.1700702819228172,0.18315177157521245,0.1413805754482746,0.2187273028492927,0.1244705482572317
2023-09-08 21:00:00,0.1312686774134636,0.16878061443567274,0.09986600339412689,0.1503227628394961,0.0872705505043268
2023-09-08 22:00:00,0.11132036551833152,0.1671573683619499,0.07287295248359442,0.09798600610345601,0.06064519755542278
2023-09-08 23:00:00,0.06049247212707996,0.10935793422162532,0.03771685048937798,0.08090714409947394,0.03249213092029095
2023-09-09 00:00:00,0.06238487273454666,0.076222043633461,0.03990384992212057,0.10447304360568523,0.03123649090528488
2023-09-09 01:00:00,0.0990471762418747,0.09939630471169948,0.06282992288470268,0.12344674892723559,0.04868495214730501
2023-09-09 02:00:00,0.09726670399308204,0.10593678317964075,0.07001101337373256,0.1427674426883459,0.05886799581348896
2023-09-09 03:00:00,0.0707169796526432,0.06855985954403877,0.05090193111449481,0.11614742822945118,0.04643553111702204
2023-09-09 04:00:00,0.09700148329138755,0.11239290371537208,0.08501524090766907,0.15217368647456167,0.07655953403562307
2023-09-09 05:00:00,0.10958540357649327,0.12221382595598698,0.09097829297184942,0.14174435570836066,0.08148151744157076
2023-09-09 06:00:00,0.09405151315033436,0.08511401556432246,0.0790390184149146,0.11241422872990368,0.06727194845676422
2023-09-09 07:00:00,0.07727074429392815,0.04642968267202378,0.05485796581953765,0.06872361909598111,0.042425906248390675
2023-09-09 08:00:00,0.06653550021350384,0.02864495933055878,0.04609908193349838,0.05609578099101782,0.03382827959954739
2023-09-09 09:00:00,0.05089607521891594,0.018402544260025026,0.03465514853596688,0.034250150285661224,0.026656446531414985
2023-09-09 10:00:00,0.03427493959665299,0.01666634351015091,0.026932379081845287,0.02357270605862141,0.024837496504187585
2023-09-09 11:00:00,0.03772930718958378,0.006188707835972309,0.027926867268979548,0.02532639093697071,0.02520433964207769
2023-09-09 12:00:00,0.05366266213357449,0.00628160648047924,0.040859324298799043,0.030815002731978895,0.03419657409191132
2023-09-09 13:00:00,0.08891236431896686,0.030715908110141757,0.060029135644435884,0.027028137259185316,0.04928032878786325
2023-09-09 14:00:00,0.15023579210042953,0.07613620899617671,0.08232985947281123,0.037793374173343185,0.05956376772373915
2023-09-09 15:00:00,0.05229017086327076,0.03796453565359116,0.059160707704722884,0.045631152726709846,0.055615372583270074
2023-09-09 16:00:00,0.07529085390269756,0.062373787090182306,0.085609077103436,0.06434886526316404,0.08557785172015428
2023-09-09 17:00:00,0.1285744822025299,0.12387732982635496,0.12473489481955766,0.09285073429346084,0.10854425434023142
2023-09-09 18:00:00,0.1321232934296131,0.12996685937047003,0.13821498692035675,0.08954314507544041,0.1357614593207836
2023-09-09 19:00:00,0.06239120535552502,0.045367396697402,0.07912235286086797,0.04930115036666392,0.08227405671030283
2023-09-09 20:00:00,0.048332582563161856,0.02654079243540764,0.04158894762396813,0.010659825168550014,0.03767652902752162
2023-09-09 21:00:00,0.0236227060854435,0.017453842312097546,0.0176038920879364,0.00295785803347826,0.013511179983615876
2023-09-09 22:00:00,0.017819336652755736,0.01490820862352848,0.014272902011871338,0.003270658086985349,0.011504173334687949
2023-09-09 23:00:00,0.015331244915723801,0.012558345571160315,0.010925256386399268,0.001668726485222578,0.010203057304024698
2023-09-10 00:00:00,0.005240730047225951,0.005435469932854175,0.0034551333263516423,0.005640297159552573,0.002688505090773105
2023-09-10 01:00:00,0.0026247956231236456,0.00480613887310028,0.0011053309030830858,0.016709532141685485,0.0008580214530229569
2023-09-10 02:00:00,0.006374612227082252,0.011441410928964614,0.0023832114227116106,0.028153878413140775,0.0010554230399429797
2023-09-10 03:00:00,0.0014512848109006881,0.005318530723452567,0.00042234469205141065,0.00762945206835866,0.0
2023-09-10 04:00:00,0.003907446898519993,0.0278416919708252,0.0008730645850300789,0.01203720770776272,0.0
2023-09-10 05:00:00,0.018865236416459083,0.1013746428489685,0.00262587821111083,0.016443615220487116,7.386617362499237e-05
2023-09-10 06:00:00,0.026880966126918794,0.09638941086828709,0.009588461015373468,0.026130310837179423,0.003362811431288719
2023-09-10 07:00:00,0.03685494929552078,0.07241849087178708,0.0175325745344162,0.023306649848818778,0.017195130120962857
2023-09-10 08:00:00,0.04030701905488968,0.03659496016800404,0.020647779125720266,0.015451416186988356,0.02142931377515197
2023-09-10 09:00:00,0.04869601458311081,0.036973536461591724,0.024129127096384765,0.018016880396753546,0.021542890314012766
2023-09-10 10:00:00,0.0679056517034769,0.07104582056403161,0.03510982930660248,0.015922748390585186,0.026452514305710793
2023-09-10 11:00:00,0.13272005274891852,0.11473447985947133,0.07420361138880252,0.014986643977463247,0.05514439735561609
2023-09-10 12:00:00,0.161533308327198,0.1307857294380665,0.09290927994996309,0.018267396315932275,0.06659194700419901
2023-09-10 13:00:00,0.17494226485490796,0.12117666043341159,0.10540558870881794,0.029753358811140065,0.07710727728903294
2023-09-10 14:00:00,0.17604150891304016,0.09415185153484344,0.11095677938312291,0.034217590484768155,0.08042552798986435
2023-09-10 15:00:00,0.16287928313016892,0.09933905646204948,0.09857136882841587,0.041997363641858104,0.06329092409461737
2023-09-10 16:00:00,0.17236925065517422,0.09049386240541935,0.09129678308963775,0.04794148851186037,0.05807424623519182
2023-09-10 17:00:00,0.1665945345163345,0.059625989720225335,0.08938184391707182,0.04323054838925601,0.055617161169648176
2023-09-10 18:00:00,0.1055482242256403,0.04285189166665078,0.06040276005864143,0.025044179558753966,0.03938064940273762
2023-09-10 19:00:00,0.041261721476912504,0.005191181190311908,0.020526827704161407,0.013481261972337961,0.011676940638571977
2023-09-10 20:00:00,0.026344945132732393,0.0025427888333797452,0.015107377599924804,0.01525041686370969,0.009950832091271879
2023-09-10 21:00:00,0.010750930421054364,0.0027482971921563145,0.008385356273502112,0.014545386657118797,0.005717471465468407
2023-09-10 22:00:00,0.0024858148023486136,0.0021214740350842475,0.003435514792799949,0.012256874218583107,0.0027076652273535723
2023-09-10 23:00:00,0.0,0.002346063703298568,0.0,0.022506905999034647,0.00041880603879690165
2023-09-11 00:00:00,0.0,0.010492630563676358,0.0,0.05050546787679195,0.0
2023-09-11 01:00:00,0.0011131677776575087,0.024601337611675267,5.7213939726352685e-05,0.09094728449359535,0.0
2023-09-11 02:00:00,0.00542827047407627,0.053024382963776595,0.0044713814184069636,0.20051728464663024,0.010800165180116892
2023-09-11 03:00:00,0.00012457258999347686,0.04604669436812401,0.022593450732529163,0.20735276371240613,0.0441603272408247
2023-09-11 04:00:00,0.02000160738825798,0.05468298256397247,0.051559337899088856,0.12987254370003937,0.06257959179580212
2023-09-11 05:00:00,0.06916666232049465,0.10556204222142697,0.08852206017822029,0.17075499214231965,0.09183839935809372
2023-09-11 06:00:00,0.08885931976139544,0.08496284380555152,0.11967982206493614,0.2247064760327339,0.1116810205951333
2023-09-11 07:00:00,0.15790820777416226,0.0759149657189846,0.14344833582639693,0.14997410766780372,0.13169116795063018
2023-09-11 08:00:00,0.15492424786090847,0.048933872506022456,0.1274474363401532,0.11437232214957475,0.1055318147689104
2023-09-11 09:00:00,0.11662719883024691,0.03417975559830666,0.0978205394372344,0.09825293481349945,0.0780592430755496
2023-09-11 10:00:00,0.12335326090455054,0.07295620866119862,0.09400973550975322,0.08086379278451204,0.07483491394668818
2023-09-11 11:00:00,0.1442070163786411,0.10062161445617675,0.10763389676809311,0.07461614828556776,0.08585423041135071
2023-09-11 12:00:00,0.1073156612366438,0.06006202213466168,0.0808110509440303,0.051669697873294354,0.06126523878425359
2023-09-11 13:00:00,0.07948233745992184,0.014964024908840657,0.07726446148008108,0.04328112294897437,0.06063416786491871
2023-09-11 14:00:00,0.09060217760503292,0.010682244822382926,0.06648974984884262,0.02632801197469235,0.04869003545492888
2023-09-11 15:00:00,0.04612529180943966,0.0035169389471411704,0.026819281429052353,0.013413115683943034,0.02009880792349577
2023-09-11 16:00:00,0.020547051690518858,0.009201549142599106,0.015319129172712566,0.011697266381233931,0.012696054764091969
2023-09-11 17:00:00,0.00982767339795828,0.003298693150281906,0.00949434170499444,0.011336013134568931,0.008018589820712806
2023-09-11 18:00:00,0.0016509136930108069,0.0013493193313479422,0.0013653623685240745,0.0032237555272877213,0.000863773263990879
2023-09-11 19:00:00,0.0,0.0,0.0,0.0003409042581915855,0.0
2023-09-11 20:00:00,0.0,0.0,0.0,0.0,0.0
2023-09-11 21:00:00,0.003184467479586601,0.0,0.0011224029771983624,0.0,5.6837368756532666e-05
2023-09-11 22:00:00,0.0038127523660659787,0.0017094265669584273,0.0024749126657843588,0.007376532964408397,0.0018144337460398673
2023-09-11 23:00:00,0.0033988413214683533,0.006482563614845276,0.004766125921159983,0.013714842088520526,0.005480243489146232
2023-09-12 00:00:00,0.0,0.003325719721615314,0.0001248364895582199,0.03680820684880018,0.0011718892864882944
2023-09-12 01:00:00,0.0,0.0007473044469952583,0.0004759685695171356,0.039220334589481355,2.1285898983478547e-05
2023-09-12 02:00:00,0.0,0.0,0.000923883244395256,0.02119596876204014,0.00067584078758955
2023-09-12 03:00:00,0.0,0.004667732119560241,0.0036684156954288486,0.04677463766187429,0.00318599883466959
2023-09-12 04:00:00,0.006030501760542392,0.010452484227716923,0.0035047798603773115,0.01913791185244918,0.001772886700928211
2023-09-12 05:00:00,0.059850998967885975,0.02963316693902016,0.0230212221480906,0.009859655704349279,0.005266935788094998
2023-09-12 06:00:00,0.17428666427731512,0.10817757040262221,0.08073865195736289,0.011154446620494127,0.047412965409457684
2023-09-12 07:00:00,0.16038274198770522,0.07390237338840962,0.0622150550968945,0.05084736533463001,0.04453671725466847
2023-09-12 08:00:00,0.22109502956271168,0.09556702226400374,0.09654583236202596,0.05433937275782227,0.08150555789470672
2023-09-12 09:00:00,0.3634053421020508,0.22549781605601307,0.3051460856199264,0.12817304223775863,0.26142884425818913
2023-09-12 10:00:00,0.4090456390380859,0.42355953216552733,0.49751473069190977,0.33483015328645704,0.45157336413860316
2023-09-12 11:00:00,0.4459512460231781,0.5101409864425659,0.529143367409706,0.3985815934836864,0.5256051774322986
2023-09-12 12:00:00,0.5035396385192871,0.6607138557732104,0.5677352261543273,0.5479666298627852,0.538523509055376
2023-09-12 13:00:00,0.385138396769762,0.6541341221332548,0.3995127771049738,0.496246742606163,0.39709373302757733
2023-09-12 14:00:00,0.31836439922451965,0.55137504696846,0.37358998693525786,0.4269917184859514,0.3892761348932981
2023-09-12 15:00:00,0.19021376326680184,0.49903515815734856,0.1640658231079578,0.2723739321529865,0.20407304551452393
2023-09-12 16:00:00,0.09967839263379573,0.3130207063257694,0.14781704176217317,0.28603489249944686,0.18642613545060155
2023-09-12 17:00:00,0.16910519331693646,0.2614040394127369,0.18050306677818295,0.2341077050566673,0.2109182565659284
2023-09-12 18:00:00,0.32764748394489285,0.1502566762268543,0.3271156524121761,0.28534477107226847,0.29777686592191455
2023-09-12 19:00:00,0.4638506434857845,0.05534294426441193,0.33836171269416804,0.1765227697789669,0.26524566069245337
2023-09-12 20:00:00,0.5833453564345836,0.06694744788110256,0.3531434682011604,0.1385014798119664,0.2604608047008514
2023-09-12 21:00:00,0.31710590362548824,0.19178565576672552,0.23910819739103317,0.1874581807851791,0.20928502567112442
2023-09-12 22:00:00,0.35158814832568164,0.2591452023386955,0.28972929812967774,0.24573407799005503,0.24821571983397006
2023-09-12 23:00:00,0.3279619470238685,0.23184066116809843,0.279653298780322,0.260845261439681,0.2565562810748815
2023-09-13 00:00:00,0.28669099420309063,0.24380697876214977,0.38084411874413493,0.3200876471400261,0.3840381813049316
2023-09-13 01:00:00,0.6270639470219611,0.2917432269454002,0.5025800563395023,0.31449506223201745,0.43624832153320314
2023-09-13 02:00:00,0.44001806735992427,0.28411828428506847,0.5011857825517655,0.4022853251546621,0.483885138630867
2023-09-13 03:00:00,0.3471110916137695,0.32394407048821444,0.4590040725469589,0.4651797872781753,0.44215988278388973
2023-09-13 04:00:00,0.7156302718818186,0.5622937834262847,0.5416405415534973,0.3723030090332031,0.4307563962042331
2023-09-13 05:00:00,0.4572866320610046,0.4327908706665039,0.388162339925766,0.5637135656923056,0.3526848220825195
2023-09-13 06:00:00,0.4220961761474609,0.5223044610023498,0.4456067681312561,0.693443719446659,0.42416424036026
2023-09-13 07:00:00,0.5089661931991577,0.49647425174713133,0.47691130220890043,0.6049869534373282,0.43181656956672665
2023-09-13 08:00:00,0.5374097681045531,0.4988215970993042,0.4254972743988037,0.5040825814008711,0.37748625360429283
2023-09-13 09:00:00,0.46285506725311276,0.42611766219139097,0.34827874317765234,0.4019531764090061,0.3014508032053709
2023-09-13 10:00:00,0.4761548614501953,0.4860080862045288,0.33273056693375114,0.34291406229138377,0.2930670198798179
2023-09-13 11:00:00,0.5501155710220336,0.4937507367134094,0.3814254373311996,0.33048226565122596,0.33370414935052395
2023-09-13 12:00:00,0.5321592545509337,0.4348231506347656,0.38096302330493925,0.35116979159414763,0.33116122610867016
2023-09-13 13:00:00,0.509996416568756,0.44865211486816403,0.3781685041636228,0.36203302018344397,0.33950677782297134
2023-09-13 14:00:00,0.5605017995834349,0.5098088538646698,0.404489579051733,0.37987811014056205,0.3505779707431793
2023-09-13 15:00:00,0.6318496322631835,0.6713297663629054,0.5331701701879501,0.5458140587806701,0.47166932106018067
2023-09-13 16:00:00,0.648421296328306,0.679803761690855,0.5208658283948897,0.5255631810426711,0.4580694580078125
2023-09-13 17:00:00,0.5951058922708035,0.618727192878723,0.5902558727562426,0.6274624726176261,0.5596550057083367
2023-09-13 18:00:00,0.7384863367676734,0.8621804513037203,0.7255520271509884,0.7216773411631583,0.6730777217447758
2023-09-13 19:00:00,0.8035772113502024,0.7940314269065856,0.7863825640082358,0.7652440132945775,0.7355958255380391
2023-09-13 20:00:00,0.6359285569190978,0.7409429809451102,0.6142655616998671,0.6298279701173304,0.5677771127223967
2023-09-13 21:00:00,0.5513579702377318,0.7193509688973426,0.5848280495405196,0.6007646626234053,0.5590554630756377
2023-09-13 22:00:00,0.6346651470661162,0.6538524283468722,0.622847602367401,0.5814484214782714,0.5750674462318419
2023-09-13 23:00:00,0.6630343122780322,0.6924434980750083,0.6464835295826196,0.5736080116033553,0.6027113652229308
2023-09-14 00:00:00,0.6648158846795558,0.7148855118453501,0.6397996934503316,0.5193075138330459,0.6082546418905257
2023-09-14 01:00:00,0.6820662422478199,0.7883818900585173,0.6392856410145759,0.4770417886972427,0.5978669381141661
2023-09-14 02:00:00,0.7423425091803073,0.8101391679048537,0.6738635579496621,0.4586005675792693,0.6209428763389586
2023-09-14 03:00:00,0.5684558010101317,0.5720048105716704,0.4876465207338333,0.30985347881913183,0.43369879722595217
2023-09-14 04:00:00,0.46303199768066405,0.5005299305915832,0.3950364280492067,0.18068082362413404,0.370150032043457
2023-09-14 05:00:00,0.4860144066810608,0.4732464551925659,0.381412431448698,0.15241413321346042,0.3363879460841417
2023-09-14 06:00:00,0.5509990906715392,0.564469859600067,0.46799260139465326,0.25238344609737395,0.42126520156860353
2023-09-14 07:00:00,0.556774512529373,0.5889957106113433,0.4919490677118301,0.2865555371344089,0.455050047636032
2023-09-14 08:00:00,0.5019227123260498,0.5267177677154541,0.4642969840764999,0.3120453849434852,0.43359548568725587
2023-09-14 09:00:00,0.49943639397621153,0.4708962309360504,0.4670018047094345,0.3395062487572431,0.42158708572387693
2023-09-14 10:00:00,0.4726749217510223,0.45713551044464107,0.4429136437177658,0.3155574040859937,0.3934005546569824
2023-09-14 11:00:00,0.4409315490722656,0.45800309062004085,0.40919401168823233,0.26608151406049724,0.36212978363037107
2023-09-14 12:00:00,0.42933547973632813,0.46993529081344604,0.3835670471191406,0.20796239808201789,0.33686216354370113
2023-09-14 13:00:00,0.4177473831176758,0.4950475347042083,0.3552719465643167,0.1575827169045806,0.3113852775096893
2023-09-14 14:00:00,0.4444524765014648,0.49014024972915643,0.34526967607438563,0.12278314109891653,0.291940826177597
2023-09-14 15:00:00,0.30590502500534056,0.2567939649522304,0.20609392166137694,0.0558797374740243,0.15950564317405225
2023-09-14 16:00:00,0.2799162191152572,0.18385124862194058,0.17079714350402353,0.03212383300065994,0.12076134633272885
2023-09-14 17:00:00,0.2516212096810341,0.17302790746092794,0.14986023601144552,0.023204865399748087,0.10515788290649652
2023-09-14 18:00:00,0.10518582224845886,0.13344674699008463,0.06297638468444347,0.008714574165642261,0.045106926932930946
2023-09-14 19:00:00,0.1417184369266033,0.29562049925327294,0.0801276783645153,0.010536669455468654,0.060832770690321926
2023-09-14 20:00:00,0.2936692282557487,0.3137481179833412,0.16125159386545418,0.03284428775310517,0.11053670287132263
2023-09-14 21:00:00,0.23591642081737513,0.29497273594141005,0.15235174886882302,0.03763174541294575,0.12047936156392097
2023-09-14 22:00:00,0.14023627638816832,0.21422010496258737,0.09244635429233312,0.025068422257900243,0.07279414337128401
2023-09-14 23:00:00,0.11194781869649886,0.17582729861140248,0.08205878257751464,0.034665867649018765,0.06855536438524724
2023-09-15 00:00:00,0.14520165607333183,0.1921696291863918,0.11358165092766284,0.05597067795693873,0.09551085300743578
2023-09-15 01:00:00,0.1777769328653812,0.20406072586774823,0.13849184803664683,0.06594294428825379,0.11502635490149259
2023-09-15 02:00:00,0.16114279761910438,0.1960641498863697,0.1361044244468212,0.06327976986765861,0.12036950934678314
2023-09-15 03:00:00,0.09426916398108005,0.09254952915012836,0.09137468658387661,0.047522729914635416,0.08598639696836471
2023-09-15 04:00:00,0.0762030217051506,0.07605503760278225,0.08277831014245748,0.03332356501370669,0.08251008450984955
2023-09-15 05:00:00,0.10578800179064274,0.07652558691799641,0.10814250599592923,0.034371596109122035,0.1028320061042905
2023-09-15 06:00:00,0.11582167290151119,0.06100414790213109,0.11320494789630173,0.03310370540246368,0.09932546243071556
2023-09-15 07:00:00,0.13005418486893175,0.06653332293033601,0.11836566567420959,0.030619578026235106,0.09993007909506559
2023-09-15 08:00:00,0.11112258695065974,0.03855018481612206,0.08480853229761123,0.014407154098153116,0.06644394028931855
2023-09-15 09:00:00,0.06145704425871372,0.004190150164067745,0.035502444040030244,0.0017457238957285881,0.026232366692274807
2023-09-15 10:00:00,0.02357193384319544,0.0,0.01172006828710437,0.0,0.005490237772464752
2023-09-15 11:00:00,0.004966297298669815,0.0,0.0024831486493349076,0.0,0.0010287293419241905
2023-09-15 12:00:00,0.0023802755400538444,0.0,0.0011901377700269222,0.0,0.00028098834678530693
2023-09-15 13:00:00,0.0010109118372201918,0.0,0.0005054559186100959,0.0007565169408917426,0.00034486275166273117
2023-09-15 14:00:00,0.0001378369703888893,0.0004480132088065147,0.00024176198989152905,0.002057682741433382,0.00118674349039793
2023-09-15 15:00:00,0.0022731263190507887,0.007291904315352439,0.009767757561057806,0.015817934069782495,0.016920942943543196
2023-09-15 16:00:00,0.0,0.013548961505293845,0.007304064109921456,0.01940762382000685,0.019580618534237145
2023-09-15 17:00:00,0.0,0.017645622678101065,0.007082736156880856,0.01927839230746031,0.019743093065917493
2023-09-15 18:00:00,0.0,0.017291095666587354,0.0038422447443008417,0.012578743565827607,0.011870503630489113
2023-09-15 19:00:00,0.0,9.394824504852294e-05,0.0,0.0027055398933589457,0.0
2023-09-15 20:00:00,0.0,0.0,0.0,0.001448077317327261,0.0
2023-09-15 21:00:00,0.0,0.0,0.0,0.0009996108524501324,0.0
2023-09-15 22:00:00,0.0,0.0,0.0,0.0009602238424122332,0.0
2023-09-15 23:00:00,0.0,0.0,0.0,0.0013759873248636722,0.0
2023-09-16 00:00:00,0.0,0.0,0.0,0.0016988915763795375,0.0
2023-09-16 01:00:00,0.0,0.0,0.0,0.0011561315692961214,0.0
2023-09-16 02:00:00,0.0,0.0,0.0,0.0011239615269005299,0.0
2023-09-16 03:00:00,0.0,0.003078738860785961,0.0031714018248021605,0.011146544981747867,0.004135996308177709
2023-09-16 04:00:00,0.001266627088189125,0.02434143736958504,0.040364378709346053,0.042658628560602666,0.04196682123467326
2023-09-16 05:00:00,0.0012873492017388343,0.057357260361313826,0.09254218431189655,0.07085703752934933,0.09270336497575044
2023-09-16 06:00:00,0.0029772429168224332,0.05367341801524162,0.10657836230471729,0.06364518273621797,0.10367832940071821
2023-09-16 07:00:00,0.016826905608177185,0.03664116136729717,0.09770968787372113,0.04329482458531856,0.10045843202620744
2023-09-16 08:00:00,0.03878305956721306,0.01574263866990805,0.0728744838759303,0.020532391145825387,0.083335666898638
2023-09-16 09:00:00,0.03544769406318665,0.00518414843827486,0.0397080159932375,0.007212934531271458,0.04919352907687426
2023-09-16 10:00:00,0.03213408008217812,0.011078641191124915,0.03440612934529781,0.006480850577354431,0.04300652500241995
2023-09-16 11:00:00,0.008851319663226604,0.003579985238611698,0.007342239692807197,0.01041623717173934,0.013455298617482184
2023-09-16 12:00:00,0.0004436511546373367,0.010034806653857233,0.00022182557731866836,0.028867119289934635,0.006196896396577358
2023-09-16 13:00:00,0.0,0.030593385249376298,0.0012283646501600742,0.04592975780367851,0.009969961009919644
2023-09-16 14:00:00,0.0,0.035567423775792126,0.0016418811306357383,0.05614188181236386,0.011123782992362975
2023-09-16 15:00:00,0.00034821033477783203,0.024496441483497625,0.0024641347676515575,0.08465351078659296,0.010520070660859346
2023-09-16 16:00:00,0.0023826454952359196,0.026556042432785035,0.010364682469516993,0.09252772521227598,0.023475172184407707
2023-09-16 17:00:00,0.009859296083450316,0.0417869969457388,0.02030110597610474,0.0658100648596883,0.03593046635389328
2023-09-16 18:00:00,0.038332359194755555,0.05779979467391967,0.04179277811199427,0.054797927066683766,0.04820047732442617
2023-09-16 19:00:00,0.005797971971333027,0.014697424359619618,0.01749964825809002,0.04871611557900906,0.02298423966392875
2023-09-16 20:00:00,0.03527972370386124,0.03991260394454003,0.036038062125444414,0.05854614373296499,0.03806923694908619
2023-09-16 21:00:00,0.08099108085036277,0.0810747852921486,0.06268088519573212,0.08245682209730149,0.0578261037170887
2023-09-16 22:00:00,0.09006312251091003,0.09679718896746635,0.08199899930506944,0.09824127882719039,0.07368344970047475
2023-09-16 23:00:00,0.10048445120453835,0.10271213993430137,0.0895014676451683,0.0953534512221813,0.0804888755455613
2023-09-17 00:00:00,0.09250202253460883,0.08612904220819473,0.07990742776542903,0.08368164591491221,0.07101807799190282
2023-09-17 01:00:00,0.09851972743868828,0.06251068554818631,0.06903920654207468,0.06829294376075268,0.05489899821579457
2023-09-17 02:00:00,0.09692372135818005,0.047920298352837565,0.06837650705128909,0.047036537900567055,0.05542104598134756
2023-09-17 03:00:00,0.10718384131789206,0.028338191956281664,0.07315769270062446,0.039575730860233305,0.05581932548433542
2023-09-17 04:00:00,0.06868518635630608,0.014197217635810375,0.07521847814321518,0.043243050947785376,0.07352864913642407
2023-09-17 05:00:00,0.04894861251115798,0.0112976835668087,0.07509282786399125,0.045677562505006784,0.08560014739632606
2023-09-17 06:00:00,0.06183134235441685,0.021062487959861757,0.08728060822933913,0.04826212305575609,0.10599430117756128
2023-09-17 07:00:00,0.14493614390492437,0.10276870973408223,0.11480184838175772,0.048811872676014896,0.11517402589321135
2023-09-17 08:00:00,0.21642961919307704,0.16667037472128865,0.11087330143898724,0.08216837603598832,0.09339175045490264
2023-09-17 09:00:00,0.21697262242436405,0.21798405617475508,0.14510671373456716,0.19951946571469306,0.14371510595083237
2023-09-17 10:00:00,0.21440984115004535,0.323570644557476,0.20664527714252467,0.30726771697402,0.20600042939186092
2023-09-17 11:00:00,0.2671557438373565,0.41370063781738275,0.2903606719523668,0.30579522624611855,0.2865496110171079
2023-09-17 12:00:00,0.32114817038178445,0.49890389680862424,0.31460510976612566,0.2709318448603153,0.3053095304220914
2023-09-17 13:00:00,0.3215362864732742,0.48089402198791503,0.2852878364175558,0.2543857780098915,0.25273355618119236
2023-09-17 14:00:00,0.31970584139227864,0.43238021850585934,0.2350385162234306,0.1592668610811233,0.18558882884681221
2023-09-17 15:00:00,0.19787716627120971,0.21015433207154272,0.07157452836632729,0.010948751363903286,0.0335187847353518
2023-09-17 16:00:00,0.11659221470355986,0.08524923481047153,0.043925645351409914,0.017387272585183383,0.021317095756530763
2023-09-17 17:00:00,0.07151470489799977,0.08883257709443568,0.061550345383584504,0.02912632640451193,0.06754573263227939
2023-09-17 18:00:00,0.08198732286691665,0.11583574861288069,0.06980916418135166,0.03754670325666666,0.07022537965327501
2023-09-17 19:00:00,0.047548669278621676,0.08299642980098723,0.038536902256309985,0.02116984246298671,0.034962990283966065
2023-09-17 20:00:00,0.020525694787502293,0.0751494301110506,0.041372094564139844,0.01359187189489603,0.05974575735628604
2023-09-17 21:00:00,0.02683022260665894,0.04227940984070301,0.05272503204643726,0.015127131398767233,0.07805031485855579
2023-09-17 22:00:00,0.024967825859785082,0.06289765849709511,0.03349098272621631,0.010077866930514575,0.044349124897271386
2023-09-17 23:00:00,0.03438986957073212,0.06865190483629705,0.025570293664932256,0.021380902212113143,0.02055451598018408
2023-09-18 00:00:00,0.06507291778922081,0.11102502018213271,0.060498646646738055,0.09848555229604243,0.052311843298375606
2023-09-18 01:00:00,0.10337625749409199,0.15830249518156048,0.10917746420949698,0.240043775960803,0.095478408485651
2023-09-18 02:00:00,0.16214866533875463,0.18192554518580434,0.18964779108762742,0.3355465330928564,0.17531355835497375
2023-09-18 03:00:00,0.15767021521925922,0.04479343429207802,0.12890794496983288,0.31112802065908907,0.12298969108611343
2023-09-18 04:00:00,0.0834355891495943,0.04724148713052273,0.05853734444826842,0.14610918920487165,0.07109682362526655
2023-09-18 05:00:00,0.13111452683806418,0.158886699527502,0.13250296398997308,0.15748859606683252,0.1284877736493945
2023-09-18 06:00:00,0.29911142647266387,0.25599991917610165,0.31591616190969934,0.24267802357673643,0.28194239497184753
2023-09-18 07:00:00,0.42544761657714847,0.29019222691655155,0.3577042998373508,0.25081603720784185,0.30276118516921996
2023-09-18 08:00:00,0.3373322296142578,0.23825983881950377,0.26995193816721436,0.2306509201228618,0.2248957998305559
2023-09-18 09:00:00,0.2726670084893703,0.14080870151519773,0.23571176126599308,0.2712791575491428,0.20556214101612566
2023-09-18 10:00:00,0.21347842812538143,0.12754795491695403,0.2245914257317781,0.32383051835000515,0.21045523688197132
2023-09-18 11:00:00,0.2452012267708778,0.18357908621430397,0.25828019626438614,0.3569975005835294,0.23690806388854976
2023-09-18 12:00:00,0.2974529136717319,0.16527491495013236,0.27123906694352623,0.3363123816996813,0.2343297506868839
2023-09-18 13:00:00,0.33962465837597844,0.16231592208147047,0.2768096594512462,0.3321309685707092,0.23382931657135483
2023-09-18 14:00:00,0.372769546508789,0.19369052261114117,0.3006578165292739,0.3564821137487888,0.25471431814134116
2023-09-18 15:00:00,0.41732624053955075,0.18297262996435162,0.404205265045166,0.4942853200435638,0.3399272027611732
2023-09-18 16:00:00,0.702884700000286,0.3391974587738514,0.5445601151883602,0.5189641380310058,0.4757261343300342
2023-09-18 17:00:00,0.2667601604759693,0.20525711417198178,0.27954956158995625,0.4943230217695236,0.28126934848725793
2023-09-18 18:00:00,0.17020246148109436,0.13409601658582687,0.23266323059797284,0.46965265512466425,0.23636727146804326
2023-09-18 19:00:00,0.15167706221342087,0.18427763402462005,0.2207304341346025,0.3487152329087257,0.23940121449530122
2023-09-18 20:00:00,0.14156679734587668,0.1520818631350994,0.22016190208494663,0.3156492123007774,0.2493067446351051
2023-09-18 21:00:00,0.2491791474819183,0.3014834178984165,0.35826840348541733,0.46358388483524327,0.38244818761944765
2023-09-18 22:00:00,0.38876590728759763,0.37396488189697263,0.48337799668312065,0.5827905008941887,0.4969816488027572
2023-09-18 23:00:00,0.4188766825199127,0.4136474990844726,0.5340558445453643,0.684318242445588,0.5412993097305296
2023-09-19 00:00:00,0.4518287098407745,0.5456290400028229,0.5620273059606551,0.7424284071475267,0.5615312761068343
2023-09-19 01:00:00,0.5226526117324829,0.6603644667565821,0.6327554365992545,0.812879969254136,0.6469005985558032
2023-09-19 02:00:00,0.7074528066813945,0.770816990584135,0.6981422866135836,0.820234723985195,0.6646481393277645
2023-09-19 03:00:00,0.5326540327072142,0.5327965474128722,0.5603028690814971,0.7685121509432793,0.5359974461048841
2023-09-19 04:00:00,0.6678467339277266,0.5651437363028525,0.5981965111941099,0.6224848358333109,0.5662115803360939
2023-09-19 05:00:00,0.6249272255599497,0.45732611417770386,0.5347757228463887,0.5040378904342651,0.47768885217607016
2023-09-19 06:00:00,0.5426103031635283,0.48244971394538877,0.42182480275630946,0.36424270629882805,0.3643043772131204
2023-09-19 07:00:00,0.5898937141895293,0.5816967046260832,0.4473813807964324,0.28446284189820287,0.3860065650939941
2023-09-19 08:00:00,0.6658901138603686,0.5707889652252196,0.5215357613563537,0.2920622362196445,0.445790468454361
2023-09-19 09:00:00,0.5947893714904784,0.39652645111083984,0.4755941992998122,0.28168641641736025,0.4060661125183106
2023-09-19 10:00:00,0.4934533894062042,0.25200439780950545,0.4011850076913833,0.24824347250163553,0.3418112267553806
2023-09-19 11:00:00,0.4501649165153503,0.18358539223670955,0.3663207564502954,0.23154602266848084,0.31476819626986974
2023-09-19 12:00:00,0.4350150001049041,0.17288098469376562,0.3553545980900526,0.23257646203041074,0.30072798751294605
2023-09-19 13:00:00,0.41006614685058596,0.17585128322243687,0.34216083995997904,0.2628415901958942,0.28312648534774776
2023-09-19 14:00:00,0.37455211639404296,0.18208136171102524,0.3296275502443314,0.3168368607759475,0.2706908982992172
2023-09-19 15:00:00,0.3460738223791122,0.18330677047371863,0.26950428202748294,0.2724855595827102,0.20527766749262805
2023-09-19 16:00:00,0.36415710449218747,0.2261629232764244,0.2779135466367006,0.2862507929652929,0.21286856554448602
2023-09-19 17:00:00,0.33754180908203124,0.25246640175580976,0.23154034391045566,0.22897970438003534,0.18292499322444197
2023-09-19 18:00:00,0.15524363413453102,0.1917836998403072,0.09399712074548006,0.15739284656941888,0.07841312501579523
2023-09-19 19:00:00,0.2936147920787334,0.2059835591912269,0.16334884442389008,0.188552413880825,0.13218459744006394
2023-09-19 20:00:00,0.322404598146677,0.26375950589776037,0.24487965226173397,0.24218428470194336,0.20230937805026766
2023-09-19 21:00:00,0.3175774811208248,0.30675546213984484,0.24202373348176476,0.1901569268852472,0.20609477709978818
2023-09-19 22:00:00,0.25716110229492184,0.23781784370541573,0.1959030961990356,0.16115064401179546,0.16515586782246827
2023-09-19 23:00:00,0.2765428751707077,0.21961992576718325,0.2518615362793207,0.17205275006592274,0.21886643700301645
2023-09-20 00:00:00,0.371574592590332,0.26382070720195766,0.32596900492906566,0.13629225596785544,0.27456513747572897
2023-09-20 01:00:00,0.40119953155517574,0.28042778849601746,0.34873792983591556,0.10362047400325536,0.29061950817704196
2023-09-20 02:00:00,0.46273679375648497,0.2972202380001544,0.38322040416300296,0.08230799075216055,0.3133116280287504
2023-09-20 03:00:00,0.3039637894928455,0.14465846464037893,0.23480853214859962,0.04522222407162189,0.17487507142126557
2023-09-20 04:00:00,0.2147555337846279,0.18237929508090017,0.15798551738262173,0.027657192945480347,0.11368310783058405
2023-09-20 05:00:00,0.1651023095846176,0.22398191094398495,0.14098122522234915,0.04280843926593661,0.12394138060510157
2023-09-20 06:00:00,0.1405367791652679,0.15143359780311583,0.127264202311635,0.04610981645062566,0.12071701191365719
2023-09-20 07:00:00,0.09552370600402355,0.06441011607646943,0.07702068403363227,0.02372718244791031,0.07760172437876461
2023-09-20 08:00:00,0.07968409903347493,0.04482040897011757,0.052179596349596985,0.009582372978329659,0.04886669527739287
2023-09-20 09:00:00,0.03156109243631363,0.018155341409146788,0.013096104655414819,0.0012838491052389145,0.010755513664335012
2023-09-20 10:00:00,0.011457285955548287,0.01480789240449667,0.0021512475609779358,0.0,0.00224753363057971
2023-09-20 11:00:00,0.02629800245165825,0.018388403989374635,0.005185393504798412,0.0,0.0024806134961545467
2023-09-20 12:00:00,0.046562121286988264,0.01801523145288229,0.011106657069176434,0.0,0.003352389596402645
2023-09-20 13:00:00,0.061934331655502314,0.015212392732501032,0.01660009054467082,0.001849589366465807,0.004178499337285757
2023-09-20 14:00:00,0.0736270822584629,0.015411291606724263,0.02207032982259989,0.005144528672099113,0.004427778627723455
2023-09-20 15:00:00,0.08305977024137973,0.0029715185239911077,0.027164010144770146,0.02006002649664879,0.0055695510841906075
2023-09-20 16:00:00,0.047252671569585805,9.699679911136626e-05,0.019572662077844142,0.03700320551171899,0.010636158343404532
2023-09-20 17:00:00,0.039984123855829244,0.002785430774092674,0.02516423851251602,0.048192497938871384,0.021056309659034017
2023-09-20 18:00:00,0.010233594886958599,0.002567653656005859,0.010710832327604294,0.04568870753049851,0.01263163199648261
2023-09-20 19:00:00,0.0,0.0,0.0,0.04452260116115213,0.00013811415061354637
2023-09-20 20:00:00,0.0,0.0,0.0,0.046804261561483144,0.0
2023-09-20 21:00:00,0.00019322674721479414,0.0,0.0,0.04505852393805981,0.0
2023-09-20 22:00:00,0.0013676552101969718,0.0,7.31571577489376e-05,0.049163976963609454,0.0
2023-09-20 23:00:00,0.0035503410920500753,0.0005265824496746063,0.0009175290912389754,0.044650420118123285,0.0
2023-09-21 00:00:00,0.003983005285263061,0.001198265105485916,0.003991801366209984,0.03884392248466611,0.0022807292826473712
2023-09-21 01:00:00,0.025005983263254167,0.0015903598815202712,0.014513977989554405,0.02841945558786392,0.007224305458366871
2023-09-21 02:00:00,0.00859604835510254,0.002696891613304615,0.0041260473616421215,0.022720252443104983,0.0016239509545266627
2023-09-21 03:00:00,0.0013306998461484908,0.01415344148874283,0.0,0.009751270264387131,0.0
2023-09-21 04:00:00,0.025594182014465335,0.06433411039412021,0.0038556052930653097,0.03539262056350708,0.0
2023-09-21 05:00:00,0.1199557277560234,0.0742550078779459,0.05879263129085302,0.07633657094091176,0.031511731632053855
2023-09-21 06:00:00,0.17942887395620344,0.11789428286254405,0.13699421387165783,0.1436930415406823,0.09886653501540421
2023-09-21 07:00:00,0.17821319460868834,0.20389728918671607,0.15818867072463033,0.2016806928813457,0.13035173472017048
2023-09-21 08:00:00,0.18818896174430844,0.3530400466918945,0.194941448867321,0.26893347427248954,0.18479826144874095
2023-09-21 09:00:00,0.18829472035169598,0.4229399108886719,0.19900656580924983,0.26629804030060766,0.20152197793126103
2023-09-21 10:00:00,0.16324065893888473,0.3977504730224609,0.19341773681342597,0.27027107223868363,0.1983767661452293
2023-09-21 11:00:00,0.12635594837367534,0.3355173873901367,0.17441515322774642,0.2347197513282299,0.18170104581862684
2023-09-21 12:00:00,0.1141173256188631,0.30730242282152176,0.1611065313592553,0.2296299813687801,0.1703734418749809
2023-09-21 13:00:00,0.12071796350181102,0.31191558077931403,0.16747205462306736,0.26818700708448884,0.17076282031834125
2023-09-21 14:00:00,0.11971485160291194,0.2934548619389533,0.17317844841629265,0.28012805260717866,0.17550868496298788
2023-09-21 15:00:00,0.09260760508477688,0.28419197052717204,0.1653057100996375,0.31533154234290117,0.18016805246472356
2023-09-21 16:00:00,0.13411013908684252,0.34914428710937495,0.20386992435902354,0.3026884076744317,0.21973056770861146
2023-09-21 17:00:00,0.1854850678145885,0.3911042022705078,0.26140130557119845,0.340806655883789,0.2688710797578096
2023-09-21 18:00:00,0.18320907741785047,0.3482688522338867,0.25760313607752316,0.3286355018615722,0.2622968058288097
2023-09-21 19:00:00,0.09082289472222327,0.15937060698866842,0.13454788658767938,0.22374374404549596,0.13402832977473736
2023-09-21 20:00:00,0.08350967094302178,0.11800492987036704,0.11121577732264995,0.17758437141776082,0.1120184428617358
2023-09-21 21:00:00,0.08274477571249007,0.10177886061370373,0.10564966645091772,0.15543518878519536,0.10646013349294661
2023-09-21 22:00:00,0.0704681147634983,0.07230683751404285,0.08478126835078001,0.12324073512107132,0.08345679000020026
2023-09-21 23:00:00,0.056957588866353034,0.049406691789627075,0.059406534358859064,0.08165876772254704,0.05683460082858801
2023-09-22 00:00:00,0.0464329693466425,0.033796373009681704,0.03810361627489329,0.050353382974863053,0.03399149432778359
2023-09-22 01:00:00,0.023183027356863024,0.017240165174007414,0.018611303716897967,0.027434219755232334,0.015035462826490403
2023-09-22 02:00:00,0.006236555054783821,0.004108971059322357,0.005818440522998571,0.012824888322502375,0.006684980895370245
2023-09-22 03:00:00,0.02055374026298523,0.0030089314281940456,0.009444799851626157,0.013566286340355874,0.003409249931573868
2023-09-22 04:00:00,0.1379452693462372,0.07463899582624434,0.04686425656080247,0.041110140383243565,0.023719522058963778
2023-09-22 05:00:00,0.2486819556355476,0.2686680795252323,0.15753258951008317,0.1333489633724093,0.10250874068588017
2023-09-22 06:00:00,0.2941070058941841,0.4651989614963531,0.3082573319971561,0.2873702125251293,0.2601515569537878
2023-09-22 07:00:00,0.25245154649019236,0.5194107151031494,0.33370801620185375,0.33552680343389507,0.3412287404388189
2023-09-22 08:00:00,0.22628084823489186,0.521929041147232,0.31900696896016595,0.35758275985717775,0.346274269297719
2023-09-22 09:00:00,0.23036857724189755,0.5193636870384216,0.3193492954224348,0.3995571136474608,0.34597361139953137
2023-09-22 10:00:00,0.19000057026743888,0.47949618816375733,0.28038345701992506,0.37325918197631835,0.3086257415264845
2023-09-22 11:00:00,0.17012860387563705,0.4173099136352539,0.2672093733400106,0.34226953506469726,0.2941998592764139
2023-09-22 12:00:00,0.2260671859979629,0.3960931015014648,0.308331169784069,0.34126865513622756,0.32527718476951123
2023-09-22 13:00:00,0.2618831971287727,0.39454486846923825,0.342235095500946,0.3305349595099687,0.346638234630227
2023-09-22 14:00:00,0.2725981426239013,0.43588104248046877,0.39161590605974195,0.3823656643927097,0.39791022337973114
2023-09-22 15:00:00,0.3365273836255073,0.6701233817636966,0.5346549509465693,0.5986261671781539,0.5650166046619414
2023-09-22 16:00:00,0.2778952813148498,0.6701229138672351,0.5011835640668868,0.586639900356531,0.5485625069588422
2023-09-22 17:00:00,0.22656854584813113,0.5684421217441558,0.4357184827327728,0.5356518232822418,0.4809793321043252
2023-09-22 18:00:00,0.14166395038366317,0.39949012756347657,0.3062943851202726,0.4435462599992752,0.34469901703298095
2023-09-22 19:00:00,0.09535161525011063,0.20204784646630286,0.15879843536764382,0.2694617739319801,0.17173886880278588
2023-09-22 20:00:00,0.1005624147504568,0.11011554792523384,0.12136733282357454,0.1583057717233896,0.12014634013175964
2023-09-22 21:00:00,0.14609054818749428,0.0821661876142025,0.1313715925067663,0.09525830328464509,0.1147982320189476
2023-09-22 22:00:00,0.15458889737725257,0.09752477459609507,0.1321024603396654,0.0765657115355134,0.1072347893193364
2023-09-22 23:00:00,0.11183572560548781,0.06816896066069603,0.0973500334471464,0.05614455543458462,0.0786298741772771
2023-09-23 00:00:00,0.1175923492014408,0.07705651670694351,0.10163103502243757,0.06087287634611129,0.09010098494589328
2023-09-23 01:00:00,0.16977937951683997,0.07817132838070392,0.13588114697486162,0.05554603241384029,0.11871984791010616
2023-09-23 02:00:00,0.2773876382410526,0.12601859584450723,0.22052482381463048,0.08353425044566391,0.18595259130001066
2023-09-23 03:00:00,0.18130162730813024,0.11769406624138354,0.14567885376513004,0.06351586230099202,0.12673665560781955
2023-09-23 04:00:00,0.2501839666068554,0.2373142637312412,0.2766551528871059,0.18032745018601412,0.2521219288557767
2023-09-23 05:00:00,0.30559774979948995,0.43826045989990237,0.4562290356308221,0.3822526056319475,0.4499729391932487
2023-09-23 06:00:00,0.3731161499023437,0.5289863801002501,0.5185184944421053,0.5708083356171846,0.5533899416029453
2023-09-23 07:00:00,0.43935423374176025,0.5938949441909789,0.5754624760150908,0.7148480078577995,0.60888546384871
2023-09-23 08:00:00,0.5430401718616484,0.6304888641834259,0.6746946474909781,0.6868364597111939,0.6807272455096244
2023-09-23 09:00:00,0.581004158258438,0.670429698228836,0.6967752484977244,0.6677497545629739,0.6881955752521752
2023-09-23 10:00:00,0.525584534406662,0.6237254439294337,0.6361943198740482,0.6375208935141563,0.6210024835914372
2023-09-23 11:00:00,0.4636484920978546,0.5488332068920134,0.5913861300051211,0.6045544328540563,0.5858484188467263
2023-09-23 12:00:00,0.3568095397949218,0.43716941118240354,0.45645996391773225,0.41942475736141205,0.4611804562807083
2023-09-23 13:00:00,0.22537932246923442,0.23230384811758992,0.2716155112534761,0.23762284860014912,0.27076452597975725
2023-09-23 14:00:00,0.20643339589238163,0.21385990932583804,0.29455560341477394,0.3039008324593305,0.30741625055670735
2023-09-23 15:00:00,0.10587892398238183,0.24080127671360968,0.22794741176068783,0.277772052809596,0.2572764778882265
2023-09-23 16:00:00,0.08431853875517845,0.13372139878571032,0.20388891533017156,0.262471132799983,0.23080169610679144
2023-09-23 17:00:00,0.1576233811676502,0.1316331646591425,0.25819794237613675,0.2843934114277363,0.2775952626764774
2023-09-23 18:00:00,0.14087200716137885,0.08893583320081233,0.18146929949522017,0.19272763952612876,0.1874893810600042
2023-09-23 19:00:00,0.09462427459657191,0.054352802261710166,0.1003048561885953,0.1030645264685154,0.09574437338858843
2023-09-23 20:00:00,0.1430749252438545,0.08391253948211669,0.1519715120643377,0.09134726103395223,0.13915822602808472
2023-09-23 21:00:00,0.4718486380577087,0.20555831357836718,0.47057011842727664,0.25011942368000745,0.41865250289440153
2023-09-23 22:00:00,0.687567158639431,0.4260249710083007,0.6341798900067805,0.3282006071135401,0.5548061695694924
2023-09-23 23:00:00,0.7181238098442554,0.4728515255451202,0.6628767306357621,0.3404147092625498,0.58807890355587
2023-09-24 00:00:00,0.7436992263793945,0.45660900115966796,0.6969452644139528,0.3628541114926338,0.616804224923253
2023-09-24 01:00:00,0.7707650206983089,0.4946462368965149,0.7616021390259265,0.41628369078040117,0.6844221599400042
2023-09-24 02:00:00,0.6131423777341842,0.40235034942626946,0.6542929792404174,0.41372802902013056,0.6117294124513863
2023-09-24 03:00:00,0.31978932619094846,0.19580391690135,0.3896429518610238,0.3012865076214075,0.390375809520483
2023-09-24 04:00:00,0.3381029498577117,0.25771046131849284,0.3875285114347934,0.38113200031220906,0.3944922578334808
2023-09-24 05:00:00,0.4386142718791961,0.3689405441284179,0.5166370981931685,0.544846797287464,0.5162620475143194
2023-09-24 06:00:00,0.44175153136253353,0.34718755766749376,0.5715778512507677,0.6277425673604011,0.5685730022937059
2023-09-24 07:00:00,0.42885294198989865,0.32996871307492254,0.5688107294589281,0.6182484992593527,0.5662848148494959
2023-09-24 08:00:00,0.46976852297782895,0.34133390724658963,0.56771287381649,0.6145081444084644,0.5518620122224093
2023-09-24 09:00:00,0.5810926711559294,0.43205575585365297,0.6222196972370146,0.6330347363650798,0.5856927380710839
2023-09-24 10:00:00,0.6836328095197677,0.568231657743454,0.6950009508430958,0.6840058568865061,0.6524446526914834
2023-09-24 11:00:00,0.829995179772377,0.7241059957444667,0.8312601678073406,0.6829472862184047,0.771089526414871
2023-09-24 12:00:00,0.8566625410318374,0.7142201928794383,0.8297161034494638,0.5355024036765098,0.7592317432165144
2023-09-24 13:00:00,0.7847963239252567,0.5526183402538298,0.7148530729860068,0.4254756449162959,0.6366525306552647
2023-09-24 14:00:00,0.7261520503461361,0.40576860189437863,0.7212036526203155,0.5694714715331792,0.6604754748195408
2023-09-24 15:00:00,0.6918320587277411,0.4095217780768871,0.7910056176036596,0.6522175486385822,0.7578148717433213
2023-09-24 16:00:00,0.7557235877215862,0.45832434535026545,0.8840292091667651,0.7652098274976014,0.8648972608894109
2023-09-24 17:00:00,0.8089231450855732,0.5558332231640815,0.9329019743204116,0.7729676200449466,0.919962957203388
2023-09-24 18:00:00,0.7590629039704799,0.48906617403030384,0.9011608619987964,0.6868153127282858,0.886692521572113
2023-09-24 19:00:00,0.5343345153331756,0.35407371103763574,0.6263266506046056,0.5198781955987214,0.6083816362917422
2023-09-24 20:00:00,0.5384798789024352,0.3112036125361919,0.5765526747703551,0.4119505321979522,0.5511577676981687
2023-09-24 21:00:00,0.6245473912358284,0.32788625270128247,0.6087606771290301,0.34651703312993043,0.5751338528841733
2023-09-24 22:00:00,0.6272718249261379,0.358122444152832,0.6022804307192563,0.4041280230134725,0.5766864332556725
2023-09-24 23:00:00,0.7546209321916102,0.3756380081176758,0.8049050965905189,0.5269219729304313,0.6918673411756754
2023-09-25 00:00:00,0.7802985669672489,0.4251201581954956,0.8659905856847762,0.5679403295367955,0.7399904322624207
2023-09-25 01:00:00,0.758973030745983,0.4687109899520874,0.7505737080425023,0.46231980107724663,0.6548223659396171
2023-09-25 02:00:00,0.5823756611347197,0.39590061187744136,0.5844122624397277,0.3896663946658372,0.5445167779922484
2023-09-25 03:00:00,0.4670009899139404,0.37428234100341795,0.5516852651536464,0.47765066131949424,0.5350681647658347
2023-09-25 04:00:00,0.38702507019042964,0.48113080024719235,0.44780168056488034,0.45293992392718785,0.48818288251757613
2023-09-25 05:00:00,0.38199005126953123,0.5672069644927977,0.4502181553840637,0.49341017484664906,0.5198525822907686
2023-09-25 06:00:00,0.3778186416625976,0.5935040368139743,0.40470552444458,0.37711529128253457,0.45713828682899466
2023-09-25 07:00:00,0.3670475621521473,0.5423001360893249,0.36174998022615906,0.2563335850834846,0.39546139486134047
2023-09-25 08:00:00,0.3893682098388671,0.4789306664466857,0.3447294126451015,0.20140947148203847,0.34707351110875606
2023-09-25 09:00:00,0.418961296081543,0.4573204922676086,0.3440159188956022,0.21918249532580372,0.3248167388886213
2023-09-25 10:00:00,0.46792776465415953,0.42218223214149475,0.40197648629546157,0.3112698026001453,0.3782584203034639
2023-09-25 11:00:00,0.5839184677600859,0.47618620276451107,0.5455120956897734,0.44105226129293434,0.5166250443458557
2023-09-25 12:00:00,0.7314083679020404,0.6328611022233962,0.6793867705762385,0.43534421876072876,0.6439084524661302
2023-09-25 13:00:00,0.8181689223647117,0.6969964569807052,0.7136537051200866,0.37527553841471667,0.6444231393188238
2023-09-25 14:00:00,0.8821646447479725,0.7105351550877093,0.7832706263661384,0.35161456756293763,0.7126610027998685
2023-09-25 15:00:00,0.8092953911423683,0.6229201442003249,0.7457679605484009,0.33805789403617376,0.6731312519311904
2023-09-25 16:00:00,0.704110707193613,0.48771911382675165,0.7043485587835312,0.3439923371374607,0.6468909295648335
2023-09-25 17:00:00,0.6635082325339317,0.40593880891799927,0.680694813504815,0.37452627941966055,0.6310450138896703
2023-09-25 18:00:00,0.5410517597198485,0.3173735427856445,0.5986694997549056,0.4180164325982332,0.5743905274569987
2023-09-25 19:00:00,0.5264309918880462,0.29889312595129014,0.536331278681755,0.3819268055260181,0.5245257403701543
2023-09-25 20:00:00,0.5702923095226287,0.3664786043763161,0.589468986392021,0.39245757602155207,0.5497660839557648
2023-09-25 21:00:00,0.5824390506744384,0.4297937548160553,0.5853571152687072,0.38088583178818225,0.5442394936084747
2023-09-25 22:00:00,0.5858391082286833,0.4897194409370422,0.5745545631647109,0.36489180222153667,0.5334274923801421
2023-09-25 23:00:00,0.579836015254259,0.4978929018974304,0.5624909947067498,0.3364336381852627,0.5227823735028505
2023-09-26 00:00:00,0.5875650307536124,0.49926513314247123,0.58514214143157,0.3163570943474769,0.547049748301506
2023-09-26 01:00:00,0.6126901982724666,0.5015805542469024,0.6194640564173459,0.311652219928801,0.5819044309109449
2023-09-26 02:00:00,0.6224631099402904,0.5025251746177672,0.6125925572961568,0.3176772084087133,0.5728040321171283
2023-09-26 03:00:00,0.4566938674449921,0.37657733917236325,0.4131531852483749,0.2574834452196955,0.35918764613568777
2023-09-26 04:00:00,0.43859871387481686,0.37415313720703125,0.4957833456993102,0.39544282361865035,0.4547838608175515
2023-09-26 05:00:00,0.6363340763747691,0.42115978240966795,0.6951784914731979,0.4625365453213453,0.6400581991672516
2023-09-26 06:00:00,0.8410511343181133,0.5385083115100859,0.8647563828527927,0.6090252969413995,0.775106850862503
2023-09-26 07:00:00,0.9039406099915503,0.6065530037879943,0.9383657371252775,0.7388388686627149,0.8684100191295148
2023-09-26 08:00:00,0.9482289689779281,0.7568647092580794,0.9834837682545183,0.8199715168774128,0.9651303949952126
2023-09-26 09:00:00,0.9548557494580745,0.8829028414189815,0.9903570826351642,0.8828586459159851,0.9890630164742469
2023-09-26 10:00:00,0.8909691667556763,0.8948461632430552,0.9693261247873306,0.9246887016296386,0.9810757709294556
2023-09-26 11:00:00,0.863640951514244,0.8792480090260506,0.956304384022951,0.9641441980749368,0.9698172031342983
2023-09-26 12:00:00,0.8223519912362098,0.8475483901798725,0.9416108877211808,0.9609099701792002,0.9615001959353684
2023-09-26 13:00:00,0.7895877806842326,0.8113209433853625,0.9204814895242451,0.985705022662878,0.9437400510907172
2023-09-26 14:00:00,0.7613316735625266,0.7817603527009487,0.8984300890564918,0.9874047778546811,0.9166740336269139
2023-09-26 15:00:00,0.7720658822357653,0.7705875335633754,0.8733762030303477,0.9178550550341606,0.8449953676760198
2023-09-26 16:00:00,0.7193016728758812,0.7513588933646678,0.7991146054118871,0.86259968906641,0.7604179682582616
2023-09-26 17:00:00,0.7004308721423148,0.730882248133421,0.7229501547664403,0.7655834648013113,0.6741072772443294
2023-09-26 18:00:00,0.5503589367866515,0.7077309390902519,0.7394197376072406,0.8114180774241685,0.724206946492195
2023-09-26 19:00:00,0.5500748908519744,0.6137477612495421,0.7022942530363798,0.8009632275998592,0.7025392109900712
2023-09-26 20:00:00,0.6584344542026519,0.6395932389795779,0.7387964317947625,0.8461335675418376,0.736418874040246
2023-09-26 21:00:00,0.840292729139328,0.7845397262275218,0.8661248811334371,0.849489177390933,0.8516313716024159
2023-09-26 22:00:00,0.9313907226920127,0.8903149837255477,0.9584178572148084,0.8010681872814892,0.9426457807421683
2023-09-26 23:00:00,0.9773977032303809,0.939547694325447,0.9819152352213858,0.7760329485684632,0.9749827899038791
2023-09-27 00:00:00,0.9890059891343116,0.9563941621780394,0.9927804481983185,0.7985378797352313,0.9850051078200339
2023-09-27 01:00:00,0.9887635013461114,0.9601154078543186,0.9947197197377682,0.8274515816569328,0.9875296999514103
2023-09-27 02:00:00,0.9781462022662162,0.9478619973361492,0.9856144659221173,0.8921362878382206,0.978099441975355
2023-09-27 03:00:00,0.7789690831303595,0.6858482046425342,0.8251894055306911,0.7298318194597958,0.7793481724709272
2023-09-27 04:00:00,0.8716958241164684,0.6739353036880492,0.9064954978972672,0.7494630819559096,0.8595166520774364
2023-09-27 05:00:00,0.9153426368534564,0.7065346239507198,0.9437681043893098,0.7883043643832205,0.9010806536674498
2023-09-27 06:00:00,0.8861799527704715,0.7085444121062754,0.9425402489304542,0.8733523060381411,0.9082014042139054
2023-09-27 07:00:00,0.8520596569776535,0.7030134132504462,0.9320424261689186,0.8823850030452013,0.9050010880082846
2023-09-27 08:00:00,0.8416450148820876,0.6946097126603126,0.9162090813368557,0.8608572851866483,0.8858144279569387
2023-09-27 09:00:00,0.846865251660347,0.7112106530368327,0.915422006174922,0.8413859585672616,0.8885181016474961
2023-09-27 10:00:00,0.8418213392794132,0.7248863978683948,0.9063690583407878,0.8026372250914573,0.8799012359976768
2023-09-27 11:00:00,0.8118240162730217,0.7144915869832038,0.8763603239506483,0.7476505144685506,0.8481235340237616
2023-09-27 12:00:00,0.7636636590957641,0.6947297340631484,0.8392968582361935,0.7249299538880586,0.8130613314360379
2023-09-27 13:00:00,0.7193337684869765,0.6816059520840644,0.8133767889440059,0.7010404892265796,0.7914914848655462
2023-09-27 14:00:00,0.6810269682109356,0.6665072417259215,0.7930925488471985,0.7031157219409941,0.7769275250285863
2023-09-27 15:00:00,0.6150370097160338,0.6107213376462459,0.7532856861501931,0.6560466540604829,0.7404904948920011
2023-09-27 16:00:00,0.5557693099975585,0.5729739820957183,0.7014440467953681,0.6703160254657268,0.6969420409202575
2023-09-27 17:00:00,0.6037812983989714,0.6075484758615494,0.7362123093008994,0.7393641287833451,0.72976734213531
2023-09-27 18:00:00,0.5998874461650847,0.5353798282146454,0.7307443471997975,0.816566567197442,0.7434232482314109
2023-09-27 19:00:00,0.6411066314578056,0.5708107805252075,0.7800250007212162,0.8661794798076152,0.7737652207165957
2023-09-27 20:00:00,0.8218144340813159,0.7119419364631174,0.8566764896363019,0.8455006568878888,0.8324226590245961
2023-09-27 21:00:00,0.869680193811655,0.8937920489907264,0.907611755132675,0.8418824259191752,0.8932650827616453
2023-09-27 22:00:00,0.8385865899920464,0.8396432127058506,0.9111437653005122,0.8445217246562242,0.8979425175487994
2023-09-27 23:00:00,0.7728446884453296,0.7482262907922268,0.8357953022420406,0.7551342294365166,0.8168383371829986
2023-09-28 00:00:00,0.806401359140873,0.7380127935111522,0.8243898978084325,0.6698084112256765,0.7865646708756685
2023-09-28 01:00:00,0.8803692863881587,0.808828212916851,0.8497276593744755,0.6319270873814821,0.79703378662467
2023-09-28 02:00:00,0.8728302870690822,0.8278225214779377,0.8573091524839401,0.6331313132494687,0.8116762076318265
2023-09-28 03:00:00,0.7608665531873702,0.7634130118787288,0.8176048504561184,0.765314231738448,0.7977387826889754
2023-09-28 04:00:00,0.8535633598268031,0.7608041352033614,0.8920588643103837,0.7493492170423268,0.8626983113586902
2023-09-28 05:00:00,0.9267477479577064,0.8133539760112761,0.9636040482670067,0.8155873622745274,0.9364215309917927
2023-09-28 06:00:00,0.9271617771685122,0.8399200299382209,0.9770188825577497,0.8972083794325589,0.9647822052240371
2023-09-28 07:00:00,0.886177939325571,0.8492256668210029,0.9634729604423047,0.9517287320643664,0.9674084748327731
2023-09-28 08:00:00,0.875904254168272,0.8680423662066459,0.9532037392258643,0.9560535674542188,0.9583466700464487
2023-09-28 09:00:00,0.829863878339529,0.8052109241485595,0.9304012615978717,0.9296058562397956,0.9340799957513809
2023-09-28 10:00:00,0.8194217580556868,0.7758397763967513,0.9207781577855347,0.9028694605082273,0.9129018060863017
2023-09-28 11:00:00,0.8187684009969234,0.7752426384389399,0.9209222531318664,0.8757203098386526,0.9129652943462132
2023-09-28 12:00:00,0.7834723255038261,0.7398360370099544,0.8819183780252933,0.8205787099152803,0.8670693410933017
2023-09-28 13:00:00,0.6460217094421385,0.6833689188957213,0.8094982577115296,0.8232954826205968,0.8145038403570651
2023-09-28 14:00:00,0.7032989962399004,0.7143327048420904,0.8149207237362861,0.7673895838111638,0.8074541776627302
2023-09-28 15:00:00,0.6133413171768187,0.6167405968904495,0.6897572888433933,0.5525036530941724,0.6623763984441756
2023-09-28 16:00:00,0.601469234228134,0.6373068569600581,0.6065019371360539,0.5390813922882078,0.5636533951759337
2023-09-28 17:00:00,0.4914881145954132,0.5716854488849639,0.6003984006494283,0.5976213429123163,0.5946322767436504
2023-09-28 18:00:00,0.4609144973754883,0.5366680407524108,0.6142657459527253,0.49581673115491853,0.612373444661498
2023-09-28 19:00:00,0.4965911066532135,0.44619945526123045,0.5340904003381728,0.36786642357707017,0.4785171049833298
2023-09-28 20:00:00,0.5019883370399475,0.46234731078147884,0.4830465769767761,0.28737985871732236,0.4202380883693695
2023-09-28 21:00:00,0.6416839903593062,0.5150909924507141,0.5535856270790099,0.28580152094364164,0.4727950930595398
2023-09-28 22:00:00,0.611595377922058,0.5789669311046599,0.5786529338359832,0.3648336363583803,0.5171878790855406
2023-09-28 23:00:00,0.6011291301250457,0.608520940542221,0.6299395127594469,0.35545162737369534,0.569460288286209
2023-09-29 00:00:00,0.6285384452342986,0.6154291486740111,0.6367542108893394,0.30144599601626393,0.5946428781747817
2023-09-29 01:00:00,0.6534986315667628,0.6057429766654967,0.6173297601193188,0.2691141455620527,0.5717763757705687
2023-09-29 02:00:00,0.6491392566263674,0.56135760307312,0.6121417964249848,0.2598259101808071,0.5361914640665053
2023-09-29 03:00:00,0.2531317600607872,0.22495765447616572,0.282715125977993,0.18612708922475574,0.2680816619843244
2023-09-29 04:00:00,0.2866937944293022,0.3117361830174923,0.40209950402379036,0.3290643606334924,0.40347352981567375
2023-09-29 05:00:00,0.3909537887573242,0.33820320129394527,0.4495751518011093,0.3329248224943876,0.42505847215652465
2023-09-29 06:00:00,0.34265356451272966,0.30017715215682983,0.48931337237358086,0.40808840416371817,0.4733706140518188
2023-09-29 07:00:00,0.31807043895125386,0.3411456680297851,0.45016040980815886,0.39033961057662964,0.4465041607618332
2023-09-29 08:00:00,0.2820335607230663,0.34173512458801264,0.4540619506686926,0.37111469686031334,0.44952963173389426
2023-09-29 09:00:00,0.29131178081035614,0.32689556539058684,0.397741392031312,0.3211653259396553,0.38080583572387694
2023-09-29 10:00:00,0.23644639611244198,0.2377430352568626,0.2644893307983875,0.22413848489522928,0.24900449261069293
2023-09-29 11:00:00,0.11005416125059127,0.14842269062995908,0.17532402098178862,0.22011610433459278,0.17893545791506762
2023-09-29 12:00:00,0.03441516250371933,0.08853853918612004,0.12959095135331153,0.19615403726696964,0.15232950307428836
2023-09-29 13:00:00,0.007232366688549518,0.06104151554405689,0.12197776785120366,0.1640878129377961,0.14675267446786164
2023-09-29 14:00:00,0.015712045431137085,0.06700714327394962,0.11531977798789739,0.12433941245079037,0.13536581221967933
2023-09-29 15:00:00,0.006575366631150246,0.05723058506846429,0.07913405634462833,0.09633991103619335,0.08997088763862848
2023-09-29 16:00:00,0.0020392290502786632,0.005822819918394089,0.032580282408744096,0.05916791509836913,0.03611045092344284
2023-09-29 17:00:00,0.000833330564200878,0.0,0.010568437036126851,0.035433180890977384,0.011868809349834919
2023-09-29 18:00:00,0.006565013490617275,0.0,0.009525131955742836,0.01706904763355851,0.011104442737996578
2023-09-29 19:00:00,0.0030894739180803298,0.0,0.0034043283760547636,0.004714118894189596,0.0024393963254988192
2023-09-29 20:00:00,0.005047541856765747,0.0024624811112880706,0.004302300624549388,0.0019172414764761924,0.003322855811566114
2023-09-29 21:00:00,0.02681380152702332,0.00982840284705162,0.012264884877949953,0.0007010817527770995,0.005375798083841801
2023-09-29 22:00:00,0.03845764338970184,0.019046812355518344,0.016870370954275134,0.0013090733624994753,0.0074589229933917514
2023-09-29 23:00:00,0.06608002111315728,0.03326620548963547,0.04480707168579102,0.00887677162885666,0.030945167988538747
2023-09-30 00:00:00,0.08689245745539664,0.033148051500320436,0.05169663805514574,0.008910573720932007,0.0360293335467577
2023-09-30 01:00:00,0.074720818400383,0.01417450949549675,0.042056454606354245,0.01682356186211109,0.025089834481477738
2023-09-30 02:00:00,0.11099118158221244,0.013257930874824525,0.058511519245803355,0.03168270921334625,0.034046042263507846
2023-09-30 03:00:00,0.058486383184790616,0.0018012284860014914,0.03746013350784779,0.04539369072765112,0.03844447378069162
2023-09-30 04:00:00,0.037254588901996614,0.0006880658492445945,0.020080199856311085,0.04626312725245953,0.03003111308440566
2023-09-30 05:00:00,0.026139426901936533,0.006450745612382888,0.009887174330651761,0.05342115573585034,0.013918056450784207
2023-09-30 06:00:00,0.010499276518821717,0.014579349160194396,0.01676215924322605,0.07271314986050129,0.017603004425764082
2023-09-30 07:00:00,0.04019067756831646,0.036210445649921895,0.012624518424272538,0.0402795447409153,0.006183457449078561
2023-09-30 08:00:00,0.1268491491675377,0.11288473367691039,0.030413316488265993,0.018420598283410073,0.006244737096130848
2023-09-30 09:00:00,0.1060398831963539,0.16986466370522973,0.041087667532265185,0.022102245837450032,0.025856256615370516
2023-09-30 10:00:00,0.0872442364692688,0.20680744171142576,0.09009693421423434,0.04702731719240546,0.07721703819930553
2023-09-30 11:00:00,0.03647052716463804,0.1718875683844089,0.06497084064409137,0.04077952828258276,0.062040927745401854
2023-09-30 12:00:00,0.014086201936006548,0.12160975873470306,0.023313229139894247,0.01227180054411292,0.03649501740932465
2023-09-30 13:00:00,0.019625777490437035,0.07640101216733455,0.010586921274662018,0.0017373065277934074,0.01662838004529476
2023-09-30 14:00:00,0.013322294354438782,0.017279796153306964,0.005705421585589647,0.0006646683253347873,0.0036492888629436494
2023-09-30 15:00:00,0.011716153733432292,0.002337600067257881,0.004678666442632675,0.0,0.00019239306449890135
2023-09-30 16:00:00,0.019168494008481505,0.0,0.008329135105013848,0.0,0.0008057543449103831
2023-09-30 17:00:00,0.041484083980321884,0.004617270752787589,0.020192787908017637,0.0014798896387219428,0.007003400791436434
2023-09-30 18:00:00,0.08121152721345425,0.010054842419922352,0.03752967799082399,0.0026737734116613864,0.01891893271356821
2023-09-30 19:00:00,0.0044728808477520945,0.0,0.0016274827532470227,0.0,0.0010869787447154522
2023-09-30 20:00:00,0.0058269846439361565,0.004891616627573966,0.002921490706503391,0.0005012785084545612,0.0014178556762635707
2023-09-30 21:00:00,0.003969584964215756,0.0018239863961935043,0.0021784866228699686,0.0005998437106609345,0.0011524549685418605
2023-09-30 22:00:00,0.005670045800507069,0.0019579505547881126,0.0022180278599262236,0.0,0.0011132209002971648
2023-09-30 23:00:00,0.0,0.0,0.0,0.0012728527188301086,0.0
2023-10-01 00:00:00,0.0,0.0,0.0,0.009517736583948135,0.0
2023-10-01 01:00:00,0.0,0.0,0.0,0.006789709106087684,0.0
2023-10-01 02:00:00,0.0,0.008025869540870189,0.00013661557808518408,0.012486664839088918,0.0018938083946704863
2023-10-01 03:00:00,0.007647924423217774,0.13096474498510358,0.05682877119630575,0.07514096114784478,0.07354516426101326
2023-10-01 04:00:00,0.0392016563937068,0.21897950813174244,0.12525425272062418,0.08507565565407277,0.13355135302990676
2023-10-01 05:00:00,0.11311462689191101,0.18426392436027525,0.1578566471673548,0.0922576079890132,0.14289748162031174
2023-10-01 06:00:00,0.19461985543370244,0.08150237239897251,0.16175680629909037,0.09511754237115383,0.1404757635295391
2023-10-01 07:00:00,0.18075620785355567,0.014410817250609399,0.15446373052895068,0.09279427886009216,0.12376943625509738
2023-10-01 08:00:00,0.12000122115015982,0.0022766144201159474,0.1148371873423457,0.08536616060882807,0.09975327242165802
2023-10-01 09:00:00,0.05485937856137752,0.0,0.059960578605532645,0.041007707901299,0.05666570205241442
2023-10-01 10:00:00,0.018662480413913725,0.0,0.015498203560709953,0.007126273177564144,0.012788329888135195
2023-10-01 11:00:00,0.0018197520077228545,0.0,0.0015017243288457393,0.0030750622600317,0.001561585832387209
2023-10-01 12:00:00,0.0,0.0039644063636660575,0.0,0.0009800364449620246,0.0
2023-10-01 13:00:00,0.01635231088846922,0.04391883261501789,0.002739895675331354,0.0,0.0012248551286756992
2023-10-01 14:00:00,0.0908335531502962,0.06774618193507195,0.033071055058389906,0.0028843510709702968,0.01395335491746664
2023-10-01 15:00:00,0.22928149133920667,0.089333915412426,0.12137185726314782,0.020510117821395397,0.0736459842696786
2023-10-01 16:00:00,0.25613885506987566,0.061729480922222135,0.14128079399466514,0.018352760076522825,0.0893173930235207
2023-10-01 17:00:00,0.14899485036730764,0.009804566949605943,0.0681376064568758,0.00199776254594326,0.04118556877598166
2023-10-01 18:00:00,0.06299926780164242,0.0008111989870667457,0.027759686689823867,0.000873822011053562,0.01606725815683603
2023-10-01 19:00:00,0.003811015598475933,0.00010668054223060607,0.000951622687280178,0.0005156237632036208,0.0009619601815938949
2023-10-01 20:00:00,0.0,0.0,0.0,0.0,0.0
2023-10-01 21:00:00,0.0,0.0015801209211349487,0.0,0.0,0.0
2023-10-01 22:00:00,0.0022318508848547932,0.015115274414420128,0.0028043647110462186,0.0020480319857597348,0.002863443084061145
2023-10-01 23:00:00,0.015792802572250367,0.024265797398984434,0.006962089445441961,0.001956874392926693,0.005290209669619798
2023-10-02 00:00:00,0.011697722375392914,0.01838337063789368,0.003839452620595694,0.0,0.002249634116888046
2023-10-02 01:00:00,0.004179108366370201,0.019308881051838398,0.001118925157934427,0.002368351649492979,0.0
2023-10-02 02:00:00,0.003716243095695972,0.017413598522543906,0.0024859767407178876,0.00847404619678855,0.0013053560629487037
2023-10-02 03:00:00,0.05847461447119713,0.017373066768050192,0.05696067236363888,0.03470884898677468,0.054136442355811595
2023-10-02 04:00:00,0.13903865441679952,0.060414649248123176,0.10900132186710833,0.03970295164734125,0.10288092814385891
2023-10-02 05:00:00,0.23952374994754788,0.0897381816059351,0.18010357804596425,0.05594209743663669,0.14712788365781307
2023-10-02 06:00:00,0.2395457617938518,0.050646303221583366,0.18372752748429774,0.06668238205835222,0.1462164171412587
2023-10-02 07:00:00,0.17945134654641148,0.012042297832667827,0.15212751824408768,0.07300852701067924,0.12691343653947113
2023-10-02 08:00:00,0.11070380218327044,0.0016983453556895253,0.10213842242956161,0.06998202748596669,0.09441339965909719
2023-10-02 09:00:00,0.06474820360541343,0.00035100955516099926,0.06853048961609602,0.0474586434662342,0.06199359863996506
2023-10-02 10:00:00,0.029227644428610804,0.0,0.02931472485885024,0.018875840939581397,0.0275126775726676
2023-10-02 11:00:00,0.006327201053500176,0.0,0.005781449936330318,0.011683084778487682,0.008755895607173443
2023-10-02 12:00:00,0.0005248448252677917,0.0,0.005622267965227365,0.026598838791251186,0.008928767889738082
2023-10-02 13:00:00,0.0,0.005218455940485001,0.016813379470258953,0.047394087873399264,0.02676667092368007
2023-10-02 14:00:00,0.0,0.022095228992402557,0.014853508062660696,0.030823161527514464,0.025332056637853383
2023-10-02 15:00:00,0.0,0.012982540167868137,0.006286750975996256,0.008128606714308262,0.012714395746588707
2023-10-02 16:00:00,0.004345461912453174,0.017416311502456667,0.010343356039375067,0.007821991201490165,0.01412197506055236
2023-10-02 17:00:00,0.020935513079166412,0.03185218632221222,0.02256883576512337,0.009995865393429995,0.02219014739617705
2023-10-02 18:00:00,0.039140811786055565,0.06949267767369746,0.039622430838644515,0.01755258373916149,0.03653767552226782
2023-10-02 19:00:00,0.02049409717321396,0.059843044057488436,0.007516518402844667,0.004802562743425369,0.0050892636924982065
2023-10-02 20:00:00,0.005636154413223266,0.007838232815265654,0.002907764073461294,0.0035452920757234095,0.001994699854403734
2023-10-02 21:00:00,0.0017960695922374724,0.004518828503787517,0.0011616546101868152,0.006694554518908264,0.0014837637357413768
2023-10-02 22:00:00,0.0,0.003393848650157451,0.0014172820374369621,0.018522550873458388,0.003105826433748007
2023-10-02 23:00:00,0.0,0.011682019345462322,0.004289425238966941,0.03530816569924354,0.012818591725081206
2023-10-03 00:00:00,0.003934297822415828,0.037786794304847715,0.021437182705849413,0.04437549129128456,0.03328442506492138
2023-10-03 01:00:00,0.019416687302291392,0.07742736637592315,0.047406483013182885,0.04716598555445672,0.05866438195109368
2023-10-03 02:00:00,0.04054953746497632,0.0672600232064724,0.06959891490638256,0.04372827269136906,0.07480403997004031
2023-10-03 03:00:00,0.07888516418635845,0.08222145929932594,0.11936801258474586,0.04349986739456654,0.12470297753810881
2023-10-03 04:00:00,0.1102721183001995,0.06963860295712948,0.16482161298394202,0.049587076678872105,0.1841669977456331
2023-10-03 05:00:00,0.21517534241080283,0.14665090724825858,0.18645826265215873,0.045996503867208965,0.1961833261698484
2023-10-03 06:00:00,0.33073242187499996,0.28356794163584703,0.21743825308978554,0.07199013695120811,0.19187913767993448
2023-10-03 07:00:00,0.39662399291992184,0.4100060653686523,0.26371346250176425,0.13012477263808248,0.22817039288580415
2023-10-03 08:00:00,0.451854737997055,0.5341275489330292,0.32296626076102253,0.19563690580427645,0.27722645454108713
2023-10-03 09:00:00,0.5227944111824034,0.5916097915172576,0.37072475261986254,0.23837833411991594,0.31165896028280254
2023-10-03 10:00:00,0.5731305336952208,0.6072966015338896,0.38172094345092766,0.22264692142605777,0.3067266426980495
2023-10-03 11:00:00,0.5750827348232268,0.5957496917247771,0.36583532884716985,0.19725917518138886,0.28377985931932925
2023-10-03 12:00:00,0.6063265359401702,0.5724445140361785,0.3685602521896362,0.1746905658394098,0.2717869837582111
2023-10-03 13:00:00,0.6155215060710906,0.5286949682235716,0.34688870936632155,0.1420066811144352,0.24253334693610668
2023-10-03 14:00:00,0.5837823009490966,0.4863493287563323,0.30737741351127623,0.11620008148252964,0.20377810001373287
2023-10-03 15:00:00,0.6639223790168761,0.546740493774414,0.3618569654226303,0.10620914950966834,0.24365524329245086
2023-10-03 16:00:00,0.5519751465320586,0.4549114584922791,0.28849638223648066,0.08527407288551331,0.19280697643756864
2023-10-03 17:00:00,0.4942208635807037,0.4316810834407806,0.27408376932144163,0.08926870577037334,0.1953175889700651
2023-10-03 18:00:00,0.33792423248291015,0.2913072961568832,0.19575199052691458,0.067480843141675,0.146537474617362
2023-10-03 19:00:00,0.05613602735102177,0.08656360231339931,0.028961062394082547,0.03708400472998619,0.022782232016325
2023-10-03 20:00:00,0.013639489114284517,0.03379736691713334,0.013081788197159766,0.07664823688566684,0.01394876103848219
2023-10-03 21:00:00,0.008940442353487014,0.02708808973431587,0.012826989218592644,0.075263107791543,0.013755356650799515
2023-10-03 22:00:00,0.006712226681411266,0.01572421368211508,0.014153401926159858,0.07265486426651477,0.016389570962637663
2023-10-03 23:00:00,0.028133736550807954,0.016696688048541547,0.036723985746502874,0.09123478829860686,0.03591122418642044
2023-10-04 00:00:00,0.04519561894237995,0.018890881165862086,0.052149023413658145,0.085020790733397,0.04752888306975365
2023-10-04 01:00:00,0.054059169590473174,0.019292666390538216,0.05312601163983345,0.05830858867615461,0.04796224091202021
2023-10-04 02:00:00,0.05607410997152329,0.011441109068691729,0.05377578765153885,0.04710822273045778,0.05053714964538813
2023-10-04 03:00:00,0.0822252731025219,0.023864549696445466,0.07005072385072708,0.023121721521019937,0.0633171421661973
2023-10-04 04:00:00,0.1735125908255577,0.03289231047034264,0.12624355692416428,0.034878139346838,0.1017021944746375
2023-10-04 05:00:00,0.17888087227940558,0.008157417364418506,0.11501582592725752,0.07348231822252274,0.08266096513718367
2023-10-04 06:00:00,0.12128471806645393,0.0018479798361659048,0.08988239854574202,0.16712478447705503,0.06690308053046465
2023-10-04 07:00:00,0.0834396931529045,0.007693804055452347,0.11250917013734578,0.27155869752168654,0.1038646874576807
2023-10-04 08:00:00,0.11110945865511893,0.05311786990612745,0.1740547413378954,0.34324644610285754,0.17587863121181727
2023-10-04 09:00:00,0.13149393200874326,0.14793782331049443,0.2064790830761194,0.38941633477807036,0.2239935988932848
2023-10-04 10:00:00,0.18608523324131965,0.30407031565904613,0.2928402776271104,0.511306658387184,0.31695688784122467
2023-10-04 11:00:00,0.29283927693963047,0.49838139414787286,0.41634861119091504,0.6297834510356186,0.4349018811434507
2023-10-04 12:00:00,0.3926325988769531,0.6343182338774203,0.5017897009849548,0.6816461781412362,0.5088959587365388
2023-10-04 13:00:00,0.48072905540466304,0.74223842009902,0.5533657609671353,0.7077831561118363,0.5460461937636136
2023-10-04 14:00:00,0.5027419698238372,0.7913000194728375,0.5528517836332321,0.702383150756359,0.5424318354576825
2023-10-04 15:00:00,0.4644178652763366,0.7940672463178634,0.49636242091655725,0.6302047046273945,0.49091377079486836
2023-10-04 16:00:00,0.4751690459251403,0.8150539635121823,0.5081703507900237,0.6708549341559409,0.5074874798208475
2023-10-04 17:00:00,0.45031957626342767,0.8185639998316765,0.5234294573962688,0.729816717877984,0.5353858396410942
2023-10-04 18:00:00,0.37294582143425936,0.731618939936161,0.4453992224484681,0.6726520549505949,0.46013503476977347
2023-10-04 19:00:00,0.16174071460962294,0.45505546689033505,0.2106876708567142,0.5255400181561707,0.23396086692810059
2023-10-04 20:00:00,0.1405012337118387,0.3426136766374111,0.17585293542593716,0.475045445933938,0.19365133598446846
2023-10-04 21:00:00,0.2445588572323322,0.4301940357685089,0.2726160834729671,0.48609049491584294,0.2725461284816265
2023-10-04 22:00:00,0.38624652862548825,0.4932762122154235,0.40721397995948794,0.5333808981627225,0.3875931186228991
2023-10-04 23:00:00,0.4295546293258667,0.5120633685588836,0.43768667578697207,0.5720261539518833,0.40898211419582364
2023-10-05 00:00:00,0.46368369340896604,0.5623836374282836,0.47849695444107054,0.5823942477256059,0.45386201381683344
2023-10-05 01:00:00,0.5157042598724364,0.6298933474719524,0.5577620124816893,0.6409942118823527,0.5357108491659164
2023-10-05 02:00:00,0.6136360025405883,0.6477075128257272,0.6049137717485427,0.6864302168786525,0.5583968019485472
2023-10-05 03:00:00,0.5472834265232085,0.5948913848400115,0.5720374888181685,0.6549000678956507,0.5332588881254196
2023-10-05 04:00:00,0.5535036480426787,0.6326639598608015,0.5627079612016677,0.6991970049589872,0.5209205949306487
2023-10-05 05:00:00,0.655152648538351,0.7847874476015567,0.6606313379853963,0.8132835614681243,0.6126069644093513
2023-10-05 06:00:00,0.6211035920679568,0.829790336638689,0.6659177488088607,0.8713797114044428,0.6452444700896739
2023-10-05 07:00:00,0.6258699914813041,0.8318187743425369,0.7087005319446325,0.9254624269157647,0.7043276903033255
2023-10-05 08:00:00,0.7144899024069308,0.8909283550083636,0.8240625343471765,0.9717459269613027,0.8247504229843616
2023-10-05 09:00:00,0.8352418325841426,0.9728180457651614,0.9174815484136343,0.9932118998467921,0.9128363084793091
2023-10-05 10:00:00,0.9147482538223266,0.9968917363882065,0.9609640764445067,1.0,0.9555915369838476
2023-10-05 11:00:00,0.9619472886621951,1.0,0.984419892206788,1.0,0.9782806052267551
2023-10-05 12:00:00,0.9895160433650017,1.0,0.9947580216825008,1.0,0.9874129550158978
2023-10-05 13:00:00,0.9917769372463225,1.0,0.9958884686231613,1.0,0.9878040528297424
2023-10-05 14:00:00,0.9884945061802863,1.0,0.991135577261448,0.9980622787773609,0.9794145008921622
2023-10-05 15:00:00,0.8859813497960567,0.9857122954726218,0.8729446854442358,0.9368661249428988,0.8369854056090117
2023-10-05 16:00:00,0.8975896328687667,0.9726095801591872,0.9013265667855739,0.9534296518564225,0.8714796806871891
2023-10-05 17:00:00,0.9777331644296645,0.9867231780290603,0.9541390509158372,0.9378228391706943,0.9193031256645916
2023-10-05 18:00:00,0.9320174190402031,0.9385752633213996,0.8283240838348865,0.7010350143909454,0.752919611185789
2023-10-05 19:00:00,0.6104785060882567,0.5345494604110717,0.4955702304840087,0.5282279604673386,0.41954620361328115
2023-10-05 20:00:00,0.5077962136268616,0.4096852493286133,0.4286459600925445,0.522297685816884,0.37817204996943465
2023-10-05 21:00:00,0.6102861917018889,0.3774794006347656,0.49408036231994623,0.5491844714432954,0.4273119133710861
2023-10-05 22:00:00,0.8498717285692692,0.6492463125288486,0.7630741297453641,0.6081150329113005,0.672144473567605
2023-10-05 23:00:00,0.901232634037733,0.8337329787015915,0.7679762224853037,0.5268633133172987,0.6857140908390283
2023-10-06 00:00:00,0.8721198160946368,0.5444384968280791,0.6452659901231527,0.41992851257324215,0.5447935318946837
2023-10-06 01:00:00,0.5527972435951232,0.5043364477157593,0.3807601102441549,0.28429911985993384,0.32449105411767953
2023-10-06 02:00:00,0.2822125869989395,0.36344635009765625,0.2096096063405275,0.25430434405803676,0.18095439299941063
2023-10-06 03:00:00,0.15130033135414123,0.3680208969116211,0.11460178062319754,0.14836456045508384,0.11897451296448708
2023-10-06 04:00:00,0.19018363326787946,0.3697179794311523,0.2033399427682161,0.6044851131737232,0.20183915004134176
2023-10-06 05:00:00,0.49954126834869383,0.5047224533557891,0.6972709789872169,0.9575301294028759,0.7242697561532258
2023-10-06 06:00:00,0.8525280155241488,0.9149202027916907,0.9388636664301155,1.0,0.9380002281814813
2023-10-06 07:00:00,0.9400577655434608,0.9917182531952857,0.9761896593868733,1.0,0.9788874157518148
2023-10-06 08:00:00,0.9860278153419495,1.0,0.991897785961628,0.9998211055994033,0.9853822375833987
2023-10-06 09:00:00,0.9928020310401916,1.0,0.9919606345891951,0.990218010097742,0.9826012884080411
2023-10-06 10:00:00,0.9988598331809044,1.0,0.9927808129787444,0.9787051598727702,0.9800866213440893
2023-10-06 11:00:00,0.9832739359140396,1.0,0.9838576377928256,0.9327147462964057,0.939812796190381
2023-10-06 12:00:00,0.8605791944265364,0.9986075875163078,0.8093985063582658,0.7740264363586902,0.7392261777073145
2023-10-06 13:00:00,0.3813883715867996,0.8999704575538634,0.4725449670106172,0.6127098063379525,0.468113013356924
2023-10-06 14:00:00,0.2471327836811542,0.5348320758342742,0.3384615814685822,0.5294877034425735,0.3670457650721073
2023-10-06 15:00:00,0.25741217046976084,0.3397702345252037,0.4198703293502331,0.7021754281967878,0.4293887566775083
2023-10-06 16:00:00,0.4477608108520508,0.46304892182350155,0.5035788238048553,0.5787147073447704,0.47866161525249484
2023-10-06 17:00:00,0.568627015352249,0.577629849910736,0.5271163439750671,0.6229413675516843,0.48561388075351714
2023-10-06 18:00:00,0.7328704914450644,0.8073422355949877,0.7388216561079025,0.6918700160831213,0.7125991525501012
2023-10-06 19:00:00,0.6278119242191313,0.6067069625854491,0.5482628351449965,0.6443758545815943,0.4803140765428543
2023-10-06 20:00:00,0.6508694446086882,0.6367882049083708,0.5307408344745634,0.6185682380199432,0.4602950543165206
2023-10-06 21:00:00,0.5794780707359313,0.7463419592380522,0.6874670629948377,0.6692599476873874,0.6615234174579382
2023-10-06 22:00:00,0.6151318705081938,0.6386144658923147,0.6568672446906566,0.5580037878453731,0.6427433448284864
2023-10-06 23:00:00,0.71552432090044,0.5829121677577496,0.7320858335494995,0.40533470697700974,0.6481245471537112
2023-10-07 00:00:00,0.6614879874885081,0.5400233566761017,0.625782582387328,0.4179442155361175,0.561764091849327
2023-10-07 01:00:00,0.6947800940275191,0.5824201634526252,0.6838688256591559,0.42334858208894727,0.651062081977725
2023-10-07 02:00:00,0.648743071258068,0.5621077275276183,0.5692533968389033,0.25496752582490445,0.525224090218544
2023-10-07 03:00:00,0.2960463859140873,0.21382049456238744,0.2265824011713266,0.16023360095918177,0.19673760801553722
2023-10-07 04:00:00,0.19315138742327687,0.13498923659324644,0.14726560264825822,0.1700744070857763,0.13062290746718644
2023-10-07 05:00:00,0.12608167693018912,0.08618072651326655,0.08824584677815438,0.19199856173247098,0.07820501223206519
2023-10-07 06:00:00,0.05945493265986443,0.05287810064852237,0.10643404468894004,0.36471227332949635,0.12449435342103242
2023-10-07 07:00:00,0.05890493385493756,0.08229561030864714,0.1827015702053904,0.42941317319869987,0.19236363530158995
2023-10-07 08:00:00,0.14327186480164528,0.12781917244195937,0.20937761217355727,0.39076221980154513,0.22154994197189806
2023-10-07 09:00:00,0.25388522341847414,0.1659423291683197,0.232063939794898,0.2927235177159309,0.2238326114416122
2023-10-07 10:00:00,0.339218318015337,0.18930109634995457,0.2575233600288629,0.12875613298267125,0.22097067914903162
2023-10-07 11:00:00,0.19859416782855985,0.15237807884812354,0.08878363728523253,0.05292664211243391,0.04449709322303534
2023-10-07 12:00:00,0.02438171863555908,0.027176716029644013,0.02049781952053309,0.19460535570979118,0.014721464402973653
2023-10-07 13:00:00,0.03370398283004761,0.04356760866940022,0.13609938979148864,0.5461821945011615,0.15536374829709526
2023-10-07 14:00:00,0.29469585552811617,0.1502893980592489,0.5433363553136586,0.7719986575841904,0.5545289831608534
2023-10-07 15:00:00,0.6320465391874313,0.5826019501686095,0.6545120718330144,0.642775169238448,0.6261493122577666
2023-10-07 16:00:00,0.7998955255746841,0.6898055753111838,0.6536470862478018,0.47410039305686946,0.572435773834586
2023-10-07 17:00:00,0.6271214342117308,0.6315937495231627,0.5676358050107955,0.5881433939933776,0.5046825593709945
2023-10-07 18:00:00,0.8647580461204052,0.8346015675365924,0.8614985404163599,0.6237833096086978,0.7954081077128647
2023-10-07 19:00:00,0.9926263740658761,0.8781662885844707,0.920552874058485,0.6830562590062617,0.832663179859519
2023-10-07 20:00:00,0.9711377005279064,0.9036129209399223,0.8821783709526062,0.8095880361646414,0.8213352058082818
2023-10-07 21:00:00,0.8350805042684077,0.7869221603870391,0.8566212071478366,0.910355463773012,0.8233976692706346
2023-10-07 22:00:00,0.7841448260843753,0.7621796360611914,0.84131564989686,0.9496904993802308,0.8141274687647819
2023-10-07 23:00:00,0.8107097959518432,0.8211611731350421,0.9032947004586458,0.9802600516378879,0.8760298918187618
2023-10-08 00:00:00,0.9455634973943232,0.8801106725633143,0.9490834884345531,0.9578637096285819,0.9090833046287298
2023-10-08 01:00:00,0.970666334182024,0.8481973886489867,0.9449110216647386,0.9766890759766101,0.8753902218490839
2023-10-08 02:00:00,0.9579993833601474,0.8160044191777706,0.9401400989294053,0.9656389369815588,0.8503405401855706
2023-10-08 03:00:00,0.802068736553192,0.5706869518756865,0.7973141994327305,0.9184606324881315,0.743637875765562
2023-10-08 04:00:00,0.480952044725418,0.46649523615837096,0.5021142596006393,0.7881007553637027,0.5330558916926383
2023-10-08 05:00:00,0.5035994291305541,0.4512704086303711,0.5034319758415221,0.8344452957808971,0.513786647170782
2023-10-08 06:00:00,0.6258198378980159,0.635698909908533,0.6155729996412992,0.8959925827383994,0.6016529547423124
2023-10-08 07:00:00,0.8717470727860928,0.809731824249029,0.7565290949493646,0.9051093189418316,0.7002946115285157
2023-10-08 08:00:00,0.9328090772032737,0.832408062815666,0.8920723154395818,0.9611000906676054,0.8438727391511202
2023-10-08 09:00:00,0.9844164282083511,0.9325833876430989,0.9656005622446536,0.9863646376132965,0.9193999186158179
2023-10-08 10:00:00,0.9894015327095986,0.9283913853764534,0.968320206850767,0.9877102240920066,0.9238380119949579
2023-10-08 11:00:00,0.992357485294342,0.9619327944517135,0.9772875000536442,0.9911549327522516,0.941227100044489
2023-10-08 12:00:00,0.9977068686485291,0.9861631336808204,0.9753465460985898,0.9871042323857545,0.9389432967454194
2023-10-08 13:00:00,0.9987790343165397,0.9897798556089401,0.9661809217929839,0.9780245746672154,0.9420207416266203
2023-10-08 14:00:00,0.9742346966266632,0.9735584500432013,0.960768925398588,0.9843453463166951,0.9528789167851208
2023-10-08 15:00:00,1.0,1.0,0.8965356975793839,0.921612041145563,0.8836916535347699
2023-10-08 16:00:00,1.0,0.988370997607708,0.9438427347689866,0.9640288423746823,0.916978336200118
2023-10-08 17:00:00,0.9987001049518585,0.9920740205049514,0.9724057914316653,0.992224530428648,0.9530949748307466
2023-10-08 18:00:00,1.0,0.9956319367885589,0.9981694634258746,1.0,0.9926176725327969
2023-10-08 19:00:00,1.0,1.0,0.9946409499645232,0.9946409499645232,1.0
2023-10-08 20:00:00,1.0,1.0,1.0,1.0,0.997388856112957
2023-10-08 21:00:00,1.0,1.0,1.0,1.0,1.0
2023-10-08 22:00:00,1.0,1.0,1.0,1.0,1.0
2023-10-08 23:00:00,1.0,1.0,1.0,1.0,1.0
2023-10-09 00:00:00,1.0,1.0,1.0,1.0,1.0
2023-10-09 01:00:00,1.0,1.0,1.0,1.0,1.0
2023-10-09 02:00:00,1.0,1.0,1.0,1.0,1.0
2023-10-09 03:00:00,1.0,1.0,1.0,1.0,1.0
2023-10-09 04:00:00,1.0,1.0,1.0,1.0,1.0
2023-10-09 05:00:00,1.0,1.0,1.0,1.0,1.0
2023-10-09 06:00:00,1.0,1.0,1.0,1.0,1.0
2023-10-09 07:00:00,1.0,1.0,1.0,1.0,1.0
2023-10-09 08:00:00,1.0,1.0,1.0,1.0,1.0
2023-10-09 09:00:00,1.0,1.0,1.0,1.0,1.0
2023-10-09 10:00:00,1.0,1.0,1.0,1.0,1.0
2023-10-09 11:00:00,1.0,1.0,1.0,1.0,1.0
2023-10-09 12:00:00,1.0,1.0,1.0,1.0,1.0
2023-10-09 13:00:00,1.0,1.0,1.0,1.0,1.0
2023-10-09 14:00:00,1.0,1.0,1.0,1.0,1.0
2023-10-09 15:00:00,1.0,1.0,1.0,1.0,1.0
2023-10-09 16:00:00,1.0,1.0,1.0,1.0,1.0
2023-10-09 17:00:00,1.0,1.0,1.0,1.0,1.0
2023-10-09 18:00:00,1.0,1.0,1.0,1.0,1.0
2023-10-09 19:00:00,1.0,1.0,1.0,1.0,1.0
2023-10-09 20:00:00,1.0,1.0,1.0,1.0,1.0
2023-10-09 21:00:00,1.0,1.0,1.0,1.0,1.0
2023-10-09 22:00:00,1.0,1.0,1.0,1.0,1.0
2023-10-09 23:00:00,1.0,1.0,1.0,1.0,1.0
2023-10-10 00:00:00,1.0,1.0,1.0,1.0,1.0
2023-10-10 01:00:00,1.0,1.0,1.0,1.0,1.0
2023-10-10 02:00:00,1.0,1.0,1.0,1.0,1.0
2023-10-10 03:00:00,0.8892433445155621,1.0,0.8631082201004028,0.94986616961658,0.8568234246224165
2023-10-10 04:00:00,0.9873663771152497,1.0,0.9847272135317325,0.9838810206949711,0.9375552048534155
2023-10-10 05:00:00,0.9883433654904366,1.0,0.9881650486588478,0.989067201167345,0.939253388941288
2023-10-10 06:00:00,0.9866907733678818,1.0,0.9869958209991455,0.9942137388885022,0.9529689977318048
2023-10-10 07:00:00,0.9797570270299911,0.9940709045529366,0.9856465741991997,0.9966934098303317,0.9581677006930113
2023-10-10 08:00:00,0.9774921661615371,0.977756540775299,0.9849340516328811,0.9969631573557853,0.9584119238704443
2023-10-10 09:00:00,0.9703517261147498,0.9251166485249995,0.9707583513110876,0.9932251155376434,0.9390831688046455
2023-10-10 10:00:00,0.945849673449993,0.9348220166563987,0.9545469821989536,0.9881591437757015,0.9314543405175207
2023-10-10 11:00:00,0.9086223089694976,0.9546300549805163,0.9248403277993202,0.9854923328757286,0.8956483560800552
2023-10-10 12:00:00,0.8784794574975967,0.9288118743896483,0.8855743377655745,0.9631911453604698,0.8520886665582657
2023-10-10 13:00:00,0.8698958447575569,0.9378634180128573,0.8758552262932062,0.9609809771180152,0.8379260363429784
2023-10-10 14:00:00,0.88779391720891,0.9581124885380268,0.8799886257201432,0.9675696098804474,0.8315947728604077
2023-10-10 15:00:00,0.902035782933235,0.9639547657966613,0.8861426846683025,0.9357214494049548,0.80159725792706
2023-10-10 16:00:00,0.9161959654092788,0.9432573641836642,0.8365141223371029,0.9096594515442848,0.7639590362459421
2023-10-10 17:00:00,0.9024293802678585,0.9329379771649837,0.791624332666397,0.8801228991150855,0.7148347122967242
2023-10-10 18:00:00,0.9929750281572342,0.9881322184205055,0.8393380146473646,0.8519869557768106,0.7655493604391812
2023-10-10 19:00:00,0.996976532638073,0.9572459092736244,0.935055745318532,0.927376801893115,0.8708649483323097
2023-10-10 20:00:00,0.9874798390269279,0.8256927078962325,0.9332315592467786,0.9261423499137162,0.8515447589755059
2023-10-10 21:00:00,0.9037492787837982,0.9004943776130676,0.8401528264582158,0.8805569174140692,0.7377017597109079
2023-10-10 22:00:00,0.9574022893607615,0.9670947703719139,0.9008551701903343,0.8628940308094024,0.8076578757166862
2023-10-10 23:00:00,0.9828313964605331,0.941564967483282,0.9359082000702619,0.7637798979878424,0.844022297412157
2023-10-11 00:00:00,0.9136407198011874,0.8696538119018078,0.8827305118739605,0.7220736430585383,0.7990363473445176
2023-10-11 01:00:00,0.9263235528767109,0.8753560282289982,0.8418343809992075,0.7064308831840753,0.740029583722353
2023-10-11 02:00:00,0.7259815497696398,0.7660945913195609,0.6922853419929742,0.7798461198061704,0.6196324883401393
2023-10-11 03:00:00,0.661115260273218,0.6496896339952944,0.6325638151168822,0.7611065104603767,0.6020735806226729
2023-10-11 04:00:00,0.7231770849227905,0.7127708366513251,0.6238718776404857,0.7392139745503663,0.5564449584484099
2023-10-11 05:00:00,0.6249364173412322,0.7100270165503024,0.5131777811050414,0.6960941836237906,0.4534476470947265
2023-10-11 06:00:00,0.5804349040985106,0.7189186534285544,0.47740882933139794,0.6842691680043935,0.4237501525878906
2023-10-11 07:00:00,0.5819126224517821,0.6995299784839153,0.47875110626220696,0.6964434659481047,0.4149629783630371
2023-10-11 08:00:00,0.6174197947978972,0.6721283650398253,0.5072437989711761,0.7219193312525748,0.43191225826740265
2023-10-11 09:00:00,0.6478547310829161,0.660255850702524,0.5322964638471602,0.7028244866430758,0.4636709922552108
2023-10-11 10:00:00,0.6505140712857245,0.6351348637044428,0.5356045968830585,0.7061301872879266,0.4645621269941329
2023-10-11 11:00:00,0.6537907814979552,0.5936657047271727,0.5246690535545349,0.7033017227798699,0.45470670521259304
2023-10-11 12:00:00,0.6361018261313437,0.5673002159595488,0.5106141828000546,0.6545595835894347,0.4433864486217498
2023-10-11 13:00:00,0.6007997548580168,0.5104036784172058,0.4711382317543029,0.597082665786147,0.40037616729736325
2023-10-11 14:00:00,0.6330189323425292,0.5143025887012481,0.503174557685852,0.5716259142756461,0.41464948616921904
2023-10-11 15:00:00,0.48968784213066097,0.45353352308273315,0.4078421586751938,0.5838691282272339,0.3398756788671016
2023-10-11 16:00:00,0.5119460439682006,0.48115975499153135,0.42956583738327014,0.6221828490495681,0.3509361085295677
2023-10-11 17:00:00,0.49156178712844845,0.43835500717163084,0.4236942160129547,0.5710730562359094,0.3354560434818268
2023-10-11 18:00:00,0.6950574545562267,0.42065353393554683,0.6294765820354222,0.5564703500270842,0.5277672557532787
2023-10-11 19:00:00,0.5278741846978664,0.33568073272705073,0.42015549577772615,0.48654851913452146,0.34325867608189575
2023-10-11 20:00:00,0.5858155541121959,0.34240428924560545,0.4622919514030217,0.4648636317253112,0.3793092657625675
2023-10-11 21:00:00,0.6285213044285773,0.4598704385757446,0.47651210859417914,0.4393617260456085,0.42257087171077723
2023-10-11 22:00:00,0.703297505378723,0.6107748007774352,0.45161984093487256,0.41683543153107167,0.3665252538770437
2023-10-11 23:00:00,0.7177532954514025,0.582234398126602,0.44247188106179236,0.3592995935678482,0.3291972406953573
2023-10-12 00:00:00,0.6689237138628958,0.5324456250667571,0.47497666522860527,0.36379593320190906,0.3968316680192947
2023-10-12 01:00:00,0.6926558068394659,0.5037883675098419,0.5393879218399524,0.3232384529709816,0.4611508917808532
2023-10-12 02:00:00,0.5696224725246428,0.5981816506385802,0.518480703830719,0.26055757254362105,0.4930157446861267
2023-10-12 03:00:00,0.5101108121871948,0.41051124572753905,0.4043501434475183,0.16551086030900478,0.32988161489367485
2023-10-12 04:00:00,0.3253062438964843,0.2807773570716381,0.21891450472176072,0.12139220785349607,0.1687560763955116
2023-10-12 05:00:00,0.24969517454504964,0.22565955251455305,0.2024672459065914,0.1425042574852705,0.16406587101519104
2023-10-12 06:00:00,0.30097304746508596,0.2934975118935108,0.23762571193277832,0.13019860971719024,0.18679322853684424
2023-10-12 07:00:00,0.273501499146223,0.27833132609725,0.19769345358014104,0.11903009962290524,0.15395357489585873
2023-10-12 08:00:00,0.3074106095731258,0.28980204850435254,0.19720234200358389,0.11803498957306145,0.14145282126963138
2023-10-12 09:00:00,0.31062799453735346,0.2968125982582569,0.16360181733965873,0.07166204150766134,0.10893508855253457
2023-10-12 10:00:00,0.29797307461500167,0.2901391042768955,0.15719387162476778,0.05895474497228861,0.09418001007288695
2023-10-12 11:00:00,0.2540382225811481,0.24485427528619763,0.12160442233085633,0.04177075020968914,0.06253933981060981
2023-10-12 12:00:00,0.2238924817740917,0.22414662569761273,0.09500898472964764,0.024474653303623202,0.04382811203598976
2023-10-12 13:00:00,0.2057889617979526,0.20518407732248306,0.08070047490298747,0.010385046899318694,0.035186926480382685
2023-10-12 14:00:00,0.20522517070174215,0.1708285929262638,0.0785900168120861,0.003600640092045068,0.03214628687128425
2023-10-12 15:00:00,0.057015904113650324,0.03766297709196806,0.011714915297925474,0.0002511407062411308,0.0005065980553627013
2023-10-12 16:00:00,0.0711166463047266,0.051668157130479814,0.015725010950118305,0.0,0.000765381995588541
2023-10-12 17:00:00,0.07756090641021729,0.04824557900428772,0.018803859986364843,0.0,0.00111216701567173
2023-10-12 18:00:00,0.08862161874771118,0.030065261721611024,0.029614936038851736,0.0,0.004462668672204018
2023-10-12 19:00:00,0.024661097377538684,0.01918675009161234,0.012341617736965418,0.003281497694551944,0.008014771174639463
2023-10-12 20:00:00,0.03606936156749725,0.0698350092023611,0.03178047806024552,0.02826132755726576,0.027024185694754125
2023-10-12 21:00:00,0.07308558166027068,0.1795629422366619,0.04310290448367596,0.03342645972967148,0.03972920298576355
2023-10-12 22:00:00,0.12016206733882426,0.22905800327658649,0.0728056899830699,0.052891850359737876,0.06364139016717672
2023-10-12 23:00:00,0.1438468213379383,0.23840239837765692,0.09005789123475552,0.07349121551960706,0.07888752646744251
2023-10-13 00:00:00,0.19658709615468978,0.2662324284017086,0.12781377360224722,0.13553020164370536,0.10969211861491202
2023-10-13 01:00:00,0.2709944006800651,0.33999561473727224,0.17793226942420004,0.20584478490054603,0.15065117459744215
2023-10-13 02:00:00,0.3304578399658203,0.3624180221557617,0.21845181711018086,0.2814938887953758,0.19136614844202993
2023-10-13 03:00:00,0.31357509613037104,0.24433747172355647,0.2554471659660339,0.35184993512928486,0.2256956476718187
2023-10-13 04:00:00,0.47385450243949884,0.23023290455341336,0.4624402230978011,0.5484597169607877,0.40096842467784877
2023-10-13 05:00:00,0.40628575205802914,0.21003151714801788,0.4279418329149485,0.6139005097001791,0.3807254057377577
2023-10-13 06:00:00,0.3616067123413086,0.22280909642577168,0.34123555354773993,0.552967224791646,0.30964127652347084
2023-10-13 07:00:00,0.3573709869384765,0.28356119498610494,0.30181447640061376,0.4138060884922743,0.2641971448808908
2023-10-13 08:00:00,0.4098374938964844,0.309641235768795,0.3156216492503881,0.32696710951626295,0.25735061131417747
2023-10-13 09:00:00,0.40999206542968747,0.32010777235031124,0.29856243856251236,0.26659025087952615,0.24362031772732728
2023-10-13 10:00:00,0.36735988616943355,0.29223713681101793,0.25116899624466893,0.19261451624333856,0.20173605896532532
2023-10-13 11:00:00,0.282998231947422,0.23642517179250716,0.20434158682823178,0.20525265447795388,0.16994779415428635
2023-10-13 12:00:00,0.2893613578379154,0.21429881826043126,0.20483932927250859,0.15149108864367006,0.16269517205655576
2023-10-13 13:00:00,0.19363910257816314,0.1592571252584457,0.10919775273650884,0.09055656772106886,0.07819976609200238
2023-10-13 14:00:00,0.1868916830420494,0.12417810745537279,0.11438234310597181,0.08258877456188202,0.08351111464202404
2023-10-13 15:00:00,0.20581877738237378,0.0842390038818121,0.16208703123033044,0.1229814402386546,0.12702094670385122
2023-10-13 16:00:00,0.32734557956457133,0.15378172487020492,0.2500578527897596,0.1219619034230709,0.19178281292319294
2023-10-13 17:00:00,0.3279434524476528,0.2081456936895847,0.24244956493377684,0.10852869905531407,0.18506883569061752
2023-10-13 18:00:00,0.20201241090893743,0.12371713653206824,0.15125578187406064,0.07353365488350391,0.11719373364001512
2023-10-13 19:00:00,0.053509494513273234,0.07997909955680371,0.01700608029961586,0.015445637460798026,0.005681350156664848
2023-10-13 20:00:00,0.060015945956110955,0.05803320944309234,0.03507916495203972,0.030684601776301862,0.026090299561619762
2023-10-13 21:00:00,0.06210596702992916,0.07118922241032125,0.06566244523972273,0.03882115941494703,0.05935567416250706
2023-10-13 22:00:00,0.05459442548453808,0.0664220680296421,0.04148034226149321,0.015066289044916631,0.03475172765552998
2023-10-13 23:00:00,0.016266465932130814,0.05134977243840695,0.0057004219107329845,0.0019647001288831236,0.0038761105388402935
2023-10-14 00:00:00,0.010643461085855961,0.035334267616271973,0.004680951517075299,0.0064425855688750745,0.004134900905191898
2023-10-14 01:00:00,0.019044194594025614,0.05905044183135033,0.0070302383601665505,0.005712027791887522,0.006003474183380604
2023-10-14 02:00:00,0.05902510367333889,0.09181341625750064,0.02654154293239117,0.005636954251676797,0.021585735976696017
2023-10-14 03:00:00,0.025758081674575807,0.040120996832847595,0.012590637933462857,0.00659050503745675,0.011012354046106338
2023-10-14 04:00:00,0.08637799806892871,0.0967468736320734,0.0626013481989503,0.05060820363461971,0.06793341632932424
2023-10-14 05:00:00,0.1376092655956745,0.11157328784465789,0.14975302785634992,0.11493143215775489,0.15956913679838178
2023-10-14 06:00:00,0.18862851500511169,0.1159297091513872,0.20246993526816365,0.168925911411643,0.2017165821045637
2023-10-14 07:00:00,0.1889496810734272,0.12632785648107528,0.20317004136741157,0.2716069712489843,0.19785518914461134
2023-10-14 08:00:00,0.20438023194670674,0.12732529297471043,0.24348833218216892,0.3487114549428224,0.23977156408131117
2023-10-14 09:00:00,0.3037579403817653,0.20244796529412268,0.3369203811883926,0.46805607855319975,0.32249059833586213
2023-10-14 10:00:00,0.3410951544344425,0.21329042986035343,0.4579262328147888,0.6484100157767534,0.4519451874494552
2023-10-14 11:00:00,0.4904226279258727,0.2555476513504982,0.6196426233649253,0.6449466919898986,0.6015821321308612
2023-10-14 12:00:00,0.5041793024539947,0.2609857650101185,0.5990697393566369,0.7556023710966109,0.5825488658994435
2023-10-14 13:00:00,0.4615216863155365,0.2811009757220745,0.6393349727988242,0.9002591359615325,0.6429047513753174
2023-10-14 14:00:00,0.5403345382213591,0.37406902313232415,0.6804860761761665,0.858032143190503,0.6696817140281199
2023-10-14 15:00:00,0.715007443577051,0.4626887023448944,0.833747076615691,0.9333197819441555,0.8187551186978816
2023-10-14 16:00:00,0.7901774236559866,0.5384158647060394,0.8966566073149442,0.9644245515018701,0.8762901619076728
2023-10-14 17:00:00,0.8171264991164207,0.6063111624121665,0.909114798605442,0.9497513047605752,0.884992068260908
2023-10-14 18:00:00,0.8436492422223091,0.6701673096418379,0.9069783663749693,0.9610282278805969,0.8785020253062248
2023-10-14 19:00:00,0.8567538644373416,0.8079710313677787,0.913964766561985,0.9764632988721133,0.8541702350974083
2023-10-14 20:00:00,0.9683316926658153,0.9000974340736865,0.9462980422377585,0.9580995682626963,0.8807525946199892
2023-10-14 21:00:00,0.9729265323281289,0.9767644540965557,0.9938623793423176,0.9717913784831762,0.9897360667586327
2023-10-14 22:00:00,0.9834691542387008,0.9471955992281436,0.9888445661962033,0.9796406434476375,0.9813168433308601
2023-10-14 23:00:00,0.9215696117281913,0.8413998270034789,0.9600340902060269,0.9226041376590729,0.9394289040565489
2023-10-15 00:00:00,0.849190459549427,0.7693493700027465,0.8841627173870801,0.8850078362226486,0.8503273878991603
2023-10-15 01:00:00,0.900005712211132,0.8564677813649176,0.8999692624807358,0.8767499750107527,0.8473267631977797
2023-10-15 02:00:00,0.8585724136233329,0.8397584044933318,0.8862941633164882,0.8811091126501559,0.8326737719029188
2023-10-15 03:00:00,0.47343526959419246,0.38980567932128907,0.5790456319600343,0.8077931299060582,0.5397619313001633
2023-10-15 04:00:00,0.6668939730525015,0.7120809583365917,0.7307825921475886,0.8949301193654537,0.6873723267018794
2023-10-15 05:00:00,0.8869749335944652,0.9726787668466568,0.8970617989450693,0.9645838835835456,0.8624320115149021
2023-10-15 06:00:00,0.9671216735243797,0.9877232235670089,0.9576882069557905,0.9795871021598577,0.9276984546333551
2023-10-15 07:00:00,0.9665836612880229,0.980405743420124,0.948498347327113,0.974666531831026,0.9217296618968247
2023-10-15 08:00:00,0.9442231191694737,0.9712832993268966,0.9182056003808974,0.9592252951860427,0.8920695004612208
2023-10-15 09:00:00,0.9539619462192057,0.9661489713191984,0.9173030795902013,0.9488171941787005,0.8816722746193408
2023-10-15 10:00:00,0.9362090185284614,0.9424455673992633,0.8943341640383005,0.9314975867420435,0.8544605293124913
2023-10-15 11:00:00,0.8884386591613291,0.9371678854525088,0.8393056286871432,0.8980325186252593,0.801666854918003
2023-10-15 12:00:00,0.7745716451108455,0.9104394774138926,0.7196762552857398,0.8157364347577094,0.6929247012734412
2023-10-15 13:00:00,0.7478305040299892,0.9167428906261921,0.6842008652538061,0.7647292695939539,0.6516020900011061
2023-10-15 14:00:00,0.770106986016035,0.9307226768136023,0.69935000449419,0.7422579709440469,0.6614142241328954
2023-10-15 15:00:00,0.8666684547066688,0.9758144649863243,0.8144281620532273,0.7220417295396327,0.7778059069812298
2023-10-15 16:00:00,0.8394551308453082,0.965665889084339,0.8405957189202309,0.8142077227681875,0.8137639173120261
2023-10-15 17:00:00,0.8439854837954044,0.9666357544064521,0.852756865620613,0.8823056603223085,0.8498996882885693
2023-10-15 18:00:00,0.928477893769741,0.9762617161870002,0.8658701119571923,0.8814843191951514,0.8414077639579773
2023-10-15 19:00:00,1.0,0.9940524527430534,0.9929962234199047,0.9915519589185715,0.9956116838753224
2023-10-15 20:00:00,1.0,1.0,1.0,1.0,1.0
2023-10-15 21:00:00,0.9978168347477913,0.9869649818539619,1.0,1.0,0.9975994864106178
2023-10-15 22:00:00,1.0,1.0,0.9992026811838151,1.0,0.9953786195814609
2023-10-15 23:00:00,1.0,1.0,1.0,1.0,1.0
2023-10-16 00:00:00,1.0,1.0,1.0,0.9979783564805984,0.998229728192091
2023-10-16 01:00:00,1.0,1.0,1.0,0.9945095454156399,0.9973246851563453
2023-10-16 02:00:00,1.0,0.9875533726811409,0.9945084510743618,0.9835043749213218,0.9746103662997484
2023-10-16 03:00:00,0.7552610813081264,0.7673028758168219,0.7074329512566327,0.7751933868229388,0.6571371334046124
2023-10-16 04:00:00,0.7816390632092952,0.7260489328205584,0.6760067860037088,0.7784139241278171,0.5903108748048542
2023-10-16 05:00:00,0.5547271823883055,0.7245780317485332,0.5329214042425156,0.7150410172343253,0.5017437893152237
2023-10-16 06:00:00,0.4975773549079895,0.7067098198831081,0.49292870700359337,0.6812223064899444,0.4832533663511276
2023-10-16 07:00:00,0.514171382188797,0.7262746660411357,0.4788403099775314,0.7003310045599938,0.46220523416996
2023-10-16 08:00:00,0.5029871022701263,0.6795917770266531,0.44727161884307864,0.6331163899600506,0.4145048522949219
2023-10-16 09:00:00,0.6253274834156035,0.7545167645812034,0.5205455738306045,0.6309662755578757,0.46854585051536557
2023-10-16 10:00:00,0.6959831474721431,0.8129516123235225,0.5952839089930057,0.6729768528044223,0.53937234044075
2023-10-16 11:00:00,0.7649766533076763,0.8897974573075771,0.6747456869482993,0.771091398745775,0.6333746021986006
2023-10-16 12:00:00,0.8299338042736053,0.9636189486086368,0.769265274181962,0.8300419681519269,0.7357766071707009
2023-10-16 13:00:00,0.8814294955134392,0.9751411563158034,0.8423964979499577,0.8871961030364036,0.8015248402953147
2023-10-16 14:00:00,0.9178605230152607,0.9721478289365768,0.8760316446423531,0.9120025019347667,0.8313434781879185
2023-10-16 15:00:00,0.8747713845968246,0.9536604921519756,0.7937988698482513,0.8450941088795662,0.7428481923788786
2023-10-16 16:00:00,0.8722350211441516,0.9609644745290278,0.7660807504504918,0.808905643671751,0.7148737935721874
2023-10-16 17:00:00,0.9061235903203486,0.9612491378188133,0.8043347391486168,0.8258608661592006,0.7553395470976829
2023-10-16 18:00:00,0.9834889891743659,0.9734899777173995,0.9897442135214805,0.9533850631117821,0.9755985985696315
2023-10-16 19:00:00,0.9762841501832007,0.9653679713606833,0.9111888819187879,0.8856084825098514,0.9093281510472296
2023-10-16 20:00:00,0.9442116464674473,0.9546501919627188,0.8311883096396921,0.7675024793297052,0.8137911009788512
2023-10-16 21:00:00,0.9628209979832172,0.9386709289252757,0.8543584287166595,0.7375607507675885,0.8255432102829218
2023-10-16 22:00:00,0.8821636289358139,0.8663277149200439,0.7716357006132601,0.7168328239023685,0.7053288875520229
2023-10-16 23:00:00,0.8616297629475593,0.7512282943725586,0.7355203573405742,0.6978133423626423,0.653776313588023
2023-10-17 00:00:00,0.8521115127205847,0.6080070553719996,0.6978285443782806,0.6894685065001248,0.6044296338409185
2023-10-17 01:00:00,0.7732101918756962,0.5553084170818328,0.6491560373455285,0.6912040134519338,0.563766025006771
2023-10-17 02:00:00,0.6411492979526519,0.5543599879741667,0.5661667591333388,0.7207362664490937,0.5091678702831268
2023-10-17 03:00:00,0.4918005919456482,0.39854938507080073,0.4128106009960174,0.49613257154822343,0.3638343961536884
2023-10-17 04:00:00,0.5351111149787902,0.4402952134609222,0.4018823969364166,0.45079804778099053,0.339395575299859
2023-10-17 05:00:00,0.6020055665075779,0.5285009896755218,0.4587410163879394,0.4187834072113037,0.4065169078111649
2023-10-17 06:00:00,0.5354084563255309,0.5646656608581542,0.4449485611915588,0.37384681105613704,0.40706846296787264
2023-10-17 07:00:00,0.41028347015380856,0.39014045715332024,0.37875785827636715,0.36506677575409413,0.3215023948997259
2023-10-17 08:00:00,0.3370408307015895,0.3161597868800163,0.26662273444235324,0.26804210826754565,0.23075617581605906
2023-10-17 09:00:00,0.26154329165816304,0.23318570211529727,0.19488420508801935,0.20250579372048377,0.1637941692769527
2023-10-17 10:00:00,0.19210576996207235,0.16540487423539157,0.1445531253516674,0.13061880953609942,0.12240523025393485
2023-10-17 11:00:00,0.13404849141836167,0.11457850255072116,0.10638607323169708,0.0804479056224227,0.09147254556417465
2023-10-17 12:00:00,0.11998057231307029,0.09130724772810936,0.10647635467350482,0.05715435154736042,0.09590452041476964
2023-10-17 13:00:00,0.13525879085063933,0.08994964763522148,0.12559254333376885,0.051119818091392516,0.11482793491333722
2023-10-17 14:00:00,0.17011705175042152,0.11000920832157135,0.14707968614995479,0.05099440466612577,0.13083074390888214
2023-10-17 15:00:00,0.21444526031613348,0.11426297947764397,0.1486188572272658,0.028733927682042124,0.11752678245306014
2023-10-17 16:00:00,0.22926458090543744,0.13082341894507407,0.1415734662488103,0.023206368628889324,0.10437288340181113
2023-10-17 17:00:00,0.252123604863882,0.15576753258705137,0.14629101786762475,0.0498552854731679,0.10024503637105225
2023-10-17 18:00:00,0.18120243579149242,0.10991249531507492,0.10177681069821119,0.05044993132352829,0.06659728579223156
2023-10-17 19:00:00,0.12371109858155249,0.13574446149170397,0.05289665138348937,0.043450948949903256,0.027096973340958355
2023-10-17 20:00:00,0.09464907854795457,0.07603801779448986,0.0848467718437314,0.09479438293725251,0.0700620799139142
2023-10-17 21:00:00,0.02349652737379074,0.03544810891151429,0.02519279681146145,0.1000650315731764,0.02289199396967888
2023-10-17 22:00:00,0.010993512645363808,0.01568824876099825,0.008258076701313257,0.07630865734070538,0.00841650728136301
2023-10-17 23:00:00,0.0077049491927027695,0.004479679688811302,0.005500216353684664,0.06893297500908374,0.004409806597977877
2023-10-18 00:00:00,0.011712207496166228,0.00477476567029953,0.011757373102009297,0.09095745310187339,0.010620917342603207
2023-10-18 01:00:00,0.03461874067783356,0.022823137789964677,0.04826654992997646,0.12689898014068604,0.04702402073889971
2023-10-18 02:00:00,0.08614251859486102,0.056864762604236604,0.10177908517420291,0.12044900093227624,0.09138186559081077
2023-10-18 03:00:00,0.08935873582959175,0.05886362239718437,0.115438026599586,0.10603097736835479,0.11412072747945784
2023-10-18 04:00:00,0.14707830816507336,0.0848699179291725,0.16400967985391615,0.08827963892370462,0.15732716768980026
2023-10-18 05:00:00,0.18097877904772758,0.07528019517660141,0.16569091394543645,0.06577991545200347,0.14234707362949844
2023-10-18 06:00:00,0.18037193059921264,0.06186895623803138,0.14460861567407846,0.05077304556965828,0.11601440105587243
2023-10-18 07:00:00,0.13164797917008397,0.05372058272361756,0.098008299395442,0.050970661565661435,0.07722175542265178
2023-10-18 08:00:00,0.09861039988696574,0.06553338445723057,0.0709333284944296,0.06358811248093843,0.054903453104197975
2023-10-18 09:00:00,0.06892163179814816,0.07635713919997214,0.057397666312754156,0.09257324300706386,0.048173235245049004
2023-10-18 10:00:00,0.053221029415726664,0.08826596051454544,0.07069038264453412,0.14984391111880538,0.0690497913211584
2023-10-18 11:00:00,0.09434440121054649,0.14672587066888806,0.1219586120173335,0.20788346134126184,0.11965521566569803
2023-10-18 12:00:00,0.13248226359486578,0.1974074801802635,0.15126719847321507,0.20557317391037938,0.1444567684829235
2023-10-18 13:00:00,0.1356876401603222,0.1951455174386501,0.14758671313524246,0.20038701765239236,0.13698260009288787
2023-10-18 14:00:00,0.12881090357899666,0.2080053314566612,0.1458458486944437,0.21713368847966188,0.1372129279375076
2023-10-18 15:00:00,0.17408904850482937,0.2948508454859256,0.18122679449617862,0.24873253352940078,0.17138995036482807
2023-10-18 16:00:00,0.17811144411563873,0.30117469966411586,0.18846909858286376,0.24563424058258526,0.17572392880916593
2023-10-18 17:00:00,0.21748845040798181,0.34458248138427733,0.22473543293774123,0.24861099429428574,0.20430337004363533
2023-10-18 18:00:00,0.2134835714101791,0.3358799743652343,0.21459799632430074,0.2926026505976915,0.19696451239287852
2023-10-18 19:00:00,0.1366599667072296,0.22462646305561063,0.13175902567803857,0.3679441787302494,0.12301400844007729
2023-10-18 20:00:00,0.24917832821607588,0.3522264862060547,0.2202254214137792,0.558033084347844,0.20347966387867925
2023-10-18 21:00:00,0.605074301958084,0.5416861927509307,0.708269722983241,0.876693143248558,0.6887787236273287
2023-10-18 22:00:00,0.7372952526807783,0.5894062264263629,0.8328334790468215,0.8982186886668204,0.8069975267350673
2023-10-18 23:00:00,0.6444035327434539,0.569672451019287,0.7833732354640961,0.8797618362307548,0.7951503057032823
2023-10-19 00:00:00,0.6900800137221812,0.5104130291938781,0.7853738088905811,0.8587073708325623,0.7773790724575519
2023-10-19 01:00:00,0.6947315922379493,0.4747573137283324,0.8133513733744622,0.8723949979990719,0.8080419898778199
2023-10-19 02:00:00,0.6487043945491313,0.5393294954299926,0.706940917149186,0.8044782929122448,0.6889704576134681
2023-10-19 03:00:00,0.5160571491718292,0.42359923124313353,0.5127610272169113,0.7350858801603316,0.464122799038887
2023-10-19 04:00:00,0.6093624389171599,0.5959885871410369,0.6402997734397649,0.8201986281573772,0.5949686536937951
2023-10-19 05:00:00,0.6931912010908126,0.7707584737241268,0.7487642111629247,0.9203865585476161,0.7154007709026335
2023-10-19 06:00:00,0.7195172986388205,0.8494626235961913,0.7857589394599199,0.9257565182447434,0.7613753259927034
2023-10-19 07:00:00,0.738554517775774,0.9327965469658375,0.8164209054410456,0.9554401101917027,0.8020498505979774
2023-10-19 08:00:00,0.7982617044448852,0.9656018421053885,0.8668022371083497,0.972754449173808,0.8573837076872586
2023-10-19 09:00:00,0.8257608190178871,0.9737857234477996,0.8568494608998298,0.9580511496961116,0.832940428406
2023-10-19 10:00:00,0.8260998025536537,0.9786207967996596,0.8643253907561301,0.9575077791512012,0.8386888007819653
2023-10-19 11:00:00,0.8036848017573356,0.9755662167072295,0.8302641799300908,0.92779480651021,0.8055914136022329
2023-10-19 12:00:00,0.7806670920550822,0.9746528369188308,0.7980452081561088,0.8945926431566477,0.774637614712119
2023-10-19 13:00:00,0.7703868916630745,0.9756547367572783,0.8269736557453872,0.9468337497860193,0.8135716670006513
2023-10-19 14:00:00,0.7862325190007686,0.9800763770937919,0.8421020784974098,0.9485355381667613,0.8305275198817252
2023-10-19 15:00:00,0.6441899722814559,0.9635881713032721,0.7741564822942019,0.958117737174034,0.7873931156098842
2023-10-19 16:00:00,0.7308272069692611,0.9904138287901878,0.8480672791600226,0.986004659384489,0.8569685585796831
2023-10-19 17:00:00,0.8057307966053485,0.9955845001339912,0.9105222875624894,0.994902512729168,0.9122856858372688
2023-10-19 18:00:00,0.8161223849654197,0.9981521135568618,0.9089356117695568,0.9884470239281654,0.911402209252119
2023-10-19 19:00:00,0.7627301220595837,0.9706666095554828,0.800870246514678,0.9365222818404436,0.7867292129993438
2023-10-19 20:00:00,0.6861167995631694,0.9529737655818462,0.7769632341712713,0.9281392668187618,0.7790292541682718
2023-10-19 21:00:00,0.6852232752740381,0.9480961184203625,0.8071133872866629,0.9475700399279594,0.8177552126348018
2023-10-19 22:00:00,0.8098149105906486,0.973609085381031,0.8939294311404227,0.9806482008099555,0.8960411398112773
2023-10-19 23:00:00,0.8811457839608192,0.982571961581707,0.9431509966403245,0.9857776443660258,0.9407809622585773
2023-10-20 00:00:00,0.9700119057297707,1.0,0.9756801512837409,0.9711192528158425,0.9665163527429104
2023-10-20 01:00:00,0.8880659756064415,0.9827119460701942,0.8922291921079157,0.9028676287084818,0.8639202612638474
2023-10-20 02:00:00,0.8589239934086799,0.9592321878671646,0.9092472403496503,0.9566529677808284,0.8951063960790634
2023-10-20 03:00:00,0.826130333840847,0.9442499659955501,0.9044247189164161,0.9769832106679677,0.905017760246992
2023-10-20 04:00:00,0.8745275299251078,0.9618617166578769,0.9458105054497719,0.9940439336001873,0.9531338749080895
2023-10-20 05:00:00,0.9474921819567679,0.9797441077232361,0.9807249030470848,1.0,0.9834372700005769
2023-10-20 06:00:00,0.9777020061016082,0.9844591379165649,0.992543743699789,1.0,0.9925934374332428
2023-10-20 07:00:00,0.9961362913250923,0.9891263058781623,1.0,1.0,1.0
2023-10-20 08:00:00,1.0,1.0,1.0,1.0,1.0
2023-10-20 09:00:00,1.0,1.0,1.0,1.0,1.0
2023-10-20 10:00:00,0.9903977480530739,0.9918573257327079,0.9897547313570976,1.0,0.9803728219866752
2023-10-20 11:00:00,0.9742104190587997,0.9773495826125145,0.9893672053515911,0.9974774293601513,0.9901099514961242
2023-10-20 12:00:00,0.9387661762535571,0.9836436560750008,0.9381627282500266,0.9468588893115519,0.9188300385326147
2023-10-20 13:00:00,0.8525417098402976,0.9025130951404571,0.829990865588188,0.8547919997572898,0.7887031268328427
2023-10-20 14:00:00,0.7152038080990313,0.8271400745213031,0.6824616289138793,0.7255298506468533,0.643453333377838
2023-10-20 15:00:00,0.50455646276474,0.6702733217179775,0.4200163531303406,0.3885222997516393,0.38160719491541384
2023-10-20 16:00:00,0.4218391418457031,0.5863883352279662,0.3360812811553478,0.27815223820507523,0.2923957263678312
2023-10-20 17:00:00,0.3745934677124023,0.4989809548854828,0.2935478243976831,0.23966888830065725,0.2533154309540987
2023-10-20 18:00:00,0.42258747935295105,0.5152487313747405,0.34470031380653376,0.24290395297110076,0.31114077180624006
2023-10-20 19:00:00,0.3270973199605941,0.3428182971477508,0.2519981195777654,0.15628220602869985,0.19907840132713317
2023-10-20 20:00:00,0.16947788611054418,0.27956880748271934,0.11840490061789749,0.09563819594681262,0.09624863050878046
2023-10-20 21:00:00,0.11184416785836218,0.2190590766072273,0.06970147892832756,0.056150442622601986,0.05540252346545459
2023-10-20 22:00:00,0.08513877764344216,0.12989273399114606,0.05391082510352135,0.05059897914528847,0.04424514465034009
2023-10-20 23:00:00,0.048858260065317155,0.06580046080052852,0.0426897956430912,0.05481822170317173,0.03946470327675342
2023-10-21 00:00:00,0.045100788325071334,0.058109851032495496,0.07108909610658884,0.08116203315556048,0.07138802777975797
2023-10-21 01:00:00,0.03077685192227364,0.05040610622614622,0.11160252068191767,0.21348663955926891,0.14549265626817942
2023-10-21 02:00:00,0.16449383065104484,0.199004338234663,0.1833378718048334,0.28288767829537387,0.18185899041593073
2023-10-21 03:00:00,0.1773299108445644,0.26351237937808036,0.2983988839387893,0.5268396568298339,0.3111094613373279
2023-10-21 04:00:00,0.2106535844504833,0.2095097807049751,0.2245724100619554,0.4979692947119474,0.1967755406349897
2023-10-21 05:00:00,0.31593193084001536,0.2188346107304096,0.2969403938949108,0.6606157348304986,0.2596132007986307
2023-10-21 06:00:00,0.2944716531038284,0.27705257520079607,0.3372386088967323,0.7592179828882217,0.3294079527258873
2023-10-21 07:00:00,0.36254753112792965,0.3715497589111328,0.45037171304225915,0.8411291263252496,0.4635299119353294
2023-10-21 08:00:00,0.49739532232284545,0.559506253004074,0.6320397025346756,0.9041778484731913,0.6379256252199411
2023-10-21 09:00:00,0.6332151448726653,0.65876462072134,0.7866681191325188,0.9415473840385675,0.7905588287115096
2023-10-21 10:00:00,0.7093268534541128,0.646239632219076,0.849243355616927,0.9576585841923951,0.8630527205765246
2023-10-21 11:00:00,0.8103815695643424,0.7203080473840235,0.9360268761217594,0.9923139016330242,0.9392928544431924
2023-10-21 12:00:00,0.8962909469008444,0.727653802037239,0.966344758272171,0.9928064616024495,0.9554216013103722
2023-10-21 13:00:00,0.9562321090698241,0.8491025301814079,0.9900122131407261,0.9960325492918491,0.9766310449689627
2023-10-21 14:00:00,1.0,0.9800599226355553,1.0,1.0,1.0
2023-10-21 15:00:00,0.971200701445341,0.8890731832385063,0.991241538375616,0.9921733167767525,0.9844288915395737
2023-10-21 16:00:00,1.0,0.9866043508052826,0.9954362396895885,0.9819787830114365,0.9850993485748767
2023-10-21 17:00:00,1.0,1.0,0.9820778743177652,0.9673684228211642,0.9611612737178802
2023-10-21 18:00:00,1.0,0.9964195433259011,0.9552584072947502,0.9417208813130855,0.9268252106755972
2023-10-21 19:00:00,0.9988746523857117,0.9891512781381606,0.998650274425745,0.9984432007372379,0.9779564207047223
2023-10-21 20:00:00,1.0,0.9891517037153243,0.9970763456821441,0.9941112659871578,0.9882884052395821
2023-10-21 21:00:00,0.9912575507164001,0.9283378544449805,0.9905074924975634,0.9863784036785364,0.9777538014948368
2023-10-21 22:00:00,0.992406897842884,0.9117896710336209,0.980376316383481,0.9866864643990993,0.9498537097871302
2023-10-21 23:00:00,0.9951483595371247,0.9081942935287952,0.9843839399516583,0.9917801442742348,0.9491459437459706
2023-10-22 00:00:00,0.9581314127147197,0.8776934820413589,0.9219641514867544,0.9772798759490251,0.8456284476071596
2023-10-22 01:00:00,0.7682245855033397,0.7499468638002871,0.7329582476615905,0.9105237591266632,0.6981817920505999
2023-10-22 02:00:00,0.7468694089353084,0.9125323250889777,0.7028083412349223,0.8755935689806937,0.6799587929993867
2023-10-22 03:00:00,0.8916575288772582,0.9150355172157287,0.818530083373189,0.8739220374822616,0.779845388457179
2023-10-22 04:00:00,0.9120785799622535,0.9166157348453998,0.7944642902165651,0.8137788856029511,0.7426346058398484
2023-10-22 05:00:00,0.9091963025927543,0.9229358774423598,0.821592383980751,0.8192186971753834,0.7759044552594423
2023-10-22 06:00:00,0.8976564972102641,0.8868175038695334,0.8148395362496375,0.8116396541893481,0.7531382935494183
2023-10-22 07:00:00,0.9234396621584892,0.8813149313628673,0.7781393547356127,0.7528731563687324,0.7045822168141602
2023-10-22 08:00:00,0.9129591098427772,0.9246923039853572,0.7558720637857914,0.7068031162768602,0.68527742870152
2023-10-22 09:00:00,0.9244126906991004,0.9044841898977756,0.7584637479484081,0.7356850636750459,0.6948003637045621
2023-10-22 10:00:00,0.9069113227725027,0.8907426473498343,0.8043162052333355,0.8165530584752559,0.6946476227045058
2023-10-22 11:00:00,0.8911192081868649,0.9039674991369246,0.7997066523134708,0.8503837645053863,0.7269181529432533
2023-10-22 12:00:00,0.9390514999628066,0.9668581756949424,0.8269120999425648,0.8823137158900499,0.7833331706374883
2023-10-22 13:00:00,0.9762746354937553,0.9954600644111633,0.9178508585691451,0.8902688081562519,0.8894125812500715
2023-10-22 14:00:00,0.9465947149693965,1.0,0.9439840048551559,0.9545432974398136,0.9484719417244196
2023-10-22 15:00:00,0.9857528620958327,0.9806972338259219,0.8643807946890593,0.8557174924015998,0.7963303446769714
2023-10-22 16:00:00,0.9764620807766914,0.9975146141648292,0.927358127683401,0.959465235993266,0.8852539386600254
2023-10-22 17:00:00,1.0,0.9958274286985398,0.9841359925270079,0.9818651489168405,0.9608227841556072
2023-10-22 18:00:00,1.0,1.0,0.992030740827322,0.9741197869926691,0.9755173487961293
2023-10-22 19:00:00,1.0,1.0,1.0,1.0,0.9986317618191243
2023-10-22 20:00:00,1.0,1.0,0.992063814252615,0.9912165129184722,0.987380618751049
2023-10-22 21:00:00,1.0,1.0,0.9804223675280809,0.9791929966956376,0.9651018413901328
2023-10-22 22:00:00,1.0,0.9984942927956582,0.9893140538036823,0.9859139354526998,0.9764583094418048
2023-10-22 23:00:00,1.0,1.0,0.9974614702165127,0.994162213653326,0.9923027834296226
2023-10-23 00:00:00,1.0,0.9985539495944977,0.996728747934103,0.9928587087988854,0.9893822525441647
2023-10-23 01:00:00,1.0,0.993198790550232,0.998085822314024,0.9948840533196927,0.9891054753959179
2023-10-23 02:00:00,1.0,0.993192680478096,1.0,0.9962941956520079,0.9936241549253464
2023-10-23 03:00:00,0.9915336894989013,0.9790604616701603,0.9871721695363521,0.9345277262479067,0.9761008479446173
2023-10-23 04:00:00,0.9808690297603606,0.9122150644659995,0.9570845319330692,0.8874547862261533,0.9196632554382085
2023-10-23 05:00:00,0.98185665756464,0.885708270072937,0.9333075122535228,0.8271802285313605,0.8841192163527012
2023-10-23 06:00:00,0.9731655928492545,0.8203310903906822,0.872343085631728,0.6905981386452912,0.801708580777049
2023-10-23 07:00:00,0.8809365876019001,0.6993440559506415,0.74523206949234,0.535001636147499,0.6602668891102075
2023-10-23 08:00:00,0.7101725107431411,0.5437373852729797,0.5816616179794072,0.4095060348510742,0.5011930996179581
2023-10-23 09:00:00,0.546483770608902,0.40961669921875,0.42768836379051206,0.27991711474955083,0.3600632078945636
2023-10-23 10:00:00,0.4123391723632812,0.2855086402595043,0.29891577452421186,0.1557546459138393,0.24082615084946152
2023-10-23 11:00:00,0.27293563231825824,0.17237201631069182,0.18853839188814162,0.06590598821640015,0.14642510447651147
2023-10-23 12:00:00,0.2339136560261249,0.13622219622135162,0.16491642784327265,0.03831525769084692,0.12805310111492874
2023-10-23 13:00:00,0.26008462294936174,0.12617297306656836,0.18138650406152007,0.03781940694898367,0.13803183563053606
2023-10-23 14:00:00,0.2941108186542987,0.11907777905464172,0.200460435077548,0.04384431313723326,0.15217341408133503
2023-10-23 15:00:00,0.31039369821548457,0.0933025925606489,0.16800510570406912,0.014055541269481183,0.10115871574729682
2023-10-23 16:00:00,0.21473023563623425,0.06264345712959767,0.10837473925203084,0.02921521805226803,0.05787337329238653
2023-10-23 17:00:00,0.2560169446468353,0.10645139671862125,0.17382258005440232,0.08873674396425486,0.12397337723523377
2023-10-23 18:00:00,0.27015984788537023,0.12713104814290999,0.17354141533374784,0.10526757180690766,0.11601479414850471
2023-10-23 19:00:00,0.10118665158748627,0.09135348297655582,0.07402314856648445,0.09194467779248952,0.05663191426545382
2023-10-23 20:00:00,0.08519177161157131,0.07858077146112918,0.09274344369769097,0.12403207242488859,0.08065352369099854
2023-10-23 21:00:00,0.13928865149617195,0.1450569574534893,0.12207048412412405,0.15468782521784305,0.10452862042933703
2023-10-23 22:00:00,0.0843782503902912,0.08175729952752592,0.12179115775972604,0.18652680203318595,0.11989678014069795
2023-10-23 23:00:00,0.15557286024093625,0.11499321199953555,0.17401420734822748,0.13134173166006802,0.1645688763260841
2023-10-24 00:00:00,0.12167773932218551,0.0905470223724842,0.1058637612685561,0.09977193634957074,0.09299349155277015
2023-10-24 01:00:00,0.071671511977911,0.05888055928051472,0.07633395042270422,0.09033589374274015,0.07225036334246397
2023-10-24 02:00:00,0.05588660746812821,0.04044620551168918,0.0589910788461566,0.06547098137438298,0.05821457583457232
2023-10-24 03:00:00,0.0018619973585009574,0.004364102631807327,0.010217108931392431,0.1302102756500244,0.012072474863380193
2023-10-24 04:00:00,0.038890753686428074,0.08139892213046551,0.11263048984110355,0.22742729611694806,0.14726280741393566
2023-10-24 05:00:00,0.2861667238175869,0.3107550701498985,0.4123095393180847,0.7001397798210381,0.41571303427219386
2023-10-24 06:00:00,0.5885872101783751,0.47405799746513366,0.6539423758536576,0.7262910640239715,0.6255548390001058
2023-10-24 07:00:00,0.49629192590713495,0.6653692154586314,0.5031870484352111,0.5617760723829268,0.49059531033039083
2023-10-24 08:00:00,0.5786320780217646,0.8098980075120925,0.5430039310455321,0.5899455255270003,0.5046121368557214
2023-10-24 09:00:00,0.6207212230563164,0.8202997767925262,0.6690510986745357,0.806873528137803,0.6339969093352555
2023-10-24 10:00:00,0.563738510608673,0.8808195301890374,0.6617633814364671,0.7850818028301001,0.6394732302427291
2023-10-24 11:00:00,0.5247177469730376,0.8314484371244907,0.5433225692063569,0.6231286938488483,0.5382983863353729
2023-10-24 12:00:00,0.4877207300066947,0.9617415395379065,0.4846904814243316,0.4716433954238891,0.5092248717695473
2023-10-24 13:00:00,0.6064782056212424,0.9746285744011401,0.632050338834524,0.6228000713884829,0.6352886645495892
2023-10-24 14:00:00,0.6615357583761214,0.9543738515675066,0.7431861244887112,0.8116689624637365,0.732049893066287
2023-10-24 15:00:00,0.57679709225893,0.9125793753564357,0.6705830997228621,0.8945807375013828,0.6825881300866603
2023-10-24 16:00:00,0.7745610590279102,0.9761448800563811,0.8320976645499466,0.9519647084921598,0.8262885541468858
2023-10-24 17:00:00,0.7709902741014956,0.9909075286984443,0.8245059460401536,0.9259184075146913,0.8131706248223781
2023-10-24 18:00:00,0.7945452670753002,0.9804148781299591,0.8022992446273565,0.9075676660239695,0.7835633619874716
2023-10-24 19:00:00,0.8570358057320118,1.0,0.869518900513649,0.923443582355976,0.8447064130753278
2023-10-24 20:00:00,0.6660871891677378,0.8739217473566532,0.6418418953567742,0.7817762972414493,0.6258587876707314
2023-10-24 21:00:00,0.6987274995446204,0.8086179955303668,0.6470343264192342,0.7303138556331396,0.6120890470594167
2023-10-24 22:00:00,0.7124351626634597,0.7792868627607822,0.6490753220766781,0.6675842631608246,0.6022733157873152
2023-10-24 23:00:00,0.6422248980402945,0.7308275437355041,0.5654926306009291,0.6298809836059808,0.5252030193805693
2023-10-25 00:00:00,0.5794756567478179,0.6984578891098498,0.5307835048437118,0.7213823438435791,0.5137492924928664
2023-10-25 01:00:00,0.6301651155948638,0.7675006641447544,0.648644865527749,0.8431585459411144,0.6493830850720405
2023-10-25 02:00:00,0.856145739853382,0.9865538895130157,0.893028749898076,0.9795811536908149,0.88383788600564
2023-10-25 03:00:00,0.851698047965765,0.9032630632817744,0.88241809733212,0.9811801709979773,0.8564525722712278
2023-10-25 04:00:00,0.9865962344408035,0.987980728149414,0.9838160908222198,0.9977534009516239,0.9657793249189853
2023-10-25 05:00:00,1.0,1.0,0.9991430699825286,0.9998772209882736,0.993324358612299
2023-10-25 06:00:00,1.0,1.0,0.9979006962478161,0.999373915195465,0.9901813572645186
2023-10-25 07:00:00,1.0,1.0,0.99712546184659,1.0,0.9876605649292469
2023-10-25 08:00:00,1.0,1.0,1.0,1.0,1.0
2023-10-25 09:00:00,1.0,1.0,1.0,1.0,1.0
2023-10-25 10:00:00,1.0,1.0,1.0,1.0,1.0
2023-10-25 11:00:00,1.0,1.0,1.0,1.0,1.0
2023-10-25 12:00:00,1.0,1.0,1.0,1.0,1.0
2023-10-25 13:00:00,1.0,1.0,1.0,1.0,1.0
2023-10-25 14:00:00,1.0,1.0,1.0,1.0,1.0
2023-10-25 15:00:00,1.0,1.0,0.9942937625944614,0.9790616035461426,0.9900093100965022
2023-10-25 16:00:00,0.9829526403546333,1.0,0.9405104632675647,0.9055645052343606,0.8906545338779687
2023-10-25 17:00:00,0.9641521883010863,0.9777261120080947,0.8417974977195262,0.6068041844666003,0.7513759164512156
2023-10-25 18:00:00,0.6579763351380824,0.6940787723660469,0.4414068233966827,0.45656783759593955,0.34819887161254875
2023-10-25 19:00:00,0.42934162139892573,0.4232641220092773,0.4751806300878525,0.6519885560870169,0.44179855763912196
2023-10-25 20:00:00,0.4626163482666016,0.5241335606575012,0.4576582211256027,0.6801845445483922,0.43932986378669736
2023-10-25 21:00:00,0.43948127746582033,0.557495311498642,0.4602651333808899,0.802592159435153,0.45071665883064266
2023-10-25 22:00:00,0.7248046515882014,0.6817652700841426,0.7761570973694325,0.901558901667595,0.7564774705469608
2023-10-25 23:00:00,0.8388733619451523,0.870494383573532,0.7997511993348598,0.8598200147598982,0.7610820902884006
2023-10-26 00:00:00,0.6950120335817336,0.6888796067237852,0.6393027352541685,0.8209347800910471,0.6139169754832982
2023-10-26 01:00:00,0.6075669682025908,0.6471136985719204,0.7213103619217871,0.9399948265403509,0.699592971280217
2023-10-26 02:00:00,0.9349407471716402,0.9216987934708595,0.9171191594004631,0.834647797346115,0.8847774085402489
2023-10-26 03:00:00,0.5956196045875548,0.6727491377294063,0.4658319240808486,0.3954444906115531,0.41323748536407945
2023-10-26 04:00:00,0.5041110277175902,0.6207745230197905,0.42315156102180473,0.5607310689240694,0.39134550608694546
2023-10-26 05:00:00,0.5176084220409393,0.7203423863649367,0.4936603307723999,0.6386428850144147,0.4715422081947326
2023-10-26 06:00:00,0.5596020972728728,0.8729808065295219,0.5098143988847732,0.6180407074093819,0.4769859915971756
2023-10-26 07:00:00,0.6161874382197856,0.8523228800296783,0.5214615750312805,0.5709564226865768,0.47268751628696914
2023-10-26 08:00:00,0.6390798716247081,0.6789113855361937,0.5438841289281844,0.6254804192483424,0.46856010556221006
2023-10-26 09:00:00,0.6533284878730773,0.6437863564491271,0.5527641183137892,0.5701539075374602,0.4730574578046798
2023-10-26 10:00:00,0.588094846010208,0.5657245969772338,0.4756834405660629,0.5196650159358978,0.42045051813125606
2023-10-26 11:00:00,0.5506875073909758,0.5523474371433257,0.44853360354900357,0.5107469755411147,0.4127449941635131
2023-10-26 12:00:00,0.4254248046875,0.44589332580566404,0.3697928237915039,0.4533240765333175,0.35339983344078063
2023-10-26 13:00:00,0.36060916900634765,0.40663284301757807,0.34190645217895504,0.5011186134815215,0.3374571085721254
2023-10-26 14:00:00,0.28526819884777066,0.2822857792675495,0.3140029622614383,0.500087302327156,0.3143835670500994
2023-10-26 15:00:00,0.12620510354638098,0.09946178719401359,0.16607101261615753,0.3155007848143577,0.17993705466389653
2023-10-26 16:00:00,0.07437759034335613,0.12588379830121993,0.15604602728039024,0.44692400351166717,0.1855295015126467
2023-10-26 17:00:00,0.2617536367475986,0.27085084617137906,0.34661845751106735,0.5549555367231368,0.3525154561549425
2023-10-26 18:00:00,0.32020683571696273,0.2928136746585369,0.38795113645493984,0.6754769472777843,0.3884390679001808
2023-10-26 19:00:00,0.6093614554405211,0.45749768376350397,0.6468733722716569,0.7798478420823812,0.6196142947673796
2023-10-26 20:00:00,0.6998100614547729,0.6971609725058078,0.6385641089081763,0.6877312886714934,0.5980822500586509
2023-10-26 21:00:00,0.6701226657629011,0.7391722267866134,0.5985043583810328,0.8087554958462714,0.573691473007202
2023-10-26 22:00:00,0.8084399139881133,0.8085986454784869,0.8358657106012106,0.9638682042062283,0.8247904808074236
2023-10-26 23:00:00,0.8524421595036984,0.922025238275528,0.898222483471036,0.9459673630446195,0.8726146555691956
2023-10-27 00:00:00,0.9127237032353879,0.9594825428724288,0.8638514155149459,0.9121717318147421,0.8472896832972764
2023-10-27 01:00:00,0.7009864276647566,0.9341430695354938,0.749169414266944,0.9365749248117208,0.740487552806735
2023-10-27 02:00:00,0.970455467402935,0.9941147390007973,0.9784404467046259,0.994460246860981,0.9581670249998568
2023-10-27 03:00:00,0.982205995619297,1.0,0.9898591877520084,1.0,0.980033891275525
2023-10-27 04:00:00,1.0,1.0,1.0,1.0,1.0
2023-10-27 05:00:00,1.0,1.0,1.0,1.0,1.0
2023-10-27 06:00:00,1.0,1.0,1.0,1.0,1.0
2023-10-27 07:00:00,1.0,1.0,1.0,1.0,1.0
2023-10-27 08:00:00,1.0,1.0,1.0,1.0,1.0
2023-10-27 09:00:00,1.0,1.0,1.0,1.0,1.0
2023-10-27 10:00:00,1.0,1.0,1.0,1.0,1.0
2023-10-27 11:00:00,1.0,1.0,1.0,1.0,1.0
2023-10-27 12:00:00,1.0,1.0,1.0,0.9990519584715366,1.0
2023-10-27 13:00:00,1.0,1.0,1.0,0.9881185543537139,0.9997327451407909
2023-10-27 14:00:00,1.0,1.0,0.9948679801821708,0.9893208858370781,0.985659979879856
2023-10-27 15:00:00,1.0,1.0,1.0,1.0,0.9962746267020702
2023-10-27 16:00:00,0.9930357336997986,1.0,0.9859819062054156,0.998820338100195,0.9711396075040102
2023-10-27 17:00:00,0.9949678692221642,0.9995651513338089,0.9964283892512321,1.0,0.9914960867166519
2023-10-27 18:00:00,1.0,1.0,1.0,1.0,0.9969284652173519
2023-10-27 19:00:00,0.9812635397911071,0.9926652687788009,0.9915809209644795,0.9977222274243832,0.9867665109038353
2023-10-27 20:00:00,1.0,1.0,0.9900869551301003,0.9877647097408772,0.9792954660207034
2023-10-27 21:00:00,1.0,1.0,1.0,1.0,1.0
2023-10-27 22:00:00,1.0,1.0,1.0,1.0,1.0
2023-10-27 23:00:00,1.0,1.0,1.0,0.9815019161999226,1.0
2023-10-28 00:00:00,1.0,1.0,0.9965459017455578,0.8857150481641292,0.9909472897648812
2023-10-28 01:00:00,1.0,1.0,0.9574977061897515,0.8726289075613021,0.9499352188408374
2023-10-28 02:00:00,0.9736703008413314,0.9736584758758544,0.9286104676872491,0.9489689490199089,0.8688379959017039
2023-10-28 03:00:00,0.9764429664611816,0.9701826357841491,0.979542460143566,0.9968087640404701,0.9653345427662132
2023-10-28 04:00:00,0.9843022367358207,0.982015078663826,0.9915542007982732,1.0,0.9869047246873378
2023-10-28 05:00:00,0.9993372699618339,0.9931950667500495,0.9998871916532517,1.0,0.9999992476403713
2023-10-28 06:00:00,1.0,1.0,1.0,1.0,1.0
2023-10-28 07:00:00,1.0,1.0,1.0,1.0,1.0
2023-10-28 08:00:00,1.0,1.0,1.0,1.0,1.0
2023-10-28 09:00:00,1.0,1.0,1.0,1.0,1.0
2023-10-28 10:00:00,1.0,1.0,1.0,0.9990729637444019,1.0
2023-10-28 11:00:00,1.0,1.0,0.9941188503801822,0.9802568522095679,0.9981833174824715
2023-10-28 12:00:00,0.9997291049361229,0.9717136301100253,0.9971351437270641,0.9576257723569869,0.9581465587764977
2023-10-28 13:00:00,0.9877561601996421,0.8823911091685294,0.8979216241836547,0.9123628278821706,0.8290747831016778
2023-10-28 14:00:00,0.8850209890305996,0.8824549792706966,0.7848312577605246,0.8547291277348995,0.7651365107297897
2023-10-28 15:00:00,0.9473817571997641,0.9454586549103259,0.9144856365025043,0.9296706394851207,0.8846960486471651
2023-10-28 16:00:00,0.8501705054938793,0.9063761092722415,0.8397701027989387,0.8717340031266212,0.7862700622528791
2023-10-28 17:00:00,0.8887578631937503,0.8956132806837558,0.8734019502997397,0.8953032380342483,0.8135229181498288
2023-10-28 18:00:00,0.9669717960059642,0.9756272441148757,0.9242572116851806,0.9174822303652763,0.8737657373398542
2023-10-28 19:00:00,0.9921170493960381,0.9974937456846238,0.9816893905401229,0.9686239947378634,0.955279060229659
2023-10-28 20:00:00,0.9951579654216767,0.9921212139725685,0.9837447306513785,0.9597103172540663,0.9676494607329368
2023-10-28 21:00:00,0.9421326972544193,0.9359725560247898,0.9078989312052725,0.8782671061903238,0.8678605754673481
2023-10-28 22:00:00,0.9421097518503665,0.9535784490406513,0.9024498458951711,0.8452955672889948,0.8682114190608263
2023-10-28 23:00:00,0.9026470628380774,0.9231568004190921,0.8438583648949861,0.7693972474336623,0.8053836534172296
2023-10-29 00:00:00,0.787652645856142,0.8335279826819897,0.7220013836771249,0.6640312323719262,0.6774365185201167
2023-10-29 01:00:00,0.6003965294361113,0.6967383286356925,0.579659924507141,0.6263431953638791,0.5492464905977248
2023-10-29 02:00:00,0.4991067028045654,0.6292631147801875,0.47441125154495234,0.5220625054836272,0.45268253922462465
2023-10-29 03:00:00,0.2772260221838951,0.27894784942269324,0.22396767318248745,0.2662856417149305,0.19462104365229604
2023-10-29 04:00:00,0.19915045648813245,0.1636670899391174,0.16693762123584746,0.23172734312713142,0.14157901547849175
2023-10-29 05:00:00,0.1559774978458881,0.14932885348796843,0.111857839114964,0.15797804482281205,0.09112923704087733
2023-10-29 06:00:00,0.13447317615151405,0.16177024006843566,0.10283722974359989,0.16402025800198314,0.09404866069555282
2023-10-29 07:00:00,0.27350259199738497,0.21178980037569997,0.211057039424777,0.28123023301362987,0.1762498105317354
2023-10-29 08:00:00,0.2371280188858509,0.18030769333243368,0.22692567810416217,0.39743900902569296,0.21092648029327388
2023-10-29 09:00:00,0.3083022484183311,0.23880341723561285,0.3022110659629106,0.46595271885395045,0.2636859326809644
2023-10-29 10:00:00,0.3387439639866352,0.2568450669944286,0.2550721460580825,0.40748151578009123,0.22535937793552874
2023-10-29 11:00:00,0.2350670453906059,0.21198769688606262,0.2014485031366348,0.3683551162481308,0.18817499585449693
2023-10-29 12:00:00,0.2926497703790664,0.20866796016693112,0.2382698799669742,0.30350154191255563,0.20795868478715415
2023-10-29 13:00:00,0.266709544211626,0.18804416239261623,0.19810625355690714,0.22776016268879173,0.17629506245255466
2023-10-29 14:00:00,0.23238162249326702,0.15470768988132474,0.1785690315812826,0.18465883977711195,0.16597082730382678
2023-10-29 15:00:00,0.13355583690106868,0.08081954509019851,0.14966730698943137,0.22346695370972153,0.14211559042334554
2023-10-29 16:00:00,0.1103547540307045,0.06745122283697129,0.14164347454905507,0.26287822641432285,0.17346785150468347
2023-10-29 17:00:00,0.2924598455429077,0.22348351329565044,0.30401578143239016,0.3474507702142,0.3082027454674243
2023-10-29 18:00:00,0.2746314547955989,0.15035866752266883,0.33957091368734826,0.35588253132998937,0.3431800197064876
2023-10-29 19:00:00,0.2720302668213844,0.1805359750986099,0.3708117952942848,0.3548043719679117,0.3934638017416
2023-10-29 20:00:00,0.22014739573001857,0.1264980325102806,0.234429642483592,0.20346208862960335,0.2301362158358097
2023-10-29 21:00:00,0.17966297239065168,0.11026354297995566,0.2305080574005842,0.2757285603880882,0.2355022496730089
2023-10-29 22:00:00,0.22222375541925427,0.10955832920968532,0.2513429188728332,0.19463219851255414,0.2634576155245304
2023-10-29 23:00:00,0.11580372035503388,0.01886384695768356,0.10450661115348339,0.06045421184971929,0.10808916762471199
2023-10-30 00:00:00,0.07162846684455872,0.0051008984073996535,0.07434220921248197,0.0560957021638751,0.07848743496462701
2023-10-30 01:00:00,0.10113336592912674,0.012532185465097427,0.10429196942597628,0.07267801126465201,0.10773238711059092
2023-10-30 02:00:00,0.0891652388870716,0.018683167546987532,0.07781737137585878,0.04143263198435306,0.07656623847782612
2023-10-30 03:00:00,0.04062197659164667,0.0012189700827002525,0.037929304279387,0.04119378756731749,0.05372605556622148
2023-10-30 04:00:00,0.03616844646632671,0.00392187912017107,0.04353231757879257,0.07215315658599138,0.05453742507845162
2023-10-30 05:00:00,0.04958566091954708,0.0031853594258427617,0.03542977828532458,0.052107388265430925,0.05378067202866077
2023-10-30 06:00:00,0.027107711136341098,0.0008020327612757682,0.016504913829267026,0.04557345943525434,0.026613185498863455
2023-10-30 07:00:00,0.03442696262151003,0.0014841197431087493,0.03493527563288808,0.0943267185986042,0.03744505053386092
2023-10-30 08:00:00,0.0858036608994007,0.004028178378939628,0.09255608532577753,0.17030718129128214,0.08707090631127357
2023-10-30 09:00:00,0.10298709496855735,0.010254988744854926,0.1281947871297598,0.24369090557098386,0.138216790035367
2023-10-30 10:00:00,0.11084409192204474,0.027046224623918536,0.08831654854118824,0.11158319886773822,0.07985496807843445
2023-10-30 11:00:00,0.04886992134153843,0.0018342639133334159,0.04321387503296137,0.06681089296936989,0.03693554151803255
2023-10-30 12:00:00,0.037606759741902356,0.0,0.024907044600695375,0.032632557656615976,0.029324514083564283
2023-10-30 13:00:00,0.014297094494104387,0.0,0.008530934136360883,0.012387618198990822,0.009958750121295453
2023-10-30 14:00:00,0.00828662071377039,0.0,0.006063285935670138,0.031608689073473216,0.008921793252229691
2023-10-30 15:00:00,0.024978002607822423,0.015848814211785796,0.02773366503417492,0.1481319833546877,0.038153652846813206
2023-10-30 16:00:00,0.02774212405085564,0.11220839738845825,0.0334985188394785,0.28098112277686593,0.04901939656585455
2023-10-30 17:00:00,0.07695986241102218,0.24590128421783441,0.08770527832210064,0.3780999741330742,0.11656330976635218
2023-10-30 18:00:00,0.4865401339530945,0.45574853539466853,0.3419735143333673,0.3769422941282391,0.2814361692219972
2023-10-30 19:00:00,0.5589794825017451,0.5934362365305423,0.3565651416778564,0.34724622212350365,0.2688141671568155
2023-10-30 20:00:00,0.49263983607292167,0.4345058286190033,0.3989753099530935,0.40167902871966354,0.31516869172453876
2023-10-30 21:00:00,0.3473541238903999,0.334267259389162,0.2895743366330862,0.4588922739773988,0.25108595937490463
2023-10-30 22:00:00,0.3380272555351257,0.39195560455322265,0.3590279871225357,0.6416254424303769,0.3857955487817526
2023-10-30 23:00:00,0.3010256481170654,0.4775024366378784,0.46180613815784444,0.8282986630499363,0.4833396184444426
2023-10-31 00:00:00,0.3545121002197265,0.43470648884773255,0.5509432613849639,0.8574548584967852,0.5612748213857411
2023-10-31 01:00:00,0.568968013525009,0.42194644451141355,0.647142127752304,0.8349353686720132,0.6884277211874722
2023-10-31 02:00:00,0.7638932047784328,0.7126921048760413,0.7209319273382424,0.8151681745797394,0.7309349481761455
2023-10-31 03:00:00,0.8453913672268389,0.8109108814597129,0.7194054386764763,0.7721009492874145,0.668385096490383
2023-10-31 04:00:00,0.5574639296531676,0.5737494981288909,0.48165128290653225,0.6883028935641049,0.4571641671657562
2023-10-31 05:00:00,0.4396538925170898,0.5026966392993927,0.34542982272803785,0.6518878196924924,0.3028461959213018
2023-10-31 06:00:00,0.293283255547285,0.326230601966381,0.24903228841722008,0.6197255209833382,0.22710207313299174
2023-10-31 07:00:00,0.24259198710322377,0.2607094737887382,0.1768000046163797,0.561190223917365,0.15931216701865195
2023-10-31 08:00:00,0.23569319158792493,0.2722927019000053,0.14162520192563532,0.49760510183870793,0.11625570621341466
2023-10-31 09:00:00,0.2556949274241924,0.27649165883660315,0.1352136107906699,0.4026712316274642,0.0998612692579627
2023-10-31 10:00:00,0.25259680941700935,0.2593277776241302,0.12531888902187346,0.26299099534749987,0.0844863637909293
2023-10-31 11:00:00,0.26285252735018727,0.2599652433395385,0.12566899716854094,0.1639288059622049,0.08062514699995517
2023-10-31 12:00:00,0.2720138411223888,0.2553246521949768,0.13111018139868974,0.12604140989482399,0.08552012130618095
2023-10-31 13:00:00,0.24584284543991086,0.2574923799932003,0.12008165583014488,0.10207464862614869,0.07903199501335621
2023-10-31 14:00:00,0.2078397515416145,0.20735277146100994,0.1065692562237382,0.09631664901971816,0.078072723262012
2023-10-31 15:00:00,0.24263851955533022,0.22960924163460728,0.14866334944963455,0.18267796419560908,0.12913696356117726
2023-10-31 16:00:00,0.2854203064739704,0.2759397363662719,0.22013393886387345,0.24140880756080152,0.1901391889154911
2023-10-31 17:00:00,0.3324377822875976,0.30419157177209855,0.3251186548173427,0.3578738302737474,0.2889626508206129
2023-10-31 18:00:00,0.3429186630249023,0.34907966613769525,0.3577669548988342,0.3806765936315059,0.3161638893932104
2023-10-31 19:00:00,0.15127307787537572,0.2090798886120319,0.19937923751771444,0.33987325772643084,0.17987672358751294
2023-10-31 20:00:00,0.3417829696834087,0.4144939041137695,0.40456372879445546,0.4074236492067575,0.3784373619407415
2023-10-31 21:00:00,0.37156757354736325,0.5150287449359894,0.444505261182785,0.40740917257964604,0.43788872897624964
2023-10-31 22:00:00,0.4165852355957031,0.5000550091266631,0.5128349477052687,0.4192748098075389,0.5010029208660125
2023-10-31 23:00:00,0.39118495941162107,0.4341713428497314,0.47206010639667506,0.3509549655765295,0.4659233200550079
2023-11-01 00:00:00,0.4460473620891571,0.42757912278175353,0.4632012140750885,0.260385450720787,0.41641665995120997
2023-11-01 01:00:00,0.4177795791625976,0.357650146484375,0.3364018117636442,0.15145785771310327,0.27134392917156214
2023-11-01 02:00:00,0.29460419625043865,0.2549002520740032,0.20740602016448972,0.08038508139550685,0.16717782020568844
2023-11-01 03:00:00,0.1206552045047283,0.17144371837377548,0.04325722075998783,0.04241659238934517,0.021180520188063386
2023-11-01 04:00:00,0.09443549901247024,0.16165455058217046,0.035573382433503865,0.06907700838521122,0.020091135520488024
2023-11-01 05:00:00,0.155046127140522,0.24256443575024603,0.07390972509980201,0.10828876383602619,0.050384697169065476
2023-11-01 06:00:00,0.15672226071357725,0.23957412332296368,0.06310304056853056,0.13989497687667607,0.03672422509640455
2023-11-01 07:00:00,0.1580836060643196,0.25190825566649433,0.0705320169776678,0.19237472649663684,0.04617235254496336
2023-11-01 08:00:00,0.21364498481154437,0.3241409626603126,0.13143787998706102,0.3222701339051127,0.11141173116862774
2023-11-01 09:00:00,0.33157194480299945,0.3943088150024414,0.24665661692619317,0.4908955535292625,0.21994747109711169
2023-11-01 10:00:00,0.462321081161499,0.5176097095012664,0.37166469573974603,0.592404182255268,0.3340575759857892
2023-11-01 11:00:00,0.57238175034523,0.5952707996964455,0.46608170807361604,0.6284263236820697,0.4261112087965011
2023-11-01 12:00:00,0.676719564050436,0.661638151705265,0.5636618888378142,0.6470621538907289,0.5322315663099288
2023-11-01 13:00:00,0.7842967925965785,0.7664876295626162,0.6786754640191793,0.6496086271852254,0.6457676118612288
2023-11-01 14:00:00,0.8601110042631626,0.7724380849301815,0.7174418214708567,0.6003719782829284,0.6587835254520178
2023-11-01 15:00:00,0.6922256751358509,0.572481528520584,0.4630420722812414,0.24911356136202806,0.3712871993333101
2023-11-01 16:00:00,0.6551122134923935,0.5160218024253844,0.47601140804588793,0.30642623268067837,0.3870911484211683
2023-11-01 17:00:00,0.6471276535093784,0.4412178695201874,0.47118222355842587,0.3500163838267326,0.3895478866249322
2023-11-01 18:00:00,0.5813656306266783,0.4751640808582305,0.3949023944884538,0.34932500056922433,0.31875867061316965
2023-11-01 19:00:00,0.4475630569458008,0.44913539886474607,0.3651364669948816,0.32635504052042963,0.3168556611984968
2023-11-01 20:00:00,0.6049650466442107,0.5320106601715088,0.48268192231655116,0.39359059534966945,0.40991044342517846
2023-11-01 21:00:00,0.5556507563591002,0.4401955413818359,0.46638986229896545,0.42932534396648403,0.4150144958496093
2023-11-01 22:00:00,0.5096333301067353,0.4263593292236328,0.4640100091695786,0.4567443734407424,0.41749362945556634
2023-11-01 23:00:00,0.4400319242477417,0.40573654174804685,0.44259687185287466,0.4492944276332855,0.4091383135318756
2023-11-02 00:00:00,0.5424695765972136,0.445757919549942,0.4985917103290557,0.43661673724651334,0.43998700022697446
2023-11-02 01:00:00,0.49749451875686634,0.308877812474966,0.45008284211158744,0.39633714810013765,0.3890812596678733
2023-11-02 02:00:00,0.31098901003599166,0.2200804035365581,0.34065001800656314,0.3868519192934036,0.33579054258763785
2023-11-02 03:00:00,0.27209732919931406,0.1716917210817337,0.20295397095382212,0.3111630133539438,0.17117839157581327
2023-11-02 04:00:00,0.2468532726168632,0.18633111357688903,0.1634031907841563,0.33014870654791595,0.12799878053367136
2023-11-02 05:00:00,0.25942687034606926,0.2734118278324603,0.18391880773007868,0.4352111022919416,0.155879865065217
2023-11-02 06:00:00,0.32467531919479364,0.4282446670532226,0.28207823820412153,0.578166917040944,0.25949058644473555
2023-11-02 07:00:00,0.4303073763847351,0.6003008639812468,0.4266019058227539,0.6929502383619546,0.4035823631286621
2023-11-02 08:00:00,0.5999700582027434,0.7820222599804401,0.5724838978052138,0.757241670936346,0.535950065255165
2023-11-02 09:00:00,0.7422928585112094,0.9052786138653754,0.6677480137348174,0.7956829576939344,0.6193073867261409
2023-11-02 10:00:00,0.7806848837435245,0.9047602508962154,0.6975011261552571,0.8413545633107423,0.6425808241963386
2023-11-02 11:00:00,0.8066504104435444,0.875375255048275,0.7478268688917159,0.8991390208899974,0.6911929218471049
2023-11-02 12:00:00,0.8611468936502933,0.8852235539257525,0.8193692202866077,0.9349309138953685,0.7592815885692834
2023-11-02 13:00:00,0.9084149637818335,0.9350080895423889,0.8714149320870638,0.9421042347699403,0.8132979292422533
2023-11-02 14:00:00,0.9258142127096651,0.9561534744501112,0.8797807128727436,0.9329927826672791,0.8236071322113274
2023-11-02 15:00:00,0.858514207303524,0.8743559771776199,0.8194371408224106,0.9160913278162479,0.7563422501087188
2023-11-02 16:00:00,0.8910717040300369,0.9120172129571438,0.8589238783717155,0.9313313800841568,0.7990761554986238
2023-11-02 17:00:00,0.9280326269567012,0.9522061479091644,0.9060195592045783,0.955193581432104,0.8627023112028837
2023-11-02 18:00:00,0.9487443198263644,0.9733482605218886,0.9225869177281856,0.9563521382212637,0.8753297227621077
2023-11-02 19:00:00,0.7697071208059787,0.877790079563856,0.7376962704956531,0.8759245499968528,0.6899460552632808
2023-11-02 20:00:00,0.9059999002516269,0.9781622070074081,0.92045897051692,0.9732827490568161,0.8804229373484849
2023-11-02 21:00:00,1.0,1.0,1.0,0.9952150003612041,1.0
2023-11-02 22:00:00,1.0,1.0,1.0,0.9978825712203979,1.0
2023-11-02 23:00:00,1.0,1.0,1.0,0.9910563667118549,1.0
2023-11-03 00:00:00,1.0,1.0,1.0,0.9879861010611057,1.0
2023-11-03 01:00:00,0.9500629653036594,0.9775346542894839,0.9715134885907173,0.9755957487225532,0.9657696742564439
2023-11-03 02:00:00,0.862062173038721,0.8583101592957973,0.8977132333070038,0.9574443176388739,0.8945999901741744
2023-11-03 03:00:00,0.8007922868430614,0.7946027642488478,0.7938723404705523,0.905093865469098,0.7688873084634542
2023-11-03 04:00:00,0.858164469152689,0.8190538057684897,0.8537694025039673,0.9397405978292226,0.8092455820739268
2023-11-03 05:00:00,0.9121865548193454,0.9102010603249072,0.9119406984001399,0.952064941972494,0.8751403401046991
2023-11-03 06:00:00,0.9235029412806033,0.9679136274755,0.9378022270649671,0.983932934552431,0.9133575321733951
2023-11-03 07:00:00,0.9479718598723411,0.9899098086357117,0.9669560715556145,0.996630249619484,0.9519369394332169
2023-11-03 08:00:00,0.9854571011662483,0.9999126502871514,0.9912778112292289,1.0,0.9851944671571254
2023-11-03 09:00:00,0.9930767866969108,1.0,0.9965383933484554,1.0,0.9911143895983696
2023-11-03 10:00:00,0.9990490630269051,1.0,0.9995245315134526,1.0,0.9959482850134372
2023-11-03 11:00:00,1.0,1.0,1.0,1.0,0.9995498077571392
2023-11-03 12:00:00,1.0,1.0,1.0,1.0,1.0
2023-11-03 13:00:00,1.0,1.0,1.0,1.0,0.9981701701879502
2023-11-03 14:00:00,1.0,1.0,1.0,1.0,0.9975287722051144
2023-11-03 15:00:00,1.0,1.0,1.0,1.0,1.0
2023-11-03 16:00:00,1.0,1.0,1.0,1.0,1.0
2023-11-03 17:00:00,1.0,1.0,1.0,1.0,1.0
2023-11-03 18:00:00,1.0,1.0,1.0,1.0,1.0
2023-11-03 19:00:00,1.0,1.0,1.0,1.0,0.998875283151865
2023-11-03 20:00:00,1.0,1.0,1.0,1.0,0.9997153800725938
2023-11-03 21:00:00,1.0,1.0,1.0,1.0,1.0
2023-11-03 22:00:00,1.0,1.0,1.0,1.0,1.0
2023-11-03 23:00:00,1.0,1.0,1.0,1.0,1.0
2023-11-04 00:00:00,1.0,1.0,1.0,1.0,1.0
2023-11-04 01:00:00,1.0,1.0,1.0,1.0,1.0
2023-11-04 02:00:00,1.0,1.0,1.0,1.0,1.0
2023-11-04 03:00:00,1.0,1.0,1.0,1.0,1.0
2023-11-04 04:00:00,1.0,1.0,1.0,1.0,1.0
2023-11-04 05:00:00,1.0,1.0,1.0,1.0,1.0
2023-11-04 06:00:00,1.0,1.0,1.0,0.999891424626112,1.0
2023-11-04 07:00:00,1.0,1.0,1.0,0.9837911273539066,1.0
2023-11-04 08:00:00,1.0,1.0,1.0,0.942951776459813,1.0
2023-11-04 09:00:00,1.0,1.0,0.9970062394440173,0.9414161781221627,0.9949496757984162
2023-11-04 10:00:00,1.0,0.8632266940176486,0.9825567471981047,0.8254775065183639,0.9299055931717157
2023-11-04 11:00:00,0.9287454541027546,0.3287965446710586,0.8200653352588415,0.5839178939908742,0.6488848098367452
2023-11-04 12:00:00,0.5996018548309803,0.11453368313610554,0.5034274935722352,0.3850798591971397,0.3698010664805769
2023-11-04 13:00:00,0.35219561979174613,0.04870188236236572,0.28921111926436427,0.2188459306955337,0.2181388577446341
2023-11-04 14:00:00,0.20378044545650478,0.01945031672716141,0.15212555781006812,0.10206738844513892,0.11926682293415067
2023-11-04 15:00:00,0.10080237776041029,0.016393757909536365,0.07986543828621506,0.059311185367405414,0.06371678704395889
2023-11-04 16:00:00,0.05231851376593113,0.004556369073688983,0.032999781742692,0.015493515431880952,0.031747163422405716
2023-11-04 17:00:00,0.02413634192198515,0.002289627753198146,0.012705599796026944,0.005439416766166687,0.010608934611082078
2023-11-04 18:00:00,0.011744011491537094,0.0,0.005872005745768547,0.0015662957541644571,0.00501066043972969
2023-11-04 19:00:00,0.000387149229645729,0.0,0.00019357461482286448,0.0,0.0
2023-11-04 20:00:00,0.0,0.0,0.0002721965499222278,0.0022507565468549724,0.00019341696053743357
2023-11-04 21:00:00,0.008046790212392806,0.0068688873201608654,0.007709441427141427,0.01036400508135557,0.0057058346085250376
2023-11-04 22:00:00,0.02805660501122475,0.03860560595989228,0.028688818737864497,0.027519322223961355,0.0240137892216444
2023-11-04 23:00:00,0.07466625824570655,0.08838022492825984,0.0666967685893178,0.040309386476874355,0.05547280270606279
2023-11-05 00:00:00,0.1184278181195259,0.09745810113847256,0.09868785269558428,0.045482528023421766,0.07646273031830789
2023-11-05 01:00:00,0.09083666995167733,0.06730853535234929,0.08289449594914913,0.03542227877303958,0.06201339691877365
2023-11-05 02:00:00,0.059748450666666036,0.05121269293129444,0.06281945418566465,0.027686824500560762,0.048431097678840164
2023-11-05 03:00:00,0.04476168051362038,0.04010561645030976,0.05159961920231581,0.053326628357172015,0.043244392797350886
2023-11-05 04:00:00,0.0836662645637989,0.046303527206182485,0.0878857707604766,0.07763038735836744,0.07265076287090777
2023-11-05 05:00:00,0.07854714453220367,0.03350454017519951,0.0782633363828063,0.08328787691891193,0.0633813924714923
2023-11-05 06:00:00,0.08768578760325908,0.01639484688639641,0.07863757170736789,0.10802560035139322,0.06008452083915472
2023-11-05 07:00:00,0.05926998272538185,0.016075837165117266,0.07074512496590613,0.12458649337291716,0.05685503885149956
2023-11-05 08:00:00,0.05188617430627346,0.036122401654720304,0.06632173225283622,0.11412742625921962,0.053990489654242996
2023-11-05 09:00:00,0.04742988899350166,0.02680648982524872,0.051762374490499495,0.08665103606879711,0.03985831215977669
2023-11-05 10:00:00,0.04003335416316986,0.036925298795104027,0.03082476913928986,0.04571638960391283,0.023458505608141424
2023-11-05 11:00:00,0.0760420023649931,0.1798537480831146,0.05380939930677415,0.0624077982455492,0.04806736867874861
2023-11-05 12:00:00,0.22244666725397105,0.3531620463728904,0.18647251211106775,0.14657112807035444,0.1661141739785671
2023-11-05 13:00:00,0.3094862525165081,0.30851327434182163,0.23280830882489678,0.1682746655493974,0.18769554428756233
2023-11-05 14:00:00,0.32397567749023437,0.27320629030466076,0.22821446023881434,0.163075792863965,0.17951164126396177
2023-11-05 15:00:00,0.41796916961669917,0.3157953363656998,0.271845017299056,0.13407987777143715,0.2036920059844851
2023-11-05 16:00:00,0.2927221052348613,0.30735839381814,0.16726328019052744,0.06841327335685492,0.12129891365766525
2023-11-05 17:00:00,0.33628059387207027,0.25477983564138407,0.1942776685580611,0.06498627934604884,0.13703126549720762
2023-11-05 18:00:00,0.2010818475484848,0.1482389725744724,0.09165517445653676,0.015207861028611661,0.05597210012376309
2023-11-05 19:00:00,0.04644402720034123,0.06614347033202647,0.0153274049423635,0.0,0.0037387502565979958
2023-11-05 20:00:00,0.12556745260953903,0.14381979241967202,0.05985639354214072,0.0012692819349467755,0.03674169238656759
2023-11-05 21:00:00,0.17044272571802138,0.14654342547059057,0.15804324008524417,0.04317860096693039,0.13403319563716648
2023-11-05 22:00:00,0.1711245934665203,0.11029837250709533,0.1501756915450096,0.05870790977030992,0.12430482640862461
2023-11-05 23:00:00,0.14771422266960144,0.07164554111659527,0.14150356315076348,0.0721392772719264,0.12304287321865558
2023-11-06 00:00:00,0.15440290004014967,0.05566193461418152,0.13669462047517297,0.049907700512558224,0.11421688608825206
2023-11-06 01:00:00,0.09067448019981383,0.018323662579059603,0.09577766370028257,0.04587621834129095,0.08416644200682641
2023-11-06 02:00:00,0.10223320968449115,0.013882493153214454,0.10296104878187179,0.04179446682333946,0.08810267113149164
2023-11-06 03:00:00,0.020014659278094774,0.0,0.02373892026022077,0.009294321443885565,0.01566391222178936
2023-11-06 04:00:00,0.005754076987504959,0.0,0.005224863383919,0.0008532811142504213,0.0033489703014492984
2023-11-06 05:00:00,0.0,0.003571311682462692,0.0,0.0,0.0
2023-11-06 06:00:00,0.0,0.03444770216941834,0.0,0.0008364292420446872,0.0
2023-11-06 07:00:00,0.003405775539577007,0.09815261818468571,0.006652258690446614,0.039336320012807846,0.014445093274116517
2023-11-06 08:00:00,0.050490733832120896,0.21826583921909332,0.08624186608940362,0.16308727718889712,0.10371651254594325
2023-11-06 09:00:00,0.1639272707700729,0.35449203491210934,0.24163355261087416,0.33540041834115975,0.24776551969349384
2023-11-06 10:00:00,0.28838055595755574,0.46708606243133544,0.38889147035777566,0.5366979545354843,0.39141303136944766
2023-11-06 11:00:00,0.3794186019897461,0.5626155591011046,0.47174613118171693,0.6232488381117581,0.4756689870357513
2023-11-06 12:00:00,0.3863784790039062,0.5773006534576415,0.45866080582141866,0.6216447038948534,0.46030652940273276
2023-11-06 13:00:00,0.3959506225585937,0.6108620157837867,0.4686347335577011,0.6482125221192836,0.47354722142219535
2023-11-06 14:00:00,0.42951533794403074,0.6793148188292979,0.5202186959981917,0.7196461988985539,0.5359226379543541
2023-11-06 15:00:00,0.4414598786830902,0.7499032421410083,0.5893693890422582,0.8426993077248335,0.6218673772364854
2023-11-06 16:00:00,0.587884068340063,0.9036344322562218,0.7400435257703064,0.9372190684825181,0.7572802618145942
2023-11-06 17:00:00,0.7438805273175239,0.9875971767306329,0.8725813268125057,0.988958484083414,0.8832831591367721
2023-11-06 18:00:00,0.9083479732275008,1.0,0.9587315760552884,1.0,0.9629165474325418
2023-11-06 19:00:00,0.9906642201542855,1.0,0.9953321100771427,1.0,0.9996860076487064
2023-11-06 20:00:00,0.9876766836643218,1.0,0.9938383418321609,1.0,0.9966758851706982
2023-11-06 21:00:00,0.989592540860176,1.0,0.994796270430088,1.0,0.9998241986334324
2023-11-06 22:00:00,1.0,1.0,1.0,1.0,1.0
2023-11-06 23:00:00,1.0,1.0,1.0,1.0,1.0
2023-11-07 00:00:00,1.0,1.0,1.0,1.0,1.0
2023-11-07 01:00:00,1.0,1.0,1.0,1.0,1.0
2023-11-07 02:00:00,1.0,1.0,1.0,1.0,1.0
2023-11-07 03:00:00,1.0,1.0,1.0,1.0,1.0
2023-11-07 04:00:00,1.0,1.0,1.0,1.0,1.0
2023-11-07 05:00:00,1.0,1.0,1.0,1.0,1.0
2023-11-07 06:00:00,1.0,1.0,1.0,1.0,1.0
2023-11-07 07:00:00,1.0,1.0,1.0,1.0,1.0
2023-11-07 08:00:00,1.0,1.0,1.0,1.0,1.0
2023-11-07 09:00:00,1.0,1.0,1.0,1.0,1.0
2023-11-07 10:00:00,1.0,1.0,1.0,1.0,1.0
2023-11-07 11:00:00,1.0,1.0,1.0,1.0,1.0
2023-11-07 12:00:00,1.0,1.0,1.0,1.0,1.0
2023-11-07 13:00:00,1.0,1.0,1.0,1.0,1.0
2023-11-07 14:00:00,1.0,1.0,1.0,1.0,1.0
2023-11-07 15:00:00,1.0,1.0,1.0,1.0,1.0
2023-11-07 16:00:00,1.0,1.0,1.0,1.0,1.0
2023-11-07 17:00:00,1.0,1.0,1.0,1.0,1.0
2023-11-07 18:00:00,1.0,1.0,1.0,1.0,1.0
2023-11-07 19:00:00,1.0,1.0,1.0,1.0,1.0
2023-11-07 20:00:00,1.0,0.9890774405002594,0.9978166295588017,0.998175223916769,0.9919457545876503
2023-11-07 21:00:00,0.9605567343533038,0.9232182094454765,0.9571440488845109,0.9858466486632824,0.9279932408034801
2023-11-07 22:00:00,0.9576909452676772,0.9162922580540179,0.9591534692049025,0.9915032303333282,0.9338197888433932
2023-11-07 23:00:00,0.9452619962394238,0.9087411452829837,0.9349107508361338,0.9763405865430831,0.8958321716636419
2023-11-08 00:00:00,0.8973029348254203,0.894726921468973,0.882791358307004,0.958658875003457,0.8478155707567929
2023-11-08 01:00:00,0.8986547417938708,0.9181417523324489,0.8763630545139312,0.9564217185974121,0.837364242374897
2023-11-08 02:00:00,0.8844401237368583,0.9176740936934948,0.8417682505398988,0.9319800215959548,0.7875116200000046
2023-11-08 03:00:00,0.5092468249797821,0.6308470173180103,0.40131408691406245,0.5218053602427244,0.35631918318569655
2023-11-08 04:00:00,0.554839835166931,0.7397210671007632,0.43636473059654235,0.5468284514546393,0.3879578971862792
2023-11-08 05:00:00,0.6552306181192398,0.780123856216669,0.526470513343811,0.5979855004698037,0.4725626587867736
2023-11-08 06:00:00,0.7071501149237155,0.776629777997732,0.5316298224776983,0.5214733668416738,0.4682647341489792
2023-11-08 07:00:00,0.6445997028052806,0.7332297495007514,0.47648969650268547,0.42971136510372154,0.4177210086584091
2023-11-08 08:00:00,0.48402445554733275,0.5912586903572081,0.376330201998353,0.3331999216973781,0.33182590469717976
2023-11-08 09:00:00,0.3723799133300781,0.4466011428833008,0.2869150029867887,0.2561665005236864,0.25432288154959676
2023-11-08 10:00:00,0.33309558689594265,0.41261501312255855,0.2352874912321567,0.1613274834305048,0.20068505704402922
2023-11-08 11:00:00,0.23113669246435165,0.2891348212957382,0.16339284941554066,0.14192376509308813,0.13779283359646796
2023-11-08 12:00:00,0.1831451332569122,0.18187275305390355,0.14480750136077403,0.1478347299993038,0.12666550360620019
2023-11-08 13:00:00,0.13726244211196897,0.11188283905386924,0.11362300824373958,0.18665133211761709,0.10213222850114106
2023-11-08 14:00:00,0.13452615201473234,0.11554133273661135,0.1603194261342287,0.3155190055817365,0.16272967606782912
2023-11-08 15:00:00,0.15864946156740187,0.16268386602401733,0.22943099454045293,0.3235842222720384,0.2252289424836635
2023-11-08 16:00:00,0.2043222878873348,0.20820981010794637,0.21743144527077674,0.1971025180071592,0.19821952775120733
2023-11-08 17:00:00,0.05601361565291882,0.07538248479366302,0.07122629314661026,0.23463193267583843,0.07099618785083293
2023-11-08 18:00:00,0.04173800259828568,0.049307093471288685,0.09221933349967003,0.2913983913511038,0.10350235547870397
2023-11-08 19:00:00,0.09938141167163848,0.12945251114666462,0.2789216747134924,0.625374266579747,0.31791722312569615
2023-11-08 20:00:00,0.3526169538497924,0.3585106645524501,0.5328775590658187,0.6420131130516528,0.5509731316566466
2023-11-08 21:00:00,0.38089881896972655,0.4133415222167969,0.4845950770378113,0.5126549857854842,0.4646236336231231
2023-11-08 22:00:00,0.3196668219566345,0.3140853482484817,0.3976291847229003,0.44836990714073177,0.3684433430433273
2023-11-08 23:00:00,0.24495916023850436,0.17587012186646458,0.27552169203758237,0.507744519263506,0.2501070726662874
2023-11-09 00:00:00,0.288105691075325,0.2685908587276935,0.48057430386543265,0.8761942918598651,0.5007802198827266
2023-11-09 01:00:00,0.5584834004938601,0.47771627426147456,0.845119222998619,1.0,0.9232231309264898
2023-11-09 02:00:00,0.9524572221934795,0.947045481801033,0.9965542080998421,1.0,0.9999426610767841
2023-11-09 03:00:00,0.9988559877872467,1.0,1.0,1.0,1.0
2023-11-09 04:00:00,1.0,1.0,1.0,1.0,1.0
2023-11-09 05:00:00,1.0,1.0,1.0,1.0,1.0
2023-11-09 06:00:00,1.0,1.0,1.0,1.0,1.0
2023-11-09 07:00:00,1.0,1.0,1.0,1.0,1.0
2023-11-09 08:00:00,1.0,1.0,1.0,1.0,1.0
2023-11-09 09:00:00,1.0,1.0,1.0,0.9123083341121673,1.0
2023-11-09 10:00:00,1.0,1.0,0.9942226000130177,0.41352750627323986,0.9245444489270448
2023-11-09 11:00:00,0.7267546029388904,0.7139668977260589,0.4802155108749866,0.1638556022197008,0.42983178466558447
2023-11-09 12:00:00,0.5053408288955689,0.9293021318316459,0.624758643656969,0.3232002274692058,0.6388458973914385
2023-11-09 13:00:00,0.4764714312553405,0.8019088602066039,0.41035760655999176,0.06513749612495302,0.39571490399539466
2023-11-09 14:00:00,0.03222351878881455,0.2253943635523319,0.03562137914821506,0.3196634199097752,0.05246593913063407
2023-11-09 15:00:00,0.06064207851886749,0.21134199485182764,0.2849636461958289,0.6468719220161436,0.3427996821701526
2023-11-09 16:00:00,0.8870025397837161,0.6856847237050532,0.9278344442695379,0.941275237351656,0.9058438701927662
2023-11-09 17:00:00,1.0,0.9827643072605132,0.991900772601366,0.9917363022267818,0.9776960198581218
2023-11-09 18:00:00,1.0,0.9930675911903382,0.9890904738008975,0.9835286590456962,0.9722867431491613
2023-11-09 19:00:00,0.9927573910355567,0.9856356915831566,0.9778215172886848,0.9697431706637143,0.9553491404652595
2023-11-09 20:00:00,0.9866742670536041,0.9821632555127143,0.9838944198191164,0.9843881653249262,0.9763864446431397
2023-11-09 21:00:00,0.999095709323883,0.9834108653664588,0.9928447103500366,0.9980768395960331,0.9699183315038681
2023-11-09 22:00:00,0.9999400848150253,0.9986805739998817,1.0,1.0,1.0
2023-11-09 23:00:00,1.0,0.9986493700742721,1.0,0.9966826032102108,1.0
2023-11-10 00:00:00,1.0,1.0,1.0,0.9908818572759629,1.0
2023-11-10 01:00:00,1.0,1.0,1.0,0.994202491492033,1.0
2023-11-10 02:00:00,1.0,1.0,1.0,1.0,1.0
2023-11-10 03:00:00,1.0,1.0,1.0,1.0,1.0
2023-11-10 04:00:00,1.0,1.0,1.0,1.0,1.0
2023-11-10 05:00:00,1.0,1.0,1.0,1.0,1.0
2023-11-10 06:00:00,1.0,1.0,1.0,1.0,1.0
2023-11-10 07:00:00,1.0,1.0,1.0,1.0,1.0
2023-11-10 08:00:00,1.0,1.0,1.0,0.9980377320945263,1.0
2023-11-10 09:00:00,1.0,1.0,1.0,0.9676869987696409,1.0
2023-11-10 10:00:00,1.0,1.0,0.9979898926615716,0.9218359749764204,0.9965087701380253
2023-11-10 11:00:00,1.0,1.0,0.9947926378250121,0.9396916905045509,0.9850302472710609
2023-11-10 12:00:00,1.0,1.0,0.9893694168329239,0.9210965976119041,0.9666435040533541
2023-11-10 13:00:00,0.9981220799684524,0.9984484824538231,0.9786597048491239,0.8848416219651698,0.94193142876029
2023-11-10 14:00:00,0.997281990647316,0.9897363555431365,0.9696821493655443,0.8272003116458653,0.9252683033049107
2023-11-10 15:00:00,0.9955181404948235,0.9964365056157112,0.9184978675842286,0.6634710485488176,0.8614763762801885
2023-11-10 16:00:00,0.9681096421182155,0.9689574103057383,0.8568350115418433,0.6553169815242289,0.7741105145215987
2023-11-10 17:00:00,0.9331327210366724,0.925905815064907,0.8110044746845959,0.5519326115399599,0.714089281335473
2023-11-10 18:00:00,0.9499805034697055,0.930081161558628,0.8489964524656535,0.5968502762168645,0.7612530747801065
2023-11-10 19:00:00,0.9168125633895396,0.8773409710824489,0.776275373250246,0.502536305785179,0.7060622370243073
2023-11-10 20:00:00,0.9002858939766883,1.0,0.8213589986413716,0.5291031756252049,0.7895393675565718
2023-11-10 21:00:00,1.0,1.0,0.9788195279240608,0.575778974443674,0.9386635400354862
2023-11-10 22:00:00,1.0,1.0,0.9824658355116843,0.556994391530752,0.9650771225988863
2023-11-10 23:00:00,1.0,1.0,0.9926969362795353,0.620179589614272,0.9915918292850256
2023-11-11 00:00:00,1.0,1.0,0.9956807413697243,0.7268747936189174,0.9886683606356382
2023-11-11 01:00:00,0.9998523399233817,1.0,0.9950802519917488,0.7984050226211548,0.9735862448811531
2023-11-11 02:00:00,0.9729304216802119,0.9729203730821608,0.9632941503822802,0.793230051472783,0.9341768150031566
2023-11-11 03:00:00,0.8381515158712863,0.7683502389490604,0.7621544866263865,0.7177657826244831,0.7044463558495044
2023-11-11 04:00:00,0.680895993709564,0.7059438696503638,0.5810367783904075,0.6437060179561376,0.5123879766464233
2023-11-11 05:00:00,0.6541022403538226,0.7014652906358241,0.5651272690296172,0.6264460569620132,0.4986198008060454
2023-11-11 06:00:00,0.6997523425519465,0.5769407904148101,0.6168135928362607,0.6459649788588285,0.5324796015024185
2023-11-11 07:00:00,0.7012798099219798,0.43787880659103395,0.5878439447283744,0.6060877556353806,0.4863230550289154
2023-11-11 08:00:00,0.5636871910095214,0.308350533246994,0.43720443964004513,0.47376597464084624,0.34994151726365086
2023-11-11 09:00:00,0.43239133596420287,0.3000498224794864,0.31544312037527555,0.36908319406211376,0.2511265230178833
2023-11-11 10:00:00,0.32650308251380916,0.28637361779808995,0.22785023845732208,0.3043411244451999,0.1917718454450369
2023-11-11 11:00:00,0.27034609273076055,0.26928456038236614,0.18742236278951166,0.23966105967760082,0.17009465798735615
2023-11-11 12:00:00,0.26990604758262626,0.24552485451102252,0.20126541897654532,0.2073308927565813,0.17697714343667026
2023-11-11 13:00:00,0.28608990788459776,0.2634799389541149,0.2289254736900329,0.18199155263602732,0.18725367493927475
2023-11-11 14:00:00,0.27075004503130906,0.2822382977604866,0.22838783755898473,0.16256493926048277,0.18728185728192326
2023-11-11 15:00:00,0.04975460961461067,0.08162794329226017,0.04098058648407459,0.06403473995625973,0.03151913050562144
2023-11-11 16:00:00,0.030570793300867084,0.07673349611461162,0.021284413412213328,0.028857524506747726,0.01691616030409932
2023-11-11 17:00:00,0.048697907701134684,0.09270087972283363,0.03539697203785181,0.018218651935458186,0.024169459119439123
2023-11-11 18:00:00,0.0760805530846119,0.11460004813969135,0.056245058439671994,0.007559129763394594,0.04343028416857124
2023-11-11 19:00:00,0.0591203098744154,0.10011396080255508,0.04329578489065171,0.0029912835732102397,0.0347374969534576
2023-11-11 20:00:00,0.18019648283720013,0.1836444211006164,0.1475275369361043,0.021077046897262332,0.1225856566056609
2023-11-11 21:00:00,0.17028302237391468,0.1496526288986206,0.12370014842599628,0.016219920460134745,0.10435704812407492
2023-11-11 22:00:00,0.17570160597562787,0.12846834674477575,0.13198351118713617,0.030477217342704536,0.10742772951722143
2023-11-11 23:00:00,0.22518606036901473,0.1453940227627754,0.15666443150490522,0.06412259481847286,0.12601140987128018
2023-11-12 00:00:00,0.18053057536482808,0.13526473149657248,0.1346205513551831,0.08233553186058998,0.11314187489449977
2023-11-12 01:00:00,0.10353134803473948,0.09402947783470153,0.07469252794981003,0.06940552942454815,0.06268737990409136
2023-11-12 02:00:00,0.04403957732021809,0.04764844030141831,0.039440774805843834,0.06028229039162398,0.035731817632913596
2023-11-12 03:00:00,0.0,0.0,0.002277004700154066,0.03849412482231855,0.0032380219548940655
2023-11-12 04:00:00,0.0018857560306787488,0.002516748458147049,0.00822268346324563,0.042639190666377544,0.00956010853871703
2023-11-12 05:00:00,0.006436086259782314,0.004941417388617992,0.01655965467914939,0.04414646942168474,0.014073869921267036
2023-11-12 06:00:00,0.008445326164364815,0.00030150268226861946,0.02258096840232611,0.049139311909675604,0.015586918983608483
2023-11-12 07:00:00,0.0031977892667055126,0.0,0.02013544024899602,0.04301713824272156,0.01332332842051983
2023-11-12 08:00:00,0.0021705293655395505,0.0,0.009650837928056717,0.017586129233241085,0.00643949156627059
2023-11-12 09:00:00,0.0,0.0,0.002292164787650108,0.007757019456475973,0.0018186347186565398
2023-11-12 10:00:00,0.00015614371746778486,0.0,0.006434174068272114,0.018637206908315423,0.007990264222025872
2023-11-12 11:00:00,0.0019518114626407624,0.0,0.015468682795763017,0.03699220221489668,0.019095303528010848
2023-11-12 12:00:00,0.003131744116544723,0.0,0.016911484375596048,0.04206727830693126,0.02199164601042866
2023-11-12 13:00:00,0.0031453606486320494,0.0,0.0170646757632494,0.05181383922696114,0.021560142338275908
2023-11-12 14:00:00,0.005241487734019756,0.004347018748521805,0.01942132806405425,0.05914105489850044,0.0235937069542706
2023-11-12 15:00:00,0.006729398034512996,0.022659916579723362,0.02395885417237878,0.055019740611314774,0.027553992830216884
2023-11-12 16:00:00,0.00797997511923313,0.06041343532502651,0.03996422965079546,0.08517019800841807,0.045868049673736096
2023-11-12 17:00:00,0.023289422988891605,0.1032108498364687,0.07669323071837424,0.1237695802003145,0.09013940721750258
2023-11-12 18:00:00,0.03485243424773216,0.1442263489961624,0.09861417964100837,0.14420481160283086,0.12118120215833185
2023-11-12 19:00:00,0.01384360745549202,0.07168292492628098,0.06738810058683156,0.1375418362021446,0.09012729775160551
2023-11-12 20:00:00,0.006161572448909282,0.036740691214799885,0.03586564112454653,0.08865482181310652,0.048491892330348486
2023-11-12 21:00:00,0.013195294588804245,0.030913721621036533,0.03985937442630529,0.08800553452223538,0.047046175859868526
2023-11-12 22:00:00,0.019445338994264604,0.03519830018281937,0.04972609449177981,0.1365655270591378,0.05457176759839057
2023-11-12 23:00:00,0.026760229915380476,0.029320176839828495,0.058944677822291854,0.13605127364397046,0.05891886360943317
2023-11-13 00:00:00,0.02224848210811615,0.012383379265666006,0.041395188979804515,0.09204928040504455,0.03860976524651051
2023-11-13 01:00:00,0.008555768691003322,0.010796557888388634,0.027401457969099288,0.08152928963303566,0.029262154251337054
2023-11-13 02:00:00,0.05337974078953267,0.09320561096072197,0.0743319372460246,0.11535707149654625,0.07949733305722476
2023-11-13 03:00:00,0.25317288577556607,0.39439899444580073,0.24949935287237163,0.20074190273880954,0.24813845038413998
2023-11-13 04:00:00,0.4457764911651611,0.7564682132005691,0.5213862580060958,0.47380137026309965,0.530332201719284
2023-11-13 05:00:00,0.5514134514331817,0.8993267911672591,0.7000287511199712,0.7031106954813002,0.7116466096043587
2023-11-13 06:00:00,0.5461881577968597,0.9345436550676822,0.7101735036075115,0.7865452913939952,0.7268240866065024
2023-11-13 07:00:00,0.5281469094753265,0.9486571192741393,0.7217218962311743,0.8774156911671162,0.7448653619736432
2023-11-13 08:00:00,0.5976845836639404,0.9782832083106041,0.7995105590671301,0.9636403672397135,0.8154575528204441
2023-11-13 09:00:00,0.7015827669203281,0.9933181193470955,0.857054927572608,0.9709400890022515,0.8588844099640845
2023-11-13 10:00:00,0.7391614300012588,1.0,0.8492811084538697,0.943814949169755,0.8319084313511849
2023-11-13 11:00:00,0.6574202401936053,0.9966364204883575,0.7699660230427979,0.9260973829776048,0.7664052397757768
2023-11-13 12:00:00,0.5724021077156066,0.9852044907212256,0.7447894164919853,0.9419338850677014,0.7538747865706681
2023-11-13 13:00:00,0.585628194361925,0.9879525032639502,0.7917526241391897,0.9707971116155386,0.8023732791841028
2023-11-13 14:00:00,0.6811635254323481,0.9961281141638756,0.8417139878869055,0.9880035801231861,0.8547529157251119
2023-11-13 15:00:00,0.7672648009657859,1.0,0.8977948515117167,0.9969927273690701,0.9157441824674606
2023-11-13 16:00:00,0.890603316873312,1.0,0.9423696369677782,0.9984443406760692,0.9583013841509819
2023-11-13 17:00:00,0.932095775604248,1.0,0.9634202376008034,0.9939876206219196,0.9632498263567685
2023-11-13 18:00:00,0.9612618081271648,1.0,0.9708511408418417,0.9549357695877552,0.9618634103238582
2023-11-13 19:00:00,0.9739259113371371,1.0,0.9376755164563655,0.8574781119078397,0.8964636648446321
2023-11-13 20:00:00,0.9110371932387351,0.977772986292839,0.8018864344805479,0.774807530120015,0.7285056656599044
2023-11-13 21:00:00,0.9414966793358326,0.9034916807711124,0.8716230608522891,0.8339863826334476,0.8088335413485764
2023-11-13 22:00:00,0.9784666618704796,0.9618511566519736,0.9529997906833887,0.8927009173482655,0.9244675445556639
2023-11-13 23:00:00,0.9981607922911644,0.9985441005229949,0.9987018528580666,0.9517092597484588,0.9925868181884289
2023-11-14 00:00:00,1.0,1.0,1.0,0.9722938551008701,1.0
2023-11-14 01:00:00,1.0,1.0,1.0,0.9845335504412651,1.0
2023-11-14 02:00:00,1.0,1.0,0.9984624961018562,0.9896065925061702,0.9994033332169057
2023-11-14 03:00:00,1.0,1.0,0.9937022483348846,0.9917248192429542,0.9897992269694804
2023-11-14 04:00:00,1.0,1.0,0.9919199767708777,0.9901314735412597,0.9914401841163635
2023-11-14 05:00:00,1.0,1.0,0.9946020400524139,0.9904696629941463,0.9916116689145565
2023-11-14 06:00:00,1.0,1.0,0.9981193669140338,0.9941919508576393,0.9972875307500362
2023-11-14 07:00:00,1.0,1.0,1.0,0.9980211345851421,1.0
2023-11-14 08:00:00,1.0,1.0,1.0,0.9996013709902763,1.0
2023-11-14 09:00:00,1.0,1.0,1.0,1.0,1.0
2023-11-14 10:00:00,1.0,0.9973700243234634,1.0,1.0,0.9966138193011284
2023-11-14 11:00:00,1.0,0.9903953617811203,0.9985128206014633,0.9985128206014633,0.9908818192780018
2023-11-14 12:00:00,0.9975677353143693,0.9788336539268494,0.9886852559447288,0.9902671642601489,0.9707068411260842
2023-11-14 13:00:00,0.9816261315345765,0.9312561583518981,0.954794683381915,0.9589885890483856,0.9207777103781699
2023-11-14 14:00:00,0.9285360515117644,0.8804706692695617,0.873045481517911,0.8826171333342789,0.8147933419793844
2023-11-14 15:00:00,0.6680825500190257,0.7139975643157959,0.5682247048616409,0.5302211385965347,0.5016577982902526
2023-11-14 16:00:00,0.4932593858242035,0.5306484687328338,0.3877751401811838,0.323072715550661,0.3285933576524257
2023-11-14 17:00:00,0.39284290313720704,0.38556337654590606,0.2904619514942169,0.21701548807322976,0.23922264918684957
2023-11-14 18:00:00,0.27544617027044294,0.23600223809480664,0.19542492203414435,0.13756931424140928,0.15293570037931203
2023-11-14 19:00:00,0.10902908712625503,0.12335240587592124,0.07394306987524032,0.05467662498354912,0.05495281755924225
2023-11-14 20:00:00,0.18531786277890203,0.13733611837029455,0.13189982045441864,0.039495100751519206,0.09774408914148808
2023-11-14 21:00:00,0.037844687700271606,0.020031182616949084,0.019371317718178037,0.0017899883352220057,0.011731154918670654
2023-11-14 22:00:00,0.005823094695806504,0.007749549448490142,0.0021191632002592084,0.0,0.0007106781005859374
2023-11-14 23:00:00,0.008952212929725646,0.010192704275250434,0.0062106894701719284,0.004724140223115682,0.0049683677032589905
2023-11-15 00:00:00,0.015275326818227769,0.005888579487800598,0.013189428374171256,0.021248436197638512,0.008826973587274552
2023-11-15 01:00:00,0.018283361792564394,0.009121148958802224,0.028538565859198575,0.05179290238767862,0.02751642927527428
2023-11-15 02:00:00,0.049352545067667966,0.02358593083918095,0.06784603256732226,0.08674355059862138,0.06654906198382378
2023-11-15 03:00:00,0.15157027348875998,0.08142391838133335,0.143718423768878,0.12823875121772288,0.12932850029319523
2023-11-15 04:00:00,0.2555937524139881,0.19699823454022405,0.20720029607415197,0.2247039099037647,0.19338791429996488
2023-11-15 05:00:00,0.3651441192626953,0.4708226180076599,0.331282882168889,0.4716387391090392,0.3315477639436721
2023-11-15 06:00:00,0.5446257150173186,0.7423871947824954,0.5711351571977138,0.69869250677526,0.5568065781146287
2023-11-15 07:00:00,0.7116085386276244,0.880150408744812,0.7203323087096214,0.795866163149476,0.6845318401604891
2023-11-15 08:00:00,0.7894002522528171,0.9676592613756656,0.7772850871831178,0.8063534551858902,0.7310656128078699
2023-11-15 09:00:00,0.7722318589687347,0.9860951629281043,0.7533743618428707,0.7992648959904909,0.7105717193335294
2023-11-15 10:00:00,0.8135278147459029,0.9997610232234001,0.8213951110094785,0.8780538904666899,0.7861236744374036
2023-11-15 11:00:00,0.9301097896695136,1.0,0.9327240891009568,0.9496179033070802,0.8937441751360893
2023-11-15 12:00:00,0.982827571183443,1.0,0.9770524373650551,0.9705115064978598,0.933371111601591
2023-11-15 13:00:00,0.9889354345202446,1.0,0.9879343250393867,0.9828027155995369,0.9532279048115015
2023-11-15 14:00:00,0.996304090321064,1.0,0.996347499191761,0.9921566204726695,0.9839074459671974
2023-11-15 15:00:00,1.0,1.0,1.0,0.9961075952649117,0.990828956514597
2023-11-15 16:00:00,1.0,1.0,1.0,1.0,0.9985507121682167
2023-11-15 17:00:00,1.0,1.0,1.0,1.0,1.0
2023-11-15 18:00:00,1.0,1.0,1.0,1.0,1.0
2023-11-15 19:00:00,1.0,1.0,1.0,1.0,1.0
2023-11-15 20:00:00,1.0,1.0,0.995998487919569,0.9841938036680221,0.9906988742947578
2023-11-15 21:00:00,0.991480340361595,1.0,0.9731286578625441,0.9323281582444906,0.944966559484601
2023-11-15 22:00:00,0.9851101341843604,0.9989304789900779,0.9550213093310594,0.8549720169603824,0.9283613204210996
2023-11-15 23:00:00,0.9645319734513759,0.9803849205374717,0.9072112562507391,0.7803290271013974,0.8615752516686916
2023-11-16 00:00:00,0.8689791639149189,0.8893846790492534,0.7979769286513327,0.7179294323921203,0.748305377215147
2023-11-16 01:00:00,0.693628375828266,0.7123760251700877,0.650972664952278,0.6566726075857876,0.6152048966288566
2023-11-16 02:00:00,0.7185765071213244,0.6805045230686664,0.6409967063367366,0.6283044523000716,0.5805105423927306
2023-11-16 03:00:00,0.7943405909836292,0.7258166386187076,0.7285860820114611,0.7049405308812856,0.6643452274054288
2023-11-16 04:00:00,0.8856772036850452,0.8872876244783401,0.789600524380803,0.7142814653366804,0.712122053131461
2023-11-16 05:00:00,0.9660258756577967,0.929495695233345,0.8707324253767729,0.7116273133456706,0.7860426342487334
2023-11-16 06:00:00,0.9712783595919608,0.8925852043926715,0.8768150874227285,0.6829254170507192,0.7895286732912062
2023-11-16 07:00:00,0.9075549891591072,0.7206832943856716,0.7766459929198026,0.6106039121747017,0.6714737890660761
2023-11-16 08:00:00,0.8361256398260593,0.5599407388269901,0.6549075543135404,0.5096132726222276,0.5152985098212957
2023-11-16 09:00:00,0.6723134002089499,0.3056131093204021,0.4497722701728344,0.335437483265996,0.3353718797117471
2023-11-16 10:00:00,0.45653815031051637,0.13803678274154663,0.24317570924758913,0.14801136098802087,0.19504514910280704
2023-11-16 11:00:00,0.24047531127929686,0.06398398399353027,0.09472372869029641,0.033192701265215875,0.0884294855967164
2023-11-16 12:00:00,0.1274319890141487,0.04238766368478536,0.04127056775614618,0.004838709346950054,0.03215487837791443
2023-11-16 13:00:00,0.0593810473382473,0.025682200118899344,0.017074790820479392,0.0011981687135994433,0.009583342596888542
2023-11-16 14:00:00,0.03466779217123985,0.014716347903013231,0.008511121720075607,0.0015095534920692444,0.006498266998678446
2023-11-16 15:00:00,0.0527050705999136,0.005845667719841003,0.016206348333507776,0.0016339268721640109,0.012676540520042183
2023-11-16 16:00:00,0.005198602080345153,0.0,0.0017322607338428496,0.0008548568002879619,0.003943324014544487
2023-11-16 17:00:00,0.0,0.0,0.0,0.003888457454741001,0.0015065165050327776
2023-11-16 18:00:00,0.0,0.017988782711327075,0.005150944720953702,0.04113617263734341,0.024951052330434324
2023-11-16 19:00:00,0.03129828479140997,0.20655246615409847,0.06901037150993942,0.14891423251479863,0.11201439162716267
2023-11-16 20:00:00,0.10195455692708492,0.3650073623657226,0.16559301797300574,0.2974422158300876,0.20346068151295185
2023-11-16 21:00:00,0.07880093611776828,0.2659853002429008,0.13079885739833116,0.38447823993861674,0.15676934629678724
2023-11-16 22:00:00,0.17167503550648688,0.35771156877279275,0.22762705892324445,0.5097399862855672,0.24857385568320747
2023-11-16 23:00:00,0.26823634356260295,0.4323285090923309,0.3188748873025179,0.611637708991766,0.3362194363027811
2023-11-17 00:00:00,0.3233580324053764,0.49479826569557184,0.3967450575530529,0.716811529994011,0.4217300655692815
2023-11-17 01:00:00,0.3830157470703125,0.6238563267886639,0.4586816883087158,0.7710727699100971,0.48090122759342185
2023-11-17 02:00:00,0.6969366817176341,0.9399498564004898,0.7784242387115955,0.9373824954777956,0.7726616816222667
2023-11-17 03:00:00,0.8619581124186515,0.9940630009770393,0.9205167757719755,0.989144012928009,0.9033854143321514
2023-11-17 04:00:00,0.9847328448295594,1.0,0.9934780071675777,1.0,0.9896804149448871
2023-11-17 05:00:00,1.0,1.0,1.0,1.0,1.0
2023-11-17 06:00:00,1.0,1.0,1.0,1.0,1.0
2023-11-17 07:00:00,1.0,1.0,1.0,1.0,1.0
2023-11-17 08:00:00,1.0,1.0,1.0,1.0,1.0
2023-11-17 09:00:00,1.0,1.0,1.0,1.0,1.0
2023-11-17 10:00:00,1.0,1.0,1.0,1.0,1.0
2023-11-17 11:00:00,1.0,1.0,1.0,1.0,1.0
2023-11-17 12:00:00,1.0,1.0,1.0,1.0,1.0
2023-11-17 13:00:00,1.0,1.0,1.0,1.0,1.0
2023-11-17 14:00:00,1.0,1.0,1.0,1.0,1.0
2023-11-17 15:00:00,1.0,1.0,1.0,1.0,1.0
2023-11-17 16:00:00,1.0,1.0,1.0,1.0,1.0
2023-11-17 17:00:00,1.0,1.0,1.0,1.0,1.0
2023-11-17 18:00:00,1.0,1.0,1.0,0.997525884360075,1.0
2023-11-17 19:00:00,1.0,0.9873778373003006,0.9966329018771649,0.9886771319806575,0.9661600954085587
2023-11-17 20:00:00,0.966862828284502,0.8912901832163334,0.8706954082101582,0.9299812283366918,0.8091334453225135
2023-11-17 21:00:00,0.8553834518790244,0.804518722295761,0.8238326182216404,0.9297894540429115,0.7633363193273544
2023-11-17 22:00:00,0.8413605792820453,0.8632438623905181,0.8580518717318772,0.9591863955557346,0.8475086241215467
2023-11-17 23:00:00,0.8140158212184906,0.7973740074038504,0.8315578532218931,0.9500039615482092,0.7990009704977273
2023-11-18 00:00:00,0.8484146018326282,0.8691045270860195,0.8651475521922112,0.9648450054228306,0.8579711659997702
2023-11-18 01:00:00,0.92123618632555,0.9630743534862996,0.9448260214179753,0.990535034686327,0.9339581807702778
2023-11-18 02:00:00,0.9549640850722789,0.9292483529448509,0.9588934405893087,0.9918159079551697,0.9412231367081403
2023-11-18 03:00:00,0.9743058201670646,0.9243076193332672,0.9674382630735635,0.9890630468726158,0.9417086562514304
2023-11-18 04:00:00,0.9472482180595397,0.8945706988871097,0.928861863464117,0.952709851861,0.9122223615646361
2023-11-18 05:00:00,0.791656351685524,0.7053941024839877,0.7789619611948728,0.8266763915866613,0.7525172915309667
2023-11-18 06:00:00,0.7062547183036804,0.5889595901966094,0.7074466040730475,0.7764623962342738,0.6760894390195606
2023-11-18 07:00:00,0.6491448453068732,0.6291704131662845,0.6904090540856122,0.7946814779937266,0.6562980855256317
2023-11-18 08:00:00,0.591965810060501,0.6119964009523391,0.669763341024518,0.7950730348378419,0.6339470303058623
2023-11-18 09:00:00,0.5492042458057402,0.5534937238693236,0.6430618377774953,0.7738523975014686,0.61026236474514
2023-11-18 10:00:00,0.4992060816287994,0.49711060285568237,0.5788632190227507,0.6860071083903312,0.5581662213802336
2023-11-18 11:00:00,0.4280508041381835,0.456757926940918,0.47710109770298004,0.5526051974296569,0.45670320212841037
2023-11-18 12:00:00,0.4352902603149414,0.44379962921142574,0.44907931089401243,0.4729152262210846,0.41934164047241207
2023-11-18 13:00:00,0.4311013031005859,0.39831626892089844,0.37938447952270504,0.31462111674249166,0.33165297955274575
2023-11-18 14:00:00,0.4025463485717773,0.3708985137939453,0.32177818544209,0.23545466244220734,0.26774053625762456
2023-11-18 15:00:00,0.21740317702293394,0.15606229141354558,0.12572457566857337,0.07632793087512255,0.08072629038244486
2023-11-18 16:00:00,0.1634417255222797,0.11235902138054371,0.07256668770685791,0.0383443801663816,0.03591983580961824
2023-11-18 17:00:00,0.12026609078049659,0.11790876887738702,0.047261517327278846,0.036511596944183114,0.02192305015400052
2023-11-18 18:00:00,0.19687138512730595,0.2208986039459705,0.12746855810284613,0.14694566458463668,0.1001258548349142
2023-11-18 19:00:00,0.1591064217686653,0.23135793730616566,0.14907750904560088,0.2608843251317739,0.14707442495971917
2023-11-18 20:00:00,0.2206254580616951,0.3902025985717773,0.26530766420066354,0.4260119259357452,0.2948636435717344
2023-11-18 21:00:00,0.606995836496353,0.7582568785548209,0.6173555167764424,0.6680812882632016,0.5859914038330316
2023-11-18 22:00:00,0.8025339266657829,0.9114896479249,0.8167570750415325,0.767318196296692,0.7784466998279094
2023-11-18 23:00:00,0.8801686933636665,0.9458097304403781,0.8789861685037612,0.8063907272368669,0.838276087194681
2023-11-19 00:00:00,0.9191815568506717,0.9767664761841297,0.922079280540347,0.8725844459980725,0.8901461672782898
2023-11-19 01:00:00,0.9530011703073977,0.9874874842166901,0.9600176066160202,0.944712532684207,0.9225585999339818
2023-11-19 02:00:00,0.8888020211458205,0.9776858189702033,0.9172988087683915,0.9550539751350879,0.88932997405529
2023-11-19 03:00:00,0.9890623173117636,1.0,0.9875752291083336,0.990239478945732,0.9749589877575636
2023-11-19 04:00:00,0.9939357230067253,0.9986599031090737,0.986862197369337,0.981951812058687,0.9758411319553851
2023-11-19 05:00:00,0.9868528726696968,0.9830294722318649,0.9803720316290855,0.9706148060411215,0.9662051464617251
2023-11-19 06:00:00,0.9897926837205886,0.9902499663829804,0.9917547616362571,0.9901694031059741,0.9825103972852229
2023-11-19 07:00:00,1.0,1.0,1.0,0.999409314095974,0.99976233035326
2023-11-19 08:00:00,1.0,1.0,1.0,1.0,1.0
2023-11-19 09:00:00,1.0,1.0,1.0,0.9966255530714989,0.9971246866881848
2023-11-19 10:00:00,1.0,0.9947281780838966,0.9877980187535285,0.9493524915724992,0.9669300282001495
2023-11-19 11:00:00,0.9862194162607192,0.9710403871536254,0.8970159158855675,0.7561548492312431,0.8338373944163322
2023-11-19 12:00:00,0.9272926376760005,0.87279644921422,0.7315334822982549,0.5563263124227522,0.6275709887593984
2023-11-19 13:00:00,0.7624974890053271,0.692020729035139,0.5667097077518701,0.46023647964000697,0.47093424141407014
2023-11-19 14:00:00,0.6412158167362212,0.5838517373800277,0.4899520653486251,0.43911050438880916,0.40829706072807304
2023-11-19 15:00:00,0.853197087943554,0.753064912110567,0.6651232231408357,0.4835440969467163,0.5546967417001724
2023-11-19 16:00:00,0.6342004990577697,0.5403725361824034,0.4894851553440093,0.4496200680732727,0.4123190307617187
2023-11-19 17:00:00,0.6628928384184836,0.6523297084867953,0.6387852145731447,0.6805591671168802,0.5941934740543364
2023-11-19 18:00:00,0.9116185365617275,0.9931379330158233,0.9368305142968893,0.9537470775842666,0.9162500640749931
2023-11-19 19:00:00,1.0,1.0,1.0,0.9954086683690547,0.9907757137715816
2023-11-19 20:00:00,0.9937996143102645,0.8329422840476036,0.9944719958305359,1.0,0.9924690549075603
2023-11-19 21:00:00,0.963924548625946,0.7552689722180366,0.9851254745572804,0.991472330391407,0.9597985611110925
2023-11-19 22:00:00,0.8822220076620578,0.6675393907725811,0.8888247299194335,0.9069855666905641,0.8345746993273496
2023-11-19 23:00:00,0.7947104884684085,0.7063173404335974,0.7713409381359815,0.7811079319566487,0.7204029881954193
2023-11-20 00:00:00,0.7466862334311007,0.7583462497591971,0.6953448260575532,0.6853803525120019,0.6461193437129258
2023-11-20 01:00:00,0.7306090807914734,0.7897529999911784,0.6678448433429002,0.6534515211731194,0.6171590840816497
2023-11-20 02:00:00,0.6777328817546366,0.7606738021969794,0.6241404718160628,0.61677253305912,0.5790218716859816
2023-11-20 03:00:00,0.4179206466674804,0.45858083248138426,0.37434993743896483,0.42689441084861757,0.3435761833190918
2023-11-20 04:00:00,0.34418903350830077,0.41185824155807493,0.31457863405346864,0.40494042843580247,0.29683114074170586
2023-11-20 05:00:00,0.327482795715332,0.41209367871284486,0.30470433562994004,0.44799126595258704,0.2889372849464416
2023-11-20 06:00:00,0.32751453399658204,0.4135599255561828,0.3070800712704658,0.4901271761208772,0.2942817099392414
2023-11-20 07:00:00,0.2850983467698097,0.36797046661376953,0.26257265679538244,0.4255599967390298,0.24880145236849782
2023-11-20 08:00:00,0.25230340763926506,0.3310128325223922,0.21566191934049128,0.30240772061049936,0.19994588524103163
2023-11-20 09:00:00,0.20381970226764676,0.28295877426862714,0.16618548810482023,0.24308392286300656,0.15469182774424553
2023-11-20 10:00:00,0.15351747840642926,0.20707837939262386,0.14075038723647593,0.2185110896080732,0.1383926448971033
2023-11-20 11:00:00,0.07532980307936668,0.08949482314288615,0.0910141061246395,0.16844727091491218,0.09501806866377592
2023-11-20 12:00:00,0.043070411905646325,0.028072550743818286,0.08578428931534289,0.21063619449734686,0.09602876935154199
2023-11-20 13:00:00,0.063036008477211,0.03400013141334057,0.10808316253125666,0.2071539910137653,0.1159248725697398
2023-11-20 14:00:00,0.05201404608786106,0.03540276512503625,0.053474298678338535,0.13230682734400034,0.05460118278861045
2023-11-20 15:00:00,0.005095002651214599,0.0032556423917412757,0.024729077909141778,0.16494945287704466,0.03151272462680936
2023-11-20 16:00:00,0.0019171120971441268,0.0002055426314473152,0.012059445176273585,0.16220280200242992,0.01815748179331422
2023-11-20 17:00:00,0.028732159584760667,0.007335361205041408,0.030759616270661354,0.1670354227721691,0.03653851263225078
2023-11-20 18:00:00,0.07061161622405052,0.024586178362369537,0.0726567468419671,0.20823556903749701,0.07515658874064683
2023-11-20 19:00:00,0.09512712590396404,0.06325924403965474,0.09243896462023259,0.1616051464900374,0.09465532880276441
2023-11-20 20:00:00,0.08797405697405339,0.06445907540619375,0.08818431317806244,0.14082760602235792,0.09158065952360629
2023-11-20 21:00:00,0.06433804117143153,0.04555990293622017,0.08151643224060535,0.13795488975942133,0.08939494751393795
2023-11-20 22:00:00,0.05349590428173542,0.03034384533762932,0.07315614871680735,0.10762856796383856,0.07995820950716734
2023-11-20 23:00:00,0.05397897973656654,0.025093451440334324,0.07149500418454409,0.10751879874616861,0.07747486341744661
2023-11-21 00:00:00,0.0602530338615179,0.02140711784362793,0.08944018945097924,0.1821031346172094,0.10097827054560184
2023-11-21 01:00:00,0.11132060982286929,0.04699605189263821,0.1817775719612837,0.3113058923929929,0.20299888610839842
2023-11-21 02:00:00,0.19715351611375806,0.15637827709317204,0.26306074425578113,0.450814928933978,0.2901380832493305
2023-11-21 03:00:00,0.20938161253929136,0.19666535750031466,0.3604955888539553,0.5612083096057177,0.3941247906535863
2023-11-21 04:00:00,0.48118650913238514,0.3645556640625,0.7216990607976913,0.8468858213722704,0.747599758133292
2023-11-21 05:00:00,0.7359092099964618,0.5688911235332488,0.8816707411408423,0.8759327118843794,0.8740953818708657
2023-11-21 06:00:00,0.7544387421011924,0.6584752617776393,0.908396363928914,0.9546390715241431,0.9086495311558246
2023-11-21 07:00:00,0.9159154219925403,0.832375361174345,0.9823003965616226,0.9937293940782547,0.9869612352550029
2023-11-21 08:00:00,0.9882772946357726,0.9744020834565162,0.9987710547447204,1.0,1.0
2023-11-21 09:00:00,0.9947132828831673,0.994586795270443,1.0,0.9988709741830826,1.0
2023-11-21 10:00:00,0.9969285944104195,1.0,1.0,1.0,1.0
2023-11-21 11:00:00,1.0,1.0,1.0,1.0,1.0
2023-11-21 12:00:00,1.0,1.0,1.0,1.0,1.0
2023-11-21 13:00:00,1.0,1.0,1.0,1.0,1.0
2023-11-21 14:00:00,1.0,1.0,1.0,1.0,1.0
2023-11-21 15:00:00,1.0,1.0,1.0,1.0,1.0
2023-11-21 16:00:00,1.0,1.0,1.0,1.0,1.0
2023-11-21 17:00:00,1.0,1.0,1.0,1.0,1.0
2023-11-21 18:00:00,1.0,1.0,1.0,1.0,1.0
2023-11-21 19:00:00,1.0,1.0,1.0,1.0,1.0
2023-11-21 20:00:00,1.0,1.0,1.0,1.0,1.0
2023-11-21 21:00:00,1.0,1.0,1.0,1.0,1.0
2023-11-21 22:00:00,1.0,1.0,1.0,1.0,1.0
2023-11-21 23:00:00,1.0,1.0,1.0,1.0,1.0
2023-11-22 00:00:00,1.0,1.0,1.0,1.0,1.0
2023-11-22 01:00:00,0.9906262525916099,1.0,0.9953131262958049,1.0,0.9921061439812182
2023-11-22 02:00:00,0.9803262831270694,1.0,0.9901631415635347,1.0,0.9819270741939545
2023-11-22 03:00:00,0.9260172928869723,1.0,0.9707094424217939,0.9996951727569103,0.9742121993750333
2023-11-22 04:00:00,0.9555319303274153,1.0,0.9849489857256413,0.9981562173366546,0.984487415999174
2023-11-22 05:00:00,0.9737801453471182,1.0,0.9926365423202514,0.9853738932311534,0.9900465556979179
2023-11-22 06:00:00,0.8952077923715114,0.9974839726090431,0.9569138846546411,0.9684448672831057,0.9516979777067899
2023-11-22 07:00:00,0.733455748707056,0.9783073896169662,0.8392281398177147,0.8497783907502889,0.8392063730210064
2023-11-22 08:00:00,0.5692705667018889,0.8817625026404857,0.6552536057680844,0.635871581584215,0.6712296842038631
2023-11-22 09:00:00,0.48506441593170163,0.8153547976911066,0.566221750974655,0.4771794068813323,0.5765380276739597
2023-11-22 10:00:00,0.37254707336425774,0.70468345195055,0.4136770439147949,0.23593123752623793,0.42552020788192746
2023-11-22 11:00:00,0.2915727773308754,0.47368061542510986,0.28341663576662535,0.15625380434095856,0.2847226413339376
2023-11-22 12:00:00,0.3045011965930462,0.2886562962830066,0.25801098100841047,0.18529986988753078,0.242687611579895
2023-11-22 13:00:00,0.2917806427180767,0.12131534934043883,0.20278347164392468,0.44299918297678226,0.14761632438749073
2023-11-22 14:00:00,0.2797513136267662,0.2148067064583301,0.1983049741387367,0.6466976504772901,0.210529134273529
2023-11-22 15:00:00,0.34743061661720276,0.41401096343994137,0.4391937243938446,0.8624242372065782,0.4432071379572153
2023-11-22 16:00:00,0.4401118469238281,0.36349609374999997,0.5596404718607664,0.8844134084880352,0.550058797597885
2023-11-22 17:00:00,0.48088248372077946,0.5019613766670226,0.6797349783778189,0.9579143614321947,0.7188984232395886
2023-11-22 18:00:00,0.7409506945312022,0.7882162696123123,0.8489243238419293,0.9714461845159531,0.8630846072733401
2023-11-22 19:00:00,0.9201421566307544,0.7962510640919207,0.8524412287771702,0.8670483352988958,0.7869430123269557
2023-11-22 20:00:00,0.7365105947852134,0.6234643658995628,0.6587256210297345,0.7294431722164153,0.5990633031725883
2023-11-22 21:00:00,0.679673966616392,0.5844690895080566,0.6545540692657231,0.7721405066549777,0.6161095692217349
2023-11-22 22:00:00,0.8123910917341709,0.7934297868609428,0.8101386802643538,0.868829281553626,0.7701842105388641
2023-11-22 23:00:00,0.8701430456340313,0.8930478172004223,0.8877263358235359,0.9107207096368073,0.871682001054287
2023-11-23 00:00:00,0.9033584301173686,0.8969145731627941,0.9044832329452037,0.8446193295717238,0.8788347771018743
2023-11-23 01:00:00,0.8547060470283031,0.727489581555128,0.777480052113533,0.6576448092609644,0.7377173387259244
2023-11-23 02:00:00,0.4936449682712555,0.48640665888786316,0.5182618355751037,0.48416538894176475,0.520579890012741
2023-11-23 03:00:00,0.2940864148736,0.3329801177978515,0.30806288078427313,0.3456128372251987,0.30313927307724947
2023-11-23 04:00:00,0.45946773886680603,0.5512108063697814,0.43800268888473504,0.3904680824279785,0.4099497604370117
2023-11-23 05:00:00,0.5637217915058135,0.6131512655317783,0.4544839239120483,0.38318195343017575,0.3917649078369141
2023-11-23 06:00:00,0.4993353545665741,0.5139998221397399,0.3490742471069097,0.35869706720113753,0.27469746015965935
2023-11-23 07:00:00,0.4860914492607117,0.493631545305252,0.3280812525749206,0.3807567622512579,0.2549374751746654
2023-11-23 08:00:00,0.3295625807344913,0.3333937188982963,0.2305190598219633,0.3477250324189663,0.18728661730885504
2023-11-23 09:00:00,0.31904858261346813,0.3360649779438972,0.3123802931606769,0.5089999336004256,0.2880465465784073
2023-11-23 10:00:00,0.4941712176799774,0.4457942199707031,0.4966998267173766,0.6228304921090602,0.45839940249919886
2023-11-23 11:00:00,0.6397637581825255,0.5849478995800017,0.6381801018863915,0.7563172219693659,0.5862247819453477
2023-11-23 12:00:00,0.8067086613178253,0.7622354044020175,0.7889401497691869,0.8708121071010828,0.7257896853983401
2023-11-23 13:00:00,0.9179016335308551,0.8778871195018291,0.8833301995694636,0.9200828686356544,0.8274876696616411
2023-11-23 14:00:00,0.9558853597939014,0.9169397191703319,0.9157352647185324,0.9330060110241174,0.8648574164509772
2023-11-23 15:00:00,0.9362374612689017,0.8966330963373184,0.9229947065562009,0.9527517812699079,0.8809010640531777
2023-11-23 16:00:00,0.9311971805989742,0.9188296675682066,0.9334208830446005,0.981472143381834,0.9021214099228381
2023-11-23 17:00:00,0.9765014377236365,0.9770997637510299,0.9742131321132182,0.9899955700337887,0.953435770496726
2023-11-23 18:00:00,0.981098963022232,0.9835644835233688,0.9787606292963027,0.9908283485472202,0.9640039909631013
2023-11-23 19:00:00,0.9887025982141495,0.9884303656220436,0.9827484469115733,0.9918677979707717,0.9769495396316051
2023-11-23 20:00:00,0.9895063918828964,0.9878454706072806,0.9931085225939751,1.0,0.9881208646297455
2023-11-23 21:00:00,0.9930691719055176,0.9900072050094604,0.9969300915300845,0.9872575813531875,0.9884578077495099
2023-11-23 22:00:00,0.9928842586278914,1.0,0.9941620084643363,0.9535863242298365,0.9882495637238025
2023-11-23 23:00:00,1.0,1.0,0.9892146587371826,0.9253960731625557,0.9840307261049746
2023-11-24 00:00:00,1.0,1.0,0.9934254255890846,0.949476489648223,0.9890876011550426
2023-11-24 01:00:00,0.9952754703164101,1.0,0.9929271507263183,0.9538787353038788,0.9862470939755439
2023-11-24 02:00:00,0.9741841092705725,1.0,0.9681610401719808,0.9299333783239125,0.9426832436025143
2023-11-24 03:00:00,0.9905919024348259,1.0,0.9889384895563125,0.9616474644094705,0.967206797003746
2023-11-24 04:00:00,0.99878333568573,1.0,0.9912259516119957,0.9679814413189887,0.9773430471867323
2023-11-24 05:00:00,1.0,1.0,0.9923606999218464,0.9735762757062911,0.986593414992094
2023-11-24 06:00:00,0.9999503746628762,1.0,0.9975583650171757,0.9780934534966945,0.9875764665752649
2023-11-24 07:00:00,0.9942689499258994,1.0,0.9925231412053108,0.9668076033890247,0.9809527792036533
2023-11-24 08:00:00,0.9935404986143113,1.0,0.9915516321361064,0.9671149010211229,0.9734883904457092
2023-11-24 09:00:00,0.9715643307566642,0.9873979002237321,0.9715126238763332,0.9419449927657841,0.936857725828886
2023-11-24 10:00:00,0.943554276227951,0.9784019741415977,0.9494616126269102,0.9302446699887514,0.9182536502182482
2023-11-24 11:00:00,0.9283810505270957,0.971989105194807,0.951935399994254,0.9530384857207536,0.9216872155666351
2023-11-24 12:00:00,0.9041044545173644,0.9284348885715007,0.9240504640340804,0.9475698998570441,0.8988250994682312
2023-11-24 13:00:00,0.890406645834446,0.895893465578556,0.8909076503664255,0.914104079529643,0.8722024554014206
2023-11-24 14:00:00,0.9171254335343837,0.9154836420714854,0.9215624412894248,0.9333486109971999,0.8914446265995503
2023-11-24 15:00:00,0.5974956309795378,0.701912419348955,0.5347016155719756,0.7016559808701277,0.5040421617031097
2023-11-24 16:00:00,0.6037490224838256,0.6986330068111419,0.5622810429334639,0.7465420040488242,0.5152033883333206
2023-11-24 17:00:00,0.506496057510376,0.5048903429508209,0.4621327102184295,0.6955817193537951,0.4261496353149414
2023-11-24 18:00:00,0.40242763519287106,0.372421760559082,0.4391061919927597,0.7467320157587527,0.3974382972717285
2023-11-24 19:00:00,0.5000241553783417,0.550767079591751,0.6223511176556348,0.8985434303432702,0.5829671161621808
2023-11-24 20:00:00,0.788892582654953,0.7292078948020935,0.8720951710641385,0.9765213583409786,0.8602291225641965
2023-11-24 21:00:00,0.9769877204298972,0.9510397948324679,0.9806754985451698,0.9942125077545643,0.9648877355456351
2023-11-24 22:00:00,1.0,1.0,0.996905727237463,0.997596583366394,0.9890712240338325
2023-11-24 23:00:00,0.9889548742771148,1.0,0.9823067358136177,0.9711913214623926,0.9697592019289731
2023-11-25 00:00:00,0.9886220121383666,1.0,0.9855192430317401,0.9644153199344874,0.9774317522346974
2023-11-25 01:00:00,0.9983806788921357,1.0,0.9991903394460678,0.9864909040927887,0.9953340479731559
2023-11-25 02:00:00,0.9990088003873825,1.0,1.0,0.981150594651699,0.9921963207423686
2023-11-25 03:00:00,0.8240521720051766,0.8489805872738361,0.600391435548663,0.507148967385292,0.4982051849365234
2023-11-25 04:00:00,0.809979771375656,0.9356381420791149,0.562320274040103,0.513670163527131,0.4735195595026016
2023-11-25 05:00:00,0.863976672142744,0.9500875812768936,0.5618926316499709,0.5002665331959724,0.44627671182155604
2023-11-25 06:00:00,0.9156874020397663,0.9619140136241913,0.745923159494996,0.5815093262493609,0.6666485378891229
2023-11-25 07:00:00,0.924786270558834,0.9659636172652244,0.7752463119477032,0.5675532823801039,0.7035099758207797
2023-11-25 08:00:00,0.8836671504378318,0.9310302363336085,0.7103361232578753,0.46789646506309507,0.6194748042523861
2023-11-25 09:00:00,0.8178845891356468,0.8476930320262908,0.6135097236931324,0.36889101028442384,0.5124804729223251
2023-11-25 10:00:00,0.776704761981964,0.7970741735398769,0.5619285732507705,0.3115808406472206,0.4597065931558608
2023-11-25 11:00:00,0.751280161589384,0.7795279818773269,0.5255613709241151,0.262370320931077,0.41924156844615934
2023-11-25 12:00:00,0.7174389748275278,0.7656703442335129,0.4780600106716155,0.2053578896075487,0.37228401765227315
2023-11-25 13:00:00,0.6394514968991278,0.7274035429954528,0.41327525079250327,0.17339422598481175,0.32396128632128235
2023-11-25 14:00:00,0.6156124463677405,0.7295995479822158,0.4139066621661186,0.1939768250286579,0.3375787051022053
2023-11-25 15:00:00,0.48324142932891845,0.6676335005462168,0.3121460086852312,0.14973157819360494,0.2513978315144777
2023-11-25 16:00:00,0.5375085175037384,0.7466711609065533,0.35115874975919725,0.18531508840620514,0.28336676433682434
2023-11-25 17:00:00,0.5942963606119156,0.7782875327765941,0.3999103873968124,0.23773698739707466,0.32727238133549685
2023-11-25 18:00:00,0.5845842814445494,0.7512361852824687,0.411277624964714,0.26720923639833927,0.34449673958122723
2023-11-25 19:00:00,0.4136740112304687,0.5707897698879241,0.3070436709374189,0.21767566956579681,0.2587145879864693
2023-11-25 20:00:00,0.48831483721733093,0.658450207710266,0.41553358614444735,0.2572761461138725,0.3855246359854936
2023-11-25 21:00:00,0.4153894424438476,0.587087765932083,0.3689628982543945,0.26901691317558285,0.3302040939033032
2023-11-25 22:00:00,0.41666278839111326,0.5917803800106047,0.3558162117004395,0.23790785558521743,0.3306545984745025
2023-11-25 23:00:00,0.33000389426946636,0.48665878653526307,0.2789120428264141,0.21067834243178366,0.25850551821291445
2023-11-26 00:00:00,0.26677531659603115,0.44466292738914487,0.23249008797109125,0.19327389299869538,0.22534658305346963
2023-11-26 01:00:00,0.23456582933664322,0.40712120056152346,0.19870944119989867,0.1503594098240137,0.19147825349122286
2023-11-26 02:00:00,0.2344838367402553,0.38987033843994134,0.1953570285439491,0.15780343238264322,0.18723273318260905
2023-11-26 03:00:00,0.29769728317856786,0.4738312220573425,0.2277783592790365,0.15509209651499986,0.20526975858956573
2023-11-26 04:00:00,0.35871236056089395,0.5530053830146788,0.27438755244016644,0.20773944005370137,0.24147337310016154
2023-11-26 05:00:00,0.40096019744873046,0.6120961463451384,0.3308046125620603,0.24468060895800586,0.2957167389243841
2023-11-26 06:00:00,0.3959390258789062,0.5927788770198821,0.33658653467893596,0.243527934923768,0.2875049448013305
2023-11-26 07:00:00,0.39782532572746276,0.616719022989273,0.30182327345013615,0.2073911967128515,0.26095555074512955
2023-11-26 08:00:00,0.3261653712391853,0.523348376750946,0.26378820925951,0.21795162059366702,0.2274174184352159
2023-11-26 09:00:00,0.30454839363694186,0.5003111517429352,0.24526835083961482,0.2249426773190498,0.2185463465005159
2023-11-26 10:00:00,0.2548078596591949,0.44025363922119143,0.19626988671720025,0.1780157835036516,0.17110663451254365
2023-11-26 11:00:00,0.20498382866382597,0.36787681579589837,0.16071436963975427,0.1336824755370617,0.14276283152401445
2023-11-26 12:00:00,0.17384016215801237,0.3419158554077148,0.1279856403917074,0.10026643335819244,0.12004200540482997
2023-11-26 13:00:00,0.1513756351917982,0.311495232284069,0.10698294147849083,0.07489396296441553,0.10317828245460987
2023-11-26 14:00:00,0.10604910001158713,0.2696228840947151,0.08388394255191087,0.05730958383530379,0.09189476830884813
2023-11-26 15:00:00,0.04253430254757404,0.17849179849028585,0.051815064437687394,0.05217170104384422,0.07026928577572107
2023-11-26 16:00:00,0.031407158300280576,0.1634349478781223,0.10316983994096515,0.13531584847718475,0.13743692878633737
2023-11-26 17:00:00,0.14552714630961416,0.27974165052175515,0.28743673987686635,0.3135100850462913,0.31491326987743373
2023-11-26 18:00:00,0.36085502624511717,0.4673793411254883,0.5142231583595275,0.4904659795761107,0.5161023867130279
2023-11-26 19:00:00,0.4543159770965576,0.6658243669569492,0.6342127837985754,0.6160659237205981,0.641972102075815
2023-11-26 20:00:00,0.2888589078187942,0.4845441401004791,0.48336058467626564,0.6573642148077486,0.5115041238069533
2023-11-26 21:00:00,0.46716262221336363,0.6497983267903327,0.5844781094789504,0.5597258365154265,0.5783485530316829
2023-11-26 22:00:00,0.4865531742572784,0.5959858155250548,0.5200749474763869,0.54324214220047,0.48339321672916413
2023-11-26 23:00:00,0.35630059659481045,0.4780344223976135,0.47016603380441657,0.7151546361297367,0.4774148249626159
2023-11-27 00:00:00,0.44731414794921875,0.6226230120658873,0.5990580192208289,0.7409733476489782,0.6130745938420294
2023-11-27 01:00:00,0.7517164668440818,0.7989512762427329,0.8359235801547765,0.7667750774323939,0.8071367643773555
2023-11-27 02:00:00,0.8620902998745441,0.8390085338056086,0.901206738576293,0.8899738478660583,0.8541671074181794
2023-11-27 03:00:00,0.7688615521788597,0.6460388197004794,0.7899764744937419,0.7790486148744822,0.7300557623058557
2023-11-27 04:00:00,0.7923948167264461,0.6501194378733635,0.7472994191944597,0.7566924989968536,0.6747043768316506
2023-11-27 05:00:00,0.8719002214074134,0.7778106419742107,0.8246536572277545,0.9044720757752657,0.7539960531890393
2023-11-27 06:00:00,0.9071940770745277,0.8819167268276213,0.8985783168673515,0.9692504975944758,0.8422604309767485
2023-11-27 07:00:00,0.9637134203314781,0.9719391137361526,0.9619351775199173,0.9881729750335216,0.9173893355578183
2023-11-27 08:00:00,0.9773690983653067,0.9844013506174087,0.9716843602061271,0.9898703059554099,0.9420578114688396
2023-11-27 09:00:00,0.995288967192173,0.9943304154276847,0.9849480880796908,0.9935213324427604,0.9728110390901564
2023-11-27 10:00:00,0.9968371409177781,0.9845751836895942,0.9873992453515529,0.9955316677689552,0.976910346224904
2023-11-27 11:00:00,0.998727448284626,0.9881525549292565,0.996599646061659,0.9997967261075973,0.9866779908537864
2023-11-27 12:00:00,1.0,0.9965479308366776,0.9992909428477288,1.0,0.9935276249051094
2023-11-27 13:00:00,1.0,1.0,1.0,1.0,0.9986697901785374
2023-11-27 14:00:00,1.0,1.0,1.0,1.0,1.0
2023-11-27 15:00:00,1.0,1.0,1.0,1.0,1.0
2023-11-27 16:00:00,1.0,1.0,1.0,1.0,1.0
2023-11-27 17:00:00,1.0,1.0,1.0,1.0,1.0
2023-11-27 18:00:00,1.0,1.0,1.0,1.0,1.0
2023-11-27 19:00:00,1.0,1.0,1.0,1.0,1.0
2023-11-27 20:00:00,1.0,1.0,1.0,1.0,1.0
2023-11-27 21:00:00,1.0,1.0,1.0,1.0,1.0
2023-11-27 22:00:00,1.0,1.0,1.0,1.0,1.0
2023-11-27 23:00:00,1.0,1.0,1.0,1.0,1.0
2023-11-28 00:00:00,1.0,1.0,1.0,1.0,1.0
2023-11-28 01:00:00,1.0,1.0,1.0,1.0,1.0
2023-11-28 02:00:00,1.0,1.0,1.0,1.0,1.0
2023-11-28 03:00:00,0.9915481591224671,1.0,0.9931481316685676,0.9999418099224567,0.981244790777564
2023-11-28 04:00:00,0.9997930479049683,1.0,0.9791412620991469,0.9834575264900922,0.988460581600666
2023-11-28 05:00:00,0.9927295157313347,1.0,0.9969898395240306,1.0,0.9947183898091315
2023-11-28 06:00:00,1.0,1.0,0.9992148101329803,1.0,0.9948102232813836
2023-11-28 07:00:00,1.0,0.9935780405998229,1.0,1.0,0.9996952639520168
2023-11-28 08:00:00,1.0,0.9912364846467971,0.9984333972632885,1.0,0.9933481073379516
2023-11-28 09:00:00,0.9890097889304161,0.9918904903531074,0.9959116853773593,1.0,0.992402056902647
2023-11-28 10:00:00,0.9912210422754287,0.9981463834643364,0.9981511636078357,1.0,0.9945953676104545
2023-11-28 11:00:00,0.9990521788597106,0.9915841203927993,0.9973292297124862,1.0,0.9916409092396498
2023-11-28 12:00:00,0.9893822601437569,0.986590245962143,0.9864297793805599,1.0,0.9654463784396649
2023-11-28 13:00:00,0.9739450196921824,0.9847681069374083,0.9713843964040279,1.0,0.952081165984273
2023-11-28 14:00:00,0.9818741062283516,0.995552323460579,0.9774239234626293,1.0,0.9549923550337553
2023-11-28 15:00:00,0.9983478486537933,1.0,0.9991739243268967,1.0,0.9992128950357437
2023-11-28 16:00:00,1.0,1.0,1.0,1.0,0.9986832490563393
2023-11-28 17:00:00,1.0,0.950840016901493,0.9999566215276718,1.0,0.9971864561736583
2023-11-28 18:00:00,0.9809823650121687,0.866258161664009,0.9698644832521676,0.9933774797618389,0.9449896863847971
2023-11-28 19:00:00,0.9114043819904327,0.7560512362420557,0.8769414480775595,0.9434730572253466,0.8662227372825144
2023-11-28 20:00:00,0.8948823142051696,0.8985333570837974,0.8011035506427286,0.9092537128925323,0.8381351169943809
2023-11-28 21:00:00,0.9876311925053596,0.9936733090877532,0.8895530266314745,0.9383226425945759,0.9193239919096231
2023-11-28 22:00:00,0.9999021628499032,1.0,0.9590304283052683,0.9748584973067045,0.9753605585545301
2023-11-28 23:00:00,1.0,1.0,0.9927148941159248,0.9953024184703827,0.9961063109338284
2023-11-29 00:00:00,1.0,1.0,1.0,1.0,1.0
2023-11-29 01:00:00,1.0,1.0,1.0,1.0,1.0
2023-11-29 02:00:00,1.0,1.0,1.0,0.9957206620275973,0.9988612543046475
2023-11-29 03:00:00,0.9854470849037169,0.9577237080037593,0.9800203225016594,0.9500311989337207,0.9389632844924927
2023-11-29 04:00:00,0.7519336885213851,0.713785278648138,0.5714859569072722,0.7966817276924848,0.49148431479930865
2023-11-29 05:00:00,0.5605070745944976,0.5631040787696837,0.4398148339986801,0.8242239870131016,0.38465753555297855
2023-11-29 06:00:00,0.5907023108005522,0.6439513540267943,0.5737967206537723,0.9186553083360195,0.5440740163624287
2023-11-29 07:00:00,0.8282605764269828,0.8014584474265575,0.8597095941752194,0.9935676747560501,0.8217309366166591
2023-11-29 08:00:00,0.9412771889567374,0.831984764188528,0.9621945177018641,1.0,0.9591890177875757
2023-11-29 09:00:00,0.965707668364048,0.8624406200647354,0.9814293349534273,0.9991491648554802,0.9762921418994666
2023-11-29 10:00:00,0.9768727713823319,0.8987936690449714,0.9748083512485026,0.9905884294211864,0.9663417628407478
2023-11-29 11:00:00,0.9829402834177017,0.965501317232847,0.9727354763448237,0.9862218544632196,0.9597586888819931
2023-11-29 12:00:00,0.9866719719767569,0.9878396037220954,0.9657992762327192,0.9797184862941504,0.9498522559553385
2023-11-29 13:00:00,0.983595672249794,0.9908832404017449,0.9639124233275652,0.9847144767642021,0.9370597555488347
2023-11-29 14:00:00,0.9811073833703994,0.9803617721796035,0.9698301707208157,0.9908515956997871,0.942619846239686
2023-11-29 15:00:00,0.9843223756551742,0.9914893686771393,0.9846703685820102,0.9948623792827129,0.973566292822361
2023-11-29 16:00:00,0.9925966292619706,0.995960938334465,0.9930748412013053,0.9964881448447704,0.9848514744639396
2023-11-29 17:00:00,0.9936490055918694,1.0,0.9884222720563411,0.992506771683693,0.9807891656458377
2023-11-29 18:00:00,0.9938775101304054,1.0,0.9785076768696308,0.9805252770334482,0.9587375009804964
2023-11-29 19:00:00,0.9518796676397323,1.0,0.9477975149452685,0.9649706608057023,0.9110506530851126
2023-11-29 20:00:00,0.9835415935516356,1.0,0.9803431075811386,0.9909063051640987,0.9530576357245444
2023-11-29 21:00:00,1.0,1.0,1.0,1.0,0.998853343129158
2023-11-29 22:00:00,1.0,1.0,1.0,1.0,1.0
2023-11-29 23:00:00,1.0,1.0,1.0,1.0,1.0
2023-11-30 00:00:00,1.0,1.0,0.997098354101181,0.9854236401617528,0.9952741859853268
2023-11-30 01:00:00,0.9947362488508225,1.0,0.9716755816340445,0.9547404758632183,0.9524344993382692
2023-11-30 02:00:00,0.9723877339065075,0.9862774467468262,0.9488574887067079,0.9035557279735802,0.958031521141529
2023-11-30 03:00:00,0.8817210336029528,0.9757005926966666,0.7967199219763278,0.7908176754415034,0.7363539291918276
2023-11-30 04:00:00,0.9609785228967666,0.9992612588405609,0.9270573576539753,0.9218358769267797,0.8831082744896412
2023-11-30 05:00:00,0.9961815240979195,1.0,0.9835511158406733,0.9771869549155234,0.9666826900839806
2023-11-30 06:00:00,1.0,1.0,0.989826973080635,0.9861653907597064,0.9764698614180087
2023-11-30 07:00:00,1.0,1.0,0.9878154902160168,0.9859668970108032,0.9733141231536865
2023-11-30 08:00:00,0.9991145259141923,1.0,0.9855387283861637,0.9780192835628986,0.9705222098529338
2023-11-30 09:00:00,0.996049792766571,1.0,0.9781331157684325,0.93137598618865,0.9470335944741964
2023-11-30 10:00:00,0.9899791321158409,1.0,0.9608379468321799,0.9090222823619841,0.9260817895829676
2023-11-30 11:00:00,0.988830043375492,1.0,0.9486849352717399,0.7988007618486881,0.9098113469779491
2023-11-30 12:00:00,0.9827864676713942,0.9912918856739998,0.9072764283418655,0.69605272449553,0.8543968661874531
2023-11-30 13:00:00,0.957166332900524,0.9728832110762595,0.8704002975672482,0.7129822769761085,0.8044308482110499
2023-11-30 14:00:00,0.9103651438653468,0.9510287021100521,0.8612471145391464,0.8040965803712606,0.8046603938937187
2023-11-30 15:00:00,0.9404921606183051,0.9739255915582179,0.9057861315459012,0.8670555169135331,0.8571039863675832
2023-11-30 16:00:00,0.9811030364036559,0.9974324169754982,0.9743931537866592,0.9277247460931539,0.9436237481236458
2023-11-30 17:00:00,0.9940717557072639,1.0,0.9823218894004822,0.9302957387268542,0.9595612345635891
2023-11-30 18:00:00,0.9952891951799392,1.0,0.9871838577091694,0.9740238582342864,0.9719791878014803
2023-11-30 19:00:00,0.9941367626190185,1.0,0.9879139201343059,0.9870169934630393,0.974637201949954
2023-11-30 20:00:00,0.9824096190929412,1.0,0.9830842576920986,0.9972603090107441,0.9668393778055906
2023-11-30 21:00:00,0.97972285926342,1.0,0.963358932211995,0.9865714065730571,0.9329277706891297
2023-11-30 22:00:00,0.9768747296929359,1.0,0.9674258378148077,0.9867383240163325,0.9439582370221614
2023-11-30 23:00:00,0.9850152760744094,1.0,0.9882020814716816,0.9988038621842861,0.9815113440155983
2023-12-01 00:00:00,1.0,1.0,1.0,1.0,0.9967034944891929
2023-12-01 01:00:00,1.0,1.0,1.0,1.0,1.0
2023-12-01 02:00:00,1.0,1.0,1.0,1.0,1.0
2023-12-01 03:00:00,1.0,1.0,1.0,1.0,1.0
2023-12-01 04:00:00,1.0,1.0,1.0,1.0,1.0
2023-12-01 05:00:00,1.0,1.0,1.0,1.0,1.0
2023-12-01 06:00:00,1.0,1.0,1.0,1.0,1.0
2023-12-01 07:00:00,1.0,1.0,1.0,0.9883532677590847,1.0
2023-12-01 08:00:00,1.0,0.9874104395508765,1.0,0.9317772841453552,0.9930023714900017
2023-12-01 09:00:00,1.0,0.7751998147368431,0.9846955688297748,0.7716235514730214,0.888697450235486
2023-12-01 10:00:00,0.9385744999349117,0.5010169756412506,0.8152081666141747,0.5374035889655352,0.6950755559653043
2023-12-01 11:00:00,0.7839850316941738,0.4261699295043945,0.6108100605010985,0.3387060628086328,0.5361456141620874
2023-12-01 12:00:00,0.5214580011367798,0.3769581604003906,0.36000961005687704,0.18809117868542669,0.3129823435842991
2023-12-01 13:00:00,0.32906600952148435,0.33160175189375873,0.23379494942724702,0.16240868426859378,0.2129193093627691
2023-12-01 14:00:00,0.27548024997115134,0.31439440324902534,0.20726941838860508,0.19545293033123012,0.17810477361083027
2023-12-01 15:00:00,0.30059208005666727,0.36340221315622323,0.2615596269071102,0.2699671200662851,0.23062785625457763
2023-12-01 16:00:00,0.19255207881331443,0.27214380413293837,0.1649279996007681,0.23946029171347613,0.15450633265078068
2023-12-01 17:00:00,0.18780180349946018,0.21607628315687177,0.18513941206037998,0.2757921256870031,0.17094036199152465
2023-12-01 18:00:00,0.23134125798940658,0.10760380938649178,0.2267712517082691,0.2834483882784843,0.18303286194801327
2023-12-01 19:00:00,0.23476192116737363,0.07999599128961563,0.25396619498729706,0.4084994748234748,0.2209022707492113
2023-12-01 20:00:00,0.221585419178009,0.10312641240656376,0.3204143220186233,0.520997120141983,0.3199264951795339
2023-12-01 21:00:00,0.09702684476971626,0.11990978747606276,0.1644142623245716,0.4128564547747373,0.16336465880274773
2023-12-01 22:00:00,0.12111368238925933,0.08858143225312232,0.21233149722218508,0.43086760245263567,0.21086173817515372
2023-12-01 23:00:00,0.12772073216736315,0.1036063165217638,0.22066658996045585,0.39734099768102166,0.23991754032671447
2023-12-02 00:00:00,0.13318887382745742,0.13296235054731367,0.24541972823441027,0.39327186048030854,0.280059597492218
2023-12-02 01:00:00,0.14231456339359283,0.1471458166837692,0.21773313000798222,0.3184855446219444,0.2615850485861301
2023-12-02 02:00:00,0.21313065648078916,0.2017597037553787,0.35925805792212484,0.34842178396880624,0.3724939261376858
2023-12-02 03:00:00,0.27308486521244046,0.22526062771677968,0.4057365012168884,0.36779948242008687,0.43216986775398253
2023-12-02 04:00:00,0.29692343682050704,0.22420652687549592,0.45515773832798,0.43387107096612454,0.48143190383911133
2023-12-02 05:00:00,0.2681121036410331,0.25486848741769785,0.45404495932161804,0.5272076225280761,0.48288298547267905
2023-12-02 06:00:00,0.2100778244435787,0.26268406569957725,0.41417783342301845,0.48994881033897386,0.4522860604524612
2023-12-02 07:00:00,0.20826320260763165,0.2391860809922218,0.29941530801355837,0.3562981033325195,0.3170191159844398
2023-12-02 08:00:00,0.1482035399973392,0.13627120330929754,0.21018042288720604,0.2761562860012054,0.2151446472108364
2023-12-02 09:00:00,0.10736366361379623,0.10916326373815537,0.1615182729810476,0.23517860166728494,0.16839544288814065
2023-12-02 10:00:00,0.11123029813170432,0.10193774275481701,0.16074568279087542,0.21738255001604553,0.16694724291563032
2023-12-02 11:00:00,0.11686364166438579,0.09516987182199954,0.15670024581253528,0.1818207850307226,0.1572282589972019
2023-12-02 12:00:00,0.12045043528079985,0.08233229599893092,0.15008037582039832,0.1549838401377201,0.1485553752630949
2023-12-02 13:00:00,0.13067112386226654,0.07812838554382323,0.1543843125551939,0.14322501331567764,0.1506219545006752
2023-12-02 14:00:00,0.15044410258531568,0.1008793618530035,0.16451820731163025,0.1428116140142083,0.16292383797466756
2023-12-02 15:00:00,0.23265472024679182,0.18262856811285016,0.21226210847496985,0.14884128138422964,0.20016464464366435
2023-12-02 16:00:00,0.21734404802322385,0.18355791822075843,0.19005693741142748,0.14249977730214594,0.17867202557623385
2023-12-02 17:00:00,0.19926482930779454,0.171950459331274,0.18316634312272068,0.17024789348244665,0.17511955350637434
2023-12-02 18:00:00,0.24961835861206053,0.2061862221360206,0.2163595449924469,0.20029044471681118,0.19792449228465556
2023-12-02 19:00:00,0.24010396763682362,0.20360526561737058,0.22951179333031174,0.24782280236482618,0.23717869296669955
2023-12-02 20:00:00,0.16647841230034827,0.1448837724328041,0.16145488366484642,0.17821875974535942,0.15390432469546794
2023-12-02 21:00:00,0.08195786572992803,0.0800031740218401,0.09110494438558817,0.07706545799970627,0.09975682083517314
2023-12-02 22:00:00,0.0571649918705225,0.04863512948155403,0.05531900595873594,0.04520196817815304,0.054544732198119165
2023-12-02 23:00:00,0.04607172824442386,0.04510468736290932,0.04436641812324524,0.04649785444140434,0.048358867391943935
2023-12-03 00:00:00,0.05742741242051125,0.08499965123832226,0.048192357644438744,0.041821655631065366,0.05609166990965604
2023-12-03 01:00:00,0.03784917756915093,0.0645964801311493,0.0392384073510766,0.04713829465210438,0.046852834858000285
2023-12-03 02:00:00,0.11843896448612212,0.08053046450018883,0.12076331689953804,0.11653686121106147,0.12050412490963934
2023-12-03 03:00:00,0.16001262545585632,0.09228090353310109,0.18979405917227266,0.15783150281757116,0.1875111711770296
2023-12-03 04:00:00,0.2567141261696815,0.15688868567347525,0.27864687249064435,0.23195106618106362,0.26683888889849183
2023-12-03 05:00:00,0.28160114422440524,0.19255786582827566,0.2904867106676101,0.2448018535971641,0.27256808921694753
2023-12-03 06:00:00,0.30367634475231164,0.20572761133313178,0.31043799467384814,0.2609251428395509,0.28868068918585776
2023-12-03 07:00:00,0.3281363508105277,0.22807132512331005,0.3416821806132793,0.2733781965821981,0.32421522721648216
2023-12-03 08:00:00,0.3311918376386165,0.24324036419391631,0.33200135506689543,0.2580739095062017,0.30936535246670244
2023-12-03 09:00:00,0.3052293829619884,0.2449517078697681,0.363971996307373,0.31887648247182365,0.3568352252244949
2023-12-03 10:00:00,0.3583104494214058,0.25778476044535636,0.4224097442626953,0.38792951822280874,0.41139623939990994
2023-12-03 11:00:00,0.43046039581298823,0.3023400385677814,0.5307927137613296,0.5221187245845794,0.5245054358243941
2023-12-03 12:00:00,0.46132291674613946,0.35302085414528844,0.6021724651008843,0.6065495657920836,0.6009774214029311
2023-12-03 13:00:00,0.5204998254776001,0.4123032617568969,0.6209249763190745,0.5630868103355169,0.6097140388935803
2023-12-03 14:00:00,0.403345650434494,0.30408346638083456,0.5302081263065337,0.5480310937017202,0.5420614922791719
2023-12-03 15:00:00,0.3712420959770679,0.2819579392671585,0.5120828020572662,0.46384091928601257,0.5208565680682659
2023-12-03 16:00:00,0.5539494746923446,0.3840717653930187,0.6517226437479257,0.4543460432440042,0.6461410707980394
2023-12-03 17:00:00,0.4981235349178314,0.4414755429327487,0.6252602035552262,0.5515952820330857,0.6530576842278242
2023-12-03 18:00:00,0.5249934899806976,0.4567045533657073,0.6483038368076085,0.51831142000854,0.657806365340948
2023-12-03 19:00:00,0.5419738568365573,0.3480534392595291,0.6308355285227298,0.4720636546611785,0.6199380642175673
2023-12-03 20:00:00,0.3510163958370685,0.2845314088463783,0.42276422500610344,0.3232589960843324,0.40620709002017974
2023-12-03 21:00:00,0.2458911609649658,0.22953522384166714,0.3162010395526886,0.23844608366489406,0.31434032544493673
2023-12-03 22:00:00,0.16631954893469808,0.16240716651082038,0.2139147529751062,0.14341497935354708,0.20412189848721024
2023-12-03 23:00:00,0.09292249239981173,0.11400737091898917,0.14459286235272883,0.07018177755177021,0.1578998990356922
2023-12-04 00:00:00,0.06450186550617218,0.07538525976240634,0.0735726360231638,0.014644382651895285,0.07313616182655096
2023-12-04 01:00:00,0.026359339505434037,0.02883604019880295,0.028036150354892014,0.002974109966307878,0.029996275901794434
2023-12-04 02:00:00,0.010610411539673806,0.021676540225744247,0.015218304619193077,0.003990641292184591,0.013023331314325332
2023-12-04 03:00:00,0.0,0.001319088265299797,0.0,0.0012374987453222274,0.0
2023-12-04 04:00:00,0.0,0.0,0.0010556873679161071,0.028056385070085524,0.0
2023-12-04 05:00:00,0.011231887452304362,0.0,0.039619056582450865,0.10386739831417799,0.02911012902855873
2023-12-04 06:00:00,0.11301578015089034,0.002827078066766262,0.15853258796036243,0.21340709447860717,0.1403308629617095
2023-12-04 07:00:00,0.33143105342984197,0.04195176236331463,0.337856552824378,0.37501740410923956,0.29977402605116366
2023-12-04 08:00:00,0.6368853470683097,0.13175336062908172,0.557680530399084,0.5703796476125716,0.4762591518461704
2023-12-04 09:00:00,0.793291108161211,0.2736078795790672,0.6470846774429082,0.617671945542097,0.5583780217170715
2023-12-04 10:00:00,0.8250931414961815,0.39709938049316407,0.6413139422237872,0.5743470361828803,0.5479305343329905
2023-12-04 11:00:00,0.8168433217704296,0.5088441431522368,0.6346582064777612,0.5782026356458663,0.5498325097560882
2023-12-04 12:00:00,0.7646537466347217,0.5993818505108356,0.6151019661128521,0.5995073670893907,0.5416236204653977
2023-12-04 13:00:00,0.7335358990728854,0.6412704063951968,0.6251786431670188,0.6569507440924643,0.5540245246887207
2023-12-04 14:00:00,0.7658634497225284,0.6724222129583357,0.6511134913563728,0.6805806456506251,0.5615896397829054
2023-12-04 15:00:00,0.6186492300033568,0.5254672563076018,0.5133687001466751,0.630485313758254,0.4410642200708389
2023-12-04 16:00:00,0.5999388551712035,0.504353814125061,0.4905717802047729,0.5986047265678645,0.41174741685390465
2023-12-04 17:00:00,0.5483758902549742,0.4423884975910186,0.40558291077613823,0.4525995856523513,0.3239701575040817
2023-12-04 18:00:00,0.4866553997993469,0.3699458700418472,0.33296481423079966,0.3183629301190376,0.2639045479893684
2023-12-04 19:00:00,0.61449001789093,0.3668805457651615,0.403446931168437,0.3153267230093479,0.3188287594169378
2023-12-04 20:00:00,0.55044691324234,0.37195546984672545,0.41249738872051234,0.35092123031616207,0.3335011431574821
2023-12-04 21:00:00,0.5547093009948729,0.35053576186299323,0.4221328371763229,0.3375869417190551,0.34517641447484493
2023-12-04 22:00:00,0.6297813279926776,0.41450660824775687,0.5276532415300608,0.40132950127124783,0.43719263702630995
2023-12-04 23:00:00,0.6438494651019573,0.45594414591789245,0.5628929229825734,0.470211175084114,0.4797598540782927
2023-12-05 00:00:00,0.603096888065338,0.4841341757774352,0.6190007975697517,0.5830422995984553,0.5743614619970321
2023-12-05 01:00:00,0.5692636823654174,0.5143578803539276,0.5491645044088362,0.537047294974327,0.514739424586296
2023-12-05 02:00:00,0.47961557388305665,0.427266616821289,0.44390786170959473,0.426940575838089,0.4071198749542236
2023-12-05 03:00:00,0.3063432583212852,0.3139052459597587,0.32190909460186956,0.41433406829833985,0.31486249126493926
2023-12-05 04:00:00,0.32914100646972655,0.35569774627685546,0.33850631713867185,0.42935049057006835,0.32824785098433495
2023-12-05 05:00:00,0.40129512786865235,0.39595573425292974,0.37016466140747073,0.4007523536682128,0.3418965148925781
2023-12-05 06:00:00,0.4326784896850586,0.4081612396240234,0.36721548080444333,0.35762157440185544,0.32526294894516466
2023-12-05 07:00:00,0.43482868194580077,0.37018920898437496,0.34777334034442897,0.26816340982913967,0.3046996413171291
2023-12-05 08:00:00,0.4133303451538086,0.34447165414690967,0.2733872172981501,0.19585480690002438,0.22430808261036872
2023-12-05 09:00:00,0.3586477661132812,0.34152950331568716,0.24229596018791194,0.22731518149375912,0.20735505670309065
2023-12-05 10:00:00,0.46347301244735717,0.3845754241943359,0.298234573751688,0.22462102115154262,0.23498610161244865
2023-12-05 11:00:00,0.3922567367553711,0.3656035731732845,0.22241510726511476,0.15480416923761367,0.15783379182219506
2023-12-05 12:00:00,0.26960779592394823,0.2584607391059398,0.1369366070628166,0.10331844244152305,0.09076692514121532
2023-12-05 13:00:00,0.1784480848908424,0.1775744657218456,0.0674306696653366,0.04832182183861733,0.033888527527451515
2023-12-05 14:00:00,0.08823677882552147,0.09656637653708458,0.021609974019229414,0.023369848206639295,0.0037408200278878207
2023-12-05 15:00:00,0.06631211079657079,0.0718158957362175,0.01586991146206856,0.04558229990303517,0.003557092808187008
2023-12-05 16:00:00,0.0797815352678299,0.09810104385018348,0.022390467505902054,0.07278576878830789,0.008959229215979577
2023-12-05 17:00:00,0.06925806999206544,0.08412754975259304,0.020737383533269167,0.09004910938441751,0.010689484663307668
2023-12-05 18:00:00,0.053808990865945816,0.06616813704371452,0.014237680602818728,0.08063618684187532,0.008330602645874024
2023-12-05 19:00:00,0.019585960321128373,0.031017165780067444,0.0034417309984564777,0.04678016807883978,0.009247128423303365
2023-12-05 20:00:00,0.00192737590521574,0.00217304240912199,0.0022433673590421675,0.021442296709865333,0.003127123452723026
2023-12-05 21:00:00,0.002783197052776813,0.007622033096849917,0.0017844807170331479,0.011735857129096985,0.001241213474422693
2023-12-05 22:00:00,0.0009783759340643882,0.0032894463837146756,0.0004038160294294357,0.007612025327980519,4.25923615694046e-05
2023-12-05 23:00:00,0.0005602073669433593,0.0029278114438056942,0.0010717676766216753,0.014336434770375491,0.0019448069855570794
2023-12-06 00:00:00,0.0,0.0007183080539107322,0.0010624879226088521,0.0232260762155056,0.002542221192270517
2023-12-06 01:00:00,0.0,0.0,0.002009912636131048,0.03101270873099566,0.00395293915644288
2023-12-06 02:00:00,0.0,0.0,0.0016920653171837328,0.04165485173463822,0.0038063922151923175
2023-12-06 03:00:00,0.0,0.0,0.01185850016772747,0.08281325284391641,0.021916219089180237
2023-12-06 04:00:00,0.001652654744684696,0.0,0.031256574094295504,0.16513997193425892,0.04439934615045786
2023-12-06 05:00:00,0.003904812783002853,0.0,0.05389854867011309,0.24297904934734105,0.06695620335638523
2023-12-06 06:00:00,0.004516442529857159,0.0023705412447452543,0.05675238214433193,0.26789208002388476,0.06625310089439153
2023-12-06 07:00:00,0.004491264708340168,0.007505489699542522,0.06091193780303001,0.2938742662966251,0.06966305956244469
2023-12-06 08:00:00,0.018522104993462563,0.02809116706252098,0.07515895791351794,0.3234702405333518,0.08652100201696156
2023-12-06 09:00:00,0.05038154393434525,0.07543483920395375,0.08135688606649637,0.28773317627608774,0.09237390290945767
2023-12-06 10:00:00,0.08697963416576385,0.12600465267896652,0.0989139300212264,0.2569483987614512,0.10591336760669945
2023-12-06 11:00:00,0.10755059748888016,0.13772636368870733,0.12110518150031566,0.26451826170086856,0.12315836876630781
2023-12-06 12:00:00,0.12270116358995437,0.14362487390637396,0.13555089302361012,0.25829220317304136,0.13373061582446097
2023-12-06 13:00:00,0.12531643599271775,0.15334064722061155,0.14235469847917553,0.2632870437204837,0.14177155569195748
2023-12-06 14:00:00,0.13741469413042068,0.18761608973145483,0.14262437522411345,0.2642124009132385,0.14077167965471743
2023-12-06 15:00:00,0.18216570526361464,0.34759941101074215,0.1963819784671068,0.2869484285265207,0.19989912569522855
2023-12-06 16:00:00,0.2858160997927188,0.46137112855911255,0.2782832049578428,0.36312793649733066,0.2655962212383747
2023-12-06 17:00:00,0.33476129487156864,0.4320888042449951,0.28151276849210255,0.3297479995340109,0.2546182820945978
2023-12-06 18:00:00,0.30545088246464724,0.3450368174910545,0.25477112308144567,0.26518340602517126,0.22298360414803026
2023-12-06 19:00:00,0.362589988708496,0.32878820866346353,0.3091328244656324,0.2758184497803449,0.26160667218267913
2023-12-06 20:00:00,0.5178806042671203,0.43703234553337095,0.5456856793165207,0.4071942131221294,0.506503859758377
2023-12-06 21:00:00,0.4665904629230499,0.36336802810430524,0.4009921264648437,0.27350295387208456,0.3500506331771612
2023-12-06 22:00:00,0.3204838669300079,0.24187200799584385,0.25919746093451973,0.21788460128009318,0.21437888510525224
2023-12-06 23:00:00,0.31509128823876376,0.2199504745006561,0.2778828333318233,0.21768382668495173,0.23350689843297
2023-12-07 00:00:00,0.37238185882568353,0.24227746829390523,0.2970801072567701,0.1605784028023481,0.2414989483356475
2023-12-07 01:00:00,0.37784961760044095,0.22799846455454822,0.2824898335337639,0.1133945896103978,0.21941195510327816
2023-12-07 02:00:00,0.24679474756121633,0.17114112138748167,0.20221220441162585,0.07468894593417644,0.17517802320420742
2023-12-07 03:00:00,0.038376046866178515,0.014995866902172566,0.012828127257525922,0.00602802351117134,0.00325840862467885
2023-12-07 04:00:00,0.054619060456752785,0.09154761694371702,0.029905063286423686,0.07895765081048012,0.024473147317767143
2023-12-07 05:00:00,0.16376062184572218,0.20314944043755528,0.13461057566106316,0.30401527404785156,0.12004121221601963
2023-12-07 06:00:00,0.2097060279548168,0.260193793028593,0.19306925743818282,0.47507020570337766,0.17975005589425563
2023-12-07 07:00:00,0.2971096713840961,0.41167140960693355,0.35357348300516606,0.6170786207914352,0.3474560683965683
2023-12-07 08:00:00,0.44598580718040465,0.5558159804344176,0.4616039288043976,0.6457281643897295,0.43151337563991543
2023-12-07 09:00:00,0.6085677845776081,0.7739909982681275,0.6406825194507837,0.7590810715407132,0.6034898979961871
2023-12-07 10:00:00,0.7174942111968994,0.8352099780738353,0.7003026670217513,0.8394921108335256,0.6464421814680099
2023-12-07 11:00:00,0.7365974834561346,0.8485134515166282,0.7155671889334916,0.8403524336963891,0.6680670192837714
2023-12-07 12:00:00,0.8206480248272419,0.9431990610063075,0.7418682122975586,0.8372216577082873,0.6764241664111613
2023-12-07 13:00:00,0.8859060701727867,0.9807449436187743,0.7924643181264399,0.8943547453731299,0.7220340321213007
2023-12-07 14:00:00,0.8679535640776157,0.958421365469694,0.8585554175823926,0.9696983782947063,0.8149854923784732
2023-12-07 15:00:00,0.8818401823937891,0.9573777273297309,0.8998559396713971,0.9819775974750519,0.8620811422914265
2023-12-07 16:00:00,0.8889348535239696,0.8724009570479392,0.9106657183170318,0.969742729961872,0.8825122450292109
2023-12-07 17:00:00,0.7648012800514697,0.782005059570074,0.7939881652593612,0.892769335284829,0.7553262034803628
2023-12-07 18:00:00,0.7279807871580123,0.7575000604987143,0.7516858784854412,0.8349665316939353,0.7141712101548908
2023-12-07 19:00:00,0.7576833246648311,0.7510543397068976,0.7363103961944578,0.76208583176136,0.6957419453561304
2023-12-07 20:00:00,0.6916360540688037,0.6940313762426376,0.6568990616500376,0.6278737536072729,0.5940337865054607
2023-12-07 21:00:00,0.48105577945709227,0.44547340393066404,0.4680013632774353,0.5123909419775008,0.4554204702377319
2023-12-07 22:00:00,0.4706480395793915,0.3863271331787109,0.4385441011190414,0.4147953361272812,0.39528392791748046
2023-12-07 23:00:00,0.5138808941841125,0.45734725952148436,0.5021177089214325,0.34480730727314945,0.4760448229312897
2023-12-08 00:00:00,0.46687644124031064,0.4067356872558594,0.40295156061649323,0.24716196328401563,0.3601142692565918
2023-12-08 01:00:00,0.28709095954895014,0.3061413691937923,0.25085005939006805,0.1487763017416,0.21986462295055384
2023-12-08 02:00:00,0.31781967163085934,0.2946977607905864,0.23614718720316885,0.08777192495763302,0.1903323277831077
2023-12-08 03:00:00,0.24003859788179394,0.23763119056820864,0.1470484960451722,0.030322385039180517,0.10366381905972957
2023-12-08 04:00:00,0.2152155765891075,0.20355358242988586,0.10800214502960442,0.00969802649691701,0.05746862351894379
2023-12-08 05:00:00,0.13618941038846968,0.12489020384848115,0.05019999027252198,0.0020551508478820323,0.014953087586909532
2023-12-08 06:00:00,0.07441303879022598,0.058721241056919095,0.02158257458359003,0.01125706633552909,0.0029498667642474173
2023-12-08 07:00:00,0.05787861421704292,0.03950858660042286,0.030107515752315524,0.07321097392588855,0.021382538285106417
2023-12-08 08:00:00,0.07283430926501751,0.07680627144873142,0.0912803553789854,0.19252038851380346,0.0940588416159153
2023-12-08 09:00:00,0.1078207279741764,0.12561712250113485,0.1591288339346647,0.27741383440792555,0.1610298419371247
2023-12-08 10:00:00,0.12303044170141218,0.16842754393815992,0.1933928187936544,0.3234865931421518,0.19982066735625265
2023-12-08 11:00:00,0.1294943857192993,0.2023849450051784,0.21292382575571536,0.3893674659729004,0.22485189363360403
2023-12-08 12:00:00,0.13510220825672148,0.2416422994434833,0.2713163950294256,0.5558629876375197,0.29263685099780556
2023-12-08 13:00:00,0.19764877811074255,0.3196944876015186,0.4296597588062286,0.7339423695951699,0.46903988450765605
2023-12-08 14:00:00,0.4238806152343749,0.5523905313014983,0.6631918812543153,0.8745535526424646,0.6976335626840591
2023-12-08 15:00:00,0.6004400706291197,0.7456897622346877,0.7897706469148397,0.9390324300527572,0.8051760928332805
2023-12-08 16:00:00,0.7663085325062273,0.9345633685588836,0.9124897690117358,0.9952123253047466,0.929748233705759
2023-12-08 17:00:00,0.8705144743621349,0.99112051486969,0.9599499423801898,1.0,0.9734204335510729
2023-12-08 18:00:00,0.9553277422487735,1.0,0.9840017030388116,1.0,0.9897733275592326
2023-12-08 19:00:00,0.9869855463504791,1.0,0.9934927731752395,1.0,0.9923452575504779
2023-12-08 20:00:00,0.9048223058879374,1.0,0.9591871393471956,1.0,0.9781401195377111
2023-12-08 21:00:00,0.684481038749218,0.9920234376192092,0.8226526587456463,0.9275852214545011,0.7991452577710152
2023-12-08 22:00:00,0.5821045249700545,0.9506268206238746,0.7071637073904276,0.9256000330299139,0.7280592012405395
2023-12-08 23:00:00,0.4686478245258331,0.7973646713793276,0.6702714245021343,0.9463652528077363,0.7190935137122869
2023-12-09 00:00:00,0.45998769760131836,0.7325366793572903,0.6649417328089475,0.9275393225997687,0.7131199902296065
2023-12-09 01:00:00,0.5508670365810393,0.8252786570787429,0.7184810480475425,0.9281024269014597,0.7447110964357853
2023-12-09 02:00:00,0.6875720708072184,0.928679460287094,0.8219705087691545,0.9542612704634665,0.8461435776948929
2023-12-09 03:00:00,0.7174248902499675,0.967727794498205,0.8268779730051755,0.953577476516366,0.8422157758474349
2023-12-09 04:00:00,0.8706407175958156,0.999802243411541,0.9403906132280826,0.9963707159459592,0.9501024243235587
2023-12-09 05:00:00,0.9344545149803161,1.0,0.9700244013965129,1.0,0.9774508557468652
2023-12-09 06:00:00,0.943423406779766,1.0,0.9734068152308464,1.0,0.9784587639570237
2023-12-09 07:00:00,0.9608345638215541,1.0,0.9804288788884878,1.0,0.9797058276087045
2023-12-09 08:00:00,0.9751760558784008,1.0,0.987292707785964,1.0,0.9822819487750529
2023-12-09 09:00:00,0.9879839807748794,1.0,0.9950474445521832,1.0,0.9908855278789996
2023-12-09 10:00:00,0.987040050625801,0.9981258645653724,0.9935485617816447,1.0,0.9903148365020752
2023-12-09 11:00:00,0.9806315273046493,0.994874683022499,0.986078595817089,0.9957050144672394,0.9784727672487497
2023-12-09 12:00:00,0.9443662889301776,0.9796691301465035,0.9490785470604896,0.9773979027569293,0.9303772741556167
2023-12-09 13:00:00,0.8420480470359325,0.931504314392805,0.8666401844471693,0.9530933090299367,0.8494300469011068
2023-12-09 14:00:00,0.7942031650245189,0.9033316604793071,0.8504132466018199,0.9589964396506548,0.8423465991020201
2023-12-09 15:00:00,0.6158301389217375,0.7973699024319648,0.6941115415096282,0.8887345442175865,0.689770303890109
2023-12-09 16:00:00,0.6786326287686824,0.9032870244979858,0.7665806451439856,0.9268296380341053,0.7685350054502487
2023-12-09 17:00:00,0.8022766298055648,0.9660006676614283,0.8817249938845634,0.9853883320093154,0.8872083245962856
2023-12-09 18:00:00,0.9759832671284674,1.0,0.9923401202261447,1.0,0.9940097810328007
2023-12-09 19:00:00,0.9919869747757911,1.0,0.9959934873878955,1.0,0.9925925558805465
2023-12-09 20:00:00,0.998580122590065,1.0,0.9992900612950325,1.0,1.0
2023-12-09 21:00:00,1.0,1.0,1.0,1.0,1.0
2023-12-09 22:00:00,1.0,1.0,1.0,1.0,1.0
2023-12-09 23:00:00,1.0,1.0,1.0,1.0,1.0
2023-12-10 00:00:00,1.0,1.0,1.0,1.0,1.0
2023-12-10 01:00:00,1.0,1.0,1.0,1.0,1.0
2023-12-10 02:00:00,1.0,1.0,1.0,1.0,1.0
2023-12-10 03:00:00,1.0,1.0,1.0,1.0,1.0
2023-12-10 04:00:00,1.0,1.0,0.9923737256228924,0.8034265008568763,0.990284270942211
2023-12-10 05:00:00,0.978231591284275,0.9155959789454937,0.8334245333820581,0.5075150188058614,0.7801242310553788
2023-12-10 06:00:00,0.8901436699926852,0.6790617561340331,0.646344512850046,0.3234528645128011,0.5536157855391501
2023-12-10 07:00:00,0.636133881509304,0.40490676879882814,0.5155213175714015,0.36202213115990156,0.44327330894768235
2023-12-10 08:00:00,0.7515165342390536,0.5132299220561981,0.5538736839592456,0.3753849601745605,0.44807043254375456
2023-12-10 09:00:00,0.4484712219238281,0.3494340515136718,0.37024913787841796,0.4706218361854552,0.31871049419045444
2023-12-10 10:00:00,0.4222493362426758,0.4478672897815704,0.5000389476120473,0.7834041689336299,0.4958829712867736
2023-12-10 11:00:00,0.6894379480183124,0.7507315216958521,0.7794455615431071,0.859934403449297,0.7649802884459495
2023-12-10 12:00:00,0.8857659378647804,0.8719722843170166,0.8647105718404053,0.8113502745330333,0.8205407956242561
2023-12-10 13:00:00,0.8387515096366405,0.7930866456031799,0.7209361749142408,0.7401589135080575,0.6635631556063889
2023-12-10 14:00:00,0.7792219622433185,0.7939187376201152,0.6884039299935101,0.7565841636061668,0.6308600759506224
2023-12-10 15:00:00,0.8039873613417148,0.8637335099279879,0.6984643774479626,0.7126125952601432,0.6390772721171377
2023-12-10 16:00:00,0.9073764452338218,0.9427721211314201,0.7782356198132038,0.734743006005883,0.7059552317857741
2023-12-10 17:00:00,0.9444886139035225,0.974160033762455,0.8769250842928885,0.8617683883756398,0.8219370286911725
2023-12-10 18:00:00,0.9567930386960506,0.9873266008496284,0.956061625778675,0.968533775061369,0.9206373251974582
2023-12-10 19:00:00,0.9423806151747702,0.9663373044133186,0.9382861130684614,0.9482297153025865,0.9006363500654696
2023-12-10 20:00:00,1.0,0.9984678158164024,0.9934076349437236,0.9820715968310832,0.9842259391397237
2023-12-10 21:00:00,0.9414838920533657,0.9685377538204193,0.9748081233352421,0.9468377901613712,0.9504585506021976
2023-12-10 22:00:00,0.9399080686271191,0.9638863255083561,0.9398381568491458,0.8394602832198143,0.9061383210867642
2023-12-10 23:00:00,0.7456337279081344,0.7507097995281219,0.8250934927910565,0.7311608816683292,0.8026406130939722
2023-12-11 00:00:00,0.6569669699668883,0.6489314331114291,0.7157442203164099,0.5532898677885533,0.6753780754655598
2023-12-11 01:00:00,0.5656285738945006,0.544619903564453,0.5815868234634398,0.4680365025997161,0.5451175874471663
2023-12-11 02:00:00,0.43549537658691406,0.5576806521415709,0.4653063666820526,0.4768353015184402,0.4634500557184219
2023-12-11 03:00:00,0.40378284454345703,0.5921637570858,0.37368616104125973,0.49132884979248037,0.3640024301409721
2023-12-11 04:00:00,0.4132362747192383,0.622889802455902,0.4198786926269531,0.5907158380746841,0.4043353080749511
2023-12-11 05:00:00,0.45248975515365597,0.6000270998477935,0.40735452651977533,0.5869547467678784,0.38288715362548825
2023-12-11 06:00:00,0.4326297760009765,0.5565128183364867,0.3688840866088867,0.623669154793024,0.34180654525756826
2023-12-11 07:00:00,0.3803997039794922,0.5750505483150481,0.35872364044189453,0.703393123447895,0.348149995058775
2023-12-11 08:00:00,0.520984456539154,0.48324577331542967,0.38741820372641084,0.6907545771449803,0.32895601272583
2023-12-11 09:00:00,0.7317574298381805,0.7656454300880431,0.657418000549078,0.8529490537196398,0.595555276274681
2023-12-11 10:00:00,0.49517655491828916,0.6518874837458133,0.5282766008377074,0.8459941229969263,0.5162152594327927
2023-12-11 11:00:00,0.6215218758583068,0.5901624715328215,0.6356835274398326,0.8911706805229187,0.5993048256635665
2023-12-11 12:00:00,0.5909254705905913,0.6757160103321074,0.6659272795915603,0.9422658404707909,0.6770519386231898
2023-12-11 13:00:00,0.7635544276237487,0.6667850075662135,0.7508917780965566,0.9426479631662369,0.7028659554570912
2023-12-11 14:00:00,0.7932363541424273,0.7877885645627976,0.8451002746820448,0.9878587747365236,0.7995445278286932
2023-12-11 15:00:00,0.9202224655449389,0.9640166971087456,0.9654932729899883,0.9962324717640877,0.9484635630249977
2023-12-11 16:00:00,0.9279983119666576,0.9073530815541744,0.979115200266242,0.9964039261639118,0.9802132837474347
2023-12-11 17:00:00,0.9826348558068275,0.9990495645999908,0.9950493368506431,1.0,0.9973389191925526
2023-12-11 18:00:00,0.9768635886907577,0.974762438237667,0.9885016041994095,0.9930144548416138,0.9727630697190761
2023-12-11 19:00:00,0.9881106659770011,0.9787071335315705,0.9793787056952714,0.9803971194475889,0.969546209871769
2023-12-11 20:00:00,0.9900721511244773,0.9773984783887862,0.9906417709589005,0.9956631483137608,0.9841904087364673
2023-12-11 21:00:00,0.9960549148917198,0.9846715617179869,0.9925873349606991,0.9938102385401726,0.9836702090501784
2023-12-11 22:00:00,0.9961508673429489,0.9833904680609702,0.997090420126915,0.9914025433361531,0.9929022316634655
2023-12-11 23:00:00,1.0,1.0,1.0,0.9500436080992222,0.9921120184659957
2023-12-12 00:00:00,1.0,1.0,0.9984031736850738,0.9304335089027882,0.9946424546837807
2023-12-12 01:00:00,1.0,1.0,0.9978872601687908,0.9068156117945909,0.9938337364792824
2023-12-12 02:00:00,1.0,0.9726872909069061,0.9888314341008663,0.8793225163966416,0.9596739043295383
2023-12-12 03:00:00,0.8561702328920364,0.761242157369852,0.7097281900048256,0.6791353891044855,0.6402823022007941
2023-12-12 04:00:00,0.7475592872500418,0.6682395635545253,0.6253811879456043,0.682219369187951,0.5507173979282378
2023-12-12 05:00:00,0.6493097184598444,0.5697821533679961,0.5603877501934766,0.6556326238811016,0.49368816196918486
2023-12-12 06:00:00,0.6008112883567809,0.5344923293590546,0.5789265638589858,0.7416410999000072,0.5382184094190596
2023-12-12 07:00:00,0.7176656833291053,0.6934563717246054,0.7180537121742963,0.8804399614036084,0.6893795496225356
2023-12-12 08:00:00,0.8583816736936569,0.8884190002083778,0.858610045313835,0.9416993211954832,0.8285936270654202
2023-12-12 09:00:00,0.9438206185400485,0.9716713970899581,0.9426386314630506,0.971809218376875,0.9095672234147787
2023-12-12 10:00:00,0.980147950053215,0.9913067656755448,0.9746291717886925,0.9848436696827411,0.948187312632799
2023-12-12 11:00:00,0.993137081861496,1.0,0.9883957646787166,0.994596621543169,0.9787161473184823
2023-12-12 12:00:00,1.0,1.0,1.0,1.0,0.9961490358412266
2023-12-12 13:00:00,1.0,1.0,1.0,1.0,1.0
2023-12-12 14:00:00,1.0,1.0,1.0,1.0,1.0
2023-12-12 15:00:00,1.0,1.0,1.0,1.0,0.9997474427521229
2023-12-12 16:00:00,1.0,1.0,1.0,1.0,1.0
2023-12-12 17:00:00,1.0,1.0,1.0,1.0,1.0
2023-12-12 18:00:00,1.0,1.0,1.0,1.0,1.0
2023-12-12 19:00:00,1.0,1.0,1.0,1.0,1.0
2023-12-12 20:00:00,1.0,1.0,1.0,1.0,1.0
2023-12-12 21:00:00,1.0,1.0,1.0,1.0,1.0
2023-12-12 22:00:00,1.0,1.0,1.0,1.0,1.0
2023-12-12 23:00:00,1.0,1.0,1.0,1.0,1.0
2023-12-13 00:00:00,1.0,1.0,1.0,1.0,1.0
2023-12-13 01:00:00,1.0,1.0,1.0,1.0,1.0
2023-12-13 02:00:00,1.0,1.0,1.0,1.0,1.0
2023-12-13 03:00:00,1.0,1.0,1.0,0.998916214555502,0.998359301239252
2023-12-13 04:00:00,0.9979556185007095,1.0,0.9932750068604946,0.9961881509423256,0.9864946202933789
2023-12-13 05:00:00,1.0,1.0,0.9999807654321193,1.0,0.9912366822361947
2023-12-13 06:00:00,1.0,1.0,1.0,1.0,0.9960867191851139
2023-12-13 07:00:00,0.998383566737175,1.0,0.9998590731620789,1.0,0.9959335342049599
2023-12-13 08:00:00,0.9922007057070732,1.0,0.9925129121541977,0.997867144048214,0.9868182033300399
2023-12-13 09:00:00,0.9920909371972083,0.9998690894246101,0.9886509589850901,0.995454448312521,0.981243925243616
2023-12-13 10:00:00,1.0,1.0,0.9991654431819916,0.9991654431819916,0.9927420094609261
2023-12-13 11:00:00,1.0,1.0,0.9993260225653648,0.9993260225653648,0.9948784600198268
2023-12-13 12:00:00,1.0,1.0,0.9993100026249886,0.9993100026249886,0.9940348748862744
2023-12-13 13:00:00,1.0,1.0,1.0,1.0,0.997327983379364
2023-12-13 14:00:00,1.0,1.0,0.9992070585489273,0.9992070585489272,0.99672099635005
2023-12-13 15:00:00,0.9920591709017753,1.0,0.9866058555245399,0.9951366257667541,0.9798488073050976
2023-12-13 16:00:00,1.0,1.0,1.0,1.0,0.9969456554949284
2023-12-13 17:00:00,1.0,1.0,1.0,1.0,0.9993950724601746
2023-12-13 18:00:00,1.0,1.0,1.0,1.0,1.0
2023-12-13 19:00:00,1.0,1.0,1.0,1.0,1.0
2023-12-13 20:00:00,1.0,1.0,1.0,1.0,1.0
2023-12-13 21:00:00,1.0,1.0,1.0,1.0,1.0
2023-12-13 22:00:00,1.0,1.0,1.0,0.9958451737463474,1.0
2023-12-13 23:00:00,1.0,1.0,1.0,0.9855684603750705,1.0
2023-12-14 00:00:00,1.0,1.0,1.0,0.969976173043251,1.0
2023-12-14 01:00:00,1.0,1.0,1.0,0.906086101308465,0.9969260257482528
2023-12-14 02:00:00,0.8701260755956173,0.9147807000577448,0.9029206562787293,0.7678476905822753,0.8482369089126586
2023-12-14 03:00:00,0.6881355664134025,0.5341475355625152,0.5717344371974468,0.4808347529172897,0.49863770902156823
2023-12-14 04:00:00,0.5435931539535521,0.4980407810211181,0.4218905620276927,0.45687997266650193,0.35970562778413295
2023-12-14 05:00:00,0.5835672771930693,0.5712817566096782,0.4335006040334701,0.48783799469470973,0.3588518081605434
2023-12-14 06:00:00,0.5067999517917633,0.5390865814685821,0.3654509763419628,0.39004027806222435,0.2877279944717884
2023-12-14 07:00:00,0.412371597290039,0.45775274157524104,0.30234727948904033,0.3042062634974718,0.23616062939167018
2023-12-14 08:00:00,0.3271818923950195,0.3368091297149658,0.24094643771648405,0.21785691045224664,0.18663536459207533
2023-12-14 09:00:00,0.2868509636819362,0.2796559816598892,0.2187440604716539,0.2032489889860153,0.17439264282584188
2023-12-14 10:00:00,0.3046808145940303,0.27933071017265315,0.2398156131058931,0.2315970272570848,0.19140628941357132
2023-12-14 11:00:00,0.3305468368530273,0.29747738271951674,0.27527122668921944,0.2835548159480094,0.22178762398660182
2023-12-14 12:00:00,0.3229347229003906,0.29111667811870573,0.29835805118083947,0.3248397904634475,0.24882743634283538
2023-12-14 13:00:00,0.3638372802734374,0.35663600921630856,0.36539473310112947,0.3947588348388672,0.3254295882582664
2023-12-14 14:00:00,0.49743501901626586,0.5691942131519316,0.5041768407821654,0.5111437261104583,0.4661255866289139
2023-12-14 15:00:00,0.6428094758093356,0.7571630565822124,0.6164494617283343,0.5902170999348163,0.5640844708681105
2023-12-14 16:00:00,0.7255960477888583,0.8946090607345103,0.7107176484912634,0.6865478063374757,0.6672340473532675
2023-12-14 17:00:00,0.8862887823581695,0.9712879502773284,0.8659504303336143,0.7491371511667966,0.8188059771806001
2023-12-14 18:00:00,0.9719114117324352,0.9986670923233032,0.9389623475074768,0.7671825790405272,0.8927644952386617
2023-12-14 19:00:00,0.9919747698307038,1.0,0.9699780644476412,0.8404003717005253,0.9378524830937385
2023-12-14 20:00:00,0.9316008763015269,0.982788458764553,0.8968271463364363,0.854601266235113,0.8693607632070779
2023-12-14 21:00:00,0.9433390116691589,0.9905686780810357,0.9169461725652217,0.9054746656119822,0.8857340947538612
2023-12-14 22:00:00,0.9810715892910957,1.0,0.9759878800809383,0.9515911935269832,0.9421051983535289
2023-12-14 23:00:00,0.998041828274727,1.0,0.9943775480985642,0.9792268258333204,0.9833766748011112
2023-12-15 00:00:00,1.0,1.0,0.9998245102167129,0.9839287547767162,0.9920188474655152
2023-12-15 01:00:00,1.0,1.0,1.0,0.9960888850688935,0.9990960133075715
2023-12-15 02:00:00,1.0,1.0,1.0,1.0,1.0
2023-12-15 03:00:00,1.0,1.0,1.0,0.9993926101922989,1.0
2023-12-15 04:00:00,1.0,1.0,1.0,1.0,1.0
2023-12-15 05:00:00,1.0,1.0,1.0,1.0,1.0
2023-12-15 06:00:00,1.0,1.0,1.0,1.0,1.0
2023-12-15 07:00:00,1.0,1.0,1.0,1.0,1.0
2023-12-15 08:00:00,1.0,1.0,1.0,1.0,1.0
2023-12-15 09:00:00,1.0,1.0,1.0,1.0,1.0
2023-12-15 10:00:00,1.0,1.0,1.0,1.0,1.0
2023-12-15 11:00:00,1.0,1.0,1.0,1.0,1.0
2023-12-15 12:00:00,1.0,1.0,1.0,1.0,1.0
2023-12-15 13:00:00,1.0,1.0,1.0,1.0,1.0
2023-12-15 14:00:00,1.0,1.0,1.0,1.0,1.0
2023-12-15 15:00:00,1.0,1.0,1.0,1.0,1.0
2023-12-15 16:00:00,1.0,1.0,1.0,1.0,1.0
2023-12-15 17:00:00,1.0,1.0,1.0,1.0,1.0
2023-12-15 18:00:00,1.0,1.0,1.0,0.9982683341205121,1.0
2023-12-15 19:00:00,1.0,1.0,1.0,0.9933622425794602,1.0
2023-12-15 20:00:00,1.0,1.0,1.0,0.96235516063869,1.0
2023-12-15 21:00:00,1.0,1.0,0.9658554431051015,0.8871412877738476,0.9382638572156428
2023-12-15 22:00:00,1.0,1.0,0.9841856285929679,0.9055372170358895,0.9700901510566473
2023-12-15 23:00:00,1.0,1.0,0.9855157475918531,0.8502464903146028,0.9649217708408833
2023-12-16 00:00:00,1.0,0.9869578686356544,0.935863116905093,0.7282850781828164,0.8830723537504673
2023-12-16 01:00:00,0.9539333763718605,0.9688822668790817,0.7896320574730634,0.5680023288726805,0.7046954794228075
2023-12-16 02:00:00,0.9978415334224701,0.9906001859903335,0.896080676615238,0.5661392797529697,0.825571184232831
2023-12-16 03:00:00,0.9952789661288262,0.9877181470394134,0.9358978383243082,0.757091639265418,0.8793662417680025
2023-12-16 04:00:00,0.9973733377456665,0.9969124072790145,0.9550117441266774,0.7948343180865047,0.9093390242010355
2023-12-16 05:00:00,1.0,0.9965408024191856,0.9571296372264623,0.7503948828577994,0.9101507178694008
2023-12-16 06:00:00,0.9933950880169868,0.9835726302862168,0.9294496963918208,0.7107115856558084,0.8606395471841096
2023-12-16 07:00:00,0.9934133270382881,0.9401797713339328,0.9420163931697607,0.7328416145592928,0.8719023066014051
2023-12-16 08:00:00,0.9741095420718192,0.8528864134848118,0.8475884268432855,0.5208461933583021,0.7408783323317766
2023-12-16 09:00:00,0.8758804124593734,0.723125787526369,0.6655713660269975,0.31159032151103017,0.5505874632298945
2023-12-16 10:00:00,0.7387823788821697,0.5982020589709282,0.5093864586949348,0.20451954632997507,0.4008815403282642
2023-12-16 11:00:00,0.5054870080947875,0.38990429699420925,0.3344463504105806,0.12130672425031662,0.2532068902999163
2023-12-16 12:00:00,0.317246174365282,0.20692668616771695,0.2011182229220867,0.07623189471662044,0.14802958738058802
2023-12-16 13:00:00,0.1785419288277626,0.08152549132704734,0.11166188206523656,0.06949555225670337,0.07809489347040652
2023-12-16 14:00:00,0.13020211711525914,0.05262961953878403,0.06929476682096719,0.0538455405831337,0.04288001641631127
2023-12-16 15:00:00,0.10010888375341892,0.07434386380016804,0.04672230254858732,0.05262861430644989,0.02592644959688187
2023-12-16 16:00:00,0.16040491223335265,0.0882160634547472,0.12771043840795754,0.06463991194963455,0.10607050698250531
2023-12-16 17:00:00,0.2524201126396656,0.1784939360618591,0.24734059438109396,0.11917550984770059,0.2285623477399349
2023-12-16 18:00:00,0.25762116387486456,0.23774095714092253,0.3175938722491264,0.34097902633249755,0.3193813385814428
2023-12-16 19:00:00,0.25744389191269873,0.308788836300373,0.4152652376145124,0.6202843794971704,0.44231555342674256
2023-12-16 20:00:00,0.2617594173550606,0.43371831297874447,0.5065435270220041,0.838484325185418,0.5661661908775567
2023-12-16 21:00:00,0.3929927444458008,0.6542370302975178,0.7091620413959027,0.9490298579633235,0.8000942465662956
2023-12-16 22:00:00,0.5477651512622832,0.6888691036403178,0.7102409581094979,0.8832847149670123,0.730007025822997
2023-12-16 23:00:00,0.45084827423095697,0.6226752257347106,0.6341823163628577,0.8298428584635257,0.6660340635478496
2023-12-17 00:00:00,0.3810060882568359,0.7323306290805338,0.6004362599551677,0.8193284022808074,0.635526089221239
2023-12-17 01:00:00,0.3746944046020507,0.6793855524063109,0.607074065580964,0.8503517216444015,0.6746475870907306
2023-12-17 02:00:00,0.5487167096138,0.7860296791791915,0.7882416132837533,0.9427031772583723,0.8308013419806957
2023-12-17 03:00:00,0.6488472378253936,0.8169949169456958,0.8656888140738009,0.9408872095495462,0.9029944779723882
2023-12-17 04:00:00,0.8849568733572959,0.9767425172030926,0.9707650384306907,0.9988701078295708,0.9852552247047424
2023-12-17 05:00:00,0.9664191423356532,0.9987677565217018,0.9920971232652663,1.0,0.9963618244230747
2023-12-17 06:00:00,0.9757268872857092,1.0,0.9926799587905407,1.0,0.9964526319503784
2023-12-17 07:00:00,0.944962761849165,1.0,0.9765486294776201,1.0,0.9861732639372348
2023-12-17 08:00:00,0.9060536855459213,1.0,0.9604358980059624,1.0,0.9798751950263975
2023-12-17 09:00:00,0.9191317078471184,1.0,0.9648541517555713,1.0,0.9863929073512553
2023-12-17 10:00:00,0.9443095460534094,1.0,0.9745712913572788,1.0,0.9905515865981578
2023-12-17 11:00:00,0.9851932433247566,1.0,0.9925966216623783,1.0,0.99678037956357
2023-12-17 12:00:00,0.9987790039181709,1.0,0.9993895019590855,1.0,1.0
2023-12-17 13:00:00,1.0,1.0,1.0,1.0,1.0
2023-12-17 14:00:00,0.9983850258588791,1.0,0.9991925129294394,1.0,1.0
2023-12-17 15:00:00,0.9856685218214989,1.0,0.9928342609107494,1.0,0.9951930375397205
2023-12-17 16:00:00,0.9892284139990806,1.0,0.9946142069995403,1.0,0.9965119999647141
2023-12-17 17:00:00,0.9963364949822426,1.0,0.9981682474911213,1.0,0.9993959160149097
2023-12-17 18:00:00,1.0,1.0,1.0,1.0,1.0
2023-12-17 19:00:00,0.9964976367354392,1.0,0.9982488183677196,1.0,0.9994550408422946
2023-12-17 20:00:00,0.9988722357153893,1.0,0.9994361178576947,1.0,1.0
2023-12-17 21:00:00,1.0,1.0,1.0,1.0,1.0
2023-12-17 22:00:00,1.0,1.0,1.0,1.0,1.0
2023-12-17 23:00:00,1.0,1.0,1.0,1.0,1.0
2023-12-18 00:00:00,0.9945930877327919,1.0,0.9972965438663959,1.0,0.9976689390838146
2023-12-18 01:00:00,0.9943176025152206,1.0,0.9971588012576102,1.0,0.9934671625494957
2023-12-18 02:00:00,0.990127263367176,1.0,0.9952132372558118,0.9949930694699287,0.9900831857323646
2023-12-18 03:00:00,0.9064036557078361,0.9888313657045364,0.916419384330511,0.8944661299884319,0.8998666211217641
2023-12-18 04:00:00,0.8401678609848022,0.9568612624704838,0.8331341957300901,0.8169762966781853,0.7962906502932309
2023-12-18 05:00:00,0.7723976550996303,0.920852806866169,0.7445008946955203,0.7498283787816762,0.7019799584895371
2023-12-18 06:00:00,0.7152312932908533,0.8742434012889861,0.6646979766339063,0.6586699882894753,0.6134008298069238
2023-12-18 07:00:00,0.6537043093144892,0.822389938533306,0.5968850708007811,0.6790095331519841,0.5423163872957228
2023-12-18 08:00:00,0.4760623228549957,0.6523832833766936,0.44499530196189874,0.6385669647157193,0.4088705825805664
2023-12-18 09:00:00,0.41601902008056635,0.5767937159538268,0.44188217580318456,0.6578634305298328,0.41999908566474914
2023-12-18 10:00:00,0.37344245910644525,0.5110382890701294,0.4464558070898056,0.641411724537611,0.4380302346497774
2023-12-18 11:00:00,0.3038970719277858,0.422015209197998,0.36620344929397103,0.5503556124866008,0.37407271437346934
2023-12-18 12:00:00,0.2634542569518089,0.2971692368388176,0.28215667076408857,0.4579402178525924,0.2738071104139089
2023-12-18 13:00:00,0.2613698734343052,0.2805858352780342,0.33071271114051337,0.5031069487333297,0.3240216501057148
2023-12-18 14:00:00,0.3798660278320312,0.3622829818725586,0.4889437943696975,0.6113810575008392,0.48330503344535825
2023-12-18 15:00:00,0.24975252047181126,0.26225660711526866,0.3363033400475979,0.557345733642578,0.3332667195051908
2023-12-18 16:00:00,0.2633810646831989,0.2566031730175018,0.3020915397256613,0.4971563583612441,0.29645509399473663
2023-12-18 17:00:00,0.46350482702255247,0.344958381652832,0.4367726695537567,0.5883640554547309,0.40559732556343076
2023-12-18 18:00:00,0.16620884165167807,0.16865998566150664,0.2986904747039079,0.6873848264664411,0.32498902067542074
2023-12-18 19:00:00,0.16828132048249242,0.11127432093024253,0.2669704140722751,0.6996740442514419,0.24953934162855143
2023-12-18 20:00:00,0.3823372668027878,0.359382095336914,0.5056475339084863,0.8844132375717162,0.5192721984535456
2023-12-18 21:00:00,0.3415823212265968,0.498477075099945,0.5575140468031167,0.933761136457324,0.7127820468693971
2023-12-18 22:00:00,0.5244615125656127,0.8250362434983254,0.8102529343962668,1.0,0.8697089271247387
2023-12-18 23:00:00,0.8813295944035053,0.9229888805747031,0.9469977062940598,0.9968198138475418,0.9718541461229323
2023-12-19 00:00:00,0.9241720147430896,0.9364946474134921,0.9555687338858841,1.0,0.967597674652934
2023-12-19 01:00:00,0.9633102831244468,0.9297789275646209,0.9798593883216381,0.9990201617777348,0.968683542087674
2023-12-19 02:00:00,0.9162198668718338,0.9980357638001442,0.9596655417978763,0.9979726871848106,0.9725849603116512
2023-12-19 03:00:00,0.999214794933796,1.0,0.999607397466898,1.0,1.0
2023-12-19 04:00:00,1.0,1.0,1.0,1.0,1.0
2023-12-19 05:00:00,1.0,1.0,1.0,1.0,1.0
2023-12-19 06:00:00,1.0,1.0,1.0,1.0,1.0
2023-12-19 07:00:00,1.0,1.0,1.0,1.0,1.0
2023-12-19 08:00:00,1.0,1.0,1.0,1.0,1.0
2023-12-19 09:00:00,1.0,1.0,1.0,1.0,1.0
2023-12-19 10:00:00,1.0,1.0,1.0,1.0,1.0
2023-12-19 11:00:00,1.0,1.0,1.0,1.0,1.0
2023-12-19 12:00:00,1.0,1.0,1.0,1.0,1.0
2023-12-19 13:00:00,1.0,1.0,1.0,1.0,1.0
2023-12-19 14:00:00,1.0,1.0,1.0,1.0,1.0
2023-12-19 15:00:00,1.0,1.0,0.9992490766942501,0.9992490766942501,0.9971157571673394
2023-12-19 16:00:00,1.0,1.0,1.0,1.0,1.0
2023-12-19 17:00:00,1.0,0.985186814069748,0.999369074255228,0.999369074255228,0.9895292333513498
2023-12-19 18:00:00,0.9973899960517882,0.930633031129837,0.9960656151175499,1.0,0.981915094256401
2023-12-19 19:00:00,0.9929889050126075,0.8916817268729209,0.9906828191131353,0.989007752239704,0.9884490590542554
2023-12-19 20:00:00,0.9873620757460594,0.921672478020191,0.9783701173216104,0.8785056349635123,0.9591638002544641
2023-12-19 21:00:00,0.9097319343686103,0.6906256309151648,0.829511594697833,0.6251344843208789,0.7644996169954537
2023-12-19 22:00:00,0.8482838709652423,0.643874014019966,0.7633744218945502,0.5366707618534564,0.6953711814433335
2023-12-19 23:00:00,0.8560581141710281,0.6926069891452789,0.7893295813351869,0.5312462583929299,0.726470116302371
2023-12-20 00:00:00,0.8235368660092353,0.6659328094124792,0.7509360632300376,0.46229994580149647,0.6879678919911383
2023-12-20 01:00:00,0.7323611287772654,0.5926049804687499,0.6236095099151133,0.3861810576915741,0.5565666580945252
2023-12-20 02:00:00,0.5629379606246947,0.5067051804065704,0.5485054856538771,0.41299057483673096,0.5171472436189651
2023-12-20 03:00:00,0.4530765914916992,0.5162595665454864,0.3910588073730469,0.5080613899230957,0.3532206780463457
2023-12-20 04:00:00,0.5828758931159972,0.753988250941038,0.5833395397663116,0.7331583163142203,0.5511602412909269
2023-12-20 05:00:00,0.8108440415561199,0.9448165941238402,0.7861096183210611,0.8330212957412003,0.7373826146125793
2023-12-20 06:00:00,0.9251557204127311,0.9954649737477302,0.8891660404205322,0.889717905074358,0.8356950180232523
2023-12-20 07:00:00,0.9812987141311168,1.0,0.9558804078400134,0.953419691249728,0.9158301153033971
2023-12-20 08:00:00,0.9988279452919959,1.0,0.9913178610801696,0.9861086598038673,0.9738938776403665
2023-12-20 09:00:00,1.0,1.0,0.9972231622040272,0.9900918568670749,0.9899694274365902
2023-12-20 10:00:00,1.0,1.0,0.9953050327301025,0.9778525920212268,0.985054337978363
2023-12-20 11:00:00,1.0,1.0,0.9839337477087974,0.9079361455142497,0.9582492787390946
2023-12-20 12:00:00,1.0,1.0,0.9470923426747322,0.8200282365828753,0.8965788698941468
2023-12-20 13:00:00,0.9986021310091019,1.0,0.9451768624782562,0.7924633088707924,0.8945830081403254
2023-12-20 14:00:00,0.9997143161296844,1.0,0.9525918202102184,0.7758987959474324,0.9036188365519046
2023-12-20 15:00:00,0.9806593418121337,0.9754156552255153,0.8942776811122894,0.7496613143384456,0.8255502822250127
2023-12-20 16:00:00,0.9064634093642234,0.9113009458780288,0.786460488140583,0.6763795229047536,0.7013692697882652
2023-12-20 17:00:00,0.8043813610076904,0.8217891436815261,0.6856381258368491,0.6022999929636715,0.6052332675457
2023-12-20 18:00:00,0.7367012178897857,0.7721963925659656,0.6001994548738002,0.4868074351549148,0.5187905883789061
2023-12-20 19:00:00,0.603530897051096,0.6411265818774698,0.4733111077547073,0.3909675788879394,0.4065762901306152
2023-12-20 20:00:00,0.312963680922985,0.3495573425292968,0.25108825780451294,0.29020307667553424,0.2148069796711206
2023-12-20 21:00:00,0.2682866434752941,0.2945724460482597,0.2500690590590238,0.23039195753633973,0.23912086032330987
2023-12-20 22:00:00,0.2248249018192291,0.20116403803229327,0.16666460268199443,0.12171375893056391,0.13725301057100295
2023-12-20 23:00:00,0.08056091800332069,0.07945616737008096,0.06328831717371941,0.04102626949548722,0.050335040576756
2023-12-21 00:00:00,0.019803560525178912,0.024095317721366884,0.010738589372485875,0.005077881906181574,0.006439992915838956
2023-12-21 01:00:00,0.0016777731850743292,0.00439928200095892,0.00028208464384078976,0.0,0.0
2023-12-21 02:00:00,0.0007101820036768913,0.005368724763393402,0.0,0.0,0.0
2023-12-21 03:00:00,0.02840234510600567,0.0445807346701622,0.010178653299808502,0.0004562742076814174,0.005180056262761355
2023-12-21 04:00:00,0.04486449636518955,0.042689437717199324,0.02415739804506302,0.007515203412622212,0.018473557103425266
2023-12-21 05:00:00,0.08386850997805595,0.04994689129292965,0.0724452444165945,0.044257637672126295,0.055814226604998116
2023-12-21 06:00:00,0.20090882793068882,0.10817633837461471,0.1998463826626539,0.0995477184653282,0.15678738377988335
2023-12-21 07:00:00,0.2521410977840423,0.12304289773106575,0.30013610951602454,0.15633802130818364,0.24320076070725916
2023-12-21 08:00:00,0.23644071564078326,0.12817253276705742,0.3090300799906253,0.1982343692332506,0.26499371036887165
2023-12-21 09:00:00,0.21908913552761075,0.15296930581331253,0.29403979629278176,0.2071557433158159,0.26316495336592194
2023-12-21 10:00:00,0.1921311631798744,0.1751323533058166,0.2778657592833042,0.24402194313704967,0.26069950990378854
2023-12-21 11:00:00,0.2184156675636768,0.2481119495630264,0.32575128771364686,0.3462999154627323,0.31553125634789464
2023-12-21 12:00:00,0.2619384723901748,0.31519993692636483,0.3584933585673571,0.4108867068588733,0.3483362835645676
2023-12-21 13:00:00,0.3187600019574165,0.3677823257446289,0.4003169876337051,0.4727314013242721,0.3830277448892593
2023-12-21 14:00:00,0.3499020810425281,0.3528460693359375,0.4190773141384124,0.4791131907701492,0.400085911154747
2023-12-21 15:00:00,0.23268249794840812,0.22798450708389278,0.3099374735355377,0.42686868488788604,0.30315177351236344
2023-12-21 16:00:00,0.38219831019639966,0.3135890924930572,0.43165136337280274,0.47761573076248165,0.41580660700798033
2023-12-21 17:00:00,0.41716547012329097,0.31845682397484776,0.47610218286514283,0.558753245472908,0.4646756941080093
2023-12-21 18:00:00,0.3750105857849121,0.28195596829056735,0.4441136858612299,0.5762183570116758,0.4415166225284337
2023-12-21 19:00:00,0.40546213924884794,0.30529965713620183,0.4672351670265198,0.6317935454845428,0.4689350917190313
2023-12-21 20:00:00,0.3916826318204403,0.27427385732531545,0.5429150214791296,0.7372408489882946,0.5475150112807751
2023-12-21 21:00:00,0.362112647742033,0.25358267620205877,0.5437455983459949,0.7356190098077058,0.5487131785601377
2023-12-21 22:00:00,0.33920750483870504,0.22862135171890255,0.4877122125029563,0.6253864931315183,0.48248405188322063
2023-12-21 23:00:00,0.27252766400575634,0.1615819154679775,0.4065493351221084,0.5497499827295541,0.41506631650030607
2023-12-22 00:00:00,0.22020623594522473,0.12543477937579156,0.3344115477800369,0.4563967102766036,0.3455221898853778
2023-12-22 01:00:00,0.19428885042667388,0.11659479200839995,0.28031271845102307,0.3921535265445709,0.28892750568687914
2023-12-22 02:00:00,0.21170404002070425,0.1431949834525585,0.280058399438858,0.3786991119384765,0.28147800110280513
2023-12-22 03:00:00,0.19069520682096477,0.1419225624203682,0.26617674320936197,0.3866131824254989,0.2755642759799957
2023-12-22 04:00:00,0.21758564725518223,0.1811394244432449,0.3122547950595617,0.43032716810703275,0.3270099411159753
2023-12-22 05:00:00,0.269788190126419,0.2165289823710918,0.34782871387898917,0.3721645782887935,0.35418745361268517
2023-12-22 06:00:00,0.3183984248340129,0.26572390750050545,0.37476051196455956,0.35413307972252367,0.3653907267004251
2023-12-22 07:00:00,0.3166586956381797,0.3104087783396243,0.37273500442504875,0.35861513458192346,0.3602802317589521
2023-12-22 08:00:00,0.3266497945785522,0.3368708419799804,0.38181322097778314,0.37155424416065214,0.36591126829385756
2023-12-22 09:00:00,0.28428521066904067,0.3610862350463867,0.37287734985351556,0.4011167335510254,0.371195068359375
2023-12-22 10:00:00,0.29304434180259703,0.42951103210449215,0.3782569885253906,0.36897242516279216,0.40064156591892247
2023-12-22 11:00:00,0.29940758168697357,0.46345457434654236,0.35314823150634767,0.3113056656718254,0.3488752014935016
2023-12-22 12:00:00,0.2545728856325149,0.43585384368896485,0.30141763225197793,0.30817361176013947,0.3040512600541114
2023-12-22 13:00:00,0.22354932785034176,0.3824306106567383,0.28276065185666077,0.33284450404345983,0.28295273482799527
2023-12-22 14:00:00,0.2509885638952255,0.3507897567749023,0.2748531690984964,0.2815293246507644,0.2674547536671161
2023-12-22 15:00:00,0.14879284799098966,0.3307538636028766,0.2659629881381988,0.3347740443795919,0.28529354274272917
2023-12-22 16:00:00,0.13608905225992202,0.371888084411621,0.2517313411831855,0.3022963654249906,0.28761553294956677
2023-12-22 17:00:00,0.1673161494731903,0.3736633682250976,0.252103009596467,0.2579940086603164,0.27853213049471376
2023-12-22 18:00:00,0.17092546954751012,0.36355049133300776,0.26737858310341833,0.2694234802573919,0.283770218193531
2023-12-22 19:00:00,0.14081385314464567,0.32210490286350246,0.2182732030749321,0.26576671563088894,0.24189810633659362
2023-12-22 20:00:00,0.12296298392117022,0.20044094786047933,0.1781515462696552,0.24019523508846757,0.1846635971963405
2023-12-22 21:00:00,0.11659912884235381,0.16422329813241957,0.1575830339640379,0.19871961049735543,0.15621599130332467
2023-12-22 22:00:00,0.12572897404432296,0.1530895273387432,0.1517967019230127,0.18037820085883138,0.14235694408416746
2023-12-22 23:00:00,0.12462725982069968,0.14444711238145827,0.14519186727702615,0.16553812026977535,0.13293659031391142
2023-12-23 00:00:00,0.13062812879681587,0.13850115865468976,0.1413474017381668,0.15536556027829646,0.12746042735874652
2023-12-23 01:00:00,0.13596478864550587,0.148227037191391,0.15763276390731334,0.19102062344551082,0.1458762153983116
2023-12-23 02:00:00,0.2145780417323112,0.27207302764058106,0.2674957068264484,0.29795199200510974,0.2573234913498163
2023-12-23 03:00:00,0.24688548296689983,0.4354281234741211,0.33748136311769483,0.3469597548246383,0.3452758952230215
2023-12-23 04:00:00,0.2845456516742706,0.511600033044815,0.45004006236791605,0.5005575716495513,0.4720816087722778
2023-12-23 05:00:00,0.3512522125244141,0.566305831670761,0.5073604249954223,0.5287336683273315,0.5240473681688308
2023-12-23 06:00:00,0.35343261718749996,0.5627302682399749,0.49021898865699765,0.5654499077796935,0.499435212612152
2023-12-23 07:00:00,0.2939584404230118,0.5043450152873993,0.4601119235157966,0.5988043727725744,0.47276388943195335
2023-12-23 08:00:00,0.2635629381239414,0.5357066547870635,0.4588365104794502,0.6235718882083892,0.4912634545564651
2023-12-23 09:00:00,0.2554443481564521,0.6242470061779021,0.4452605620771646,0.6697622673958539,0.48898669689893715
2023-12-23 10:00:00,0.2393113292753696,0.6298116570711134,0.4527959823608398,0.7145250479131936,0.5067217436432838
2023-12-23 11:00:00,0.239308505654335,0.6262703059613703,0.44036514937877647,0.6590558233112096,0.4888189917057752
2023-12-23 12:00:00,0.22463150531053538,0.5571002221107482,0.39274079747498036,0.5775711710005997,0.43251178026199333
2023-12-23 13:00:00,0.1917441269755363,0.4344958472251892,0.3712699615210294,0.5979308123141526,0.4010429008305072
2023-12-23 14:00:00,0.20060746878385544,0.42294155240058895,0.43806898802518834,0.7439926403015852,0.47845329396426667
2023-12-23 15:00:00,0.2656303626298904,0.5938921725749968,0.4686227694153785,0.7178291121870278,0.5073941733688115
2023-12-23 16:00:00,0.3811428865790367,0.677792372405529,0.5881005753576755,0.7555056108534335,0.6055511487275361
2023-12-23 17:00:00,0.42178977966308595,0.6441466665267943,0.6089097874611615,0.6904072700440882,0.6152383430302142
2023-12-23 18:00:00,0.518944547176361,0.7046827426552771,0.6305940790474414,0.602017238587141,0.6352827499061822
2023-12-23 19:00:00,0.4932339096069336,0.763179919719696,0.590095031261444,0.5960057532787322,0.6043069051951169
2023-12-23 20:00:00,0.5622953927516936,0.7499302840232849,0.6274577601253986,0.6450279305130242,0.6171402851492166
2023-12-23 21:00:00,0.5880283272266387,0.677096246778965,0.7436314085870981,0.7032775590568779,0.7643540859967469
2023-12-23 22:00:00,0.465269786119461,0.7513080900907516,0.6364517475664615,0.5442304625362158,0.6460096167773007
2023-12-23 23:00:00,0.4893728065490722,0.6120840764045714,0.5306326162815094,0.3488765909522772,0.5001789927482605
2023-12-24 00:00:00,0.3274625134468078,0.3929952239990234,0.3079603170603513,0.1858906392008066,0.28141341626644134
2023-12-24 01:00:00,0.2571720020473003,0.3201705932617187,0.235637427419424,0.09984964590519665,0.20981027297675608
2023-12-24 02:00:00,0.2285727773606777,0.24271510541439054,0.2011063090711832,0.061177677735686296,0.17289600931107996
2023-12-24 03:00:00,0.14248596429824828,0.15846164733171464,0.13829654321074483,0.032466694936156275,0.12040167439728974
2023-12-24 04:00:00,0.09466967023909093,0.11763009756803514,0.09213288985192776,0.020811040140688422,0.07518815189599991
2023-12-24 05:00:00,0.0767329553514719,0.09986412711441517,0.07659720245748758,0.016159206107258794,0.06359739914536476
2023-12-24 06:00:00,0.06028985671699047,0.1059600967168808,0.06767447546124458,0.016166572589427233,0.059751181602478026
2023-12-24 07:00:00,0.025181736350059512,0.11039365589618683,0.041572518907487394,0.011821755170822144,0.049711057059466844
2023-12-24 08:00:00,0.0032739482820034024,0.0608393432199955,0.01466425020247698,0.0065030140429735185,0.02596095545217395
2023-12-24 09:00:00,0.0,0.026640515923500065,0.0019064014591276643,0.001333850361406803,0.0069344047456979755
2023-12-24 10:00:00,0.0,0.007732966542243958,0.0,0.002158045973628759,0.0
2023-12-24 11:00:00,0.013113780505955219,0.006538858599960803,0.005829568915069102,0.0058548953197896485,0.0022982434742152688
2023-12-24 12:00:00,0.05038690060377121,0.004304158203303814,0.017980875857174398,0.0031843680515885354,0.0043863653205335135
2023-12-24 13:00:00,0.04150822699069977,0.0011965780332684516,0.012754898630082607,0.0007474663853645324,0.0022851136140525337
2023-12-24 14:00:00,0.02838722184300423,0.00018530890345573424,0.008815027065575123,0.0,0.0010010305978357791
2023-12-24 15:00:00,0.0035563636571168894,0.0,0.001288174744695425,0.0,0.0
2023-12-24 16:00:00,0.005533854775130748,0.0,0.0017925497889518737,0.0,0.0
2023-12-24 17:00:00,0.0012997293472290037,0.0,0.0006498646736145018,0.0,0.0
2023-12-24 18:00:00,0.0,0.0,0.0013043261691927908,0.0026903228275477883,0.002359033767133951
2023-12-24 19:00:00,0.00021678064018487928,0.009701008461415769,0.012656709495931865,0.01602936647832394,0.018522396646440033
2023-12-24 20:00:00,0.0,0.005035158693790436,0.019574000537395476,0.03256631325930357,0.025482680946588517
2023-12-24 21:00:00,0.0,0.0035966623201966284,0.005961502268910407,0.03080755673348904,0.010752926860004662
2023-12-24 22:00:00,0.0010876226425170898,0.01578306496143341,0.006620121691375971,0.048188329488039014,0.014357709847390652
2023-12-24 23:00:00,0.0,0.01070656131953001,0.0048921765759587284,0.053118386864662165,0.009246680289506913
2023-12-25 00:00:00,0.00021739669144153593,0.010459916852414609,0.007395117916166782,0.058918585479259496,0.010278536379337313
2023-12-25 01:00:00,0.0058244866877794265,0.034224626123905186,0.016248075403273107,0.05218479517847299,0.017482550833374258
2023-12-25 02:00:00,0.01061408381909132,0.06237247787415981,0.019906208124011754,0.05921318970620633,0.01961470514535904
2023-12-25 03:00:00,0.0007405218854546546,0.016372730284929277,0.007404226958751679,0.04429767105728388,0.004843486659228802
2023-12-25 04:00:00,0.020857871621847154,0.04728046223521233,0.06932473856955766,0.14553473033010958,0.06861100424081087
2023-12-25 05:00:00,0.10638511329889297,0.1619914117455482,0.18594125829637048,0.3041977015137672,0.1979913572221994
2023-12-25 06:00:00,0.15834965288639066,0.2843837659060955,0.2754529450088739,0.45167361736297607,0.30402402669191353
2023-12-25 07:00:00,0.20532519027590748,0.4179221725463867,0.36587759286165233,0.5738739526271819,0.4090760469436645
2023-12-25 08:00:00,0.2576786535978317,0.5073673784732817,0.4339538864046335,0.6218720356374978,0.4736647617816925
2023-12-25 09:00:00,0.31935311138629907,0.6367222829163073,0.48787973016500463,0.673511000573635,0.524453846439719
2023-12-25 10:00:00,0.3396949130296707,0.7224447375535964,0.4993078878521918,0.6944882175326346,0.5337485586106777
2023-12-25 11:00:00,0.3105214868485927,0.7100989213585853,0.48638820283114903,0.7123166067898272,0.5311263083666562
2023-12-25 12:00:00,0.31205096870660776,0.6535620963573454,0.5160980223864317,0.7350011701136826,0.5618335364758967
2023-12-25 13:00:00,0.33265180334448813,0.6336281633377074,0.5063218723982572,0.6906229449808596,0.5399423357099293
2023-12-25 14:00:00,0.30566252291202545,0.6124297192692756,0.4869902172684669,0.7063968094438314,0.5213322378695011
2023-12-25 15:00:00,0.29842454820871345,0.569009677171707,0.4688298173248767,0.7125360152125358,0.5020016735792159
2023-12-25 16:00:00,0.3204254403710365,0.5927985510230064,0.517339652404189,0.705581641420722,0.5576362798362969
2023-12-25 17:00:00,0.37709674835205076,0.6849737046658992,0.5348609459400175,0.6839833880215882,0.5628941801190375
2023-12-25 18:00:00,0.3430533218383789,0.6909559650719164,0.4913613682985305,0.7217727100104092,0.5227611373364924
2023-12-25 19:00:00,0.35705776214599605,0.6483323073387145,0.5170734453201293,0.7869890860468148,0.5476388359069824
2023-12-25 20:00:00,0.3303372211754322,0.6782799354195594,0.5396639907360076,0.8205338864028452,0.5880673253536224
2023-12-25 21:00:00,0.23793923079967494,0.5636164700984954,0.3876025419682264,0.6834075003117323,0.4272682797163725
2023-12-25 22:00:00,0.12229472950100898,0.3453078460693359,0.26773609571158885,0.6127241936326027,0.3019462072849273
2023-12-25 23:00:00,0.05856842264533043,0.22623479485511777,0.17651936035603283,0.5837853664904833,0.20883143842220303
2023-12-26 00:00:00,0.04688066959381104,0.19866656363010404,0.1789096178859472,0.5515356066823005,0.19713441751897331
2023-12-26 01:00:00,0.06337600618600844,0.23808207795023917,0.20945176772773264,0.5383533018082379,0.22518429562449455
2023-12-26 02:00:00,0.1557728211581707,0.3953817749023437,0.34916487537324425,0.6791716194152831,0.3943923947960138
2023-12-26 03:00:00,0.13183246716856956,0.38780647277832025,0.3870408631116151,0.7169916687905787,0.4525817856192589
2023-12-26 04:00:00,0.20695267274975773,0.4721490728855133,0.5302229638397693,0.8987728319317101,0.6154018056392668
2023-12-26 05:00:00,0.2728806446492672,0.5434791886806487,0.5958283137530088,0.9406255505979061,0.6761730491369962
2023-12-26 06:00:00,0.3086422212421893,0.5727596519887447,0.6362682938575743,0.9600204342603683,0.7210714951902627
2023-12-26 07:00:00,0.39744915008544923,0.6890750257670879,0.7592253025621176,0.9951479491591453,0.8606399875134229
2023-12-26 08:00:00,0.4318172836303711,0.7722004501521587,0.7993770550191402,0.997746166139841,0.8923850081861019
2023-12-26 09:00:00,0.4512446558475494,0.8226812009513378,0.7932127871364354,0.9939957901835441,0.8573000588268042
2023-12-26 10:00:00,0.392751579284668,0.8279819227755069,0.722181604206562,0.983758097141981,0.7826170435547828
2023-12-26 11:00:00,0.30498806282877916,0.7844854077696799,0.605014082044363,0.9373554564267397,0.6683628739416599
2023-12-26 12:00:00,0.2581602688133716,0.7367784424126147,0.49983413249254216,0.8645202358812093,0.5798141849040985
2023-12-26 13:00:00,0.27240684866905207,0.7069068951904773,0.4923828636109828,0.8449963565915823,0.5498780346661805
2023-12-26 14:00:00,0.270948583483696,0.6224795481562614,0.5357323603332041,0.86517224162817,0.6018300694227218
2023-12-26 15:00:00,0.17598784729838368,0.50027348279953,0.3567027745395899,0.7777168194204568,0.4101488766819238
2023-12-26 16:00:00,0.163332751840353,0.5116021490097045,0.3538610445708036,0.795031575486064,0.43109617501497266
2023-12-26 17:00:00,0.19337292253971097,0.5308170771598815,0.35087162323296067,0.7879703491926192,0.4009549365192651
2023-12-26 18:00:00,0.17149886459112165,0.5168328440189361,0.3265389686822891,0.7805800858885048,0.36741121925413606
2023-12-26 19:00:00,0.2257003906369209,0.507909939289093,0.3968015275150537,0.8261101453006267,0.42270820178091517
2023-12-26 20:00:00,0.2886555264890194,0.5773770964145659,0.44101835660636424,0.8128912384808064,0.46851865649223323
2023-12-26 21:00:00,0.24721724957227703,0.5431698119640349,0.37075006537139416,0.7644664183259009,0.39677579164505
2023-12-26 22:00:00,0.21052415102720257,0.4976081764698028,0.42947337463498114,0.7829587572813033,0.49657212778925885
2023-12-26 23:00:00,0.21424815028905864,0.5523002302646637,0.3516041112691164,0.6284221415221691,0.3821101273596287
2023-12-27 00:00:00,0.24501570910215376,0.6019997751712798,0.34101377114653586,0.5471532768011093,0.36125147819519043
2023-12-27 01:00:00,0.23371332854032514,0.6049398338794707,0.37791927985846996,0.5439565321803093,0.40393485173583027
2023-12-27 02:00:00,0.20452775105834003,0.5737793600559233,0.3118781145662069,0.44999808132648467,0.3457017330080271
2023-12-27 03:00:00,0.13659231342375278,0.3581916809082031,0.18809605490416287,0.22771427288651463,0.19914046347141265
2023-12-27 04:00:00,0.1468944776058197,0.35885631561279296,0.22366887442767616,0.27740836374461647,0.23654464662075042
2023-12-27 05:00:00,0.12420762233436107,0.3326519393920898,0.20414204817265272,0.272103239223361,0.2249642755836248
2023-12-27 06:00:00,0.06673890501260757,0.27000403031706804,0.12562204651534556,0.2148829003423452,0.15347125995904207
2023-12-27 07:00:00,0.06608568489551545,0.17758291259407996,0.14173821251839397,0.2676431883871555,0.16450630210340023
2023-12-27 08:00:00,0.1220221947133541,0.23442191809415813,0.2589845765382051,0.4281042969226837,0.2682623920589685
2023-12-27 09:00:00,0.1493081326782703,0.3618229293823242,0.3204674073308706,0.5162141382694243,0.34939996771514414
2023-12-27 10:00:00,0.10860809057950972,0.3707006072998046,0.3076264731585979,0.5508811181783676,0.35770536191761493
2023-12-27 11:00:00,0.1407126100361347,0.3338274857401847,0.33191742561757565,0.4798663145303726,0.386696015894413
2023-12-27 12:00:00,0.1781487490236759,0.40115604400634763,0.35146827138960357,0.373778943568468,0.400145310908556
2023-12-27 13:00:00,0.14142501801252363,0.3782635116577148,0.305623979717493,0.38116509512066843,0.3590074024349451
2023-12-27 14:00:00,0.2094841584563255,0.31634009033441535,0.38956429570913315,0.471356056407094,0.44011939644813536
2023-12-27 15:00:00,0.11351982407271861,0.08684316262602806,0.2155938849598169,0.1761737548187375,0.21711625315248964
2023-12-27 16:00:00,0.24380431637167926,0.09251000456511974,0.22702739238739011,0.1071651056408882,0.20103427723050113
2023-12-27 17:00:00,0.19273345127701758,0.12384426631033418,0.1944371192902326,0.13581974431872365,0.18090253263711928
2023-12-27 18:00:00,0.18242941498756407,0.0938392986357212,0.22745246112346645,0.29142323635518547,0.24176497593522073
2023-12-27 19:00:00,0.37280879229307173,0.14010197564959526,0.3783479994535446,0.4081790393590926,0.35970825992524624
2023-12-27 20:00:00,0.48529430866241446,0.16629479140043257,0.42535313539206976,0.43073292426764953,0.37896396838128565
2023-12-27 21:00:00,0.333706085383892,0.1430985653400421,0.3128664967417717,0.4636960636824369,0.3131488782912492
2023-12-27 22:00:00,0.22272385895252225,0.07145348712801933,0.2561460880190134,0.5450004805624484,0.2910397449508309
2023-12-27 23:00:00,0.24911392673850055,0.05354074791073799,0.26044168367981907,0.5725094736367464,0.2836147760599851
2023-12-28 00:00:00,0.4356409116089343,0.10502439729869364,0.3807442736625671,0.5298176366835832,0.32617441587150087
2023-12-28 01:00:00,0.4030106188356876,0.21200448215007778,0.44109996341168883,0.35805767498910424,0.4263865604251622
2023-12-28 02:00:00,0.3618333053588867,0.23600640311837193,0.476000736951828,0.3465664494037628,0.5002639371156692
2023-12-28 03:00:00,0.2458975167572498,0.17792196109890937,0.24847366891801353,0.16121603693813083,0.24690698519349094
2023-12-28 04:00:00,0.21529978364706037,0.20565938636660575,0.13002684395760294,0.04579734772443771,0.09691777046769856
2023-12-28 05:00:00,0.17925946086645123,0.12019249618053435,0.09082870207726954,0.03587973209097982,0.0496987446770072
2023-12-28 06:00:00,0.2420436346530914,0.13364132940769194,0.16287620082497595,0.05625387385487556,0.12046554137021302
2023-12-28 07:00:00,0.18372130706906314,0.10976874381303786,0.13413568340241905,0.0665203733369708,0.10661882143467663
2023-12-28 08:00:00,0.12085541918873786,0.08876085743308067,0.07698478441685438,0.07604883711785078,0.05163690160959959
2023-12-28 09:00:00,0.07925985611975192,0.06826897338032722,0.04762342039495707,0.048744171727448694,0.02976771216839552
2023-12-28 10:00:00,0.06801458701491356,0.06967892281711101,0.04588491819798946,0.03993762888014317,0.033263145647943027
2023-12-28 11:00:00,0.12626489788293838,0.11506774336099623,0.10402177780866623,0.0592510486394167,0.08570312701165675
2023-12-28 12:00:00,0.23268117874860758,0.16494592383503912,0.21656677059829232,0.09072314158082008,0.19112777970731254
2023-12-28 13:00:00,0.21839387536048888,0.17982708506286144,0.23356091693043707,0.10330305438488721,0.22567472800612445
2023-12-28 14:00:00,0.17748613789677617,0.1632229257375002,0.2232767171412706,0.10357237506657838,0.22416862457990644
2023-12-28 15:00:00,0.1765806658565998,0.15783244676887986,0.2898860281705856,0.18569743003696204,0.315899529531598
2023-12-28 16:00:00,0.1797178590297699,0.14485722243785856,0.30882819369435305,0.18681003339588642,0.32148893244564525
2023-12-28 17:00:00,0.17991064712405203,0.1437407013773918,0.28929330103099343,0.1421050752326846,0.2926994270831346
2023-12-28 18:00:00,0.14137553691864013,0.11071325331926345,0.2081698694825172,0.0847351936995983,0.20475267514586445
2023-12-28 19:00:00,0.12322362646460532,0.09246291980147361,0.15893489249050613,0.05731166008859872,0.13044692054390908
2023-12-28 20:00:00,0.09770030722022055,0.06503663718700409,0.10190019533038139,0.04223540188744664,0.07639085672795773
2023-12-28 21:00:00,0.12675619542598723,0.07279072061181067,0.10074476901441812,0.033112839367240667,0.07016902513802051
2023-12-28 22:00:00,0.1622425258159637,0.05913027904927731,0.12925162475556135,0.0313875662907958,0.09936700545251369
2023-12-28 23:00:00,0.1820291772484779,0.05586848802864552,0.1549811443313956,0.04933230645954609,0.12479463592171668
2023-12-29 00:00:00,0.18166929662227627,0.054270167946815495,0.17051997222006318,0.08194307032972574,0.1419943506270647
2023-12-29 01:00:00,0.1835600760579109,0.07695164620876312,0.1929897934198379,0.10491804856806994,0.1630770086497068
2023-12-29 02:00:00,0.1640087157487869,0.08124236658215522,0.20171692989766596,0.11015156220644713,0.18761685289442537
2023-12-29 03:00:00,0.022860123701393606,0.006098168268799781,0.0571810607239604,0.06979238852858544,0.053255612626671785
2023-12-29 04:00:00,0.014444983266294002,0.0023949168249964717,0.03815617885440588,0.05106407266110182,0.03682230623438954
2023-12-29 05:00:00,0.004518396444618702,0.0026430509611964225,0.027150866836309434,0.03478200998157263,0.031108075305819508
2023-12-29 06:00:00,0.00042964734137058253,0.0015364781022071837,0.01692525925114751,0.027484786771237852,0.02037561966106296
2023-12-29 07:00:00,0.0,0.0,0.016661735922098162,0.04536805648356676,0.01765852212905884
2023-12-29 08:00:00,0.0,0.0,0.024244673103094104,0.07220765963196754,0.025029250551015136
2023-12-29 09:00:00,0.002233323752880096,0.0,0.041513205915689466,0.1159243481233716,0.04937632918357848
2023-12-29 10:00:00,0.018491697758436204,0.0,0.08014411695301532,0.18327196005731816,0.09329119522124528
2023-12-29 11:00:00,0.03896931491792202,0.002786753699183464,0.13100488770753144,0.2600412353128195,0.14596219964325427
2023-12-29 12:00:00,0.07031376957893372,0.014215186536312104,0.1842680008336902,0.30266976572573184,0.19665316794067622
2023-12-29 13:00:00,0.170536915063858,0.05295227885246277,0.2663253822177648,0.3110793678462505,0.26034347437322136
2023-12-29 14:00:00,0.3148366080224514,0.12099442213773727,0.3885468907654285,0.33171818077564236,0.35514610588550566
2023-12-29 15:00:00,0.3183351436257362,0.142840708643198,0.36559403143823144,0.2740985453873872,0.3128757851570845
2023-12-29 16:00:00,0.43663825035095216,0.21138426125049586,0.456323419213295,0.28173861786723137,0.3910768318176269
2023-12-29 17:00:00,0.5236149585247039,0.2306388987600803,0.5484070670604705,0.3327948275953531,0.4579782456159591
2023-12-29 18:00:00,0.5924167452752589,0.22406775370240206,0.6014767516404389,0.3810022810101509,0.48001872777938837
2023-12-29 19:00:00,0.5869158300757408,0.1673016236722469,0.5828042112290858,0.33612488359212866,0.42739528641104696
2023-12-29 20:00:00,0.6857298544049263,0.16163712561130522,0.6099592043459414,0.29505064606666564,0.44150075435638425
2023-12-29 21:00:00,0.7261395712196825,0.20630664750933647,0.6663303574174642,0.32390905890613786,0.4905163552612065
2023-12-29 22:00:00,0.8861846317350863,0.3550035375356674,0.7849920128285885,0.3815739679336548,0.5836222241073845
2023-12-29 23:00:00,0.781340555846691,0.280623525083065,0.7274642820656299,0.36944354988634587,0.5505230554193258
2023-12-30 00:00:00,0.7103181509673595,0.19459206491708753,0.6615227448195219,0.31763764571398495,0.48704836539924135
2023-12-30 01:00:00,0.5299744123220442,0.10767993018031119,0.47727412447333323,0.24432922765612602,0.3877043342217803
2023-12-30 02:00:00,0.40410329148173324,0.08873102948069572,0.32146229162812223,0.1799815453588962,0.2772801189869642
2023-12-30 03:00:00,0.1981572194397449,0.09911972574889659,0.18137152310460802,0.159747958779335,0.17005734823644159
2023-12-30 04:00:00,0.14026816397905348,0.2076680342853069,0.1495163261890411,0.2291054387390613,0.15624720554798838
2023-12-30 05:00:00,0.18623130738735194,0.28853138729929917,0.17700982503592966,0.3452872627973556,0.1715230296552181
2023-12-30 06:00:00,0.21958501264452931,0.28687509790062904,0.19263734623789786,0.32976052001118655,0.18340924732387062
2023-12-30 07:00:00,0.2108865664899349,0.29171981960535043,0.19862025253474708,0.2971571820229292,0.1899801579862833
2023-12-30 08:00:00,0.27593133866786956,0.2608161717653274,0.23330897860229016,0.2710820120573043,0.1982992275804281
2023-12-30 09:00:00,0.27429191812872883,0.25337339520454405,0.23464356556534763,0.2673115157335996,0.20005094088613984
2023-12-30 10:00:00,0.2561465337872505,0.22818826630711553,0.2116486462950706,0.26224769487977023,0.18111721046268936
2023-12-30 11:00:00,0.2576189206540584,0.23208543106913565,0.20930613853037355,0.2710868096351623,0.18087558820843694
2023-12-30 12:00:00,0.26798237070441244,0.2442372745275497,0.21897708401083943,0.2783715648949146,0.19674767717719077
2023-12-30 13:00:00,0.2628862906992435,0.21463420853018755,0.20800719045102595,0.26318830132484433,0.18084047906100748
2023-12-30 14:00:00,0.24117211461067195,0.18802400320768353,0.1799892914295196,0.21485421665012833,0.15360147424042223
2023-12-30 15:00:00,0.18187500342726703,0.1459396843612194,0.1314367077872157,0.1499385216459632,0.11298709079623222
2023-12-30 16:00:00,0.1460568232834339,0.11394249394536018,0.09751050557941197,0.10387628950178623,0.0814384911954403
2023-12-30 17:00:00,0.15974268332123753,0.11920098580420017,0.11395365834236143,0.10722030252218247,0.09411815982311963
2023-12-30 18:00:00,0.15257448762655257,0.128855015411973,0.11928781501948833,0.13184322729706763,0.10133509799838067
2023-12-30 19:00:00,0.11583072543144225,0.12242105819284915,0.09690922655165195,0.12610309481620788,0.08705287910997866
2023-12-30 20:00:00,0.11177328959107398,0.12122094750404357,0.10598595961928367,0.15148388914763927,0.09873955741524695
2023-12-30 21:00:00,0.1502378539741039,0.15230636239051817,0.14886556476354595,0.17835116401314732,0.13860674291849134
2023-12-30 22:00:00,0.21400740087032316,0.20121850475668906,0.1853586254268884,0.16545728236436844,0.16912128493189812
2023-12-30 23:00:00,0.22763574376702306,0.2040204681456089,0.17947981841862198,0.13584318336099385,0.15775364495813843
2023-12-31 00:00:00,0.20615756601095198,0.19115861684083935,0.1642599143087864,0.11142121788114309,0.14284263376146553
2023-12-31 01:00:00,0.19549320802092549,0.16283898308873174,0.15588606372475622,0.09550098620355128,0.13456032063812015
2023-12-31 02:00:00,0.16016928702592848,0.11935908682644365,0.13058991126716135,0.06671567268669605,0.11389763887971639
2023-12-31 03:00:00,0.06737052388489247,0.03464857116341591,0.039734738469123836,0.01706274235621095,0.03136973097920418
2023-12-31 04:00:00,0.07884938843548298,0.04476220190525055,0.038534290995448826,0.008811364285647869,0.02619842553511262
2023-12-31 05:00:00,0.11857241615653036,0.0570074275881052,0.06165714040398597,0.015283081606030466,0.03851518146693707
2023-12-31 06:00:00,0.13932798855006695,0.056498490571975715,0.06506344551220536,0.006979541275650262,0.0396944285929203
2023-12-31 07:00:00,0.09782881125807763,0.029285045936703683,0.04608250055462122,0.0053023042716085905,0.027275616824626925
2023-12-31 08:00:00,0.06479776538908481,0.016085902377963066,0.026899292953312393,0.00830300882458687,0.016823629178106786
2023-12-31 09:00:00,0.06162670731544495,0.014412348829209805,0.023144844565540553,0.011696356497704983,0.012657490223646164
2023-12-31 10:00:00,0.022993748486042024,0.004218238480389117,0.007076213099062444,0.013102405983954669,0.002821074780076742
2023-12-31 11:00:00,0.013108094334602357,0.0023954471945762633,0.0024534351378679275,0.015485668554902077,0.00126917140558362
2023-12-31 12:00:00,0.0034819388389587397,0.0,0.0020852191187441345,0.01484841337427497,0.001994863525032997
2023-12-31 13:00:00,0.0,0.0,0.002014293111860752,0.011149026118218898,0.0036491166055202485
2023-12-31 14:00:00,0.0,0.0,0.0009804348647594451,0.010365048386156558,0.002014532256871462
2023-12-31 15:00:00,0.0,0.0,0.0061118084378540515,0.02506176676601172,0.010733908656984568
2023-12-31 16:00:00,0.0003877584263682365,0.00013007249683141708,0.013578220438212158,0.04531283522024751,0.014542449861764908
2023-12-31 17:00:00,0.0019300106167793273,0.00531688306480646,0.017708637975156306,0.0655585042014718,0.015057418532669545
2023-12-31 18:00:00,0.0005706382542848586,0.009011152982711792,0.015590386502444745,0.08560678623616694,0.011838330458849668
2023-12-31 19:00:00,0.0,0.0073101938143372526,0.00831760473549366,0.08174631021916866,0.00550181346014142
2023-12-31 20:00:00,0.0,0.00997262854129076,0.0014826074615120885,0.054536303915083406,0.0007585180364549159
2023-12-31 21:00:00,0.0,0.013167540356516839,0.006371155492961407,0.056024328507483005,0.002843877971172333
2023-12-31 22:00:00,0.0005851732939481734,0.010548216551542281,0.01623445052653551,0.05904095772653818,0.009657671675086023
2023-12-31 23:00:00,0.0,0.03219692096114159,0.005192037224769592,0.02414717376232147,0.002239876687526703
2024-01-01 00:00:00,0.0023185667395591732,0.078328647762537,0.0011357029154896736,0.00929264448583126,0.0010780018754303455
2024-01-01 01:00:00,0.02990299552679062,0.11571302615106104,0.015278635900467635,0.005909890588372946,0.014523822925984859
2024-01-01 02:00:00,0.09827478155493735,0.15240298748016357,0.07525758940726518,0.03008703909814358,0.08569803263992071
2024-01-01 03:00:00,0.18166609615087506,0.1729954655468464,0.15508276797831055,0.05989842921495438,0.1659951314330101
2024-01-01 04:00:00,0.25130471423268314,0.18939612716436383,0.25833562970161433,0.1412248845770955,0.2565786891430616
2024-01-01 05:00:00,0.262821542173624,0.14801774851977823,0.32729196816682815,0.2633309238404036,0.31477732278406617
2024-01-01 06:00:00,0.2393890734016895,0.13181330531835556,0.331381778717041,0.4088869078457355,0.33392061561346054
2024-01-01 07:00:00,0.19580535024404522,0.10467482902109623,0.2771244599670171,0.48387586072087285,0.2708911627531051
2024-01-01 08:00:00,0.1539571939408779,0.07026171840727329,0.2159896510094404,0.47268626756966103,0.2188148399442434
2024-01-01 09:00:00,0.12115425959229467,0.052402965947985644,0.15971684001386163,0.40769980162382125,0.17757353194057937
2024-01-01 10:00:00,0.11092573396861553,0.08619967885315417,0.14128320340067146,0.3717001716792583,0.16024291887879372
2024-01-01 11:00:00,0.15110063582658767,0.1420368432998657,0.1865169557929039,0.4627293570339679,0.20332637086510658
