time,DivisionNo.4_1,DivisionNo.4_2
2023-01-01 14:00:00,0.2156035939976573,0.11479090929962692
2023-01-01 15:00:00,0.2090539232268929,0.0969967450853437
2023-01-01 16:00:00,0.20386463727802034,0.09416587376035748
2023-01-01 17:00:00,0.23984170556068415,0.1168120121397078
2023-01-01 18:00:00,0.2423668975941837,0.12917573831044135
2023-01-01 19:00:00,0.23725220644846554,0.13553498934954403
2023-01-01 20:00:00,0.24602876225486395,0.14056219805032014
2023-01-01 21:00:00,0.3338781734742224,0.17196622471325096
2023-01-01 22:00:00,0.4387652163393795,0.2332131933327764
2023-01-01 23:00:00,0.495909209139645,0.2842945999838412
2023-01-02 00:00:00,0.5371379944123328,0.3364907332882284
2023-01-02 01:00:00,0.6208101112209258,0.42699474059045306
2023-01-02 02:00:00,0.6099960293062029,0.4435040802136063
2023-01-02 03:00:00,0.5813188291341067,0.40011685600504276
2023-01-02 04:00:00,0.4727092443592847,0.32854333987459544
2023-01-02 05:00:00,0.6621712563373148,0.439265802744776
2023-01-02 06:00:00,0.6776556026376782,0.48274981956928975
2023-01-02 07:00:00,0.6331666069105268,0.4979111985117196
2023-01-02 08:00:00,0.5699010733701289,0.4329586436040699
2023-01-02 09:00:00,0.48955055516213175,0.33238009013235564
2023-01-02 10:00:00,0.4937892446666955,0.2660978279821575
2023-01-02 11:00:00,0.532793190665543,0.27652668719179924
2023-01-02 12:00:00,0.5762500357069075,0.32480011101812123
2023-01-02 13:00:00,0.6483922106027602,0.3828827953431755
2023-01-02 14:00:00,0.7462484967149792,0.4641261732205748
2023-01-02 15:00:00,0.7713782277703283,0.49619669767096625
2023-01-02 16:00:00,0.8180379656329748,0.5421205814369022
2023-01-02 17:00:00,0.8926281132176518,0.6582107800617812
2023-01-02 18:00:00,0.8750042987801133,0.618443391174078
2023-01-02 19:00:00,0.8510640644654631,0.5764319057017563
2023-01-02 20:00:00,0.8251162349432705,0.5684099626913668
2023-01-02 21:00:00,0.8079502738825975,0.620527986306697
2023-01-02 22:00:00,0.7541449313797056,0.6631191507913172
2023-01-02 23:00:00,0.7023712386377154,0.6859214025177061
2023-01-03 00:00:00,0.7156667125038803,0.672613859772682
2023-01-03 01:00:00,0.762604953087866,0.6679095055349171
2023-01-03 02:00:00,0.7400904875434935,0.646661656089127
2023-01-03 03:00:00,0.717287307102233,0.5866942336410284
2023-01-03 04:00:00,0.7221112953498958,0.5220565161481499
2023-01-03 05:00:00,0.7421022066660223,0.49010974043980227
2023-01-03 06:00:00,0.7591901029832658,0.4844728575274348
2023-01-03 07:00:00,0.7882494280487298,0.5567594509944319
2023-01-03 08:00:00,0.8536253274977207,0.6961600952222942
2023-01-03 09:00:00,0.9447598691843451,0.800410027205944
2023-01-03 10:00:00,0.9794244571961462,0.8600255366042254
2023-01-03 11:00:00,0.9887387315742672,0.8992520254850388
2023-01-03 12:00:00,0.987908889017999,0.8939026316441594
2023-01-03 13:00:00,0.9926747571118175,0.9082408131845295
2023-01-03 14:00:00,0.9965444369241596,0.9182690183259548
2023-01-03 15:00:00,0.9978369831666349,0.9173239727690815
2023-01-03 16:00:00,0.9979512905329465,0.9110539412498473
2023-01-03 17:00:00,0.9968845395743847,0.8765658007003365
2023-01-03 18:00:00,0.9968451489880681,0.8631714677996932
2023-01-03 19:00:00,0.9977208689972759,0.8667191914655268
2023-01-03 20:00:00,0.9978176137059926,0.9016504463739693
2023-01-03 21:00:00,0.9968737766519189,0.9362628294341266
2023-01-03 22:00:00,0.9988259162008762,0.9516957297176122
2023-01-03 23:00:00,0.9986813282594085,0.9401283188164234
2023-01-04 00:00:00,0.994878462459892,0.9313028416968882
2023-01-04 01:00:00,0.9815874212235213,0.9093805217556653
2023-01-04 02:00:00,0.9459383519366382,0.875455287862569
2023-01-04 03:00:00,0.887970196697861,0.835385974664241
2023-01-04 04:00:00,0.8328672925010322,0.7786107024550435
2023-01-04 05:00:00,0.740751813724637,0.6344931897521018
2023-01-04 06:00:00,0.6561694386787711,0.5868534531071782
2023-01-04 07:00:00,0.5777198553644121,0.5600959253683686
2023-01-04 08:00:00,0.4856356628797948,0.5259877837914974
2023-01-04 09:00:00,0.4476461909338832,0.5659465431421994
2023-01-04 10:00:00,0.46834834465757,0.6267464584764093
2023-01-04 11:00:00,0.43237000815570353,0.5954479178693144
2023-01-04 12:00:00,0.327573062069714,0.4769037538487462
2023-01-04 13:00:00,0.28197487619705497,0.3859431221988051
2023-01-04 14:00:00,0.3535212606191635,0.35466618958860635
2023-01-04 15:00:00,0.4437826695479453,0.31682125573046505
2023-01-04 16:00:00,0.4819515192322433,0.31309038733132183
2023-01-04 17:00:00,0.774525686930865,0.5281615065503865
2023-01-04 18:00:00,0.8790750863403081,0.6905419305339453
2023-01-04 19:00:00,0.9119803966768084,0.759806736074388
2023-01-04 20:00:00,0.9068857172876593,0.7783773963339625
2023-01-04 21:00:00,0.8993840567953884,0.7504338992200789
2023-01-04 22:00:00,0.9002944531105458,0.7085069246962665
2023-01-04 23:00:00,0.9308585810102521,0.7174471606314181
2023-01-05 00:00:00,0.9312682860903441,0.7156670474447308
2023-01-05 01:00:00,0.8981521913036704,0.6596784365922211
2023-01-05 02:00:00,0.8485697805136441,0.5856008311919868
2023-01-05 03:00:00,0.842978235632181,0.590633676405996
2023-01-05 04:00:00,0.8789175369217991,0.65540858278051
2023-01-05 05:00:00,0.9701563295163214,0.8576472838409245
2023-01-05 06:00:00,0.947907156571746,0.8467057440057397
2023-01-05 07:00:00,0.9240978025645018,0.864810897745192
2023-01-05 08:00:00,0.8969737163372337,0.845253845527768
2023-01-05 09:00:00,0.8348147344589233,0.7344389473646878
2023-01-05 10:00:00,0.7646069649048148,0.6364257663488387
2023-01-05 11:00:00,0.5931835803203285,0.5083265737164766
2023-01-05 12:00:00,0.44822979478165503,0.3901774945016949
2023-01-05 13:00:00,0.41362385369837273,0.32801204727031286
2023-01-05 14:00:00,0.33549471621401605,0.2475818426068872
2023-01-05 15:00:00,0.24409554171375925,0.1891673276480287
2023-01-05 16:00:00,0.14498458285816015,0.12522110097110273
2023-01-05 17:00:00,0.09403043027035891,0.09451788363978264
2023-01-05 18:00:00,0.03824489685706794,0.05259684728458523
2023-01-05 19:00:00,0.00981878207065165,0.02502238245680928
2023-01-05 20:00:00,0.013136172681115567,0.021590493144467468
2023-01-05 21:00:00,0.05440698669292032,0.04654288973659277
2023-01-05 22:00:00,0.13313448444940146,0.08014618852641432
2023-01-05 23:00:00,0.24023180803284044,0.13123920192476363
2023-01-06 00:00:00,0.35972126063890747,0.19593776918947695
2023-01-06 01:00:00,0.5096831557061523,0.275270080100745
2023-01-06 02:00:00,0.6214591806940735,0.3328397488128394
2023-01-06 03:00:00,0.6710019095987081,0.37301977868191893
2023-01-06 04:00:00,0.7267827840335666,0.44411412007175377
2023-01-06 05:00:00,0.8545690574124455,0.6053305101767181
2023-01-06 06:00:00,0.9411971133574842,0.7464928168617189
2023-01-06 07:00:00,0.9777244814299046,0.8501159378513694
2023-01-06 08:00:00,0.9967497057095169,0.9266434042528271
2023-01-06 09:00:00,0.99832341786474,0.9458917299471795
2023-01-06 10:00:00,0.9992290688678622,0.9423989908210935
2023-01-06 11:00:00,0.9998814216628671,0.9269793848134577
2023-01-06 12:00:00,1.0,0.9248095063678918
2023-01-06 13:00:00,1.0,0.9297509698756038
2023-01-06 14:00:00,1.0,0.9198164886981248
2023-01-06 15:00:00,1.0,0.9299406628496943
2023-01-06 16:00:00,1.0,0.9481205678358674
2023-01-06 17:00:00,1.0,0.9749736541695893
2023-01-06 18:00:00,0.9996439116075635,0.9639086678251625
2023-01-06 19:00:00,0.9971492124721407,0.9554666172526777
2023-01-06 20:00:00,0.9893593310378492,0.9203401160985231
2023-01-06 21:00:00,0.9723526713624595,0.875748148970306
2023-01-06 22:00:00,0.9296657286956905,0.8256624963879586
2023-01-06 23:00:00,0.8898170788772404,0.7983079973980785
2023-01-07 00:00:00,0.8071964342705905,0.7396647853218018
2023-01-07 01:00:00,0.7208704596199096,0.6848933947645127
2023-01-07 02:00:00,0.6583378993906079,0.6366337548755109
2023-01-07 03:00:00,0.6177880707569419,0.60808339336887
2023-01-07 04:00:00,0.5859690636023878,0.5859993408806621
2023-01-07 05:00:00,0.5510453757643698,0.6655733142606913
2023-01-07 06:00:00,0.6156486724875866,0.7453714737109838
2023-01-07 07:00:00,0.60482754945755,0.7278049051389097
2023-01-07 08:00:00,0.520887388586998,0.6575093222036957
2023-01-07 09:00:00,0.4511608329415322,0.6397427915036676
2023-01-07 10:00:00,0.40329834917560214,0.659631743133068
2023-01-07 11:00:00,0.3941532766260206,0.686690889056772
2023-01-07 12:00:00,0.3662498984858394,0.6746352653577923
2023-01-07 13:00:00,0.2742124041542411,0.5899720142781734
2023-01-07 14:00:00,0.22417450467124578,0.5430074666626751
2023-01-07 15:00:00,0.2409572331979871,0.591265069283545
2023-01-07 16:00:00,0.32236893273890016,0.6963093749433755
2023-01-07 17:00:00,0.5587582100182771,0.8215306323207915
2023-01-07 18:00:00,0.5895551388897001,0.7915562334470451
2023-01-07 19:00:00,0.7070907940529285,0.7683670314773916
2023-01-07 20:00:00,0.667166219037026,0.7190165342204273
2023-01-07 21:00:00,0.48426997020840645,0.6270052682049572
2023-01-07 22:00:00,0.3757603240571916,0.534624761659652
2023-01-07 23:00:00,0.28983045859262346,0.39895433584228146
2023-01-08 00:00:00,0.2236349692754447,0.32651397163048385
2023-01-08 01:00:00,0.20056445473805068,0.337948759123683
2023-01-08 02:00:00,0.3230827727168798,0.4287607835419477
2023-01-08 03:00:00,0.547803210299462,0.4547137883864344
2023-01-08 04:00:00,0.5012471687234938,0.323942415062338
2023-01-08 05:00:00,0.3347937227785587,0.24297850494273004
2023-01-08 06:00:00,0.148005615696311,0.11626918599475174
2023-01-08 07:00:00,0.023122929544188084,0.04261040904093533
2023-01-08 08:00:00,0.006438657399266959,0.08309561611618844
2023-01-08 09:00:00,0.18643030029721558,0.24754269045311952
2023-01-08 10:00:00,0.5385855972580611,0.30990928284823893
2023-01-08 11:00:00,0.5159407044574618,0.27676009723916645
2023-01-08 12:00:00,0.49171201735734926,0.3414768839254975
2023-01-08 13:00:00,0.4578283683583141,0.43165550053119656
2023-01-08 14:00:00,0.4524329451657833,0.47855923980474474
2023-01-08 15:00:00,0.38218145405873655,0.5119995634444058
2023-01-08 16:00:00,0.5082761245407164,0.6316906356066465
2023-01-08 17:00:00,0.8156296423450111,0.7950725297629831
2023-01-08 18:00:00,0.8657660070247948,0.8368773935362694
2023-01-08 19:00:00,0.8455872982181607,0.818530128430575
2023-01-08 20:00:00,0.8831597135402262,0.8671573240123688
2023-01-08 21:00:00,0.9492626881226894,0.8947714296914636
2023-01-08 22:00:00,0.8714456488564608,0.8417551463283597
2023-01-08 23:00:00,0.8426924407482146,0.8717318204045297
2023-01-09 00:00:00,0.9242268882878124,0.9358549179881812
2023-01-09 01:00:00,0.9489618875458836,0.9219898425787687
2023-01-09 02:00:00,0.8851596315763891,0.8223281188309194
2023-01-09 03:00:00,0.7072740395925939,0.7148177410848436
2023-01-09 04:00:00,0.5788223423063754,0.667729728296399
2023-01-09 05:00:00,0.2908979775570333,0.4183662689849734
2023-01-09 06:00:00,0.22760489078238605,0.43687218084000046
2023-01-09 07:00:00,0.2400690971314907,0.4646527782455086
2023-01-09 08:00:00,0.2129474122263491,0.43597314258106057
2023-01-09 09:00:00,0.17060905322432518,0.3906922850571573
2023-01-09 10:00:00,0.17142189410515124,0.43422610351815827
2023-01-09 11:00:00,0.21371031310409302,0.5213720515929163
2023-01-09 12:00:00,0.22615813858807085,0.5445914260577409
2023-01-09 13:00:00,0.16343411890789863,0.5183424082724378
2023-01-09 14:00:00,0.10157029944006354,0.502641181256622
2023-01-09 15:00:00,0.053637038846500215,0.45950597018934775
2023-01-09 16:00:00,0.03680352239403873,0.4354599947202951
2023-01-09 17:00:00,0.009785287943668664,0.3419430171465501
2023-01-09 18:00:00,0.012666201926767826,0.3128763398015872
2023-01-09 19:00:00,0.04321701872628182,0.31125969279091803
2023-01-09 20:00:00,0.10073428692296145,0.3027840790431946
2023-01-09 21:00:00,0.2052470715157687,0.3104939917474985
2023-01-09 22:00:00,0.3114084602333605,0.30113633269444107
2023-01-09 23:00:00,0.3305976348370313,0.28949945984408254
2023-01-10 00:00:00,0.23230221556499592,0.22326457655988632
2023-01-10 01:00:00,0.1373674680572003,0.14729428532533348
2023-01-10 02:00:00,0.05560868136119097,0.08907091858796776
2023-01-10 03:00:00,0.007637433782219886,0.03521052698604763
2023-01-10 04:00:00,0.004641582579351961,0.013955670990981162
2023-01-10 05:00:00,0.03345560839399696,0.02605996479280293
2023-01-10 06:00:00,0.002849185331724584,0.002210363810881972
2023-01-10 07:00:00,0.0,0.011045573041774333
2023-01-10 08:00:00,0.0,0.006081423927098513
2023-01-10 09:00:00,7.788357324898242e-06,0.0031075715925544503
2023-01-10 10:00:00,7.295580580830572e-05,0.002543210526928306
2023-01-10 11:00:00,0.0,0.0007647899352014064
2023-01-10 12:00:00,0.0,0.0030547463428229095
2023-01-10 13:00:00,0.0,0.003597696088254452
2023-01-10 14:00:00,0.0002974171657115221,0.005855934699065983
2023-01-10 15:00:00,0.0012504019541665912,0.004890377670526504
2023-01-10 16:00:00,0.0011333279265090823,0.0024055870622396473
2023-01-10 17:00:00,0.00016057881526648996,0.0014902993664145472
2023-01-10 18:00:00,0.0005837786104530095,0.0022310219984501604
2023-01-10 19:00:00,0.0012750140624120832,0.002907278444617987
2023-01-10 20:00:00,0.0005232712812721728,0.0019449665397405626
2023-01-10 21:00:00,0.0,5.2548465318977827e-05
2023-01-10 22:00:00,0.0,0.0003126286622136831
2023-01-10 23:00:00,0.0,0.0013356132619082926
2023-01-11 00:00:00,0.0003697069035843015,0.0004275849834084511
2023-01-11 01:00:00,0.0,0.00013965824153274297
2023-01-11 02:00:00,0.0,0.0002360706916078925
2023-01-11 03:00:00,0.0,0.0003071571374312043
2023-01-11 04:00:00,0.0,0.00012292878702282905
2023-01-11 05:00:00,0.000383842559531331,0.002358791129663586
2023-01-11 06:00:00,0.0026153095904737707,0.008263667984865606
2023-01-11 07:00:00,0.013694247859530152,0.0285215624095872
2023-01-11 08:00:00,0.05133354130201041,0.0393703541904688
2023-01-11 09:00:00,0.08897692193277183,0.03949862173758447
2023-01-11 10:00:00,0.062296899287030104,0.028161898935213685
2023-01-11 11:00:00,0.014828394530341028,0.00998009678442031
2023-01-11 12:00:00,0.0015636351238936183,0.004914290690794587
2023-01-11 13:00:00,0.0,0.003943978305906057
2023-01-11 14:00:00,0.00022728703450411558,0.006277971751987934
2023-01-11 15:00:00,0.0002042013918980956,0.007072417568415403
2023-01-11 16:00:00,0.001800327650271356,0.004932766049169004
2023-01-11 17:00:00,0.001886327560059726,0.0058317720284685485
2023-01-11 18:00:00,0.006208016145974398,0.014490073150955142
2023-01-11 19:00:00,0.008064275202341379,0.0187078727548942
2023-01-11 20:00:00,0.005769650642760098,0.01431929413229227
2023-01-11 21:00:00,0.003892089808359742,0.004218455534428358
2023-01-11 22:00:00,0.003526355866342783,0.0011850758036598562
2023-01-11 23:00:00,0.007498372048139573,0.0014794570254161952
2023-01-12 00:00:00,0.021608165879733864,0.0030555241461843255
2023-01-12 01:00:00,0.009242437686771155,0.0008892684895545244
2023-01-12 02:00:00,0.0037225534161552786,0.0011996180191636086
2023-01-12 03:00:00,0.002973454487510025,0.003879513563588262
2023-01-12 04:00:00,0.012237908402457833,0.012682026643306017
2023-01-12 05:00:00,0.020609024548903107,0.010960997859947384
2023-01-12 06:00:00,0.03258517574518919,0.017249842109158635
2023-01-12 07:00:00,0.06822199736256153,0.05016776907257735
2023-01-12 08:00:00,0.1521302906051278,0.12395298633724451
2023-01-12 09:00:00,0.29279957998543976,0.2195585753489285
2023-01-12 10:00:00,0.3838016630522906,0.2815556483156979
2023-01-12 11:00:00,0.4257791554927826,0.3009886108525097
2023-01-12 12:00:00,0.43883460134267804,0.2943458659946918
2023-01-12 13:00:00,0.4462388056516647,0.3091407457925378
2023-01-12 14:00:00,0.41864290326833725,0.3275709812529385
2023-01-12 15:00:00,0.3777035951614379,0.3343225942924618
2023-01-12 16:00:00,0.4253772211074829,0.3726583858765661
2023-01-12 17:00:00,0.29432594124227757,0.2671453069336712
2023-01-12 18:00:00,0.2915625666640699,0.25684237947687505
2023-01-12 19:00:00,0.28797570701688524,0.2030133518762886
2023-01-12 20:00:00,0.20345401888713244,0.13755064965225755
2023-01-12 21:00:00,0.16594734111800785,0.11031886474229396
2023-01-12 22:00:00,0.2108450615871697,0.15115604868158697
2023-01-12 23:00:00,0.25507543917745346,0.19004221722483636
2023-01-13 00:00:00,0.18694288418628274,0.1285966818872839
2023-01-13 01:00:00,0.14309819679707286,0.13320978204719722
2023-01-13 02:00:00,0.1808077399618923,0.1550938142556697
2023-01-13 03:00:00,0.1979647519718855,0.13699442021548747
2023-01-13 04:00:00,0.17075478536076844,0.14503820724785327
2023-01-13 05:00:00,0.23213163856416935,0.21753259290941057
2023-01-13 06:00:00,0.243826128616929,0.2808716020546853
2023-01-13 07:00:00,0.19679945377632974,0.3057024561986327
2023-01-13 08:00:00,0.2654885165765882,0.31990100191906085
2023-01-13 09:00:00,0.30301972225308416,0.34710517534986135
2023-01-13 10:00:00,0.2849678096361458,0.3594182910211384
2023-01-13 11:00:00,0.2661516287364065,0.42891175391152503
2023-01-13 12:00:00,0.25681714713573456,0.4464677412994205
2023-01-13 13:00:00,0.24598741214722394,0.383500607330352
2023-01-13 14:00:00,0.34704521354287865,0.5346620582602918
2023-01-13 15:00:00,0.5056158854626118,0.756309710536152
2023-01-13 16:00:00,0.500025514513254,0.7381658117659389
2023-01-13 17:00:00,0.2558054272085428,0.5813173901848495
2023-01-13 18:00:00,0.1146163123520091,0.4491893030703068
2023-01-13 19:00:00,0.13762375474441793,0.43447012582328165
2023-01-13 20:00:00,0.08909582522232085,0.3456260083150119
2023-01-13 21:00:00,0.03875542590860277,0.23953812588937576
2023-01-13 22:00:00,0.028074510693550107,0.3118368309829384
2023-01-13 23:00:00,0.01901779015082866,0.3476126426830887
2023-01-14 00:00:00,0.014857551129534841,0.25705099737737325
2023-01-14 01:00:00,0.011537546697072685,0.16639808049891142
2023-01-14 02:00:00,0.010761747695505619,0.18731686074752357
2023-01-14 03:00:00,0.0285839343862608,0.2852386547159403
2023-01-14 04:00:00,0.03162497579120099,0.25659682660829275
2023-01-14 05:00:00,0.03383970386348665,0.21472284748684614
2023-01-14 06:00:00,0.06902433179784564,0.29278406596276907
2023-01-14 07:00:00,0.08535245753824708,0.26704146691597996
2023-01-14 08:00:00,0.07889727712608874,0.24300334546715022
2023-01-14 09:00:00,0.15569660713896152,0.2874434215947986
2023-01-14 10:00:00,0.22870592077262697,0.3548249297309667
2023-01-14 11:00:00,0.28747460838407274,0.41346176551654923
2023-01-14 12:00:00,0.25846773412078616,0.47018972966819994
2023-01-14 13:00:00,0.17452308757230636,0.49304791735485193
2023-01-14 14:00:00,0.1307771421736106,0.5759719848446548
2023-01-14 15:00:00,0.111151418145746,0.5611682063993066
2023-01-14 16:00:00,0.0957334238383919,0.505280579254031
2023-01-14 17:00:00,0.061377902477979654,0.26469199110288166
2023-01-14 18:00:00,0.03895474664866924,0.21866051228251301
2023-01-14 19:00:00,0.02623306228313595,0.1613534147571772
2023-01-14 20:00:00,0.04778243053704499,0.129410043223761
2023-01-14 21:00:00,0.10955374260433016,0.117425451381132
2023-01-14 22:00:00,0.2066817932249978,0.12027706081513315
2023-01-14 23:00:00,0.2514722927939147,0.14270651548169552
2023-01-15 00:00:00,0.2188404288515448,0.16837582387495784
2023-01-15 01:00:00,0.21665048674214626,0.2506465571373701
2023-01-15 02:00:00,0.3085556308552623,0.25739327467977996
2023-01-15 03:00:00,0.29950882798060774,0.20638573374599217
2023-01-15 04:00:00,0.18385824467055492,0.2137764026969671
2023-01-15 05:00:00,0.11645629051141439,0.27485607393085953
2023-01-15 06:00:00,0.12958062230609355,0.29645941268652676
2023-01-15 07:00:00,0.20249264323152597,0.3562230594083667
2023-01-15 08:00:00,0.2788978746719658,0.33965650276280934
2023-01-15 09:00:00,0.25246249611489474,0.23463368699885906
2023-01-15 10:00:00,0.15762493398971855,0.11927440783474591
2023-01-15 11:00:00,0.06479269945062696,0.050690610203891984
2023-01-15 12:00:00,0.00721478576771915,0.015510416035540403
2023-01-15 13:00:00,0.00014351509511470792,0.007738162456080318
2023-01-15 14:00:00,0.0004288467532023787,0.00785946600139141
2023-01-15 15:00:00,0.0041476264735683804,0.00765410345979035
2023-01-15 16:00:00,0.01699479012284428,0.017198853343725205
2023-01-15 17:00:00,0.01761828133836389,0.03480945009738207
2023-01-15 18:00:00,0.012704852139577269,0.03507853801827878
2023-01-15 19:00:00,0.007779125873930752,0.019253960424102844
2023-01-15 20:00:00,0.0035224790638312695,0.007511055185459553
2023-01-15 21:00:00,0.006644297102466227,0.010549955712631346
2023-01-15 22:00:00,0.01766662172507495,0.022102806740440427
2023-01-15 23:00:00,0.04253565515391529,0.030455408645793793
2023-01-16 00:00:00,0.06436441658996045,0.02596954813227058
2023-01-16 01:00:00,0.07465497974306344,0.023468426349572837
2023-01-16 02:00:00,0.06415887298993765,0.01781390979886055
2023-01-16 03:00:00,0.027418930423445998,0.009372862838208674
2023-01-16 04:00:00,0.008845268078148364,0.00855296168010682
2023-01-16 05:00:00,0.02944454402197152,0.013643627613782882
2023-01-16 06:00:00,0.06279558729380369,0.02691882763057947
2023-01-16 07:00:00,0.10716493713203813,0.0781923002237454
2023-01-16 08:00:00,0.23113170474767686,0.1979905073717236
2023-01-16 09:00:00,0.4300378281436859,0.32931954026222227
2023-01-16 10:00:00,0.508830471932888,0.3732427015714347
2023-01-16 11:00:00,0.5004629686102272,0.35612783439457407
2023-01-16 12:00:00,0.5341117429733276,0.3859076029434799
2023-01-16 13:00:00,0.5485521034337579,0.42888294424861656
2023-01-16 14:00:00,0.5930632425285874,0.48334952678531407
2023-01-16 15:00:00,0.6589907206967471,0.4902252746932208
2023-01-16 16:00:00,0.6191787408664822,0.42543077278882263
2023-01-16 17:00:00,0.5219100660271943,0.31893641082569957
2023-01-16 18:00:00,0.44087103862315413,0.29080067433416845
2023-01-16 19:00:00,0.4521052348613739,0.34766004309058185
2023-01-16 20:00:00,0.5843736010044812,0.44072487905621527
2023-01-16 21:00:00,0.7079658260941503,0.4979287745803595
2023-01-16 22:00:00,0.7589951772056518,0.5562423674389719
2023-01-16 23:00:00,0.7348784405365585,0.617233436629176
2023-01-17 00:00:00,0.6799117409810422,0.6222700501792132
2023-01-17 01:00:00,0.6683286641165612,0.5700675401836633
2023-01-17 02:00:00,0.6470668748393652,0.4793678776547312
2023-01-17 03:00:00,0.5883573098480699,0.4204292994551361
2023-01-17 04:00:00,0.5493361622840166,0.3891305502690375
2023-01-17 05:00:00,0.4135015067271889,0.33818286735564473
2023-01-17 06:00:00,0.466203284189105,0.41686074396595363
2023-01-17 07:00:00,0.47076389327645307,0.40878440115600834
2023-01-17 08:00:00,0.4433067037165164,0.34925527226179837
2023-01-17 09:00:00,0.4279983982443809,0.3385861177928745
2023-01-17 10:00:00,0.4238372912816704,0.3581254022195935
2023-01-17 11:00:00,0.3860113425925374,0.38024618638679386
2023-01-17 12:00:00,0.35443995038047427,0.34904542968608443
2023-01-17 13:00:00,0.32059578656218946,0.3040881135221571
2023-01-17 14:00:00,0.29520944418385625,0.24572912530042226
2023-01-17 15:00:00,0.2612122504413128,0.22183865766040975
2023-01-17 16:00:00,0.20846081871539351,0.20136823079548774
2023-01-17 17:00:00,0.1736114540416747,0.16058779180049895
2023-01-17 18:00:00,0.13769208622165025,0.12009843180887399
2023-01-17 19:00:00,0.11477850914001465,0.09881041892338542
2023-01-17 20:00:00,0.10466479839757084,0.10528666330967096
2023-01-17 21:00:00,0.0939578576758504,0.1100527822226286
2023-01-17 22:00:00,0.07026556790806351,0.09177745793014765
2023-01-17 23:00:00,0.04826766525395214,0.05403493830468505
2023-01-18 00:00:00,0.054185543954372396,0.025194679819978773
2023-01-18 01:00:00,0.053926440132781854,0.01580353170633316
2023-01-18 02:00:00,0.04265936419367791,0.011577704218216241
2023-01-18 03:00:00,0.022759362668730323,0.004583883532322943
2023-01-18 04:00:00,0.014771674531511965,0.0021256884792819615
2023-01-18 05:00:00,0.007550491606816649,0.0009601336624473333
2023-01-18 06:00:00,0.00771353674121201,0.0012430728739127516
2023-01-18 07:00:00,0.01647025272715837,0.004792061182670295
2023-01-18 08:00:00,0.06439489913173019,0.020528583987616002
2023-01-18 09:00:00,0.14923089792020616,0.060481507666409015
2023-01-18 10:00:00,0.18889590884558852,0.08690679654013364
2023-01-18 11:00:00,0.18813438995741308,0.08300727575086057
2023-01-18 12:00:00,0.20291360280476506,0.08162531167734413
2023-01-18 13:00:00,0.2367424146644771,0.08686078549362719
2023-01-18 14:00:00,0.25801480515860015,0.09712736756075172
2023-01-18 15:00:00,0.2705129214003682,0.10443748580757527
2023-01-18 16:00:00,0.26770623078569766,0.10497875547967851
2023-01-18 17:00:00,0.1937665425892919,0.06569763007573783
2023-01-18 18:00:00,0.2010980870854109,0.07590125842019914
2023-01-18 19:00:00,0.2016687183547765,0.08522138807922601
2023-01-18 20:00:00,0.22809053327888246,0.11214324710890648
2023-01-18 21:00:00,0.305029957164079,0.16516688510775562
2023-01-18 22:00:00,0.3567633151449263,0.20302365669980643
2023-01-18 23:00:00,0.38942271970212455,0.22339530624449253
2023-01-19 00:00:00,0.43801523160189393,0.2370015069376677
2023-01-19 01:00:00,0.4066147876158356,0.2068962058983743
2023-01-19 02:00:00,0.3682726233080029,0.16952546222135426
2023-01-19 03:00:00,0.3240037272311747,0.1333486111648381
2023-01-19 04:00:00,0.28203096069395533,0.11181654918007553
2023-01-19 05:00:00,0.23291652352549136,0.08989013342186807
2023-01-19 06:00:00,0.26035213228315107,0.12270046161487697
2023-01-19 07:00:00,0.37544809238985183,0.22539866469800468
2023-01-19 08:00:00,0.45629128864035007,0.2983168209902942
2023-01-19 09:00:00,0.518424701374024,0.3420023608952761
2023-01-19 10:00:00,0.5442311305180191,0.38308260718360543
2023-01-19 11:00:00,0.5317099949531257,0.4016229443065821
2023-01-19 12:00:00,0.46693995267152777,0.38539357047528033
2023-01-19 13:00:00,0.4152678741887211,0.33681591879576445
2023-01-19 14:00:00,0.33372970255091783,0.25873214885592455
2023-01-19 15:00:00,0.2578832049295306,0.19022785847075283
2023-01-19 16:00:00,0.14480040041729808,0.10159325459040701
2023-01-19 17:00:00,0.032379876049235465,0.01275584709830582
2023-01-19 18:00:00,0.01157630853820592,0.010156018268316984
2023-01-19 19:00:00,0.016342079103924333,0.033005682281218474
2023-01-19 20:00:00,0.051529584936797615,0.08374630726873873
2023-01-19 21:00:00,0.11531927915755658,0.12802747992333027
2023-01-19 22:00:00,0.20080618741922074,0.19016874113585797
2023-01-19 23:00:00,0.27554519672878086,0.2647880223626271
2023-01-20 00:00:00,0.37596547583118084,0.3476190068479627
2023-01-20 01:00:00,0.3791171965189277,0.3761365841981022
2023-01-20 02:00:00,0.5711689999327062,0.4530440651066602
2023-01-20 03:00:00,0.7731325286254286,0.6550345210172236
2023-01-20 04:00:00,0.8263678615167738,0.7555623969249426
2023-01-20 05:00:00,0.9819009688496589,0.919312008321285
2023-01-20 06:00:00,0.8875155515410005,0.8273072850704193
2023-01-20 07:00:00,0.7354856855608523,0.625674805548042
2023-01-20 08:00:00,0.6016901742480694,0.4460833123698831
2023-01-20 09:00:00,0.48013218440115446,0.3136308598332107
2023-01-20 10:00:00,0.42499268876388663,0.24488159217871724
2023-01-20 11:00:00,0.46966727297753097,0.26425646176561707
2023-01-20 12:00:00,0.6539813185110687,0.3944324121065438
2023-01-20 13:00:00,0.794144964404404,0.5811862908490001
2023-01-20 14:00:00,0.9146832290291785,0.7407685064338146
2023-01-20 15:00:00,0.9531414745375513,0.8151029735431076
2023-01-20 16:00:00,0.9371887814998626,0.7551732883416116
2023-01-20 17:00:00,0.9105885718762876,0.6854767018556593
2023-01-20 18:00:00,0.8895034513249994,0.6154758148640395
2023-01-20 19:00:00,0.8699808940477667,0.5795252060331404
2023-01-20 20:00:00,0.8609972403757272,0.5681946345046163
2023-01-20 21:00:00,0.8889810744673013,0.6125054753944277
2023-01-20 22:00:00,0.8922666729055345,0.6579258819483219
2023-01-20 23:00:00,0.9232439467497169,0.7013914763182402
2023-01-21 00:00:00,0.9442506536282599,0.7769917178340254
2023-01-21 01:00:00,0.8970110573619603,0.7301123515143988
2023-01-21 02:00:00,0.8909722963161766,0.7006264820136129
2023-01-21 03:00:00,0.9368740078061819,0.745515000540763
2023-01-21 04:00:00,0.9434866568818687,0.793096384704113
2023-01-21 05:00:00,0.9577617788687348,0.8292911714687943
2023-01-21 06:00:00,0.9578820483013988,0.8539862867072224
2023-01-21 07:00:00,0.9635229572281241,0.8871561914309858
2023-01-21 08:00:00,0.9578568591363729,0.8997146054543554
2023-01-21 09:00:00,0.9679337385296822,0.9151503031142056
2023-01-21 10:00:00,0.9615317045524715,0.9228024718910455
2023-01-21 11:00:00,0.9674445617198943,0.9356143510341642
2023-01-21 12:00:00,0.9608148475177586,0.9337152759730815
2023-01-21 13:00:00,0.9266114374436436,0.8796563453227281
2023-01-21 14:00:00,0.9757898427173494,0.912206437010318
2023-01-21 15:00:00,0.9680049765296279,0.9283547351136804
2023-01-21 16:00:00,0.9809251102805138,0.9144112629629672
2023-01-21 17:00:00,0.9234507975354791,0.8060331438481807
2023-01-21 18:00:00,0.8860086998529731,0.7730472499132156
2023-01-21 19:00:00,0.8249312860146163,0.7335918911732733
2023-01-21 20:00:00,0.7181351864896713,0.6691094992309807
2023-01-21 21:00:00,0.6512590813636779,0.6009740504808724
2023-01-21 22:00:00,0.7463052571192382,0.6187344218418002
2023-01-21 23:00:00,0.8758354880660773,0.7538037031330168
2023-01-22 00:00:00,0.9334617834724485,0.8510725793801247
2023-01-22 01:00:00,0.8992352338135243,0.8196782711334526
2023-01-22 02:00:00,0.8654023260250686,0.7736158206127584
2023-01-22 03:00:00,0.7909189692139623,0.7177008009329437
2023-01-22 04:00:00,0.6594330518133937,0.6440608663484453
2023-01-22 05:00:00,0.5070417815633118,0.599075196813792
2023-01-22 06:00:00,0.45639069637283675,0.6176287791505455
2023-01-22 07:00:00,0.46834572963416565,0.6802399846352636
2023-01-22 08:00:00,0.6234899279475211,0.7840466282330454
2023-01-22 09:00:00,0.7567303686030209,0.8118914183229209
2023-01-22 10:00:00,0.7994523188471792,0.7890207121707499
2023-01-22 11:00:00,0.7151566729322074,0.754296244047582
2023-01-22 12:00:00,0.689443304426968,0.7629900618828832
2023-01-22 13:00:00,0.7517273447848858,0.828126490600407
2023-01-22 14:00:00,0.7267365317977964,0.8531550963409243
2023-01-22 15:00:00,0.6841821307316421,0.8505728043988346
2023-01-22 16:00:00,0.7754153691232205,0.8516545606590806
2023-01-22 17:00:00,0.9436570315621794,0.8992629439383746
2023-01-22 18:00:00,1.0,0.9793745856545865
2023-01-22 19:00:00,1.0,0.9986490812897683
2023-01-22 20:00:00,1.0,1.0
2023-01-22 21:00:00,1.0,1.0
2023-01-22 22:00:00,1.0,1.0
2023-01-22 23:00:00,1.0,1.0
2023-01-23 00:00:00,1.0,1.0
2023-01-23 01:00:00,1.0,1.0
2023-01-23 02:00:00,1.0,1.0
2023-01-23 03:00:00,1.0,1.0
2023-01-23 04:00:00,1.0,1.0
2023-01-23 05:00:00,1.0,1.0
2023-01-23 06:00:00,1.0,0.9993283632397651
2023-01-23 07:00:00,1.0,0.9979962725192308
2023-01-23 08:00:00,1.0,0.9987314399704337
2023-01-23 09:00:00,1.0,0.997473924048245
2023-01-23 10:00:00,1.0,0.9961737763136626
2023-01-23 11:00:00,1.0,0.9979402977228164
2023-01-23 12:00:00,1.0,0.9951923136785628
2023-01-23 13:00:00,0.9929775132238864,0.9845001671276987
2023-01-23 14:00:00,0.9149503412842749,0.9328766608610749
2023-01-23 15:00:00,0.7186289625428615,0.7683209696225821
2023-01-23 16:00:00,0.5680572537146509,0.644884281065315
2023-01-23 17:00:00,0.24434458699077366,0.30069356834515926
2023-01-23 18:00:00,0.3098723389022052,0.30438660809770224
2023-01-23 19:00:00,0.5105193435959519,0.5154160942882299
2023-01-23 20:00:00,0.6170655650272966,0.6370179066434501
2023-01-23 21:00:00,0.7025402556732298,0.7068580917827785
2023-01-23 22:00:00,0.7741732342168687,0.7371160344965755
2023-01-23 23:00:00,0.7862864974886178,0.7513680967874824
2023-01-24 00:00:00,0.7208670142292974,0.7150763121061026
2023-01-24 01:00:00,0.6974020590819417,0.6867226928286253
2023-01-24 02:00:00,0.7749196225032209,0.7138457781262693
2023-01-24 03:00:00,0.9436616504192353,0.8377936619147658
2023-01-24 04:00:00,0.9893714861758053,0.9174884615093468
2023-01-24 05:00:00,0.9774085763283074,0.8934007602743804
2023-01-24 06:00:00,0.9857832866907119,0.9154230410233141
2023-01-24 07:00:00,0.9919117093086244,0.905886043421924
2023-01-24 08:00:00,0.9989943934604526,0.9306457098387182
2023-01-24 09:00:00,1.0,0.9821046953089536
2023-01-24 10:00:00,1.0,0.9956894505023957
2023-01-24 11:00:00,1.0,0.9958790945261717
2023-01-24 12:00:00,0.9995715064927935,0.9883345776237548
2023-01-24 13:00:00,0.9963322848081588,0.9817553522065282
2023-01-24 14:00:00,0.9932642534375191,0.9917871491983534
2023-01-24 15:00:00,0.9906944874301553,0.9975572687759995
2023-01-24 16:00:00,0.968931917734444,0.9910035168752074
2023-01-24 17:00:00,0.7632586234621703,0.9316775041818619
2023-01-24 18:00:00,0.5628299592249095,0.8207403977401555
2023-01-24 19:00:00,0.40397133365273474,0.675821667741984
2023-01-24 20:00:00,0.30195895998738703,0.525522444071248
2023-01-24 21:00:00,0.28034892047755416,0.4520006826240569
2023-01-24 22:00:00,0.34312616817187513,0.4207554760342464
2023-01-24 23:00:00,0.5087945441342889,0.46061590250581497
2023-01-25 00:00:00,0.6856418517325074,0.5542033091839402
2023-01-25 01:00:00,0.8210701172426343,0.6675652766413986
2023-01-25 02:00:00,0.9176292851939797,0.8065107226371764
2023-01-25 03:00:00,0.9766884317807853,0.9147333641164004
2023-01-25 04:00:00,0.9997914956882596,0.9726336391083896
2023-01-25 05:00:00,1.0,0.9801067769154906
2023-01-25 06:00:00,0.9990513676032423,0.9859615131281316
2023-01-25 07:00:00,0.9956315084174275,0.9841509615071117
2023-01-25 08:00:00,0.9909384105727076,0.9770292590185998
2023-01-25 09:00:00,0.9870677018538117,0.9703067797608673
2023-01-25 10:00:00,0.9816687772795557,0.950421389453113
2023-01-25 11:00:00,0.9889085037074983,0.9519541971944272
2023-01-25 12:00:00,0.995710311383009,0.9689836597442627
2023-01-25 13:00:00,0.9972969960421323,0.9736457750201225
2023-01-25 14:00:00,0.9967773834243417,0.978470849506557
2023-01-25 15:00:00,0.9960833791643381,0.9755654884688556
2023-01-25 16:00:00,0.9962604097649456,0.976174789518118
2023-01-25 17:00:00,0.993666219636798,0.92899626115337
2023-01-25 18:00:00,1.0,0.9681356903165579
2023-01-25 19:00:00,1.0,0.982562148924917
2023-01-25 20:00:00,0.9966154494136572,0.9824041363410652
2023-01-25 21:00:00,0.9905656838417053,0.9785660647414625
2023-01-25 22:00:00,0.9867899252101778,0.9663705296069384
2023-01-25 23:00:00,0.9821292965486647,0.9562893480435015
2023-01-26 00:00:00,0.9869991558790208,0.9554249731265008
2023-01-26 01:00:00,0.9642898353748023,0.9138061094470321
2023-01-26 02:00:00,0.9165510216355323,0.8548053649067879
2023-01-26 03:00:00,0.8977535995282232,0.8169128384627401
2023-01-26 04:00:00,0.8871587780863047,0.7945857867226003
2023-01-26 05:00:00,0.8098274361342191,0.7447530567087232
2023-01-26 06:00:00,0.5804112774878738,0.6160932071134446
2023-01-26 07:00:00,0.47508460730314267,0.5504460084252059
2023-01-26 08:00:00,0.4616293790005147,0.5550421331450341
2023-01-26 09:00:00,0.5036313913948833,0.618224394135177
2023-01-26 10:00:00,0.7426980766840279,0.7615159351751207
2023-01-26 11:00:00,0.9933237601444125,0.9695728848688303
2023-01-26 12:00:00,0.9981863079220057,0.9906225686706602
2023-01-26 13:00:00,0.9993016810715198,0.9938465474918483
2023-01-26 14:00:00,1.0,0.9978454016149044
2023-01-26 15:00:00,1.0,1.0
2023-01-26 16:00:00,1.0,1.0
2023-01-26 17:00:00,1.0,1.0
2023-01-26 18:00:00,1.0,1.0
2023-01-26 19:00:00,0.9375,1.0
2023-01-26 20:00:00,0.8125,1.0
2023-01-26 21:00:00,0.5625,0.9375
2023-01-26 22:00:00,0.375,0.8125
2023-01-26 23:00:00,0.375,0.625
2023-01-27 00:00:00,0.375,0.5625
2023-01-27 01:00:00,0.1875,0.5625
2023-01-27 02:00:00,0.1875,0.5625
2023-01-27 03:00:00,0.1875,0.5
2023-01-27 04:00:00,0.25,0.5625
2023-01-27 05:00:00,0.1875,0.375
2023-01-27 06:00:00,0.875,0.75
2023-01-27 07:00:00,1.0,1.0
2023-01-27 08:00:00,1.0,1.0
2023-01-27 09:00:00,0.9906105362437665,0.9950398376956582
2023-01-27 10:00:00,0.7364983531460165,0.8115978243947028
2023-01-27 11:00:00,0.42294758647680275,0.44705194504931567
2023-01-27 12:00:00,0.37996360361576076,0.3128072296082974
2023-01-27 13:00:00,0.496184669304639,0.3541294183954596
2023-01-27 14:00:00,0.6618852376192809,0.5195444754697383
2023-01-27 15:00:00,0.7608655632846055,0.6927414615545422
2023-01-27 16:00:00,0.7553138203453273,0.7660735548939555
2023-01-27 17:00:00,0.7472371773235499,0.8063952992297709
2023-01-27 18:00:00,0.6813947406783699,0.7680657326243817
2023-01-27 19:00:00,0.671175310704857,0.7329930910840627
2023-01-27 20:00:00,0.7768512714654205,0.7452798841707406
2023-01-27 21:00:00,0.8831669580377637,0.7851949256472288
2023-01-27 22:00:00,0.9495233610272408,0.7641512308642266
2023-01-27 23:00:00,0.8780547023192049,0.7416918755136429
2023-01-28 00:00:00,0.7179574104212225,0.7026025816611944
2023-01-28 01:00:00,0.7111880259774622,0.6644121581688521
2023-01-28 02:00:00,0.757466203868389,0.716874880287796
2023-01-28 03:00:00,0.6888315968587992,0.7216236505098641
2023-01-28 04:00:00,0.6022380794212221,0.68984876120463
2023-01-28 05:00:00,0.7126749663986263,0.7638538502342999
2023-01-28 06:00:00,0.7312619121186436,0.777895314004272
2023-01-28 07:00:00,0.7033402098529038,0.7664706663414834
2023-01-28 08:00:00,0.7309047280065715,0.7689614900760353
2023-01-28 09:00:00,0.7398044415377079,0.7688195175863801
2023-01-28 10:00:00,0.719395110514015,0.7129425503686071
2023-01-28 11:00:00,0.7015549813769756,0.6617183143645523
2023-01-28 12:00:00,0.6376875904761253,0.605066426321864
2023-01-28 13:00:00,0.6387996278144417,0.6023642767593264
2023-01-28 14:00:00,0.6259370783716438,0.5926619662344453
2023-01-28 15:00:00,0.6452324069477615,0.5869603721797464
2023-01-28 16:00:00,0.7292708992958068,0.5935593736916779
2023-01-28 17:00:00,0.8873538658767939,0.7378306038677692
2023-01-28 18:00:00,0.9330904393084347,0.8169788566417993
2023-01-28 19:00:00,0.9324098726175726,0.8529709140025078
2023-01-28 20:00:00,0.9185417774505912,0.8498679145798086
2023-01-28 21:00:00,0.900729823615402,0.8078343717567622
2023-01-28 22:00:00,0.8681719181314109,0.7293171533197162
2023-01-28 23:00:00,0.8538690721429884,0.6576526277884841
2023-01-29 00:00:00,0.873964765239507,0.6093997215107082
2023-01-29 01:00:00,0.9497322572767735,0.6453092595934866
2023-01-29 02:00:00,0.9929689705744387,0.8341216284967958
2023-01-29 03:00:00,0.9965084661543369,0.9188242863491177
2023-01-29 04:00:00,0.9969374251365661,0.9327741312421858
2023-01-29 05:00:00,1.0,0.9987348027899862
2023-01-29 06:00:00,1.0,0.9963158848881722
2023-01-29 07:00:00,1.0,0.9806257016956808
2023-01-29 08:00:00,1.0,0.9811842404678466
2023-01-29 09:00:00,1.0,0.9855539017543197
2023-01-29 10:00:00,1.0,0.9867427697777746
2023-01-29 11:00:00,1.0,0.9862329942919313
2023-01-29 12:00:00,1.0,0.9890710251033307
2023-01-29 13:00:00,1.0,0.9918291942030192
2023-01-29 14:00:00,1.0,0.9946278164535761
2023-01-29 15:00:00,1.0,0.993342731911689
2023-01-29 16:00:00,1.0,0.9963343423977494
2023-01-29 17:00:00,1.0,0.9999675117433071
2023-01-29 18:00:00,1.0,0.9996471642330289
2023-01-29 19:00:00,1.0,0.9992162483558059
2023-01-29 20:00:00,1.0,0.9972415095195175
2023-01-29 21:00:00,0.9887008761614561,0.9650947095453738
2023-01-29 22:00:00,0.8914157618209719,0.8246782751195132
2023-01-29 23:00:00,0.7082631480507551,0.6148085680790244
2023-01-30 00:00:00,0.44294662486761804,0.3849145096912979
2023-01-30 01:00:00,0.2998169323801994,0.3478656178340315
2023-01-30 02:00:00,0.2669628373533487,0.27724298974499106
2023-01-30 03:00:00,0.2846202265284955,0.27594356385990976
2023-01-30 04:00:00,0.3081512867845594,0.283976740129292
2023-01-30 05:00:00,0.36309997124597426,0.2912914863601327
2023-01-30 06:00:00,0.48230057135224325,0.3469974459521472
2023-01-30 07:00:00,0.7125908092968164,0.47231214644387354
2023-01-30 08:00:00,0.9313681606389581,0.6827866964414715
2023-01-30 09:00:00,0.9784048617817461,0.8037019108608365
2023-01-30 10:00:00,0.992183426078409,0.879511773828417
2023-01-30 11:00:00,0.9967244674637914,0.9336807622946798
2023-01-30 12:00:00,0.9968409483134747,0.9491725973784924
2023-01-30 13:00:00,0.9993416625261307,0.9790627099387347
2023-01-30 14:00:00,0.9998566298931837,0.991803727708757
2023-01-30 15:00:00,0.9992484573274851,0.9827948169782758
2023-01-30 16:00:00,0.9992176485806704,0.9730412237159909
2023-01-30 17:00:00,0.999971326738596,0.9797351866587996
2023-01-30 18:00:00,0.9997763705998659,0.9628756388649344
2023-01-30 19:00:00,0.9990661621093749,0.9466903694160281
2023-01-30 20:00:00,0.9927316246181728,0.9292351111769676
2023-01-30 21:00:00,0.9698341485112905,0.9145455307140945
2023-01-30 22:00:00,0.8738808639161288,0.830245446320623
2023-01-30 23:00:00,0.7153604196757077,0.6798956072330473
2023-01-31 00:00:00,0.5180142156779766,0.48397224113345144
2023-01-31 01:00:00,0.3129687222279608,0.27495955273509026
2023-01-31 02:00:00,0.19701911910437042,0.20649388842284677
2023-01-31 03:00:00,0.20810586856678123,0.21377487759105862
2023-01-31 04:00:00,0.2814246893115342,0.24418067494407286
2023-01-31 05:00:00,0.4043141715787351,0.33812856830656535
2023-01-31 06:00:00,0.2745188103243708,0.23722508057951924
2023-01-31 07:00:00,0.19493956003338092,0.15577209799550473
2023-01-31 08:00:00,0.20595822485163806,0.1274906122405082
2023-01-31 09:00:00,0.3009573887474835,0.16872771576978263
2023-01-31 10:00:00,0.44252592980861655,0.24441635197028513
2023-01-31 11:00:00,0.5256499306857586,0.3378803391754627
2023-01-31 12:00:00,0.4449375223368406,0.3324363825656474
2023-01-31 13:00:00,0.3751430664770305,0.3142231392301619
2023-01-31 14:00:00,0.29183896571397777,0.2674899069778621
2023-01-31 15:00:00,0.1946097414568066,0.1939740867912769
2023-01-31 16:00:00,0.12366268853656945,0.11906929628923534
2023-01-31 17:00:00,0.12592325991485265,0.12618005898315457
2023-01-31 18:00:00,0.13376175563782453,0.11701638738624749
2023-01-31 19:00:00,0.17809218125417828,0.1399490559007972
2023-01-31 20:00:00,0.2274443198554218,0.19479042514227327
2023-01-31 21:00:00,0.3090353200025856,0.26984022762626403
2023-01-31 22:00:00,0.38893531586043534,0.3605412230454385
2023-01-31 23:00:00,0.49840272008907044,0.45460396382026375
2023-02-01 00:00:00,0.5639665750879794,0.5126454946259035
2023-02-01 01:00:00,0.5143558078678324,0.4876238333340732
2023-02-01 02:00:00,0.36925099866464733,0.43171299234963945
2023-02-01 03:00:00,0.25244582797866316,0.40632107371464365
2023-02-01 04:00:00,0.17675761647522448,0.30997815028764303
2023-02-01 05:00:00,0.1431344472058117,0.24457625862210985
2023-02-01 06:00:00,0.0809896658360958,0.141168313533999
2023-02-01 07:00:00,0.02787592640612274,0.07227264045272022
2023-02-01 08:00:00,0.01358520939014852,0.05318594783544541
2023-02-01 09:00:00,0.002828881912864745,0.04190224939491599
2023-02-01 10:00:00,0.00036631701514124867,0.021946254316717387
2023-02-01 11:00:00,0.008084978396072983,0.010020271101966502
2023-02-01 12:00:00,0.030488634570501744,0.013718326855450868
2023-02-01 13:00:00,0.07335683473851531,0.029166537434794006
2023-02-01 14:00:00,0.12702896085567772,0.04838667166419327
2023-02-01 15:00:00,0.20109484994783994,0.07822531902696936
2023-02-01 16:00:00,0.2788625075854361,0.1147224453696981
2023-02-01 17:00:00,0.30508825523778793,0.12917006379924711
2023-02-01 18:00:00,0.3412847474217414,0.14196693300269544
2023-02-01 19:00:00,0.38519585330039263,0.17235154486261312
2023-02-01 20:00:00,0.33405596687458455,0.1785142656229436
2023-02-01 21:00:00,0.3253950084373354,0.16360950082540512
2023-02-01 22:00:00,0.6282202652655541,0.24325582099147136
2023-02-01 23:00:00,0.8733592483587562,0.4119590768963098
2023-02-02 00:00:00,0.9776131935045123,0.6826598810777067
2023-02-02 01:00:00,0.996838121265173,0.8220635133609174
2023-02-02 02:00:00,1.0,0.9541677206009627
2023-02-02 03:00:00,1.0,0.9967664609104395
2023-02-02 04:00:00,0.9962436678633093,0.9919290123693645
2023-02-02 05:00:00,0.9963862305134534,0.9949274013936519
2023-02-02 06:00:00,0.9459315044991672,0.929655396901071
2023-02-02 07:00:00,0.7701618853211402,0.7646489112079143
2023-02-02 08:00:00,0.5997386629320681,0.574715289045125
2023-02-02 09:00:00,0.43946227528154835,0.4385539304278791
2023-02-02 10:00:00,0.2683320282772183,0.3121009586099535
2023-02-02 11:00:00,0.16587477741762996,0.20490798314101993
2023-02-02 12:00:00,0.11940145275555551,0.15156593535095453
2023-02-02 13:00:00,0.08312684969976543,0.10395711204037071
2023-02-02 14:00:00,0.054179543815553184,0.0649259841721505
2023-02-02 15:00:00,0.07243383876979351,0.08604844639077784
2023-02-02 16:00:00,0.15215298944152889,0.15877483558841052
2023-02-02 17:00:00,0.21433641367591916,0.20023129861801858
2023-02-02 18:00:00,0.3200373313762247,0.2874843082483858
2023-02-02 19:00:00,0.4227120395563543,0.3633574905619025
2023-02-02 20:00:00,0.5795861941203475,0.5047504794597625
2023-02-02 21:00:00,0.7630472627095877,0.6535917220823465
2023-02-02 22:00:00,0.9203920103982091,0.8082425514608621
2023-02-02 23:00:00,0.9794397775642573,0.8619961214996873
2023-02-03 00:00:00,0.9582264587841929,0.824460275582969
2023-02-03 01:00:00,0.963167944829911,0.8059775891713798
2023-02-03 02:00:00,0.9620956563390792,0.8102912040241061
2023-02-03 03:00:00,0.9437349073588849,0.7489902888610958
2023-02-03 04:00:00,0.9285078790225089,0.6869005453214049
2023-02-03 05:00:00,0.8859089443273842,0.654635471906513
2023-02-03 06:00:00,0.7898255360499024,0.5606430300325156
2023-02-03 07:00:00,0.7460069612413643,0.5795064466446637
2023-02-03 08:00:00,0.7239730018749831,0.507351485826075
2023-02-03 09:00:00,0.6402083311975002,0.37855325539596374
2023-02-03 10:00:00,0.5356408574990928,0.29067643721587955
2023-02-03 11:00:00,0.5364165910705923,0.2665622210036963
2023-02-03 12:00:00,0.555871349480003,0.23710604871623214
2023-02-03 13:00:00,0.554318097103387,0.21536447368562217
2023-02-03 14:00:00,0.5843462053500115,0.23930309372954062
2023-02-03 15:00:00,0.7016762380488215,0.3242996860202402
2023-02-03 16:00:00,0.8097958272509275,0.45040235912427307
2023-02-03 17:00:00,0.771715932637453,0.6175965772382915
2023-02-03 18:00:00,0.8253263039514424,0.7781428920477628
2023-02-03 19:00:00,0.7787851697579024,0.8124759314581751
2023-02-03 20:00:00,0.7964012636616826,0.8700782128609715
2023-02-03 21:00:00,0.7711758987605569,0.8689751289784907
2023-02-03 22:00:00,0.7029847167804836,0.8550441232882439
2023-02-03 23:00:00,0.7098837274126707,0.8591076956689356
2023-02-04 00:00:00,0.7282908289134501,0.8088077612780032
2023-02-04 01:00:00,0.8510715048387646,0.7997628797776997
2023-02-04 02:00:00,0.9346689900197087,0.7701558607071639
2023-02-04 03:00:00,0.9312434648908675,0.7131462224759161
2023-02-04 04:00:00,0.8671326776966451,0.5983343599177896
2023-02-04 05:00:00,0.5333018314652144,0.41966898079961534
2023-02-04 06:00:00,0.4014084087125957,0.6133918506279589
2023-02-04 07:00:00,0.3799303556326775,0.6811742928996681
2023-02-04 08:00:00,0.20827605655416845,0.47119103349745267
2023-02-04 09:00:00,0.07184932674281298,0.354906407110393
2023-02-04 10:00:00,0.028481016117148098,0.40614909767173224
2023-02-04 11:00:00,0.07247764954343437,0.5115998883731663
2023-02-04 12:00:00,0.13442199639044702,0.5968202297855169
2023-02-04 13:00:00,0.1572478297073394,0.6368168452847749
2023-02-04 14:00:00,0.19990674247965212,0.6715827824920416
2023-02-04 15:00:00,0.27916387864388525,0.7257689555454998
2023-02-04 16:00:00,0.35728384080342945,0.7550464370287955
2023-02-04 17:00:00,0.35979039424099024,0.7470474910689517
2023-02-04 18:00:00,0.33735677320975804,0.7303278251411393
2023-02-04 19:00:00,0.3408984191389754,0.7048323234124109
2023-02-04 20:00:00,0.4657987620215863,0.7716648649470881
2023-02-04 21:00:00,0.5935910395160315,0.8479428065381945
2023-02-04 22:00:00,0.6169110397063194,0.8564620160497725
2023-02-04 23:00:00,0.6647871242277325,0.8271653458103536
2023-02-05 00:00:00,0.7973381979018449,0.8097244605794548
2023-02-05 01:00:00,0.7987785905227065,0.693991988748312
2023-02-05 02:00:00,0.7774660344980656,0.593801908046007
2023-02-05 03:00:00,0.7977065979503094,0.556518427375704
2023-02-05 04:00:00,0.790309371370822,0.5382599258050322
2023-02-05 05:00:00,0.6571043265610931,0.4587033442594111
2023-02-05 06:00:00,0.5851108440570534,0.5059677524678409
2023-02-05 07:00:00,0.4823999183252453,0.5224302746355532
2023-02-05 08:00:00,0.3746419201232493,0.46335049556568253
2023-02-05 09:00:00,0.2468637712113559,0.3652641540206969
2023-02-05 10:00:00,0.21645580613985652,0.31164989016950123
2023-02-05 11:00:00,0.23686893527396014,0.2922008736990392
2023-02-05 12:00:00,0.2888781570922583,0.3096286088693887
2023-02-05 13:00:00,0.4826954926922918,0.4569991058297455
2023-02-05 14:00:00,0.7681318585388361,0.6414668911136686
2023-02-05 15:00:00,0.8408969783969222,0.6157388864830136
2023-02-05 16:00:00,0.7515816423110663,0.6082952316664159
2023-02-05 17:00:00,0.840310260951519,0.7619407917372882
2023-02-05 18:00:00,0.9399046330340206,0.8089127228781581
2023-02-05 19:00:00,0.9504361631348727,0.8342063454352318
2023-02-05 20:00:00,0.9179598536342382,0.8086297704465687
2023-02-05 21:00:00,0.8348894448019565,0.8230456393584608
2023-02-05 22:00:00,0.9800625221803783,0.9621999062038957
2023-02-05 23:00:00,0.9950358564406634,0.9503592526726424
2023-02-06 00:00:00,0.9876596736907959,0.9444278204999863
2023-02-06 01:00:00,0.9770568437874317,0.9305825348384679
2023-02-06 02:00:00,0.9600438232161105,0.9333761811628938
2023-02-06 03:00:00,0.9548172407597302,0.9132172001339496
2023-02-06 04:00:00,0.8748332643881439,0.811533741429448
2023-02-06 05:00:00,0.6707866470701992,0.7015391744300721
2023-02-06 06:00:00,0.7306685837358234,0.7878491611033677
2023-02-06 07:00:00,0.7959302479587494,0.8563627938926218
2023-02-06 08:00:00,0.8714303823374211,0.9025113824568687
2023-02-06 09:00:00,0.9387315029092131,0.9255278373323379
2023-02-06 10:00:00,0.9945994257926941,0.9616592680290342
2023-02-06 11:00:00,0.9996054405719041,0.9863861906901001
2023-02-06 12:00:00,1.0,0.9950306209549308
2023-02-06 13:00:00,1.0,0.9994173240661621
2023-02-06 14:00:00,1.0,1.0
2023-02-06 15:00:00,1.0,1.0
2023-02-06 16:00:00,1.0,1.0
2023-02-06 17:00:00,0.9375,1.0
2023-02-06 18:00:00,0.9375,1.0
2023-02-06 19:00:00,1.0,1.0
2023-02-06 20:00:00,0.9976126413047314,0.9926149703189731
2023-02-06 21:00:00,0.9602434924431146,0.9497648640722035
2023-02-06 22:00:00,0.8790908141247927,0.8251928521133958
2023-02-06 23:00:00,0.8142205857671796,0.6973334242776035
2023-02-07 00:00:00,0.8529239216074347,0.6323702768050133
2023-02-07 01:00:00,0.9033501900732515,0.6500844937376676
2023-02-07 02:00:00,0.9437268703058364,0.7137420913018285
2023-02-07 03:00:00,0.9841765111312271,0.790774400755763
2023-02-07 04:00:00,0.9917769075185061,0.8680055545084179
2023-02-07 05:00:00,0.9804897860996423,0.8839772248826921
2023-02-07 06:00:00,0.9751873808354139,0.9156206682510674
2023-02-07 07:00:00,0.9866407812014221,0.9542203428596256
2023-02-07 08:00:00,0.9859997048042716,0.9420277229510248
2023-02-07 09:00:00,0.9769052480719984,0.9303081352263688
2023-02-07 10:00:00,0.9945686702430249,0.9703486020490525
2023-02-07 11:00:00,0.9983693668991328,0.9863850162364542
2023-02-07 12:00:00,1.0,0.9958437507227063
2023-02-07 13:00:00,1.0,0.9994911503046751
2023-02-07 14:00:00,1.0,1.0
2023-02-07 15:00:00,1.0,0.9988242081925273
2023-02-07 16:00:00,0.9999287424236536,0.9995198444649578
2023-02-07 17:00:00,1.0,1.0
2023-02-07 18:00:00,1.0,1.0
2023-02-07 19:00:00,1.0,1.0
2023-02-07 20:00:00,1.0,1.0
2023-02-07 21:00:00,0.9999761524796486,0.9992622866854072
2023-02-07 22:00:00,0.9977125284448266,0.98928330918774
2023-02-07 23:00:00,0.9848952958919108,0.9534997991286218
2023-02-08 00:00:00,0.9095497826859353,0.7471848161891101
2023-02-08 01:00:00,0.691551861744374,0.5205950018763542
2023-02-08 02:00:00,0.326743122274056,0.3282848184043541
2023-02-08 03:00:00,0.10985025520436466,0.19682114785071464
2023-02-08 04:00:00,0.04720903221517801,0.10170577071607112
2023-02-08 05:00:00,0.037394900689832866,0.08483710881322622
2023-02-08 06:00:00,0.021843599658459424,0.06248187844641506
2023-02-08 07:00:00,0.034747966406866906,0.09069299775175749
2023-02-08 08:00:00,0.044886774430051436,0.11616524616256353
2023-02-08 09:00:00,0.05867507459130138,0.17956054624635723
2023-02-08 10:00:00,0.12085839018691327,0.2610414452571422
2023-02-08 11:00:00,0.2129498997842893,0.2748902047146111
2023-02-08 12:00:00,0.33780806080438197,0.27231837817467747
2023-02-08 13:00:00,0.384896358847618,0.2762812292017043
2023-02-08 14:00:00,0.31071032494306555,0.23763784552458672
2023-02-08 15:00:00,0.2403407683130354,0.19587474917992947
2023-02-08 16:00:00,0.28921757115051144,0.20461958712898198
2023-02-08 17:00:00,0.6230459926463662,0.33165421970188613
2023-02-08 18:00:00,0.6427844469062981,0.4214757499657571
2023-02-08 19:00:00,0.6906834588013588,0.5869622160680591
2023-02-08 20:00:00,0.8211224281229078,0.7072744704596697
2023-02-08 21:00:00,0.9621686380542814,0.8966289681941271
2023-02-08 22:00:00,0.9984669532626866,0.9966650173813105
2023-02-08 23:00:00,0.9984592624753713,0.9998528642952442
2023-02-09 00:00:00,0.9850709803216159,0.9981010670959949
2023-02-09 01:00:00,0.9644926123879849,0.9874406159482896
2023-02-09 02:00:00,0.9100620354339479,0.9442187217436732
2023-02-09 03:00:00,0.7536324485018849,0.8399951723404228
2023-02-09 04:00:00,0.5275469107553363,0.6697431026957928
2023-02-09 05:00:00,0.5792230665870011,0.6047517298720775
2023-02-09 06:00:00,0.6583704176358878,0.5785234650876373
2023-02-09 07:00:00,0.7086985502578318,0.6381987380981445
2023-02-09 08:00:00,0.6320481674000619,0.5605327240843325
2023-02-09 09:00:00,0.5746302029304204,0.4330243111215532
2023-02-09 10:00:00,0.7126651148125529,0.4274469248950481
2023-02-09 11:00:00,0.927772325761616,0.6600784820318221
2023-02-09 12:00:00,0.972767459452152,0.8172338773682714
2023-02-09 13:00:00,0.9863112999126314,0.886184027157724
2023-02-09 14:00:00,0.9957058523222804,0.9319198834896087
2023-02-09 15:00:00,0.9904112571664155,0.923905627913773
2023-02-09 16:00:00,0.9803427053615451,0.8816985397972165
2023-02-09 17:00:00,0.9651620177924631,0.9047775309905409
2023-02-09 18:00:00,0.8770968465134501,0.7983539393357931
2023-02-09 19:00:00,0.7960717132873831,0.7077989488653839
2023-02-09 20:00:00,0.7573734099976719,0.706819680891931
2023-02-09 21:00:00,0.7291334797814488,0.7302071461267768
2023-02-09 22:00:00,0.7830214164592325,0.7569867824576795
2023-02-09 23:00:00,0.8692147099599241,0.7840690201334656
2023-02-10 00:00:00,0.8331698767282067,0.719502978362143
2023-02-10 01:00:00,0.8636668700538574,0.6669772301800548
2023-02-10 02:00:00,0.8242022308707234,0.5954935155063866
2023-02-10 03:00:00,0.6942164662852882,0.4712813278846442
2023-02-10 04:00:00,0.618800874724984,0.4183529510721564
2023-02-10 05:00:00,0.6698944062180816,0.39904073370620596
2023-02-10 06:00:00,0.7685029421187934,0.46516747510060663
2023-02-10 07:00:00,0.8350105891190468,0.5660941831953822
2023-02-10 08:00:00,0.9135282129049299,0.730538073349744
2023-02-10 09:00:00,0.9526610012724995,0.821424655728042
2023-02-10 10:00:00,0.9585563185997306,0.8547805417887867
2023-02-10 11:00:00,0.9704579900950193,0.8774386250413952
2023-02-10 12:00:00,0.939293833579868,0.8309834741614759
2023-02-10 13:00:00,0.8634640054032204,0.7921011244691907
2023-02-10 14:00:00,0.8134112913161514,0.81746884284541
2023-02-10 15:00:00,0.8657754153199493,0.8734358901903033
2023-02-10 16:00:00,0.9135543546639381,0.9085665956139564
2023-02-10 17:00:00,0.8743387467972932,0.8867286991886796
2023-02-10 18:00:00,0.8975399914197623,0.93738456254825
2023-02-10 19:00:00,0.99415671935305,0.9942693838477135
2023-02-10 20:00:00,0.9997411331906915,0.995622910503298
2023-02-10 21:00:00,0.9996660321205855,0.9989984820410609
2023-02-10 22:00:00,1.0,1.0
2023-02-10 23:00:00,1.0,1.0
2023-02-11 00:00:00,1.0,1.0
2023-02-11 01:00:00,1.0,1.0
2023-02-11 02:00:00,1.0,1.0
2023-02-11 03:00:00,1.0,1.0
2023-02-11 04:00:00,0.9375,1.0
2023-02-11 05:00:00,0.9375,1.0
2023-02-11 06:00:00,1.0,1.0
2023-02-11 07:00:00,0.9971734798699617,0.9967482950538397
2023-02-11 08:00:00,0.9949002309516073,0.9947801592946053
2023-02-11 09:00:00,1.0,1.0
2023-02-11 10:00:00,1.0,0.9983759823441505
2023-02-11 11:00:00,1.0,0.9979865374416114
2023-02-11 12:00:00,1.0,0.9992220069468021
2023-02-11 13:00:00,1.0,1.0
2023-02-11 14:00:00,1.0,0.9998147048428655
2023-02-11 15:00:00,1.0,0.9923372855782508
2023-02-11 16:00:00,0.9966963584721088,0.9519223348051309
2023-02-11 17:00:00,0.994170506708324,0.9277503081597388
2023-02-11 18:00:00,0.9530816534906624,0.835944852810353
2023-02-11 19:00:00,0.8780879892222581,0.7505612220615147
2023-02-11 20:00:00,0.7372784575819967,0.6265356426313519
2023-02-11 21:00:00,0.5784593086130917,0.49995063735172146
2023-02-11 22:00:00,0.5462997958064079,0.38761960007250307
2023-02-11 23:00:00,0.7007454378530383,0.3472722632810473
2023-02-12 00:00:00,0.8042555852606892,0.39104798762127757
2023-02-12 01:00:00,0.8428824706375598,0.43581684800796205
2023-02-12 02:00:00,0.8225321272388098,0.4362718809675425
2023-02-12 03:00:00,0.8027123875170945,0.4647444313392043
2023-02-12 04:00:00,0.7859799388051031,0.5126389160193503
2023-02-12 05:00:00,0.7476227682270109,0.5481515599694103
2023-02-12 06:00:00,0.7417777172476052,0.6057288160640745
2023-02-12 07:00:00,0.7956404258869588,0.7108835971541702
2023-02-12 08:00:00,0.7857818996347485,0.738715053219348
2023-02-12 09:00:00,0.786825160589069,0.7251932178065179
2023-02-12 10:00:00,0.8030497616715728,0.76058416262269
2023-02-12 11:00:00,0.8027505728602409,0.778580108694732
2023-02-12 12:00:00,0.9721730749495328,0.8803525370359421
2023-02-12 13:00:00,1.0,0.9908962916024028
2023-02-12 14:00:00,0.9922470447607339,0.9943061900697648
2023-02-12 15:00:00,0.966095039844513,0.9733835595101118
2023-02-12 16:00:00,0.9157170982658863,0.8721402416191995
2023-02-12 17:00:00,0.9797997966781258,0.8934829615056515
2023-02-12 18:00:00,0.9470590173453093,0.7850359137170015
2023-02-12 19:00:00,0.8661375987529752,0.636228327360004
2023-02-12 20:00:00,0.768266071807593,0.58505230454728
2023-02-12 21:00:00,0.6478138303756715,0.5881691742502152
2023-02-12 22:00:00,0.8711974524706602,0.7069254668802023
2023-02-12 23:00:00,0.9529602789320051,0.7538778621144591
2023-02-13 00:00:00,0.8937902111560105,0.636359625440091
2023-02-13 01:00:00,0.8299367867037653,0.5393180206604301
2023-02-13 02:00:00,0.7936683515273033,0.5284842254035174
2023-02-13 03:00:00,0.7543560944497584,0.5486133908107875
2023-02-13 04:00:00,0.716762604061514,0.4857174643874168
2023-02-13 05:00:00,0.8006138837523757,0.5735951080545784
2023-02-13 06:00:00,0.8616077428497373,0.6688295674696564
2023-02-13 07:00:00,0.8812877609953285,0.7449595394358036
2023-02-13 08:00:00,0.9037730244733394,0.7381678095459938
2023-02-13 09:00:00,0.9715945063717665,0.8787829433381558
2023-02-13 10:00:00,0.9952103798091412,0.9777999202720821
2023-02-13 11:00:00,0.9988132400810719,0.991464630458504
2023-02-13 12:00:00,1.0,0.9977338737994432
2023-02-13 13:00:00,1.0,1.0
2023-02-13 14:00:00,1.0,1.0
2023-02-13 15:00:00,1.0,1.0
2023-02-13 16:00:00,1.0,1.0
2023-02-13 17:00:00,1.0,1.0
2023-02-13 18:00:00,1.0,1.0
2023-02-13 19:00:00,1.0,1.0
2023-02-13 20:00:00,1.0,0.9996501109749079
2023-02-13 21:00:00,0.9883777076005936,0.9843519826605915
2023-02-13 22:00:00,0.950018643606454,0.9006781855225562
2023-02-13 23:00:00,0.9191428792849182,0.8113515543937682
2023-02-14 00:00:00,0.8715658180229366,0.6667761294916271
2023-02-14 01:00:00,0.8828261448815464,0.6011923021078109
2023-02-14 02:00:00,0.8958805085346102,0.6162645383179187
2023-02-14 03:00:00,0.9128780820220708,0.6300235653854906
2023-02-14 04:00:00,0.9506630952470005,0.6751689579710364
2023-02-14 05:00:00,0.9529131685569883,0.7572947145439684
2023-02-14 06:00:00,0.9521261283010244,0.7628109218738972
2023-02-14 07:00:00,0.9706244053319096,0.8636146199703215
2023-02-14 08:00:00,0.972232796754688,0.8910395555011928
2023-02-14 09:00:00,0.9802013543993233,0.9011180533468723
2023-02-14 10:00:00,0.9975773506984115,0.943325004633516
2023-02-14 11:00:00,1.0,0.9813247068971396
2023-02-14 12:00:00,1.0,0.9980478091537952
2023-02-14 13:00:00,1.0,1.0
2023-02-14 14:00:00,1.0,1.0
2023-02-14 15:00:00,1.0,1.0
2023-02-14 16:00:00,0.998969958871603,1.0
2023-02-14 17:00:00,0.991630585398525,0.9949402225762606
2023-02-14 18:00:00,0.9709837524965405,0.9640397838689386
2023-02-14 19:00:00,0.9346425287425518,0.8661103966273368
2023-02-14 20:00:00,0.8886286160908639,0.8064356297068297
2023-02-14 21:00:00,0.8000400121137498,0.72948510479182
2023-02-14 22:00:00,0.635932600814849,0.6601084102690219
2023-02-14 23:00:00,0.42387902399525046,0.579252710044384
2023-02-15 00:00:00,0.3287375471647829,0.5647981659416108
2023-02-15 01:00:00,0.22068307567387813,0.3897876509279012
2023-02-15 02:00:00,0.09884032865520566,0.21282045711297543
2023-02-15 03:00:00,0.03263556387275457,0.11290524840820582
2023-02-15 04:00:00,0.0437223497312516,0.08733785356860609
2023-02-15 05:00:00,0.12542881226167082,0.14614822479896245
2023-02-15 06:00:00,0.1561266503855586,0.15183637038804587
2023-02-15 07:00:00,0.18906233336776493,0.1316584440693259
2023-02-15 08:00:00,0.25861037548631427,0.09782912268303334
2023-02-15 09:00:00,0.39064170109108093,0.14261196334846318
2023-02-15 10:00:00,0.536804497335106,0.2954166596382856
2023-02-15 11:00:00,0.5998519985750317,0.5150546830706298
2023-02-15 12:00:00,0.6065789564885199,0.6808738218806683
2023-02-15 13:00:00,0.519176292847842,0.7015684189088641
2023-02-15 14:00:00,0.36811508788727226,0.6325591550208627
2023-02-15 15:00:00,0.24309534178115424,0.5120081592723726
2023-02-15 16:00:00,0.12775735939852892,0.34788027320988474
2023-02-15 17:00:00,0.19206385448575017,0.3388717493042349
2023-02-15 18:00:00,0.18947537977248427,0.2584912517201155
2023-02-15 19:00:00,0.1407604861538857,0.18993026418611408
2023-02-15 20:00:00,0.09099144199397415,0.11590799800585956
2023-02-15 21:00:00,0.06938799147494137,0.08718584985472262
2023-02-15 22:00:00,0.032317463709041476,0.050670366585254666
2023-02-15 23:00:00,0.006196639752015472,0.017251700051128867
2023-02-16 00:00:00,0.0006832110183313488,0.0019535515503957867
2023-02-16 01:00:00,0.0011015088576823472,0.00028394993394613264
2023-02-16 02:00:00,0.0011355207348242402,0.0005611694650724529
2023-02-16 03:00:00,0.0018512662593275309,0.001792380097322166
2023-02-16 04:00:00,0.0037260992871597405,0.001476563634350896
2023-02-16 05:00:00,0.001892356276512146,0.00027359733823686835
2023-02-16 06:00:00,0.002214533374644816,0.0005331786535680294
2023-02-16 07:00:00,0.005250045489519835,0.0031614680541679264
2023-02-16 08:00:00,0.009210549131967128,0.014925623880699278
2023-02-16 09:00:00,0.019541508168913424,0.021677499627694486
2023-02-16 10:00:00,0.035518578444607554,0.02529936740640551
2023-02-16 11:00:00,0.08315009782090782,0.04216559255961328
2023-02-16 12:00:00,0.12632756833918393,0.06402259870897978
2023-02-16 13:00:00,0.15033304709009823,0.09391414125449955
2023-02-16 14:00:00,0.20653107015416022,0.13602273744530974
2023-02-16 15:00:00,0.35321875052526586,0.23201254236511887
2023-02-16 16:00:00,0.5865546013228595,0.3841834212094545
2023-02-16 17:00:00,0.8878452869690953,0.6085653414577245
2023-02-16 18:00:00,0.9434687620773909,0.6641263234615326
2023-02-16 19:00:00,0.9674563314951957,0.7014840037561951
2023-02-16 20:00:00,0.9657153999991716,0.6967222090624273
2023-02-16 21:00:00,0.9583356629870832,0.709478122871369
2023-02-16 22:00:00,0.955959708057344,0.7215961099043486
2023-02-16 23:00:00,0.9616791793517768,0.7529533702507614
2023-02-17 00:00:00,0.9467599568888545,0.7030048912018536
2023-02-17 01:00:00,0.9361878112331031,0.6581004191376267
2023-02-17 02:00:00,0.8929267478175461,0.6165767078287899
2023-02-17 03:00:00,0.8913426676020023,0.6241110139340161
2023-02-17 04:00:00,0.9314513891935348,0.7176489324122665
2023-02-17 05:00:00,0.8214558721892535,0.641785611398518
2023-02-17 06:00:00,0.8436794757656751,0.7393400640785693
2023-02-17 07:00:00,0.9074772060289977,0.8433033731020985
2023-02-17 08:00:00,0.7324559624493122,0.777271574549377
2023-02-17 09:00:00,0.5211605304665863,0.7570595019310713
2023-02-17 10:00:00,0.5421219393983483,0.8191710851341486
2023-02-17 11:00:00,0.7824828506633638,0.8502654315903782
2023-02-17 12:00:00,0.926695682350546,0.9198611831665039
2023-02-17 13:00:00,0.9749601612612604,0.9408385238423943
2023-02-17 14:00:00,0.9288957112841306,0.9463305890746415
2023-02-17 15:00:00,0.7247450993768871,0.8213139409013093
2023-02-17 16:00:00,0.6321764215640723,0.5501918828487395
2023-02-17 17:00:00,0.7749408562667666,0.4689158913865684
2023-02-17 18:00:00,0.9065587443858384,0.49470001618377857
2023-02-17 19:00:00,0.9321238632500171,0.6340098208747803
2023-02-17 20:00:00,0.9282239981926975,0.6784810216538608
2023-02-17 21:00:00,0.9237351338937878,0.6642809429019689
2023-02-17 22:00:00,0.9524371478892864,0.6906488578766584
2023-02-17 23:00:00,0.9696794817037879,0.7339138691686093
2023-02-18 00:00:00,0.9495814912952483,0.7013209439069032
2023-02-18 01:00:00,0.9106020687334239,0.645653454940766
2023-02-18 02:00:00,0.7616368130408225,0.5580831609480083
2023-02-18 03:00:00,0.5538018247298896,0.4170300886780023
2023-02-18 04:00:00,0.5122746269963682,0.3410643790103495
2023-02-18 05:00:00,0.4985242848657071,0.26437141042202705
2023-02-18 06:00:00,0.5152771259471773,0.24302825817838306
2023-02-18 07:00:00,0.6757011922448871,0.33012332834769037
2023-02-18 08:00:00,0.8563729805871843,0.48065645811147983
2023-02-18 09:00:00,0.9653670230507849,0.6693328976817429
2023-02-18 10:00:00,0.9870995865575969,0.8130119649507104
2023-02-18 11:00:00,0.9836521762982011,0.8326495502516627
2023-02-18 12:00:00,0.9672348242066799,0.8284279923141002
2023-02-18 13:00:00,0.9400285318121313,0.8265215297788381
2023-02-18 14:00:00,0.9260115656629204,0.8248072823695838
2023-02-18 15:00:00,0.9299470702558754,0.833323272690177
2023-02-18 16:00:00,0.8386848246678709,0.7433138365112244
2023-02-18 17:00:00,0.5280543968826532,0.4890141844190657
2023-02-18 18:00:00,0.44924194583669297,0.38933414235711095
2023-02-18 19:00:00,0.41716456651687617,0.3241764898039401
2023-02-18 20:00:00,0.4171136939711868,0.2931420480646193
2023-02-18 21:00:00,0.4113464176096021,0.2601903254911303
2023-02-18 22:00:00,0.3912705235555767,0.24343310594558712
2023-02-18 23:00:00,0.3670950712822376,0.22602036377415055
2023-02-19 00:00:00,0.37042532542720435,0.19154622791334985
2023-02-19 01:00:00,0.32761631065979596,0.15082487809937445
2023-02-19 02:00:00,0.2027582251653075,0.10695289760828017
2023-02-19 03:00:00,0.13597055058926344,0.09916737159714102
2023-02-19 04:00:00,0.1318139023147523,0.1125390500295907
2023-02-19 05:00:00,0.3371737128868699,0.2582301525585353
2023-02-19 06:00:00,0.242006847821176,0.227238613255322
2023-02-19 07:00:00,0.16744167044758793,0.1811207322590053
2023-02-19 08:00:00,0.18580195566639304,0.178223061831668
2023-02-19 09:00:00,0.16212070029228923,0.1579234068840742
2023-02-19 10:00:00,0.12234224935062231,0.11015944319777189
2023-02-19 11:00:00,0.08668168888427318,0.07741017558611929
2023-02-19 12:00:00,0.06517697868868709,0.06469952085055411
2023-02-19 13:00:00,0.04110069943591952,0.04833032507449388
2023-02-19 14:00:00,0.034913808759301904,0.04114406970329584
2023-02-19 15:00:00,0.05482128910720349,0.05977579926606268
2023-02-19 16:00:00,0.1140049082878977,0.10785775672644377
2023-02-19 17:00:00,0.215516738994047,0.21585346377454698
2023-02-19 18:00:00,0.30901441892608994,0.28727944009006023
2023-02-19 19:00:00,0.38467775152996175,0.35298712380230424
2023-02-19 20:00:00,0.47590074397623533,0.3813454818539321
2023-02-19 21:00:00,0.5654528810828924,0.4006172885000705
2023-02-19 22:00:00,0.6650392635352909,0.4074639473482966
2023-02-19 23:00:00,0.6251231307163834,0.34146156560629604
2023-02-20 00:00:00,0.44454020768404,0.21075658546760678
2023-02-20 01:00:00,0.3344045275449753,0.1359047709032893
2023-02-20 02:00:00,0.37179412450641397,0.1488259317260235
2023-02-20 03:00:00,0.5070486004464326,0.2567003992851823
2023-02-20 04:00:00,0.6984469435177743,0.3943727868795395
2023-02-20 05:00:00,0.9264138772897422,0.6332595533132552
2023-02-20 06:00:00,0.9699501693621276,0.7846063226833939
2023-02-20 07:00:00,0.9429350441321729,0.8691072014905511
2023-02-20 08:00:00,0.8407426273263989,0.8622005172446369
2023-02-20 09:00:00,0.7317599941045045,0.7950959226116537
2023-02-20 10:00:00,0.664504270236939,0.7200939481519162
2023-02-20 11:00:00,0.5756421024166047,0.645904452819377
2023-02-20 12:00:00,0.45766299327835447,0.5574865142256019
2023-02-20 13:00:00,0.46613346610218287,0.49666171677410603
2023-02-20 14:00:00,0.5124845465831459,0.4719535357132553
2023-02-20 15:00:00,0.635676687862724,0.5085805598273873
2023-02-20 16:00:00,0.6833572537824509,0.5562038875184953
2023-02-20 17:00:00,0.7918282457813619,0.6821138377860189
2023-02-20 18:00:00,0.8431017990224062,0.7831774832122027
2023-02-20 19:00:00,0.8372988630272449,0.8433033484406768
2023-02-20 20:00:00,0.7802021010406314,0.7686213042214513
2023-02-20 21:00:00,0.7338757491856812,0.6277077779173849
2023-02-20 22:00:00,0.6915711570903658,0.4906273606978357
2023-02-20 23:00:00,0.5680406498350202,0.3266858108527958
2023-02-21 00:00:00,0.39173560492694376,0.20561507951468228
2023-02-21 01:00:00,0.250804169550538,0.18668745785951607
2023-02-21 02:00:00,0.1894787802454084,0.1878908980172127
2023-02-21 03:00:00,0.1274619725625962,0.15270657050423322
2023-02-21 04:00:00,0.09930569019634276,0.12869809700176119
2023-02-21 05:00:00,0.09506506371777501,0.12111383089795708
2023-02-21 06:00:00,0.06251537800766528,0.07280069783329962
2023-02-21 07:00:00,0.012009839545935392,0.026335712014697494
2023-02-21 08:00:00,0.005838971277698874,0.040132212284952395
2023-02-21 09:00:00,0.03898342422675341,0.1177212652284652
2023-02-21 10:00:00,0.08835472051054238,0.209766297256574
2023-02-21 11:00:00,0.2214721334725618,0.34114660766907035
2023-02-21 12:00:00,0.4014258670806885,0.4889739517122507
2023-02-21 13:00:00,0.5744327209331094,0.666174700949341
2023-02-21 14:00:00,0.7338374187424777,0.8264785293489691
2023-02-21 15:00:00,0.8118789696879685,0.9017682665586472
2023-02-21 16:00:00,0.7685486711002886,0.8951421819068492
2023-02-21 17:00:00,0.6470353922620414,0.8220867690443993
2023-02-21 18:00:00,0.575480159204453,0.7618298255093394
2023-02-21 19:00:00,0.6288126488588749,0.8037628262303769
2023-02-21 20:00:00,0.7187910837121306,0.8297346026636659
2023-02-21 21:00:00,0.7257713107205926,0.7647946161404251
2023-02-21 22:00:00,0.671274104285985,0.7208996432647108
2023-02-21 23:00:00,0.6350644057989118,0.6681592894531784
2023-02-22 00:00:00,0.5782353066839276,0.552985218130052
2023-02-22 01:00:00,0.4421849914081395,0.41557591523975124
2023-02-22 02:00:00,0.30650758123025296,0.30589318264275783
2023-02-22 03:00:00,0.22781132612377397,0.24333075858652584
2023-02-22 04:00:00,0.21658680893480772,0.2312648466043174
2023-02-22 05:00:00,0.30413019280880677,0.2774621322005987
2023-02-22 06:00:00,0.2921533118002117,0.23419385261833664
2023-02-22 07:00:00,0.30780448894947765,0.2374256769567728
2023-02-22 08:00:00,0.32527497343719003,0.25139741303399205
2023-02-22 09:00:00,0.3929343069344759,0.29054746357724065
2023-02-22 10:00:00,0.41999754443764686,0.3452111024595797
2023-02-22 11:00:00,0.4137650068104267,0.38721282143145797
2023-02-22 12:00:00,0.4000096110999583,0.39098759947344663
2023-02-22 13:00:00,0.3901467654109001,0.36929619880393144
2023-02-22 14:00:00,0.3743186792731285,0.3469756342284381
2023-02-22 15:00:00,0.39706277100369336,0.31220449332147837
2023-02-22 16:00:00,0.3336072082258761,0.21433875513263043
2023-02-22 17:00:00,0.32251721698790786,0.23909133769571778
2023-02-22 18:00:00,0.3076728315465152,0.24865476753562682
2023-02-22 19:00:00,0.3064175180345774,0.24177678186446427
2023-02-22 20:00:00,0.26576999522745604,0.21493864096701143
2023-02-22 21:00:00,0.18695269078016277,0.1960812575742602
2023-02-22 22:00:00,0.1584706231858581,0.24900575146079063
2023-02-22 23:00:00,0.1676428108848631,0.19324751082807776
2023-02-23 00:00:00,0.15813571373000737,0.1613441238179803
2023-02-23 01:00:00,0.16434575146064156,0.179873087760061
2023-02-23 02:00:00,0.17890697646886108,0.18988013530150052
2023-02-23 03:00:00,0.18703258130699393,0.18477915128692984
2023-02-23 04:00:00,0.16584787879139187,0.16542085733264683
2023-02-23 05:00:00,0.1018042806535959,0.13204249874688684
2023-02-23 06:00:00,0.1416062479652464,0.14491988911293446
2023-02-23 07:00:00,0.15784647468477483,0.18195950923487542
2023-02-23 08:00:00,0.21067485162988298,0.21937321057543158
2023-02-23 09:00:00,0.20696364730596542,0.1797027454525232
2023-02-23 10:00:00,0.1653493143059313,0.1885553815960884
2023-02-23 11:00:00,0.1752067015878856,0.22322171367704866
2023-02-23 12:00:00,0.2077844489738345,0.2451127027906477
2023-02-23 13:00:00,0.1900400565005838,0.22488698618486525
2023-02-23 14:00:00,0.15787055930122731,0.20141757592558857
2023-02-23 15:00:00,0.1282192231528461,0.1720652367733419
2023-02-23 16:00:00,0.09637728588655589,0.15804696135222912
2023-02-23 17:00:00,0.067557567441836,0.10304382300004364
2023-02-23 18:00:00,0.10332959893159566,0.11644455244764686
2023-02-23 19:00:00,0.11466837422922255,0.09535491598770021
2023-02-23 20:00:00,0.08074385615065692,0.06870452621951699
2023-02-23 21:00:00,0.08066948512569071,0.07911211712285877
2023-02-23 22:00:00,0.0811405145563185,0.08378862783312796
2023-02-23 23:00:00,0.0586847370583564,0.0676639222446829
2023-02-24 00:00:00,0.04387543083168567,0.06978446029126645
2023-02-24 01:00:00,0.058614930212497716,0.07864383099600672
2023-02-24 02:00:00,0.06746406053192913,0.0791941441874951
2023-02-24 03:00:00,0.064605645686388,0.07343507700599732
2023-02-24 04:00:00,0.06458267354406416,0.07352248674258591
2023-02-24 05:00:00,0.0404017498716712,0.03860830974765122
2023-02-24 06:00:00,0.02868377897888422,0.027239324534311892
2023-02-24 07:00:00,0.023518133517354732,0.025500965816900135
2023-02-24 08:00:00,0.026362540232948962,0.02684932311065496
2023-02-24 09:00:00,0.035308772996068,0.03615824827458709
2023-02-24 10:00:00,0.04355053137522191,0.04524492118973285
2023-02-24 11:00:00,0.050422026026062654,0.05519635409582405
2023-02-24 12:00:00,0.07494439444039015,0.07874006101861596
2023-02-24 13:00:00,0.10105093874037265,0.08905211473815142
2023-02-24 14:00:00,0.1212673642206937,0.09592765568755567
2023-02-24 15:00:00,0.16203238847665488,0.11073602518998082
2023-02-24 16:00:00,0.20996811971068374,0.1427354047168046
2023-02-24 17:00:00,0.41727794406935576,0.29793296432122585
2023-02-24 18:00:00,0.5609562491253018,0.34894538355991234
2023-02-24 19:00:00,0.6531668312288819,0.3779234814457595
2023-02-24 20:00:00,0.6875957121513783,0.4057010675221682
2023-02-24 21:00:00,0.7135054329410194,0.4508855553343893
2023-02-24 22:00:00,0.6917175870947538,0.4406998463906348
2023-02-24 23:00:00,0.6702952681295573,0.3706185807660223
2023-02-25 00:00:00,0.4991199069842695,0.3001348848827183
2023-02-25 01:00:00,0.3158726932480931,0.23649973511695854
2023-02-25 02:00:00,0.3788651120662688,0.25662644069641827
2023-02-25 03:00:00,0.42245827374979855,0.29801758144050833
2023-02-25 04:00:00,0.44949068110436197,0.2911499110795557
2023-02-25 05:00:00,0.5442812720872461,0.3518605466000735
2023-02-25 06:00:00,0.3840331758931279,0.2051454539597034
2023-02-25 07:00:00,0.23348573099821807,0.1084563492797315
2023-02-25 08:00:00,0.20577089297585188,0.08603323418181388
2023-02-25 09:00:00,0.28617148655466734,0.10480338872876019
2023-02-25 10:00:00,0.3438833218440413,0.12839415567927062
2023-02-25 11:00:00,0.4115997378341853,0.17935947909951208
2023-02-25 12:00:00,0.5137576131522654,0.2634652370028197
2023-02-25 13:00:00,0.6167821556329725,0.34526313040405504
2023-02-25 14:00:00,0.7512593151442706,0.41947139088995744
2023-02-25 15:00:00,0.8673240298777818,0.5117295898962766
2023-02-25 16:00:00,0.9123771695420144,0.5764644381310791
2023-02-25 17:00:00,0.9792715341039002,0.7974459044635295
2023-02-25 18:00:00,0.972816702798009,0.7863075798377394
2023-02-25 19:00:00,0.9460305944643914,0.7387408127821982
2023-02-25 20:00:00,0.8432643915154038,0.6192828690819443
2023-02-25 21:00:00,0.7628979836404322,0.5147297051176428
2023-02-25 22:00:00,0.725794002022594,0.4641925734467804
2023-02-25 23:00:00,0.5866829767264424,0.34561126630287614
2023-02-26 00:00:00,0.37053869064897305,0.18424587435089046
2023-02-26 01:00:00,0.19230821350123734,0.06659475895110517
2023-02-26 02:00:00,0.11489178432151673,0.04383051104377955
2023-02-26 03:00:00,0.06368737660348416,0.051345367622561755
2023-02-26 04:00:00,0.0789703902322799,0.09284973710775375
2023-02-26 05:00:00,0.16492396902292966,0.1559939089603722
2023-02-26 06:00:00,0.2816523365303874,0.21539438229985533
2023-02-26 07:00:00,0.5227207294851542,0.3805443862266838
2023-02-26 08:00:00,0.7819434560462831,0.5892791882902382
2023-02-26 09:00:00,0.9211139622889459,0.7613885165192186
2023-02-26 10:00:00,0.9484873990342022,0.8687478077411651
2023-02-26 11:00:00,0.942238810714334,0.840314436815679
2023-02-26 12:00:00,0.9384535965695979,0.8313844133540987
2023-02-26 13:00:00,0.9398153203353286,0.8185219410434366
2023-02-26 14:00:00,0.9227807261608543,0.7687773358635605
2023-02-26 15:00:00,0.8532842571474613,0.6836606500856577
2023-02-26 16:00:00,0.7507661630026994,0.5966071921959518
2023-02-26 17:00:00,0.8236253092624246,0.6987066965550184
2023-02-26 18:00:00,0.6438868981041015,0.6233839456178247
2023-02-26 19:00:00,0.4935753921885043,0.5605269095394759
2023-02-26 20:00:00,0.4790907579660416,0.5287435256596654
2023-02-26 21:00:00,0.4017168809473515,0.49481347016990174
2023-02-26 22:00:00,0.23185611118096855,0.412209532847628
2023-02-26 23:00:00,0.10951555010396986,0.3452487444132566
2023-02-27 00:00:00,0.05892712531611323,0.29394221958704286
2023-02-27 01:00:00,0.04739585236646235,0.2641874135006219
2023-02-27 02:00:00,0.034704116666689516,0.2784609980508685
2023-02-27 03:00:00,0.04420677131041885,0.27817118315957484
2023-02-27 04:00:00,0.07743196304887533,0.2670553456293419
2023-02-27 05:00:00,0.13144334938377142,0.1676662730611861
2023-02-27 06:00:00,0.18080527883023023,0.1949687096755951
2023-02-27 07:00:00,0.20641102958470578,0.2168173762597143
2023-02-27 08:00:00,0.21291708806529633,0.24987165886908766
2023-02-27 09:00:00,0.2689262083172798,0.29143068967387076
2023-02-27 10:00:00,0.4158578862994909,0.2923372592777013
2023-02-27 11:00:00,0.553468125257641,0.30320149321109063
2023-02-27 12:00:00,0.6249881006032229,0.2954687298089266
2023-02-27 13:00:00,0.6381291413679717,0.35119574472308157
2023-02-27 14:00:00,0.7715251175500452,0.5045615224167704
2023-02-27 15:00:00,0.9474209745787084,0.7113140164688226
2023-02-27 16:00:00,0.9862553121708333,0.8408893051743507
2023-02-27 17:00:00,0.9948884344846011,0.9439031167887151
2023-02-27 18:00:00,0.9831508515030146,0.8710377683863044
2023-02-27 19:00:00,0.9745660976693036,0.8042437091283499
2023-02-27 20:00:00,0.9572355786524713,0.7668698238767683
2023-02-27 21:00:00,0.9363818885758519,0.7099527442269027
2023-02-27 22:00:00,0.8748093094862998,0.605559656843543
2023-02-27 23:00:00,0.7169509174488484,0.4129539354192093
2023-02-28 00:00:00,0.5620917985588312,0.2608677618019283
2023-02-28 01:00:00,0.4843610646016895,0.2593354267161339
2023-02-28 02:00:00,0.4246580076683312,0.2797644159989431
2023-02-28 03:00:00,0.4407986602000892,0.33615853466093537
2023-02-28 04:00:00,0.4477784181386232,0.3801869231741875
2023-02-28 05:00:00,0.5158291307277977,0.4184619296900928
2023-02-28 06:00:00,0.35660933806560935,0.25159686929546293
2023-02-28 07:00:00,0.1801742628822103,0.12886864005587995
2023-02-28 08:00:00,0.10526455526705829,0.07444830908440053
2023-02-28 09:00:00,0.055561934225261206,0.03610130390152334
2023-02-28 10:00:00,0.026940325242467224,0.032099706893786786
2023-02-28 11:00:00,0.05341229281388222,0.10123922265134751
2023-02-28 12:00:00,0.19294617658480998,0.23028137724846595
2023-02-28 13:00:00,0.3457171680405736,0.3356380261294543
2023-02-28 14:00:00,0.4731362996064126,0.5085888442024589
2023-02-28 15:00:00,0.5778257582522928,0.6691742184013127
2023-02-28 16:00:00,0.6115733980014919,0.7097067452222107
2023-02-28 17:00:00,0.6150897637568412,0.7121393933705985
2023-02-28 18:00:00,0.6164585852995514,0.6982211439684031
2023-02-28 19:00:00,0.6418938440456986,0.7171863884665071
2023-02-28 20:00:00,0.7028582628257573,0.7800312769785523
2023-02-28 21:00:00,0.7395989738032223,0.806122819315642
2023-02-28 22:00:00,0.7963281262479722,0.8517477493174374
2023-02-28 23:00:00,0.7837566556781528,0.8442869833298027
2023-03-01 00:00:00,0.7293160044215619,0.8122334343008695
2023-03-01 01:00:00,0.608724729772657,0.7296866787597537
2023-03-01 02:00:00,0.6184613011404873,0.7705894256196916
2023-03-01 03:00:00,0.703852640595287,0.8022275804542003
2023-03-01 04:00:00,0.6507569400034843,0.7903285451047121
2023-03-01 05:00:00,0.5137608425319194,0.7014054894261061
2023-03-01 06:00:00,0.5204033246636389,0.6516174752451478
2023-03-01 07:00:00,0.4805098587274552,0.5322905506193636
2023-03-01 08:00:00,0.4856117883324624,0.52886019423604
2023-03-01 09:00:00,0.5211105182766914,0.6067084189318119
2023-03-01 10:00:00,0.5857094792090355,0.6349052308499812
2023-03-01 11:00:00,0.6867035771161316,0.6482681570015847
2023-03-01 12:00:00,0.7113733568415045,0.615254671052098
2023-03-01 13:00:00,0.6603758570365605,0.5909930954314767
2023-03-01 14:00:00,0.5768725406751035,0.5507769696041941
2023-03-01 15:00:00,0.5382356318086384,0.5306419124826788
2023-03-01 16:00:00,0.5166388130187988,0.5201208543218672
2023-03-01 17:00:00,0.46538577573373907,0.38935883497819296
2023-03-01 18:00:00,0.5357066261954605,0.3697206449508667
2023-03-01 19:00:00,0.5523623387515545,0.3527661635912954
2023-03-01 20:00:00,0.5276292602717875,0.33483315527439117
2023-03-01 21:00:00,0.6688822559826074,0.366368876537308
2023-03-01 22:00:00,0.805347554720938,0.4283194730151444
2023-03-01 23:00:00,0.7773740061372516,0.4116545998211949
2023-03-02 00:00:00,0.5690698064677415,0.2732910459209233
2023-03-02 01:00:00,0.39318134063854804,0.2064944198634475
2023-03-02 02:00:00,0.4270985018461943,0.2354977224208415
2023-03-02 03:00:00,0.5152806334197519,0.3196645465213805
2023-03-02 04:00:00,0.6162509680725633,0.33012978313490743
2023-03-02 05:00:00,0.48065708495676507,0.29749773131683466
2023-03-02 06:00:00,0.45130503918975584,0.3770403789915144
2023-03-02 07:00:00,0.35136954257264735,0.3455097757652401
2023-03-02 08:00:00,0.3731647049635648,0.36385895909741517
2023-03-02 09:00:00,0.4425867121852935,0.3908526221290231
2023-03-02 10:00:00,0.5948245078511535,0.4817528982460499
2023-03-02 11:00:00,0.7098964712768793,0.5568451105803252
2023-03-02 12:00:00,0.8197955117933452,0.6142431211099026
2023-03-02 13:00:00,0.8206218478269874,0.5818800743855534
2023-03-02 14:00:00,0.8349441104382275,0.5440572220645845
2023-03-02 15:00:00,0.781604333668947,0.603533311393112
2023-03-02 16:00:00,0.7750455854274332,0.6831401770934461
2023-03-02 17:00:00,0.8103158023580909,0.7723806586675346
2023-03-02 18:00:00,0.7463775967806576,0.708235683850944
2023-03-02 19:00:00,0.6988053440861401,0.6034192564338444
2023-03-02 20:00:00,0.7512380736134944,0.6324112448282537
2023-03-02 21:00:00,0.7586620051227508,0.6666886818967758
2023-03-02 22:00:00,0.9563156764395533,0.8619640501774847
2023-03-02 23:00:00,0.9903280578926206,0.9512472307495772
2023-03-03 00:00:00,0.9908512373641133,0.963729873318225
2023-03-03 01:00:00,0.979865757804364,0.9603787636756898
2023-03-03 02:00:00,0.9926376954838634,0.9619783023372293
2023-03-03 03:00:00,0.9436889847554266,0.9353380543179809
2023-03-03 04:00:00,0.749630562160164,0.7802125915512441
2023-03-03 05:00:00,0.3626863640733063,0.40353275231085717
2023-03-03 06:00:00,0.2242443816550076,0.25778866601176553
2023-03-03 07:00:00,0.3098205290827899,0.29612319417297844
2023-03-03 08:00:00,0.5040258274599909,0.38252563459798694
2023-03-03 09:00:00,0.5969991800375283,0.4893352129496633
2023-03-03 10:00:00,0.5835058028250932,0.6201577251031994
2023-03-03 11:00:00,0.7430511749908327,0.6594245641864834
2023-03-03 12:00:00,0.9693355696089565,0.8612074510008096
2023-03-03 13:00:00,0.9948756025731563,0.9645436191372573
2023-03-03 14:00:00,0.9993523836508393,0.9886799200065435
2023-03-03 15:00:00,0.996851260960102,0.9882058132998646
2023-03-03 16:00:00,0.9534816407784819,0.9444751224480568
2023-03-03 17:00:00,0.9669196482002735,0.9559605363197625
2023-03-03 18:00:00,0.8920445272140204,0.8192817407101393
2023-03-03 19:00:00,0.9253751821257175,0.7634503453597425
2023-03-03 20:00:00,0.9076493300311266,0.7530749171599745
2023-03-03 21:00:00,0.8446032870933413,0.7488519360870122
2023-03-03 22:00:00,0.8094390645436941,0.7723592463508248
2023-03-03 23:00:00,0.7940642774850128,0.7237776345387099
2023-03-04 00:00:00,0.7052270179614423,0.5463016077131032
2023-03-04 01:00:00,0.5841201125830412,0.40183439746499056
2023-03-04 02:00:00,0.435459540085867,0.2777797078993171
2023-03-04 03:00:00,0.3200255764555185,0.19072313397191462
2023-03-04 04:00:00,0.25848327664658427,0.15848068946972488
2023-03-04 05:00:00,0.39405395603738724,0.22354086925275618
2023-03-04 06:00:00,0.4230727521702647,0.25590488629415625
2023-03-04 07:00:00,0.30180633488111197,0.2437950970558449
2023-03-04 08:00:00,0.2598007884901017,0.23197089608758686
2023-03-04 09:00:00,0.2479760613013059,0.16706300074700267
2023-03-04 10:00:00,0.26711108344607054,0.12365369571838528
2023-03-04 11:00:00,0.29962821599096057,0.12186457553412766
2023-03-04 12:00:00,0.3728413674607872,0.1597543799364939
2023-03-04 13:00:00,0.42905338168144214,0.20036554530262946
2023-03-04 14:00:00,0.4460789543762803,0.23087834205478425
2023-03-04 15:00:00,0.40367605686187735,0.2378789529949426
2023-03-04 16:00:00,0.35373699020594357,0.21221904692240057
2023-03-04 17:00:00,0.503563977498561,0.2760830039065331
2023-03-04 18:00:00,0.6387546414136884,0.34634956789202986
2023-03-04 19:00:00,0.6938444556109608,0.4364196504093707
2023-03-04 20:00:00,0.6056140858680009,0.4990374182909726
2023-03-04 21:00:00,0.4703453803062439,0.4762890472449362
2023-03-04 22:00:00,0.41130910813808436,0.42865007895976304
2023-03-04 23:00:00,0.3596620573103428,0.3276529808342456
2023-03-05 00:00:00,0.2808296582475304,0.2529898095689713
2023-03-05 01:00:00,0.25754122037440536,0.1937720909994095
2023-03-05 02:00:00,0.23241855295374986,0.21186426075175402
2023-03-05 03:00:00,0.19593498740345233,0.20590165786445136
2023-03-05 04:00:00,0.14843327306210993,0.20334201145917172
2023-03-05 05:00:00,0.2699640514887869,0.4046961520239711
2023-03-05 06:00:00,0.31896881900727747,0.4149275435693562
2023-03-05 07:00:00,0.38932664146646856,0.43013826757669443
2023-03-05 08:00:00,0.4770612688362599,0.5095026403665542
2023-03-05 09:00:00,0.4944237375259398,0.5916196035034953
2023-03-05 10:00:00,0.537141979280859,0.6567596476897595
2023-03-05 11:00:00,0.6572539415583014,0.661338922511786
2023-03-05 12:00:00,0.6701361164823173,0.5692592830210924
2023-03-05 13:00:00,0.5593253794126213,0.501489586532116
2023-03-05 14:00:00,0.45655618086457256,0.5071489457786084
2023-03-05 15:00:00,0.5212146842479706,0.5688440628163516
2023-03-05 16:00:00,0.6379070350341496,0.5984973286651073
2023-03-05 17:00:00,0.697578515205532,0.5956328153051434
2023-03-05 18:00:00,0.6961052359640597,0.6200080064311622
2023-03-05 19:00:00,0.7269035574421285,0.6331071777455507
2023-03-05 20:00:00,0.7358011567406355,0.6365822968818244
2023-03-05 21:00:00,0.6868067560158668,0.6125417053326964
2023-03-05 22:00:00,0.6176309994608163,0.5907556657306849
2023-03-05 23:00:00,0.43605308957397926,0.5478366793878374
2023-03-06 00:00:00,0.36009662874042986,0.5002390917763113
2023-03-06 01:00:00,0.3077352304384112,0.4365629987604915
2023-03-06 02:00:00,0.2568909585103393,0.36306073648855086
2023-03-06 03:00:00,0.24825191413983694,0.35526494020596144
2023-03-06 04:00:00,0.23318343799561259,0.3595320768281817
2023-03-06 05:00:00,0.21880233506672078,0.4292172648012637
2023-03-06 06:00:00,0.2536181311868131,0.45656184203922745
2023-03-06 07:00:00,0.22931853564456106,0.36965487141162157
2023-03-06 08:00:00,0.1704253807477653,0.24273532105609769
2023-03-06 09:00:00,0.21288949370384214,0.2530199279822409
2023-03-06 10:00:00,0.3638721089623868,0.39540032360702754
2023-03-06 11:00:00,0.48414344310760493,0.5284085038304328
2023-03-06 12:00:00,0.5391085022315382,0.6191054266877472
2023-03-06 13:00:00,0.5471428126469254,0.6756469124928116
2023-03-06 14:00:00,0.5898817707598208,0.7383472412638364
2023-03-06 15:00:00,0.6306835252046584,0.7641238281503318
2023-03-06 16:00:00,0.6941048601083455,0.7817111681960522
2023-03-06 17:00:00,0.8383292693458498,0.8759760010056197
2023-03-06 18:00:00,0.8856523826904593,0.9026859384961424
2023-03-06 19:00:00,0.897467374652624,0.9028636886551975
2023-03-06 20:00:00,0.8992048554867503,0.8929620427079499
2023-03-06 21:00:00,0.9279250221513211,0.8931164745241403
2023-03-06 22:00:00,0.9572093679010867,0.8917406404763459
2023-03-06 23:00:00,0.9063203121908009,0.8217994230799377
2023-03-07 00:00:00,0.8897654402256012,0.7647810296714305
2023-03-07 01:00:00,0.8794586213864385,0.7446949887461959
2023-03-07 02:00:00,0.8726380305364728,0.7506780413910746
2023-03-07 03:00:00,0.8580959017574786,0.7557749670743941
2023-03-07 04:00:00,0.854967443756759,0.7670973248407243
2023-03-07 05:00:00,0.769831585921347,0.722144190147519
2023-03-07 06:00:00,0.7306881244294345,0.6996446175873279
2023-03-07 07:00:00,0.6214216994866727,0.5914492913894356
2023-03-07 08:00:00,0.4948920230567455,0.5711085970699786
2023-03-07 09:00:00,0.5554750399477781,0.6486489187553526
2023-03-07 10:00:00,0.6932414847798645,0.7201676992699504
2023-03-07 11:00:00,0.7771106783859432,0.7396036476269363
2023-03-07 12:00:00,0.8144065570645033,0.7571602313965557
2023-03-07 13:00:00,0.8284110547974706,0.7813975702412427
2023-03-07 14:00:00,0.8484336357191203,0.7942486572824418
2023-03-07 15:00:00,0.8203989079967142,0.7601248234324156
2023-03-07 16:00:00,0.7745125170424579,0.7222252037748695
2023-03-07 17:00:00,0.7252624872513114,0.6547805747389792
2023-03-07 18:00:00,0.7015822338312864,0.6246582350134848
2023-03-07 19:00:00,0.6919305967353283,0.6077509303763508
2023-03-07 20:00:00,0.6917899283207952,0.6245474807173014
2023-03-07 21:00:00,0.7064912004768847,0.6512594634667039
2023-03-07 22:00:00,0.7558572179637849,0.6679808193817732
2023-03-07 23:00:00,0.711709275972098,0.6051037148758769
2023-03-08 00:00:00,0.744136198889464,0.597348022069782
2023-03-08 01:00:00,0.7628874315880239,0.5953713714145124
2023-03-08 02:00:00,0.7463288684003052,0.5624047393538057
2023-03-08 03:00:00,0.7221072922274467,0.5702864438854158
2023-03-08 04:00:00,0.7835380485467611,0.6415229756198824
2023-03-08 05:00:00,0.8385274994559586,0.7396350253373384
2023-03-08 06:00:00,0.8912996110506355,0.7915974595583977
2023-03-08 07:00:00,0.924113212917,0.8017285805754362
2023-03-08 08:00:00,0.8416342869959772,0.7650274482183157
2023-03-08 09:00:00,0.8481705128215253,0.7853455940634011
2023-03-08 10:00:00,0.8803464354388415,0.8094285889342426
2023-03-08 11:00:00,0.9144316421635449,0.8109429500624536
2023-03-08 12:00:00,0.9041608738340434,0.7927486332692204
2023-03-08 13:00:00,0.8646477529406547,0.7768862183205781
2023-03-08 14:00:00,0.8472370759211479,0.7773313259333372
2023-03-08 15:00:00,0.8361303921975196,0.753316050581634
2023-03-08 16:00:00,0.8238800661079583,0.7209793388284742
2023-03-08 17:00:00,0.6725374970398842,0.5651413550414144
2023-03-08 18:00:00,0.6559269633889198,0.5435947779938578
2023-03-08 19:00:00,0.6773495344817637,0.550817255526781
2023-03-08 20:00:00,0.6795543190464377,0.5740739825740456
2023-03-08 21:00:00,0.6548457743041216,0.5814060942828654
2023-03-08 22:00:00,0.629792844299227,0.5708072046004234
2023-03-08 23:00:00,0.5244895387627184,0.5008401549980044
2023-03-09 00:00:00,0.44381520533934227,0.4449274839274585
2023-03-09 01:00:00,0.41250488951802244,0.4233397436700761
2023-03-09 02:00:00,0.4253634214773774,0.4392366041429341
2023-03-09 03:00:00,0.43102831795811647,0.4594935840182006
2023-03-09 04:00:00,0.4309681387245654,0.47107605464756486
2023-03-09 05:00:00,0.4311401410400868,0.5217298591695726
2023-03-09 06:00:00,0.38774964030832054,0.4539518184959888
2023-03-09 07:00:00,0.3394758637435734,0.4058387093618511
2023-03-09 08:00:00,0.3006310577318072,0.3820630872063338
2023-03-09 09:00:00,0.38110845414921635,0.45020723385736344
2023-03-09 10:00:00,0.5001361983828244,0.536293042115867
2023-03-09 11:00:00,0.6073236662894488,0.5989072048291562
2023-03-09 12:00:00,0.6681936310417947,0.6358953793719408
2023-03-09 13:00:00,0.6817749557830393,0.6252202267572281
2023-03-09 14:00:00,0.6374792514927684,0.5741438346728682
2023-03-09 15:00:00,0.5384789878875017,0.5131929806061087
2023-03-09 16:00:00,0.44112595077604055,0.4247534541413188
2023-03-09 17:00:00,0.41940469179302453,0.39379077568650245
2023-03-09 18:00:00,0.3275257376953959,0.2948186062276363
2023-03-09 19:00:00,0.3243258817493915,0.2728847890347242
2023-03-09 20:00:00,0.4180169966816902,0.3681693720258773
2023-03-09 21:00:00,0.5932135331071913,0.4785150426253676
2023-03-09 22:00:00,0.7163400416634974,0.5047807393036783
2023-03-09 23:00:00,0.6300059631466863,0.45861857626587155
2023-03-10 00:00:00,0.6489651202596722,0.5193867893330751
2023-03-10 01:00:00,0.7492393641918896,0.5758496411517261
2023-03-10 02:00:00,0.8370281633175908,0.6017075296677648
2023-03-10 03:00:00,0.9116209829412399,0.6619685751013458
2023-03-10 04:00:00,0.9459261930547653,0.7388378731533884
2023-03-10 05:00:00,0.986178575325757,0.8593542170524596
2023-03-10 06:00:00,0.9908489067666232,0.8732111577503382
2023-03-10 07:00:00,0.9890495185554028,0.8922345987521111
2023-03-10 08:00:00,0.9939037363231181,0.8993967253901064
2023-03-10 09:00:00,0.9991873376071453,0.9296994779072701
2023-03-10 10:00:00,0.9990185810625553,0.941379002034664
2023-03-10 11:00:00,0.9980630292370916,0.9439410583674908
2023-03-10 12:00:00,0.9976130459830165,0.9398541283793747
2023-03-10 13:00:00,0.9983651263266802,0.9480067241936921
2023-03-10 14:00:00,0.9964121014252305,0.9172511324845253
2023-03-10 15:00:00,0.9763843182846904,0.8596969416737557
2023-03-10 16:00:00,0.9686305571906269,0.8514474741742013
2023-03-10 17:00:00,0.974606460314244,0.9204759711213409
2023-03-10 18:00:00,0.9706537655927241,0.9217084244266152
2023-03-10 19:00:00,0.9653473362699151,0.9027281979098917
2023-03-10 20:00:00,0.9377466088905929,0.8964706642366945
2023-03-10 21:00:00,0.9551939349994062,0.9132424657419324
2023-03-10 22:00:00,0.9616862707585097,0.8967174385488033
2023-03-10 23:00:00,0.9527437068521976,0.8978931089118124
2023-03-11 00:00:00,0.9761252610385418,0.927962033599615
2023-03-11 01:00:00,0.9870400448516011,0.9493969442509115
2023-03-11 02:00:00,0.9859586768038571,0.9596139074116945
2023-03-11 03:00:00,0.9853817654959858,0.9736199381947517
2023-03-11 04:00:00,0.9921796171553433,0.9806923453696071
2023-03-11 05:00:00,0.9820116584189236,0.9888880500011146
2023-03-11 06:00:00,0.9859112121723591,0.9938237695395946
2023-03-11 07:00:00,0.9651810507848858,0.982862986717373
2023-03-11 08:00:00,0.9751039360463619,0.9811785085685552
2023-03-11 09:00:00,0.9908830257877708,0.9871218135580421
2023-03-11 10:00:00,0.9948986780457197,0.9826404545083642
2023-03-11 11:00:00,0.9915906694345176,0.9794929679855704
2023-03-11 12:00:00,0.9845216409675777,0.9839580173790454
2023-03-11 13:00:00,0.9747650353424252,0.9776608005724847
2023-03-11 14:00:00,0.9570073533430696,0.9638970855996012
2023-03-11 15:00:00,0.9201129161007701,0.9432494072429836
2023-03-11 16:00:00,0.8621176354400814,0.9138353178277613
2023-03-11 17:00:00,0.675687053296715,0.8700828897580505
2023-03-11 18:00:00,0.5798054524697361,0.7904082539677618
2023-03-11 19:00:00,0.4989655674621462,0.66969491828233
2023-03-11 20:00:00,0.4960618962720036,0.6122864579595625
2023-03-11 21:00:00,0.5161025519482789,0.6034717141278086
2023-03-11 22:00:00,0.49157808959484095,0.5776318745873867
2023-03-11 23:00:00,0.363756738845259,0.450889797564596
2023-03-12 00:00:00,0.2914186794776469,0.35507279435172673
2023-03-12 01:00:00,0.21372791335918004,0.25578125867992635
2023-03-12 02:00:00,0.1329134172108024,0.1516509631741792
2023-03-12 03:00:00,0.07267702761106191,0.07511780509725212
2023-03-12 04:00:00,0.042484078500419846,0.04170885538682342
2023-03-12 05:00:00,0.03651841624639928,0.05590473427437246
2023-03-12 06:00:00,0.046367226643487816,0.053181153219193214
2023-03-12 07:00:00,0.06588541021570563,0.05856608537957072
2023-03-12 08:00:00,0.09240099553950129,0.07244464183226229
2023-03-12 09:00:00,0.1073873660713434,0.0885123936831951
2023-03-12 10:00:00,0.1256279009766877,0.1008682947140187
2023-03-12 11:00:00,0.14529541907832022,0.11354991909116505
2023-03-12 12:00:00,0.18074608406051987,0.1471672186814248
2023-03-12 13:00:00,0.2382663959264755,0.2077161871641874
2023-03-12 14:00:00,0.3075161870196461,0.2743935202248394
2023-03-12 15:00:00,0.37233485221862794,0.31665384488180276
2023-03-12 16:00:00,0.44611034125089644,0.36786710856482385
2023-03-12 17:00:00,0.4131056261062622,0.3477162955887615
2023-03-12 18:00:00,0.4035537576675415,0.3421389518305659
2023-03-12 19:00:00,0.43917905330657947,0.40804602071642876
2023-03-12 20:00:00,0.5013688251376153,0.47494539365172384
2023-03-12 21:00:00,0.5821249146945773,0.5200950030982493
2023-03-12 22:00:00,0.6735275437496602,0.5551925129070877
2023-03-12 23:00:00,0.6397739029861984,0.5188202979415655
2023-03-13 00:00:00,0.6319748588278887,0.4348721013218163
2023-03-13 01:00:00,0.6788905963674186,0.43264246696606273
2023-03-13 02:00:00,0.6938814275339245,0.41390122230164705
2023-03-13 03:00:00,0.6599447027966379,0.39591156446374953
2023-03-13 04:00:00,0.6403200777433811,0.4192287960462271
2023-03-13 05:00:00,0.6627267118915913,0.48968228299170713
2023-03-13 06:00:00,0.7444141393154858,0.5659649869799612
2023-03-13 07:00:00,0.7576511678844691,0.5749511128477751
2023-03-13 08:00:00,0.7064286189153789,0.5531402799673377
2023-03-13 09:00:00,0.7195167486928401,0.6363297721743583
2023-03-13 10:00:00,0.7895856372825799,0.6894607496634125
2023-03-13 11:00:00,0.785136812571436,0.7119322510808705
2023-03-13 12:00:00,0.7462589332461357,0.6956368146277963
2023-03-13 13:00:00,0.7677649421244859,0.7236840054951608
2023-03-13 14:00:00,0.8154676933400331,0.7733522363752124
2023-03-13 15:00:00,0.7553989662788808,0.7597892979718743
2023-03-13 16:00:00,0.7154468063078819,0.6983337096497416
2023-03-13 17:00:00,0.7620215384662151,0.7376998668350278
2023-03-13 18:00:00,0.7537002740055322,0.7089984573051332
2023-03-13 19:00:00,0.7521422565914688,0.6990477466769515
2023-03-13 20:00:00,0.7706506085023284,0.7229495885409414
2023-03-13 21:00:00,0.8484139069542289,0.7670273178443312
2023-03-13 22:00:00,0.7626175732910633,0.7348583202064037
2023-03-13 23:00:00,0.6081557131744919,0.6018917737528681
2023-03-14 00:00:00,0.6799320988915859,0.5559372756257651
2023-03-14 01:00:00,0.6241491605527698,0.5779109214805065
2023-03-14 02:00:00,0.5283022372052072,0.547510426826775
2023-03-14 03:00:00,0.5223231950215994,0.5659962609037755
2023-03-14 04:00:00,0.5546921016089617,0.6145162113383411
2023-03-14 05:00:00,0.40546499860472973,0.5601858641766011
2023-03-14 06:00:00,0.4533735525794327,0.6603632985055445
2023-03-14 07:00:00,0.4951800776645542,0.7261310790479182
2023-03-14 08:00:00,0.5923672089166938,0.8019249283708632
2023-03-14 09:00:00,0.7101397922262549,0.9018161465227604
2023-03-14 10:00:00,0.6521317016985266,0.9313478355854748
2023-03-14 11:00:00,0.507269999193959,0.899303561951965
2023-03-14 12:00:00,0.44244378153234715,0.8693685557693241
2023-03-14 13:00:00,0.4285791474767029,0.8441638689860701
2023-03-14 14:00:00,0.5141384897381068,0.8524376224353909
2023-03-14 15:00:00,0.7141713140346109,0.9195061003789305
2023-03-14 16:00:00,0.8502201736904679,0.9101123454608022
2023-03-14 17:00:00,0.9925678524747491,0.9536794713512062
2023-03-14 18:00:00,1.0,0.9894728939794003
2023-03-14 19:00:00,1.0,1.0
2023-03-14 20:00:00,1.0,1.0
2023-03-14 21:00:00,1.0,1.0
2023-03-14 22:00:00,1.0,0.9996304869279266
2023-03-14 23:00:00,1.0,0.993775113709271
2023-03-15 00:00:00,1.0,0.9757052728720009
2023-03-15 01:00:00,0.997504597902298,0.9435102319158614
2023-03-15 02:00:00,0.9836340768262744,0.8985618036054076
2023-03-15 03:00:00,0.9423122270032764,0.8360506637208165
2023-03-15 04:00:00,0.8548543612658976,0.7182432576268911
2023-03-15 05:00:00,0.764840681888163,0.6815670781675724
2023-03-15 06:00:00,0.7082886580936609,0.5960221576504409
2023-03-15 07:00:00,0.5623944127745926,0.5510681530088186
2023-03-15 08:00:00,0.4809959770925342,0.5714973664656281
2023-03-15 09:00:00,0.49048606548458334,0.5393855984881518
2023-03-15 10:00:00,0.398800497557968,0.41021180108189587
2023-03-15 11:00:00,0.2722625452280044,0.2673610478639602
2023-03-15 12:00:00,0.1508205751283094,0.15637612541206178
2023-03-15 13:00:00,0.09976567770820109,0.13232070459984244
2023-03-15 14:00:00,0.0848699351819232,0.1611679296242073
2023-03-15 15:00:00,0.05558614021632819,0.1904224482551217
2023-03-15 16:00:00,0.05099056397099047,0.22487318996340033
2023-03-15 17:00:00,0.02205947785638273,0.14951017844956366
2023-03-15 18:00:00,0.0428171560773626,0.14347231408581135
2023-03-15 19:00:00,0.0990147664025426,0.13014226072467863
2023-03-15 20:00:00,0.16577490212395787,0.1429859909135848
2023-03-15 21:00:00,0.23504726723767813,0.18724671553820368
2023-03-15 22:00:00,0.36014794813469053,0.2674924359470605
2023-03-15 23:00:00,0.41586266463622457,0.31572292643599215
2023-03-16 00:00:00,0.35249484328553077,0.28273035923950374
2023-03-16 01:00:00,0.26311883141286674,0.21569616532884536
2023-03-16 02:00:00,0.1782672119885683,0.1432367230951786
2023-03-16 03:00:00,0.18229928945191204,0.12017264349386093
2023-03-16 04:00:00,0.1684822986833751,0.08699497384484857
2023-03-16 05:00:00,0.06584785972721875,0.04591499090194703
2023-03-16 06:00:00,0.0301102973241359,0.04332219049800188
2023-03-16 07:00:00,0.008403432830236852,0.025638630818575623
2023-03-16 08:00:00,0.0004752101795747876,0.014184229196980595
2023-03-16 09:00:00,0.0002015275880694389,0.011600144328549505
2023-03-16 10:00:00,0.0006615471560508013,0.014419741206802426
2023-03-16 11:00:00,9.093685541301965e-05,0.020040379688143727
2023-03-16 12:00:00,0.00010532109532505273,0.023497201004065566
2023-03-16 13:00:00,0.009404993331991136,0.02897706620395183
2023-03-16 14:00:00,0.05006760938558728,0.06862565459683538
2023-03-16 15:00:00,0.06996377747505904,0.1301478585647419
2023-03-16 16:00:00,0.06160246397834271,0.15079793420620263
2023-03-16 17:00:00,0.26070278083905574,0.3492948844283818
2023-03-16 18:00:00,0.21222312011756,0.20265423482283945
2023-03-16 19:00:00,0.2764229261130094,0.15589838731102645
2023-03-16 20:00:00,0.5093242017924786,0.3162192271091044
2023-03-16 21:00:00,0.7660389686748386,0.5526330679282544
2023-03-16 22:00:00,0.8929583391919731,0.6532568756304681
2023-03-16 23:00:00,0.953623363841325,0.6547050007246433
2023-03-17 00:00:00,0.9750965811498464,0.6769354601576922
2023-03-17 01:00:00,0.9774190393276511,0.7618772888742387
2023-03-17 02:00:00,0.9717398030869664,0.7881042110919951
2023-03-17 03:00:00,0.9542506689205764,0.8006172981858253
2023-03-17 04:00:00,0.9299083218537271,0.8092612038739024
2023-03-17 05:00:00,0.9304353148676454,0.8190479071065783
2023-03-17 06:00:00,0.9031351685710247,0.8221140770800411
2023-03-17 07:00:00,0.8667066228017212,0.7957181573472916
2023-03-17 08:00:00,0.863573755286634,0.7944325221143663
2023-03-17 09:00:00,0.7864832822792232,0.7699635620787738
2023-03-17 10:00:00,0.6276544658280907,0.7276973400451241
2023-03-17 11:00:00,0.32157032062299545,0.5729050215892493
2023-03-17 12:00:00,0.08650565860792994,0.30721492601558564
2023-03-17 13:00:00,0.011116468007676303,0.11792748701293021
2023-03-17 14:00:00,0.00015247879084199665,0.03326334855053573
2023-03-17 15:00:00,0.0010593125596642494,0.0037539934925734995
2023-03-17 16:00:00,0.014924986981786787,0.0009341569058597088
2023-03-17 17:00:00,0.07654865108430386,0.011367759825661777
2023-03-17 18:00:00,0.15813324917107818,0.03580412091687322
2023-03-17 19:00:00,0.2387312777061015,0.05699915958568455
2023-03-17 20:00:00,0.29847430527210234,0.06909933839924634
2023-03-17 21:00:00,0.2821615363284945,0.061017527570948006
2023-03-17 22:00:00,0.2275908056925982,0.04905838156584651
2023-03-17 23:00:00,0.20985149493440983,0.06754889589734375
2023-03-18 00:00:00,0.2491357745416462,0.12232497081160544
2023-03-18 01:00:00,0.3698436311818659,0.2088217014074325
2023-03-18 02:00:00,0.48187757328152653,0.2582898744381964
2023-03-18 03:00:00,0.5525285062007607,0.2714608409535139
2023-03-18 04:00:00,0.6329563129507005,0.29936115107499056
2023-03-18 05:00:00,0.7467381699196992,0.3981173408217727
2023-03-18 06:00:00,0.8723669711127876,0.5362911348603666
2023-03-18 07:00:00,0.9520645108632743,0.6787983729131519
2023-03-18 08:00:00,0.9867543396167457,0.8114218719303605
2023-03-18 09:00:00,0.9989671090245247,0.9286900828219952
2023-03-18 10:00:00,1.0,0.9769844619370998
2023-03-18 11:00:00,1.0,0.9913783188909292
2023-03-18 12:00:00,1.0,0.9939300728961826
2023-03-18 13:00:00,1.0,0.9937834364548326
2023-03-18 14:00:00,1.0,0.9936314435303211
2023-03-18 15:00:00,1.0,0.9895336494967341
2023-03-18 16:00:00,0.9996686539798975,0.982273570522666
2023-03-18 17:00:00,0.9967660353332758,0.9614571066573261
2023-03-18 18:00:00,0.9829481758736074,0.9376820880360901
2023-03-18 19:00:00,0.9553487915545703,0.9096858998388051
2023-03-18 20:00:00,0.9075269000977276,0.8745350057445465
2023-03-18 21:00:00,0.8317280019447206,0.8355618020147084
2023-03-18 22:00:00,0.6702835443429648,0.7631047667004168
2023-03-18 23:00:00,0.48442738413810726,0.6336930839717387
2023-03-19 00:00:00,0.3410875500366092,0.45821266928687693
2023-03-19 01:00:00,0.23569153387099503,0.2631338761560619
2023-03-19 02:00:00,0.1697235321719199,0.16277737154625357
2023-03-19 03:00:00,0.14137306983582673,0.12316110934130844
2023-03-19 04:00:00,0.15465150494128466,0.12338778301142156
2023-03-19 05:00:00,0.3480974168516695,0.21343988194130362
2023-03-19 06:00:00,0.3542931751534343,0.23636778441257777
2023-03-19 07:00:00,0.388866700604558,0.2629651733487844
2023-03-19 08:00:00,0.42975330858491356,0.3030268679419532
2023-03-19 09:00:00,0.4569933049567044,0.346371312616393
2023-03-19 10:00:00,0.449336746269837,0.34592489175498486
2023-03-19 11:00:00,0.43713114021345967,0.3379630289506167
2023-03-19 12:00:00,0.4238279542420059,0.32724716824479394
2023-03-19 13:00:00,0.4125570781901479,0.3166296990169212
2023-03-19 14:00:00,0.40116212736815215,0.30868302813265475
2023-03-19 15:00:00,0.3880359815247356,0.3054452852066606
2023-03-19 16:00:00,0.3525897054001689,0.27966623210348185
2023-03-19 17:00:00,0.19096003025770183,0.1739224265888333
2023-03-19 18:00:00,0.13970453890971835,0.142446040562354
2023-03-19 19:00:00,0.12771298669278622,0.1381021102145314
2023-03-19 20:00:00,0.14424223789013918,0.16387242302298544
2023-03-19 21:00:00,0.15403259286656976,0.19805985953658814
2023-03-19 22:00:00,0.1176041927281767,0.17753568600863212
2023-03-19 23:00:00,0.07204202742781489,0.12301215066574513
2023-03-20 00:00:00,0.035093726115301246,0.06439805969595909
2023-03-20 01:00:00,0.015161631018854678,0.027864976469427344
2023-03-20 02:00:00,0.0025696442509070038,0.005586973577737808
2023-03-20 03:00:00,3.997200168669223e-05,0.0006496815290302038
2023-03-20 04:00:00,0.0,0.00024474114179611205
2023-03-20 05:00:00,0.0,0.0016782906465232373
2023-03-20 06:00:00,0.0013610711926594376,0.003924443731084466
2023-03-20 07:00:00,0.008256702218204735,0.008992539951577783
2023-03-20 08:00:00,0.01997780330013484,0.019643784211948512
2023-03-20 09:00:00,0.03838309841230512,0.03790492782369255
2023-03-20 10:00:00,0.09584966073743997,0.10340907657984645
2023-03-20 11:00:00,0.22104004798457022,0.2651917759887874
2023-03-20 12:00:00,0.41874771296977986,0.4866618342511355
2023-03-20 13:00:00,0.6207218551263213,0.6005414556339381
2023-03-20 14:00:00,0.7172230976261198,0.5821118020452558
2023-03-20 15:00:00,0.722561253942549,0.519581041317433
2023-03-20 16:00:00,0.6780992685072122,0.46272931057959804
2023-03-20 17:00:00,0.5949895130842924,0.3563667658530176
2023-03-20 18:00:00,0.5177931447327138,0.29801613049581643
2023-03-20 19:00:00,0.47782337121665475,0.29367250863462685
2023-03-20 20:00:00,0.4044803168810904,0.255502227563411
2023-03-20 21:00:00,0.3337851138040423,0.21344757008366286
2023-03-20 22:00:00,0.27080553252249956,0.1817794841714203
2023-03-20 23:00:00,0.2192601660918444,0.13684943350963294
2023-03-21 00:00:00,0.20921123666688796,0.12201781522482631
2023-03-21 01:00:00,0.2029395951889455,0.10637100739404559
2023-03-21 02:00:00,0.19597626699134701,0.0956010723300278
2023-03-21 03:00:00,0.2073895548842847,0.09316247758921234
2023-03-21 04:00:00,0.22531556458212432,0.09396730561275035
2023-03-21 05:00:00,0.15801632021553813,0.06627948521636426
2023-03-21 06:00:00,0.17511403867974873,0.08785204207990319
2023-03-21 07:00:00,0.22945389613509182,0.1161793801933527
2023-03-21 08:00:00,0.2969922908581793,0.1416844723932445
2023-03-21 09:00:00,0.3909494883753359,0.16928960327990353
2023-03-21 10:00:00,0.4444049945287406,0.17375441229902208
2023-03-21 11:00:00,0.4771949464827776,0.16502525633201
2023-03-21 12:00:00,0.4791603630967437,0.13416827783919869
2023-03-21 13:00:00,0.5070121036283672,0.11687481738161294
2023-03-21 14:00:00,0.47173251084983336,0.10749633368570356
2023-03-21 15:00:00,0.3745657396689056,0.09131443940568713
2023-03-21 16:00:00,0.32163198175840074,0.0921171845216304
2023-03-21 17:00:00,0.2298146458622068,0.05829036662820726
2023-03-21 18:00:00,0.15847165823914108,0.044890292263589794
2023-03-21 19:00:00,0.13485593329183754,0.039844038477167484
2023-03-21 20:00:00,0.1862273209914565,0.08034088770858941
2023-03-21 21:00:00,0.26141427739057693,0.12543674552347508
2023-03-21 22:00:00,0.3184537130128592,0.15453324462287124
2023-03-21 23:00:00,0.4040984064945951,0.1754737930651754
2023-03-22 00:00:00,0.529027489516884,0.21500724546145644
2023-03-22 01:00:00,0.6084928295388817,0.2902181022241711
2023-03-22 02:00:00,0.6037862037122248,0.3567404800467193
2023-03-22 03:00:00,0.5739293081499635,0.3996186496131123
2023-03-22 04:00:00,0.5239597378298639,0.43538191948086014
2023-03-22 05:00:00,0.6177483910508453,0.5871562650799752
2023-03-22 06:00:00,0.4863608282245696,0.5352269173786043
2023-03-22 07:00:00,0.3664854027703405,0.4326033662259578
2023-03-22 08:00:00,0.2326484998501837,0.300236241267994
2023-03-22 09:00:00,0.1669800625555217,0.22924524608068167
2023-03-22 10:00:00,0.10218393386807291,0.16568170340731736
2023-03-22 11:00:00,0.0375837229937315,0.10256874463986607
2023-03-22 12:00:00,0.0066260350542142995,0.05489084940869361
2023-03-22 13:00:00,0.0018729839893057941,0.028907989733852446
2023-03-22 14:00:00,0.00668074737302959,0.02073934179265052
2023-03-22 15:00:00,0.022361488826572896,0.023017061734572047
2023-03-22 16:00:00,0.05284417832270264,0.03988807446788996
2023-03-22 17:00:00,0.13292006788775323,0.0721758644329384
2023-03-22 18:00:00,0.24324740941636264,0.09144268264062702
2023-03-22 19:00:00,0.34523093160241825,0.11348404828924685
2023-03-22 20:00:00,0.4245963001810014,0.13098019391298293
2023-03-22 21:00:00,0.5361204549390823,0.16226088236551728
2023-03-22 22:00:00,0.6916796055249869,0.2497799575747922
2023-03-22 23:00:00,0.862830772679299,0.432071354277432
2023-03-23 00:00:00,0.9310827293992041,0.528421717416495
2023-03-23 01:00:00,0.9629203483276069,0.6038775925338267
2023-03-23 02:00:00,0.9786567839607596,0.6263143286295234
2023-03-23 03:00:00,0.9527996690012513,0.5740506683290005
2023-03-23 04:00:00,0.9304895797744392,0.5583281057141721
2023-03-23 05:00:00,0.728631623648107,0.343806309401989
2023-03-23 06:00:00,0.7549317999184129,0.38407509174197907
2023-03-23 07:00:00,0.8074918640591202,0.41695443067699656
2023-03-23 08:00:00,0.8661380431801082,0.5058054200746119
2023-03-23 09:00:00,0.9403400073386728,0.6792470177076756
2023-03-23 10:00:00,0.9855439924821258,0.8375629805400968
2023-03-23 11:00:00,0.994311904720962,0.922943635713309
2023-03-23 12:00:00,0.9927778472378851,0.9445641627162693
2023-03-23 13:00:00,0.9922885645925998,0.9548304106295108
2023-03-23 14:00:00,0.9938105273246765,0.9610601795092224
2023-03-23 15:00:00,0.9976436856389046,0.9652462928742169
2023-03-23 16:00:00,0.9986833953484893,0.9668970259092748
2023-03-23 17:00:00,0.9844216081500053,0.9139921796321868
2023-03-23 18:00:00,0.9758710447326302,0.9169834536500275
2023-03-23 19:00:00,0.9471826002933084,0.9040010138880461
2023-03-23 20:00:00,0.9052710838243364,0.8796119834296405
2023-03-23 21:00:00,0.8475766182877121,0.8455522600840777
2023-03-23 22:00:00,0.7352552136778829,0.7724644163344054
2023-03-23 23:00:00,0.5392212763242423,0.6149422554764896
2023-03-24 00:00:00,0.30157494380138816,0.37751672580838197
2023-03-24 01:00:00,0.1020383115625009,0.15511754549108445
2023-03-24 02:00:00,0.019076479114592072,0.06000954578630627
2023-03-24 03:00:00,0.0006009110901504754,0.01801192963030189
2023-03-24 04:00:00,4.372839350253343e-05,0.008845906327478588
2023-03-24 05:00:00,0.0,0.004057681127451361
2023-03-24 06:00:00,0.00019122661557048558,0.003031089552678168
2023-03-24 07:00:00,0.0009550673235207796,0.0025371833145618437
2023-03-24 08:00:00,0.0020004218677058816,0.006025074627250433
2023-03-24 09:00:00,0.0036970409704372292,0.012428083438426257
2023-03-24 10:00:00,0.008407488656230271,0.019402276002801956
2023-03-24 11:00:00,0.01892274847254157,0.029430789398029445
2023-03-24 12:00:00,0.02515932324808091,0.036417361106723556
2023-03-24 13:00:00,0.022073908895254138,0.04202288734726608
2023-03-24 14:00:00,0.015866749421693385,0.045504055111668995
2023-03-24 15:00:00,0.02392626848537475,0.049374706679955124
2023-03-24 16:00:00,0.04267854648642243,0.05417514673434198
2023-03-24 17:00:00,0.12075829370878637,0.08304429505951703
2023-03-24 18:00:00,0.1824880437739193,0.10580360294319688
2023-03-24 19:00:00,0.28022573595866557,0.14383587607648224
2023-03-24 20:00:00,0.3623282680567353,0.18048592415638268
2023-03-24 21:00:00,0.4529033442027866,0.2500886757299303
2023-03-24 22:00:00,0.6440259776450691,0.3617233707010745
2023-03-24 23:00:00,0.7171081885695456,0.3818161190114915
2023-03-25 00:00:00,0.6146586382016538,0.3042117716558277
2023-03-25 01:00:00,0.49083111226558673,0.2720553839206695
2023-03-25 02:00:00,0.3564086361415684,0.23876972453668707
2023-03-25 03:00:00,0.28220364525914193,0.21121117496863007
2023-03-25 04:00:00,0.2543166167289018,0.20002702061086888
2023-03-25 05:00:00,0.28601048029959203,0.2580452525988221
2023-03-25 06:00:00,0.30086705090478055,0.3059951540827751
2023-03-25 07:00:00,0.24161583151668303,0.30329111639410256
2023-03-25 08:00:00,0.1679408597480506,0.2624872612394392
2023-03-25 09:00:00,0.1393389733508229,0.23389340014196927
2023-03-25 10:00:00,0.11228917272761466,0.2126517020817846
2023-03-25 11:00:00,0.09096503246109933,0.1913682268373668
2023-03-25 12:00:00,0.06703322503715753,0.15030525458045305
2023-03-25 13:00:00,0.03784649442881345,0.10181273621041328
2023-03-25 14:00:00,0.015732140243053437,0.07131972636096179
2023-03-25 15:00:00,0.005881214383989573,0.05231827111449093
2023-03-25 16:00:00,0.0023384091537445783,0.03327345368918032
2023-03-25 17:00:00,0.0036305010458454485,0.01496141941752285
2023-03-25 18:00:00,0.0046430374821648,0.010007946277037263
2023-03-25 19:00:00,0.006120095881633462,0.006362634864635766
2023-03-25 20:00:00,0.015597960404120386,0.005392630989663303
2023-03-25 21:00:00,0.03031944010872394,0.008642078619450329
2023-03-25 22:00:00,0.051115039647556836,0.009028347195126116
2023-03-25 23:00:00,0.04514492897782476,0.011023197183385491
2023-03-26 00:00:00,0.05857828944921492,0.018181751058436932
2023-03-26 01:00:00,0.10750054586678742,0.04102461074478924
2023-03-26 02:00:00,0.18698106784373517,0.08141130295116455
2023-03-26 03:00:00,0.27316051520407203,0.126439241124317
2023-03-26 04:00:00,0.3943276491202414,0.18626865996047853
2023-03-26 05:00:00,0.12184963226318354,0.039835486044175916
2023-03-26 06:00:00,0.11872825843282042,0.047257728660479184
2023-03-26 07:00:00,0.11285107336007057,0.04401376010850072
2023-03-26 08:00:00,0.16049995088018473,0.05762769080232828
2023-03-26 09:00:00,0.21737712884321803,0.09350698510650546
2023-03-26 10:00:00,0.25972273876890534,0.15115873551927506
2023-03-26 11:00:00,0.2850794747285545,0.19111241066828366
2023-03-26 12:00:00,0.290196042470634,0.21080994143150747
2023-03-26 13:00:00,0.23878333249129352,0.2402419434767216
2023-03-26 14:00:00,0.1612600175105035,0.23675292388536032
2023-03-26 15:00:00,0.0997028848621994,0.1895010725036263
2023-03-26 16:00:00,0.05292399112135171,0.13321672371122986
2023-03-26 17:00:00,0.023248183787800372,0.09462392685934899
2023-03-26 18:00:00,0.013754865247756244,0.05401183915790171
2023-03-26 19:00:00,0.012146976073272527,0.048152037095278516
2023-03-26 20:00:00,0.028683808357454835,0.062240595454350116
2023-03-26 21:00:00,0.049763317024335264,0.06742417787201702
2023-03-26 22:00:00,0.05879398669116199,0.07336734651587903
2023-03-26 23:00:00,0.06874559429008513,0.07026018187403679
2023-03-27 00:00:00,0.07089077835902571,0.0633257827349007
2023-03-27 01:00:00,0.046692586126737295,0.06215603735763579
2023-03-27 02:00:00,0.020215942482464017,0.06598051824141295
2023-03-27 03:00:00,0.00592855378985405,0.060171559979207805
2023-03-27 04:00:00,0.0010643895203247666,0.04318390630651266
2023-03-27 05:00:00,0.022649082802236084,0.0886228551249951
2023-03-27 06:00:00,0.029655888457782564,0.07204486580565572
2023-03-27 07:00:00,0.015974606121890247,0.050997533360496165
2023-03-27 08:00:00,0.0018946766713634133,0.0322666519973427
2023-03-27 09:00:00,0.003047052253969014,0.02603151698131114
2023-03-27 10:00:00,0.011272806036286057,0.02490531334653496
2023-03-27 11:00:00,0.02389172712340951,0.03374947537668049
2023-03-27 12:00:00,0.031159023046493525,0.0370322093181312
2023-03-27 13:00:00,0.02411472256295383,0.030042659174650908
2023-03-27 14:00:00,0.014090826082974673,0.02058493406511843
2023-03-27 15:00:00,0.012420253516174852,0.008989181909710169
2023-03-27 16:00:00,0.04312031139619648,0.0036736118840053674
2023-03-27 17:00:00,0.1240989295905456,0.07339634392876178
2023-03-27 18:00:00,0.16541782109998163,0.15878017848823214
2023-03-27 19:00:00,0.18867638301104303,0.22302704381756486
2023-03-27 20:00:00,0.22475922530516976,0.26494706664234396
2023-03-27 21:00:00,0.22215169046074149,0.298086268203333
2023-03-27 22:00:00,0.15898059390485286,0.28175611115992066
2023-03-27 23:00:00,0.07734965965617446,0.17658202507533133
2023-03-28 00:00:00,0.02484461469575763,0.09558625211007893
2023-03-28 01:00:00,0.008824988761916756,0.06494529442396015
2023-03-28 02:00:00,0.003907615593634546,0.03935706587973982
2023-03-28 03:00:00,0.009460619599558413,0.03145725145470351
2023-03-28 04:00:00,0.038523934287950395,0.038168927757069475
2023-03-28 05:00:00,0.1264576425217092,0.08464087303727866
2023-03-28 06:00:00,0.13150155391544102,0.0667148063890636
2023-03-28 07:00:00,0.1741258813813328,0.06528179559390991
2023-03-28 08:00:00,0.16047883166931565,0.05476338985841721
2023-03-28 09:00:00,0.1477707757148891,0.06502031186129897
2023-03-28 10:00:00,0.15082541555166243,0.09839353560470043
2023-03-28 11:00:00,0.11703466972801832,0.11151998312212527
2023-03-28 12:00:00,0.05441027567721903,0.09305872929282485
2023-03-28 13:00:00,0.024618573603220284,0.07426013742573559
2023-03-28 14:00:00,0.06695498244371263,0.09694186421111226
2023-03-28 15:00:00,0.1917249029129744,0.14919561253860592
2023-03-28 16:00:00,0.34427644982933997,0.20912976561114188
2023-03-28 17:00:00,0.5192348638176918,0.30500578758306796
2023-03-28 18:00:00,0.5542347113974392,0.33062347896397115
2023-03-28 19:00:00,0.5475519628077745,0.316019328571856
2023-03-28 20:00:00,0.5929938123375176,0.3106887556053698
2023-03-28 21:00:00,0.6360027041286229,0.34229077721014617
2023-03-28 22:00:00,0.5379355170205234,0.33586958436295394
2023-03-28 23:00:00,0.3261784954927861,0.25877975625917315
2023-03-29 00:00:00,0.1342906090337783,0.1453931705933064
2023-03-29 01:00:00,0.03635538063012064,0.07898118646815419
2023-03-29 02:00:00,0.01904015720356256,0.04421038712840527
2023-03-29 03:00:00,0.03690282729454339,0.029097167323343456
2023-03-29 04:00:00,0.07600752980913966,0.02959421014878899
2023-03-29 05:00:00,0.19568563268519934,0.06039891996886581
2023-03-29 06:00:00,0.2672516199760139,0.07085451344028115
2023-03-29 07:00:00,0.3006546861398965,0.07845477694645524
2023-03-29 08:00:00,0.3699567150324583,0.10983228396624325
2023-03-29 09:00:00,0.42863032992929206,0.1606166647886857
2023-03-29 10:00:00,0.5611015407554805,0.2642474823305383
2023-03-29 11:00:00,0.7760391033999622,0.43112582656554876
2023-03-29 12:00:00,0.9583818758092819,0.6196690927818418
2023-03-29 13:00:00,0.987869788687676,0.7094332417286933
2023-03-29 14:00:00,0.9880685832537711,0.7071559325978158
2023-03-29 15:00:00,0.9804325573146343,0.6945004876330494
2023-03-29 16:00:00,0.9668598467111588,0.7028774374350905
2023-03-29 17:00:00,0.9415613101609052,0.6381231513805686
2023-03-29 18:00:00,0.943109839875251,0.6967317162826655
2023-03-29 19:00:00,0.9479984425567088,0.697607172317803
2023-03-29 20:00:00,0.9434507046081125,0.6479960075952111
2023-03-29 21:00:00,0.93368820335716,0.6129647346958518
2023-03-29 22:00:00,0.8949992428161204,0.6068771431036294
2023-03-29 23:00:00,0.8551492443867027,0.6214883592538535
2023-03-30 00:00:00,0.8570553238503633,0.6437408155389129
2023-03-30 01:00:00,0.8240915354341267,0.574540975652635
2023-03-30 02:00:00,0.7346854566596448,0.49476432546973226
2023-03-30 03:00:00,0.573150168582797,0.3854714184440672
2023-03-30 04:00:00,0.45206359898671505,0.28916128123179075
2023-03-30 05:00:00,0.4052418887987733,0.21539728731848293
2023-03-30 06:00:00,0.3151762398518621,0.14087135148700325
2023-03-30 07:00:00,0.1721296739671379,0.08638638898730276
2023-03-30 08:00:00,0.09811554896645247,0.10104148683138192
2023-03-30 09:00:00,0.08113888130988926,0.11355381522327661
2023-03-30 10:00:00,0.09730281801894307,0.10626754908356816
2023-03-30 11:00:00,0.11394368533045053,0.10779999840073287
2023-03-30 12:00:00,0.08825216113589704,0.10083676538895817
2023-03-30 13:00:00,0.035127058676443994,0.06748895192518828
2023-03-30 14:00:00,0.01404554325621575,0.04463728228118271
2023-03-30 15:00:00,0.025123311318457124,0.01695209669880569
2023-03-30 16:00:00,0.05738468210212885,0.010582330534234642
2023-03-30 17:00:00,0.031647760975174605,0.00716910575516522
2023-03-30 18:00:00,0.06259017166215927,0.03823364407755434
2023-03-30 19:00:00,0.15616002762690184,0.10772730769589542
2023-03-30 20:00:00,0.30488063577562563,0.18708213493227957
2023-03-30 21:00:00,0.4061300043575465,0.26018503258004777
2023-03-30 22:00:00,0.3998863590136169,0.26677332027815276
2023-03-30 23:00:00,0.2668884567171335,0.17639964512549342
2023-03-31 00:00:00,0.21478199354372918,0.1584749988745898
2023-03-31 01:00:00,0.20268794815987348,0.15746733631007376
2023-03-31 02:00:00,0.20795293569564818,0.14587294423952696
2023-03-31 03:00:00,0.23095054595731196,0.13919935641810297
2023-03-31 04:00:00,0.23209884748794132,0.1347642102651298
2023-03-31 05:00:00,0.3672628806345165,0.259663867726922
2023-03-31 06:00:00,0.39552881222218267,0.2757171093858778
2023-03-31 07:00:00,0.409233706202358,0.3156598699092864
2023-03-31 08:00:00,0.4941629594005645,0.38972669363021856
2023-03-31 09:00:00,0.6273775655031202,0.4942388321645557
2023-03-31 10:00:00,0.8131714028492568,0.6675640072673558
2023-03-31 11:00:00,0.8696363951452075,0.7450546868145465
2023-03-31 12:00:00,0.8475898699648677,0.7410782839916648
2023-03-31 13:00:00,0.8655003123544154,0.7408681220188735
2023-03-31 14:00:00,0.8696079861931502,0.731801581736654
2023-03-31 15:00:00,0.8098882560990749,0.67400448102504
2023-03-31 16:00:00,0.7382766844332216,0.6107764450460671
2023-03-31 17:00:00,0.7016818882711229,0.4781112008541822
2023-03-31 18:00:00,0.5826256115548313,0.32478514386340973
2023-03-31 19:00:00,0.510691349748522,0.29142491381615404
2023-03-31 20:00:00,0.5624842353910208,0.41045367930084464
2023-03-31 21:00:00,0.7973750646784902,0.6238290557637809
2023-03-31 22:00:00,0.8542825830541549,0.5846987460553645
2023-03-31 23:00:00,0.7181984875164925,0.4025241567939519
2023-04-01 00:00:00,0.5296530458517371,0.24466419689357277
2023-04-01 01:00:00,0.4574838658235966,0.19859724429436024
2023-04-01 02:00:00,0.40305532908067104,0.18226776362396774
2023-04-01 03:00:00,0.39276601381599896,0.15584152374416585
2023-04-01 04:00:00,0.32840860566124325,0.12456202318891882
2023-04-01 05:00:00,0.2317513696290552,0.09325359631795435
2023-04-01 06:00:00,0.22725357407703992,0.10319285910110917
2023-04-01 07:00:00,0.22787107261829073,0.10821657205000519
2023-04-01 08:00:00,0.23096341216936705,0.1262564913323149
2023-04-01 09:00:00,0.275029623825103,0.15581737026572226
2023-04-01 10:00:00,0.29081769624724985,0.25896664149127896
2023-04-01 11:00:00,0.3275876684300601,0.3757188146933913
2023-04-01 12:00:00,0.3961255334317684,0.4822301573120057
2023-04-01 13:00:00,0.39423124326393,0.5809687595255673
2023-04-01 14:00:00,0.2835131396446377,0.661590525098145
2023-04-01 15:00:00,0.21771549137309193,0.7091340844519437
2023-04-01 16:00:00,0.2168929504137486,0.7427278767619282
2023-04-01 17:00:00,0.1862726228358224,0.7259627424180507
2023-04-01 18:00:00,0.2565238215308636,0.7531259761564433
2023-04-01 19:00:00,0.29323307504411783,0.7429896843107416
2023-04-01 20:00:00,0.2928262605238705,0.6786633476242422
2023-04-01 21:00:00,0.22671833903528749,0.572620224924758
2023-04-01 22:00:00,0.135362167423591,0.5001772287394851
2023-04-01 23:00:00,0.10232726863585412,0.47764641006477165
2023-04-02 00:00:00,0.12742743677925317,0.457862100219354
2023-04-02 01:00:00,0.10844468561001121,0.32233716689515857
2023-04-02 02:00:00,0.05141446884721517,0.13634054142516105
2023-04-02 03:00:00,0.027357788542285558,0.06293623321689665
2023-04-02 04:00:00,0.012882035025395453,0.046614138502627606
2023-04-02 05:00:00,0.005732171102426947,0.02577447188552469
2023-04-02 06:00:00,0.013953448343090716,0.04127794280182571
2023-04-02 07:00:00,0.02351684843190014,0.09097806487698108
2023-04-02 08:00:00,0.0378310101153329,0.1555100681586191
2023-04-02 09:00:00,0.09864077370613812,0.22801252252422272
2023-04-02 10:00:00,0.27105142638087265,0.2850913317687809
2023-04-02 11:00:00,0.39317596314474945,0.3132780055701732
2023-04-02 12:00:00,0.3226641427725553,0.28615571434609594
2023-04-02 13:00:00,0.2284481726773083,0.29168128377757957
2023-04-02 14:00:00,0.16630824232473967,0.3383306513354181
2023-04-02 15:00:00,0.13297122086398303,0.3755549388565123
2023-04-02 16:00:00,0.1396205648500472,0.3648967005871237
2023-04-02 17:00:00,0.28425572613254185,0.4569844826310873
2023-04-02 18:00:00,0.4890706456266344,0.5701099075004458
2023-04-02 19:00:00,0.6879010738432406,0.7111293530836701
2023-04-02 20:00:00,0.7436141031235457,0.7547302358411251
2023-04-02 21:00:00,0.7267573260143397,0.6902365945093332
2023-04-02 22:00:00,0.7974531250447036,0.8469695391878483
2023-04-02 23:00:00,0.7181737394444643,0.8248286560550332
2023-04-03 00:00:00,0.6862154015712438,0.8048864427022634
2023-04-03 01:00:00,0.6289903697930275,0.7725687051191924
2023-04-03 02:00:00,0.5726954104192553,0.7347141188941896
2023-04-03 03:00:00,0.49970092145726086,0.6713869220763442
2023-04-03 04:00:00,0.3974694214202463,0.551344174724072
2023-04-03 05:00:00,0.4515503918379546,0.6888462088815865
2023-04-03 06:00:00,0.3656342651695013,0.556911612227559
2023-04-03 07:00:00,0.24940107617527246,0.40974482066929335
2023-04-03 08:00:00,0.14247813415713606,0.20741855162195855
2023-04-03 09:00:00,0.1126405963394791,0.12858007692731918
2023-04-03 10:00:00,0.09404438659548758,0.08818571249488742
2023-04-03 11:00:00,0.06783424962311983,0.06238227980677037
2023-04-03 12:00:00,0.03823813773691654,0.04783633198589087
2023-04-03 13:00:00,0.01611590415239334,0.049489797963760795
2023-04-03 14:00:00,0.010355975297279656,0.05832153728231788
2023-04-03 15:00:00,0.016181402411311864,0.06359093704726547
2023-04-03 16:00:00,0.02695525176823139,0.06652083486318587
2023-04-03 17:00:00,0.07690281825140118,0.1232413242291659
2023-04-03 18:00:00,0.1367181081790477,0.14858280970714982
2023-04-03 19:00:00,0.16301639517769212,0.15337715559639034
2023-04-03 20:00:00,0.13443694280460475,0.11911816155537963
2023-04-03 21:00:00,0.09481633354909719,0.07669616744853555
2023-04-03 22:00:00,0.04606068778783084,0.06194965368136764
2023-04-03 23:00:00,0.03341029250994325,0.06940629222430288
2023-04-04 00:00:00,0.047839742479845876,0.08403670863248407
2023-04-04 01:00:00,0.06833934787660836,0.09199284286238252
2023-04-04 02:00:00,0.07101311150938273,0.07835435981862246
2023-04-04 03:00:00,0.050988930668681855,0.058811357999220486
2023-04-04 04:00:00,0.030943314060568803,0.04211386168375611
2023-04-04 05:00:00,0.002876271558925509,0.03725563041865825
2023-04-04 06:00:00,0.0011981968814507127,0.022219678182154895
2023-04-04 07:00:00,0.0015963173285126685,0.01182654227130115
2023-04-04 08:00:00,0.009856815501116216,0.016395973386242983
2023-04-04 09:00:00,0.07015910936519504,0.05791625096462667
2023-04-04 10:00:00,0.15302107914350926,0.11121004200540482
2023-04-04 11:00:00,0.19080585334450004,0.139526867037639
2023-04-04 12:00:00,0.2030899256840348,0.17728866329416626
2023-04-04 13:00:00,0.1966910985857248,0.24533051190897823
2023-04-04 14:00:00,0.21257750241085882,0.2059919514413923
2023-04-04 15:00:00,0.18968820105306805,0.07763802951667459
2023-04-04 16:00:00,0.10453909094911068,0.02836835734546184
2023-04-04 17:00:00,0.08538766666315495,0.022567063858732583
2023-04-04 18:00:00,0.05560071527492255,0.023229974461719392
2023-04-04 19:00:00,0.0483364490699023,0.03513654476497322
2023-04-04 20:00:00,0.057767260773107405,0.05361733452882618
2023-04-04 21:00:00,0.08700795928947626,0.06174205913674086
2023-04-04 22:00:00,0.10368710668757557,0.044016803177073606
2023-04-04 23:00:00,0.10475676241330802,0.02602806377224624
2023-04-05 00:00:00,0.07412093675229699,0.012249347302131352
2023-04-05 01:00:00,0.06437007112894207,0.012514092740602794
2023-04-05 02:00:00,0.08210890406742691,0.016741182287223638
2023-04-05 03:00:00,0.1120506497938186,0.023222937174141405
2023-04-05 04:00:00,0.13016426233574746,0.029712969968095426
2023-04-05 05:00:00,0.08960915983654558,0.029311366281472153
2023-04-05 06:00:00,0.11043084703385826,0.026659227274358273
2023-04-05 07:00:00,0.14348086530342696,0.0331440814351663
2023-04-05 08:00:00,0.20208839992061256,0.04526885782368481
2023-04-05 09:00:00,0.241869893623516,0.07727944155689329
2023-04-05 10:00:00,0.3008545293565839,0.14861726877279577
2023-04-05 11:00:00,0.47869290102273226,0.26322377548553044
2023-04-05 12:00:00,0.6241616785526274,0.30548182560130954
2023-04-05 13:00:00,0.6507376934774218,0.28136277985759073
2023-04-05 14:00:00,0.6453607354685663,0.25875109513290223
2023-04-05 15:00:00,0.6369460852257907,0.2623811475466936
2023-04-05 16:00:00,0.63619772285223,0.30098853961564603
2023-04-05 17:00:00,0.5522354934364556,0.23448240806348622
2023-04-05 18:00:00,0.5643689171783625,0.21990269728936257
2023-04-05 19:00:00,0.6097192086838185,0.22508554382249707
2023-04-05 20:00:00,0.6325370700098574,0.23327742642723023
2023-04-05 21:00:00,0.5829015348292887,0.2404153768997639
2023-04-05 22:00:00,0.45258780760690565,0.2021029761340469
2023-04-05 23:00:00,0.35324666706845154,0.15419849175959824
2023-04-06 00:00:00,0.2915309822745621,0.11722122042439878
2023-04-06 01:00:00,0.24664194234646852,0.07919577871449293
2023-04-06 02:00:00,0.2433455834910273,0.06602005534805357
2023-04-06 03:00:00,0.2363442211039364,0.057844073716551064
2023-04-06 04:00:00,0.2179051809664815,0.06260816344525663
2023-04-06 05:00:00,0.1549275820888579,0.07894016360864044
2023-04-06 06:00:00,0.2255506213195622,0.12343534703366457
2023-04-06 07:00:00,0.27389000467956065,0.15815401201136406
2023-04-06 08:00:00,0.401840017400682,0.26427300542592996
2023-04-06 09:00:00,0.4292832189798355,0.3394482848420739
2023-04-06 10:00:00,0.4615411673486232,0.37014877889305353
2023-04-06 11:00:00,0.5136212127655744,0.36532039215788237
2023-04-06 12:00:00,0.512161139883101,0.3408242808096111
2023-04-06 13:00:00,0.44629434145987024,0.3124114178773016
2023-04-06 14:00:00,0.38980123724788424,0.2948432468436658
2023-04-06 15:00:00,0.3976535096764564,0.296245616134256
2023-04-06 16:00:00,0.4727610160410404,0.34064607933163643
2023-04-06 17:00:00,0.6876862272992728,0.47768637154251326
2023-04-06 18:00:00,0.7943263437226413,0.5798738598264752
2023-04-06 19:00:00,0.8593583286367356,0.6749870460294187
2023-04-06 20:00:00,0.8685618577897548,0.7237903080135585
2023-04-06 21:00:00,0.9122113109380006,0.7532451282069087
2023-04-06 22:00:00,0.9479148498736322,0.7462931987270712
2023-04-06 23:00:00,0.9215538153611124,0.6721491133794188
2023-04-07 00:00:00,0.8466862830892204,0.5897699729911983
2023-04-07 01:00:00,0.7636891156807541,0.5363825590349733
2023-04-07 02:00:00,0.7793418903835115,0.5506358361989259
2023-04-07 03:00:00,0.8199598627537488,0.5933461633883417
2023-04-07 04:00:00,0.8530001546628772,0.6365423749200998
2023-04-07 05:00:00,0.8526868478395043,0.6604021760821341
2023-04-07 06:00:00,0.9127330545522271,0.7868738740123808
2023-04-07 07:00:00,0.9861520305089653,0.9296559042856096
2023-04-07 08:00:00,0.999538738951087,0.988065998405218
2023-04-07 09:00:00,1.0,0.9981756684929133
2023-04-07 10:00:00,1.0,0.9994201758131385
2023-04-07 11:00:00,1.0,0.999412481226027
2023-04-07 12:00:00,1.0,0.9989799390360713
2023-04-07 13:00:00,1.0,0.9973459906131029
2023-04-07 14:00:00,1.0,0.9937736494652928
2023-04-07 15:00:00,1.0,0.9896448019891978
2023-04-07 16:00:00,1.0,0.9860027878545224
2023-04-07 17:00:00,1.0,0.9767192058078944
2023-04-07 18:00:00,1.0,0.9771102650277317
2023-04-07 19:00:00,1.0,0.9819534076936544
2023-04-07 20:00:00,1.0,0.985238667782396
2023-04-07 21:00:00,1.0,0.9830442526191472
2023-04-07 22:00:00,1.0,0.971884521357715
2023-04-07 23:00:00,0.9998632966354489,0.9213458913378417
2023-04-08 00:00:00,0.9994902136549354,0.9217296479828654
2023-04-08 01:00:00,0.999371293336153,0.9492420677281916
2023-04-08 02:00:00,0.9993712135404348,0.9721916374005377
2023-04-08 03:00:00,0.9993231670185924,0.9826928713917732
2023-04-08 04:00:00,0.9996572412922978,0.9920412168651819
2023-04-08 05:00:00,1.0,0.9943189172446727
2023-04-08 06:00:00,1.0,0.9957889500632882
2023-04-08 07:00:00,1.0,0.9897003952600063
2023-04-08 08:00:00,1.0,0.9914659682661294
2023-04-08 09:00:00,1.0,0.9962042588926852
2023-04-08 10:00:00,1.0,0.9979367601126433
2023-04-08 11:00:00,1.0,0.9972219044715166
2023-04-08 12:00:00,1.0,0.9957410596683621
2023-04-08 13:00:00,1.0,0.9915332786180079
2023-04-08 14:00:00,0.9988378152623772,0.9818733735382557
2023-04-08 15:00:00,0.9866167553327978,0.9353647524863482
2023-04-08 16:00:00,0.9718757150135933,0.8866270162165164
2023-04-08 17:00:00,0.8369948326423764,0.7068739295192062
2023-04-08 18:00:00,0.8892245323769747,0.806973382141441
2023-04-08 19:00:00,0.8813861405476926,0.8589209597557783
2023-04-08 20:00:00,0.8501748406700789,0.8731419058516621
2023-04-08 21:00:00,0.8214278962649404,0.8709200181812047
2023-04-08 22:00:00,0.7799602008797227,0.8397408488206565
2023-04-08 23:00:00,0.7409078997187315,0.7695861410349608
2023-04-09 00:00:00,0.6697454016283155,0.7322298123128711
2023-04-09 01:00:00,0.5556108768098056,0.6411312033422291
2023-04-09 02:00:00,0.42410287596285334,0.522645436823368
2023-04-09 03:00:00,0.29605574215762315,0.4252494998369366
2023-04-09 04:00:00,0.17631565043702718,0.368706175610423
2023-04-09 05:00:00,0.1516369403898716,0.3458709732443093
2023-04-09 06:00:00,0.05417992917355151,0.28794874193146824
2023-04-09 07:00:00,0.0769964060932398,0.3627549589704721
2023-04-09 08:00:00,0.26099955289624627,0.5568831181526183
2023-04-09 09:00:00,0.6200722802057862,0.8054307512193917
2023-04-09 10:00:00,0.8744269314967095,0.9232570969685913
2023-04-09 11:00:00,0.9777808031812311,0.9787945633381605
2023-04-09 12:00:00,1.0,0.9990161263942718
2023-04-09 13:00:00,1.0,1.0
2023-04-09 14:00:00,1.0,1.0
2023-04-09 15:00:00,1.0,0.9999282636493445
2023-04-09 16:00:00,1.0,0.9998993244022131
2023-04-09 17:00:00,0.9985688124969602,0.9946321515366434
2023-04-09 18:00:00,0.9705741862580181,0.9638449188135564
2023-04-09 19:00:00,0.8310383776761592,0.8314704165793956
2023-04-09 20:00:00,0.704947770088911,0.6557527468912302
2023-04-09 21:00:00,0.5321189267374574,0.510242344746366
2023-04-09 22:00:00,0.2702788547193632,0.30407818824984123
2023-04-09 23:00:00,0.0887141443789005,0.12791934521868822
2023-04-10 00:00:00,0.1457309521269053,0.12137828867882491
2023-04-10 01:00:00,0.4052085331268609,0.2507353493478149
2023-04-10 02:00:00,0.7103250569477676,0.46144860805943616
2023-04-10 03:00:00,0.8863037990033626,0.6689581624045967
2023-04-10 04:00:00,0.9306976091861725,0.8086754560656845
2023-04-10 05:00:00,0.9284271511435509,0.8489685010537502
2023-04-10 06:00:00,0.9263912934064865,0.8828442988172174
2023-04-10 07:00:00,0.9509317429363726,0.9111192710325122
2023-04-10 08:00:00,0.9449823670461772,0.90260171437636
2023-04-10 09:00:00,0.993775090519339,0.971571708470583
2023-04-10 10:00:00,1.0,1.0
2023-04-10 11:00:00,1.0,1.0
2023-04-10 12:00:00,1.0,1.0
2023-04-10 13:00:00,1.0,1.0
2023-04-10 14:00:00,1.0,1.0
2023-04-10 15:00:00,1.0,1.0
2023-04-10 16:00:00,1.0,1.0
2023-04-10 17:00:00,1.0,0.9998889110609889
2023-04-10 18:00:00,0.9945977549813688,0.9882436818256974
2023-04-10 19:00:00,0.9855835773423314,0.9457409886084497
2023-04-10 20:00:00,0.9940426647104323,0.9735250283777713
2023-04-10 21:00:00,0.9428636648505925,0.9716715426556766
2023-04-10 22:00:00,0.6120984459295868,0.7918581676855683
2023-04-10 23:00:00,0.16321641189977526,0.514264069162309
2023-04-11 00:00:00,0.020850344151258467,0.2650681345537304
2023-04-11 01:00:00,0.016835789666511114,0.20352916057687256
2023-04-11 02:00:00,0.03857149343937635,0.21998072514776143
2023-04-11 03:00:00,0.0768906238861382,0.2568291847826913
2023-04-11 04:00:00,0.1575456456001848,0.3276599044818431
2023-04-11 05:00:00,0.24160250822082158,0.4253052149154245
2023-04-11 06:00:00,0.4127377622015774,0.6004461544938384
2023-04-11 07:00:00,0.5111442995257676,0.6996915817074477
2023-04-11 08:00:00,0.5439467919804154,0.7876521500386298
2023-04-11 09:00:00,0.5984178627096115,0.8270411708764731
2023-04-11 10:00:00,0.6906380765885115,0.8530979768000542
2023-04-11 11:00:00,0.8329816431738436,0.8924143084324895
2023-04-11 12:00:00,0.9239652956835925,0.9238271594233809
2023-04-11 13:00:00,0.9613497957400978,0.9598435851745307
2023-04-11 14:00:00,0.9837092581205071,0.9739356172271071
2023-04-11 15:00:00,0.9941048443317413,0.9727384569495916
2023-04-11 16:00:00,0.9882899906486273,0.9496511054970322
2023-04-11 17:00:00,0.9920358610525727,0.9373062464781104
2023-04-11 18:00:00,0.9219856557063759,0.8196500997804105
2023-04-11 19:00:00,0.9018015255965293,0.7448670464009045
2023-04-11 20:00:00,0.9082013462483882,0.7026654135435819
2023-04-11 21:00:00,0.7874070306122303,0.5029395502060652
2023-04-11 22:00:00,0.43642796335741874,0.23288699204102156
2023-04-11 23:00:00,0.1865637192875147,0.07641280035022646
2023-04-12 00:00:00,0.10423156139440833,0.03821423617191612
2023-04-12 01:00:00,0.04474413271062075,0.051230822391808026
2023-04-12 02:00:00,0.02034879476763308,0.1309643845632672
2023-04-12 03:00:00,0.02543663661926985,0.21586075047962366
2023-04-12 04:00:00,0.06802363880444319,0.331467285673134
2023-04-12 05:00:00,0.1322828278131783,0.5308600181713701
2023-04-12 06:00:00,0.1773846904095262,0.5543703059386462
2023-04-12 07:00:00,0.512423505038023,0.6737398318666963
2023-04-12 08:00:00,0.6368003093637525,0.878704984281212
2023-04-12 09:00:00,0.652629368212074,0.9201755173876881
2023-04-12 10:00:00,0.6718489303626117,0.8197295363992452
2023-04-12 11:00:00,0.6926577333360909,0.7585151888616384
2023-04-12 12:00:00,0.6899131719581781,0.7656821888871488
2023-04-12 13:00:00,0.6264566734060644,0.6888011382520198
2023-04-12 14:00:00,0.5442622444778681,0.5443952534161509
2023-04-12 15:00:00,0.45423337846994394,0.4128523131087422
2023-04-12 16:00:00,0.36169781923294064,0.2966653437726199
2023-04-12 17:00:00,0.29967414600774644,0.2668998549412936
2023-04-12 18:00:00,0.2657259036786854,0.20236025483347472
2023-04-12 19:00:00,0.2960656087473034,0.17176428928039963
2023-04-12 20:00:00,0.3338414032757282,0.177157670520246
2023-04-12 21:00:00,0.2660148992016911,0.13889601572416724
2023-04-12 22:00:00,0.17421933194622397,0.09070944293402135
2023-04-12 23:00:00,0.08092863591853527,0.030003610602580003
2023-04-13 00:00:00,0.04794414218980819,0.016335892281495033
2023-04-13 01:00:00,0.028340841266326612,0.00913674066774547
2023-04-13 02:00:00,0.012719918764196338,0.006454034419730306
2023-04-13 03:00:00,0.004663240429945289,0.004563430515117943
2023-04-13 04:00:00,0.001957100429572165,0.003093323572538793
2023-04-13 05:00:00,0.0025776236318051813,0.0018906641425564888
2023-04-13 06:00:00,0.0007180877448990941,0.0005248369509354233
2023-04-13 07:00:00,0.00041530262213200324,0.0003799626789987086
2023-04-13 08:00:00,0.00021754909772425887,0.0006934840371832251
2023-04-13 09:00:00,0.0035512968711555004,0.004989630277268588
2023-04-13 10:00:00,0.04547301120590419,0.04449116311501711
2023-04-13 11:00:00,0.20405719379428772,0.11229994885157792
2023-04-13 12:00:00,0.29080415522679687,0.09510885565076023
2023-04-13 13:00:00,0.2822086295951157,0.06898640802130102
2023-04-13 14:00:00,0.24032104623503983,0.05622071022633462
2023-04-13 15:00:00,0.17750033654738218,0.04410447939764708
2023-04-13 16:00:00,0.1259471487253904,0.030235316604375836
2023-04-13 17:00:00,0.09978797258343548,0.020942510087043044
2023-04-13 18:00:00,0.05428059358615429,0.009276949386112392
2023-04-13 19:00:00,0.01387125204317272,0.0013633548468351363
2023-04-13 20:00:00,0.0009182679885998367,0.0026476253895089032
2023-04-13 21:00:00,0.0,0.016780073074623942
2023-04-13 22:00:00,0.0,0.005791289820335805
2023-04-13 23:00:00,0.0,0.0006590590672567486
2023-04-14 00:00:00,0.0,0.0010562793212011456
2023-04-14 01:00:00,0.0,0.0018917488865554334
2023-04-14 02:00:00,0.0009369252808392048,0.007146578612737358
2023-04-14 03:00:00,0.008006197563372553,0.01751849576830864
2023-04-14 04:00:00,0.023672106470912703,0.03305934492964298
2023-04-14 05:00:00,0.020296082552522424,0.028854545908980074
2023-04-14 06:00:00,0.022730313916690652,0.026149527621455494
2023-04-14 07:00:00,0.025087810158729552,0.02689854316413403
2023-04-14 08:00:00,0.046577599681913856,0.045364459506236014
2023-04-14 09:00:00,0.08944970531389117,0.08482965359929949
2023-04-14 10:00:00,0.14474260125774888,0.14522530800662933
2023-04-14 11:00:00,0.1714877819083631,0.21742953972890972
2023-04-14 12:00:00,0.1887145685125142,0.22950376696884628
2023-04-14 13:00:00,0.1691262395214289,0.17132686801254748
2023-04-14 14:00:00,0.14910663584247227,0.12007331906817852
2023-04-14 15:00:00,0.11901935650035736,0.07778549758717418
2023-04-14 16:00:00,0.08545108769088981,0.059089450752362604
2023-04-14 17:00:00,0.05286909694783389,0.03836474020034075
2023-04-14 18:00:00,0.03846613112371415,0.04828632289543748
2023-04-14 19:00:00,0.041184563059359795,0.04309133441187442
2023-04-14 20:00:00,0.06569954712875187,0.03302169931586832
2023-04-14 21:00:00,0.07197541530244052,0.02138020193204284
2023-04-14 22:00:00,0.014530954561196272,0.0022819478949531913
2023-04-14 23:00:00,0.010241828435100617,0.00374081137124449
2023-04-15 00:00:00,0.050708584706299006,0.0418558058468625
2023-04-15 01:00:00,0.09813844696618614,0.08786263544112442
2023-04-15 02:00:00,0.09677518967539071,0.07255491279996931
2023-04-15 03:00:00,0.05930062816478312,0.040505329323932526
2023-04-15 04:00:00,0.030740074012428526,0.022982786521315572
2023-04-15 05:00:00,0.004593101972714066,0.004688599887304007
2023-04-15 06:00:00,0.0019548626942560076,0.0022391430381685493
2023-04-15 07:00:00,0.0005731584737077355,0.0020382196130231023
2023-04-15 08:00:00,0.0017402533581480383,0.006996782994829118
2023-04-15 09:00:00,0.024340341659262774,0.05945794650819153
2023-04-15 10:00:00,0.10321529504377396,0.20633854553103448
2023-04-15 11:00:00,0.18756248791702093,0.3831606944603844
2023-04-15 12:00:00,0.24336420902051029,0.4968946047173813
2023-04-15 13:00:00,0.33319644794333725,0.592529381904751
2023-04-15 14:00:00,0.42975646624341596,0.6447309764008967
2023-04-15 15:00:00,0.5451023405604063,0.6727748180553315
2023-04-15 16:00:00,0.5982468296587466,0.6418124062195418
2023-04-15 17:00:00,0.5577297398261725,0.5595614803396165
2023-04-15 18:00:00,0.5386158655211327,0.5172913513146341
2023-04-15 19:00:00,0.5013481726311148,0.47219368716701865
2023-04-15 20:00:00,0.46692217055708174,0.425929241515696
2023-04-15 21:00:00,0.31654699731618163,0.2859374800883233
2023-04-15 22:00:00,0.12129362351261078,0.12780615290626882
2023-04-15 23:00:00,0.09661009986884891,0.1256412853114307
2023-04-16 00:00:00,0.14354788823053238,0.18222797397524115
2023-04-16 01:00:00,0.2712600986845791,0.30777651844546194
2023-04-16 02:00:00,0.33125519447028634,0.3657064056955277
2023-04-16 03:00:00,0.29306916447356335,0.32602667411789293
2023-04-16 04:00:00,0.2851789700798689,0.29400361061096186
2023-04-16 05:00:00,0.28074675187468523,0.28877026489004487
2023-04-16 06:00:00,0.2288212500140071,0.25551772095263003
2023-04-16 07:00:00,0.2349527489766478,0.259867672342807
2023-04-16 08:00:00,0.2183827126026153,0.2276066854782402
2023-04-16 09:00:00,0.363591080084443,0.4049332412518561
2023-04-16 10:00:00,0.6610302628763017,0.7660373989306389
2023-04-16 11:00:00,0.857936204560101,0.9307962979748845
2023-04-16 12:00:00,0.9500008449144659,0.9793287922441958
2023-04-16 13:00:00,0.9885825246572495,0.9903317094966769
2023-04-16 14:00:00,0.9920695633441209,0.9800900377891959
2023-04-16 15:00:00,0.9860241713374852,0.9600944177806376
2023-04-16 16:00:00,0.9563599428348242,0.9239944153279066
2023-04-16 17:00:00,0.8761075910925863,0.8615210668928921
2023-04-16 18:00:00,0.8366817811690269,0.8173535611480474
2023-04-16 19:00:00,0.7905638959631323,0.7757619485817849
2023-04-16 20:00:00,0.7631493326649069,0.7351616648584602
2023-04-16 21:00:00,0.6728411912173031,0.597842870336026
2023-04-16 22:00:00,0.3406432579644024,0.3066014397144318
2023-04-16 23:00:00,0.2956609553378075,0.2586956718377769
2023-04-17 00:00:00,0.28579988497309383,0.22432964023202656
2023-04-17 01:00:00,0.2942506130132824,0.22020346764475104
2023-04-17 02:00:00,0.358819125443697,0.29268917443230746
2023-04-17 03:00:00,0.426837755087763,0.36290866700932384
2023-04-17 04:00:00,0.476290086954832,0.4498224630206823
2023-04-17 05:00:00,0.4846202808246015,0.4309334236569703
2023-04-17 06:00:00,0.37618161365389824,0.3454124889336526
2023-04-17 07:00:00,0.3536665087938309,0.3272077205963432
2023-04-17 08:00:00,0.42998465100303296,0.4306993225216865
2023-04-17 09:00:00,0.7881044667214153,0.7946589652635156
2023-04-17 10:00:00,0.9879835084266961,0.9833448014780879
2023-04-17 11:00:00,0.9996873584762216,0.9971269589662553
2023-04-17 12:00:00,0.9985932033881545,0.9738726247660815
2023-04-17 13:00:00,0.9985598145797848,0.9269482197053731
2023-04-17 14:00:00,0.9996836384758353,0.9177723046764732
2023-04-17 15:00:00,0.9991527100652456,0.8874383331462739
2023-04-17 16:00:00,0.9876248062960803,0.8421528928168117
2023-04-17 17:00:00,0.9789127192646264,0.8522040632925927
2023-04-17 18:00:00,0.964665805865079,0.8827137487009167
2023-04-17 19:00:00,0.9313124587200582,0.8939610852301122
2023-04-17 20:00:00,0.9172884621657431,0.9202179186046121
2023-04-17 21:00:00,0.8977057418413459,0.932912432849407
2023-04-17 22:00:00,0.8758475386723874,0.9127896240353585
2023-04-17 23:00:00,0.8994900594837963,0.9442053898237646
2023-04-18 00:00:00,0.9577221758849919,0.9762964049726724
2023-04-18 01:00:00,0.9839382299035787,0.9978012441843748
2023-04-18 02:00:00,0.951497720107436,0.9985587335377931
2023-04-18 03:00:00,0.9686994797363878,1.0
2023-04-18 04:00:00,0.9966878179833293,1.0
2023-04-18 05:00:00,1.0,1.0
2023-04-18 06:00:00,1.0,1.0
2023-04-18 07:00:00,1.0,1.0
2023-04-18 08:00:00,0.9807439381442964,0.961223298944533
2023-04-18 09:00:00,0.8970551175065338,0.792166211362928
2023-04-18 10:00:00,0.6717848638631403,0.5626347216777503
2023-04-18 11:00:00,0.4099685360025614,0.318320247628726
2023-04-18 12:00:00,0.26997871083207425,0.18260884091258045
2023-04-18 13:00:00,0.22685041990596796,0.12831230316776782
2023-04-18 14:00:00,0.18768419160507613,0.0990125658828765
2023-04-18 15:00:00,0.14776822584681212,0.09094168125651778
2023-04-18 16:00:00,0.11954039773438124,0.09740157005842774
2023-04-18 17:00:00,0.0654778349911794,0.13264520192984489
2023-04-18 18:00:00,0.0854413093207404,0.10261815892066807
2023-04-18 19:00:00,0.11199961535632612,0.0695084453932941
2023-04-18 20:00:00,0.08042014960199595,0.046408710717223585
2023-04-18 21:00:00,0.033985163988545536,0.0806530404323712
2023-04-18 22:00:00,0.008030110546387732,0.07159578311722725
2023-04-18 23:00:00,0.020651650694198907,0.14654971696902067
2023-04-19 00:00:00,0.07451098474208265,0.3015779412537813
2023-04-19 01:00:00,0.1423762784525752,0.4308268483169377
2023-04-19 02:00:00,0.20100328243337567,0.446455876044929
2023-04-19 03:00:00,0.2841115964576601,0.42961997639387844
2023-04-19 04:00:00,0.35965117033571004,0.459879487901926
2023-04-19 05:00:00,0.4101827504113317,0.5388492143712936
2023-04-19 06:00:00,0.40746579587459564,0.573699543122202
2023-04-19 07:00:00,0.48214423807337875,0.6022473451681433
2023-04-19 08:00:00,0.5079704207181931,0.5721697895601391
2023-04-19 09:00:00,0.6271131883375346,0.6779911174252629
2023-04-19 10:00:00,0.7835362493060528,0.7450585770606994
2023-04-19 11:00:00,0.8049458927661179,0.6983413875289259
2023-04-19 12:00:00,0.632030003350228,0.580522912312299
2023-04-19 13:00:00,0.5417531255446373,0.5474057453498243
2023-04-19 14:00:00,0.5865409161895513,0.5220866094902158
2023-04-19 15:00:00,0.4133723659813404,0.46549686571583143
2023-04-19 16:00:00,0.39018889382481575,0.4335462132841348
2023-04-19 17:00:00,0.39065747683867813,0.5386503354273736
2023-04-19 18:00:00,0.44651678230613456,0.5962180473655462
2023-04-19 19:00:00,0.4460583076439797,0.6357016032934187
2023-04-19 20:00:00,0.6079022769629953,0.6665763916261492
2023-04-19 21:00:00,0.5734214217402038,0.6471169805899262
2023-04-19 22:00:00,0.48228995354846116,0.6896899495087563
2023-04-19 23:00:00,0.4800558646954595,0.7156013206019997
2023-04-20 00:00:00,0.5005047871358692,0.7301084055379031
2023-04-20 01:00:00,0.5676868454925715,0.7532790240086615
2023-04-20 02:00:00,0.6221758233942091,0.8000337442196904
2023-04-20 03:00:00,0.6905120714753865,0.8368791520968079
2023-04-20 04:00:00,0.7358713478967547,0.8563722598738968
2023-04-20 05:00:00,0.8487180837243794,0.9416902947612106
2023-04-20 06:00:00,0.753272541873157,0.8984329199790955
2023-04-20 07:00:00,0.7061624157242476,0.8339187354780733
2023-04-20 08:00:00,0.5890496199019252,0.6554328370280562
2023-04-20 09:00:00,0.5033196687698364,0.5404351611435412
2023-04-20 10:00:00,0.44801962673664103,0.49081034973263743
2023-04-20 11:00:00,0.4068940838053822,0.42407711356878286
2023-04-20 12:00:00,0.33528923336416483,0.36663323266431685
2023-04-20 13:00:00,0.26298335673287504,0.27021758843213317
2023-04-20 14:00:00,0.21695799201726912,0.21511289779096837
2023-04-20 15:00:00,0.19379808491095896,0.20068262500688433
2023-04-20 16:00:00,0.18295631739310916,0.20770983866415915
2023-04-20 17:00:00,0.2843716114014387,0.3529489890299737
2023-04-20 18:00:00,0.3054594152607023,0.3552422026917338
2023-04-20 19:00:00,0.3236492716148495,0.3642446185462176
2023-04-20 20:00:00,0.3729881351627409,0.47496858861297375
2023-04-20 21:00:00,0.48299483498558404,0.6326913301646708
2023-04-20 22:00:00,0.4681553492881356,0.6092815829254686
2023-04-20 23:00:00,0.4184299728833139,0.527591403387487
2023-04-21 00:00:00,0.3509316160529851,0.4535166531056166
2023-04-21 01:00:00,0.27791631918400517,0.3659552451595664
2023-04-21 02:00:00,0.2169434730708599,0.2806452050060034
2023-04-21 03:00:00,0.17668032536283135,0.23789273099973796
2023-04-21 04:00:00,0.1319384026248008,0.18253476324491202
2023-04-21 05:00:00,0.13687006351538003,0.23321904420852663
2023-04-21 06:00:00,0.09186736501753329,0.14701417838223277
2023-04-21 07:00:00,0.05548416909761727,0.08786090832203626
2023-04-21 08:00:00,0.027833749335259204,0.05549676354043186
2023-04-21 09:00:00,0.03473418693989516,0.05613297280855477
2023-04-21 10:00:00,0.08111282370984554,0.0948250943981111
2023-04-21 11:00:00,0.13100746415555475,0.1437706804089248
2023-04-21 12:00:00,0.11938024463132026,0.14322955075651406
2023-04-21 13:00:00,0.09561561255715788,0.12727605348452925
2023-04-21 14:00:00,0.08862564481794835,0.12450846379622815
2023-04-21 15:00:00,0.07579556995071472,0.1030907968431711
2023-04-21 16:00:00,0.05404667280614377,0.07283019738271831
2023-04-21 17:00:00,0.05665063176769763,0.06145817121490836
2023-04-21 18:00:00,0.06844950036145747,0.05650720391422509
2023-04-21 19:00:00,0.08300330952741204,0.08310087140649558
2023-04-21 20:00:00,0.10496293321251869,0.14395830610767005
2023-04-21 21:00:00,0.08289689948782324,0.13333835523575543
2023-04-21 22:00:00,0.24896828331053256,0.2824752766266465
2023-04-21 23:00:00,0.27508520467206826,0.2641770275868475
2023-04-22 00:00:00,0.23010212767869226,0.2275692501291632
2023-04-22 01:00:00,0.16295454179868102,0.16186835106462238
2023-04-22 02:00:00,0.09122848290018737,0.08891803208738563
2023-04-22 03:00:00,0.03853802272118628,0.03755821009166539
2023-04-22 04:00:00,0.012751230737194419,0.01262242719065398
2023-04-22 05:00:00,0.009085779278539123,0.012885530614294113
2023-04-22 06:00:00,0.005850793453864753,0.007871310929767788
2023-04-22 07:00:00,0.0030373328691348424,0.004376029288396239
2023-04-22 08:00:00,0.003555252044461667,0.0034549173014238477
2023-04-22 09:00:00,0.00872448814101517,0.006474987072870135
2023-04-22 10:00:00,0.025824023182503878,0.015087082209065556
2023-04-22 11:00:00,0.04593717426527292,0.02753681702539324
2023-04-22 12:00:00,0.0629125212971121,0.03944743159692734
2023-04-22 13:00:00,0.08079256376717238,0.05231073228176683
2023-04-22 14:00:00,0.10267658929806203,0.06679119511041791
2023-04-22 15:00:00,0.1286730091227218,0.07764353560749442
2023-04-22 16:00:00,0.15454907382372765,0.0891534106247127
2023-04-22 17:00:00,0.21940089140087363,0.12378332645632327
2023-04-22 18:00:00,0.20180838571861384,0.11235748675651848
2023-04-22 19:00:00,0.18104083837941284,0.0968215155880898
2023-04-22 20:00:00,0.1480120551213622,0.08323404664173722
2023-04-22 21:00:00,0.0858548938576132,0.05906021356582641
2023-04-22 22:00:00,0.10136599226854742,0.08187423268333074
2023-04-22 23:00:00,0.19289086496457453,0.14200538784265515
2023-04-23 00:00:00,0.1738200159370899,0.1217340489756316
2023-04-23 01:00:00,0.17443142261356115,0.11521418301388621
2023-04-23 02:00:00,0.17795914361253376,0.12038313375785946
2023-04-23 03:00:00,0.15985521482303733,0.10886689259670673
2023-04-23 04:00:00,0.16075174353085456,0.1083824604935944
2023-04-23 05:00:00,0.14100266695022584,0.09329238010104746
2023-04-23 06:00:00,0.08838874963112174,0.05742591139860451
2023-04-23 07:00:00,0.07879735336638986,0.05201963923405856
2023-04-23 08:00:00,0.13511956312693654,0.1216424217727035
2023-04-23 09:00:00,0.5174579516611992,0.4552479393221438
2023-04-23 10:00:00,0.9424316015280783,0.8595231413282453
2023-04-23 11:00:00,0.994188559539616,0.967472481932491
2023-04-23 12:00:00,0.9977115784958005,0.9902058735489847
2023-04-23 13:00:00,0.9921505692973731,0.9774159973300993
2023-04-23 14:00:00,0.9866163138113917,0.9288354412280024
2023-04-23 15:00:00,0.9702062987722455,0.8518801710568368
2023-04-23 16:00:00,0.9264171215333045,0.7950765394978223
2023-04-23 17:00:00,0.9614678208157419,0.8899912796542048
2023-04-23 18:00:00,0.9173156621679662,0.8656037004105747
2023-04-23 19:00:00,0.8853790505789219,0.8196005172096191
2023-04-23 20:00:00,0.8974459612369539,0.7981227612309157
2023-04-23 21:00:00,0.8143416571244597,0.661785755921155
2023-04-23 22:00:00,0.7109816993400453,0.5393641292303799
2023-04-23 23:00:00,0.7063911135867237,0.5103536148183048
2023-04-24 00:00:00,0.8054938796721397,0.5884853540547191
2023-04-24 01:00:00,0.9021552034281194,0.7035199539549648
2023-04-24 02:00:00,0.9555641632154583,0.78832587916404
2023-04-24 03:00:00,0.9701776808686554,0.8156991853937504
2023-04-24 04:00:00,0.9796465875767171,0.8411071893572805
2023-04-24 05:00:00,0.9987202913686634,0.9730689894035458
2023-04-24 06:00:00,0.9989546361938119,0.9767389951646327
2023-04-24 07:00:00,1.0,0.9881359490007161
2023-04-24 08:00:00,0.999815854281187,0.9873909265734256
2023-04-24 09:00:00,1.0,0.9992894381284713
2023-04-24 10:00:00,1.0,1.0
2023-04-24 11:00:00,1.0,1.0
2023-04-24 12:00:00,1.0,1.0
2023-04-24 13:00:00,1.0,1.0
2023-04-24 14:00:00,1.0,0.9999976992234588
2023-04-24 15:00:00,1.0,0.9984779992699623
2023-04-24 16:00:00,1.0,0.996268604490906
2023-04-24 17:00:00,1.0,0.997090530321002
2023-04-24 18:00:00,1.0,0.9898257207311689
2023-04-24 19:00:00,0.9995936479046941,0.9783632967434823
2023-04-24 20:00:00,0.998284452855587,0.9658940026909112
2023-04-24 21:00:00,0.9863527044467628,0.9195915968902407
2023-04-24 22:00:00,0.8848927713744341,0.735552678257227
2023-04-24 23:00:00,0.7459225614555178,0.6105725796893238
2023-04-25 00:00:00,0.5695566427707672,0.5089071735553442
2023-04-25 01:00:00,0.4532230923138558,0.4630383480153977
2023-04-25 02:00:00,0.3860689273010939,0.4562192627601325
2023-04-25 03:00:00,0.3604908819124102,0.41509083811193703
2023-04-25 04:00:00,0.31789213286712764,0.3774330797418952
2023-04-25 05:00:00,0.25768056376837195,0.48090889589395375
2023-04-25 06:00:00,0.18179602758027605,0.4051322763646021
2023-04-25 07:00:00,0.1281024222075939,0.27705595260486005
2023-04-25 08:00:00,0.13903780537657437,0.2260687665827572
2023-04-25 09:00:00,0.2803611766826361,0.3392992278095334
2023-04-25 10:00:00,0.4956527392333373,0.537295991545543
2023-04-25 11:00:00,0.6853944086004048,0.6200713704898954
2023-04-25 12:00:00,0.7432382000051437,0.601018449133262
2023-04-25 13:00:00,0.6302484396100043,0.5221536501869558
2023-04-25 14:00:00,0.5029872423969209,0.4060521819069981
2023-04-25 15:00:00,0.4000807081535458,0.2662730158120393
2023-04-25 16:00:00,0.29015872824937106,0.16068389961961654
2023-04-25 17:00:00,0.21672310805879533,0.17127088837325574
2023-04-25 18:00:00,0.11530839154496787,0.10112591916229574
2023-04-25 19:00:00,0.041682949382811786,0.06628447220660746
2023-04-25 20:00:00,0.013017104230821131,0.06322969482745974
2023-04-25 21:00:00,0.0027930775703862306,0.05232749358285218
2023-04-25 22:00:00,6.670350674539805e-05,0.02445058889687061
2023-04-25 23:00:00,0.0,0.020428807516582312
2023-04-26 00:00:00,0.0,0.012816490111872554
2023-04-26 01:00:00,0.0,0.010675433240830898
2023-04-26 02:00:00,0.00035135528072714804,0.012555703995749354
2023-04-26 03:00:00,0.031495212586596606,0.06415572130121291
2023-04-26 04:00:00,0.11367917992174627,0.1678766785934567
2023-04-26 05:00:00,0.12199106683488932,0.27868412189651276
2023-04-26 06:00:00,0.2175265248212963,0.36780410943552844
2023-04-26 07:00:00,0.30866395885124803,0.2954181128926574
2023-04-26 08:00:00,0.772182482033968,0.35183248496614394
2023-04-26 09:00:00,1.0,0.7998980936408043
2023-04-26 10:00:00,0.975086460467428,0.9718529743142427
2023-04-26 11:00:00,0.8374695167317985,0.9914440921507776
2023-04-26 12:00:00,0.5211645466275512,0.9154652673192323
2023-04-26 13:00:00,0.2507974812854081,0.7287281714566051
2023-04-26 14:00:00,0.24425436004996298,0.46905937381088736
2023-04-26 15:00:00,0.5463632148876785,0.33050629368051876
2023-04-26 16:00:00,0.7811426210962235,0.43906089339405296
2023-04-26 17:00:00,0.8806533474102615,0.6803292441554366
2023-04-26 18:00:00,0.8265048970282078,0.699921971298754
2023-04-26 19:00:00,0.7437202726677059,0.6336036255955694
2023-04-26 20:00:00,0.7007812703028319,0.5647509923763573
2023-04-26 21:00:00,0.4673487696610391,0.33737806839868417
2023-04-26 22:00:00,0.24422896108590064,0.1671884801145643
2023-04-26 23:00:00,0.26256002553738644,0.1932989204116166
2023-04-27 00:00:00,0.25293191796168685,0.24228283037431533
2023-04-27 01:00:00,0.18876248611137267,0.23896752147935327
2023-04-27 02:00:00,0.17557033931836485,0.24513414375483988
2023-04-27 03:00:00,0.2290867069177329,0.29656928831711404
2023-04-27 04:00:00,0.22252324225381012,0.28889042174443597
2023-04-27 05:00:00,0.25008530482649804,0.2419403175078332
2023-04-27 06:00:00,0.15251602062024172,0.1559703994449228
2023-04-27 07:00:00,0.06923505211248994,0.08154944888781755
2023-04-27 08:00:00,0.051098792040720584,0.038158398354426026
2023-04-27 09:00:00,0.14439992369152604,0.2566640593018382
2023-04-27 10:00:00,0.3747300574183464,0.5010340624209493
2023-04-27 11:00:00,0.39032452991232275,0.5458702308032661
2023-04-27 12:00:00,0.31202709192410105,0.4268934392090886
2023-04-27 13:00:00,0.38517742292955515,0.3411456645000726
2023-04-27 14:00:00,0.5986587230302394,0.35567357779480513
2023-04-27 15:00:00,0.7978542764671146,0.5574019449483602
2023-04-27 16:00:00,0.8736413616500794,0.8395655052550137
2023-04-27 17:00:00,0.9417461736686527,0.9554245579056441
2023-04-27 18:00:00,0.9453624745644629,0.9586456368863583
2023-04-27 19:00:00,0.9621013975329697,0.9644304830022156
2023-04-27 20:00:00,0.972001852337271,0.9692835810966789
2023-04-27 21:00:00,0.999313838519156,0.9949004132300615
2023-04-27 22:00:00,1.0,0.9966179349832237
2023-04-27 23:00:00,0.9990412696450949,0.9955779001861811
2023-04-28 00:00:00,0.993090018760413,0.9834474224410952
2023-04-28 01:00:00,0.9979727536812425,0.9914388278499245
2023-04-28 02:00:00,0.998488142825663,0.9962155701965094
2023-04-28 03:00:00,0.9919182901084422,0.9913434671796858
2023-04-28 04:00:00,0.9868919049575926,0.9854941906221211
2023-04-28 05:00:00,0.9548484471812843,0.972761843893677
2023-04-28 06:00:00,0.8097141509316861,0.8992952511832119
2023-04-28 07:00:00,0.5633427830971776,0.6832696216925978
2023-04-28 08:00:00,0.2790382134541869,0.36372740881517535
2023-04-28 09:00:00,0.08020395211875438,0.12987255610525605
2023-04-28 10:00:00,0.01784199234098196,0.04869074373971671
2023-04-28 11:00:00,0.0347164166579023,0.024934968990273775
2023-04-28 12:00:00,0.15604652403388167,0.06307223073206841
2023-04-28 13:00:00,0.44409478334709995,0.21090729466639452
2023-04-28 14:00:00,0.6896321973390875,0.4425341040827334
2023-04-28 15:00:00,0.7739651579223572,0.5620028750970958
2023-04-28 16:00:00,0.8644394971430301,0.6524151868186889
2023-04-28 17:00:00,0.9669918469525871,0.8259382640197872
2023-04-28 18:00:00,0.9744358243606984,0.8335955803841354
2023-04-28 19:00:00,0.954957588855177,0.8585101889260114
2023-04-28 20:00:00,0.9399697680957616,0.8587554753199219
2023-04-28 21:00:00,0.9362412506900725,0.8181772385165096
2023-04-28 22:00:00,0.8229178118146956,0.6690599506534635
2023-04-28 23:00:00,0.9910181894898414,0.8149249635636804
2023-04-29 00:00:00,0.9993997025117278,0.9496941897086799
2023-04-29 01:00:00,0.9990894016623497,0.9887293968908488
2023-04-29 02:00:00,0.9987829272076487,0.9952670114673674
2023-04-29 03:00:00,0.9977894439175725,0.9907876508682966
2023-04-29 04:00:00,0.9942290815897286,0.9812979097664355
2023-04-29 05:00:00,0.9501712079532443,0.9161146413907406
2023-04-29 06:00:00,0.9365895066969095,0.8748553761467337
2023-04-29 07:00:00,0.9062213387526571,0.8404746965691448
2023-04-29 08:00:00,0.6433686280064284,0.6107105604559182
2023-04-29 09:00:00,0.47764501258730885,0.4909620388038456
2023-04-29 10:00:00,0.3869767881184816,0.47617584692314263
2023-04-29 11:00:00,0.3605470190942288,0.47835394417867055
2023-04-29 12:00:00,0.3007279361411929,0.4538084349408745
2023-04-29 13:00:00,0.2239882560819387,0.36521374391391875
2023-04-29 14:00:00,0.18124672611244022,0.26221832620911295
2023-04-29 15:00:00,0.16656223167665302,0.19771641028113662
2023-04-29 16:00:00,0.1649913075007498,0.17093931078910826
2023-04-29 17:00:00,0.16537089620716866,0.11956458124332128
2023-04-29 18:00:00,0.17483122224919495,0.11898283253423868
2023-04-29 19:00:00,0.1700902991648763,0.12171500515658408
2023-04-29 20:00:00,0.12176293741911647,0.09329819059930743
2023-04-29 21:00:00,0.06958229534327984,0.05823415799066425
2023-04-29 22:00:00,0.015798669746145605,0.012304599764756858
2023-04-29 23:00:00,0.03207704550586642,0.020725152292288843
2023-04-30 00:00:00,0.05674859745427967,0.032671261844225225
2023-04-30 01:00:00,0.08475511557422577,0.04891667190939188
2023-04-30 02:00:00,0.10263033735565841,0.06281463335268199
2023-04-30 03:00:00,0.11088110323064028,0.07519671015441418
2023-04-30 04:00:00,0.12718918581493197,0.09458839683793484
2023-04-30 05:00:00,0.14388535293750462,0.11680158630013462
2023-04-30 06:00:00,0.16664986987598235,0.13612565997987983
2023-04-30 07:00:00,0.24663164574652907,0.21278249784372744
2023-04-30 08:00:00,0.4159272716380655,0.3863884138129652
2023-04-30 09:00:00,0.7654022220522165,0.7299122349917888
2023-04-30 10:00:00,0.9654028297029436,0.9315625880472361
2023-04-30 11:00:00,0.9922058525308965,0.9751616848818957
2023-04-30 12:00:00,0.9952571401000022,0.9854239061474799
2023-04-30 13:00:00,0.9978930719569326,0.9908200269937515
2023-04-30 14:00:00,0.9991462390124798,0.9940498365834356
2023-04-30 15:00:00,0.9981783739477397,0.9920704315975308
2023-04-30 16:00:00,0.9958841159567238,0.9890694204717873
2023-04-30 17:00:00,0.9984048037976027,0.9945145877450704
2023-04-30 18:00:00,0.994055969454348,0.9806829394958911
2023-04-30 19:00:00,0.9878820887766779,0.9439787244051694
2023-04-30 20:00:00,0.9669954510591924,0.8826032624579966
2023-04-30 21:00:00,0.9050553778931498,0.7549902622774242
2023-04-30 22:00:00,0.6582999090477821,0.4879324136674404
2023-04-30 23:00:00,0.5887627686560154,0.4343211155757307
2023-05-01 00:00:00,0.5813375873491168,0.4456416479870676
2023-05-01 01:00:00,0.6930053503438829,0.5573845277167857
2023-05-01 02:00:00,0.8075453896448016,0.6914363743923602
2023-05-01 03:00:00,0.8657713186554609,0.7803098886087536
2023-05-01 04:00:00,0.9039118252508341,0.8344656175747512
2023-05-01 05:00:00,0.9392489411495626,0.8830085157230496
2023-05-01 06:00:00,0.9403692336566747,0.8709936707653104
2023-05-01 07:00:00,0.970032520480454,0.9210029054433108
2023-05-01 08:00:00,0.9707369631156326,0.95695178758353
2023-05-01 09:00:00,0.9964786035567522,0.996130823418498
2023-05-01 10:00:00,1.0,1.0
2023-05-01 11:00:00,1.0,1.0
2023-05-01 12:00:00,1.0,0.9999337714537978
2023-05-01 13:00:00,1.0,0.996132243629545
2023-05-01 14:00:00,1.0,0.9817403041943906
2023-05-01 15:00:00,0.9997485256940126,0.9574140590988097
2023-05-01 16:00:00,0.9981524232402443,0.9424528964050113
2023-05-01 17:00:00,0.9962815119326114,0.9380866616033018
2023-05-01 18:00:00,0.9858426922187209,0.9109318983554839
2023-05-01 19:00:00,0.9618149501271546,0.8796514462120832
2023-05-01 20:00:00,0.9148231882415713,0.8090615293569864
2023-05-01 21:00:00,0.7715660670399663,0.6119255102984607
2023-05-01 22:00:00,0.5309387032687664,0.36697598528116937
2023-05-01 23:00:00,0.48427610445767644,0.32914059983566396
2023-05-02 00:00:00,0.47828762229532,0.3416290897876023
2023-05-02 01:00:00,0.5489946312271057,0.41537815697491165
2023-05-02 02:00:00,0.6722487848065791,0.538876307103783
2023-05-02 03:00:00,0.7579608108475804,0.6385852795280514
2023-05-02 04:00:00,0.7627642808854579,0.6729580602422355
2023-05-02 05:00:00,0.8231682966463267,0.7330092901922762
2023-05-02 06:00:00,0.7727241409942505,0.6992355129495261
2023-05-02 07:00:00,0.7951123135536908,0.7507659779302776
2023-05-02 08:00:00,0.8348999930918216,0.8082633454725147
2023-05-02 09:00:00,0.9601782740466295,0.9325783516839147
2023-05-02 10:00:00,0.9948561324179173,0.9853968269005418
2023-05-02 11:00:00,0.9984693927317857,0.9872166271507739
2023-05-02 12:00:00,0.9949587098136543,0.9746459626033901
2023-05-02 13:00:00,0.9812510019354521,0.9313620720617473
2023-05-02 14:00:00,0.9515451778843997,0.8660712806507944
2023-05-02 15:00:00,0.9081499706581234,0.7829592335224151
2023-05-02 16:00:00,0.8502083368785678,0.6762539161741732
2023-05-02 17:00:00,0.5972928953915834,0.4602484389208257
2023-05-02 18:00:00,0.5662069252692163,0.39345278030261394
2023-05-02 19:00:00,0.5201851861178874,0.31529685839079313
2023-05-02 20:00:00,0.44715838238596906,0.26677464273758233
2023-05-02 21:00:00,0.30790493575856087,0.1807719411794096
2023-05-02 22:00:00,0.09644084647297857,0.048032621424645185
2023-05-02 23:00:00,0.048428722722455866,0.03146829430945218
2023-05-03 00:00:00,0.014093994977883995,0.016956540723331276
2023-05-03 01:00:00,0.0009037618665024639,0.003501496221870184
2023-05-03 02:00:00,0.0,0.0001823672372847795
2023-05-03 03:00:00,0.0,0.0
2023-05-03 04:00:00,0.0,0.0
2023-05-03 05:00:00,0.00044245503842830656,0.0
2023-05-03 06:00:00,0.010164140365086496,0.00015795256476849317
2023-05-03 07:00:00,0.037199183502234515,0.0019483296666294337
2023-05-03 08:00:00,0.10313686290290205,0.016619287803769114
2023-05-03 09:00:00,0.31386214751750224,0.08731518788263201
2023-05-03 10:00:00,0.6345726693049073,0.22037460101768375
2023-05-03 11:00:00,0.7942169466428458,0.3099134299624711
2023-05-03 12:00:00,0.8047792577557265,0.30466842034831637
2023-05-03 13:00:00,0.8275181877613068,0.2895170918060467
2023-05-03 14:00:00,0.8708649560622871,0.3242269864398986
2023-05-03 15:00:00,0.9033481178618966,0.4209252772573382
2023-05-03 16:00:00,0.9137081859447062,0.5685956482868642
2023-05-03 17:00:00,0.9162655106931926,0.6843202928872779
2023-05-03 18:00:00,0.8390570851787924,0.6581135199405252
2023-05-03 19:00:00,0.7258237159252164,0.6204719483852384
2023-05-03 20:00:00,0.630129003189504,0.5600780864432454
2023-05-03 21:00:00,0.39683983026072384,0.3216271168924868
2023-05-03 22:00:00,0.21686479117721316,0.12454117667861282
2023-05-03 23:00:00,0.16800771903246642,0.08288763656280934
2023-05-04 00:00:00,0.15630622658878565,0.08023182618431747
2023-05-04 01:00:00,0.15773931842297315,0.09523610618896783
2023-05-04 02:00:00,0.16690351556055244,0.11382975845597681
2023-05-04 03:00:00,0.22005210105329748,0.1421514781937003
2023-05-04 04:00:00,0.27916199333965774,0.17317553561180832
2023-05-04 05:00:00,0.4555452718585731,0.26950442854315043
2023-05-04 06:00:00,0.385554243568331,0.22015474386513226
2023-05-04 07:00:00,0.32755933823063965,0.2259999116230756
2023-05-04 08:00:00,0.2949447856284677,0.23706803926266723
2023-05-04 09:00:00,0.4733469538390637,0.41664507837966086
2023-05-04 10:00:00,0.7902636811137198,0.7426623102650046
2023-05-04 11:00:00,0.9668838598579168,0.894687882643193
2023-05-04 12:00:00,0.9961562155559659,0.9246980561502277
2023-05-04 13:00:00,0.9977625717595219,0.925444770399481
2023-05-04 14:00:00,0.9790831010602413,0.9066527823917566
2023-05-04 15:00:00,0.9014742940850555,0.8401599127054213
2023-05-04 16:00:00,0.7996347911842168,0.7675894158892334
2023-05-04 17:00:00,0.7564754809439181,0.7249109215103089
2023-05-04 18:00:00,0.7412223703972992,0.6662508545070885
2023-05-04 19:00:00,0.7120092212781307,0.6153690925799309
2023-05-04 20:00:00,0.6568614551611243,0.5746008807420729
2023-05-04 21:00:00,0.47192284017801284,0.42594532217830405
2023-05-04 22:00:00,0.23701023720204828,0.19611237799748776
2023-05-04 23:00:00,0.24048819109797473,0.20333299115300174
2023-05-05 00:00:00,0.27790897369384765,0.25841823805123565
2023-05-05 01:00:00,0.41111288979649546,0.42474079072475435
2023-05-05 02:00:00,0.7164028608612715,0.693955710697919
2023-05-05 03:00:00,0.739093930851668,0.7348569607548414
2023-05-05 04:00:00,0.7578098388388752,0.7739228500239551
2023-05-05 05:00:00,0.8241722612082957,0.8651716773584485
2023-05-05 06:00:00,0.8708279999345541,0.9397662968933582
2023-05-05 07:00:00,0.9618045091442763,0.9835629107803107
2023-05-05 08:00:00,0.981080279033631,0.9893299238756299
2023-05-05 09:00:00,0.9927637993916869,0.9942188182473182
2023-05-05 10:00:00,0.9978101395070553,0.9973595235869288
2023-05-05 11:00:00,0.9998133825138211,0.9992422617599368
2023-05-05 12:00:00,1.0,0.9998930319398641
2023-05-05 13:00:00,1.0,1.0
2023-05-05 14:00:00,1.0,1.0
2023-05-05 15:00:00,0.9985979018360377,0.9969471640139819
2023-05-05 16:00:00,0.9917188288643956,0.990791282672435
2023-05-05 17:00:00,0.9967684862017632,0.9978852576762437
2023-05-05 18:00:00,0.9909330443292856,0.9923239482939245
2023-05-05 19:00:00,0.9854353473335503,0.987769960388541
2023-05-05 20:00:00,0.9626873058266937,0.9686991945840416
2023-05-05 21:00:00,0.8098257102444767,0.8356424431875348
2023-05-05 22:00:00,0.7054350705258546,0.7612203446589411
2023-05-05 23:00:00,0.7442789392173289,0.8071422244235872
2023-05-06 00:00:00,0.9223024922050534,0.9341014656051992
2023-05-06 01:00:00,0.9777837645076214,0.9834610669128596
2023-05-06 02:00:00,0.9778967760317027,0.9797972706332803
2023-05-06 03:00:00,0.9863820874318481,0.9834427215345204
2023-05-06 04:00:00,0.996512986011803,0.9905660163238645
2023-05-06 05:00:00,1.0,1.0
2023-05-06 06:00:00,1.0,1.0
2023-05-06 07:00:00,1.0,1.0
2023-05-06 08:00:00,1.0,1.0
2023-05-06 09:00:00,0.9997481666132808,0.9973309358209371
2023-05-06 10:00:00,0.9994409056007862,0.998399068005383
2023-05-06 11:00:00,1.0,1.0
2023-05-06 12:00:00,1.0,1.0
2023-05-06 13:00:00,1.0,1.0
2023-05-06 14:00:00,1.0,1.0
2023-05-06 15:00:00,1.0,1.0
2023-05-06 16:00:00,1.0,1.0
2023-05-06 17:00:00,1.0,1.0
2023-05-06 18:00:00,0.9989400050789118,0.9994259040057659
2023-05-06 19:00:00,0.9980828888714313,0.9989318640157581
2023-05-06 20:00:00,0.9951234993711116,0.9968711528927088
2023-05-06 21:00:00,0.9716777070984245,0.9816678437031805
2023-05-06 22:00:00,0.9777134402468801,0.9828034244477748
2023-05-06 23:00:00,0.9825693578831852,0.9868424590490756
2023-05-07 00:00:00,1.0,1.0
2023-05-07 01:00:00,1.0,1.0
2023-05-07 02:00:00,1.0,0.999365361854434
2023-05-07 03:00:00,0.9972595167532563,0.9902923911064863
2023-05-07 04:00:00,0.986919686384499,0.9854747436195611
2023-05-07 05:00:00,0.9989939260855317,0.9995854403451085
2023-05-07 06:00:00,0.9999690601602197,1.0
2023-05-07 07:00:00,0.9989667176455259,0.9950580763816833
2023-05-07 08:00:00,0.9873069084063171,0.9570678515732289
2023-05-07 09:00:00,0.8763272878713904,0.8302608058974146
2023-05-07 10:00:00,0.7660955142416058,0.7224370064027605
2023-05-07 11:00:00,0.7004534596018492,0.6873408342711625
2023-05-07 12:00:00,0.6713333122804759,0.7169956947490571
2023-05-07 13:00:00,0.6927797959558665,0.7802266356535255
2023-05-07 14:00:00,0.7575525969639418,0.844643056243658
2023-05-07 15:00:00,0.8133719645626841,0.892649013120681
2023-05-07 16:00:00,0.8605628608167171,0.9298622676543892
2023-05-07 17:00:00,0.8297689433395861,0.8805335290171206
2023-05-07 18:00:00,0.8169628499634563,0.8565165533311665
2023-05-07 19:00:00,0.8220863958261907,0.803132777661085
2023-05-07 20:00:00,0.8755288450047372,0.7642128783464431
2023-05-07 21:00:00,0.8718352394364772,0.7795147407613694
2023-05-07 22:00:00,0.9243793679028749,0.8937317494675517
2023-05-07 23:00:00,0.9767679260857403,0.8649124431237578
2023-05-08 00:00:00,0.9851812255196273,0.8171081983204931
2023-05-08 01:00:00,0.970583469402045,0.7846839691698551
2023-05-08 02:00:00,0.9399003798328339,0.7273631515726448
2023-05-08 03:00:00,0.85397539595142,0.6746472029387951
2023-05-08 04:00:00,0.796531788241118,0.6817438470944761
2023-05-08 05:00:00,0.9160816939547656,0.8017345436848702
2023-05-08 06:00:00,0.9661172764375804,0.787238887604326
2023-05-08 07:00:00,0.9703352096490561,0.798527023810893
2023-05-08 08:00:00,0.9735932989418505,0.8535111241787672
2023-05-08 09:00:00,0.9786685036681593,0.8947117318026719
2023-05-08 10:00:00,0.9609313234873116,0.8778835637681184
2023-05-08 11:00:00,0.9091297814436257,0.8427399720437824
2023-05-08 12:00:00,0.8762096826918424,0.8313111614249645
2023-05-08 13:00:00,0.8626653767004608,0.7874211216531694
2023-05-08 14:00:00,0.830387212447822,0.7383907685987651
2023-05-08 15:00:00,0.7370299043878912,0.6619742584787307
2023-05-08 16:00:00,0.6931916421651838,0.6015574231557548
2023-05-08 17:00:00,0.6456989703141152,0.5713094961456954
2023-05-08 18:00:00,0.5663605465181172,0.48032215708866705
2023-05-08 19:00:00,0.485622220877558,0.4582875033840536
2023-05-08 20:00:00,0.4447615766897798,0.4453124846704304
2023-05-08 21:00:00,0.2747958959080279,0.2751244723889976
2023-05-08 22:00:00,0.23171290382742882,0.18208797719329595
2023-05-08 23:00:00,0.20596921041607855,0.1485828472673893
2023-05-09 00:00:00,0.21507824248634277,0.15643360356800257
2023-05-09 01:00:00,0.25171078937128183,0.19706915907561776
2023-05-09 02:00:00,0.23651406729593874,0.18723835425451396
2023-05-09 03:00:00,0.19063603481277822,0.15266160304658113
2023-05-09 04:00:00,0.17937348527833819,0.13163183635100723
2023-05-09 05:00:00,0.11334236576221882,0.08543496619910002
2023-05-09 06:00:00,0.14648869228549297,0.08497806101106106
2023-05-09 07:00:00,0.09299803220666944,0.07282930253539234
2023-05-09 08:00:00,0.03488534718751908,0.03887531388085336
2023-05-09 09:00:00,0.06219617449678481,0.059882735246792426
2023-05-09 10:00:00,0.17213768643327057,0.16268508554436265
2023-05-09 11:00:00,0.198103831410408,0.21244969458319246
2023-05-09 12:00:00,0.2215372814424336,0.2601274225115776
2023-05-09 13:00:00,0.2735535894706845,0.31533016555011273
2023-05-09 14:00:00,0.2996686912886798,0.30876831544563177
2023-05-09 15:00:00,0.27231427572667594,0.24168296726420518
2023-05-09 16:00:00,0.23502847284078596,0.1585367635544389
2023-05-09 17:00:00,0.21650418692268425,0.13410586111247536
2023-05-09 18:00:00,0.09255582458805292,0.07173203503247351
2023-05-09 19:00:00,0.019931018855422734,0.02578867777250707
2023-05-09 20:00:00,0.004275460639037192,0.010630472167395055
2023-05-09 21:00:00,0.0018409101245924827,0.004297925373539329
2023-05-09 22:00:00,0.0018278241902589798,0.002324011023156345
2023-05-09 23:00:00,0.004612336498685181,0.0041988381696864965
2023-05-10 00:00:00,0.025582659868523476,0.014842046480625868
2023-05-10 01:00:00,0.042569668274372814,0.015816053324379024
2023-05-10 02:00:00,0.02573323822580278,0.009564475980587303
2023-05-10 03:00:00,0.009424574025906622,0.004541324176825582
2023-05-10 04:00:00,0.001540130604989827,0.0020465029077604414
2023-05-10 05:00:00,0.0,0.0010157412337139249
2023-05-10 06:00:00,0.002563404478132725,0.007080800281837582
2023-05-10 07:00:00,0.009355643219314516,0.013101141732186081
2023-05-10 08:00:00,0.04523903268389404,0.07344761529006064
2023-05-10 09:00:00,0.12036820929963139,0.11077166013885288
2023-05-10 10:00:00,0.09548963983077555,0.050994381224736575
2023-05-10 11:00:00,0.014533379934728145,0.011164579573087396
2023-05-10 12:00:00,0.004804174965247511,0.019455482694320382
2023-05-10 13:00:00,0.05862101274076848,0.02637936866376549
2023-05-10 14:00:00,0.1243565226625651,0.03822675039526076
2023-05-10 15:00:00,0.1148295412119478,0.049809192186221485
2023-05-10 16:00:00,0.07547406390309333,0.04360003407113255
2023-05-10 17:00:00,0.025020610117353497,0.03514877412933856
2023-05-10 18:00:00,0.0022542322240769862,0.00474623192101717
2023-05-10 19:00:00,0.013240542560815813,0.0028220523009076714
2023-05-10 20:00:00,0.06461224243510516,0.016287203263491392
2023-05-10 21:00:00,0.051925705596804615,0.03071016270667315
2023-05-10 22:00:00,0.006705027408897877,0.004891985654830932
2023-05-10 23:00:00,0.009663385492749513,0.0060323097556829455
2023-05-11 00:00:00,0.0047409462975338094,0.0039425067929551
2023-05-11 01:00:00,0.0021457725018262865,0.001890226323157549
2023-05-11 02:00:00,0.00042896060273051257,0.0012728832336142658
2023-05-11 03:00:00,0.00019093594048172235,0.0004483754280954599
2023-05-11 04:00:00,0.00019865532405674457,0.00022920737508684395
2023-05-11 05:00:00,0.00017306167166680097,0.0003423497080802917
2023-05-11 06:00:00,0.001994358994998038,0.011245473911985755
2023-05-11 07:00:00,0.0045351871103048325,0.009094565380364657
2023-05-11 08:00:00,0.0003869123198091984,0.006110156634822488
2023-05-11 09:00:00,0.0017024829378351567,0.01912671714089811
2023-05-11 10:00:00,0.005632646656595171,0.054750134707428504
2023-05-11 11:00:00,0.005131743089295924,0.0631868480797857
2023-05-11 12:00:00,0.008083563204854727,0.06530722023453564
2023-05-11 13:00:00,0.012831913609988988,0.07574244912713765
2023-05-11 14:00:00,0.010297079528681934,0.07020305016543715
2023-05-11 15:00:00,0.00783024264499545,0.06692373158875853
2023-05-11 16:00:00,0.010812640143558384,0.06549100434407591
2023-05-11 17:00:00,0.002586497659794986,0.020039677098393438
2023-05-11 18:00:00,0.001028793603181839,0.012039707768708469
2023-05-11 19:00:00,0.0010946465050801634,0.013170782416127623
2023-05-11 20:00:00,0.0026270211115479464,0.016889933082275092
2023-05-11 21:00:00,0.004053428438492119,0.014499971619807183
2023-05-11 22:00:00,0.0007602153904736041,0.0028672654507681727
2023-05-11 23:00:00,0.0,0.0002865379489958286
2023-05-12 00:00:00,0.00019867588765919207,0.0009897271497175098
2023-05-12 01:00:00,0.0016693946952000263,0.0029142520762979987
2023-05-12 02:00:00,0.002541441489011049,0.006548145790584384
2023-05-12 03:00:00,0.00700356745161116,0.020198260480538015
2023-05-12 04:00:00,0.014860116951167585,0.026238925606012348
2023-05-12 05:00:00,0.008431400600820779,0.011924399039708078
2023-05-12 06:00:00,0.017232351317070425,0.012857620394788681
2023-05-12 07:00:00,0.03972009846940637,0.01804968709591776
2023-05-12 08:00:00,0.03711820554919541,0.014843508023768662
2023-05-12 09:00:00,0.007909180084243416,0.0043635562108829615
2023-05-12 10:00:00,0.0030050722789019347,0.00782107531093061
2023-05-12 11:00:00,0.005720820319838822,0.006961723160929977
2023-05-12 12:00:00,0.008251500292681159,0.004046839866787196
2023-05-12 13:00:00,0.0077822466008365156,0.0023356600338593123
2023-05-12 14:00:00,0.0015546549344435333,0.00043489448726177207
2023-05-12 15:00:00,2.1062055602669715e-05,5.8406949974596494e-05
2023-05-12 16:00:00,0.0005959901772439478,0.0008249769220128655
2023-05-12 17:00:00,0.028265529414638873,0.02207210811320693
2023-05-12 18:00:00,0.05040987772401422,0.02702937141060829
2023-05-12 19:00:00,0.08531908797565846,0.04794194432441145
2023-05-12 20:00:00,0.10652100495994092,0.0776603436563164
2023-05-12 21:00:00,0.053247709963470696,0.05686509267427028
2023-05-12 22:00:00,0.005081496126949787,0.006443902421742678
2023-05-12 23:00:00,0.0025891559012234206,0.0028297358052805067
2023-05-13 00:00:00,0.00027736261952668426,0.0009262571623548865
2023-05-13 01:00:00,6.276525557041168e-05,0.0006690416019409895
2023-05-13 02:00:00,0.00010375633370131254,0.0042453758046031
2023-05-13 03:00:00,0.0003536479081958532,0.00650883857626468
2023-05-13 04:00:00,0.00046175033785402766,0.008013190049678086
2023-05-13 05:00:00,0.0041957098338752975,0.02031127743888646
2023-05-13 06:00:00,0.0057463301578536624,0.025627283784560858
2023-05-13 07:00:00,0.01288611710537225,0.053316139951348304
2023-05-13 08:00:00,0.028746526576578616,0.10012163763400166
2023-05-13 09:00:00,0.0458601063163951,0.17600491460412734
2023-05-13 10:00:00,0.11735684509854762,0.3094318946637213
2023-05-13 11:00:00,0.29269396801479164,0.40773990191519266
2023-05-13 12:00:00,0.48281744137406346,0.3972556945122778
2023-05-13 13:00:00,0.553741167951375,0.3502028281614184
2023-05-13 14:00:00,0.5163815483637153,0.3068352723680436
2023-05-13 15:00:00,0.44299396829679605,0.27654710279777645
2023-05-13 16:00:00,0.39898193232715123,0.26427756456658247
2023-05-13 17:00:00,0.46686668366193773,0.2972177005931735
2023-05-13 18:00:00,0.3206438826024532,0.16984420115128157
2023-05-13 19:00:00,0.19925730790942903,0.09224107270129023
2023-05-13 20:00:00,0.1481762006320059,0.06972499680705369
2023-05-13 21:00:00,0.08231174245476724,0.044203395880758764
2023-05-13 22:00:00,0.03819571145344526,0.014117547553032636
2023-05-13 23:00:00,0.10099256927147507,0.06043093535117805
2023-05-14 00:00:00,0.1788213676959276,0.12622847595252096
2023-05-14 01:00:00,0.19458887510001655,0.15417102552019057
2023-05-14 02:00:00,0.20011161765083665,0.16766116596758365
2023-05-14 03:00:00,0.20098249061033124,0.1728345874790102
2023-05-14 04:00:00,0.2224569208733737,0.18413476542569696
2023-05-14 05:00:00,0.3197589958272874,0.27235706200823184
2023-05-14 06:00:00,0.3058492221683264,0.2601280787587165
2023-05-14 07:00:00,0.33563396338373414,0.2845716613903641
2023-05-14 08:00:00,0.41192996365949514,0.330226786956191
2023-05-14 09:00:00,0.4874327260442078,0.3403410375956446
2023-05-14 10:00:00,0.7037041622027751,0.44870002110488705
2023-05-14 11:00:00,0.7992388530820608,0.524045735448599
2023-05-14 12:00:00,0.8161438855342567,0.5412711361050605
2023-05-14 13:00:00,0.7953537392616269,0.5116865436919033
2023-05-14 14:00:00,0.7987837514653799,0.5269845352228731
2023-05-14 15:00:00,0.8021428224071858,0.5090321440994738
2023-05-14 16:00:00,0.7672055236808955,0.42429879585281016
2023-05-14 17:00:00,0.5643838441185652,0.27220404235646123
2023-05-14 18:00:00,0.3908989392407237,0.18415831929072737
2023-05-14 19:00:00,0.23056257683783762,0.09079659146256744
2023-05-14 20:00:00,0.13059431615285574,0.04000571633223444
2023-05-14 21:00:00,0.07350126410834493,0.02160995192360133
2023-05-14 22:00:00,0.03399742507375777,0.011576810884289442
2023-05-14 23:00:00,0.062490489492192866,0.03258793970104307
2023-05-15 00:00:00,0.22328338640742001,0.14001774294301864
2023-05-15 01:00:00,0.30112032130360605,0.22010064059868453
2023-05-15 02:00:00,0.29606129704043266,0.24917114971205587
2023-05-15 03:00:00,0.30136853368952865,0.2936792458035052
2023-05-15 04:00:00,0.33979819340631356,0.36493104932829745
2023-05-15 05:00:00,0.5122619123011827,0.5055246323905884
2023-05-15 06:00:00,0.4238814936578273,0.44803241312503805
2023-05-15 07:00:00,0.3460152038000524,0.42394682180136434
2023-05-15 08:00:00,0.294007874187082,0.3916375908069313
2023-05-15 09:00:00,0.2546593213640153,0.3745221669320017
2023-05-15 10:00:00,0.44355089088901867,0.4728401222452522
2023-05-15 11:00:00,0.667428177911788,0.5547940716706217
2023-05-15 12:00:00,0.731058799382299,0.5653986080177129
2023-05-15 13:00:00,0.6620970400609074,0.5422554995119572
2023-05-15 14:00:00,0.5513656018115579,0.5777517082169652
2023-05-15 15:00:00,0.4974453243613243,0.6308863453567026
2023-05-15 16:00:00,0.576012773811817,0.6641007246077059
2023-05-15 17:00:00,0.7535682971775531,0.7572394836321471
2023-05-15 18:00:00,0.7775719985365868,0.6959616086073217
2023-05-15 19:00:00,0.7588464329391718,0.6465233812294899
2023-05-15 20:00:00,0.6836382937431336,0.5962653109617531
2023-05-15 21:00:00,0.49792842427268624,0.4378424898535013
2023-05-15 22:00:00,0.45082594202831383,0.36266562422737475
2023-05-15 23:00:00,0.6333520655892789,0.5104403970204294
2023-05-16 00:00:00,0.7535912542790172,0.6025573617592453
2023-05-16 01:00:00,0.6936125708930192,0.5387758971937
2023-05-16 02:00:00,0.6376568353734909,0.4763655499927699
2023-05-16 03:00:00,0.632755591329187,0.47628051988780495
2023-05-16 04:00:00,0.61491864182055,0.4781614638492465
2023-05-16 05:00:00,0.6507564329542218,0.5257811525836587
2023-05-16 06:00:00,0.5599549202807248,0.4274157841317355
2023-05-16 07:00:00,0.5121986915916203,0.36329244805499916
2023-05-16 08:00:00,0.42443312749266615,0.2980944533459843
2023-05-16 09:00:00,0.4109321077913045,0.3513820642605423
2023-05-16 10:00:00,0.6015829550102352,0.5671205779537557
2023-05-16 11:00:00,0.7253356647677717,0.6964570485614238
2023-05-16 12:00:00,0.725022337771952,0.70956064324826
2023-05-16 13:00:00,0.7052209902368484,0.6643809641897678
2023-05-16 14:00:00,0.614438181761652,0.606485212165862
2023-05-16 15:00:00,0.5151051529310643,0.5430038258247077
2023-05-16 16:00:00,0.45326649755239484,0.45215036302804945
2023-05-16 17:00:00,0.4085388009622693,0.3592687609791755
2023-05-16 18:00:00,0.3208473103307187,0.2919156054966152
2023-05-16 19:00:00,0.20470634579658503,0.22248853366822002
2023-05-16 20:00:00,0.12244378886185583,0.13496072539128362
2023-05-16 21:00:00,0.03328513886779547,0.021892448775470256
2023-05-16 22:00:00,0.026534101464785634,0.011081928955391047
2023-05-16 23:00:00,0.1942237115046009,0.08229406940750776
2023-05-17 00:00:00,0.5273181585874407,0.20289687116164715
2023-05-17 01:00:00,0.866333605274558,0.36087894628290085
2023-05-17 02:00:00,0.9867371015436947,0.6284669580403714
2023-05-17 03:00:00,1.0,0.8617394229397175
2023-05-17 04:00:00,1.0,0.9856933285109698
2023-05-17 05:00:00,1.0,1.0
2023-05-17 06:00:00,1.0,1.0
2023-05-17 07:00:00,1.0,1.0
2023-05-17 08:00:00,0.9982359750568867,0.9995368998497723
2023-05-17 09:00:00,0.9511525701917707,0.9460343284904955
2023-05-17 10:00:00,0.8684472994878888,0.882539772875607
2023-05-17 11:00:00,0.8058314603567123,0.8679894340038298
2023-05-17 12:00:00,0.7621104149334132,0.8250762632116673
2023-05-17 13:00:00,0.7583125561848282,0.8127511933073399
2023-05-17 14:00:00,0.6721609813533723,0.7597283272258937
2023-05-17 15:00:00,0.48497071469202624,0.5700207410193979
2023-05-17 16:00:00,0.3150463743880391,0.34642668526619663
2023-05-17 17:00:00,0.21759423346258694,0.17413030562922358
2023-05-17 18:00:00,0.30648880370892584,0.19383626550436017
2023-05-17 19:00:00,0.49660872792825095,0.3054582169651984
2023-05-17 20:00:00,0.5107056878320874,0.3547302651312201
2023-05-17 21:00:00,0.3220317317172885,0.2251696234755218
2023-05-17 22:00:00,0.5257815112359822,0.3575787709653377
2023-05-17 23:00:00,0.7551170554384588,0.5305270020663737
2023-05-18 00:00:00,0.8184440471604465,0.6034500768408179
2023-05-18 01:00:00,0.836129060909152,0.6399843663536012
2023-05-18 02:00:00,0.8888368901796638,0.7044980307295917
2023-05-18 03:00:00,0.9186940631642938,0.8083543632552027
2023-05-18 04:00:00,0.9404444545879959,0.8359213609993457
2023-05-18 05:00:00,0.9777740525081754,0.9184817743115127
2023-05-18 06:00:00,0.9826417110860346,0.938883067201823
2023-05-18 07:00:00,0.9801158075779676,0.9524963688664136
2023-05-18 08:00:00,0.9544335663877426,0.9406034408323466
2023-05-18 09:00:00,0.8680685081891715,0.8741396232508121
2023-05-18 10:00:00,0.8375711753964423,0.8593599971570074
2023-05-18 11:00:00,0.7335743926279246,0.787648446280509
2023-05-18 12:00:00,0.5585794380307196,0.6103323618695139
2023-05-18 13:00:00,0.3874652099609375,0.43348464444279666
2023-05-18 14:00:00,0.2629566838964819,0.31422362666577086
2023-05-18 15:00:00,0.2003054359741509,0.2526245054602622
2023-05-18 16:00:00,0.17952708968892694,0.22889398148283358
2023-05-18 17:00:00,0.11808966410346329,0.163818705054
2023-05-18 18:00:00,0.10997695671394465,0.15945179150439798
2023-05-18 19:00:00,0.07860960972495377,0.1370011319220066
2023-05-18 20:00:00,0.03115897611249238,0.07030755651183426
2023-05-18 21:00:00,0.018147913692519068,0.04325447626411915
2023-05-18 22:00:00,0.00691818669438362,0.01971021072473377
2023-05-18 23:00:00,0.0035169714083895082,0.012063946714624765
2023-05-19 00:00:00,0.0021486450871452687,0.007911572470329703
2023-05-19 01:00:00,0.002543145483359694,0.006124567966908217
2023-05-19 02:00:00,0.004204914937727153,0.004797734585590661
2023-05-19 03:00:00,0.006571759469807146,0.004850102900527417
2023-05-19 04:00:00,0.011108445981517437,0.007123303934931755
2023-05-19 05:00:00,0.056458547422662375,0.04002554608974607
2023-05-19 06:00:00,0.08355357737280428,0.05480106107890606
2023-05-19 07:00:00,0.10674518532119691,0.07208295381627977
2023-05-19 08:00:00,0.14719155247323215,0.10843027723953128
2023-05-19 09:00:00,0.22391528107225891,0.1757620855979621
2023-05-19 10:00:00,0.3773755373619497,0.3102120250277221
2023-05-19 11:00:00,0.630634130295366,0.5013419467210769
2023-05-19 12:00:00,0.7961460447683929,0.6393770629540084
2023-05-19 13:00:00,0.866097172331065,0.7217727326415476
2023-05-19 14:00:00,0.8953239442966878,0.7843334051221608
2023-05-19 15:00:00,0.928934047613293,0.8479496588744223
2023-05-19 16:00:00,0.9572468477860092,0.8936399097554385
2023-05-19 17:00:00,0.9507209461554885,0.8850573063082993
2023-05-19 18:00:00,0.9424339728988708,0.8766602664440871
2023-05-19 19:00:00,0.9062078330852092,0.8206668544746933
2023-05-19 20:00:00,0.8572596959397196,0.7366285701468586
2023-05-19 21:00:00,0.6200358077324926,0.48776004152372465
2023-05-19 22:00:00,0.5964063762128352,0.4696205493621528
2023-05-19 23:00:00,0.5644778279960155,0.4652795659564434
2023-05-20 00:00:00,0.5207661700248719,0.46402256950736054
2023-05-20 01:00:00,0.46135653357952844,0.4546576625667512
2023-05-20 02:00:00,0.3510770823992788,0.4192105985060335
2023-05-20 03:00:00,0.2298692052159458,0.3615446137450636
2023-05-20 04:00:00,0.13525528278201818,0.27824740724638103
2023-05-20 05:00:00,0.09380817903671412,0.25209235000889746
2023-05-20 06:00:00,0.04329821829218418,0.17708309084642676
2023-05-20 07:00:00,0.019714993750676514,0.10925383552908895
2023-05-20 08:00:00,0.04757601090706885,0.05531432072632016
2023-05-20 09:00:00,0.17604944946244358,0.20872519724071023
2023-05-20 10:00:00,0.24639427904039618,0.48281126914545885
2023-05-20 11:00:00,0.14612229648977515,0.5459983172547073
2023-05-20 12:00:00,0.08655854779295623,0.4860863035917282
2023-05-20 13:00:00,0.13924058052711188,0.39254340464249254
2023-05-20 14:00:00,0.30385924579575657,0.3161755664087832
2023-05-20 15:00:00,0.5562837651744484,0.34676957067102193
2023-05-20 16:00:00,0.7020924174599348,0.4822792255878448
2023-05-20 17:00:00,0.7676853765174747,0.7373308735713362
2023-05-20 18:00:00,0.6320609406009315,0.7037313586659729
2023-05-20 19:00:00,0.5536427122354506,0.5958083277195692
2023-05-20 20:00:00,0.39178965074941513,0.40020029468461865
2023-05-20 21:00:00,0.15376590844243768,0.16619810631498694
2023-05-20 22:00:00,0.0950942830555141,0.10472610703669487
2023-05-20 23:00:00,0.07186081240419298,0.07557376876473426
2023-05-21 00:00:00,0.07727078196592628,0.07841843815986066
2023-05-21 01:00:00,0.058629004973918195,0.060105282519944
2023-05-21 02:00:00,0.039284837394952775,0.04614565305877477
2023-05-21 03:00:00,0.03336813237518073,0.04798635827377439
2023-05-21 04:00:00,0.027244551726616925,0.04320757021196186
2023-05-21 05:00:00,0.009160765390843153,0.01780422552023083
2023-05-21 06:00:00,0.005610032202675939,0.010742447278462349
2023-05-21 07:00:00,0.012898272429592907,0.01719592564739287
2023-05-21 08:00:00,0.04708388053812087,0.037456128392368546
2023-05-21 09:00:00,0.06847944248002022,0.055478236614726485
2023-05-21 10:00:00,0.14438580216839905,0.11704617796931414
2023-05-21 11:00:00,0.24014243861660356,0.21948973921127618
2023-05-21 12:00:00,0.3495658468827605,0.3357247723639011
2023-05-21 13:00:00,0.5325177368149161,0.4910153780691325
2023-05-21 14:00:00,0.7145933610014616,0.6336378781497477
2023-05-21 15:00:00,0.730673548337072,0.6542107763327657
2023-05-21 16:00:00,0.6258491381444035,0.560455266572535
2023-05-21 17:00:00,0.42519286690279834,0.38471971046179526
2023-05-21 18:00:00,0.3074266345612704,0.31758685078471893
2023-05-21 19:00:00,0.26291224284097553,0.2618271455354988
2023-05-21 20:00:00,0.3015080428868532,0.2412055470049381
2023-05-21 21:00:00,0.19830375658348198,0.13068958899006244
2023-05-21 22:00:00,0.16687891342677172,0.10769363898783922
2023-05-21 23:00:00,0.18519184315577147,0.1425642414856702
2023-05-22 00:00:00,0.2393908056337386,0.20183577399700878
2023-05-22 01:00:00,0.34637234220281243,0.2842563706357032
2023-05-22 02:00:00,0.47677127666771413,0.38757660239934916
2023-05-22 03:00:00,0.5680553142912684,0.44790086183696987
2023-05-22 04:00:00,0.5585026429593561,0.4140051082335412
2023-05-22 05:00:00,0.6128989399038253,0.4470101888664066
2023-05-22 06:00:00,0.5015272828564047,0.3885352975688873
2023-05-22 07:00:00,0.4294553991220891,0.29730370339006185
2023-05-22 08:00:00,0.4092963859997689,0.23392133796587586
2023-05-22 09:00:00,0.6587751258164645,0.42306538082659245
2023-05-22 10:00:00,0.8650963384844361,0.6942710830643771
2023-05-22 11:00:00,0.9486172352544963,0.8443631264753639
2023-05-22 12:00:00,0.9487996800616383,0.8133703079447148
2023-05-22 13:00:00,0.8920697273686529,0.7640926146693526
2023-05-22 14:00:00,0.7568388299271462,0.6425176725164055
2023-05-22 15:00:00,0.6164561582170426,0.4884347108192742
2023-05-22 16:00:00,0.5781074291467667,0.44844927424564957
2023-05-22 17:00:00,0.6299196741916239,0.46138525515794754
2023-05-22 18:00:00,0.46537580782547583,0.4185202077031136
2023-05-22 19:00:00,0.36282946292310947,0.3909205143339931
2023-05-22 20:00:00,0.27218852560967205,0.324829496499151
2023-05-22 21:00:00,0.11510479643009601,0.1785780252050608
2023-05-22 22:00:00,0.0971739048976451,0.15784815481863915
2023-05-22 23:00:00,0.12472478670068085,0.14408943088725204
2023-05-23 00:00:00,0.13083916718140243,0.12221580434590576
2023-05-23 01:00:00,0.11931332857348025,0.12494447194971145
2023-05-23 02:00:00,0.16282501490786672,0.14385966404341163
2023-05-23 03:00:00,0.13909618747420607,0.10358811891637743
2023-05-23 04:00:00,0.1091632539127022,0.09787778204306959
2023-05-23 05:00:00,0.005661595310084522,0.0304116794699803
2023-05-23 06:00:00,0.04785392996855079,0.11737801207695155
2023-05-23 07:00:00,0.10103784929960966,0.278546261372976
2023-05-23 08:00:00,0.1411494366638362,0.3129287494905293
2023-05-23 09:00:00,0.1055227413214743,0.39631174389272916
2023-05-23 10:00:00,0.1563937000511214,0.5208968718908725
2023-05-23 11:00:00,0.24752680317498738,0.5952078035194427
2023-05-23 12:00:00,0.4181496309442445,0.7137710900697856
2023-05-23 13:00:00,0.6608721109526231,0.8577203868702054
2023-05-23 14:00:00,0.8609771856293081,0.9563244395144282
2023-05-23 15:00:00,0.9787516951933504,0.9913950587250292
2023-05-23 16:00:00,0.9933289199881256,0.9955863023363053
2023-05-23 17:00:00,0.9991140490397811,0.9909410656988621
2023-05-23 18:00:00,0.9614080120250583,0.9111551658436654
2023-05-23 19:00:00,0.8385448880307375,0.7714110392145811
2023-05-23 20:00:00,0.8191363219358025,0.7600691107660531
2023-05-23 21:00:00,0.7761913783662019,0.6209924826957285
2023-05-23 22:00:00,0.8165657432377339,0.6475875459611415
2023-05-23 23:00:00,0.896028575319797,0.6827120936661957
2023-05-24 00:00:00,0.9716860802844165,0.7742844579741358
2023-05-24 01:00:00,0.9974646126478911,0.90696169488132
2023-05-24 02:00:00,0.9994110202044248,0.9438679731078445
2023-05-24 03:00:00,0.994737945459783,0.9220087873190641
2023-05-24 04:00:00,0.964967087060213,0.8582533453963695
2023-05-24 05:00:00,0.9678131949715315,0.874126418698579
2023-05-24 06:00:00,0.920750374160707,0.7917517454922197
2023-05-24 07:00:00,0.8609665671363472,0.7412810859270393
2023-05-24 08:00:00,0.7777587398700416,0.604203405305743
2023-05-24 09:00:00,0.7379749033041296,0.5300782495737074
2023-05-24 10:00:00,0.7237657916173338,0.5390681971982122
2023-05-24 11:00:00,0.750543180629611,0.5309340789634733
2023-05-24 12:00:00,0.750557476915419,0.5039916296303271
2023-05-24 13:00:00,0.7525019691698253,0.44660933142527937
2023-05-24 14:00:00,0.6741446249000727,0.3542132901307195
2023-05-24 15:00:00,0.481431317590177,0.2596717093931511
2023-05-24 16:00:00,0.3194872093945742,0.23453491652850061
2023-05-24 17:00:00,0.2219235932826996,0.22500026664230968
2023-05-24 18:00:00,0.2039906309591606,0.22153747834265228
2023-05-24 19:00:00,0.12196456648875026,0.15301118117757137
2023-05-24 20:00:00,0.13110918025020513,0.1260316531220451
2023-05-24 21:00:00,0.14358520745765416,0.11853545407764612
2023-05-24 22:00:00,0.10882771513424813,0.10251352570950983
2023-05-24 23:00:00,0.14105859382078048,0.1070867841783911
2023-05-25 00:00:00,0.17000219663139426,0.13462243523914366
2023-05-25 01:00:00,0.14967693097423762,0.1674055439792573
2023-05-25 02:00:00,0.09093892734497784,0.12918027151841668
2023-05-25 03:00:00,0.06698266496416182,0.09194430150091647
2023-05-25 04:00:00,0.016160215977579353,0.04368720503989607
2023-05-25 05:00:00,0.012792150853201746,0.07123229735530913
2023-05-25 06:00:00,0.03370684343390167,0.11065562316216526
2023-05-25 07:00:00,0.05318348488304763,0.12592578737996518
2023-05-25 08:00:00,0.06709248469211161,0.14954828976653517
2023-05-25 09:00:00,0.08040915178135037,0.1676330339349806
2023-05-25 10:00:00,0.05359657413791866,0.1692574470397085
2023-05-25 11:00:00,0.055085273277945816,0.18736783440224827
2023-05-25 12:00:00,0.06803630709182469,0.18112301459535954
2023-05-25 13:00:00,0.0866887661907822,0.19552588998340067
2023-05-25 14:00:00,0.11935381175950169,0.20073556812480087
2023-05-25 15:00:00,0.18697697067633268,0.21269812410697336
2023-05-25 16:00:00,0.2924075775593519,0.2795497105270624
2023-05-25 17:00:00,0.47008798558264975,0.46882350871339445
2023-05-25 18:00:00,0.5897252582572401,0.5832226629927753
2023-05-25 19:00:00,0.6061817096918819,0.6273282261937855
2023-05-25 20:00:00,0.46833708146587005,0.564591632001102
2023-05-25 21:00:00,0.2502962536737323,0.29174661651253697
2023-05-25 22:00:00,0.16747976072132584,0.2180477181077003
2023-05-25 23:00:00,0.16550785260275006,0.20849675793200725
2023-05-26 00:00:00,0.19177234105765814,0.18812221474945545
2023-05-26 01:00:00,0.1739634805358946,0.17928419481031596
2023-05-26 02:00:00,0.18653042439371345,0.16706597210839388
2023-05-26 03:00:00,0.14662090420722962,0.15649747991934418
2023-05-26 04:00:00,0.1377097912505269,0.17309080906212326
2023-05-26 05:00:00,0.15721435563638808,0.16289628164842723
2023-05-26 06:00:00,0.19663376184180376,0.17613591795787215
2023-05-26 07:00:00,0.2064913560263812,0.18828203067183494
2023-05-26 08:00:00,0.23048234941437837,0.20963230364024638
2023-05-26 09:00:00,0.2176325921155512,0.20721689224243162
2023-05-26 10:00:00,0.2346887109801173,0.2617226038500666
2023-05-26 11:00:00,0.2955101223103701,0.3148775639571249
2023-05-26 12:00:00,0.2884946615062654,0.2964599015191197
2023-05-26 13:00:00,0.2675606655701995,0.24776404105126854
2023-05-26 14:00:00,0.171762757897377,0.13089761652983725
2023-05-26 15:00:00,0.10242228137329218,0.07665054889861495
2023-05-26 16:00:00,0.06398782838135958,0.060942918863147504
2023-05-26 17:00:00,0.03119218510575593,0.025569706270471216
2023-05-26 18:00:00,0.008279086090624332,0.011214588172733783
2023-05-26 19:00:00,0.0041710699116811155,0.005527948895469308
2023-05-26 20:00:00,0.006294843810610473,0.004366932553239168
2023-05-26 21:00:00,0.002150138090364634,0.0005315592698752879
2023-05-26 22:00:00,0.0030778203532099728,0.0008898931089788675
2023-05-26 23:00:00,0.00512750877533108,0.0034136217972263695
2023-05-27 00:00:00,0.0015710401721298693,0.001874261638149619
2023-05-27 01:00:00,0.00025024929549545045,0.0005894717294722795
2023-05-27 02:00:00,2.9790448024868962e-05,7.572696544229984e-05
2023-05-27 03:00:00,0.0,0.0
2023-05-27 04:00:00,1.1447179131209849e-05,0.0
2023-05-27 05:00:00,0.0,0.0003532156441360712
2023-05-27 06:00:00,0.0,0.0003382502682507038
2023-05-27 07:00:00,0.0,0.0008166080713272094
2023-05-27 08:00:00,0.002425328893586993,0.008908874741755425
2023-05-27 09:00:00,0.015007800143212083,0.028017440563999116
2023-05-27 10:00:00,0.040093683945015064,0.0721390273049474
2023-05-27 11:00:00,0.12738369825296103,0.2560976466443389
2023-05-27 12:00:00,0.33868754474446167,0.46109510106965884
2023-05-27 13:00:00,0.43276161298155785,0.5225575105287135
2023-05-27 14:00:00,0.4417520092427731,0.4520374825783074
2023-05-27 15:00:00,0.302738321814686,0.32137375609949226
2023-05-27 16:00:00,0.26248606296256183,0.29874339805915945
2023-05-27 17:00:00,0.44788540318608283,0.3886421712860464
2023-05-27 18:00:00,0.39248065963387485,0.29504411337897174
2023-05-27 19:00:00,0.2973176377080381,0.21471644061617548
2023-05-27 20:00:00,0.15517900988459585,0.13363440250977873
2023-05-27 21:00:00,0.06933120651170613,0.05967889983206987
2023-05-27 22:00:00,0.08557689458131791,0.05763231785502284
2023-05-27 23:00:00,0.12609834757633506,0.1390495670121163
2023-05-28 00:00:00,0.17185914319939907,0.21382590334862467
2023-05-28 01:00:00,0.14234983333386475,0.22454600039869546
2023-05-28 02:00:00,0.15004124511033298,0.2538680023699999
2023-05-28 03:00:00,0.17842650735750792,0.2681023812294006
2023-05-28 04:00:00,0.22734847247600554,0.280431070420891
2023-05-28 05:00:00,0.3096099467389285,0.2814905761182308
2023-05-28 06:00:00,0.37744106236845254,0.343973579481244
2023-05-28 07:00:00,0.46027242243289945,0.42685337215662
2023-05-28 08:00:00,0.5287309943139553,0.4544541855715215
2023-05-28 09:00:00,0.5511107655242085,0.4093175169080495
2023-05-28 10:00:00,0.601820209417492,0.378038774896413
2023-05-28 11:00:00,0.6214400179497898,0.2952878910675645
2023-05-28 12:00:00,0.6292193666473029,0.2761381154879927
2023-05-28 13:00:00,0.5998528086394072,0.25416009176522486
2023-05-28 14:00:00,0.55978549066931,0.20384149760939174
2023-05-28 15:00:00,0.42567572468891735,0.14262733893003315
2023-05-28 16:00:00,0.3509726955927908,0.12236628637183458
2023-05-28 17:00:00,0.3493087953887879,0.09446378735825418
2023-05-28 18:00:00,0.29702135395258666,0.08839744891505685
2023-05-28 19:00:00,0.25870906110852954,0.10671011734753849
2023-05-28 20:00:00,0.1778395453188568,0.0773070096923038
2023-05-28 21:00:00,0.04555364190135151,0.014689728715457021
2023-05-28 22:00:00,0.0253676401823759,0.010025629773736002
2023-05-28 23:00:00,0.024874558146111666,0.01109148676507175
2023-05-29 00:00:00,0.016504690228030083,0.006939226142130792
2023-05-29 01:00:00,0.013795516337268054,0.003814725233241916
2023-05-29 02:00:00,0.01809747925493866,0.0041257099062204355
2023-05-29 03:00:00,0.029575653681531554,0.006664263322018088
2023-05-29 04:00:00,0.03282476684544235,0.009206186002120377
2023-05-29 05:00:00,0.06891213041264564,0.02516279567964375
2023-05-29 06:00:00,0.09076951093971729,0.0329463036218658
2023-05-29 07:00:00,0.09946875059977173,0.03325448713265359
2023-05-29 08:00:00,0.12267665876075624,0.04713910169899464
2023-05-29 09:00:00,0.09554512373171746,0.08991958994884043
2023-05-29 10:00:00,0.09597737152129411,0.1825453849602491
2023-05-29 11:00:00,0.10154418449383229,0.22478863988537343
2023-05-29 12:00:00,0.07813542588148265,0.25774039631709456
2023-05-29 13:00:00,0.07531117055565117,0.23941242346074426
2023-05-29 14:00:00,0.12061186779756097,0.22449047652538862
2023-05-29 15:00:00,0.22604430760256938,0.22393972342833873
2023-05-29 16:00:00,0.31186152808368195,0.20591963203623886
2023-05-29 17:00:00,0.42717447640374306,0.49559791382402174
2023-05-29 18:00:00,0.38015558931976556,0.41810435750521713
2023-05-29 19:00:00,0.36295848634093997,0.2973674139101058
2023-05-29 20:00:00,0.25188408527523276,0.21985573197714978
2023-05-29 21:00:00,0.09620117775630205,0.07717147621791809
2023-05-29 22:00:00,0.07621276402380317,0.03870108720846474
2023-05-29 23:00:00,0.0867532132100314,0.037460700706578795
2023-05-30 00:00:00,0.09988780381157994,0.04503606269136071
2023-05-30 01:00:00,0.11496660756878556,0.04325070622377099
2023-05-30 02:00:00,0.12716052919626236,0.04964999647345394
2023-05-30 03:00:00,0.12370461071841415,0.06224988736677914
2023-05-30 04:00:00,0.1253561070654541,0.07246838588267565
2023-05-30 05:00:00,0.03341349661350251,0.023200809885747728
2023-05-30 06:00:00,0.022076837532222268,0.01136105518322438
2023-05-30 07:00:00,0.021667533284053207,0.007505689933896065
2023-05-30 08:00:00,0.01869646109640598,0.023544404101558027
2023-05-30 09:00:00,0.054832480750046673,0.09973510727286339
2023-05-30 10:00:00,0.2256562261469662,0.22238683147355914
2023-05-30 11:00:00,0.3831433176994324,0.3374590459745377
2023-05-30 12:00:00,0.32897370969876655,0.4099844694323838
2023-05-30 13:00:00,0.20818213990423826,0.42246065396815535
2023-05-30 14:00:00,0.16606245663017033,0.36573311377316703
2023-05-30 15:00:00,0.1447671987581998,0.2875745329726487
2023-05-30 16:00:00,0.1336501200404018,0.2566943800169974
2023-05-30 17:00:00,0.311159162549302,0.0849524140311405
2023-05-30 18:00:00,0.424898703917861,0.16296318830922243
2023-05-30 19:00:00,0.5259708833694459,0.21276047619059682
2023-05-30 20:00:00,0.5930029896646738,0.1736220072954893
2023-05-30 21:00:00,0.37242537820711724,0.06419597772881389
2023-05-30 22:00:00,0.2383645164221525,0.04491056561935693
2023-05-30 23:00:00,0.14404373641125856,0.043796409913338726
2023-05-31 00:00:00,0.08270279683172704,0.057986854091286656
2023-05-31 01:00:00,0.04900024034082889,0.08118703954853117
2023-05-31 02:00:00,0.025948516456410293,0.09793244478292762
2023-05-31 03:00:00,0.015404877606779338,0.09507819100283087
2023-05-31 04:00:00,0.018688553543761373,0.08916753206402063
2023-05-31 05:00:00,0.01478938760701567,0.058978032157756384
2023-05-31 06:00:00,0.03949408557265996,0.04593273344915361
2023-05-31 07:00:00,0.033503877692855885,0.03799535769969225
2023-05-31 08:00:00,0.03341339249629527,0.021662111654877664
2023-05-31 09:00:00,0.07048192516900599,0.03609512602910399
2023-05-31 10:00:00,0.3456827432848512,0.1997818501200527
2023-05-31 11:00:00,0.6290034367144106,0.448240235671401
2023-05-31 12:00:00,0.6504294764995575,0.517406939473003
2023-05-31 13:00:00,0.5866171007789671,0.4876974187046289
2023-05-31 14:00:00,0.48395841259509326,0.4082460645772516
2023-05-31 15:00:00,0.4241072997264564,0.3478254082612693
2023-05-31 16:00:00,0.38839917885139585,0.3125240746699273
2023-05-31 17:00:00,0.4846799151133746,0.21889387926086779
2023-05-31 18:00:00,0.3994250802788883,0.1691987116727978
2023-05-31 19:00:00,0.3777204990666359,0.151897158594802
2023-05-31 20:00:00,0.32313295066356656,0.13247253785841165
2023-05-31 21:00:00,0.21116049569100137,0.06559440337121486
2023-05-31 22:00:00,0.23409419916570187,0.061931953462772076
2023-05-31 23:00:00,0.22395290258340536,0.06174053366761654
2023-06-01 00:00:00,0.17317233881913122,0.06509770217351615
2023-06-01 01:00:00,0.1365453021880239,0.08637729269918054
2023-06-01 02:00:00,0.13577727271243928,0.11790711690671742
2023-06-01 03:00:00,0.19704683259129518,0.1728240988496691
2023-06-01 04:00:00,0.3024860785342752,0.21003391901962454
2023-06-01 05:00:00,0.6793906838074324,0.45549009915441263
2023-06-01 06:00:00,0.6797011858038603,0.4149662321619688
2023-06-01 07:00:00,0.5505209985934197,0.34675634695217006
2023-06-01 08:00:00,0.35376756858080627,0.25812815826386215
2023-06-01 09:00:00,0.19839113641530273,0.16037866266444323
2023-06-01 10:00:00,0.17185468859970565,0.15195816603489218
2023-06-01 11:00:00,0.2074786569178104,0.17529072167351836
2023-06-01 12:00:00,0.21977803809568283,0.16923229012172666
2023-06-01 13:00:00,0.21117070967331528,0.1537284655869007
2023-06-01 14:00:00,0.17123623889870943,0.1411843755468726
2023-06-01 15:00:00,0.16444763866253195,0.09861356356181201
2023-06-01 16:00:00,0.32684684512671086,0.12181018310599027
2023-06-01 17:00:00,0.5942748180404305,0.17584158272016792
2023-06-01 18:00:00,0.8175071536749601,0.29154380559455595
2023-06-01 19:00:00,0.8112914423458277,0.4467530347686261
2023-06-01 20:00:00,0.5448156917840243,0.5381175704300402
2023-06-01 21:00:00,0.41876794150099156,0.43489372717216607
2023-06-01 22:00:00,0.42671811204403637,0.4568935838341713
2023-06-01 23:00:00,0.5346076451987026,0.4625675657857209
2023-06-02 00:00:00,0.5362070101499558,0.3633813866227865
2023-06-02 01:00:00,0.4911986963450909,0.28742193789221343
2023-06-02 02:00:00,0.44196834919974215,0.3074964101333171
2023-06-02 03:00:00,0.4317203279957175,0.330476864175871
2023-06-02 04:00:00,0.40160713074728843,0.3242717684153466
2023-06-02 05:00:00,0.6719589874148366,0.7460861107148228
2023-06-02 06:00:00,0.6451462160423396,0.6408556534349917
2023-06-02 07:00:00,0.53542973279953,0.4438510751724243
2023-06-02 08:00:00,0.5643000300228594,0.4253053225390613
2023-06-02 09:00:00,0.6164175577834247,0.47001895828172563
2023-06-02 10:00:00,0.6024514984153208,0.5671542867086826
2023-06-02 11:00:00,0.6261248583346604,0.669283762052655
2023-06-02 12:00:00,0.6867690526694057,0.7046978008374569
2023-06-02 13:00:00,0.7545865594781935,0.7467350773885847
2023-06-02 14:00:00,0.7630648941174148,0.7259363218583166
2023-06-02 15:00:00,0.6327179123088713,0.6188413092307744
2023-06-02 16:00:00,0.5329757457971571,0.5801924703456459
2023-06-02 17:00:00,0.44416636761277917,0.40940645847469553
2023-06-02 18:00:00,0.3898239517398178,0.2936098113842308
2023-06-02 19:00:00,0.33074226099997767,0.2849901123717427
2023-06-02 20:00:00,0.26642807744443414,0.2939105420187116
2023-06-02 21:00:00,0.24471085473895068,0.26510959823615843
2023-06-02 22:00:00,0.1439287625066936,0.19616147937253112
2023-06-02 23:00:00,0.13130353312939402,0.17094371681101617
2023-06-03 00:00:00,0.16149262819439175,0.1359161983709782
2023-06-03 01:00:00,0.15161045355722305,0.10554676520638168
2023-06-03 02:00:00,0.1220038799382746,0.08518409376032651
2023-06-03 03:00:00,0.10167891219258307,0.09293613664805887
2023-06-03 04:00:00,0.10720040898770095,0.11212541279383004
2023-06-03 05:00:00,0.10695731196552515,0.1032011779118329
2023-06-03 06:00:00,0.08463447929359973,0.10488441544584931
2023-06-03 07:00:00,0.0868151292297989,0.11176576040685178
2023-06-03 08:00:00,0.08536552810110153,0.10934674470685422
2023-06-03 09:00:00,0.11778253362514078,0.12332695202901957
2023-06-03 10:00:00,0.19397809654474257,0.1731634563021362
2023-06-03 11:00:00,0.2749314703233539,0.2377518387138843
2023-06-03 12:00:00,0.31133073549717666,0.2774835661798715
2023-06-03 13:00:00,0.30581056155264374,0.29331313399597997
2023-06-03 14:00:00,0.27035949982702734,0.2928915796987712
2023-06-03 15:00:00,0.19103852506726976,0.27470906425267455
2023-06-03 16:00:00,0.14474821587093176,0.24782950747758145
2023-06-03 17:00:00,0.1527651767525822,0.30717326220124963
2023-06-03 18:00:00,0.1615404749382287,0.27650638910010455
2023-06-03 19:00:00,0.15234155051410198,0.24489409919828173
2023-06-03 20:00:00,0.12695769547484811,0.21230665620416403
2023-06-03 21:00:00,0.06281065968330948,0.12486126950941977
2023-06-03 22:00:00,0.08589148701168597,0.1128605302609503
2023-06-03 23:00:00,0.10740474341437221,0.1036257854476571
2023-06-04 00:00:00,0.07440714542753996,0.0879633043333888
2023-06-04 01:00:00,0.03629449001513422,0.0820178984850645
2023-06-04 02:00:00,0.04226078353822232,0.12012783382087945
2023-06-04 03:00:00,0.0694154966622591,0.141314278813079
2023-06-04 04:00:00,0.08181765022687612,0.1677601837366819
2023-06-04 05:00:00,0.04003341333940625,0.13789451664779334
2023-06-04 06:00:00,0.05448088535107673,0.08228666458278895
2023-06-04 07:00:00,0.06000895815901459,0.06914548698812724
2023-06-04 08:00:00,0.09542694670148195,0.0868430710118264
2023-06-04 09:00:00,0.12622746767476198,0.10761625769548118
2023-06-04 10:00:00,0.1422157759685069,0.11030292427167296
2023-06-04 11:00:00,0.13994074159301817,0.10969554604031144
2023-06-04 12:00:00,0.06980497083161026,0.07502316949423403
2023-06-04 13:00:00,0.04302682943642139,0.05848322319332511
2023-06-04 14:00:00,0.03054739449638873,0.03314264215994626
2023-06-04 15:00:00,0.009435455398634078,0.012186886705458165
2023-06-04 16:00:00,0.003306912900879979,0.014005996128544211
2023-06-04 17:00:00,0.0053217335417866714,0.006158918868750335
2023-06-04 18:00:00,0.005770017891190945,0.0016737110028043388
2023-06-04 19:00:00,0.0007992034964263439,0.0007387067191302777
2023-06-04 20:00:00,0.000192470820620656,0.003547938517294824
2023-06-04 21:00:00,0.0022106355661526324,0.007317592496983707
2023-06-04 22:00:00,0.008015120965428649,0.027584503744728865
2023-06-04 23:00:00,0.02930934927426279,0.07046392074786129
2023-06-05 00:00:00,0.0456558074709028,0.10426185068674386
2023-06-05 01:00:00,0.07198275453411043,0.15104479865171014
2023-06-05 02:00:00,0.10171432522125541,0.1871114271506667
2023-06-05 03:00:00,0.16707453046925363,0.21895106226205824
2023-06-05 04:00:00,0.2124495950527489,0.2347876131720841
2023-06-05 05:00:00,0.4254277940094471,0.3344652049988508
2023-06-05 06:00:00,0.411273974198848,0.2976538257673383
2023-06-05 07:00:00,0.32908770823851224,0.2643084848672151
2023-06-05 08:00:00,0.32063659407198425,0.2859185819514095
2023-06-05 09:00:00,0.2862332575023174,0.2337908383831382
2023-06-05 10:00:00,0.3333755896240473,0.28807852834463116
2023-06-05 11:00:00,0.3967598728835582,0.4291185324825346
2023-06-05 12:00:00,0.4960198293067515,0.5915724985860288
2023-06-05 13:00:00,0.5833370083570479,0.6301725225336849
2023-06-05 14:00:00,0.5971064377203584,0.596271599382162
2023-06-05 15:00:00,0.6107619056664406,0.5923197614401577
2023-06-05 16:00:00,0.6552859677560626,0.5656915196590125
2023-06-05 17:00:00,0.6174467137269675,0.475782475285232
2023-06-05 18:00:00,0.5583840624056756,0.40385708654299374
2023-06-05 19:00:00,0.4330743758380413,0.29562686085700984
2023-06-05 20:00:00,0.25300928373821074,0.19078704956918957
2023-06-05 21:00:00,0.02894331649877131,0.06680542942136526
2023-06-05 22:00:00,0.004467599242925645,0.03061113747302443
2023-06-05 23:00:00,0.0011971434252336618,0.022667649029754103
2023-06-06 00:00:00,0.005932014971040188,0.0201692120032385
2023-06-06 01:00:00,0.028582099871709947,0.04631602240726351
2023-06-06 02:00:00,0.07896982186473905,0.10539592142216861
2023-06-06 03:00:00,0.15010127731598913,0.17609384691808372
2023-06-06 04:00:00,0.22534037973731752,0.24971595736220475
2023-06-06 05:00:00,0.18586841057986017,0.2946818658709526
2023-06-06 06:00:00,0.15649434112478045,0.2982929215580225
2023-06-06 07:00:00,0.1501490555470809,0.26437394723296165
2023-06-06 08:00:00,0.03536913389805704,0.0943804899835959
2023-06-06 09:00:00,0.06680700270924717,0.05924097687937319
2023-06-06 10:00:00,0.23848549989517773,0.10744864076841623
2023-06-06 11:00:00,0.4821025310689583,0.20098597888369113
2023-06-06 12:00:00,0.8220044254511594,0.31659431996289633
2023-06-06 13:00:00,0.97301457259804,0.6123500777641311
2023-06-06 14:00:00,1.0,0.8664147157594561
2023-06-06 15:00:00,1.0,0.9990407357737422
2023-06-06 16:00:00,1.0,1.0
2023-06-06 17:00:00,1.0,1.0
2023-06-06 18:00:00,1.0,1.0
2023-06-06 19:00:00,0.9983872829377651,1.0
2023-06-06 20:00:00,0.9491623407229782,0.9466186892613768
2023-06-06 21:00:00,0.7862122577242553,0.8403900955058633
2023-06-06 22:00:00,0.7264211818389594,0.7471294212713837
2023-06-06 23:00:00,0.5976563001051544,0.6144000273570416
2023-06-07 00:00:00,0.4443796413578094,0.48634439107030636
2023-06-07 01:00:00,0.31547399692237377,0.3854696106165647
2023-06-07 02:00:00,0.23043868318200103,0.31580539558082815
2023-06-07 03:00:00,0.1698715700116008,0.24055342961102721
2023-06-07 04:00:00,0.1183832308743149,0.203252519890666
2023-06-07 05:00:00,0.045026852851733565,0.08619773877784612
2023-06-07 06:00:00,0.02126303069293499,0.045514631737023595
2023-06-07 07:00:00,0.009355025817640125,0.029399690032005314
2023-06-07 08:00:00,0.009472903115674851,0.025335435834713285
2023-06-07 09:00:00,0.02774678976740688,0.044106296952813866
2023-06-07 10:00:00,0.0870433638524264,0.08461749338544904
2023-06-07 11:00:00,0.16348220820538698,0.13689672593958674
2023-06-07 12:00:00,0.2324699625186622,0.18522647715173662
2023-06-07 13:00:00,0.24849608978256582,0.2077456216141581
2023-06-07 14:00:00,0.23585548124276098,0.22561666958034038
2023-06-07 15:00:00,0.2566860760562122,0.24105438586324454
2023-06-07 16:00:00,0.26573938908986744,0.2362230645306408
2023-06-07 17:00:00,0.21011729349382222,0.19716403916478153
2023-06-07 18:00:00,0.20161147479899227,0.17428615901619196
2023-06-07 19:00:00,0.27476837869733567,0.19475717563182116
2023-06-07 20:00:00,0.28273381223902105,0.17774236725643278
2023-06-07 21:00:00,0.11962740031071006,0.061480017686262725
2023-06-07 22:00:00,0.07748882215470075,0.05119758653454482
2023-06-07 23:00:00,0.05345887926407159,0.04275854819454253
2023-06-08 00:00:00,0.019744447935372594,0.017937287748791275
2023-06-08 01:00:00,0.003305967887863517,0.004202122893184423
2023-06-08 02:00:00,0.0006197365326806902,0.0014058563858270641
2023-06-08 03:00:00,0.00036283234134316445,0.0009615695802494883
2023-06-08 04:00:00,0.0007670281548053027,0.00018624079879373312
2023-06-08 05:00:00,0.0016342416452243922,0.0
2023-06-08 06:00:00,0.0,0.0
2023-06-08 07:00:00,0.0,0.0007122789556160569
2023-06-08 08:00:00,5.536824930459261e-05,0.005880637918598951
2023-06-08 09:00:00,0.008427106114104391,0.04238109776284547
2023-06-08 10:00:00,0.07382829822599886,0.12270796419121321
2023-06-08 11:00:00,0.19051095526665449,0.18576143347658214
2023-06-08 12:00:00,0.25063202036544674,0.17654887850396336
2023-06-08 13:00:00,0.24485079860314726,0.15286556932143863
2023-06-08 14:00:00,0.1872052527964115,0.09933616403024643
2023-06-08 15:00:00,0.10385432140901686,0.04980797735508532
2023-06-08 16:00:00,0.039419062910601495,0.01611376356333494
2023-06-08 17:00:00,0.0582319065835327,0.025195890236645938
2023-06-08 18:00:00,0.011340857255272568,0.012525635221973062
2023-06-08 19:00:00,0.00371685336343944,0.017827833630144597
2023-06-08 20:00:00,0.004378818846307695,0.02570399658288807
2023-06-08 21:00:00,0.0006674501951783895,0.008053307514637708
2023-06-08 22:00:00,2.2514681331813334e-05,0.005432933047413827
2023-06-08 23:00:00,0.008811002699658276,0.016487771417014303
2023-06-09 00:00:00,0.06871012100949882,0.083446856290102
2023-06-09 01:00:00,0.11559919516555967,0.14993420822545883
2023-06-09 02:00:00,0.14172118308953938,0.18579784042201933
2023-06-09 03:00:00,0.16366687105968597,0.22639532258734102
2023-06-09 04:00:00,0.21695055358111856,0.2879648373834789
2023-06-09 05:00:00,0.26757335972040885,0.39560755688697097
2023-06-09 06:00:00,0.3353200207091867,0.4629906936176121
2023-06-09 07:00:00,0.414852155148983,0.4937902510352432
2023-06-09 08:00:00,0.5044296143949033,0.5243258806876837
2023-06-09 09:00:00,0.5316762019693851,0.4507484392262995
2023-06-09 10:00:00,0.6649217506311832,0.4957476760447025
2023-06-09 11:00:00,0.800999240465462,0.6171802841499445
2023-06-09 12:00:00,0.7838051769323646,0.6359759084321555
2023-06-09 13:00:00,0.7841897795721888,0.6703037601336835
2023-06-09 14:00:00,0.7704632335156202,0.7053716920688746
2023-06-09 15:00:00,0.718106302116066,0.7107266872748731
2023-06-09 16:00:00,0.662824375964701,0.70698871480301
2023-06-09 17:00:00,0.587277692221105,0.6318609591946004
2023-06-09 18:00:00,0.5193190008215606,0.6141332804039119
2023-06-09 19:00:00,0.47585444375872615,0.58917610373348
2023-06-09 20:00:00,0.40728529045358297,0.547963690329343
2023-06-09 21:00:00,0.2742742525041103,0.37524762887507673
2023-06-09 22:00:00,0.24728329088538883,0.3337231492437423
2023-06-09 23:00:00,0.2317496833577752,0.2959034478664398
2023-06-10 00:00:00,0.25645367529243224,0.3080842545628547
2023-06-10 01:00:00,0.2699015719257295,0.3370241503417492
2023-06-10 02:00:00,0.29951120978221296,0.40907791424542667
2023-06-10 03:00:00,0.3545503886044025,0.49244488401338454
2023-06-10 04:00:00,0.42657311055809255,0.5762328958511352
2023-06-10 05:00:00,0.5005206478573382,0.6664003151655196
2023-06-10 06:00:00,0.5468741418235002,0.6911718424409626
2023-06-10 07:00:00,0.6298672711104154,0.7310156929306684
2023-06-10 08:00:00,0.6752580944634973,0.747555301785469
2023-06-10 09:00:00,0.5978982449881731,0.6709608370438217
2023-06-10 10:00:00,0.702299318537116,0.7540026910975574
2023-06-10 11:00:00,0.8379543685540557,0.8554183707572518
2023-06-10 12:00:00,0.9055404104106128,0.898104823678732
2023-06-10 13:00:00,0.9092658767476678,0.8952935319766401
2023-06-10 14:00:00,0.9065172660164533,0.8912997031211853
2023-06-10 15:00:00,0.9093226015195249,0.8805503133125604
2023-06-10 16:00:00,0.898373265452683,0.8593533972837029
2023-06-10 17:00:00,0.8838378121331334,0.8560289996489885
2023-06-10 18:00:00,0.8336838027834891,0.803871269673109
2023-06-10 19:00:00,0.7716965370066464,0.7509938668832182
2023-06-10 20:00:00,0.6192546684667466,0.585416127219796
2023-06-10 21:00:00,0.5614941639825702,0.4932059478759766
2023-06-10 22:00:00,0.5565129264630378,0.4720492251217365
2023-06-10 23:00:00,0.5804314459115266,0.4881216597184539
2023-06-11 00:00:00,0.7052793506905435,0.6079387262091039
2023-06-11 01:00:00,0.7967272658832372,0.691429693866521
2023-06-11 02:00:00,0.777887557223439,0.6641850274242458
2023-06-11 03:00:00,0.7829854563996195,0.6703447438403962
2023-06-11 04:00:00,0.7604998925328255,0.646634989492595
2023-06-11 05:00:00,0.9505862765200437,0.8808785679750142
2023-06-11 06:00:00,0.9228112597204743,0.8685232946462929
2023-06-11 07:00:00,0.9219063107296823,0.8645003402605653
2023-06-11 08:00:00,0.937450878638774,0.8762634851969777
2023-06-11 09:00:00,0.9278537155315278,0.8679636235907673
2023-06-11 10:00:00,0.9499290660396217,0.9024869513697922
2023-06-11 11:00:00,0.9657998252101243,0.9156103496067225
2023-06-11 12:00:00,0.9734086444042623,0.9164477969892322
2023-06-11 13:00:00,0.9659042800031601,0.9011684155464172
2023-06-11 14:00:00,0.9535241936333478,0.8876103691011665
2023-06-11 15:00:00,0.9423217886872589,0.8778186495415867
2023-06-11 16:00:00,0.9375565050169825,0.8696750131808222
2023-06-11 17:00:00,0.9432849313132464,0.8685549554415049
2023-06-11 18:00:00,0.9288596272468568,0.8044599647819994
2023-06-11 19:00:00,0.851090033967048,0.6827257972955704
2023-06-11 20:00:00,0.5804540487192569,0.47899677768349636
2023-06-11 21:00:00,0.4408963687717915,0.34272865200415253
2023-06-11 22:00:00,0.30190081670880314,0.28533148333430286
2023-06-11 23:00:00,0.20373559774830938,0.22644565451890228
2023-06-12 00:00:00,0.14975762097164985,0.18628727505914872
2023-06-12 01:00:00,0.14577745312824844,0.18299889082089066
2023-06-12 02:00:00,0.1702125457860529,0.2053370524011552
2023-06-12 03:00:00,0.20749002021737392,0.22967351525090626
2023-06-12 04:00:00,0.1823521811049431,0.19534397324547167
2023-06-12 05:00:00,0.13854847989045083,0.17743539733812208
2023-06-12 06:00:00,0.0645324246492237,0.10230385235976427
2023-06-12 07:00:00,0.024243271285668017,0.06961454955860973
2023-06-12 08:00:00,0.010940989488735797,0.049067309042438875
2023-06-12 09:00:00,0.05618755537085235,0.053517500287853195
2023-06-12 10:00:00,0.2114550699479878,0.1614619034714997
2023-06-12 11:00:00,0.3293996210535989,0.31778286321088667
2023-06-12 12:00:00,0.42304613434709615,0.3872009009215982
2023-06-12 13:00:00,0.6270788762718438,0.3619484879681841
2023-06-12 14:00:00,0.7094847737718373,0.35011083991266784
2023-06-12 15:00:00,0.6557285203970967,0.31696697029285137
2023-06-12 16:00:00,0.6866772890277207,0.31634697280358526
2023-06-12 17:00:00,0.8073056900501252,0.4071180900838226
2023-06-12 18:00:00,0.6708742581307886,0.42199172533117235
2023-06-12 19:00:00,0.5807871673628686,0.41845214658416807
2023-06-12 20:00:00,0.465805681347847,0.42293441078625615
2023-06-12 21:00:00,0.3519327992014587,0.38376253321766846
2023-06-12 22:00:00,0.23564541831612584,0.27765961920842525
2023-06-12 23:00:00,0.1682583371736109,0.2048639238346367
2023-06-13 00:00:00,0.1698365969583392,0.16830531613901256
2023-06-13 01:00:00,0.11787331166677177,0.09736663260497153
2023-06-13 02:00:00,0.08496194194070994,0.04987337292172014
2023-06-13 03:00:00,0.04072769045829773,0.01758013616781682
2023-06-13 04:00:00,0.017919113887473942,0.008114569704048336
2023-06-13 05:00:00,0.03317546652629972,0.025293980618007483
2023-06-13 06:00:00,0.04063149617984891,0.04364063656423242
2023-06-13 07:00:00,0.04190759457647801,0.055179726183414456
2023-06-13 08:00:00,0.04608980152755976,0.037560064718127256
2023-06-13 09:00:00,0.036083663152530795,0.019121125680394473
2023-06-13 10:00:00,0.08618308645673096,0.034635606645606457
2023-06-13 11:00:00,0.1629575750511139,0.0780384006211534
2023-06-13 12:00:00,0.23094986332580447,0.13610533990897236
2023-06-13 13:00:00,0.3700672819837928,0.23170043962076306
2023-06-13 14:00:00,0.510717518478632,0.30550054712221025
2023-06-13 15:00:00,0.5315437263250351,0.30590143663808705
2023-06-13 16:00:00,0.5014112547039986,0.2803747970238328
2023-06-13 17:00:00,0.5715675783716141,0.34737891459837544
2023-06-13 18:00:00,0.5761146448552608,0.3609839864168316
2023-06-13 19:00:00,0.5195456849969924,0.328461992405355
2023-06-13 20:00:00,0.3305877235904336,0.21212485849857327
2023-06-13 21:00:00,0.1446922181267291,0.07324790228158236
2023-06-13 22:00:00,0.15722364386543633,0.06882022336125374
2023-06-13 23:00:00,0.21358757697977124,0.10489764207042754
2023-06-14 00:00:00,0.3123676611669361,0.18231152554973962
2023-06-14 01:00:00,0.48646605176851154,0.30940021936781703
2023-06-14 02:00:00,0.6527701559476555,0.47257336121052496
2023-06-14 03:00:00,0.7994963146001101,0.6526830955967307
2023-06-14 04:00:00,0.8867508863843978,0.791329641379416
2023-06-14 05:00:00,0.9071729443967342,0.7906667532771825
2023-06-14 06:00:00,0.9780806270986796,0.9243472786992787
2023-06-14 07:00:00,0.985970054473728,0.9657878505811095
2023-06-14 08:00:00,0.9845547085441648,0.9725416646711529
2023-06-14 09:00:00,0.9782128032296895,0.949748689122498
2023-06-14 10:00:00,0.9837985841743647,0.9688158443011343
2023-06-14 11:00:00,0.9978457359969617,0.9887205712497235
2023-06-14 12:00:00,1.0,0.9877603020519018
2023-06-14 13:00:00,1.0,0.9934762953594327
2023-06-14 14:00:00,0.9997515294328332,0.9982618877664209
2023-06-14 15:00:00,0.9923597452789545,0.9812366877682507
2023-06-14 16:00:00,0.9305662188678979,0.9201725930348037
2023-06-14 17:00:00,0.7549677817896008,0.8262651954591274
2023-06-14 18:00:00,0.550058710705489,0.7202293169312178
2023-06-14 19:00:00,0.4397912301402539,0.6740770576428622
2023-06-14 20:00:00,0.32717905943281944,0.5037709046714006
2023-06-14 21:00:00,0.3200907719694078,0.34779073286801576
2023-06-14 22:00:00,0.3257525835372508,0.2797132647968828
2023-06-14 23:00:00,0.38760002469643945,0.282927038455382
2023-06-15 00:00:00,0.46265875827055425,0.349942493038252
2023-06-15 01:00:00,0.3445048453100026,0.3314251116942614
2023-06-15 02:00:00,0.27179915781598535,0.27707974967546756
2023-06-15 03:00:00,0.33242877718061203,0.2230313512403518
2023-06-15 04:00:00,0.26654742223210626,0.17145911599509414
2023-06-15 05:00:00,0.319025450302288,0.4966813418129458
2023-06-15 06:00:00,0.4446911442186683,0.6162380506098271
2023-06-15 07:00:00,0.6150192025490104,0.6866425047256051
2023-06-15 08:00:00,0.5568647827580571,0.6633161875791846
2023-06-15 09:00:00,0.40520062193274503,0.5062729022279382
2023-06-15 10:00:00,0.29842877713963384,0.2489207834564149
2023-06-15 11:00:00,0.3048786808364093,0.2467769046500325
2023-06-15 12:00:00,0.2382526792399585,0.3935017056576907
2023-06-15 13:00:00,0.1993311295751482,0.47335589749738566
2023-06-15 14:00:00,0.2489149482548236,0.5761936441157013
2023-06-15 15:00:00,0.36952211759053166,0.6920623221620916
2023-06-15 16:00:00,0.44157316303811966,0.7724021362513304
2023-06-15 17:00:00,0.371332331574522,0.6978509738016874
2023-06-15 18:00:00,0.4391155124455691,0.7071373374760151
2023-06-15 19:00:00,0.6033760606404392,0.7545109481271357
2023-06-15 20:00:00,0.7878146245237438,0.8325969475880266
2023-06-15 21:00:00,0.9249009969830513,0.9366747354902327
2023-06-15 22:00:00,0.9983780855312944,0.9824585267715156
2023-06-15 23:00:00,1.0,0.9975817689299583
2023-06-16 00:00:00,1.0,1.0
2023-06-16 01:00:00,1.0,1.0
2023-06-16 02:00:00,1.0,1.0
2023-06-16 03:00:00,1.0,1.0
2023-06-16 04:00:00,1.0,1.0
2023-06-16 05:00:00,1.0,1.0
2023-06-16 06:00:00,0.9898295322060584,0.9995829780772328
2023-06-16 07:00:00,0.9192761909030378,0.9757574908435345
2023-06-16 08:00:00,0.7362611329555511,0.8307222196646032
2023-06-16 09:00:00,0.37844176793470974,0.49423122862353924
2023-06-16 10:00:00,0.1862202829495072,0.22601335812360046
2023-06-16 11:00:00,0.09779857660643754,0.13104948609136044
2023-06-16 12:00:00,0.033432817696593696,0.09662306131329387
2023-06-16 13:00:00,0.05727696268819273,0.17292901420034465
2023-06-16 14:00:00,0.2564640469662845,0.3364445152971893
2023-06-16 15:00:00,0.4570042704232037,0.44492335537448524
2023-06-16 16:00:00,0.5360187155753373,0.48622682793065913
2023-06-16 17:00:00,0.5528369950503109,0.5421868390217424
2023-06-16 18:00:00,0.5892041382938623,0.5705860741250216
2023-06-16 19:00:00,0.5989254027232527,0.529694242440164
2023-06-16 20:00:00,0.4920069788396359,0.3753067694045603
2023-06-16 21:00:00,0.24176997041329737,0.17684450117871164
2023-06-16 22:00:00,0.19727033728733656,0.16492451265454292
2023-06-16 23:00:00,0.22886076521128412,0.23110737213864918
2023-06-17 00:00:00,0.40432461842894557,0.41817773899063465
2023-06-17 01:00:00,0.739197407402098,0.6645617765747008
2023-06-17 02:00:00,0.8696205101348459,0.8026965050771833
2023-06-17 03:00:00,0.8549932221882045,0.8211855669133366
2023-06-17 04:00:00,0.8035481645166872,0.8032083438523113
2023-06-17 05:00:00,0.5333723618090154,0.5592694810032844
2023-06-17 06:00:00,0.4843742129206658,0.5553742047958075
2023-06-17 07:00:00,0.39466755697503675,0.5133230424672365
2023-06-17 08:00:00,0.26027471126057206,0.39201698087155806
2023-06-17 09:00:00,0.09091708671767264,0.18244734279811378
2023-06-17 10:00:00,0.03991734064649792,0.1629584964364767
2023-06-17 11:00:00,0.034335471554659304,0.1961609976645559
2023-06-17 12:00:00,0.08575104662217199,0.2583834971487522
2023-06-17 13:00:00,0.480890767276287,0.32475991577841334
2023-06-17 14:00:00,0.887897858545184,0.45175566794350736
2023-06-17 15:00:00,0.9172205949574709,0.7407951500173657
2023-06-17 16:00:00,0.7447082069329918,0.829576217830181
2023-06-17 17:00:00,0.6985132496431469,0.858154840990901
2023-06-17 18:00:00,0.5992839874327182,0.7907280923984943
2023-06-17 19:00:00,0.44261135134845964,0.6689963198266923
2023-06-17 20:00:00,0.32296468254178756,0.49913700922392307
2023-06-17 21:00:00,0.14617744921706613,0.27257498964667315
2023-06-17 22:00:00,0.10138168131001293,0.18673014477826655
2023-06-17 23:00:00,0.074791654124856,0.13293150576762852
2023-06-18 00:00:00,0.05968267315998674,0.13505632477812468
2023-06-18 01:00:00,0.04263586934655906,0.1379664588160813
2023-06-18 02:00:00,0.028385275467298927,0.08938257145695386
2023-06-18 03:00:00,0.013383462270721794,0.043058816804550586
2023-06-18 04:00:00,0.015630739093758166,0.031167463534511625
2023-06-18 05:00:00,0.04566206864081323,0.06031377776991577
2023-06-18 06:00:00,0.06887031658086926,0.07959399737883358
2023-06-18 07:00:00,0.1066021338570863,0.12918371839448808
2023-06-18 08:00:00,0.22115596942603588,0.2214995508920401
2023-06-18 09:00:00,0.4184078793227672,0.365288517680019
2023-06-18 10:00:00,0.6415958577394485,0.608396087978035
2023-06-18 11:00:00,0.819031397141516,0.8065738836489617
2023-06-18 12:00:00,0.8461574852839112,0.880208094473928
2023-06-18 13:00:00,0.820618542674929,0.9026890122145413
2023-06-18 14:00:00,0.8384913198649883,0.9125186103023588
2023-06-18 15:00:00,0.9031653555855156,0.9171021060459316
2023-06-18 16:00:00,0.937890440057963,0.9277076460048556
2023-06-18 17:00:00,0.6162270660512149,0.667674673460424
2023-06-18 18:00:00,0.6650934246182442,0.664331137705594
2023-06-18 19:00:00,0.7370457088015973,0.6461163722537457
2023-06-18 20:00:00,0.7232437303662298,0.5206467233598231
2023-06-18 21:00:00,0.46084509223699566,0.3514916910976171
2023-06-18 22:00:00,0.42483096288517114,0.27565344421193
2023-06-18 23:00:00,0.41394281608983874,0.23989205508492883
2023-06-19 00:00:00,0.3720007803104818,0.18987860315944993
2023-06-19 01:00:00,0.25511850336566566,0.16208585137501355
2023-06-19 02:00:00,0.15270931182429193,0.15768181821331378
2023-06-19 03:00:00,0.11880868488922715,0.25107757598627356
2023-06-19 04:00:00,0.1786886125151068,0.3185926178656518
2023-06-19 05:00:00,0.04401384584140033,0.11245043547824025
2023-06-19 06:00:00,0.016474703927524387,0.06073860917240381
2023-06-19 07:00:00,0.007767106485553086,0.05718971580732614
2023-06-19 08:00:00,0.03235917354468257,0.18049343632534146
2023-06-19 09:00:00,0.11852544843219219,0.356500729881227
2023-06-19 10:00:00,0.2624362485110759,0.44621048087254167
2023-06-19 11:00:00,0.5989970746263861,0.6376409205049276
2023-06-19 12:00:00,0.8680435014516115,0.8204419732280074
2023-06-19 13:00:00,0.9128629213944076,0.7793366620130836
2023-06-19 14:00:00,0.8535632114484906,0.634900511316955
2023-06-19 15:00:00,0.774617445319891,0.5463682578876614
2023-06-19 16:00:00,0.7940062548965213,0.6437927755340931
2023-06-19 17:00:00,0.9312187090143562,0.7789835976809262
2023-06-19 18:00:00,0.8843397714942693,0.7831808232516048
2023-06-19 19:00:00,0.7593862270191312,0.8009075407683848
2023-06-19 20:00:00,0.9038703563995658,0.7913376211188732
2023-06-19 21:00:00,0.9621945354901253,0.9397510455176232
2023-06-19 22:00:00,0.9491313375346363,0.9687684613838792
2023-06-19 23:00:00,0.9166508513316511,0.9718093715235591
2023-06-20 00:00:00,0.9437165602482855,0.984978551082313
2023-06-20 01:00:00,0.9867107646912336,0.9971764988079668
2023-06-20 02:00:00,0.996767642647028,0.9994454235583544
2023-06-20 03:00:00,0.9997960364446044,1.0
2023-06-20 04:00:00,1.0,1.0
2023-06-20 05:00:00,0.9784773190692067,0.9982053923979401
2023-06-20 06:00:00,0.9136874060891569,0.9949646558798849
2023-06-20 07:00:00,0.9961286822333932,1.0
2023-06-20 08:00:00,0.996693926602602,1.0
2023-06-20 09:00:00,0.9889526601135731,0.9864612789824603
2023-06-20 10:00:00,0.9675783886760474,0.9370715630799531
2023-06-20 11:00:00,0.9525804745033384,0.839802390448749
2023-06-20 12:00:00,0.9750893559306858,0.8376062821783125
2023-06-20 13:00:00,0.9696296388097106,0.8148387007974087
2023-06-20 14:00:00,0.9380477053299545,0.7452911674976348
2023-06-20 15:00:00,0.8924463411420583,0.6769010810181498
2023-06-20 16:00:00,0.8360415049642325,0.6482035627774894
2023-06-20 17:00:00,0.8631313298456369,0.8084859323501585
2023-06-20 18:00:00,0.7822912144660948,0.7542621985636652
2023-06-20 19:00:00,0.6848544073291122,0.7827641900256275
2023-06-20 20:00:00,0.6174416489899157,0.7879301227256654
2023-06-20 21:00:00,0.4652146852947771,0.6886485725454984
2023-06-20 22:00:00,0.3618536588363349,0.6655487865023314
2023-06-20 23:00:00,0.33725001262500875,0.6945419916324318
2023-06-21 00:00:00,0.29594494515098635,0.7074427636899052
2023-06-21 01:00:00,0.2791841585654765,0.7265521703474223
2023-06-21 02:00:00,0.21535302066244183,0.7233622687682509
2023-06-21 03:00:00,0.1695564242918044,0.6884597201179711
2023-06-21 04:00:00,0.16419506422244007,0.6071672555431723
2023-06-21 05:00:00,0.12248873065225778,0.4396270528528839
2023-06-21 06:00:00,0.21343426235020158,0.445455918610096
2023-06-21 07:00:00,0.26567696984857314,0.4253340282849967
2023-06-21 08:00:00,0.2889023675397039,0.3929869451094418
2023-06-21 09:00:00,0.37559962914325296,0.4420803337916731
2023-06-21 10:00:00,0.49426814688369636,0.5828129310533403
2023-06-21 11:00:00,0.5254974528215827,0.6649252553097904
2023-06-21 12:00:00,0.5870603164099156,0.6754728159867225
2023-06-21 13:00:00,0.6727800822630523,0.6942438029311596
2023-06-21 14:00:00,0.7119919927231966,0.7641264546848834
2023-06-21 15:00:00,0.683951030243188,0.7961822314560413
2023-06-21 16:00:00,0.6567690232768654,0.7998717450350522
2023-06-21 17:00:00,0.7835497829504311,0.8662593931518495
2023-06-21 18:00:00,0.6876043413020668,0.752586072385311
2023-06-21 19:00:00,0.6086976641230283,0.6185137721151113
2023-06-21 20:00:00,0.5086772330105305,0.49813368126749996
2023-06-21 21:00:00,0.3683114870078862,0.36605523146688934
2023-06-21 22:00:00,0.3102923892065882,0.30959932366386056
2023-06-21 23:00:00,0.2664512758329511,0.26135844946838915
2023-06-22 00:00:00,0.2514866451919079,0.23354880024679003
2023-06-22 01:00:00,0.31877113023772835,0.26541601056233044
2023-06-22 02:00:00,0.33631377248093486,0.25503871245309706
2023-06-22 03:00:00,0.27818869145587083,0.212616393584758
2023-06-22 04:00:00,0.2205180474929511,0.17639163540676236
2023-06-22 05:00:00,0.09280269532464445,0.09925415790639816
2023-06-22 06:00:00,0.048157888562418524,0.08159240778535602
2023-06-22 07:00:00,0.02511952206492424,0.04342425968497991
2023-06-22 08:00:00,0.027784459525719285,0.05661028606817127
2023-06-22 09:00:00,0.042484846198931336,0.06436042923014611
2023-06-22 10:00:00,0.04572706268168986,0.05660419696010649
2023-06-22 11:00:00,0.020277937310747805,0.03291536034084857
2023-06-22 12:00:00,0.0011340812826529144,0.005610183752141894
2023-06-22 13:00:00,0.0053558307280763984,0.001832735389471054
2023-06-22 14:00:00,0.015492506832815705,0.002583302673883736
2023-06-22 15:00:00,0.03934291226789355,0.007770031811669468
2023-06-22 16:00:00,0.07653747473377732,0.026252163066528736
2023-06-22 17:00:00,0.12818226944655178,0.04309668559581041
2023-06-22 18:00:00,0.16428133872337639,0.05317573742009699
2023-06-22 19:00:00,0.1488672389183193,0.04762905886396766
2023-06-22 20:00:00,0.07744554277509451,0.027289393171668057
2023-06-22 21:00:00,0.009250095137394967,0.0031970672868192195
2023-06-22 22:00:00,0.002249988089315593,0.0013274721102789042
2023-06-22 23:00:00,0.0017023265548050403,0.0016144658857956528
2023-06-23 00:00:00,0.0024866196746006607,0.002784934742376208
2023-06-23 01:00:00,0.00317962046712637,0.010417220862582328
2023-06-23 02:00:00,0.004291259688325225,0.01572627208661288
2023-06-23 03:00:00,0.010018855910748246,0.027195279151201252
2023-06-23 04:00:00,0.02763844275847078,0.045293376045301564
2023-06-23 05:00:00,0.02664964561350644,0.05055780663155019
2023-06-23 06:00:00,0.03704798720777035,0.06094846621155739
2023-06-23 07:00:00,0.03575062833726407,0.05741200994700193
2023-06-23 08:00:00,0.016129072546027603,0.036492444840259854
2023-06-23 09:00:00,0.0018010915024206044,0.015497575919143858
2023-06-23 10:00:00,3.430929966270923e-05,0.009039719621650875
2023-06-23 11:00:00,0.0011953953793272375,0.010577920586802066
2023-06-23 12:00:00,0.014512078459374605,0.03935357599984854
2023-06-23 13:00:00,0.0966286211227998,0.10020260290708392
2023-06-23 14:00:00,0.2677471478655934,0.20679984480142594
2023-06-23 15:00:00,0.3986373477615416,0.32561358831822873
2023-06-23 16:00:00,0.3687928094342351,0.3765429569222033
2023-06-23 17:00:00,0.48713746625930077,0.3752160303108394
2023-06-23 18:00:00,0.4778346317820252,0.3436236547864973
2023-06-23 19:00:00,0.4431047726608812,0.31623449506238105
2023-06-23 20:00:00,0.35982871655374765,0.23298605444841086
2023-06-23 21:00:00,0.19327028078027067,0.11018292063847182
2023-06-23 22:00:00,0.11966839239001273,0.07827396149281411
2023-06-23 23:00:00,0.092901715002954,0.06671029817312955
2023-06-24 00:00:00,0.09912344813346864,0.08453597323037683
2023-06-24 01:00:00,0.1092657984513789,0.08719008446671069
2023-06-24 02:00:00,0.11448784529231487,0.060110301142558456
2023-06-24 03:00:00,0.08335615139454602,0.029860031427815556
2023-06-24 04:00:00,0.059755471190437684,0.023888966469094157
2023-06-24 05:00:00,0.007890866580419242,0.01605634276289493
2023-06-24 06:00:00,0.016833609691821037,0.02251651207450777
2023-06-24 07:00:00,0.02563829096034169,0.019820927544496953
2023-06-24 08:00:00,0.01723311779089272,0.04864331813994796
2023-06-24 09:00:00,0.05481467326171696,0.1030268138507381
2023-06-24 10:00:00,0.15701900565065444,0.21142172202467918
2023-06-24 11:00:00,0.2695215697959066,0.38232124825939534
2023-06-24 12:00:00,0.37329907149076463,0.46980663573369374
2023-06-24 13:00:00,0.42757043456658717,0.5541608795337377
2023-06-24 14:00:00,0.5452765488624572,0.6410491843521595
2023-06-24 15:00:00,0.6511875188164412,0.6765570803359149
2023-06-24 16:00:00,0.7061452801711856,0.632729994319379
2023-06-24 17:00:00,0.6867878787592051,0.5159060467779636
2023-06-24 18:00:00,0.5992227251455187,0.35050410289317374
2023-06-24 19:00:00,0.4458833389356732,0.22793542399071154
2023-06-24 20:00:00,0.28695465890690686,0.11863755529746411
2023-06-24 21:00:00,0.0857577790133655,0.02159407135564834
2023-06-24 22:00:00,0.023336630561389033,0.005714999451301992
2023-06-24 23:00:00,0.015063001373782754,0.0077166021615266795
2023-06-25 00:00:00,0.047528267716988926,0.04978141151368618
2023-06-25 01:00:00,0.12913293721154329,0.10005514071322977
2023-06-25 02:00:00,0.16667740301229056,0.11125015782192348
2023-06-25 03:00:00,0.16652003710158167,0.10004519613459704
2023-06-25 04:00:00,0.134363345997408,0.08584675508551298
2023-06-25 05:00:00,0.0812024454958737,0.04086311850696803
2023-06-25 06:00:00,0.07632727972231806,0.04385786340571939
2023-06-25 07:00:00,0.03655654495581985,0.03193494148552418
2023-06-25 08:00:00,0.009707485144026577,0.058248446043580766
2023-06-25 09:00:00,0.03354083688464016,0.17288396795280275
2023-06-25 10:00:00,0.09625011508353054,0.3462041011825204
2023-06-25 11:00:00,0.16140312268398702,0.5872527610324323
2023-06-25 12:00:00,0.3391398970782757,0.7418742444738745
2023-06-25 13:00:00,0.5906600037775934,0.714096206948161
2023-06-25 14:00:00,0.7586799438856541,0.6024413880333304
2023-06-25 15:00:00,0.7466162342205641,0.5137416259944438
2023-06-25 16:00:00,0.6253511907160281,0.43217314960435027
2023-06-25 17:00:00,0.5366345863044262,0.44004708029329775
2023-06-25 18:00:00,0.40811465118080376,0.35553872145712373
2023-06-25 19:00:00,0.34597935914993283,0.3147604011557996
2023-06-25 20:00:00,0.267809738535434,0.2066893266700208
2023-06-25 21:00:00,0.10985643751919266,0.08487212926149366
2023-06-25 22:00:00,0.025486285113729537,0.03727759040426462
2023-06-25 23:00:00,0.007197831450030208,0.011129302000626923
2023-06-26 00:00:00,0.021339414790272713,0.0153531930828467
2023-06-26 01:00:00,0.03499312964733689,0.02814265080727637
2023-06-26 02:00:00,0.06678000443149358,0.06407163430470973
2023-06-26 03:00:00,0.14204273421317337,0.15333549771457908
2023-06-26 04:00:00,0.08926852842792869,0.2815450428798794
2023-06-26 05:00:00,0.12037432189565152,0.1615434065368026
2023-06-26 06:00:00,0.12004283138550816,0.09519482592586427
2023-06-26 07:00:00,0.06058634439948946,0.049270431417971855
2023-06-26 08:00:00,0.048232359779067334,0.060724237924441704
2023-06-26 09:00:00,0.1757148137316108,0.08552283662836999
2023-06-26 10:00:00,0.19247123621404172,0.21480506491847334
2023-06-26 11:00:00,0.10376937204971909,0.2924639823799952
2023-06-26 12:00:00,0.07961774150375275,0.23948345951735966
2023-06-26 13:00:00,0.06235036800149828,0.1344671593885869
2023-06-26 14:00:00,0.03227667258121074,0.09446602089330555
2023-06-26 15:00:00,0.03899265476036817,0.08496603401377796
2023-06-26 16:00:00,0.07480049374513328,0.08679724942892789
2023-06-26 17:00:00,0.013115093223750594,0.02348292421549559
2023-06-26 18:00:00,0.01971185051370412,0.042726647616364063
2023-06-26 19:00:00,0.02154891557991505,0.05817712251562625
2023-06-26 20:00:00,0.009730621818453073,0.03101366046350449
2023-06-26 21:00:00,0.0010080640902742745,0.00028868738096207377
2023-06-26 22:00:00,0.00022783143445849417,0.0
2023-06-26 23:00:00,0.00010657965205609798,0.0
2023-06-27 00:00:00,7.754363119602202e-05,0.00019158883485943077
2023-06-27 01:00:00,0.00022094166371971368,0.0008340694615617393
2023-06-27 02:00:00,0.0026531402999535204,0.0024617276713252063
2023-06-27 03:00:00,0.005417632553726434,0.003999860091134906
2023-06-27 04:00:00,0.006831615716218947,0.004689838304184377
2023-06-27 05:00:00,0.001539122238755226,0.001424795570783317
2023-06-27 06:00:00,0.0022955457819625736,0.003015518556348979
2023-06-27 07:00:00,0.0020226780278608204,0.002170750531367958
2023-06-27 08:00:00,0.0009769287705421446,0.0009977628057822585
2023-06-27 09:00:00,0.0011127900285646318,0.0010811035521328448
2023-06-27 10:00:00,0.0009581432770937681,0.002447740747593343
2023-06-27 11:00:00,0.00021409055683761834,0.002269900618121028
2023-06-27 12:00:00,0.0014902998553588986,0.005414272560738027
2023-06-27 13:00:00,0.013008216843008997,0.009231095118448138
2023-06-27 14:00:00,0.03958584157750011,0.014653523047454655
2023-06-27 15:00:00,0.06711856881156562,0.020233252174220978
2023-06-27 16:00:00,0.08691613270901143,0.02976815407630056
2023-06-27 17:00:00,0.07315002270042895,0.04088825608603658
2023-06-27 18:00:00,0.11396083341911437,0.07886709157377482
2023-06-27 19:00:00,0.14108116441406307,0.10911341049708426
2023-06-27 20:00:00,0.13387952561490235,0.11809343785978854
2023-06-27 21:00:00,0.042231654040515425,0.04197938955388965
2023-06-27 22:00:00,0.01369241221342236,0.015332289016805589
2023-06-27 23:00:00,0.014364203987643123,0.020322696194052702
2023-06-28 00:00:00,0.047908130446448934,0.03895275671035051
2023-06-28 01:00:00,0.17257446128875015,0.12239366661757231
2023-06-28 02:00:00,0.25687324386090044,0.19932639665901655
2023-06-28 03:00:00,0.2754271831177175,0.25177591163665053
2023-06-28 04:00:00,0.27645804280415176,0.29920100864022964
2023-06-28 05:00:00,0.3437388574145734,0.40937766695395106
2023-06-28 06:00:00,0.4016568268276751,0.44224949030205607
2023-06-28 07:00:00,0.22306074341759083,0.27807420197874305
2023-06-28 08:00:00,0.20039528096094725,0.19071911562234162
2023-06-28 09:00:00,0.09249275101348757,0.14961985316127538
2023-06-28 10:00:00,0.061068216031417245,0.14519457108341155
2023-06-28 11:00:00,0.08661264264956116,0.20260227530263358
2023-06-28 12:00:00,0.07695917204022408,0.17760696941986678
2023-06-28 13:00:00,0.02872833838220686,0.11505169448442755
2023-06-28 14:00:00,0.009733429825864733,0.0767369825206697
2023-06-28 15:00:00,0.013674281258136037,0.05841736653354019
2023-06-28 16:00:00,0.041352373156696556,0.04251351606100798
2023-06-28 17:00:00,0.029197003860026598,0.012219037781469523
2023-06-28 18:00:00,0.03462543782312423,0.019045600579120216
2023-06-28 19:00:00,0.029931093072518712,0.01911282284650952
2023-06-28 20:00:00,0.029088788945227866,0.01575797895900905
2023-06-28 21:00:00,0.0038096796814352267,0.0013662273483350871
2023-06-28 22:00:00,0.0042074949247762556,0.0014730699826031924
2023-06-28 23:00:00,0.004652208955958486,0.0017416503746062518
2023-06-29 00:00:00,0.010135194435715675,0.00992438968271017
2023-06-29 01:00:00,0.012450949447229505,0.01793071530293673
2023-06-29 02:00:00,0.014789202143438158,0.020341314366087316
2023-06-29 03:00:00,0.01940482465550304,0.0211065869173035
2023-06-29 04:00:00,0.02631062462925911,0.026221054592169824
2023-06-29 05:00:00,0.06994877950288354,0.06275615026243031
2023-06-29 06:00:00,0.055209777280688294,0.06693237600382418
2023-06-29 07:00:00,0.058627500459551805,0.08399956778623163
2023-06-29 08:00:00,0.09709154282696544,0.1059904834628105
2023-06-29 09:00:00,0.12169985895976422,0.11184772554785011
2023-06-29 10:00:00,0.20245551294647152,0.1838864863431081
2023-06-29 11:00:00,0.40125499971210954,0.3568306764075532
2023-06-29 12:00:00,0.565035845581442,0.5450224723573773
2023-06-29 13:00:00,0.5812677375227213,0.581201717276126
2023-06-29 14:00:00,0.5767542576231062,0.5649039986915886
2023-06-29 15:00:00,0.5509855122305453,0.5079784921556711
2023-06-29 16:00:00,0.5607888988777994,0.5121773390285671
2023-06-29 17:00:00,0.4195940212905407,0.3521516874805093
2023-06-29 18:00:00,0.39709988549351694,0.31292845133692027
2023-06-29 19:00:00,0.36928901137784115,0.28523123720660803
2023-06-29 20:00:00,0.30493304975330826,0.22206637957133346
2023-06-29 21:00:00,0.13468913738615806,0.08221546271815895
2023-06-29 22:00:00,0.09457683907821773,0.05236167653929442
2023-06-29 23:00:00,0.10424382993951439,0.06491658777929842
2023-06-30 00:00:00,0.15585113663226363,0.09698239095509051
2023-06-30 01:00:00,0.17682160517200823,0.11672949894331394
2023-06-30 02:00:00,0.166186095662415,0.11963583513163029
2023-06-30 03:00:00,0.14761873086914418,0.11359891545958815
2023-06-30 04:00:00,0.14134019345045087,0.10885796923190354
2023-06-30 05:00:00,0.029514795336872342,0.027911233175545936
2023-06-30 06:00:00,0.03604325970634818,0.031563976621255284
2023-06-30 07:00:00,0.012004271661862728,0.0197968577593565
2023-06-30 08:00:00,0.009835438025183977,0.010118806320242585
2023-06-30 09:00:00,0.014347340129315855,0.013860724195837976
2023-06-30 10:00:00,0.04040050147566945,0.058629866475239385
2023-06-30 11:00:00,0.09211746874731033,0.17450174504425373
2023-06-30 12:00:00,0.174180379207246,0.3273835597047582
2023-06-30 13:00:00,0.28955836739856744,0.5035680057946592
2023-06-30 14:00:00,0.3922334138071165,0.5592382999137043
2023-06-30 15:00:00,0.4025417448766529,0.5202989108674227
2023-06-30 16:00:00,0.22501844972372054,0.37782006060704587
2023-06-30 17:00:00,0.30785428410861637,0.26381994524504987
2023-06-30 18:00:00,0.3515355350496247,0.25462470181751995
2023-06-30 19:00:00,0.35818635307718066,0.24953229009173808
2023-06-30 20:00:00,0.35844239874277267,0.1991203189315274
2023-06-30 21:00:00,0.24863204859197136,0.10544810276478528
2023-06-30 22:00:00,0.14726656389422713,0.10751305225305258
2023-06-30 23:00:00,0.05805642123799771,0.08949518697336317
2023-07-01 00:00:00,0.03706908236257732,0.06722995664924383
2023-07-01 01:00:00,0.04201516258530319,0.04254404382314533
2023-07-01 02:00:00,0.04251133922487498,0.032792930016294124
2023-07-01 03:00:00,0.026885716854594652,0.023777321679517627
2023-07-01 04:00:00,0.016532853203825658,0.023792788395658133
2023-07-01 05:00:00,0.08093763363547622,0.07763614557217806
2023-07-01 06:00:00,0.1176952498126775,0.08863542914856226
2023-07-01 07:00:00,0.09733336474746464,0.08386149038095028
2023-07-01 08:00:00,0.10545095465146007,0.07274673760402947
2023-07-01 09:00:00,0.18702081371098755,0.1703933442384004
2023-07-01 10:00:00,0.32960735829547044,0.37070375179871917
2023-07-01 11:00:00,0.44455229260027407,0.5114645725023002
2023-07-01 12:00:00,0.43914850915782144,0.5045509595423937
2023-07-01 13:00:00,0.426335677523166,0.4892774319462478
2023-07-01 14:00:00,0.4498331000842154,0.5053858244977891
2023-07-01 15:00:00,0.42535580491647107,0.4596572629641741
2023-07-01 16:00:00,0.4007274306938053,0.4145746825169772
2023-07-01 17:00:00,0.34145748717710367,0.5077919244207442
2023-07-01 18:00:00,0.43943449085578323,0.5988218512572347
2023-07-01 19:00:00,0.4916916468925773,0.6139081804268061
2023-07-01 20:00:00,0.489008338972926,0.5446815378963947
2023-07-01 21:00:00,0.2939985304325819,0.3250832206197082
2023-07-01 22:00:00,0.23341606164351097,0.24199216295033688
2023-07-01 23:00:00,0.16056490786373612,0.17096740355715156
2023-07-02 00:00:00,0.11604746705852446,0.12602945432066917
2023-07-02 01:00:00,0.11849696041084826,0.12253507107496257
2023-07-02 02:00:00,0.16933140498585997,0.14176440842449667
2023-07-02 03:00:00,0.2396513229608535,0.22149798908270896
2023-07-02 04:00:00,0.4051773247309029,0.41129112873226403
2023-07-02 05:00:00,0.28580477913841607,0.28804239111021157
2023-07-02 06:00:00,0.4053618675936013,0.3952189323958009
2023-07-02 07:00:00,0.8610940491501241,0.593474252745509
2023-07-02 08:00:00,0.9813428151048718,0.8115808963216841
2023-07-02 09:00:00,0.9952195069566369,0.8727182190492748
2023-07-02 10:00:00,0.9684194987267256,0.9931168179959059
2023-07-02 11:00:00,0.9956265391781925,0.9965336322039365
2023-07-02 12:00:00,0.9843010664731265,0.9971507798880339
2023-07-02 13:00:00,0.9247256347350776,0.9699447250925004
2023-07-02 14:00:00,0.7676052483730017,0.8428873902373015
2023-07-02 15:00:00,0.7092860633879899,0.674696413632482
2023-07-02 16:00:00,0.6312971806526181,0.5828874736092984
2023-07-02 17:00:00,0.7547775534912944,0.7322832944430409
2023-07-02 18:00:00,0.7982735216058789,0.7060365906171497
2023-07-02 19:00:00,0.9295781238749622,0.7436454023793339
2023-07-02 20:00:00,0.9339614732190966,0.8099081403948367
2023-07-02 21:00:00,0.8420997077040375,0.8313497855141757
2023-07-02 22:00:00,0.6118590386956928,0.671322800721973
2023-07-02 23:00:00,0.629006959553808,0.5270259692147373
2023-07-03 00:00:00,0.9087525480240582,0.5522880680486559
2023-07-03 01:00:00,0.9988688861951232,0.7359173315577207
2023-07-03 02:00:00,1.0,0.9034936215355992
2023-07-03 03:00:00,1.0,0.9659308814071118
2023-07-03 04:00:00,1.0,0.9778859853185714
2023-07-03 05:00:00,1.0,0.9992534217610956
2023-07-03 06:00:00,1.0,0.9980714001879096
2023-07-03 07:00:00,1.0,0.9960283955559135
2023-07-03 08:00:00,1.0,1.0
2023-07-03 09:00:00,1.0,1.0
2023-07-03 10:00:00,0.9968971510976553,0.9661347062885761
2023-07-03 11:00:00,0.9672833754867315,0.8565291486121713
2023-07-03 12:00:00,0.9292395122162996,0.7241896737366914
2023-07-03 13:00:00,0.9346327840723094,0.6441543361358344
2023-07-03 14:00:00,0.92716567536816,0.6587671311385928
2023-07-03 15:00:00,0.939549392517656,0.7616662471555171
2023-07-03 16:00:00,0.9742269821837544,0.8659548791870475
2023-07-03 17:00:00,1.0,0.9879544495604933
2023-07-03 18:00:00,1.0,0.9900772685557604
2023-07-03 19:00:00,1.0,0.9920271626673639
2023-07-03 20:00:00,0.9949893038719893,0.942194694224745
2023-07-03 21:00:00,0.9947006982192398,0.9379831040650606
2023-07-03 22:00:00,0.9989979329705237,0.9737588396295904
2023-07-03 23:00:00,1.0,0.9949468430504202
2023-07-04 00:00:00,1.0,1.0
2023-07-04 01:00:00,1.0,1.0
2023-07-04 02:00:00,1.0,1.0
2023-07-04 03:00:00,1.0,1.0
2023-07-04 04:00:00,1.0,1.0
2023-07-04 05:00:00,1.0,1.0
2023-07-04 06:00:00,0.9998070976510643,0.996847658753395
2023-07-04 07:00:00,1.0,1.0
2023-07-04 08:00:00,1.0,0.9991973291710019
2023-07-04 09:00:00,0.982939260583371,0.9938930037990212
2023-07-04 10:00:00,0.9348654520511627,0.9579709887877105
2023-07-04 11:00:00,0.909561486467719,0.8864979209564625
2023-07-04 12:00:00,0.8275316126830876,0.828002049177885
2023-07-04 13:00:00,0.7152731082774697,0.7644762421771882
2023-07-04 14:00:00,0.5349177111685276,0.6170010075904427
2023-07-04 15:00:00,0.4312989535741508,0.5378723589517176
2023-07-04 16:00:00,0.27191031634807583,0.4258087127655744
2023-07-04 17:00:00,0.3015562758594751,0.48242183756083246
2023-07-04 18:00:00,0.2022372284345329,0.3394428871385753
2023-07-04 19:00:00,0.13645040219649668,0.19183145815506575
2023-07-04 20:00:00,0.07220932938158511,0.0962976039480418
2023-07-04 21:00:00,0.040741636073216805,0.03703523455187679
2023-07-04 22:00:00,0.03450422679074109,0.017046401780098676
2023-07-04 23:00:00,0.04146899686194957,0.03343198109418154
2023-07-05 00:00:00,0.04778181842528284,0.04925485538318754
2023-07-05 01:00:00,0.04183105048723519,0.0505606147646904
2023-07-05 02:00:00,0.03585193070583046,0.05165721178986132
2023-07-05 03:00:00,0.04217516440898181,0.06145934251137078
2023-07-05 04:00:00,0.04932567612268031,0.0690755155030638
2023-07-05 05:00:00,0.11967148431576788,0.08973993632011117
2023-07-05 06:00:00,0.10406065305694936,0.07191624781582504
2023-07-05 07:00:00,0.0709364123828709,0.04739881170913577
2023-07-05 08:00:00,0.04046569040510803,0.025033458378165965
2023-07-05 09:00:00,0.007651341962628067,0.003876977879554033
2023-07-05 10:00:00,0.0008774164645001292,0.005575871001929045
2023-07-05 11:00:00,0.0003628973523154854,0.0004413115093484521
2023-07-05 12:00:00,0.0015306195756420492,0.0038695734739303588
2023-07-05 13:00:00,0.012254555444233121,0.019588372320868075
2023-07-05 14:00:00,0.03976201983634383,0.04229233026970178
2023-07-05 15:00:00,0.060013029370456925,0.05065738050732763
2023-07-05 16:00:00,0.0694462111638859,0.048634773460216815
2023-07-05 17:00:00,0.097213656893,0.04115149510093033
2023-07-05 18:00:00,0.09484682644717395,0.03496215592138469
2023-07-05 19:00:00,0.09656060978770253,0.031462331269867715
2023-07-05 20:00:00,0.053961692480370395,0.01880333629902452
2023-07-05 21:00:00,0.011036472213454543,0.004544962174259126
2023-07-05 22:00:00,0.0073779159784317025,0.004307485339231789
2023-07-05 23:00:00,0.017049506809562444,0.009807973220013083
2023-07-06 00:00:00,0.017800494134426116,0.009912367248907686
2023-07-06 01:00:00,0.02080569666810334,0.0111077512614429
2023-07-06 02:00:00,0.017895430298522114,0.01085733389016241
2023-07-06 03:00:00,0.012955034081824125,0.010918633341789243
2023-07-06 04:00:00,0.014074187171645464,0.017557029044255615
2023-07-06 05:00:00,0.01755364974960685,0.022334985174238684
2023-07-06 06:00:00,0.034209645329974586,0.0431791528267786
2023-07-06 07:00:00,0.027572758374735714,0.04821573195978999
2023-07-06 08:00:00,0.01720281817950308,0.045473945122212166
2023-07-06 09:00:00,0.011491942629218101,0.03839970792178065
2023-07-06 10:00:00,0.021310335332527755,0.040577589860185975
2023-07-06 11:00:00,0.04926674741785973,0.059049369613640004
2023-07-06 12:00:00,0.06339006268419325,0.06475850136950613
2023-07-06 13:00:00,0.05981516070663929,0.049570166277699175
2023-07-06 14:00:00,0.039789882740005854,0.024928535078652208
2023-07-06 15:00:00,0.01732062402646989,0.009914903743192554
2023-07-06 16:00:00,0.007202092027291655,0.009225760833360255
2023-07-06 17:00:00,0.028775175474584105,0.047020276328548785
2023-07-06 18:00:00,0.13990536687895652,0.10127767727710306
2023-07-06 19:00:00,0.2349914479628205,0.19001419770531355
2023-07-06 20:00:00,0.16148543815128502,0.1849971329607069
2023-07-06 21:00:00,0.037941026799380786,0.0506174601893872
2023-07-06 22:00:00,0.012081342274323106,0.010360902273096143
2023-07-06 23:00:00,0.013712574490346015,0.009669004487805069
2023-07-07 00:00:00,0.025839554537087684,0.021051747305318717
2023-07-07 01:00:00,0.06336247253231703,0.06677703364752234
2023-07-07 02:00:00,0.10950942935422059,0.11638678614050152
2023-07-07 03:00:00,0.13556492668576536,0.15068222347646948
2023-07-07 04:00:00,0.14939603436738247,0.1617537641897797
2023-07-07 05:00:00,0.18743240813724696,0.32954059099778527
2023-07-07 06:00:00,0.16637375982478259,0.21848620716482398
2023-07-07 07:00:00,0.28995362551882853,0.23466880174353716
2023-07-07 08:00:00,0.2645410944521427,0.30035831024870274
2023-07-07 09:00:00,0.1735552402306348,0.2123506932239979
2023-07-07 10:00:00,0.11622158862650395,0.17154931154102085
2023-07-07 11:00:00,0.08409360360354184,0.18055849003605548
2023-07-07 12:00:00,0.060889575262553994,0.1698346607107669
2023-07-07 13:00:00,0.06376277912873775,0.20961062812246378
2023-07-07 14:00:00,0.05275287344586103,0.20304196563549334
2023-07-07 15:00:00,0.03382696414832025,0.16307224896736444
2023-07-07 16:00:00,0.018123020329512653,0.12310027042403814
2023-07-07 17:00:00,0.0011252033803611993,0.02873504508752376
2023-07-07 18:00:00,0.0005468267807736992,0.010450864173471928
2023-07-07 19:00:00,0.0005133529845625161,0.007433196706697346
2023-07-07 20:00:00,5.38330478593707e-05,0.01790814757347107
2023-07-07 21:00:00,0.0,0.006163464761339129
2023-07-07 22:00:00,0.0,0.004759052456356585
2023-07-07 23:00:00,0.0007447812287136911,0.008882403196766973
2023-07-08 00:00:00,0.007268681456334889,0.010405613216571508
2023-07-08 01:00:00,0.021559269842691717,0.007112712766975164
2023-07-08 02:00:00,0.04326378518715501,0.011068179234862327
2023-07-08 03:00:00,0.04788744470104575,0.013843181636184455
2023-07-08 04:00:00,0.05426370520144701,0.01840347434859723
2023-07-08 05:00:00,0.09362415740266443,0.05732901649083942
2023-07-08 06:00:00,0.0957220962177962,0.11125026111491022
2023-07-08 07:00:00,0.09881771836429834,0.1474959915783256
2023-07-08 08:00:00,0.11673288910649715,0.10856358161196113
2023-07-08 09:00:00,0.15918962923809887,0.10973663697950543
2023-07-08 10:00:00,0.25978865440934895,0.15154201240278778
2023-07-08 11:00:00,0.34958020590245725,0.20677550950087603
2023-07-08 12:00:00,0.36849572364240885,0.2696682283841073
2023-07-08 13:00:00,0.34659314410760994,0.29632421944290405
2023-07-08 14:00:00,0.3087544351071119,0.2653758301166817
2023-07-08 15:00:00,0.26734368171542877,0.2299825732270255
2023-07-08 16:00:00,0.2255745479650795,0.19365812784992154
2023-07-08 17:00:00,0.22666515195742246,0.20209872815757993
2023-07-08 18:00:00,0.16398840544745324,0.11994686500169335
2023-07-08 19:00:00,0.11909141714684662,0.06460990094114095
2023-07-08 20:00:00,0.055410185055807235,0.017426811400800945
2023-07-08 21:00:00,0.005536874551326037,0.0004865345126017929
2023-07-08 22:00:00,0.0008432303322479129,4.1348156519234176e-05
2023-07-08 23:00:00,0.0003021178767085075,2.2222613915801047e-05
2023-07-09 00:00:00,0.0,5.9101507067680354e-05
2023-07-09 01:00:00,0.0,0.000534628601744771
2023-07-09 02:00:00,0.0008831334672868251,0.003201532680541277
2023-07-09 03:00:00,0.00778330871835351,0.012016156637109818
2023-07-09 04:00:00,0.030040952949784695,0.03242281882558018
2023-07-09 05:00:00,0.036101376404985785,0.040189181650057436
2023-07-09 06:00:00,0.04869683333672583,0.05628462482243776
2023-07-09 07:00:00,0.056899414239451294,0.06263613938819618
2023-07-09 08:00:00,0.06556422132998704,0.0650641673989594
2023-07-09 09:00:00,0.061328950626775625,0.05576548973098397
2023-07-09 10:00:00,0.07328357390128075,0.06261448400095104
2023-07-09 11:00:00,0.07470052580349146,0.076442352514714
2023-07-09 12:00:00,0.03606434419285506,0.06289084135089068
2023-07-09 13:00:00,0.008034334210678935,0.034081343878060576
2023-07-09 14:00:00,0.0021970267267897724,0.01606142755132169
2023-07-09 15:00:00,0.005873364373110235,0.01248616865370423
2023-07-09 16:00:00,0.013550137537531554,0.01843822745606303
2023-07-09 17:00:00,0.008852014727890493,0.011959334742277861
2023-07-09 18:00:00,0.02484013483393937,0.019457554928958416
2023-07-09 19:00:00,0.04404445162508637,0.02782182223163545
2023-07-09 20:00:00,0.06196162509266287,0.03058703570626676
2023-07-09 21:00:00,0.045530205206014224,0.017975085079669953
2023-07-09 22:00:00,0.017813056968152524,0.00829346067737788
2023-07-09 23:00:00,0.027945161545649168,0.014936129385605455
2023-07-10 00:00:00,0.03422768882941456,0.020764793003909293
2023-07-10 01:00:00,0.03851236130110919,0.02376253490801901
2023-07-10 02:00:00,0.06968604376539587,0.042361383452080195
2023-07-10 03:00:00,0.13533761041238904,0.07538772381842136
2023-07-10 04:00:00,0.18951199876144526,0.10883516287431122
2023-07-10 05:00:00,0.10281748680397867,0.08447783343493938
2023-07-10 06:00:00,0.23177762664854526,0.16050242029130457
2023-07-10 07:00:00,0.4348162110149861,0.25677356483414765
2023-07-10 08:00:00,0.47920032886788244,0.4498465358279645
2023-07-10 09:00:00,0.3176377634517848,0.46565554009750476
2023-07-10 10:00:00,0.24553977997973558,0.44112378014251585
2023-07-10 11:00:00,0.3121963974460959,0.41513447124511005
2023-07-10 12:00:00,0.30686128227040166,0.391751979328692
2023-07-10 13:00:00,0.21884722527116535,0.34596521450206635
2023-07-10 14:00:00,0.19408101778477424,0.32760778602212665
2023-07-10 15:00:00,0.24827988527715206,0.38597235269844526
2023-07-10 16:00:00,0.32038154492154713,0.46342068546451626
2023-07-10 17:00:00,0.39092860443517563,0.40828792116604745
2023-07-10 18:00:00,0.47739697769284256,0.47482788037508716
2023-07-10 19:00:00,0.4560416088998318,0.49816584337502723
2023-07-10 20:00:00,0.3186918958835303,0.39058012330904596
2023-07-10 21:00:00,0.2955831078253686,0.2851272465661168
2023-07-10 22:00:00,0.3754446918144822,0.3137684776820242
2023-07-10 23:00:00,0.42229003239423035,0.44124826719984417
2023-07-11 00:00:00,0.47297328174114217,0.5776646309532224
2023-07-11 01:00:00,0.46757527951151134,0.647013671454042
2023-07-11 02:00:00,0.555113072246313,0.6495682194270191
2023-07-11 03:00:00,0.5126944890618325,0.6445695892535149
2023-07-11 04:00:00,0.4756918519735337,0.5925453989580273
2023-07-11 05:00:00,0.20687608959153292,0.5179317106492817
2023-07-11 06:00:00,0.4002736429870128,0.7243921373412012
2023-07-11 07:00:00,0.6337310778722166,0.7965678710117936
2023-07-11 08:00:00,0.6421048672497272,0.7890875102020799
2023-07-11 09:00:00,0.5968426552787421,0.8043737244419753
2023-07-11 10:00:00,0.6337329151108859,0.8527816290967165
2023-07-11 11:00:00,0.805793213956058,0.9139195229113103
2023-07-11 12:00:00,0.862986590657383,0.925961366072297
2023-07-11 13:00:00,0.9146554081141947,0.9422916409373284
2023-07-11 14:00:00,0.9282959952950476,0.9252067508921028
2023-07-11 15:00:00,0.8935906119458377,0.9159991190396249
2023-07-11 16:00:00,0.789026963803917,0.896684871315956
2023-07-11 17:00:00,0.6669009002298115,0.8106940574757753
2023-07-11 18:00:00,0.6337558952160178,0.7967136272788048
2023-07-11 19:00:00,0.45410710999742154,0.574723486881703
2023-07-11 20:00:00,0.23325543113052843,0.3484555926453322
2023-07-11 21:00:00,0.1697207682020962,0.18561924871988594
2023-07-11 22:00:00,0.17946689337491983,0.13214074796065686
2023-07-11 23:00:00,0.18676383516751227,0.12021358400583268
2023-07-12 00:00:00,0.18139537325128913,0.09627868259325623
2023-07-12 01:00:00,0.15881536667235197,0.0647339468402788
2023-07-12 02:00:00,0.12795189480297267,0.05294800175353885
2023-07-12 03:00:00,0.0935976612381637,0.04475496616214514
2023-07-12 04:00:00,0.05885062454733997,0.031085278643295168
2023-07-12 05:00:00,0.09585160030983388,0.03727474874816835
2023-07-12 06:00:00,0.06865615750662983,0.05374702078290283
2023-07-12 07:00:00,0.025450511556118726,0.042312254006974394
2023-07-12 08:00:00,0.03382235988043249,0.024656967762857678
2023-07-12 09:00:00,0.08789097096771002,0.047857766388915486
2023-07-12 10:00:00,0.15020966262556606,0.08307293852325529
2023-07-12 11:00:00,0.21265241388231512,0.13345015820115802
2023-07-12 12:00:00,0.2045611219946295,0.13501235685311258
2023-07-12 13:00:00,0.16507023634389037,0.11389039603061975
2023-07-12 14:00:00,0.09416758019011465,0.0941273505007848
2023-07-12 15:00:00,0.048547390201129026,0.08615936005022376
2023-07-12 16:00:00,0.031741284169256694,0.06059188563842327
2023-07-12 17:00:00,0.08938380710314958,0.14047123417258262
2023-07-12 18:00:00,0.043172027291730045,0.12040680217556655
2023-07-12 19:00:00,0.021359835797920824,0.0852303262334317
2023-07-12 20:00:00,0.006301131369546057,0.05568765643518418
2023-07-12 21:00:00,0.0030553107568994167,0.035815809923224154
2023-07-12 22:00:00,0.0025985317444428804,0.026475077285431328
2023-07-12 23:00:00,0.0011463096644729375,0.01732992392964661
2023-07-13 00:00:00,0.0012761406460776925,0.016933470820076763
2023-07-13 01:00:00,0.011578930523246525,0.02196935260668397
2023-07-13 02:00:00,0.028583988239988686,0.03334801653865725
2023-07-13 03:00:00,0.028382124849595132,0.05596088577993215
2023-07-13 04:00:00,0.039966984782367945,0.07151163730770349
2023-07-13 05:00:00,0.04495144944638014,0.09529877303168177
2023-07-13 06:00:00,0.1068866781517863,0.1179351886641234
2023-07-13 07:00:00,0.2218710864521563,0.18485498221591118
2023-07-13 08:00:00,0.3018372267857194,0.26815382294356815
2023-07-13 09:00:00,0.12263765498064458,0.22730552155524492
2023-07-13 10:00:00,0.1340463602170348,0.195733695467934
2023-07-13 11:00:00,0.2976820213720201,0.3203287510946392
2023-07-13 12:00:00,0.34411713533103455,0.3828737568669021
2023-07-13 13:00:00,0.34055535003542897,0.3562245553545654
2023-07-13 14:00:00,0.3410584976337849,0.36179315906018017
2023-07-13 15:00:00,0.3618901851214468,0.37472673965618014
2023-07-13 16:00:00,0.37829256072640416,0.37596333304420104
2023-07-13 17:00:00,0.5250782786309719,0.4969561480917037
2023-07-13 18:00:00,0.4986838583648206,0.4814836648106575
2023-07-13 19:00:00,0.44062997087836264,0.40947316769510506
2023-07-13 20:00:00,0.3791930544562638,0.29468539336696264
2023-07-13 21:00:00,0.2725365370325744,0.16426300844177602
2023-07-13 22:00:00,0.3047398081049323,0.17204971641302108
2023-07-13 23:00:00,0.3327023749426007,0.20772220710292455
2023-07-14 00:00:00,0.2987603972665965,0.23596028514206405
2023-07-14 01:00:00,0.2988095790334046,0.2819794464297592
2023-07-14 02:00:00,0.3323227127455174,0.33613317303359497
2023-07-14 03:00:00,0.4154118490219116,0.4038349703326821
2023-07-14 04:00:00,0.5108904089033605,0.47018592044711116
2023-07-14 05:00:00,0.5581881741620601,0.5091658122465014
2023-07-14 06:00:00,0.3958202417613938,0.5828664463572204
2023-07-14 07:00:00,0.4269120844826102,0.29857467262074344
2023-07-14 08:00:00,0.8568503997661173,0.4427103289961815
2023-07-14 09:00:00,0.46515114871785035,0.5753414367511869
2023-07-14 10:00:00,0.33704697348177426,0.4684749807789922
2023-07-14 11:00:00,0.5611735171638428,0.46206898018717757
2023-07-14 12:00:00,0.6806990000791845,0.5610734469071029
2023-07-14 13:00:00,0.6700568843074141,0.6384690343774854
2023-07-14 14:00:00,0.679814611878246,0.6509274997189638
2023-07-14 15:00:00,0.7148761692270635,0.6786987510696052
2023-07-14 16:00:00,0.7571989979036152,0.6868640661612152
2023-07-14 17:00:00,0.8468932609446346,0.7616437578946351
2023-07-14 18:00:00,0.8213042708858846,0.7318275904469189
2023-07-14 19:00:00,0.8141740235872565,0.6984582746215163
2023-07-14 20:00:00,0.8219950982369482,0.7192022964172063
2023-07-14 21:00:00,0.701304026171565,0.5479069777205586
2023-07-14 22:00:00,0.8675123246200382,0.6353766905702649
2023-07-14 23:00:00,0.8779176569730043,0.704425329901278
2023-07-15 00:00:00,0.8050725460983812,0.739532705694437
2023-07-15 01:00:00,0.7953760437294842,0.7853029405884443
2023-07-15 02:00:00,0.8282799396105109,0.8600733548216521
2023-07-15 03:00:00,0.8910544771887361,0.9089143190346659
2023-07-15 04:00:00,0.954987572543323,0.9487787965871395
2023-07-15 05:00:00,0.9542263910733163,0.9676947108469902
2023-07-15 06:00:00,0.9114135527610779,0.9667974895611404
2023-07-15 07:00:00,0.8354138153605163,0.8787525450624525
2023-07-15 08:00:00,0.7228735142759978,0.7433179374597965
2023-07-15 09:00:00,0.46487219799309965,0.5066701702773571
2023-07-15 10:00:00,0.2550559657439589,0.35197514237836
2023-07-15 11:00:00,0.1388324256148189,0.21231486679054792
2023-07-15 12:00:00,0.1028301912220195,0.10668116068467497
2023-07-15 13:00:00,0.089127668463625,0.0600714177917689
2023-07-15 14:00:00,0.07990746177267283,0.04010345085989684
2023-07-15 15:00:00,0.08722662663087248,0.04092282935976981
2023-07-15 16:00:00,0.10321257706265898,0.04952178890351206
2023-07-15 17:00:00,0.186899015661329,0.11205497866962102
2023-07-15 18:00:00,0.24879020787775513,0.1784406947158277
2023-07-15 19:00:00,0.2636829689703881,0.21458198744803667
2023-07-15 20:00:00,0.1786784115526825,0.1500812668632716
2023-07-15 21:00:00,0.08603999761864543,0.050120235388167206
2023-07-15 22:00:00,0.08991197136230768,0.0487688044598326
2023-07-15 23:00:00,0.12558245200663803,0.08454086408950388
2023-07-16 00:00:00,0.1747202381119132,0.1542263926565647
2023-07-16 01:00:00,0.22048639505170287,0.18466731425374744
2023-07-16 02:00:00,0.3145023414492607,0.22496148118749257
2023-07-16 03:00:00,0.385858133547008,0.3118368518352508
2023-07-16 04:00:00,0.3682970325835049,0.3168433768115938
2023-07-16 05:00:00,0.43628322500735517,0.41549882726743825
2023-07-16 06:00:00,0.43418314654380086,0.4144333394803107
2023-07-16 07:00:00,0.30278406115248796,0.36248934393748633
2023-07-16 08:00:00,0.18846893923357128,0.2678495639376342
2023-07-16 09:00:00,0.1300206557847559,0.1969953949563205
2023-07-16 10:00:00,0.09662894692271948,0.15268824665807185
2023-07-16 11:00:00,0.14311024342663586,0.2312898053973913
2023-07-16 12:00:00,0.21034176966175436,0.28784354828298087
2023-07-16 13:00:00,0.2476397010311484,0.3045511205494403
2023-07-16 14:00:00,0.2478812129050493,0.2910348650068044
2023-07-16 15:00:00,0.22912839939817786,0.25090268140658734
2023-07-16 16:00:00,0.19188402598723764,0.21582090254873032
2023-07-16 17:00:00,0.07941314823925495,0.0939907294511795
2023-07-16 18:00:00,0.06724510847590866,0.055270026577636605
2023-07-16 19:00:00,0.0716373253799975,0.061033685840666284
2023-07-16 20:00:00,0.06955241954885423,0.042165251756086944
2023-07-16 21:00:00,0.05484428908675909,0.03150476709473878
2023-07-16 22:00:00,0.04320715395733714,0.04139932766091078
2023-07-16 23:00:00,0.04382534473203123,0.04923388574738055
2023-07-17 00:00:00,0.07158035320695488,0.05199065953958778
2023-07-17 01:00:00,0.09356889548711479,0.06956515934318304
2023-07-17 02:00:00,0.10173306880518793,0.08364318885840476
2023-07-17 03:00:00,0.10863056131638588,0.09972167002968489
2023-07-17 04:00:00,0.12206358113326131,0.12259805688634515
2023-07-17 05:00:00,0.12711407773196698,0.11294915207661688
2023-07-17 06:00:00,0.11311690962873396,0.1253272078419104
2023-07-17 07:00:00,0.13627213274128736,0.1723937766719609
2023-07-17 08:00:00,0.3116938489489257,0.32895560422912234
2023-07-17 09:00:00,0.6290224888734518,0.5974481492303311
2023-07-17 10:00:00,0.875058932248503,0.8519646770693361
2023-07-17 11:00:00,0.9593518638983368,0.9420747036673129
2023-07-17 12:00:00,0.9871566933207213,0.9806517129018902
2023-07-17 13:00:00,0.9972902324050665,0.9963780552521347
2023-07-17 14:00:00,1.0,0.9994752044603229
2023-07-17 15:00:00,1.0,0.9991126887127757
2023-07-17 16:00:00,1.0,0.9981575662642717
2023-07-17 17:00:00,1.0,0.9952475793100892
2023-07-17 18:00:00,1.0,0.9913185992091893
2023-07-17 19:00:00,1.0,0.9937465695478022
2023-07-17 20:00:00,1.0,0.9865992563590408
2023-07-17 21:00:00,0.9995680011808872,0.9468565456755459
2023-07-17 22:00:00,0.9935763665661217,0.9244987808540462
2023-07-17 23:00:00,0.9592997043579816,0.8952207993157207
2023-07-18 00:00:00,0.8765843212604522,0.8274772121757269
2023-07-18 01:00:00,0.787695875838399,0.7761235652863979
2023-07-18 02:00:00,0.7408169170841572,0.699844867857173
2023-07-18 03:00:00,0.6317933198064566,0.5718155454285442
2023-07-18 04:00:00,0.4509954775962978,0.48607362663373344
2023-07-18 05:00:00,0.31140474631451065,0.18164711849298323
2023-07-18 06:00:00,0.2870537978364154,0.1877087376406416
2023-07-18 07:00:00,0.3667109805112705,0.21048608579672873
2023-07-18 08:00:00,0.5468719123862684,0.4054229853535071
2023-07-18 09:00:00,0.772794281039387,0.6365114079602062
2023-07-18 10:00:00,0.914993028230965,0.839600830990821
2023-07-18 11:00:00,0.9102032933756707,0.8076879892498253
2023-07-18 12:00:00,0.8927974693663417,0.709705541618168
2023-07-18 13:00:00,0.9751942310482262,0.7780242768116294
2023-07-18 14:00:00,0.9961375338584183,0.8766583067551255
2023-07-18 15:00:00,0.9994240991026163,0.9152192759327589
2023-07-18 16:00:00,1.0,0.9371711221896112
2023-07-18 17:00:00,1.0,0.9804820157028734
2023-07-18 18:00:00,1.0,0.9913908812962473
2023-07-18 19:00:00,1.0,0.999352149963379
2023-07-18 20:00:00,1.0,1.0
2023-07-18 21:00:00,1.0,1.0
2023-07-18 22:00:00,1.0,1.0
2023-07-18 23:00:00,1.0,1.0
2023-07-19 00:00:00,1.0,1.0
2023-07-19 01:00:00,1.0,1.0
2023-07-19 02:00:00,1.0,1.0
2023-07-19 03:00:00,1.0,1.0
2023-07-19 04:00:00,1.0,1.0
2023-07-19 05:00:00,1.0,1.0
2023-07-19 06:00:00,1.0,1.0
2023-07-19 07:00:00,1.0,0.999874397739768
2023-07-19 08:00:00,1.0,0.9976084539294243
2023-07-19 09:00:00,0.9981584573164581,0.9649838904105127
2023-07-19 10:00:00,0.9842333356663584,0.9492062130197882
2023-07-19 11:00:00,0.9571914520114662,0.9318338909000159
2023-07-19 12:00:00,0.9056971800513564,0.9051667502336203
2023-07-19 13:00:00,0.8333431406691669,0.8641280498541891
2023-07-19 14:00:00,0.8048289016261696,0.8510528686456382
2023-07-19 15:00:00,0.7511924902535974,0.8372669254802164
2023-07-19 16:00:00,0.6765259437076746,0.7886409861035643
2023-07-19 17:00:00,0.6985186973027884,0.7609506681933997
2023-07-19 18:00:00,0.5830558299645779,0.6710577559843658
2023-07-19 19:00:00,0.5440613649785516,0.6173595559224484
2023-07-19 20:00:00,0.4237434081546963,0.5745694094896315
2023-07-19 21:00:00,0.3559057434089481,0.5014380398765204
2023-07-19 22:00:00,0.25436382422223686,0.3776821056753398
2023-07-19 23:00:00,0.19182801799848673,0.30917350271716704
2023-07-20 00:00:00,0.1416892399638891,0.21739092631265516
2023-07-20 01:00:00,0.09695486573502422,0.12756007720716295
2023-07-20 02:00:00,0.06343419399112464,0.07316195051185787
2023-07-20 03:00:00,0.04163990779779851,0.049325497495010494
2023-07-20 04:00:00,0.031475267428904774,0.04379313270561397
2023-07-20 05:00:00,0.034378389976918694,0.04112537620589137
2023-07-20 06:00:00,0.030851599834859376,0.031797021590173245
2023-07-20 07:00:00,0.023432697202078998,0.026264835614711046
2023-07-20 08:00:00,0.013289334108121694,0.02174744461663067
2023-07-20 09:00:00,0.01052524833008647,0.03118033072445542
2023-07-20 10:00:00,0.026957411784678698,0.08507560513447969
2023-07-20 11:00:00,0.034746579718776045,0.12844252864364536
2023-07-20 12:00:00,0.029603068637661635,0.12049429253209379
2023-07-20 13:00:00,0.027320432700216772,0.10827075853943824
2023-07-20 14:00:00,0.025212880885228516,0.09439843653235584
2023-07-20 15:00:00,0.02501535910647363,0.07580505170393734
2023-07-20 16:00:00,0.04195552358403802,0.0688857993017882
2023-07-20 17:00:00,0.05409874007105827,0.056174037004821
2023-07-20 18:00:00,0.0816725363396108,0.03217434697318823
2023-07-20 19:00:00,0.07473754667676985,0.01943718367721885
2023-07-20 20:00:00,0.05598900488112121,0.01296405735425651
2023-07-20 21:00:00,0.02486086438409984,0.0068983775330707445
2023-07-20 22:00:00,0.0008769219741225242,0.0006741750286892057
2023-07-20 23:00:00,0.0,0.0003926046891137957
2023-07-21 00:00:00,0.0,0.0005210673343390227
2023-07-21 01:00:00,9.388569742441177e-07,0.0011830769293010234
2023-07-21 02:00:00,0.000170272090472281,0.001986531745642424
2023-07-21 03:00:00,0.00034180059563368556,0.0025385683635249737
2023-07-21 04:00:00,0.0,0.0014268577052280308
2023-07-21 05:00:00,0.00020654317922890185,0.001106477971188724
2023-07-21 06:00:00,0.00029158117249608037,0.002229409054853022
2023-07-21 07:00:00,0.0010855898447334766,0.008401708249002694
2023-07-21 08:00:00,0.009579261313192547,0.03396405701059848
2023-07-21 09:00:00,0.06492382057476788,0.11019055213313547
2023-07-21 10:00:00,0.12805777037050575,0.21790797153487804
2023-07-21 11:00:00,0.24735970904119306,0.38839357975870376
2023-07-21 12:00:00,0.3305513334088027,0.4571593161672353
2023-07-21 13:00:00,0.35363040767610077,0.45269246345385905
2023-07-21 14:00:00,0.36303301900625223,0.40626433210447427
2023-07-21 15:00:00,0.3678724973462522,0.3615804352425039
2023-07-21 16:00:00,0.3399472710303962,0.3165677915886045
2023-07-21 17:00:00,0.3093347831629217,0.3553510718233883
2023-07-21 18:00:00,0.2809561349079013,0.24539125820621846
2023-07-21 19:00:00,0.2023983142804354,0.1330489925853908
2023-07-21 20:00:00,0.09129905321635307,0.08015991418156773
2023-07-21 21:00:00,0.01323942303657532,0.02825682583730668
2023-07-21 22:00:00,0.0006858610454946757,0.002064703176729381
2023-07-21 23:00:00,0.00013362453784793613,0.0006548804789781571
2023-07-22 00:00:00,0.0009169409936293959,0.0024673049384728073
2023-07-22 01:00:00,0.004467619215138257,0.013878518505953251
2023-07-22 02:00:00,0.008720138445496559,0.02884682605043054
2023-07-22 03:00:00,0.0031925935437902807,0.023338809255510566
2023-07-22 04:00:00,0.001044527436606586,0.014282346079126
2023-07-22 05:00:00,7.366043049842118e-05,0.0005342823406681418
2023-07-22 06:00:00,0.0075869096955284475,0.001949448063969612
2023-07-22 07:00:00,0.025048603783361618,0.009300292572006583
2023-07-22 08:00:00,0.05794286318123341,0.03684308058582247
2023-07-22 09:00:00,0.17327583346515893,0.15425987098366023
2023-07-22 10:00:00,0.3373940731585025,0.33683461576700213
2023-07-22 11:00:00,0.44989590957760806,0.5126159799098967
2023-07-22 12:00:00,0.5106663570553064,0.6010910857655107
2023-07-22 13:00:00,0.5214211038872599,0.6213276181742549
2023-07-22 14:00:00,0.5091288631223142,0.6037671489082277
2023-07-22 15:00:00,0.4867974517308175,0.5687820281274618
2023-07-22 16:00:00,0.43650554921478035,0.4944158205203712
2023-07-22 17:00:00,0.4906945260055363,0.5443444500863551
2023-07-22 18:00:00,0.4271803762763739,0.44441797113046044
2023-07-22 19:00:00,0.3547857271507383,0.4254180789738893
2023-07-22 20:00:00,0.21830561427865172,0.3206138457218185
2023-07-22 21:00:00,0.02441416360903531,0.14294305256102235
2023-07-22 22:00:00,0.025679311347194016,0.05393101263325661
2023-07-22 23:00:00,0.06522608012892306,0.044220552085898826
2023-07-23 00:00:00,0.09635250128805636,0.0640473415562883
2023-07-23 01:00:00,0.10659051680937409,0.09196795331314206
2023-07-23 02:00:00,0.13404858632944522,0.13784377322532232
2023-07-23 03:00:00,0.15814130418933928,0.17830924107693133
2023-07-23 04:00:00,0.17530732685700057,0.18058228662237522
2023-07-23 05:00:00,0.1481017414387315,0.15453993464820084
2023-07-23 06:00:00,0.10060171642340718,0.08303705652710049
2023-07-23 07:00:00,0.15576782491989433,0.09090278245508669
2023-07-23 08:00:00,0.3602784566348418,0.2086502861930057
2023-07-23 09:00:00,0.671119530373253,0.36565949310082946
2023-07-23 10:00:00,0.8881732362695038,0.6438585583865645
2023-07-23 11:00:00,0.9058664118871091,0.8657750989310442
2023-07-23 12:00:00,0.87749420363456,0.8983055316470564
2023-07-23 13:00:00,0.8582318159937857,0.8435886238142847
2023-07-23 14:00:00,0.8168895022384821,0.7732732707448302
2023-07-23 15:00:00,0.7324982317537069,0.6971172406524417
2023-07-23 16:00:00,0.599191211387515,0.6115158215165137
2023-07-23 17:00:00,0.7808915126323699,0.7057976077869536
2023-07-23 18:00:00,0.6080270645394918,0.6111004358157515
2023-07-23 19:00:00,0.4532857113145291,0.49131656777113675
2023-07-23 20:00:00,0.2945676807500422,0.3960686634667218
2023-07-23 21:00:00,0.24270518261939283,0.17057303578592833
2023-07-23 22:00:00,0.3060661379247903,0.17169204536359756
2023-07-23 23:00:00,0.3109690081886948,0.2056893275864422
2023-07-24 00:00:00,0.3054295288771391,0.2293000508379191
2023-07-24 01:00:00,0.2994095061533153,0.24678308147005737
2023-07-24 02:00:00,0.2627793125901371,0.24809923848137258
2023-07-24 03:00:00,0.2350223799049854,0.22015757592394944
2023-07-24 04:00:00,0.23965577187016604,0.20625806612893935
2023-07-24 05:00:00,0.17763002026826144,0.1758713607769459
2023-07-24 06:00:00,0.12884777337312697,0.11507061010226605
2023-07-24 07:00:00,0.11076178688555956,0.09368870832957327
2023-07-24 08:00:00,0.211601659907028,0.14384844691026955
2023-07-24 09:00:00,0.5963112445175647,0.38173884618561715
2023-07-24 10:00:00,0.9422694305516779,0.7096845843549818
2023-07-24 11:00:00,0.9898832717724145,0.9184333347715437
2023-07-24 12:00:00,0.9929221957921981,0.9855141792818904
2023-07-24 13:00:00,0.9949212514236568,0.9921003255806864
2023-07-24 14:00:00,0.9942454956844448,0.9891493797115981
2023-07-24 15:00:00,0.9935549568384886,0.9629768326878548
2023-07-24 16:00:00,0.9804997448436916,0.9195455290935932
2023-07-24 17:00:00,0.6638325226493178,0.6549597950652241
2023-07-24 18:00:00,0.574681736268103,0.6531575693935155
2023-07-24 19:00:00,0.36975325727835295,0.5082777429372072
2023-07-24 20:00:00,0.275702014779672,0.25667019904591143
2023-07-24 21:00:00,0.20572635870426895,0.07399678488727658
2023-07-24 22:00:00,0.2179838222265243,0.04955452651716768
2023-07-24 23:00:00,0.1908968575019389,0.049825961329042906
2023-07-25 00:00:00,0.1416954534454271,0.049054111717268825
2023-07-25 01:00:00,0.11071765397209674,0.05297649727202952
2023-07-25 02:00:00,0.07676942749880254,0.0486573816742748
2023-07-25 03:00:00,0.05419816738925874,0.03994292143732309
2023-07-25 04:00:00,0.032734402790665626,0.02428013235796243
2023-07-25 05:00:00,0.08539491758681834,0.09155222650617362
2023-07-25 06:00:00,0.05643117483705282,0.11734453348442912
2023-07-25 07:00:00,0.04778862216509878,0.15185633646324276
2023-07-25 08:00:00,0.040610554683953526,0.14364860997535286
2023-07-25 09:00:00,0.21413199936971067,0.2769830930419266
2023-07-25 10:00:00,0.592750579062849,0.5801107124239205
2023-07-25 11:00:00,0.8574947348609567,0.808287744205445
2023-07-25 12:00:00,0.9701166202872992,0.8731921044737099
2023-07-25 13:00:00,0.979932331237942,0.8907510506361722
2023-07-25 14:00:00,0.9636799841746687,0.9337254261039197
2023-07-25 15:00:00,0.9575585728138686,0.9653943187557161
2023-07-25 16:00:00,0.9612926391884684,0.971784649901092
2023-07-25 17:00:00,0.9770133560895919,0.9982410990819335
2023-07-25 18:00:00,0.9959047068655491,0.9878792552277446
2023-07-25 19:00:00,0.9651876687072217,0.9284875247068701
2023-07-25 20:00:00,0.8444007050245999,0.7664330424927175
2023-07-25 21:00:00,0.7413417458161711,0.535397533942014
2023-07-25 22:00:00,0.836827012039721,0.6073968422599136
2023-07-25 23:00:00,0.8088899071142076,0.6282852041721343
2023-07-26 00:00:00,0.6156463950686156,0.5025739637762308
2023-07-26 01:00:00,0.4428803123906254,0.36953675393946467
2023-07-26 02:00:00,0.30259597895666945,0.30726937691681083
2023-07-26 03:00:00,0.24660484673455355,0.2753289340250194
2023-07-26 04:00:00,0.23785450927913188,0.23521203414537015
2023-07-26 05:00:00,0.07453971667680889,0.14126268584281204
2023-07-26 06:00:00,0.0861233896249905,0.18027074536308646
2023-07-26 07:00:00,0.15402636052109298,0.3315726784151047
2023-07-26 08:00:00,0.13862270697951315,0.4855453301128
2023-07-26 09:00:00,0.17784633483737705,0.4059891836624592
2023-07-26 10:00:00,0.2773298571817576,0.23983838663436471
2023-07-26 11:00:00,0.23632533538155254,0.30810647745616737
2023-07-26 12:00:00,0.07827749667223544,0.3560751339327544
2023-07-26 13:00:00,0.027634532959200438,0.21127896969206628
2023-07-26 14:00:00,0.007540912772528828,0.06415768700651824
2023-07-26 15:00:00,0.009874553098343314,0.027958109681494536
2023-07-26 16:00:00,0.03295053876005112,0.05985859669279307
2023-07-26 17:00:00,0.10491921668872237,0.022471346580423417
2023-07-26 18:00:00,0.1021450331993401,0.04483631573151797
2023-07-26 19:00:00,0.12846882332116363,0.09613807821646331
2023-07-26 20:00:00,0.15763524297624826,0.16018182311207058
2023-07-26 21:00:00,0.05961030644830317,0.08891859908588232
2023-07-26 22:00:00,0.03854737549088895,0.10737501916475592
2023-07-26 23:00:00,0.07226631247438489,0.18279662145301695
2023-07-27 00:00:00,0.2326435403432697,0.3093509365338831
2023-07-27 01:00:00,0.456299378592521,0.4389581937901676
2023-07-27 02:00:00,0.7105079189687966,0.5455617231316865
2023-07-27 03:00:00,0.9686479742825032,0.7261321816220876
2023-07-27 04:00:00,0.9938005942106246,0.8378804894536732
2023-07-27 05:00:00,0.8390639505535364,0.6371661471761761
2023-07-27 06:00:00,0.8618552427366376,0.521232957355678
2023-07-27 07:00:00,0.9552316823787985,0.5775845918431878
2023-07-27 08:00:00,0.9993305538222195,0.7864157174155115
2023-07-27 09:00:00,0.9478109013661742,0.9482798996195196
2023-07-27 10:00:00,0.9402275009825826,0.9336818550899624
2023-07-27 11:00:00,0.9645121216215192,0.918767296951264
2023-07-27 12:00:00,0.9804452124424279,0.8989631809107959
2023-07-27 13:00:00,0.9832663170620798,0.8637380343861877
2023-07-27 14:00:00,0.9658012640289961,0.7555851229466496
2023-07-27 15:00:00,0.9278633389808238,0.6623334819264709
2023-07-27 16:00:00,0.8561676207557319,0.5918127770163117
2023-07-27 17:00:00,0.6684837092086671,0.47981489686295387
2023-07-27 18:00:00,0.684705067370087,0.39076932677999127
2023-07-27 19:00:00,0.6840631253272295,0.38452446212992075
2023-07-27 20:00:00,0.6900234558992085,0.47470014257356524
2023-07-27 21:00:00,0.5441098144650458,0.5510965827107428
2023-07-27 22:00:00,0.4726801957190038,0.49989256441593166
2023-07-27 23:00:00,0.3562936317361891,0.4492559433169662
2023-07-28 00:00:00,0.26242188747972245,0.3731818721815943
2023-07-28 01:00:00,0.23670168032869693,0.32228796200826754
2023-07-28 02:00:00,0.22398940395563843,0.25438259292393917
2023-07-28 03:00:00,0.2533713604882359,0.22173852996900678
2023-07-28 04:00:00,0.24672697512432928,0.1867564768530428
2023-07-28 05:00:00,0.5083443941175938,0.3960265488177537
2023-07-28 06:00:00,0.3847642189078033,0.3501371845602989
2023-07-28 07:00:00,0.295598267596215,0.30129185605794184
2023-07-28 08:00:00,0.24136659435927862,0.2752027516812086
2023-07-28 09:00:00,0.2350601058080792,0.2971686800010502
2023-07-28 10:00:00,0.25036913493648166,0.3101588081941008
2023-07-28 11:00:00,0.23789547095075247,0.32087492635473597
2023-07-28 12:00:00,0.1791786853596568,0.2919947709701955
2023-07-28 13:00:00,0.17747930970974263,0.28362528193742037
2023-07-28 14:00:00,0.13060309385880828,0.24454005314968524
2023-07-28 15:00:00,0.10892067663371564,0.17855744259431955
2023-07-28 16:00:00,0.0954674773104489,0.1205685679614544
2023-07-28 17:00:00,0.08328227113001048,0.11037297898903486
2023-07-28 18:00:00,0.11415859272703527,0.13624150331132112
2023-07-28 19:00:00,0.11382358076050879,0.1422514350619167
2023-07-28 20:00:00,0.04535763147752732,0.08952553386799991
2023-07-28 21:00:00,0.008521728701889515,0.05927883877418935
2023-07-28 22:00:00,0.00956676095724106,0.052386355390772216
2023-07-28 23:00:00,0.02205810356885195,0.06919202119112015
2023-07-29 00:00:00,0.02822141545824707,0.057965009864419714
2023-07-29 01:00:00,0.015304122259840371,0.02285774228628725
2023-07-29 02:00:00,0.0026717291818931692,0.007653499520383775
2023-07-29 03:00:00,0.0009144010674208402,0.0036715758871287106
2023-07-29 04:00:00,0.0005319060664623976,0.001633962937630713
2023-07-29 05:00:00,0.0016988310636952516,0.0013647936098277569
2023-07-29 06:00:00,9.680637158453464e-06,0.0003868636954575777
2023-07-29 07:00:00,0.0,0.0
2023-07-29 08:00:00,4.253313411027193e-05,0.0024747316539287566
2023-07-29 09:00:00,0.0005031230207532644,0.007539206417277455
2023-07-29 10:00:00,0.014814099180512134,0.01611392373684794
2023-07-29 11:00:00,0.03982124169357121,0.047937040403485294
2023-07-29 12:00:00,0.036315812086686494,0.08464953012764453
2023-07-29 13:00:00,0.062021490279585145,0.12655434433370827
2023-07-29 14:00:00,0.08713884200900793,0.1561313152592629
2023-07-29 15:00:00,0.10749353124760092,0.16822877360507843
2023-07-29 16:00:00,0.11787154093384739,0.18615284854546188
2023-07-29 17:00:00,0.18757796533405782,0.3207919404283165
2023-07-29 18:00:00,0.16801241411827506,0.23931395875290032
2023-07-29 19:00:00,0.16883979039266703,0.20801823735237124
2023-07-29 20:00:00,0.1589909987617284,0.20655518444254992
2023-07-29 21:00:00,0.1296357053145766,0.19442981978878376
2023-07-29 22:00:00,0.0709619649639353,0.13222176508978006
2023-07-29 23:00:00,0.0841453969758004,0.13874284604564308
2023-07-30 00:00:00,0.14738739132881165,0.2065133146382868
2023-07-30 01:00:00,0.24488397138193244,0.32469353247433896
2023-07-30 02:00:00,0.26757019704207774,0.325748690944165
2023-07-30 03:00:00,0.3289377577602863,0.40072233475744723
2023-07-30 04:00:00,0.306556037440896,0.41230034999549386
2023-07-30 05:00:00,0.4016357555799186,0.5399514296278356
2023-07-30 06:00:00,0.4033858363702893,0.5472757133841514
2023-07-30 07:00:00,0.4781874228827655,0.6114721997268496
2023-07-30 08:00:00,0.5719764374569059,0.6841482670791447
2023-07-30 09:00:00,0.5794938941299914,0.7537798372283577
2023-07-30 10:00:00,0.7542885884456336,0.8765206653252242
2023-07-30 11:00:00,0.9098895240761337,0.9483245212771
2023-07-30 12:00:00,0.9501687738113106,0.9665058846399188
2023-07-30 13:00:00,0.9552324101142586,0.9690453997254371
2023-07-30 14:00:00,0.9533042393065989,0.9715238923206926
2023-07-30 15:00:00,0.9576170182786882,0.9739672634191812
2023-07-30 16:00:00,0.9583327424339951,0.9673346617259085
2023-07-30 17:00:00,0.9580149637907743,0.9644486241787672
2023-07-30 18:00:00,0.9490183064900338,0.9079627793096003
2023-07-30 19:00:00,0.9209880549460651,0.7695758187770843
2023-07-30 20:00:00,0.8123192303068935,0.629521381780505
2023-07-30 21:00:00,0.6559728896617888,0.431740733012557
2023-07-30 22:00:00,0.5774446441605686,0.3706891096383333
2023-07-30 23:00:00,0.5318352277576922,0.3608410340733826
2023-07-31 00:00:00,0.551699212193489,0.40777999563142653
2023-07-31 01:00:00,0.6413554135151204,0.5299601298198104
2023-07-31 02:00:00,0.7830741337873042,0.7222828272916375
2023-07-31 03:00:00,0.9199939825013279,0.8527781424671411
2023-07-31 04:00:00,0.954747499693185,0.8284752668999135
2023-07-31 05:00:00,0.8352331941202282,0.5748660778068007
2023-07-31 06:00:00,0.691249244455248,0.4327895215526223
2023-07-31 07:00:00,0.5406464736163614,0.3548829708993435
2023-07-31 08:00:00,0.4010850125178694,0.31511223880574113
2023-07-31 09:00:00,0.4431898359954357,0.3250998433679342
2023-07-31 10:00:00,0.5204467988200485,0.3903595537878572
2023-07-31 11:00:00,0.4880744846723973,0.3472460681479424
2023-07-31 12:00:00,0.36817459591664375,0.36778210069518535
2023-07-31 13:00:00,0.22278232380747795,0.3876721481606364
2023-07-31 14:00:00,0.14318579202517867,0.34830734016373754
2023-07-31 15:00:00,0.1100304843764752,0.3173536823969334
2023-07-31 16:00:00,0.08054869288578628,0.26593405576422807
2023-07-31 17:00:00,0.013212333042174576,0.04432672413531691
2023-07-31 18:00:00,0.05514306195080281,0.036963170110248016
2023-07-31 19:00:00,0.09698308376595377,0.05969872869085519
2023-07-31 20:00:00,0.05965268334839492,0.06390104992780835
2023-07-31 21:00:00,0.012558889561332763,0.02540394938550889
2023-07-31 22:00:00,0.0050601078337058425,0.014681670339778066
2023-07-31 23:00:00,0.003871417641639709,0.011170329991728067
2023-08-01 00:00:00,0.00451965711079538,0.018058599494397642
2023-08-01 01:00:00,0.004299966916441917,0.022785129011608663
2023-08-01 02:00:00,0.0011615211609750985,0.022016374780796464
2023-08-01 03:00:00,0.00036191137041896576,0.021660572425462304
2023-08-01 04:00:00,0.0003644617926329374,0.025174255268648266
2023-08-01 05:00:00,0.0,0.025127650382928548
2023-08-01 06:00:00,0.0012060337560251355,0.049999791984446346
2023-08-01 07:00:00,0.06213845674414189,0.08873983756639062
2023-08-01 08:00:00,0.16997896455228328,0.1691312010399997
2023-08-01 09:00:00,0.22249401107430453,0.2054037774913013
2023-08-01 10:00:00,0.4103749521076679,0.35327305316925056
2023-08-01 11:00:00,0.5610618815757332,0.6270556085929273
2023-08-01 12:00:00,0.5680136894993483,0.7700883538089691
2023-08-01 13:00:00,0.6389991458505391,0.8066148423217238
2023-08-01 14:00:00,0.6444582601450384,0.7303874832019208
2023-08-01 15:00:00,0.5233694068342446,0.6158542132377623
2023-08-01 16:00:00,0.35351769601926203,0.49449328236281875
2023-08-01 17:00:00,0.7071738300286233,0.8905611488036811
2023-08-01 18:00:00,0.5662433061935008,0.8164758565463125
2023-08-01 19:00:00,0.5242417158558963,0.7761355415359139
2023-08-01 20:00:00,0.4406632854882628,0.7063773325644431
2023-08-01 21:00:00,0.28834632382728154,0.4606268768943846
2023-08-01 22:00:00,0.3354816110432147,0.4207108132727444
2023-08-01 23:00:00,0.45404717674478884,0.4248992532957345
2023-08-02 00:00:00,0.5398028410226106,0.4243470062687993
2023-08-02 01:00:00,0.5647221569716928,0.4045611121412366
2023-08-02 02:00:00,0.4783141174726188,0.34113832440227265
2023-08-02 03:00:00,0.37024974716827264,0.26317533219698813
2023-08-02 04:00:00,0.2673678816854953,0.18916943521704524
2023-08-02 05:00:00,0.20440123792737722,0.13575347634032367
2023-08-02 06:00:00,0.2586067638453096,0.18331403197720647
2023-08-02 07:00:00,0.3704682811908424,0.30968138247728344
2023-08-02 08:00:00,0.4982598736509681,0.5717715995013714
2023-08-02 09:00:00,0.5742580335400999,0.7657762725651264
2023-08-02 10:00:00,0.6201170737296343,0.8574300060234963
2023-08-02 11:00:00,0.6496875973045826,0.8916690126247704
2023-08-02 12:00:00,0.659681221358478,0.8856453057378529
2023-08-02 13:00:00,0.6317920669540761,0.8715111824311315
2023-08-02 14:00:00,0.5806053248979149,0.8321840474382043
2023-08-02 15:00:00,0.5274140151031314,0.7801770342327654
2023-08-02 16:00:00,0.4712848907709121,0.7387279983237385
2023-08-02 17:00:00,0.5532677387073636,0.7875005091540515
2023-08-02 18:00:00,0.524462506044656,0.7200137622095643
2023-08-02 19:00:00,0.5169607648439706,0.6401446671597658
2023-08-02 20:00:00,0.46156132843345393,0.5403726094029844
2023-08-02 21:00:00,0.2971575625985861,0.33369979027658697
2023-08-02 22:00:00,0.25049996247515083,0.32066276667639604
2023-08-02 23:00:00,0.3173342396318912,0.3862041199952363
2023-08-03 00:00:00,0.3996484625712036,0.4263924828730523
2023-08-03 01:00:00,0.47164740381762377,0.4448979465477169
2023-08-03 02:00:00,0.5163711383566257,0.4479381129518152
2023-08-03 03:00:00,0.5215247337520122,0.428399713113904
2023-08-03 04:00:00,0.5019544784724713,0.3938160311430693
2023-08-03 05:00:00,0.6247570380941031,0.5167155677080153
2023-08-03 06:00:00,0.5251309168897568,0.40402644002810123
2023-08-03 07:00:00,0.46763030331581823,0.32065835077315563
2023-08-03 08:00:00,0.5318645423930137,0.30444369240663943
2023-08-03 09:00:00,0.7029887979570775,0.3537134361965582
2023-08-03 10:00:00,0.8457106336671859,0.48856373530812564
2023-08-03 11:00:00,0.9827835217490792,0.6931207800656557
2023-08-03 12:00:00,1.0,0.917527482677251
2023-08-03 13:00:00,1.0,0.9925322079099715
2023-08-03 14:00:00,1.0,0.996717760823667
2023-08-03 15:00:00,1.0,0.997404501773417
2023-08-03 16:00:00,0.9964888820238411,0.9712176998704672
2023-08-03 17:00:00,0.7576026191096752,0.7915513620525597
2023-08-03 18:00:00,0.45417289932724086,0.6765067164227366
2023-08-03 19:00:00,0.21008273067884142,0.5127062883414328
2023-08-03 20:00:00,0.21518774837255478,0.4307227660529316
2023-08-03 21:00:00,0.2259706669254228,0.4019728560280055
2023-08-03 22:00:00,0.28346237004268915,0.48051153681240966
2023-08-03 23:00:00,0.38807874810881904,0.5248671842273325
2023-08-04 00:00:00,0.5491488374955952,0.5513507179263979
2023-08-04 01:00:00,0.7128937447071073,0.6059320492297411
2023-08-04 02:00:00,0.83022424146533,0.6636868898570536
2023-08-04 03:00:00,0.8735801644809542,0.6760581018403171
2023-08-04 04:00:00,0.8763559615425767,0.6541471575573085
2023-08-04 05:00:00,0.7399812032841144,0.5237064489349723
2023-08-04 06:00:00,0.6611384621262548,0.5508652657456694
2023-08-04 07:00:00,0.7301575528830289,0.6673313769698141
2023-08-04 08:00:00,0.7796481028571723,0.7891728761605917
2023-08-04 09:00:00,0.7331421718001365,0.8183616407774389
2023-08-04 10:00:00,0.7462677983939647,0.8595224305801095
2023-08-04 11:00:00,0.7125581847690043,0.7856060298532248
2023-08-04 12:00:00,0.5418710094317793,0.6617862120270728
2023-08-04 13:00:00,0.34611640650779013,0.5195158364251256
2023-08-04 14:00:00,0.23645916417241092,0.47844684310257435
2023-08-04 15:00:00,0.19948106868192547,0.4684049197193234
2023-08-04 16:00:00,0.22538786965422328,0.46056575691327445
2023-08-04 17:00:00,0.2251477611856535,0.37337732633575793
2023-08-04 18:00:00,0.30010386308655135,0.38798731544055043
2023-08-04 19:00:00,0.34658231688663355,0.3431004105880856
2023-08-04 20:00:00,0.33358216589316725,0.2457196551188826
2023-08-04 21:00:00,0.19400571143254633,0.12438182814046739
2023-08-04 22:00:00,0.17902177707292136,0.1374586329516023
2023-08-04 23:00:00,0.16308035908266905,0.1476606894750148
2023-08-05 00:00:00,0.15266424417495728,0.13944979531690477
2023-08-05 01:00:00,0.12387191435322162,0.13315525197423994
2023-08-05 02:00:00,0.0946587826218456,0.1268190146330744
2023-08-05 03:00:00,0.10684395251795648,0.12210941683501003
2023-08-05 04:00:00,0.12837256552651524,0.11871011966839433
2023-08-05 05:00:00,0.2154814851470291,0.20789446010254323
2023-08-05 06:00:00,0.22355694817379118,0.2096893027424812
2023-08-05 07:00:00,0.1785205371119082,0.19946922099217773
2023-08-05 08:00:00,0.15708837534300985,0.24710524076595902
2023-08-05 09:00:00,0.1352068789955228,0.29504032948985687
2023-08-05 10:00:00,0.09133858387358486,0.34629785466939206
2023-08-05 11:00:00,0.07332228274084626,0.4102888814732432
2023-08-05 12:00:00,0.05533098580315709,0.3810365766845643
2023-08-05 13:00:00,0.03863932469859719,0.29640473627951
2023-08-05 14:00:00,0.021661328189074992,0.21130058832932264
2023-08-05 15:00:00,0.012695586010813713,0.15132327713072297
2023-08-05 16:00:00,0.00565836114808917,0.09686726154759526
2023-08-05 17:00:00,0.016950991796329615,0.025992275523021816
2023-08-05 18:00:00,0.04353135141078382,0.008317814054898919
2023-08-05 19:00:00,0.08268019760493187,0.020095367901958528
2023-08-05 20:00:00,0.13976491563487795,0.03869225942995398
2023-08-05 21:00:00,0.08110547986812891,0.026035837354138495
2023-08-05 22:00:00,0.05182158287148924,0.015501365810632706
2023-08-05 23:00:00,0.08652200528420508,0.038518517473712564
2023-08-06 00:00:00,0.11149905296973886,0.051268329182639724
2023-08-06 01:00:00,0.14014882652089,0.06841626320965588
2023-08-06 02:00:00,0.16053398193791507,0.10194566452875733
2023-08-06 03:00:00,0.19141824360936874,0.139358466072008
2023-08-06 04:00:00,0.2183462500572204,0.1770437311287969
2023-08-06 05:00:00,0.17196239441633224,0.17215252999216318
2023-08-06 06:00:00,0.16274825043044983,0.18404826766811308
2023-08-06 07:00:00,0.158578700851649,0.16723201830871404
2023-08-06 08:00:00,0.13250158072449264,0.14347624130547046
2023-08-06 09:00:00,0.14105182904750105,0.20168177446350452
2023-08-06 10:00:00,0.21607226671651,0.3602497909963131
2023-08-06 11:00:00,0.250088039971888,0.4368553697317838
2023-08-06 12:00:00,0.18496580744162203,0.39566788498312233
2023-08-06 13:00:00,0.1574801478628069,0.36330764365382484
2023-08-06 14:00:00,0.14459560967981816,0.30468540980480613
2023-08-06 15:00:00,0.1353973425924778,0.2642455483600497
2023-08-06 16:00:00,0.12082760955207049,0.22416819002479307
2023-08-06 17:00:00,0.1507812802772969,0.23248425850644702
2023-08-06 18:00:00,0.1483626146521419,0.20578800132498143
2023-08-06 19:00:00,0.1425406585074961,0.16979539284016934
2023-08-06 20:00:00,0.09158711335621775,0.11094550701323894
2023-08-06 21:00:00,0.031554677872918546,0.03181904438883066
2023-08-06 22:00:00,0.0039337756345048545,0.006061395946890116
2023-08-06 23:00:00,0.0035915400739759207,0.006494566104374826
2023-08-07 00:00:00,0.0016962375864386554,0.0036215640930458894
2023-08-07 01:00:00,0.00024362278170883653,0.0005441844463348388
2023-08-07 02:00:00,0.0,0.0003054778836667537
2023-08-07 03:00:00,0.0,0.00023119411896914242
2023-08-07 04:00:00,0.0,0.00022985930554568766
2023-08-07 05:00:00,0.0,0.0010045496141538024
2023-08-07 06:00:00,0.00018586894031614063,0.0010533509869128466
2023-08-07 07:00:00,0.0010359370987862348,0.0010343931149691342
2023-08-07 08:00:00,0.005793684734962881,0.0020149992173537612
2023-08-07 09:00:00,0.09286690271459518,0.04270924339070916
2023-08-07 10:00:00,0.27909826396033166,0.17769547824747858
2023-08-07 11:00:00,0.3719380695931612,0.3193669548630714
2023-08-07 12:00:00,0.2395695778541267,0.2964166865404695
2023-08-07 13:00:00,0.14328884633257982,0.24447151465341443
2023-08-07 14:00:00,0.11527683500200511,0.21480149008333682
2023-08-07 15:00:00,0.10712871165946124,0.17789817652665077
2023-08-07 16:00:00,0.09670419892296193,0.13555505652446298
2023-08-07 17:00:00,0.11558659633621572,0.053848246335983264
2023-08-07 18:00:00,0.10502662490122021,0.039617273327894505
2023-08-07 19:00:00,0.086528637772426,0.03133713035378605
2023-08-07 20:00:00,0.059628077121451496,0.019415113595314327
2023-08-07 21:00:00,0.01045218104030937,0.00794129863847047
2023-08-07 22:00:00,0.0018257782142609355,0.0057674760138615964
2023-08-07 23:00:00,0.005753213302232325,0.009337414861656724
2023-08-08 00:00:00,0.017500438829883933,0.01466984382364899
2023-08-08 01:00:00,0.01416222665458918,0.016970785944722594
2023-08-08 02:00:00,0.0032734821736812585,0.021127528185024856
2023-08-08 03:00:00,0.003061783099547028,0.031523556085303425
2023-08-08 04:00:00,0.007350730998441577,0.035104798111133276
2023-08-08 05:00:00,0.03407029400579631,0.05186163917183876
2023-08-08 06:00:00,0.028583884933032096,0.045541272321715946
2023-08-08 07:00:00,0.1386577942688018,0.06363271952606737
2023-08-08 08:00:00,0.2804683647118508,0.15586372500285506
2023-08-08 09:00:00,0.371168391816318,0.24470847235526888
2023-08-08 10:00:00,0.4917519669234752,0.43281619213521483
2023-08-08 11:00:00,0.6123795099928974,0.672931912615895
2023-08-08 12:00:00,0.5465179861150681,0.7271413858607411
2023-08-08 13:00:00,0.3947145810909568,0.6356777900457382
2023-08-08 14:00:00,0.2993674188107252,0.49891448255628346
2023-08-08 15:00:00,0.27520695185288785,0.4159107317402959
2023-08-08 16:00:00,0.270496178753674,0.38330581191927193
2023-08-08 17:00:00,0.22994479877874252,0.3841312973294406
2023-08-08 18:00:00,0.19256219780072567,0.32437595586292434
2023-08-08 19:00:00,0.22135668473318215,0.3339343217574059
2023-08-08 20:00:00,0.19653290931135411,0.2807477879151702
2023-08-08 21:00:00,0.12620311057195063,0.14835155664011832
2023-08-08 22:00:00,0.14408013459295035,0.15067569255828858
2023-08-08 23:00:00,0.1649687190540135,0.17462064921855927
2023-08-09 00:00:00,0.20405076466500754,0.20783226853236555
2023-08-09 01:00:00,0.20611544795334338,0.20560590298846357
2023-08-09 02:00:00,0.17492177644744514,0.17220359392464157
2023-08-09 03:00:00,0.14303808796219525,0.1485322745144367
2023-08-09 04:00:00,0.12049866981804369,0.12627590623684226
2023-08-09 05:00:00,0.41443181809037916,0.34768331799656144
2023-08-09 06:00:00,0.43242360483855,0.27065445557236667
2023-08-09 07:00:00,0.4803086394444108,0.28802705755457275
2023-08-09 08:00:00,0.5251256733201443,0.4580427959002553
2023-08-09 09:00:00,0.6007397537678478,0.6474872070923445
2023-08-09 10:00:00,0.6962433972768485,0.7434180275350809
2023-08-09 11:00:00,0.6666204825788734,0.6992657779809087
2023-08-09 12:00:00,0.5893584431521595,0.6413596256449818
2023-08-09 13:00:00,0.4896706300601363,0.5974606958404184
2023-08-09 14:00:00,0.3978205949999392,0.6040735531412064
2023-08-09 15:00:00,0.43823780357837666,0.651828124821186
2023-08-09 16:00:00,0.5325309543311596,0.7127759568020702
2023-08-09 17:00:00,0.6788978012651204,0.8206094975583256
2023-08-09 18:00:00,0.6450616271421311,0.7179931044578551
2023-08-09 19:00:00,0.5653446641936899,0.597926946748048
2023-08-09 20:00:00,0.46393069885671145,0.5175293369777502
2023-08-09 21:00:00,0.374948462806642,0.37659553386270994
2023-08-09 22:00:00,0.4259108590707182,0.36440102864988155
2023-08-09 23:00:00,0.48186327964067444,0.3601101061888038
2023-08-10 00:00:00,0.5034866678714751,0.3448353337217122
2023-08-10 01:00:00,0.500575395040214,0.34211398542858656
2023-08-10 02:00:00,0.5323244444653391,0.37178783607669175
2023-08-10 03:00:00,0.596500230692327,0.4239343299064785
2023-08-10 04:00:00,0.5993088867887854,0.4781578084081411
2023-08-10 05:00:00,0.38279781192541124,0.24520319500938054
2023-08-10 06:00:00,0.42441438985988494,0.2818437342252582
2023-08-10 07:00:00,0.5781772790476679,0.38354020010679946
2023-08-10 08:00:00,0.6754169749654829,0.44313037035986774
2023-08-10 09:00:00,0.7797421031817793,0.4719507972616702
2023-08-10 10:00:00,0.8882018554210661,0.6173096353560685
2023-08-10 11:00:00,0.8459939295426011,0.7117466049268841
2023-08-10 12:00:00,0.6941669483110308,0.6462936665024608
2023-08-10 13:00:00,0.5628762399870901,0.4970846211165189
2023-08-10 14:00:00,0.37042148305103184,0.4609959851391613
2023-08-10 15:00:00,0.3415357702691108,0.44960420643910765
2023-08-10 16:00:00,0.4871383745968341,0.5553363188914954
2023-08-10 17:00:00,0.41864290053024894,0.4047089532017707
2023-08-10 18:00:00,0.5616702882200478,0.46691392434760925
2023-08-10 19:00:00,0.4747973220236599,0.43790532285347583
2023-08-10 20:00:00,0.48027309374883764,0.3808638648316264
2023-08-10 21:00:00,0.49080882435664536,0.32742286949418475
2023-08-10 22:00:00,0.5550026685744522,0.2897979721240699
2023-08-10 23:00:00,0.6005838114768266,0.28967188256327053
2023-08-11 00:00:00,0.6470815486833452,0.34624635856132957
2023-08-11 01:00:00,0.5600947587750851,0.33493009888567027
2023-08-11 02:00:00,0.6605349711515007,0.346751354271546
2023-08-11 03:00:00,0.7523260031081734,0.4457219891157001
2023-08-11 04:00:00,0.7527436177432536,0.4782857324182987
2023-08-11 05:00:00,0.9493886463716625,0.7467554169893263
2023-08-11 06:00:00,0.989127518646419,0.8239259516075252
2023-08-11 07:00:00,0.9179113707691431,0.8492385259084404
2023-08-11 08:00:00,0.8510036938637493,0.7307849919237196
2023-08-11 09:00:00,0.9424946166947485,0.6883842758275567
2023-08-11 10:00:00,0.9122725746221839,0.7837221759557723
2023-08-11 11:00:00,0.8336067860387264,0.7145138364844024
2023-08-11 12:00:00,0.8575462882779539,0.7063132761791348
2023-08-11 13:00:00,0.9217201021499931,0.7940605261549353
2023-08-11 14:00:00,0.9677907361462711,0.8853608977608383
2023-08-11 15:00:00,0.9931015936657787,0.9454078281484544
2023-08-11 16:00:00,0.9987514800950884,0.971006877887994
2023-08-11 17:00:00,1.0,0.99835784021765
2023-08-11 18:00:00,1.0,0.9984894290566444
2023-08-11 19:00:00,1.0,0.9977869645506144
2023-08-11 20:00:00,0.9981739566847683,0.9887759474478661
2023-08-11 21:00:00,0.9509681254997848,0.9057757272943853
2023-08-11 22:00:00,0.9877841795049608,0.937982595320791
2023-08-11 23:00:00,0.9909267834201455,0.9662525065615772
2023-08-12 00:00:00,0.9808861588127911,0.9408758624084292
2023-08-12 01:00:00,0.9572698417305947,0.9045488724485038
2023-08-12 02:00:00,0.945000300835818,0.9146856127306818
2023-08-12 03:00:00,0.9429366176761687,0.9282170277088881
2023-08-12 04:00:00,0.9686754664219915,0.9472267290949821
2023-08-12 05:00:00,0.9158998485468327,0.9182184729166328
2023-08-12 06:00:00,0.6959486260823906,0.7455686014890669
2023-08-12 07:00:00,0.4694563610851764,0.546030642390251
2023-08-12 08:00:00,0.22763563189655536,0.275069175157696
2023-08-12 09:00:00,0.1007362892013043,0.15685804242268203
2023-08-12 10:00:00,0.03365717362146825,0.08871746313758194
2023-08-12 11:00:00,0.036974543477408583,0.04636266662739218
2023-08-12 12:00:00,0.04898074835073203,0.03179330899845808
2023-08-12 13:00:00,0.06323062588926404,0.02410186582710594
2023-08-12 14:00:00,0.10072326404973865,0.029330551652237774
2023-08-12 15:00:00,0.14883876383304595,0.046945360382087534
2023-08-12 16:00:00,0.19916273451410235,0.06210725203156471
2023-08-12 17:00:00,0.30578500679694104,0.09184301063418389
2023-08-12 18:00:00,0.3522474828176201,0.12153117846231906
2023-08-12 19:00:00,0.3532442324794828,0.17002984856255351
2023-08-12 20:00:00,0.25697088105604055,0.22570788316428658
2023-08-12 21:00:00,0.20163062455132597,0.21495962047949432
2023-08-12 22:00:00,0.16975573964416976,0.14775936640799042
2023-08-12 23:00:00,0.22542657563462848,0.18164677219465372
2023-08-13 00:00:00,0.32390729140490293,0.18117660303600128
2023-08-13 01:00:00,0.4508652843162416,0.2146876080520451
2023-08-13 02:00:00,0.6101247616112231,0.27860961420461533
2023-08-13 03:00:00,0.7442367233894764,0.3421233016904442
2023-08-13 04:00:00,0.8666003025881946,0.48747282560914756
2023-08-13 05:00:00,0.9325860516168175,0.7040230410173532
2023-08-13 06:00:00,0.9519595796614887,0.8822555536217987
2023-08-13 07:00:00,0.7364838221482931,0.8830999512784182
2023-08-13 08:00:00,0.6595995517820117,0.6412716310098765
2023-08-13 09:00:00,0.5105205404758454,0.43381258137524126
2023-08-13 10:00:00,0.43839885473251333,0.36160785019397734
2023-08-13 11:00:00,0.3896647024154663,0.34343172227963803
2023-08-13 12:00:00,0.33848483730107537,0.31912322394549836
2023-08-13 13:00:00,0.25702525587752456,0.27486278774216766
2023-08-13 14:00:00,0.2701195612549781,0.27032270856201646
2023-08-13 15:00:00,0.41172726556658734,0.38366992356255647
2023-08-13 16:00:00,0.5141498608887196,0.517645233720541
2023-08-13 17:00:00,0.6088059842027721,0.6109910135529932
2023-08-13 18:00:00,0.5726228592358528,0.5855149547010658
2023-08-13 19:00:00,0.4648455579578877,0.5136063892580569
2023-08-13 20:00:00,0.3502397580072283,0.3709977571107447
2023-08-13 21:00:00,0.2291530983150005,0.20272686976939439
2023-08-13 22:00:00,0.06471172593533991,0.04680828627198935
2023-08-13 23:00:00,0.04500646196305752,0.028140765107236808
2023-08-14 00:00:00,0.09056306994520129,0.04293781988322735
2023-08-14 01:00:00,0.145314224679023,0.09887573951855302
2023-08-14 02:00:00,0.13490877307020127,0.09979896321892738
2023-08-14 03:00:00,0.13880004479549826,0.10209938480518757
2023-08-14 04:00:00,0.14669119721278548,0.10858225518837572
2023-08-14 05:00:00,0.23593827348202462,0.1780194380506873
2023-08-14 06:00:00,0.24603782590478654,0.1876965945772827
2023-08-14 07:00:00,0.22613357046619056,0.17691019164398308
2023-08-14 08:00:00,0.14715492459945378,0.10836495035327973
2023-08-14 09:00:00,0.11891265636309979,0.09249630658421663
2023-08-14 10:00:00,0.1168954949360341,0.13417374888435005
2023-08-14 11:00:00,0.12043201685883101,0.20742857940495013
2023-08-14 12:00:00,0.1649218447972089,0.2922093211207538
2023-08-14 13:00:00,0.28645533176139,0.3942069204524159
2023-08-14 14:00:00,0.4556207576207817,0.49797346096485856
2023-08-14 15:00:00,0.5918664363957938,0.5709825312905014
2023-08-14 16:00:00,0.6194652257859705,0.5944132732041179
2023-08-14 17:00:00,0.488498663790524,0.5053195612505077
2023-08-14 18:00:00,0.375241613117978,0.42188227246981125
2023-08-14 19:00:00,0.28935711598023767,0.3315725861955434
2023-08-14 20:00:00,0.1869406911265105,0.22323227209970353
2023-08-14 21:00:00,0.09816334750037639,0.10232044484000652
2023-08-14 22:00:00,0.033033602135255934,0.023964422079734503
2023-08-14 23:00:00,0.0020057183457538484,0.002845655120909214
2023-08-15 00:00:00,0.0014325629360973833,0.003785886545665562
2023-08-15 01:00:00,0.01360601631458849,0.033809546506963675
2023-08-15 02:00:00,0.03064083538018167,0.07715178710874168
2023-08-15 03:00:00,0.03758101180195808,0.10443823124747723
2023-08-15 04:00:00,0.024868065654300154,0.10099142846185713
2023-08-15 05:00:00,0.017613135953433813,0.10763545330148189
2023-08-15 06:00:00,0.005989895160309971,0.07263027703389525
2023-08-15 07:00:00,0.07696836625225842,0.05160742590203881
2023-08-15 08:00:00,0.3805862565152346,0.15618676543235777
2023-08-15 09:00:00,0.7814590430632232,0.5117512464523315
2023-08-15 10:00:00,0.8974562302045526,0.8124002482183276
2023-08-15 11:00:00,0.8681331350095569,0.9244283063709735
2023-08-15 12:00:00,0.7636748633906245,0.925917933769524
2023-08-15 13:00:00,0.618402771539986,0.8836437230929731
2023-08-15 14:00:00,0.4359691697731614,0.7886510596051812
2023-08-15 15:00:00,0.24918264650739727,0.6679945381172001
2023-08-15 16:00:00,0.11851533440873024,0.5447704733535647
2023-08-15 17:00:00,0.13844972315244375,0.4724415015242994
2023-08-15 18:00:00,0.07769185733981429,0.28594458808191114
2023-08-15 19:00:00,0.03629166519735009,0.1452892623655498
2023-08-15 20:00:00,0.025281820674426855,0.07006828665733338
2023-08-15 21:00:00,0.04932956046424805,0.028575663371011615
2023-08-15 22:00:00,0.042498245094902805,0.00953719840850681
2023-08-15 23:00:00,0.05436788810882717,0.011866542845964433
2023-08-16 00:00:00,0.05749752092175185,0.015159315038472412
2023-08-16 01:00:00,0.10300389233045278,0.03276352502871305
2023-08-16 02:00:00,0.21630049132741982,0.06686525827273727
2023-08-16 03:00:00,0.3770184376090765,0.1360953693743795
2023-08-16 04:00:00,0.46611541638150805,0.20007165177725258
2023-08-16 05:00:00,0.49531114637851714,0.2595788171514869
2023-08-16 06:00:00,0.41922836158424615,0.21510623217560348
2023-08-16 07:00:00,0.308501987569034,0.17592716514132917
2023-08-16 08:00:00,0.1461455756705254,0.1084163649380207
2023-08-16 09:00:00,0.26702333100140085,0.07574244362767786
2023-08-16 10:00:00,0.7884613355528564,0.25331566109322007
2023-08-16 11:00:00,0.9998259864374995,0.6680200931429863
2023-08-16 12:00:00,0.9950077537819743,0.9811858293600381
2023-08-16 13:00:00,0.9292878560535609,0.9928165726922452
2023-08-16 14:00:00,0.9058614899590611,0.9554391432739795
2023-08-16 15:00:00,0.9321165010705588,0.9212624687142669
2023-08-16 16:00:00,0.9789885685034097,0.8608780762925743
2023-08-16 17:00:00,0.9875493423081935,0.8654632947966455
2023-08-16 18:00:00,0.9033717276901005,0.832511654831469
2023-08-16 19:00:00,0.7341800849325955,0.773732984252274
2023-08-16 20:00:00,0.6555966261215506,0.6797248113341627
2023-08-16 21:00:00,0.5466374440677465,0.5267956679500639
2023-08-16 22:00:00,0.5748182722553611,0.5193772278539835
2023-08-16 23:00:00,0.5715080235712229,0.4736666435934602
2023-08-17 00:00:00,0.6523248733766376,0.5184387826547027
2023-08-17 01:00:00,0.7344285196252167,0.6545184654369949
2023-08-17 02:00:00,0.7523248225636779,0.7055170834623277
2023-08-17 03:00:00,0.7507220997288823,0.722687347009778
2023-08-17 04:00:00,0.7371703185699878,0.7149347298219799
2023-08-17 05:00:00,0.5536988086625932,0.5352956966590136
2023-08-17 06:00:00,0.38683300552889704,0.3625220028590411
2023-08-17 07:00:00,0.3083385603688657,0.2236542262975126
2023-08-17 08:00:00,0.18700291723944248,0.1397246626205742
2023-08-17 09:00:00,0.06667123798280954,0.0854722383711487
2023-08-17 10:00:00,0.047871378725394605,0.08764194877818228
2023-08-17 11:00:00,0.15697396635077893,0.18750174503773445
2023-08-17 12:00:00,0.30346328374929726,0.3128566726110875
2023-08-17 13:00:00,0.39837722754105925,0.38218023384921257
2023-08-17 14:00:00,0.5395543034933508,0.48258473597466944
2023-08-17 15:00:00,0.6246388615481555,0.5680232943408192
2023-08-17 16:00:00,0.7256890889815986,0.6566073591448364
2023-08-17 17:00:00,0.7143137604184446,0.682475798781961
2023-08-17 18:00:00,0.7836599145270883,0.7571402507275341
2023-08-17 19:00:00,0.7589581089653072,0.7274772458709774
2023-08-17 20:00:00,0.710064426846802,0.6395599363744257
2023-08-17 21:00:00,0.6322607983276247,0.4874933121725917
2023-08-17 22:00:00,0.3635973147302866,0.2336882611736655
2023-08-17 23:00:00,0.33223984185606237,0.231214248528704
2023-08-18 00:00:00,0.31450658310204743,0.2559324461407959
2023-08-18 01:00:00,0.26859032969921826,0.28676465956494207
2023-08-18 02:00:00,0.18978222306817769,0.2565712982509285
2023-08-18 03:00:00,0.10879423711448907,0.1708106090081855
2023-08-18 04:00:00,0.035296330186538404,0.09724426861386744
2023-08-18 05:00:00,0.022728995904326442,0.11475401242263616
2023-08-18 06:00:00,0.01380006450228393,0.11122369566932318
2023-08-18 07:00:00,0.012030490110628308,0.09369796711485832
2023-08-18 08:00:00,0.009243023763410747,0.05657054817769676
2023-08-18 09:00:00,0.005222998810932041,0.05856626430060714
2023-08-18 10:00:00,0.05003692764788866,0.070348099200055
2023-08-18 11:00:00,0.16103991695679723,0.11491018468048422
2023-08-18 12:00:00,0.1999427768215537,0.19429465879220517
2023-08-18 13:00:00,0.24004967262968416,0.2782334274379536
2023-08-18 14:00:00,0.6472553828591481,0.3332141064805909
2023-08-18 15:00:00,0.9518637551181018,0.5669565561041235
2023-08-18 16:00:00,1.0,0.8733539097569882
2023-08-18 17:00:00,1.0,0.9432592919841408
2023-08-18 18:00:00,0.9976593350991607,0.9464339819550514
2023-08-18 19:00:00,0.9343154745176434,0.9820068508200347
2023-08-18 20:00:00,0.6649151134118436,0.847427315544337
2023-08-18 21:00:00,0.42742743812501427,0.7164090074412524
2023-08-18 22:00:00,0.4573767974413931,0.6455536605045198
2023-08-18 23:00:00,0.33217262355610727,0.3624026380106807
2023-08-19 00:00:00,0.23523621579632153,0.20196981186047197
2023-08-19 01:00:00,0.23846266243606803,0.1145756042562425
2023-08-19 02:00:00,0.42760685212910177,0.11977892779745161
2023-08-19 03:00:00,0.6780468554794787,0.2505176924308762
2023-08-19 04:00:00,0.7901788763888179,0.4499178205244243
2023-08-19 05:00:00,0.9360748476721347,0.7424850517138839
2023-08-19 06:00:00,0.9323260548710822,0.9715634539164604
2023-08-19 07:00:00,0.9155910919606686,0.9726883172243833
2023-08-19 08:00:00,0.8825358855910599,0.9654326102696359
2023-08-19 09:00:00,0.9057803553342817,0.9331151126138865
2023-08-19 10:00:00,0.9719633262790741,0.9702662326022982
2023-08-19 11:00:00,0.9974832715466618,0.9886207183077933
2023-08-19 12:00:00,1.0,0.9999131176620721
2023-08-19 13:00:00,1.0,1.0
2023-08-19 14:00:00,1.0,1.0
2023-08-19 15:00:00,0.9997153781726956,0.9977118235826492
2023-08-19 16:00:00,0.9898992832005025,0.9772269557230174
2023-08-19 17:00:00,0.9968628275394441,0.9008460525050759
2023-08-19 18:00:00,0.974454001802951,0.8829607895575462
2023-08-19 19:00:00,0.7531176063790916,0.6973023669794202
2023-08-19 20:00:00,0.5232405037432909,0.5308539638482034
2023-08-19 21:00:00,0.4203052197024226,0.45297562671825287
2023-08-19 22:00:00,0.3347711824998259,0.3678081012144685
2023-08-19 23:00:00,0.29090016322210427,0.3241652726009488
2023-08-20 00:00:00,0.3158568108454346,0.32815148800611493
2023-08-20 01:00:00,0.31848158525303005,0.313955234941095
2023-08-20 02:00:00,0.31006146432831877,0.29037774708122016
2023-08-20 03:00:00,0.3064253684133291,0.24521741045638915
2023-08-20 04:00:00,0.2788137688301503,0.20937311861664057
2023-08-20 05:00:00,0.4244921944104134,0.32301365809515115
2023-08-20 06:00:00,0.34461201531812546,0.2745983240753412
2023-08-20 07:00:00,0.33689717881381503,0.24146777488291257
2023-08-20 08:00:00,0.32305156448855993,0.223436521096155
2023-08-20 09:00:00,0.17152844024822111,0.11817826400045303
2023-08-20 10:00:00,0.09032344556413589,0.09003979602828621
2023-08-20 11:00:00,0.03142154646106064,0.06810999246314169
2023-08-20 12:00:00,0.01570475353393704,0.061172539517283436
2023-08-20 13:00:00,0.037405744153074925,0.08325314255431292
2023-08-20 14:00:00,0.07391598446760327,0.11901869620662184
2023-08-20 15:00:00,0.10075935288798063,0.14298190153203902
2023-08-20 16:00:00,0.156933378810063,0.19757649407722053
2023-08-20 17:00:00,0.1516869058459997,0.20067829044535757
2023-08-20 18:00:00,0.22838290099054565,0.21815658641979094
2023-08-20 19:00:00,0.24579641873016952,0.24469266565516587
2023-08-20 20:00:00,0.2714728828892111,0.32476678729057307
2023-08-20 21:00:00,0.2754578815028071,0.2970811365172267
2023-08-20 22:00:00,0.1639173762593418,0.149215299366042
2023-08-20 23:00:00,0.16524112682789563,0.1746224801521748
2023-08-21 00:00:00,0.20638417822308835,0.290231139184907
2023-08-21 01:00:00,0.26980719150044025,0.46528233546763653
2023-08-21 02:00:00,0.31009786495007574,0.569549820171669
2023-08-21 03:00:00,0.37362950444221493,0.6438290044851601
2023-08-21 04:00:00,0.44497060367837543,0.6904857404157518
2023-08-21 05:00:00,0.5489256905578076,0.7090336447395384
2023-08-21 06:00:00,0.7300910666584969,0.8098650859482588
2023-08-21 07:00:00,0.7323268560692667,0.8446749673970043
2023-08-21 08:00:00,0.6400685811042784,0.8162333808466792
2023-08-21 09:00:00,0.5980083106830714,0.7139099290780723
2023-08-21 10:00:00,0.6287231148965656,0.7045560033433138
2023-08-21 11:00:00,0.5032398598268627,0.712533503398299
2023-08-21 12:00:00,0.4550207142531872,0.6848605100251735
2023-08-21 13:00:00,0.590403650831431,0.6037721365690231
2023-08-21 14:00:00,0.5974350563250481,0.5534287828207015
2023-08-21 15:00:00,0.5023839291930198,0.4018975490890444
2023-08-21 16:00:00,0.38894223557785157,0.32826697779819375
2023-08-21 17:00:00,0.4022411680221557,0.3065212038531899
2023-08-21 18:00:00,0.2715360692515969,0.24813869969919322
2023-08-21 19:00:00,0.2238267503492534,0.2106892182864249
2023-08-21 20:00:00,0.19421883987262842,0.19431507518514987
2023-08-21 21:00:00,0.17519075706601142,0.15366093048825857
2023-08-21 22:00:00,0.20283047266304488,0.16887474712915718
2023-08-21 23:00:00,0.2181307616829872,0.21871896153315898
2023-08-22 00:00:00,0.24484131446108215,0.25749187355861064
2023-08-22 01:00:00,0.2451058720611036,0.22020656164735553
2023-08-22 02:00:00,0.20318810686469077,0.175886619836092
2023-08-22 03:00:00,0.1740474925935268,0.18486290652304882
2023-08-22 04:00:00,0.1920187030546367,0.2034809318743646
2023-08-22 05:00:00,0.3406589902192354,0.31206724036484956
2023-08-22 06:00:00,0.3626685794629157,0.37278512675315145
2023-08-22 07:00:00,0.37450091749429704,0.42517624406144017
2023-08-22 08:00:00,0.45212431509047746,0.4999459731020033
2023-08-22 09:00:00,0.5359107542037963,0.62658484544605
2023-08-22 10:00:00,0.568942774068564,0.6619104035571216
2023-08-22 11:00:00,0.5622021412849424,0.6158906600810585
2023-08-22 12:00:00,0.5258585894107818,0.6468490669876334
2023-08-22 13:00:00,0.44938201859593396,0.5211337552964687
2023-08-22 14:00:00,0.2911901349015533,0.34706547871232035
2023-08-22 15:00:00,0.18839148139581077,0.2672306859679519
2023-08-22 16:00:00,0.20624391745775936,0.27981024423614137
2023-08-22 17:00:00,0.3218761960603296,0.33665104338899254
2023-08-22 18:00:00,0.3846984816342592,0.3792810588143766
2023-08-22 19:00:00,0.3919678214751184,0.3154457604140043
2023-08-22 20:00:00,0.34243559803813695,0.23822497289627786
2023-08-22 21:00:00,0.2656462732702493,0.17413547413423655
2023-08-22 22:00:00,0.23472634553909297,0.16166767545975744
2023-08-22 23:00:00,0.24038339601829645,0.12551423575729131
2023-08-23 00:00:00,0.18186475902795787,0.09060866633895785
2023-08-23 01:00:00,0.09224024462513625,0.042478336291387676
2023-08-23 02:00:00,0.06517762635834513,0.02563940266612917
2023-08-23 03:00:00,0.0424369175871834,0.013182659284211695
2023-08-23 04:00:00,0.03667836887761951,0.0061899875616654755
2023-08-23 05:00:00,0.03516735492739827,0.005964027582667768
2023-08-23 06:00:00,0.03952621114440263,0.013409351194277405
2023-08-23 07:00:00,0.04335108353756369,0.023816000665538014
2023-08-23 08:00:00,0.03658144777175039,0.04394704388920218
2023-08-23 09:00:00,0.022602768833749003,0.02670194468460977
2023-08-23 10:00:00,0.02293631551321596,0.048688881373964245
2023-08-23 11:00:00,0.040170792290009555,0.07651223363820463
2023-08-23 12:00:00,0.04001062525901943,0.07296100225765258
2023-08-23 13:00:00,0.04489306293893605,0.08755425335373729
2023-08-23 14:00:00,0.057458851528353984,0.12478874885942784
2023-08-23 15:00:00,0.058467725436203176,0.12106224717106669
2023-08-23 16:00:00,0.07164214784745128,0.12661843663081526
2023-08-23 17:00:00,0.08979757850989699,0.16770526622422036
2023-08-23 18:00:00,0.10178229708224533,0.1860472914716229
2023-08-23 19:00:00,0.13175179851241411,0.15919188120402392
2023-08-23 20:00:00,0.19613295976072548,0.1581175743415952
2023-08-23 21:00:00,0.17290329168085009,0.13539341160561888
2023-08-23 22:00:00,0.13311187619343404,0.12845366912428288
2023-08-23 23:00:00,0.15711562551558014,0.15361569727770985
2023-08-24 00:00:00,0.2015639978367835,0.18463270142674443
2023-08-24 01:00:00,0.21237292673438787,0.20041572138667105
2023-08-24 02:00:00,0.18894816586747762,0.24068282067775723
2023-08-24 03:00:00,0.19514373234473167,0.3358554879017174
2023-08-24 04:00:00,0.20441910127177831,0.4871239991579204
2023-08-24 05:00:00,0.17038053579628465,0.618058896921575
2023-08-24 06:00:00,0.2456915718689561,0.7185155376140028
2023-08-24 07:00:00,0.3134968288382515,0.7925087029486896
2023-08-24 08:00:00,0.28377872063312676,0.771944495551288
2023-08-24 09:00:00,0.36406521437689654,0.8070394026860594
2023-08-24 10:00:00,0.5794555465131999,0.8692585833743215
2023-08-24 11:00:00,0.6888636349141597,0.9114119619131087
2023-08-24 12:00:00,0.7592691660113633,0.8991995448991655
2023-08-24 13:00:00,0.8097334454394876,0.8512391483224927
2023-08-24 14:00:00,0.7609814912267028,0.775235837129876
2023-08-24 15:00:00,0.5969151191040872,0.6427115898020564
2023-08-24 16:00:00,0.4056068089418112,0.4234357468131929
2023-08-24 17:00:00,0.15482829253654923,0.1743527402402833
2023-08-24 18:00:00,0.054807416149415075,0.06701693031005561
2023-08-24 19:00:00,0.14700664577540012,0.07156422501429915
2023-08-24 20:00:00,0.2996582962945103,0.1387880031298846
2023-08-24 21:00:00,0.3994152636080979,0.15426872674375772
2023-08-24 22:00:00,0.40001138185150914,0.107382697109133
2023-08-24 23:00:00,0.42989549495279783,0.1490460325963795
2023-08-25 00:00:00,0.5321126973628999,0.2884007137082517
2023-08-25 01:00:00,0.6847687600553035,0.5401411508955062
2023-08-25 02:00:00,0.8412545379437506,0.8571831318736075
2023-08-25 03:00:00,0.9104020145349203,0.91874696534127
2023-08-25 04:00:00,0.9266035778075455,0.941639606244862
2023-08-25 05:00:00,0.9823100629635154,0.9926158132776617
2023-08-25 06:00:00,0.9855611763335763,0.9859578490070998
2023-08-25 07:00:00,0.992211179677397,0.9786404365114866
2023-08-25 08:00:00,0.9436441981978715,0.9579702753201128
2023-08-25 09:00:00,0.8530945060029625,0.8407024018466471
2023-08-25 10:00:00,0.7692102640308439,0.7809880279190837
2023-08-25 11:00:00,0.655531247332692,0.7223195587657391
2023-08-25 12:00:00,0.5510495046339928,0.6796671628393232
2023-08-25 13:00:00,0.4715163493528962,0.6187534244731067
2023-08-25 14:00:00,0.3711410797014833,0.4868365198187531
2023-08-25 15:00:00,0.24684724051505325,0.34314842643216253
2023-08-25 16:00:00,0.15079762351699175,0.22209049959667018
2023-08-25 17:00:00,0.07398938738740982,0.11309906758833674
2023-08-25 18:00:00,0.019187323688529434,0.030890785339288417
2023-08-25 19:00:00,0.006320882765576243,0.00434742314275354
2023-08-25 20:00:00,0.015814360068179666,0.00912986947223544
2023-08-25 21:00:00,0.0587464819708839,0.02621011404786258
2023-08-25 22:00:00,0.10237869428470732,0.030725533356890086
2023-08-25 23:00:00,0.07875660891644656,0.021705191577784715
2023-08-26 00:00:00,0.04669629248790444,0.013591863843612374
2023-08-26 01:00:00,0.03313991751987488,0.011422855788841843
2023-08-26 02:00:00,0.04832336090505123,0.029967695507220924
2023-08-26 03:00:00,0.10025837311521171,0.08844240264035759
2023-08-26 04:00:00,0.1687012946605682,0.1599053355399519
2023-08-26 05:00:00,0.2459575743414461,0.2650183163024485
2023-08-26 06:00:00,0.35746689084917305,0.37302336534485214
2023-08-26 07:00:00,0.4354696726240218,0.4552592017687857
2023-08-26 08:00:00,0.5260109461843967,0.49781081994995474
2023-08-26 09:00:00,0.5480630700290203,0.46716644510626787
2023-08-26 10:00:00,0.70508411725983,0.6604607211612163
2023-08-26 11:00:00,0.8294489989988505,0.7934425166249273
2023-08-26 12:00:00,0.8586767947115004,0.8223152456246315
2023-08-26 13:00:00,0.8278409562446174,0.7783185517974197
2023-08-26 14:00:00,0.7467964559234678,0.6865637818165122
2023-08-26 15:00:00,0.6309670878946777,0.5680711959861219
2023-08-26 16:00:00,0.5319663205370307,0.45964923135936264
2023-08-26 17:00:00,0.45984818324446675,0.40974832758307456
2023-08-26 18:00:00,0.36729615427553647,0.318412599787116
2023-08-26 19:00:00,0.23838096888735888,0.2566472853906453
2023-08-26 20:00:00,0.17823514144867653,0.19463881073519587
2023-08-26 21:00:00,0.09256683043204246,0.08972729492932559
2023-08-26 22:00:00,0.004971557543613015,0.004093252075836063
2023-08-26 23:00:00,0.0,0.00015799669083207846
2023-08-27 00:00:00,0.0,0.0
2023-08-27 01:00:00,0.0,6.981739308685064e-05
2023-08-27 02:00:00,0.0,0.00010620490182191133
2023-08-27 03:00:00,0.00018666288815438747,0.000625283671543002
2023-08-27 04:00:00,0.0038847720576450227,0.00428223954513669
2023-08-27 05:00:00,0.0051124361483380195,0.009805882023647426
2023-08-27 06:00:00,0.028602528744377194,0.026993110077455647
2023-08-27 07:00:00,0.07822265234775842,0.054526144224219024
2023-08-27 08:00:00,0.17767062883824108,0.11322375439107418
2023-08-27 09:00:00,0.324620632827282,0.24543043821118768
2023-08-27 10:00:00,0.36528657624498007,0.3830736373923718
2023-08-27 11:00:00,0.27705247573554515,0.4309184420853853
2023-08-27 12:00:00,0.1724632219132036,0.4077948547340929
2023-08-27 13:00:00,0.12814727631397543,0.34987780144438146
2023-08-27 14:00:00,0.0947368427924812,0.2701569029036909
2023-08-27 15:00:00,0.08936340970918535,0.20814733703620728
2023-08-27 16:00:00,0.15536455438472327,0.14637622982263562
2023-08-27 17:00:00,0.2539501655101776,0.1518146208208054
2023-08-27 18:00:00,0.3791547301225363,0.2029874869156629
2023-08-27 19:00:00,0.4692673700489104,0.2715181316062808
2023-08-27 20:00:00,0.49896143943071375,0.31988165730610485
2023-08-27 21:00:00,0.41205444812774666,0.2886745373997837
2023-08-27 22:00:00,0.1698895100690424,0.1290730832424015
2023-08-27 23:00:00,0.12063617440871893,0.07748595208860934
2023-08-28 00:00:00,0.14110981232486663,0.10238428495824338
2023-08-28 01:00:00,0.253704119361937,0.21163848976604638
2023-08-28 02:00:00,0.2721839632838964,0.2598316400498151
2023-08-28 03:00:00,0.2416647251322865,0.24566323278471824
2023-08-28 04:00:00,0.19884737860411403,0.20023199178278442
2023-08-28 05:00:00,0.140506973573938,0.1591899545677006
2023-08-28 06:00:00,0.10281650392338632,0.13372447045519947
2023-08-28 07:00:00,0.060035395505838085,0.10364951756782828
2023-08-28 08:00:00,0.02831573444418609,0.08423874936997892
2023-08-28 09:00:00,0.022830670010298496,0.11127523543313145
2023-08-28 10:00:00,0.022525220438838003,0.14665167729370293
2023-08-28 11:00:00,0.022234647911973295,0.16031970580574123
2023-08-28 12:00:00,0.021412316593341526,0.1421939868107438
2023-08-28 13:00:00,0.028745432030409575,0.1123634588252753
2023-08-28 14:00:00,0.05490252528339625,0.08543311066459865
2023-08-28 15:00:00,0.1048021166678518,0.08941670999396593
2023-08-28 16:00:00,0.17510367941111327,0.11489100323058664
2023-08-28 17:00:00,0.4307018567621708,0.2851779019180685
2023-08-28 18:00:00,0.5087666064500808,0.30319880750030276
2023-08-28 19:00:00,0.4998621276021003,0.30164667382836335
2023-08-28 20:00:00,0.38710715834051374,0.24800033833831542
2023-08-28 21:00:00,0.24966206049546602,0.16428395493887366
2023-08-28 22:00:00,0.08113919542171062,0.04326819952577353
2023-08-28 23:00:00,0.00991076373960823,0.005388258844614029
2023-08-29 00:00:00,0.0021147415973246093,0.0028222649358212947
2023-08-29 01:00:00,0.00039341309573501346,0.002165446514263749
2023-08-29 02:00:00,0.000565816625021398,0.003975998158566654
2023-08-29 03:00:00,0.003802997902967036,0.013871161569841205
2023-08-29 04:00:00,0.018703747387044133,0.03709805414080621
2023-08-29 05:00:00,0.04073405342176557,0.07497031681239606
2023-08-29 06:00:00,0.03710169229656458,0.060556014990434046
2023-08-29 07:00:00,0.021603882033377885,0.029699943740852178
2023-08-29 08:00:00,0.029158558794297282,0.013653894918970764
2023-08-29 09:00:00,0.10079297501593827,0.03659382067620754
2023-08-29 10:00:00,0.1932058152556419,0.08939175396226345
2023-08-29 11:00:00,0.2260254878411069,0.13762529612518845
2023-08-29 12:00:00,0.2681606708094477,0.1725535863731056
2023-08-29 13:00:00,0.28542990284040565,0.2229563436750322
2023-08-29 14:00:00,0.2474188863299787,0.26390933654271065
2023-08-29 15:00:00,0.23393740031868218,0.32397009704262014
2023-08-29 16:00:00,0.2214545091241598,0.2884240979887545
2023-08-29 17:00:00,0.2016052086278796,0.28775923637673256
2023-08-29 18:00:00,0.2572908478789031,0.3093738481774926
2023-08-29 19:00:00,0.3233544438332319,0.29361344238743176
2023-08-29 20:00:00,0.3410428808815777,0.24294393464922906
2023-08-29 21:00:00,0.2914381982386111,0.17169407320208846
2023-08-29 22:00:00,0.13499903816729783,0.06658697597682477
2023-08-29 23:00:00,0.043387007517740134,0.027895257556810972
2023-08-30 00:00:00,0.07077705302275716,0.05698674269020557
2023-08-30 01:00:00,0.1406885099597275,0.1046758565865457
2023-08-30 02:00:00,0.21850656557828183,0.15832875402644278
2023-08-30 03:00:00,0.2584752424061298,0.25860462525859473
2023-08-30 04:00:00,0.29316376248374576,0.40310557657852775
2023-08-30 05:00:00,0.5701066627167164,0.7571472388133406
2023-08-30 06:00:00,0.5530031038820742,0.7137867427989841
2023-08-30 07:00:00,0.48998547615483407,0.5533281895890831
2023-08-30 08:00:00,0.3784564977139235,0.32947752542793746
2023-08-30 09:00:00,0.606016978099942,0.6260088599845767
2023-08-30 10:00:00,0.9626675271056592,0.9631789515726268
2023-08-30 11:00:00,0.9991757368296385,0.9926309096068144
2023-08-30 12:00:00,1.0,1.0
2023-08-30 13:00:00,1.0,1.0
2023-08-30 14:00:00,0.9998677404969931,0.9966730714216828
2023-08-30 15:00:00,0.992987132165581,0.9777421164885163
2023-08-30 16:00:00,0.9642742388509213,0.9261031597480178
2023-08-30 17:00:00,0.9395824335701763,0.8377951605245471
2023-08-30 18:00:00,0.9176054100878536,0.78360921241343
2023-08-30 19:00:00,0.7836370159126818,0.6706063740514216
2023-08-30 20:00:00,0.6911687082424759,0.6377504993416369
2023-08-30 21:00:00,0.6131711875461041,0.5853016788326203
2023-08-30 22:00:00,0.37777900414541365,0.4880319798365236
2023-08-30 23:00:00,0.3589652506820858,0.5355788118578493
2023-08-31 00:00:00,0.40444637235254044,0.4611658689379692
2023-08-31 01:00:00,0.3813102411478758,0.5292231618613004
2023-08-31 02:00:00,0.3649184775166213,0.6663341260142625
2023-08-31 03:00:00,0.4079365891218185,0.6358345840126275
2023-08-31 04:00:00,0.3101393585838377,0.5613583970069884
2023-08-31 05:00:00,0.7197323738597331,0.8764832087978721
2023-08-31 06:00:00,0.5675983928050845,0.7709771312586963
2023-08-31 07:00:00,0.5333837666176259,0.6380734462477267
2023-08-31 08:00:00,0.43329561799764627,0.5072101834602654
2023-08-31 09:00:00,0.3686094997264445,0.4753002190589904
2023-08-31 10:00:00,0.360417368337512,0.4305897426791489
2023-08-31 11:00:00,0.35403631972149013,0.37459439327940347
2023-08-31 12:00:00,0.21739465372636915,0.2383911474794149
2023-08-31 13:00:00,0.11440092456527054,0.10385246355086562
2023-08-31 14:00:00,0.08271441809833051,0.03791630814317614
2023-08-31 15:00:00,0.027366527621634308,0.010550944171845914
2023-08-31 16:00:00,0.05386379275936634,0.03066988497972488
2023-08-31 17:00:00,0.2735817535128444,0.11501385685522107
2023-08-31 18:00:00,0.40547015335410824,0.22568048343993724
2023-08-31 19:00:00,0.5007169016823172,0.2567667739465832
2023-08-31 20:00:00,0.49863866224884984,0.2851975869946182
2023-08-31 21:00:00,0.5330120441503823,0.3302777497470379
2023-08-31 22:00:00,0.5845823126100004,0.36472560539841653
2023-08-31 23:00:00,0.631182957291603,0.4171941984258592
2023-09-01 00:00:00,0.7077043266408145,0.46217020022682836
2023-09-01 01:00:00,0.66275622760877,0.48517533462494605
2023-09-01 02:00:00,0.6374742834083735,0.5701547357439994
2023-09-01 03:00:00,0.6671141580119727,0.6848483583517372
2023-09-01 04:00:00,0.7860825017653404,0.8001817242801189
2023-09-01 05:00:00,0.8540010356344282,0.9394765268824993
2023-09-01 06:00:00,0.7422485245019197,0.8750242598168552
2023-09-01 07:00:00,0.7452327093109486,0.6689275542460381
2023-09-01 08:00:00,0.6109512632153925,0.5206884099915623
2023-09-01 09:00:00,0.4925067381560803,0.40215773448348036
2023-09-01 10:00:00,0.5003100319579242,0.4105484974570573
2023-09-01 11:00:00,0.48904639452695847,0.43492258980870246
2023-09-01 12:00:00,0.4731335777416826,0.45205648859962816
2023-09-01 13:00:00,0.4801359941065312,0.42818227330222713
2023-09-01 14:00:00,0.46232660025358197,0.36004120023921127
2023-09-01 15:00:00,0.43997529894113535,0.3260400082357227
2023-09-01 16:00:00,0.4620075435936451,0.3303897292166948
2023-09-01 17:00:00,0.5986137040331957,0.42438193056732415
2023-09-01 18:00:00,0.49899312540888785,0.34965619768947365
2023-09-01 19:00:00,0.29954622020944943,0.25306747226044535
2023-09-01 20:00:00,0.23790662860497827,0.24811070071533314
2023-09-01 21:00:00,0.2380350990779698,0.22016661467030638
2023-09-01 22:00:00,0.16032201440073549,0.10885761324316263
2023-09-01 23:00:00,0.10153663380071519,0.06531269296072424
2023-09-02 00:00:00,0.08031888023018836,0.08781020407564938
2023-09-02 01:00:00,0.14160089991986752,0.127748565049842
2023-09-02 02:00:00,0.19961747178807854,0.13019691026769578
2023-09-02 03:00:00,0.1957765030302107,0.12264138323254883
2023-09-02 04:00:00,0.21827404212206597,0.1790915738418698
2023-09-02 05:00:00,0.46780950963497164,0.4267533132247627
2023-09-02 06:00:00,0.6113842223212119,0.5631126846931873
2023-09-02 07:00:00,0.6653052953444419,0.6739712628349659
2023-09-02 08:00:00,0.677167965751141,0.7020760801993308
2023-09-02 09:00:00,0.7734896468743682,0.8477186326868832
2023-09-02 10:00:00,0.9432950146310032,0.9600647016987205
2023-09-02 11:00:00,0.9998474590852857,0.9936608837544918
2023-09-02 12:00:00,1.0,0.997494813427329
2023-09-02 13:00:00,1.0,0.9971752106770874
2023-09-02 14:00:00,0.996124933734536,0.9890257157757879
2023-09-02 15:00:00,0.9665941136889158,0.95815837578848
2023-09-02 16:00:00,0.9036590255983172,0.9129344721511006
2023-09-02 17:00:00,0.8345640966109931,0.8715390313416718
2023-09-02 18:00:00,0.7144726480729877,0.7755159240216016
2023-09-02 19:00:00,0.5995141179673372,0.6296667206846176
2023-09-02 20:00:00,0.5858066666312516,0.5216425404511391
2023-09-02 21:00:00,0.48315693572163576,0.3753268860653043
2023-09-02 22:00:00,0.24891737515106793,0.1308091098256409
2023-09-02 23:00:00,0.284962665233761,0.09533402530476451
2023-09-03 00:00:00,0.3012099989876151,0.10728972237557172
2023-09-03 01:00:00,0.33147907711565494,0.13181695688050238
2023-09-03 02:00:00,0.39193648364394895,0.16590787386987357
2023-09-03 03:00:00,0.37709730803035196,0.1535742803895846
2023-09-03 04:00:00,0.32747091832570724,0.12818593180272728
2023-09-03 05:00:00,0.2234653714857995,0.0899765066523105
2023-09-03 06:00:00,0.17830153333954515,0.07112492660526185
2023-09-03 07:00:00,0.10039001700934022,0.04630760411731898
2023-09-03 08:00:00,0.07284745457582176,0.03808118103537708
2023-09-03 09:00:00,0.23629990799352524,0.12202693805098533
2023-09-03 10:00:00,0.5698303865082562,0.3404417844116687
2023-09-03 11:00:00,0.7086514699831604,0.6122095972672105
2023-09-03 12:00:00,0.6653230774030088,0.7377170669101177
2023-09-03 13:00:00,0.5873747519776225,0.7391408859193325
2023-09-03 14:00:00,0.5518942061066627,0.7267620965652167
2023-09-03 15:00:00,0.5250317832082511,0.7105690552107989
2023-09-03 16:00:00,0.5929298470914363,0.7589647957496345
2023-09-03 17:00:00,0.6632004219293594,0.7901673784106972
2023-09-03 18:00:00,0.752394621130079,0.799057209957391
2023-09-03 19:00:00,0.8091888303495942,0.7885494467802344
2023-09-03 20:00:00,0.8764061619341371,0.788242421634495
2023-09-03 21:00:00,0.8634614351391792,0.6732189572229982
2023-09-03 22:00:00,0.5942787646315991,0.3795526044443249
2023-09-03 23:00:00,0.4411895714327692,0.2945112874917686
2023-09-04 00:00:00,0.2857392290793359,0.27911034143529834
2023-09-04 01:00:00,0.2343885323219001,0.3530503434874117
2023-09-04 02:00:00,0.22458209491334852,0.44133907703682773
2023-09-04 03:00:00,0.3658624181244521,0.5324354294314979
2023-09-04 04:00:00,0.5621183176338673,0.5538994006253778
2023-09-04 05:00:00,0.7246844006702302,0.4785894989967346
2023-09-04 06:00:00,0.8268605094961822,0.6334301100485026
2023-09-04 07:00:00,0.8210409197770058,0.6894503006897865
2023-09-04 08:00:00,0.8634781856276095,0.8019288492947816
2023-09-04 09:00:00,0.8202939194627104,0.8611554588377476
2023-09-04 10:00:00,0.8094046850502491,0.8468338068202139
2023-09-04 11:00:00,0.8769062242843211,0.9011394720338284
2023-09-04 12:00:00,0.9057891356013714,0.9396492158435285
2023-09-04 13:00:00,0.8397473872825504,0.9111655881814658
2023-09-04 14:00:00,0.603824584316462,0.7463837882317601
2023-09-04 15:00:00,0.5408507780730722,0.6208910814113914
2023-09-04 16:00:00,0.6265179575793441,0.5672588174417614
2023-09-04 17:00:00,0.581277280822396,0.6567556669749318
2023-09-04 18:00:00,0.5013515442609787,0.6103411021269857
2023-09-04 19:00:00,0.4559421040117741,0.5677169610746206
2023-09-04 20:00:00,0.33006265133619306,0.438905497379601
2023-09-04 21:00:00,0.2037947548367083,0.26463474344462157
2023-09-04 22:00:00,0.29096896022558205,0.23366280393674968
2023-09-04 23:00:00,0.39780587309971455,0.23913857452571394
2023-09-05 00:00:00,0.4976997623592615,0.35389172412455083
2023-09-05 01:00:00,0.3770736414566636,0.41976310307160025
2023-09-05 02:00:00,0.34349400952458387,0.48575568392872803
2023-09-05 03:00:00,0.40112068666145206,0.5285723977722229
2023-09-05 04:00:00,0.44956564718857406,0.5661776895076036
2023-09-05 05:00:00,0.39451395245268944,0.5406450792960822
2023-09-05 06:00:00,0.38556197665631764,0.40865748331882046
2023-09-05 07:00:00,0.41990243654698123,0.34219975941814484
2023-09-05 08:00:00,0.29885521092452105,0.29864734401926396
2023-09-05 09:00:00,0.16870574516244233,0.20260991016402838
2023-09-05 10:00:00,0.13196912663988766,0.14686383650638163
2023-09-05 11:00:00,0.083213422158733,0.0959531892929226
2023-09-05 12:00:00,0.02786059728823602,0.046681870981119575
2023-09-05 13:00:00,0.009471700317226349,0.028042870997451244
2023-09-05 14:00:00,0.006169399851933122,0.016867514690384267
2023-09-05 15:00:00,0.010741600431501868,0.02125492081977427
2023-09-05 16:00:00,0.03661767893470823,0.04708857089281083
2023-09-05 17:00:00,0.10315107279457152,0.12473932800814508
2023-09-05 18:00:00,0.13908061892725526,0.15601461813785136
2023-09-05 19:00:00,0.18514785402454437,0.20175075951963664
2023-09-05 20:00:00,0.23925913471728566,0.24318279980681842
2023-09-05 21:00:00,0.2242298902384937,0.28266817582771175
2023-09-05 22:00:00,0.3262564213387668,0.39279562813229857
2023-09-05 23:00:00,0.4777325641363859,0.5075198043137789
2023-09-06 00:00:00,0.5985984498448669,0.597422365900129
2023-09-06 01:00:00,0.6881898772530256,0.6607355041615662
2023-09-06 02:00:00,0.7681934621371328,0.7061737042665479
2023-09-06 03:00:00,0.8513819351606069,0.8015062047168611
2023-09-06 04:00:00,0.9170983820222317,0.8641295416094362
2023-09-06 05:00:00,0.8992334645241498,0.8061039807647465
2023-09-06 06:00:00,0.9494132237322628,0.8968699515610933
2023-09-06 07:00:00,0.9673984303511677,0.9454305774904785
2023-09-06 08:00:00,0.9528025689534841,0.8885116504877805
2023-09-06 09:00:00,0.9413488696888088,0.9003575987368823
2023-09-06 10:00:00,0.8893283312395214,0.8984010020736605
2023-09-06 11:00:00,0.8173090439382941,0.8650064242258668
2023-09-06 12:00:00,0.695660864622332,0.8329403828084468
2023-09-06 13:00:00,0.4796239048987627,0.8462100748205558
2023-09-06 14:00:00,0.3201842330768704,0.7864323649369178
2023-09-06 15:00:00,0.37227175046689803,0.6074500369466841
2023-09-06 16:00:00,0.6156795763410627,0.4798032132349908
2023-09-06 17:00:00,0.8004624356701969,0.6883547736983747
2023-09-06 18:00:00,0.6661304730549453,0.7244225263781844
2023-09-06 19:00:00,0.44722334630787364,0.558156699705869
2023-09-06 20:00:00,0.2804711009096354,0.3567477389518171
2023-09-06 21:00:00,0.12905767635442314,0.165023583099246
2023-09-06 22:00:00,0.03865878110285848,0.0558185735438019
2023-09-06 23:00:00,0.0073811975261196495,0.01357774674426764
2023-09-07 00:00:00,0.001555268606171012,0.0033330499613657594
2023-09-07 01:00:00,0.0007018292183056474,0.0013240644428879024
2023-09-07 02:00:00,0.000485385307110846,0.0018028150824829937
2023-09-07 03:00:00,0.0001862557930871844,0.005863622180186212
2023-09-07 04:00:00,0.0007790783187374472,0.010925751351751386
2023-09-07 05:00:00,0.0002846738370135426,0.012807287555187941
2023-09-07 06:00:00,0.0001594379637390375,0.0095494291651994
2023-09-07 07:00:00,0.0002008065767586231,0.004632630171254278
2023-09-07 08:00:00,0.006811856222338974,0.024564028396271167
2023-09-07 09:00:00,0.1249821590259671,0.18772502188570794
2023-09-07 10:00:00,0.2866600582003593,0.36971620792523024
2023-09-07 11:00:00,0.3605348365008831,0.4300125711224972
2023-09-07 12:00:00,0.2866208214126527,0.36541569499298926
2023-09-07 13:00:00,0.17605665020644662,0.3133167276345193
2023-09-07 14:00:00,0.13743151219561694,0.29999979351647194
2023-09-07 15:00:00,0.09649789408314971,0.28317495178431273
2023-09-07 16:00:00,0.04605647902004421,0.20747397741302845
2023-09-07 17:00:00,0.006880277032032609,0.053949410747736695
2023-09-07 18:00:00,0.006118579129688441,0.012640869300812482
2023-09-07 19:00:00,0.006859910213388503,0.00396878520026803
2023-09-07 20:00:00,0.03835639588069172,0.023100626231171192
2023-09-07 21:00:00,0.11611219313926993,0.1054373048711568
2023-09-07 22:00:00,0.08901213582605123,0.08925412214826792
2023-09-07 23:00:00,0.08801241679117086,0.10124834489077328
2023-09-08 00:00:00,0.07765622177161276,0.08659096449613571
2023-09-08 01:00:00,0.1015543929953128,0.07410316188819707
2023-09-08 02:00:00,0.17447829649783672,0.12338035672903058
2023-09-08 03:00:00,0.24810604102909564,0.17161181241273876
2023-09-08 04:00:00,0.2253842812404036,0.16189875827170908
2023-09-08 05:00:00,0.10705038650892672,0.09666269781067967
2023-09-08 06:00:00,0.04827687953598797,0.05183472173288465
2023-09-08 07:00:00,0.016533809173852207,0.014355087918229403
2023-09-08 08:00:00,0.011635589823126794,0.004449526872485876
2023-09-08 09:00:00,0.0541368620377034,0.04121081457007676
2023-09-08 10:00:00,0.10548155035823582,0.13980010194703935
2023-09-08 11:00:00,0.13444940370041875,0.26676276971586044
2023-09-08 12:00:00,0.13475345490034668,0.3193930908013135
2023-09-08 13:00:00,0.18562299506738777,0.39945752421393993
2023-09-08 14:00:00,0.23716474528424442,0.4183260318264364
2023-09-08 15:00:00,0.2874450903385877,0.42333672134205697
2023-09-08 16:00:00,0.30259802818298337,0.43890615088865154
2023-09-08 17:00:00,0.3385350791923702,0.47477312769740815
2023-09-08 18:00:00,0.2576458328776061,0.4013048973679542
2023-09-08 19:00:00,0.195602266844362,0.38548454746603966
2023-09-08 20:00:00,0.24094625982455906,0.43136961791664363
2023-09-08 21:00:00,0.2982742919726297,0.41369603877887134
2023-09-08 22:00:00,0.23498875024728477,0.27055071286857124
2023-09-08 23:00:00,0.1985813775192946,0.23324921701103446
2023-09-09 00:00:00,0.33267330622300506,0.2840266733989119
2023-09-09 01:00:00,0.49357570106163606,0.40665946114808327
2023-09-09 02:00:00,0.44808389419689776,0.34645470790565014
2023-09-09 03:00:00,0.3898210462741553,0.2839872238971293
2023-09-09 04:00:00,0.268058034684509,0.20952623189426958
2023-09-09 05:00:00,0.23210834247991446,0.22281399849802253
2023-09-09 06:00:00,0.20559823362156746,0.18865758512169123
2023-09-09 07:00:00,0.17385998595505947,0.15853307585231957
2023-09-09 08:00:00,0.1446921062096953,0.14013598030433055
2023-09-09 09:00:00,0.21236670330166815,0.23569500093348322
2023-09-09 10:00:00,0.32436295378953217,0.2960150390304625
2023-09-09 11:00:00,0.3529782102257013,0.25784898426383734
2023-09-09 12:00:00,0.30216711170971394,0.18897195768542585
2023-09-09 13:00:00,0.2744710822030902,0.13738627312704918
2023-09-09 14:00:00,0.24873610720969733,0.08778767749201506
2023-09-09 15:00:00,0.2399830730538815,0.06597434366121888
2023-09-09 16:00:00,0.20139278293587265,0.05218681054655462
2023-09-09 17:00:00,0.40341963674873105,0.13565900769084693
2023-09-09 18:00:00,0.30067525027319786,0.09315079522784797
2023-09-09 19:00:00,0.23949710699729615,0.07215871325694025
2023-09-09 20:00:00,0.16662243887782097,0.05010280929040163
2023-09-09 21:00:00,0.11630954042077063,0.03196405688300728
2023-09-09 22:00:00,0.05882770109921694,0.009590824437327682
2023-09-09 23:00:00,0.02131658493541181,0.0018222759384661912
2023-09-10 00:00:00,0.03394016274716706,0.0064449619175866255
2023-09-10 01:00:00,0.06674225145950913,0.02370161761995405
2023-09-10 02:00:00,0.12296029228717087,0.05729807104915382
2023-09-10 03:00:00,0.13086079421453176,0.08086649264208971
2023-09-10 04:00:00,0.10537529304623605,0.07542961598373947
2023-09-10 05:00:00,0.06742425634060055,0.06487072358839215
2023-09-10 06:00:00,0.048098673238419,0.05772894212044776
2023-09-10 07:00:00,0.048985203974880286,0.06236275993753225
2023-09-10 08:00:00,0.08621709453873336,0.10574036277830602
2023-09-10 09:00:00,0.22144623472355304,0.24529573900625112
2023-09-10 10:00:00,0.4579081198759377,0.40481801722198724
2023-09-10 11:00:00,0.6185712155140933,0.4756693464331329
2023-09-10 12:00:00,0.716036009453237,0.514170868769288
2023-09-10 13:00:00,0.7846857629902659,0.5620366537570952
2023-09-10 14:00:00,0.7851604975573716,0.5669571168348192
2023-09-10 15:00:00,0.7550869881361721,0.5302282474748791
2023-09-10 16:00:00,0.6690755668096242,0.4336241458915175
2023-09-10 17:00:00,0.6162298539094626,0.4379623859748243
2023-09-10 18:00:00,0.5300513094663619,0.352811490278691
2023-09-10 19:00:00,0.43648518938571207,0.26145391536876555
2023-09-10 20:00:00,0.3179339840635657,0.16765201405622068
2023-09-10 21:00:00,0.20824864266440274,0.0985694206599146
2023-09-10 22:00:00,0.07618127555586399,0.031182731175795196
2023-09-10 23:00:00,0.031347143035382025,0.018412957098335025
2023-09-11 00:00:00,0.06021385581698268,0.03933896709699183
2023-09-11 01:00:00,0.23325774847529826,0.1460292238602415
2023-09-11 02:00:00,0.4055215326324105,0.3004486205335706
2023-09-11 03:00:00,0.49612629694864147,0.38023743591271336
2023-09-11 04:00:00,0.5276096660271288,0.4118529350310563
2023-09-11 05:00:00,0.6976936314441263,0.5879522809945046
2023-09-11 06:00:00,0.6690399200096725,0.547286852542311
2023-09-11 07:00:00,0.6496294107474385,0.5243534368276594
2023-09-11 08:00:00,0.5934530582651495,0.4753618060611188
2023-09-11 09:00:00,0.7521306198090315,0.6388175212591884
2023-09-11 10:00:00,0.8692592366226015,0.7616701782494782
2023-09-11 11:00:00,0.9147586943954227,0.8190981769561767
2023-09-11 12:00:00,0.9246909423172474,0.852683256175369
2023-09-11 13:00:00,0.9321614922210574,0.8704246239364145
2023-09-11 14:00:00,0.9396990993432701,0.8642265077307818
2023-09-11 15:00:00,0.9334908410534263,0.8206112206354739
2023-09-11 16:00:00,0.9128919347934423,0.7723796033486724
2023-09-11 17:00:00,0.9506695360876619,0.8402149263396859
2023-09-11 18:00:00,0.9329736871086058,0.7985094590485096
2023-09-11 19:00:00,0.9240824699401855,0.7606011560373007
2023-09-11 20:00:00,0.8961399572715164,0.7105322357080875
2023-09-11 21:00:00,0.8465667869523167,0.6549534116685389
2023-09-11 22:00:00,0.6208301636017859,0.4170418982766567
2023-09-11 23:00:00,0.5674383028037845,0.3670593339763582
2023-09-12 00:00:00,0.6398007976077495,0.4435031186416745
2023-09-12 01:00:00,0.7885947465337813,0.6027728988043963
2023-09-12 02:00:00,0.9394933815859257,0.7847313964553175
2023-09-12 03:00:00,0.961749911569059,0.8345760810188949
2023-09-12 04:00:00,0.951867864653468,0.8211230100877583
2023-09-12 05:00:00,0.9801733462326228,0.9242378614284097
2023-09-12 06:00:00,0.9595338271744548,0.8721444116532803
2023-09-12 07:00:00,0.8948178436048329,0.803323732148856
2023-09-12 08:00:00,0.8589410782046616,0.7606559088453649
2023-09-12 09:00:00,0.9535370848886667,0.9211431964114309
2023-09-12 10:00:00,0.9861835562810302,0.9746755937486886
2023-09-12 11:00:00,0.9958040778711439,0.9871845589019358
2023-09-12 12:00:00,0.9969293125718832,0.9911749762110412
2023-09-12 13:00:00,0.995112428665161,0.9875532710924744
2023-09-12 14:00:00,0.9859133222699165,0.9782316702604291
2023-09-12 15:00:00,0.9701186849549412,0.9495786785334348
2023-09-12 16:00:00,0.9372821069508791,0.8937523153051734
2023-09-12 17:00:00,0.8075612682290375,0.8156928386352956
2023-09-12 18:00:00,0.6482400947622955,0.7277903870865701
2023-09-12 19:00:00,0.44287353400141,0.642490334343165
2023-09-12 20:00:00,0.293391124997288,0.5762389388866723
2023-09-12 21:00:00,0.26265933007933195,0.4839981157146394
2023-09-12 22:00:00,0.2066371157392859,0.2744340726360678
2023-09-12 23:00:00,0.23569015544839197,0.19518752642907206
2023-09-13 00:00:00,0.19966465704143044,0.13438070700503882
2023-09-13 01:00:00,0.1299087908770889,0.09232548683881758
2023-09-13 02:00:00,0.10808089989237488,0.08057044952176509
2023-09-13 03:00:00,0.11731184452772139,0.07983057093806566
2023-09-13 04:00:00,0.12108317244797943,0.07607336865738033
2023-09-13 05:00:00,0.1739228920359165,0.12260496529750524
2023-09-13 06:00:00,0.23979506742209195,0.1459891792293638
2023-09-13 07:00:00,0.20656265105120836,0.0892037356738001
2023-09-13 08:00:00,0.13401236804202193,0.06723111593164502
2023-09-13 09:00:00,0.15925180627033111,0.10864368022885172
2023-09-13 10:00:00,0.23103813061490652,0.19807903964072465
2023-09-13 11:00:00,0.28056177223101253,0.32583761911839243
2023-09-13 12:00:00,0.2676896954327821,0.41109310384839765
2023-09-13 13:00:00,0.22944778496399523,0.41448176803067316
2023-09-13 14:00:00,0.1777674876153469,0.37596859289333223
2023-09-13 15:00:00,0.14782771646045148,0.37084535331465296
2023-09-13 16:00:00,0.14184653729200364,0.3849444206058979
2023-09-13 17:00:00,0.10738828559406101,0.29904314940795296
2023-09-13 18:00:00,0.09921356457285581,0.28769653724972155
2023-09-13 19:00:00,0.08603136555291713,0.30344493105541903
2023-09-13 20:00:00,0.07168572893831877,0.26664976849220695
2023-09-13 21:00:00,0.06623215295374393,0.19029619928449387
2023-09-13 22:00:00,0.06349095407873392,0.11685131874866783
2023-09-13 23:00:00,0.03501058362890035,0.08260851054452359
2023-09-14 00:00:00,0.08553688053041697,0.12351800403557715
2023-09-14 01:00:00,0.10411447774618865,0.13480025442317128
2023-09-14 02:00:00,0.11071302896365522,0.10255597277544437
2023-09-14 03:00:00,0.1304007378593087,0.08864972034469247
2023-09-14 04:00:00,0.1659721853211522,0.11394601501524447
2023-09-14 05:00:00,0.2364195640571415,0.1849971047695726
2023-09-14 06:00:00,0.34183143107220526,0.12919525854755193
2023-09-14 07:00:00,0.21584930999204516,0.1061191938072443
2023-09-14 08:00:00,0.14266513209789988,0.12381224937736986
2023-09-14 09:00:00,0.29491821736097334,0.1393693429417908
2023-09-14 10:00:00,0.5482102170586587,0.2512351100891828
2023-09-14 11:00:00,0.5572024731524287,0.39725348068401206
2023-09-14 12:00:00,0.5312082856707274,0.4691431277804076
2023-09-14 13:00:00,0.5505005072802305,0.4945007023587823
2023-09-14 14:00:00,0.6336826196685433,0.5216274804808199
2023-09-14 15:00:00,0.6709775830991564,0.5419053423218427
2023-09-14 16:00:00,0.5876882250793275,0.5291692521050573
2023-09-14 17:00:00,0.6835111850127576,0.5377358806319533
2023-09-14 18:00:00,0.8220113935507832,0.6130329353176056
2023-09-14 19:00:00,0.9371808905154466,0.692212840169668
2023-09-14 20:00:00,0.9761085657402871,0.807358172442764
2023-09-14 21:00:00,0.980801624916494,0.8471487388201058
2023-09-14 22:00:00,0.9381816107779741,0.7648198828473688
2023-09-14 23:00:00,0.9805201949551701,0.8734780988842248
2023-09-15 00:00:00,0.9867686938866972,0.9185491436719894
2023-09-15 01:00:00,0.9969134560227394,0.9666442191414535
2023-09-15 02:00:00,0.9982800526916981,0.9814913808926939
2023-09-15 03:00:00,0.9956509186699987,0.9801026059314609
2023-09-15 04:00:00,0.9821756939403712,0.9642687061801553
2023-09-15 05:00:00,0.9736924533732235,0.9413203992135821
2023-09-15 06:00:00,0.9081356968358157,0.8765214384533464
2023-09-15 07:00:00,0.749708933457732,0.6989507070742546
2023-09-15 08:00:00,0.4991292834840716,0.4340100152790547
2023-09-15 09:00:00,0.435576603449881,0.37893339596688747
2023-09-15 10:00:00,0.3735466753691435,0.359834295976907
2023-09-15 11:00:00,0.23679160282947115,0.27153766992501915
2023-09-15 12:00:00,0.13682279146276416,0.17709969266317782
2023-09-15 13:00:00,0.0767339926585555,0.11130933229811488
2023-09-15 14:00:00,0.04328775064554065,0.07298408792354166
2023-09-15 15:00:00,0.02626787786372006,0.04120986155234277
2023-09-15 16:00:00,0.029403191888704893,0.027757608578540385
2023-09-15 17:00:00,0.03327811587136239,0.02384519173298031
2023-09-15 18:00:00,0.049829841400496656,0.031964214690960946
2023-09-15 19:00:00,0.09799643623642623,0.0443820744426921
2023-09-15 20:00:00,0.12804469282738865,0.052509704362601044
2023-09-15 21:00:00,0.13792813403531906,0.06233190573286265
2023-09-15 22:00:00,0.09471128069795669,0.05587382421828806
2023-09-15 23:00:00,0.028577773733995847,0.01817018514499068
2023-09-16 00:00:00,0.04323248146101832,0.027316964194178582
2023-09-16 01:00:00,0.07404443633276969,0.05267618415877223
2023-09-16 02:00:00,0.10751042015384882,0.08906348871998487
2023-09-16 03:00:00,0.1769303343165666,0.15672019066754728
2023-09-16 04:00:00,0.2656783764250576,0.23325784962624307
2023-09-16 05:00:00,0.4466123745776712,0.368601914839819
2023-09-16 06:00:00,0.5575707229040564,0.43480730442330234
2023-09-16 07:00:00,0.5981538924202322,0.4677338488213717
2023-09-16 08:00:00,0.7318526249751447,0.626125313490629
2023-09-16 09:00:00,0.9494696996547282,0.9077521624229848
2023-09-16 10:00:00,0.9949031586945059,0.981216380111873
2023-09-16 11:00:00,0.9994979367405177,0.9884681621938942
2023-09-16 12:00:00,1.0,0.9791114535182714
2023-09-16 13:00:00,0.9997732699662447,0.9581016733124851
2023-09-16 14:00:00,0.9878478340804577,0.9092777582071722
2023-09-16 15:00:00,0.9184325945563613,0.7961098331958055
2023-09-16 16:00:00,0.7557355394214389,0.6213372368924319
2023-09-16 17:00:00,0.5888450205512344,0.5146330889780074
2023-09-16 18:00:00,0.4424254824779928,0.4343723179213702
2023-09-16 19:00:00,0.3461323025822639,0.38485189274884757
2023-09-16 20:00:00,0.27768966449424626,0.35345915192738164
2023-09-16 21:00:00,0.26623169781640166,0.3345146175660192
2023-09-16 22:00:00,0.19260200241580608,0.20567335374653337
2023-09-16 23:00:00,0.05557542980648576,0.05856101581826807
2023-09-17 00:00:00,0.02346663208212703,0.022425505397841335
2023-09-17 01:00:00,0.007384728281758724,0.010710068009793757
2023-09-17 02:00:00,0.004125436185859143,0.008382238801568746
2023-09-17 03:00:00,0.0036242080153897397,0.009085313514806329
2023-09-17 04:00:00,0.004093182389624417,0.009653942985460162
2023-09-17 05:00:00,0.010006857248954476,0.012640518797561527
2023-09-17 06:00:00,0.0048417502082884305,0.00839849472977221
2023-09-17 07:00:00,0.0016326613537967203,0.004929617349989712
2023-09-17 08:00:00,0.013889526301063599,0.025578919174149627
2023-09-17 09:00:00,0.07258748560212552,0.07805633444339036
2023-09-17 10:00:00,0.18080566097050904,0.13327982822433118
2023-09-17 11:00:00,0.2949584270548075,0.19752549996599553
2023-09-17 12:00:00,0.39763366151601065,0.29199191650375717
2023-09-17 13:00:00,0.5190636985935271,0.42241320636123414
2023-09-17 14:00:00,0.6487002770602702,0.5644205766543746
2023-09-17 15:00:00,0.7472153804078695,0.6498448554240166
2023-09-17 16:00:00,0.7775970013812183,0.659301076401025
2023-09-17 17:00:00,0.5370148055255413,0.4911363488808274
2023-09-17 18:00:00,0.5540431229770181,0.5750045216083526
2023-09-17 19:00:00,0.5489076900295913,0.6161595381796358
2023-09-17 20:00:00,0.5545297831669449,0.6667731012776493
2023-09-17 21:00:00,0.5976975809223948,0.6960036829486488
2023-09-17 22:00:00,0.516778858229518,0.579888788498938
2023-09-17 23:00:00,0.30421808961778873,0.3535425769910216
2023-09-18 00:00:00,0.3127882440201938,0.3545267320796847
2023-09-18 01:00:00,0.3896930438280105,0.4060085371136666
2023-09-18 02:00:00,0.3789244888909161,0.4483425975218415
2023-09-18 03:00:00,0.3290799543261528,0.5109892314858734
2023-09-18 04:00:00,0.5112543542683123,0.7183654156699776
2023-09-18 05:00:00,0.4243315339833498,0.6555797126330435
2023-09-18 06:00:00,0.3663043077290057,0.5715836558304728
2023-09-18 07:00:00,0.374486672077328,0.44034674650058153
2023-09-18 08:00:00,0.4898750410415231,0.4613253099657595
2023-09-18 09:00:00,0.6301690919697284,0.6406848723255096
2023-09-18 10:00:00,0.6473073941282926,0.6526901974715292
2023-09-18 11:00:00,0.5832815485633909,0.6285622181557118
2023-09-18 12:00:00,0.40661441056057807,0.5083733680844307
2023-09-18 13:00:00,0.24680780646391207,0.3429211784759536
2023-09-18 14:00:00,0.13823238639160987,0.2109409735025838
2023-09-18 15:00:00,0.06568150229752064,0.10795756444334982
2023-09-18 16:00:00,0.028515839627943934,0.049829574460163714
2023-09-18 17:00:00,0.025734926913864913,0.03838580209761858
2023-09-18 18:00:00,0.010377615010365845,0.01826418259181082
2023-09-18 19:00:00,0.024449173654429616,0.013797063627280297
2023-09-18 20:00:00,0.09600024617742749,0.04024732342455536
2023-09-18 21:00:00,0.17346912046428767,0.08030111202970147
2023-09-18 22:00:00,0.18837703625205904,0.07969328760635108
2023-09-18 23:00:00,0.09071809068322183,0.028935313425026834
2023-09-19 00:00:00,0.09968036510981619,0.03417876166291534
2023-09-19 01:00:00,0.20980537585914133,0.07833566810935734
2023-09-19 02:00:00,0.4851302990131081,0.22241355549544095
2023-09-19 03:00:00,0.8555315065197645,0.39577423944137985
2023-09-19 04:00:00,0.9892297342978419,0.6793026916496456
2023-09-19 05:00:00,1.0,0.9720281855762004
2023-09-19 06:00:00,0.97061059307307,0.9976497653126717
2023-09-19 07:00:00,0.715563258677721,0.9214778262563049
2023-09-19 08:00:00,0.3751009808853269,0.616860353052616
2023-09-19 09:00:00,0.40772339059039947,0.49327054699882855
2023-09-19 10:00:00,0.5637506300397216,0.5465805688500405
2023-09-19 11:00:00,0.5586589751578865,0.6310476535372437
2023-09-19 12:00:00,0.3970035335049032,0.6536099486798049
2023-09-19 13:00:00,0.23294447428546847,0.550356848463416
2023-09-19 14:00:00,0.13697228792589156,0.38836809336673467
2023-09-19 15:00:00,0.12725221899338066,0.3133207473391666
2023-09-19 16:00:00,0.13562678896822034,0.2517244478361681
2023-09-19 17:00:00,0.2707332665566355,0.226459797732532
2023-09-19 18:00:00,0.3645646449923515,0.23648071378003804
2023-09-19 19:00:00,0.2655451380740851,0.23805837700609117
2023-09-19 20:00:00,0.15508248414378611,0.23180361536331473
2023-09-19 21:00:00,0.08741713441908358,0.24320100274868303
2023-09-19 22:00:00,0.01958967836108059,0.10970901431515812
2023-09-19 23:00:00,0.004931848566047848,0.06292878713458776
2023-09-20 00:00:00,0.001132622445002198,0.03421993516851217
2023-09-20 01:00:00,0.004739241092465818,0.01828995515592396
2023-09-20 02:00:00,0.014104397129267456,0.022451758366078135
2023-09-20 03:00:00,0.030653460915200412,0.03190351546742022
2023-09-20 04:00:00,0.04977806844748556,0.05376323966775089
2023-09-20 05:00:00,0.08418870953842997,0.06952884091529996
2023-09-20 06:00:00,0.09986519777681675,0.08398563467431815
2023-09-20 07:00:00,0.07877450728323311,0.09189086447004227
2023-09-20 08:00:00,0.03924307721666992,0.08711103726178406
2023-09-20 09:00:00,0.040550054060295215,0.10950452363118529
2023-09-20 10:00:00,0.04669145421124995,0.09959494273643939
2023-09-20 11:00:00,0.03247320991009473,0.08001978219021111
2023-09-20 12:00:00,0.016306072883307935,0.06262510676402598
2023-09-20 13:00:00,0.009432824491523207,0.04103298193309456
2023-09-20 14:00:00,0.018008043915033335,0.02973731736652553
2023-09-20 15:00:00,0.0244051152234897,0.03507780692540109
2023-09-20 16:00:00,0.03228560212999583,0.053939562742598354
2023-09-20 17:00:00,0.03481880532111972,0.09890351018402724
2023-09-20 18:00:00,0.04439398733898998,0.15475149446167052
2023-09-20 19:00:00,0.07854225215502082,0.2754517825087532
2023-09-20 20:00:00,0.11744478678796441,0.34716580784413964
2023-09-20 21:00:00,0.14473146190401162,0.32201823309063904
2023-09-20 22:00:00,0.13770837614312764,0.27667446278966956
2023-09-20 23:00:00,0.16084260148461904,0.18713819074910132
2023-09-21 00:00:00,0.20109467045404014,0.11951956955250351
2023-09-21 01:00:00,0.2640048168459907,0.12354100962635128
2023-09-21 02:00:00,0.30730720778927206,0.13323609071318057
2023-09-21 03:00:00,0.303619549991563,0.14538423172198237
2023-09-21 04:00:00,0.29188025049399574,0.17495890239253634
2023-09-21 05:00:00,0.4299249538965523,0.2618927022442221
2023-09-21 06:00:00,0.4115666749887168,0.25785721201449624
2023-09-21 07:00:00,0.4301643731631339,0.25275148948188864
2023-09-21 08:00:00,0.42065289165824654,0.22211427463218567
2023-09-21 09:00:00,0.4956461158208548,0.2295947641320526
2023-09-21 10:00:00,0.523473984338343,0.3148722749296575
2023-09-21 11:00:00,0.5980386843346059,0.4144817557465284
2023-09-21 12:00:00,0.6080447807535528,0.43837399624288076
2023-09-21 13:00:00,0.5268092881329357,0.3839471679553388
2023-09-21 14:00:00,0.504714451637119,0.3623049288522452
2023-09-21 15:00:00,0.4420475062727927,0.34772664813324816
2023-09-21 16:00:00,0.3877239793352783,0.3578984704241156
2023-09-21 17:00:00,0.519956729337573,0.4523541496694087
2023-09-21 18:00:00,0.39572237893939016,0.4064664501883089
2023-09-21 19:00:00,0.2807842375710606,0.3483239698596298
2023-09-21 20:00:00,0.30034092647954813,0.28433836365118614
2023-09-21 21:00:00,0.26317626534029837,0.23265273980796336
2023-09-21 22:00:00,0.10232602722942828,0.08186020118184387
2023-09-21 23:00:00,0.005463438690640033,0.01520940162241459
2023-09-22 00:00:00,0.0006464404053986072,0.011358163575641811
2023-09-22 01:00:00,0.00030304934363812203,0.008601974705234171
2023-09-22 02:00:00,0.00028837153688073154,0.011842194786295295
2023-09-22 03:00:00,0.00035562522709369653,0.012204969194717705
2023-09-22 04:00:00,0.00045575369149446486,0.007954667592421175
2023-09-22 05:00:00,0.0004253670061007142,0.0071594230411574245
2023-09-22 06:00:00,0.0019309863168746233,0.00908425680361688
2023-09-22 07:00:00,0.00566720403265208,0.009834352810867131
2023-09-22 08:00:00,0.02158974042162299,0.018497261796146632
2023-09-22 09:00:00,0.04047501505352557,0.02818024687934667
2023-09-22 10:00:00,0.049234741842374204,0.029726701942272483
2023-09-22 11:00:00,0.07062242227606476,0.03209103580098599
2023-09-22 12:00:00,0.08848385524004698,0.030809829016216095
2023-09-22 13:00:00,0.07803928905166685,0.03217982903122902
2023-09-22 14:00:00,0.07876038519665599,0.0341254291171208
2023-09-22 15:00:00,0.08579177846200765,0.03662403652444482
2023-09-22 16:00:00,0.12446653381921349,0.06996827981434761
2023-09-22 17:00:00,0.18963465744629496,0.12480141387321055
2023-09-22 18:00:00,0.14351666388101875,0.10395070587284863
2023-09-22 19:00:00,0.08958265010267495,0.10258264125324786
2023-09-22 20:00:00,0.08950307325460019,0.10425523288547991
2023-09-22 21:00:00,0.08920180365443231,0.14023204157128927
2023-09-22 22:00:00,0.10459135996177793,0.16369313837960364
2023-09-22 23:00:00,0.07818204719573259,0.10098437134176493
2023-09-23 00:00:00,0.10792620921507474,0.13403527791611847
2023-09-23 01:00:00,0.2434358040429652,0.3298413109220564
2023-09-23 02:00:00,0.5167282213270665,0.5319874943792818
2023-09-23 03:00:00,0.5648185684718192,0.5631945280544458
2023-09-23 04:00:00,0.567426222320646,0.6099674564227461
2023-09-23 05:00:00,0.7155716140195726,0.767260044068098
2023-09-23 06:00:00,0.7802878412976859,0.8305268749967218
2023-09-23 07:00:00,0.7897953362762927,0.8386154474690555
2023-09-23 08:00:00,0.8377535561099647,0.8279141227528453
2023-09-23 09:00:00,0.9617753683403134,0.8898545593582095
2023-09-23 10:00:00,0.9713778584636747,0.8592832330986856
2023-09-23 11:00:00,0.9534312813729047,0.7733574694395065
2023-09-23 12:00:00,0.9016205294430254,0.6973368125595151
2023-09-23 13:00:00,0.8730089032277465,0.6846268594637512
2023-09-23 14:00:00,0.8749844632856548,0.6550196139514446
2023-09-23 15:00:00,0.8376473322324455,0.5915998856164514
2023-09-23 16:00:00,0.7642097473330792,0.5207298455946147
2023-09-23 17:00:00,0.8916928215138613,0.7160345937684177
2023-09-23 18:00:00,0.8739972122572364,0.6650467561185359
2023-09-23 19:00:00,0.8278664471395313,0.6121767291240393
2023-09-23 20:00:00,0.7928972543403505,0.5602671174518763
2023-09-23 21:00:00,0.7530383388698101,0.5139008778892458
2023-09-23 22:00:00,0.7083681209385394,0.4457549719326197
2023-09-23 23:00:00,0.8276892442069947,0.5524360699951648
2023-09-24 00:00:00,0.8512047531642021,0.5769885218702255
2023-09-24 01:00:00,0.9088854021020233,0.6392775969579814
2023-09-24 02:00:00,0.9078152270242572,0.6950771871395406
2023-09-24 03:00:00,0.9521373355202376,0.7812528228014705
2023-09-24 04:00:00,0.9779278983920813,0.8253356810472905
2023-09-24 05:00:00,0.9883765085227788,0.8856330003030596
2023-09-24 06:00:00,0.9967913381755351,0.9173979339189827
2023-09-24 07:00:00,0.9910816448554397,0.8785987869650124
2023-09-24 08:00:00,0.9894898100756109,0.8313510911539196
2023-09-24 09:00:00,0.9845244102180004,0.8406347353383897
2023-09-24 10:00:00,0.9847667811252176,0.8806746980920432
2023-09-24 11:00:00,0.9913845258019864,0.9228727995790539
2023-09-24 12:00:00,0.9950797808170317,0.9402546492032707
2023-09-24 13:00:00,0.9903824295848607,0.9282320629432796
2023-09-24 14:00:00,0.9641754897870124,0.8822148562781511
2023-09-24 15:00:00,0.9119289787858723,0.8214697332866489
2023-09-24 16:00:00,0.8747508918866513,0.794074335284531
2023-09-24 17:00:00,0.8170027497597038,0.773046861309558
2023-09-24 18:00:00,0.689485564380884,0.6619209362007676
2023-09-24 19:00:00,0.5948111430369314,0.6200567215308547
2023-09-24 20:00:00,0.6070811138860879,0.6324631223082542
2023-09-24 21:00:00,0.5610321304202077,0.5991454431600868
2023-09-24 22:00:00,0.3713689331896603,0.4693445364385843
2023-09-24 23:00:00,0.19401162341237066,0.35224781684577466
2023-09-25 00:00:00,0.19322735089808704,0.43585988320410246
2023-09-25 01:00:00,0.1769492410030216,0.48793533720076077
2023-09-25 02:00:00,0.15930521017871796,0.4829479104839266
2023-09-25 03:00:00,0.2623709339462221,0.6552520936541258
2023-09-25 04:00:00,0.3884825252741575,0.7488308776170015
2023-09-25 05:00:00,0.4461253562942147,0.7674804052338005
2023-09-25 06:00:00,0.5663948398642241,0.8282181679457425
2023-09-25 07:00:00,0.33725949000567185,0.5639814095385371
2023-09-25 08:00:00,0.14834871721453968,0.3174472404271364
2023-09-25 09:00:00,0.09598946511745454,0.27980801609344774
2023-09-25 10:00:00,0.06235169806983321,0.30599855870008463
2023-09-25 11:00:00,0.034804723868146537,0.31889436000958077
2023-09-25 12:00:00,0.02114500225987285,0.30217577412258834
2023-09-25 13:00:00,0.029568028193898494,0.31890307368710635
2023-09-25 14:00:00,0.03385373394005,0.39002603832632293
2023-09-25 15:00:00,0.05929580230731516,0.38442953440360716
2023-09-25 16:00:00,0.06589639379642903,0.3419104742072523
2023-09-25 17:00:00,0.03346523602493107,0.2033854353521019
2023-09-25 18:00:00,0.0475910948915407,0.24465870150830593
2023-09-25 19:00:00,0.11377627505920827,0.29985006698872896
2023-09-25 20:00:00,0.1630676282290369,0.30713445018976926
2023-09-25 21:00:00,0.18619087507016954,0.30148330165073267
2023-09-25 22:00:00,0.23018885042518375,0.246976012904197
2023-09-25 23:00:00,0.12537223437801,0.12307705941610039
2023-09-26 00:00:00,0.11300994514487682,0.1408540535904467
2023-09-26 01:00:00,0.18700046681798993,0.24334100255742666
2023-09-26 02:00:00,0.33714233122766024,0.41885508576408026
2023-09-26 03:00:00,0.5877012699283659,0.6655545459315179
2023-09-26 04:00:00,0.7761580677889286,0.7649679545499382
2023-09-26 05:00:00,0.9219710635021328,0.9133651282638309
2023-09-26 06:00:00,0.8636107748001813,0.9316624438390135
2023-09-26 07:00:00,0.8854688950069248,0.9213485038466751
2023-09-26 08:00:00,0.9469138333387672,0.9641618262603878
2023-09-26 09:00:00,0.9855796920508145,0.9868676172569393
2023-09-26 10:00:00,0.9950306988507509,0.9918617923930287
2023-09-26 11:00:00,0.9992288256809115,0.9956947113201025
2023-09-26 12:00:00,0.9998213905841112,0.9969078228250147
2023-09-26 13:00:00,0.9993375644460321,0.9916986994445325
2023-09-26 14:00:00,0.9860600230097771,0.952054797168821
2023-09-26 15:00:00,0.89712812686339,0.7897334157116711
2023-09-26 16:00:00,0.7111894886381924,0.5091513284668326
2023-09-26 17:00:00,0.7220889239013193,0.5125039044581353
2023-09-26 18:00:00,0.8253720792755482,0.56853105597198
2023-09-26 19:00:00,0.9284294512309134,0.7216363159939645
2023-09-26 20:00:00,0.9184897467680276,0.8035095322318374
2023-09-26 21:00:00,0.8156181794591247,0.700023480989039
2023-09-26 22:00:00,0.6113663053512572,0.5394996886886656
2023-09-26 23:00:00,0.4501613481901585,0.37780784411355856
2023-09-27 00:00:00,0.3595230178162455,0.39541685294359924
2023-09-27 01:00:00,0.36446858001872895,0.44187380351126193
2023-09-27 02:00:00,0.4200635789148509,0.478173142876476
2023-09-27 03:00:00,0.4007163988985122,0.4664365627989173
2023-09-27 04:00:00,0.48557176558300835,0.582844983767718
2023-09-27 05:00:00,0.9216900086961686,0.9313599741272628
2023-09-27 06:00:00,0.9689534572698176,0.9789306324720384
2023-09-27 07:00:00,0.9875196577236057,0.9962824808806181
2023-09-27 08:00:00,0.9740279914997518,0.9979016689956188
2023-09-27 09:00:00,0.9773997312784195,0.9956161494366824
2023-09-27 10:00:00,0.9570207335613667,0.9622090618126095
2023-09-27 11:00:00,0.8763443944603204,0.8692766527086495
2023-09-27 12:00:00,0.5835923849605023,0.7943840462528168
2023-09-27 13:00:00,0.43983383561484507,0.7410585408844053
2023-09-27 14:00:00,0.3783748992392793,0.7401513997279106
2023-09-27 15:00:00,0.3877329538110643,0.7769318761862813
2023-09-27 16:00:00,0.4527331675495952,0.8214193206652998
2023-09-27 17:00:00,0.4301157570816575,0.7954179925471543
2023-09-27 18:00:00,0.46973060347139833,0.7748483962751924
2023-09-27 19:00:00,0.4604691393114626,0.7530458046682178
2023-09-27 20:00:00,0.39606988161802287,0.6660537193156778
2023-09-27 21:00:00,0.2698307820502669,0.5654326419346033
2023-09-27 22:00:00,0.09661456602625548,0.45140925324521947
2023-09-27 23:00:00,0.07367060114629566,0.3574136831238865
2023-09-28 00:00:00,0.03963932384271175,0.17542083304375408
2023-09-28 01:00:00,0.010102269812487066,0.10119978349190206
2023-09-28 02:00:00,0.011675133607350289,0.10984064897522328
2023-09-28 03:00:00,0.01079248524736613,0.09402729070279746
2023-09-28 04:00:00,0.005618748995475471,0.06994156480766832
2023-09-28 05:00:00,0.0059001959580928095,0.09265330754686146
2023-09-28 06:00:00,0.007055172263644636,0.08846171699464321
2023-09-28 07:00:00,0.003736026077531278,0.06200194832868873
2023-09-28 08:00:00,0.006075670840218663,0.08094457116909325
2023-09-28 09:00:00,0.0112130428571254,0.11978082756511865
2023-09-28 10:00:00,0.012054639724083244,0.22239447236061097
2023-09-28 11:00:00,0.018955974434502424,0.31098900925833733
2023-09-28 12:00:00,0.04672816437669097,0.3791396783245727
2023-09-28 13:00:00,0.10586112454533578,0.3822319576516748
2023-09-28 14:00:00,0.13458852837793528,0.33721523011103266
2023-09-28 15:00:00,0.12932654914911837,0.2728515883721411
2023-09-28 16:00:00,0.09082968160975724,0.19525573447346686
2023-09-28 17:00:00,0.17138647660147396,0.29299875125288966
2023-09-28 18:00:00,0.15847681963816282,0.2927283394429832
2023-09-28 19:00:00,0.16673468834720553,0.2776584001816809
2023-09-28 20:00:00,0.19909608687274152,0.2601775963790714
2023-09-28 21:00:00,0.17986437587067483,0.21164926240220663
2023-09-28 22:00:00,0.0907199184037745,0.11394996345043182
2023-09-28 23:00:00,0.00976422815117985,0.03039568487554789
2023-09-29 00:00:00,0.005556981381960214,0.014099292946048083
2023-09-29 01:00:00,0.01846153249498457,0.0200641804933548
2023-09-29 02:00:00,0.028174489606171846,0.023988024182617668
2023-09-29 03:00:00,0.015770444637164475,0.021379139046184718
2023-09-29 04:00:00,0.007621925915591419,0.014039251003414393
2023-09-29 05:00:00,0.023261587242595846,0.020456136041320863
2023-09-29 06:00:00,0.002349064196459949,0.0033506841026246545
2023-09-29 07:00:00,0.004313325281254947,0.004244133429601789
2023-09-29 08:00:00,0.03669157746713608,0.02238499633502215
2023-09-29 09:00:00,0.07796588885132222,0.04621004544664174
2023-09-29 10:00:00,0.11594340660609304,0.07147331179119647
2023-09-29 11:00:00,0.11125851575285194,0.11565563074778766
2023-09-29 12:00:00,0.1373185154609382,0.1976343448273837
2023-09-29 13:00:00,0.1613489487208426,0.23116781872697173
2023-09-29 14:00:00,0.14639555272646249,0.21941784411668777
2023-09-29 15:00:00,0.08639373322483154,0.1680345701891929
2023-09-29 16:00:00,0.03410361658781767,0.10604897882323712
2023-09-29 17:00:00,0.020039104470051826,0.08227220976725219
2023-09-29 18:00:00,0.011328349886462093,0.06726938767824323
2023-09-29 19:00:00,0.028507498530671,0.06712096507661044
2023-09-29 20:00:00,0.048008713815361245,0.07753868290223181
2023-09-29 21:00:00,0.04904557093046606,0.07846806089393796
2023-09-29 22:00:00,0.015537878829054535,0.03673314881511032
2023-09-29 23:00:00,0.0034773258632048967,0.011396129131317137
2023-09-30 00:00:00,0.009271685145795346,0.013225353383459152
2023-09-30 01:00:00,0.013006458575837312,0.011500997194088994
2023-09-30 02:00:00,0.024075813740491867,0.01799747460521758
2023-09-30 03:00:00,0.040252574738115075,0.03481174262240529
2023-09-30 04:00:00,0.06166551708243787,0.0510354473721236
2023-09-30 05:00:00,0.08323101395741105,0.04574084131978453
2023-09-30 06:00:00,0.1922790908068418,0.11202262020669879
2023-09-30 07:00:00,0.20025099518708883,0.17324079865589737
2023-09-30 08:00:00,0.18570189537480475,0.17394764726050196
2023-09-30 09:00:00,0.24525092115625735,0.2188120630290359
2023-09-30 10:00:00,0.2471483719348907,0.25691968262195586
2023-09-30 11:00:00,0.20638768805190918,0.25470775445923205
2023-09-30 12:00:00,0.16881829822435976,0.22493437582626935
2023-09-30 13:00:00,0.16187917836010454,0.23720248183235518
2023-09-30 14:00:00,0.1842652398534119,0.281641284674406
2023-09-30 15:00:00,0.2136897568032145,0.31122663451358673
2023-09-30 16:00:00,0.2237014909274876,0.2893262088857591
2023-09-30 17:00:00,0.32055521158501504,0.32187557160854335
2023-09-30 18:00:00,0.3379136212356389,0.3593937867134809
2023-09-30 19:00:00,0.3148660419508814,0.3111955630965531
2023-09-30 20:00:00,0.23240332895889876,0.28948506502434607
2023-09-30 21:00:00,0.23162772452458735,0.3496700609661639
2023-09-30 22:00:00,0.2565164084546268,0.3770003999210893
2023-09-30 23:00:00,0.25494816970080136,0.3906730199977756
2023-10-01 00:00:00,0.2288665069825947,0.37097730265930295
2023-10-01 01:00:00,0.23742334268987172,0.39035429071635
2023-10-01 02:00:00,0.26590464854612944,0.40726574348285793
2023-10-01 03:00:00,0.275485746897757,0.32793176796287293
2023-10-01 04:00:00,0.29209125604480496,0.3064843706227839
2023-10-01 05:00:00,0.4602161991596222,0.3621681614965199
2023-10-01 06:00:00,0.46606273397803305,0.4769559187069534
2023-10-01 07:00:00,0.3691996586136519,0.4689717364497482
2023-10-01 08:00:00,0.41047224730253223,0.49862809330224983
2023-10-01 09:00:00,0.4426152255572379,0.48640189215540885
2023-10-01 10:00:00,0.39270310515537865,0.4202332895994186
2023-10-01 11:00:00,0.31823568798601626,0.3850548085011542
2023-10-01 12:00:00,0.2741364248655736,0.3528090733848512
2023-10-01 13:00:00,0.2181987182609737,0.29046502750366926
2023-10-01 14:00:00,0.15398272754624487,0.24674882518127558
2023-10-01 15:00:00,0.09967814854346214,0.22296688838861878
2023-10-01 16:00:00,0.11050307287834583,0.24131743255071342
2023-10-01 17:00:00,0.11416324514895676,0.23449384801089762
2023-10-01 18:00:00,0.1472265995759517,0.28839454261586067
2023-10-01 19:00:00,0.11858339942991733,0.2545098353549838
2023-10-01 20:00:00,0.1129044678248465,0.30946420836262395
2023-10-01 21:00:00,0.1295914713386446,0.3079115641582757
2023-10-01 22:00:00,0.12787978469394146,0.2921873518172651
2023-10-01 23:00:00,0.06335753749124706,0.21406115556135774
2023-10-02 00:00:00,0.038042540973983706,0.1373716953396797
2023-10-02 01:00:00,0.009568855222314597,0.06891843065153806
2023-10-02 02:00:00,0.004157654386945068,0.03560128817800433
2023-10-02 03:00:00,0.0013258961029350758,0.013912520860321818
2023-10-02 04:00:00,0.0012016278970986604,0.008485922110266985
2023-10-02 05:00:00,0.04358496874570846,0.025472436039708557
2023-10-02 06:00:00,0.05396853242535144,0.021021852721460163
2023-10-02 07:00:00,0.0274228103319183,0.008907751934602855
2023-10-02 08:00:00,0.03466752543579787,0.015556131033226846
2023-10-02 09:00:00,0.10340635545551774,0.0508509778510779
2023-10-02 10:00:00,0.18719017890281978,0.08941182705573737
2023-10-02 11:00:00,0.2586761130578816,0.12659146031364799
2023-10-02 12:00:00,0.2949606757424772,0.15955726392567154
2023-10-02 13:00:00,0.282643333915621,0.18045647973194714
2023-10-02 14:00:00,0.3020935037545859,0.21556037436239417
2023-10-02 15:00:00,0.37462674902752047,0.26862826999276873
2023-10-02 16:00:00,0.4279057452827692,0.3137337647844106
2023-10-02 17:00:00,0.571389882545918,0.4005273678526282
2023-10-02 18:00:00,0.38840910496190184,0.3596837352402508
2023-10-02 19:00:00,0.25418292706832285,0.2972598410956561
2023-10-02 20:00:00,0.16780302079394457,0.20784915605559937
2023-10-02 21:00:00,0.17610015096142884,0.18375549585558473
2023-10-02 22:00:00,0.2245683689974248,0.16827444737777117
2023-10-02 23:00:00,0.1854606190137565,0.1404484648350626
2023-10-03 00:00:00,0.12468307849019766,0.10789053058251738
2023-10-03 01:00:00,0.08621682115830481,0.07525816746987402
2023-10-03 02:00:00,0.04260247681289911,0.04969728071242571
2023-10-03 03:00:00,0.021180463801138107,0.044870353266596795
2023-10-03 04:00:00,0.009242465146817268,0.032906392007134855
2023-10-03 05:00:00,0.0,0.008476708894595503
2023-10-03 06:00:00,0.00010176016483455895,0.01576803083065897
2023-10-03 07:00:00,0.0004840190056711435,0.029117091298103328
2023-10-03 08:00:00,0.0017487158253788946,0.03922436569817364
2023-10-03 09:00:00,0.004757303260266781,0.03220209789928048
2023-10-03 10:00:00,0.016049421695061027,0.02902972860727459
2023-10-03 11:00:00,0.024877087678760294,0.018398101162165403
2023-10-03 12:00:00,0.06978706670925022,0.024701931760646403
2023-10-03 13:00:00,0.23191367081366474,0.08527677845209837
2023-10-03 14:00:00,0.2660710430052131,0.09185215798206625
2023-10-03 15:00:00,0.21390265034511682,0.07442108750808984
2023-10-03 16:00:00,0.2164970648614689,0.06916164860129358
2023-10-03 17:00:00,0.32664086537435644,0.1310662138974294
2023-10-03 18:00:00,0.33373054936528207,0.14836997175589203
2023-10-03 19:00:00,0.40499899541959167,0.2440494880173355
2023-10-03 20:00:00,0.5432606010138988,0.4528331906162203
2023-10-03 21:00:00,0.7218435029871761,0.6251328673586246
2023-10-03 22:00:00,0.6748102949373421,0.5103344084881247
2023-10-03 23:00:00,0.34816231274977316,0.27969860445708034
2023-10-04 00:00:00,0.3155442118458449,0.292184632923454
2023-10-04 01:00:00,0.35163320587947955,0.33614050716161725
2023-10-04 02:00:00,0.5124559944868088,0.48001229962334035
2023-10-04 03:00:00,0.6920047443732618,0.6319827829673884
2023-10-04 04:00:00,0.7309624564275143,0.7405865394324064
2023-10-04 05:00:00,0.6971042075566947,0.684695010241121
2023-10-04 06:00:00,0.618528869319707,0.5422377691417931
2023-10-04 07:00:00,0.4426798636466265,0.35883157908916474
2023-10-04 08:00:00,0.31151888752356177,0.28077112769708035
2023-10-04 09:00:00,0.15537628410384058,0.15452916812151668
2023-10-04 10:00:00,0.06938576967455447,0.06574676683638243
2023-10-04 11:00:00,0.02802746122702956,0.03828548159450293
2023-10-04 12:00:00,0.054556483980268244,0.04352938354946673
2023-10-04 13:00:00,0.1946901005972177,0.11932281132321802
2023-10-04 14:00:00,0.35492223424837,0.23614922332577404
2023-10-04 15:00:00,0.41364732850342983,0.3302506918087601
2023-10-04 16:00:00,0.40603909984231,0.39522772127762434
2023-10-04 17:00:00,0.24513671241700644,0.27732284187339246
2023-10-04 18:00:00,0.46468164806254203,0.3982720505073666
2023-10-04 19:00:00,0.6100887113250792,0.5956465857103467
2023-10-04 20:00:00,0.8310973602347075,0.7374430991522967
2023-10-04 21:00:00,0.9722027540393172,0.9326875871419905
2023-10-04 22:00:00,0.993622471615672,0.9501480641774832
2023-10-04 23:00:00,0.9939204882644117,0.9299807705730198
2023-10-05 00:00:00,1.0,0.9970848800241947
2023-10-05 01:00:00,1.0,1.0
2023-10-05 02:00:00,1.0,1.0
2023-10-05 03:00:00,1.0,1.0
2023-10-05 04:00:00,1.0,1.0
2023-10-05 05:00:00,1.0,1.0
2023-10-05 06:00:00,1.0,1.0
2023-10-05 07:00:00,1.0,1.0
2023-10-05 08:00:00,1.0,1.0
2023-10-05 09:00:00,1.0,1.0
2023-10-05 10:00:00,1.0,1.0
2023-10-05 11:00:00,1.0,0.9992245756089687
2023-10-05 12:00:00,0.9945413136109709,0.9806416728906332
2023-10-05 13:00:00,0.9230996537208557,0.8931449887342752
2023-10-05 14:00:00,0.7638382144086062,0.7424004845507443
2023-10-05 15:00:00,0.7612500883266329,0.7405220885016023
2023-10-05 16:00:00,0.8313185908086599,0.7826950975880028
2023-10-05 17:00:00,0.9376762145012617,0.8440724039077759
2023-10-05 18:00:00,0.9866416436247527,0.9140077090263364
2023-10-05 19:00:00,0.9852187192440032,0.9211179460212587
2023-10-05 20:00:00,0.9853944978490471,0.9071758828312158
2023-10-05 21:00:00,0.9962311114370823,0.9208820919319988
2023-10-05 22:00:00,0.9920024418458343,0.9336934242956338
2023-10-05 23:00:00,1.0,0.9859026817604899
2023-10-06 00:00:00,1.0,0.9926506415940821
2023-10-06 01:00:00,1.0,0.9982810596376658
2023-10-06 02:00:00,1.0,1.0
2023-10-06 03:00:00,1.0,1.0
2023-10-06 04:00:00,1.0,1.0
2023-10-06 05:00:00,1.0,1.0
2023-10-06 06:00:00,1.0,1.0
2023-10-06 07:00:00,1.0,1.0
2023-10-06 08:00:00,0.9992597199231386,0.9997852925211191
2023-10-06 09:00:00,0.8838370539061724,0.9361211551725865
2023-10-06 10:00:00,0.5892334182746707,0.6583172872290014
2023-10-06 11:00:00,0.2567913512140512,0.3025005039945244
2023-10-06 12:00:00,0.06187988239340483,0.09037246196530759
2023-10-06 13:00:00,0.013338350118137896,0.029627893581055102
2023-10-06 14:00:00,0.0435047165490687,0.03666362286545337
2023-10-06 15:00:00,0.1458396408613771,0.07432648006826638
2023-10-06 16:00:00,0.25494616137817494,0.13604378137737513
2023-10-06 17:00:00,0.3100804205797612,0.17654218128882349
2023-10-06 18:00:00,0.456720058824867,0.29061617109924553
2023-10-06 19:00:00,0.6356207222118972,0.42192221621051423
2023-10-06 20:00:00,0.7477629281207917,0.541599723175168
2023-10-06 21:00:00,0.8252212432026862,0.6431261393241584
2023-10-06 22:00:00,0.8696760905534028,0.6217398539930581
2023-10-06 23:00:00,0.681935826539993,0.4364052683673798
2023-10-07 00:00:00,0.6046457129903134,0.42963502302765855
2023-10-07 01:00:00,0.500288779437542,0.40984070118516686
2023-10-07 02:00:00,0.4193128867447376,0.36918292624875904
2023-10-07 03:00:00,0.3943127022497356,0.34100134724751113
2023-10-07 04:00:00,0.3876792736351489,0.3287636905163526
2023-10-07 05:00:00,0.41627333819866175,0.353834566604346
2023-10-07 06:00:00,0.44559634938836096,0.3387042227759956
2023-10-07 07:00:00,0.6991866205073891,0.4553624024242163
2023-10-07 08:00:00,0.97729549665004,0.7864888014271854
2023-10-07 09:00:00,1.0,0.959127528052777
2023-10-07 10:00:00,1.0,0.9952794050052761
2023-10-07 11:00:00,1.0,0.9971561698988081
2023-10-07 12:00:00,1.0,0.993441008552909
2023-10-07 13:00:00,0.9998093471303582,0.9900907726213336
2023-10-07 14:00:00,0.9984966638684273,0.9809190947934985
2023-10-07 15:00:00,0.9767062403447926,0.9585007751733063
2023-10-07 16:00:00,0.8742587105371058,0.865267885569483
2023-10-07 17:00:00,0.4908080366253852,0.44676076406612986
2023-10-07 18:00:00,0.4480656101182103,0.30948430247604847
2023-10-07 19:00:00,0.4451500987820327,0.271578065212816
2023-10-07 20:00:00,0.5028256797417998,0.3164299699105322
2023-10-07 21:00:00,0.5008525009267032,0.3742885106615722
2023-10-07 22:00:00,0.3895316797308624,0.307800125759095
2023-10-07 23:00:00,0.2321659978665411,0.1456322421040386
2023-10-08 00:00:00,0.11320223642513155,0.061001822659745804
2023-10-08 01:00:00,0.09385056996718047,0.0491206215787679
2023-10-08 02:00:00,0.09929044882766903,0.05536119331140072
2023-10-08 03:00:00,0.09577336706221103,0.0594299306627363
2023-10-08 04:00:00,0.0780942202359438,0.053239173544570806
2023-10-08 05:00:00,0.06612635546363892,0.050904678460210566
2023-10-08 06:00:00,0.016288455575704575,0.02679061271250248
2023-10-08 07:00:00,0.015376851991750299,0.047285011699423195
2023-10-08 08:00:00,0.07127235177438705,0.12621710636653008
2023-10-08 09:00:00,0.22599204259924588,0.2163227513432502
2023-10-08 10:00:00,0.3994153081439435,0.3038764606509358
2023-10-08 11:00:00,0.5360604413785041,0.4104425572231411
2023-10-08 12:00:00,0.6241818085312842,0.4898091117106378
2023-10-08 13:00:00,0.6886082374490796,0.556485821623355
2023-10-08 14:00:00,0.7333230451494454,0.6129431212507187
2023-10-08 15:00:00,0.7979627806320785,0.6865072014927863
2023-10-08 16:00:00,0.8772586756199597,0.7597321673482655
2023-10-08 17:00:00,0.9623318051174282,0.8978804487921298
2023-10-08 18:00:00,0.9763842210918664,0.9221866336651147
2023-10-08 19:00:00,0.9844092601165174,0.9286750879138708
2023-10-08 20:00:00,0.9830072267726063,0.9090223845466971
2023-10-08 21:00:00,0.9740824208222328,0.8845225834101436
2023-10-08 22:00:00,0.9274699561670422,0.8034674213640389
2023-10-08 23:00:00,0.7736932547762988,0.5971011244133113
2023-10-09 00:00:00,0.6557116327248511,0.4533931704424321
2023-10-09 01:00:00,0.6640642972104248,0.47941208807751534
2023-10-09 02:00:00,0.7000285259820518,0.5387070617079734
2023-10-09 03:00:00,0.722830141596496,0.5912564168870448
2023-10-09 04:00:00,0.7412867972627281,0.6409370743297039
2023-10-09 05:00:00,0.804357494600117,0.7170270754955708
2023-10-09 06:00:00,0.693086262717843,0.6203588679805396
2023-10-09 07:00:00,0.7019718059338628,0.6819496766477822
2023-10-09 08:00:00,0.7651189812831579,0.8067826723866164
2023-10-09 09:00:00,0.8383316349238155,0.8784054859168827
2023-10-09 10:00:00,0.8864847988635302,0.8890037229098379
2023-10-09 11:00:00,0.8983251836150884,0.8588764534145592
2023-10-09 12:00:00,0.8664935736730695,0.7876947343908249
2023-10-09 13:00:00,0.7831549772806464,0.6868933963030575
2023-10-09 14:00:00,0.6789229598082601,0.5776821814663707
2023-10-09 15:00:00,0.603957638349384,0.49757313086651267
2023-10-09 16:00:00,0.5968187730573118,0.4799749197345226
2023-10-09 17:00:00,0.6471407409384846,0.504242438878864
2023-10-09 18:00:00,0.6823349188268182,0.554087839629501
2023-10-09 19:00:00,0.6744233531318602,0.5773639852739869
2023-10-09 20:00:00,0.6841349189542232,0.5986497807502745
2023-10-09 21:00:00,0.7132372613437472,0.6161958207935094
2023-10-09 22:00:00,0.6459015544876454,0.5270446886494755
2023-10-09 23:00:00,0.3945493455417454,0.2994515906646848
2023-10-10 00:00:00,0.2441989959776401,0.1777958779036999
2023-10-10 01:00:00,0.25222735023126003,0.1884961648099124
2023-10-10 02:00:00,0.2648520567268133,0.20647210586816073
2023-10-10 03:00:00,0.2613628905639052,0.21173078373074525
2023-10-10 04:00:00,0.28852047607302667,0.2385181679576635
2023-10-10 05:00:00,0.3814575416967273,0.34210167557001114
2023-10-10 06:00:00,0.3614420778304338,0.3214304970949888
2023-10-10 07:00:00,0.4794193503446877,0.4497982157953083
2023-10-10 08:00:00,0.6698500818386672,0.6549246413260698
2023-10-10 09:00:00,0.7888713998720049,0.797847047485411
2023-10-10 10:00:00,0.8331385242380202,0.8485931728966535
2023-10-10 11:00:00,0.8770923354662954,0.8657688580267129
2023-10-10 12:00:00,0.8909308830834924,0.8645919063314795
2023-10-10 13:00:00,0.8959414948150515,0.8443419111147521
2023-10-10 14:00:00,0.9008450659550724,0.7840886661596596
2023-10-10 15:00:00,0.8638424028083682,0.6753046084754168
2023-10-10 16:00:00,0.8431145846098661,0.6127173082157968
2023-10-10 17:00:00,0.866801403723657,0.6189878852292895
2023-10-10 18:00:00,0.8977378045395015,0.6389039701409637
2023-10-10 19:00:00,0.8931585030816495,0.6328575324639677
2023-10-10 20:00:00,0.8708525892160834,0.6193081376515328
2023-10-10 21:00:00,0.8433184535615146,0.5637331955879926
2023-10-10 22:00:00,0.7505025764182208,0.4721842387318611
2023-10-10 23:00:00,0.4423478379286824,0.2581817623320966
2023-10-11 00:00:00,0.3419494987651706,0.20340281232260163
2023-10-11 01:00:00,0.35761986669152973,0.22169103304855525
2023-10-11 02:00:00,0.3778464458510279,0.22983893660828467
2023-10-11 03:00:00,0.3801647177897393,0.21926574886776504
2023-10-11 04:00:00,0.3464981951937079,0.20002841681707648
2023-10-11 05:00:00,0.34548059372231354,0.21660154570825396
2023-10-11 06:00:00,0.3391471393220125,0.22173795139417052
2023-10-11 07:00:00,0.5318461927212774,0.3643895696289837
2023-10-11 08:00:00,0.7882474834285675,0.5166751564107834
2023-10-11 09:00:00,0.836224597673863,0.531479229684919
2023-10-11 10:00:00,0.8691654308326542,0.7103913809545337
2023-10-11 11:00:00,0.9344287638552485,0.8228774894215166
2023-10-11 12:00:00,0.9219608456641435,0.7891920824721455
2023-10-11 13:00:00,0.8780331833288074,0.7382155904546379
2023-10-11 14:00:00,0.8635642824694515,0.747030897643417
2023-10-11 15:00:00,0.8892998410761356,0.7473166914284228
2023-10-11 16:00:00,0.8975229773856699,0.7652042418904602
2023-10-11 17:00:00,0.9321055030450224,0.7685548065789045
2023-10-11 18:00:00,0.9102751313708722,0.7014931509271263
2023-10-11 19:00:00,0.8447827846370637,0.6254980193637312
2023-10-11 20:00:00,0.7833300101198255,0.5500342698162421
2023-10-11 21:00:00,0.7030032551847397,0.4611986631760373
2023-10-11 22:00:00,0.7213658966869113,0.5484462735056876
2023-10-11 23:00:00,0.7752820830419657,0.4879161468800157
2023-10-12 00:00:00,0.6998337457701562,0.421578807607293
2023-10-12 01:00:00,0.5808646014519034,0.3537459993548691
2023-10-12 02:00:00,0.5015444581210613,0.3063131655193865
2023-10-12 03:00:00,0.41294409148395056,0.2639797100471332
2023-10-12 04:00:00,0.3831926070246845,0.2529337679035961
2023-10-12 05:00:00,0.2572753289528191,0.17321320777293292
2023-10-12 06:00:00,0.26487248357851056,0.18498478980734945
2023-10-12 07:00:00,0.2652376773254945,0.22118701794650403
2023-10-12 08:00:00,0.41806450303178283,0.33619975751265885
2023-10-12 09:00:00,0.608811869509518,0.4846896908059717
2023-10-12 10:00:00,0.7571106038708241,0.6263737540412694
2023-10-12 11:00:00,0.8672424945794046,0.7215892439056187
2023-10-12 12:00:00,0.8750286813452839,0.7432330551650373
2023-10-12 13:00:00,0.8171838815510272,0.7169112287648021
2023-10-12 14:00:00,0.6855911219306288,0.6424119434133172
2023-10-12 15:00:00,0.6317577208951113,0.6496266851946709
2023-10-12 16:00:00,0.6253571186587212,0.6653014276549218
2023-10-12 17:00:00,0.6086343021504579,0.650785591546446
2023-10-12 18:00:00,0.4930042122304439,0.5581260245665907
2023-10-12 19:00:00,0.4083590247854591,0.5182352668792009
2023-10-12 20:00:00,0.3679431403428316,0.5084425023943184
2023-10-12 21:00:00,0.3728570593893528,0.5191734768822788
2023-10-12 22:00:00,0.2904200788773596,0.41574920482933514
2023-10-12 23:00:00,0.2177676481194794,0.34143662020564075
2023-10-13 00:00:00,0.17766103358007965,0.3055735909659415
2023-10-13 01:00:00,0.169712232183665,0.2646148507669568
2023-10-13 02:00:00,0.14209103561006486,0.1834300583321601
2023-10-13 03:00:00,0.08775413683615624,0.11718935306183993
2023-10-13 04:00:00,0.061679949490353464,0.0988934312853962
2023-10-13 05:00:00,0.06509515446610749,0.11783459608443081
2023-10-13 06:00:00,0.09993178838863967,0.15631143236532805
2023-10-13 07:00:00,0.11798847237601874,0.18151775215752422
2023-10-13 08:00:00,0.13702153126709163,0.20948687950149175
2023-10-13 09:00:00,0.17792245103046295,0.25219280777499076
2023-10-13 10:00:00,0.20467247195541854,0.2579544887319207
2023-10-13 11:00:00,0.22596036935225125,0.24916171398013823
2023-10-13 12:00:00,0.2515039885230362,0.25406125282868736
2023-10-13 13:00:00,0.29825753638520824,0.2596806040778756
2023-10-13 14:00:00,0.2789013641886413,0.24584490476176143
2023-10-13 15:00:00,0.20747000591829415,0.2195134260877967
2023-10-13 16:00:00,0.20379107279703015,0.23028062965720886
2023-10-13 17:00:00,0.2122430010885,0.28816071497276424
2023-10-13 18:00:00,0.2536014645546675,0.32328648395836357
2023-10-13 19:00:00,0.37292732307687393,0.3805826559476554
2023-10-13 20:00:00,0.46128246903419495,0.42149343892931934
2023-10-13 21:00:00,0.5505902531556787,0.502141585573554
2023-10-13 22:00:00,0.5727160429954529,0.5063079578243196
2023-10-13 23:00:00,0.6293688269704577,0.529904201105237
2023-10-14 00:00:00,0.6963983371295034,0.6069635812379417
2023-10-14 01:00:00,0.7697825274616479,0.6805034482851623
2023-10-14 02:00:00,0.7491420871391893,0.6513826859556137
2023-10-14 03:00:00,0.7704962893761693,0.6674060918577013
2023-10-14 04:00:00,0.7877563313208519,0.6609346554987131
2023-10-14 05:00:00,0.9522599179111421,0.8634278177097439
2023-10-14 06:00:00,0.9585133840888739,0.8658677785098554
2023-10-14 07:00:00,0.8721779678203165,0.7444173436425624
2023-10-14 08:00:00,0.8628411272354423,0.7360154293291268
2023-10-14 09:00:00,0.8923383494094014,0.8103775695152581
2023-10-14 10:00:00,0.9185271287336946,0.8747511632926761
2023-10-14 11:00:00,0.9517349870875477,0.9288570090942084
2023-10-14 12:00:00,0.9820235451683403,0.9752458305843175
2023-10-14 13:00:00,0.9952004832401873,0.982417377140373
2023-10-14 14:00:00,0.998005048148334,0.9712478382140398
2023-10-14 15:00:00,0.9970012617111206,0.9612001003324986
2023-10-14 16:00:00,0.9964218574017286,0.9568259664252401
2023-10-14 17:00:00,1.0,0.9870879335515201
2023-10-14 18:00:00,0.998234857916832,0.9674233644083142
2023-10-14 19:00:00,0.9901225060224532,0.9542052971012889
2023-10-14 20:00:00,0.9835723700001836,0.9538007722981272
2023-10-14 21:00:00,0.9849655196443199,0.9493934094533324
2023-10-14 22:00:00,0.9914141403138638,0.9322474913299083
2023-10-14 23:00:00,0.9576996696554124,0.8502721637301146
2023-10-15 00:00:00,0.9347583437710999,0.7973600702360271
2023-10-15 01:00:00,0.904109968394041,0.76794949863106
2023-10-15 02:00:00,0.9062165756709872,0.7821920847147701
2023-10-15 03:00:00,0.9390923476591708,0.8194974139891563
2023-10-15 04:00:00,0.95851271815598,0.8345896597951649
2023-10-15 05:00:00,0.9894690341874955,0.913548363316804
2023-10-15 06:00:00,0.9878812931850552,0.9038193972967564
2023-10-15 07:00:00,0.958650580588728,0.8544986681640147
2023-10-15 08:00:00,0.961673084795475,0.8972631641849875
2023-10-15 09:00:00,0.9654589813202618,0.9348709727637469
2023-10-15 10:00:00,0.969545975048095,0.9374412144906819
2023-10-15 11:00:00,0.9762319827824831,0.9437977468781173
2023-10-15 12:00:00,0.9722003942914306,0.9298060957342387
2023-10-15 13:00:00,0.9528525261022149,0.9009096831083298
2023-10-15 14:00:00,0.9167243223823605,0.858847182560712
2023-10-15 15:00:00,0.851481374874711,0.8045896437950432
2023-10-15 16:00:00,0.8149164284206927,0.7951596757397056
2023-10-15 17:00:00,0.6474352810531854,0.6408815013803542
2023-10-15 18:00:00,0.6209416824951766,0.6328819825872779
2023-10-15 19:00:00,0.6214796865172681,0.6552333356440067
2023-10-15 20:00:00,0.6630193930119275,0.6678931540064512
2023-10-15 21:00:00,0.5912107331492006,0.6263646272756158
2023-10-15 22:00:00,0.48819806842133406,0.5857763951085506
2023-10-15 23:00:00,0.28348017692565913,0.40971596639603386
2023-10-16 00:00:00,0.2218301543220877,0.3775793047249316
2023-10-16 01:00:00,0.1541941207181662,0.3108941662497818
2023-10-16 02:00:00,0.11720604814589025,0.2325595559366047
2023-10-16 03:00:00,0.11000109980814159,0.18950321223586797
2023-10-16 04:00:00,0.10791022110730407,0.17808291397057469
2023-10-16 05:00:00,0.08669098546728492,0.19457662314176558
2023-10-16 06:00:00,0.042827612468972806,0.11681419760920107
2023-10-16 07:00:00,0.03364184904843569,0.10353438541293145
2023-10-16 08:00:00,0.03588758744765073,0.13330201203003522
2023-10-16 09:00:00,0.024630169812589885,0.11034416595008223
2023-10-16 10:00:00,0.0364631384704262,0.1439856839040294
2023-10-16 11:00:00,0.04452391251455992,0.1747841549152508
2023-10-16 12:00:00,0.05436169655062258,0.17452997370623055
2023-10-16 13:00:00,0.06163265695795417,0.1337556462595239
2023-10-16 14:00:00,0.053244384913705284,0.09810961556620895
2023-10-16 15:00:00,0.04604911128524691,0.05265235091093927
2023-10-16 16:00:00,0.05812450888566674,0.04571402077097445
2023-10-16 17:00:00,0.07364969505928456,0.05378001728560776
2023-10-16 18:00:00,0.09193209541030227,0.06768821880687027
2023-10-16 19:00:00,0.163471356453374,0.10986253850162028
2023-10-16 20:00:00,0.2254388549830764,0.13263131763786076
2023-10-16 21:00:00,0.24590586557053024,0.12969391608610747
2023-10-16 22:00:00,0.30552923791110514,0.13001783316023646
2023-10-16 23:00:00,0.2375448567420244,0.08949714708141983
2023-10-17 00:00:00,0.12367148640565574,0.03827790127135814
2023-10-17 01:00:00,0.155341628016904,0.0688875749707222
2023-10-17 02:00:00,0.21533429464325307,0.12471256337128578
2023-10-17 03:00:00,0.31248974477872254,0.20441455308347936
2023-10-17 04:00:00,0.43592265633866184,0.28868235750123855
2023-10-17 05:00:00,0.5364852792210877,0.37374142095446583
2023-10-17 06:00:00,0.6074328188598156,0.4794562683440744
2023-10-17 07:00:00,0.8722590834647417,0.8072322558239102
2023-10-17 08:00:00,0.9841765983775257,0.9716293555125595
2023-10-17 09:00:00,0.9990766324475409,0.9897832037881018
2023-10-17 10:00:00,1.0,0.9909867726266384
2023-10-17 11:00:00,0.9989832809567452,0.9840314787626264
2023-10-17 12:00:00,0.9891052265092731,0.9663947679847477
2023-10-17 13:00:00,0.9343015201576054,0.9297655202448366
2023-10-17 14:00:00,0.9123613289371131,0.9350964475795627
2023-10-17 15:00:00,0.9120728219114244,0.9493656546622515
2023-10-17 16:00:00,0.8827212420664726,0.9640169974789022
2023-10-17 17:00:00,0.7534331969916819,0.9405063932016492
2023-10-17 18:00:00,0.788769894428551,0.9455786934494972
2023-10-17 19:00:00,0.7847092978097499,0.9377737890370189
2023-10-17 20:00:00,0.802894621696323,0.8710246593691406
2023-10-17 21:00:00,0.869658921007067,0.8149049731343981
2023-10-17 22:00:00,0.9073855596035717,0.8114058623090386
2023-10-17 23:00:00,0.9364450873620808,0.8455438046902418
2023-10-18 00:00:00,0.9931685018539428,0.9784084750153125
2023-10-18 01:00:00,1.0,1.0
2023-10-18 02:00:00,1.0,1.0
2023-10-18 03:00:00,1.0,1.0
2023-10-18 04:00:00,1.0,1.0
2023-10-18 05:00:00,1.0,1.0
2023-10-18 06:00:00,1.0,1.0
2023-10-18 07:00:00,0.9952991620451213,1.0
2023-10-18 08:00:00,0.9038103079609572,0.9871174478717148
2023-10-18 09:00:00,0.6489059509150682,0.8896131525933744
2023-10-18 10:00:00,0.3575789264589548,0.6612756297737359
2023-10-18 11:00:00,0.15561038262210783,0.36286657990887766
2023-10-18 12:00:00,0.047250115540809934,0.15941193916369228
2023-10-18 13:00:00,0.03019213291350752,0.05547126470133662
2023-10-18 14:00:00,0.07693148988299073,0.04257079880218952
2023-10-18 15:00:00,0.23055436816532165,0.11760022278409452
2023-10-18 16:00:00,0.4468454405851662,0.23346815716475247
2023-10-18 17:00:00,0.6831044810265301,0.4257856043707579
2023-10-18 18:00:00,0.8725602307543158,0.6484687698446213
2023-10-18 19:00:00,0.9609885662794113,0.8436261785216628
2023-10-18 20:00:00,0.958182159718126,0.8905033248476684
2023-10-18 21:00:00,0.9532724555768073,0.8897781517356633
2023-10-18 22:00:00,0.9355204401537776,0.8053342788107692
2023-10-18 23:00:00,0.8495652905479073,0.7286520835012196
2023-10-19 00:00:00,0.5519502665102481,0.5341792141459882
2023-10-19 01:00:00,0.39879256436601274,0.46649130780249826
2023-10-19 02:00:00,0.3661278293281794,0.5005169910751283
2023-10-19 03:00:00,0.31560392942279575,0.5265954800695181
2023-10-19 04:00:00,0.2751008467003703,0.43732540588825936
2023-10-19 05:00:00,0.3245296774432062,0.46177893785759805
2023-10-19 06:00:00,0.2701264085061848,0.4523833043593912
2023-10-19 07:00:00,0.39993215788155795,0.6264872398041188
2023-10-19 08:00:00,0.37692392479628317,0.7050965323112904
2023-10-19 09:00:00,0.5020162721723318,0.7304218284599482
2023-10-19 10:00:00,0.7390323906578122,0.8481987381726503
2023-10-19 11:00:00,0.8802630468085408,0.9271766057424247
2023-10-19 12:00:00,0.9723515271395444,0.9732262544706464
2023-10-19 13:00:00,0.9737279743701219,0.9898838915117085
2023-10-19 14:00:00,0.8825699748471377,0.9619398021884262
2023-10-19 15:00:00,0.8159470145404337,0.8882599633187055
2023-10-19 16:00:00,0.6450147286429999,0.6610934289544821
2023-10-19 17:00:00,0.32963464464992287,0.29825010610744357
2023-10-19 18:00:00,0.31961812986060967,0.16811489606276153
2023-10-19 19:00:00,0.35449687993153933,0.13825943311676384
2023-10-19 20:00:00,0.25830874850973484,0.11760101903229951
2023-10-19 21:00:00,0.19016253424808383,0.14832783559337256
2023-10-19 22:00:00,0.0790909213060513,0.08379516033455728
2023-10-19 23:00:00,0.02641601157840341,0.03342929515521974
2023-10-20 00:00:00,0.032389319986104975,0.013885062453337014
2023-10-20 01:00:00,0.04048796982504428,0.021087995707057418
2023-10-20 02:00:00,0.13328283987939357,0.07820525021292268
2023-10-20 03:00:00,0.23927082739770408,0.15738466609269378
2023-10-20 04:00:00,0.32334183569997543,0.24222791278734798
2023-10-20 05:00:00,0.34861648881807916,0.4065250541642308
2023-10-20 06:00:00,0.38653702290728686,0.4817656259052456
2023-10-20 07:00:00,0.5946351394988596,0.6884194367192686
2023-10-20 08:00:00,0.8478190211020411,0.8819963468983767
2023-10-20 09:00:00,0.9808536741137505,0.9785086369328201
2023-10-20 10:00:00,1.0,0.9995660100877285
2023-10-20 11:00:00,1.0,1.0
2023-10-20 12:00:00,1.0,1.0
2023-10-20 13:00:00,1.0,1.0
2023-10-20 14:00:00,0.988491786494851,0.9869806880131362
2023-10-20 15:00:00,0.9101951823383571,0.861722077447921
2023-10-20 16:00:00,0.7777541787922382,0.636576185338199
2023-10-20 17:00:00,0.9148568754270672,0.7295236879959702
2023-10-20 18:00:00,0.7389094521850347,0.5518730103783309
2023-10-20 19:00:00,0.6283630123734474,0.4136187916249036
2023-10-20 20:00:00,0.4852749025821685,0.31799961504526436
2023-10-20 21:00:00,0.5599260091409086,0.27133973937481637
2023-10-20 22:00:00,0.6335115907154976,0.3274734451062976
2023-10-20 23:00:00,0.5650443702191115,0.3181482746172696
2023-10-21 00:00:00,0.6672498383931813,0.44476985324174145
2023-10-21 01:00:00,0.7724458660744129,0.5695813654921948
2023-10-21 02:00:00,0.7672788317687808,0.5803300171904265
2023-10-21 03:00:00,0.7537767869606611,0.5502223293483258
2023-10-21 04:00:00,0.7450971288792788,0.519480697941035
2023-10-21 05:00:00,0.9187130349315702,0.7016208255849777
2023-10-21 06:00:00,0.7975835025124249,0.5754043751768767
2023-10-21 07:00:00,0.6001406688056884,0.49673043373972176
2023-10-21 08:00:00,0.5283899391628801,0.46594482656568287
2023-10-21 09:00:00,0.4911675636284053,0.44936715690419077
2023-10-21 10:00:00,0.44207349905744187,0.4328595921397209
2023-10-21 11:00:00,0.34805659734644,0.360720236171037
2023-10-21 12:00:00,0.20836746322922406,0.2404746153671294
2023-10-21 13:00:00,0.10979134559631347,0.14361010058782994
2023-10-21 14:00:00,0.048597704996354886,0.07810123296454549
2023-10-21 15:00:00,0.015433232625946404,0.03698126329574734
2023-10-21 16:00:00,0.003121441532857716,0.018013905715197325
2023-10-21 17:00:00,0.012069864175282418,0.04494624652899802
2023-10-21 18:00:00,0.07913129605352878,0.10729718286544082
2023-10-21 19:00:00,0.20322585420683023,0.21046227822080252
2023-10-21 20:00:00,0.33846163669601076,0.2976786148548126
2023-10-21 21:00:00,0.45214547496289015,0.35536041812971236
2023-10-21 22:00:00,0.549371549692005,0.444205011818558
2023-10-21 23:00:00,0.4947133052535355,0.3885483321547508
2023-10-22 00:00:00,0.3090988388098776,0.24208844911307092
2023-10-22 01:00:00,0.3123103636689483,0.2504800691828131
2023-10-22 02:00:00,0.31212845828384156,0.2885525729879736
2023-10-22 03:00:00,0.2947510676458478,0.3083556929416954
2023-10-22 04:00:00,0.2663276444748044,0.30114197207614773
2023-10-22 05:00:00,0.26733078531920906,0.2776916646864265
2023-10-22 06:00:00,0.21312756475061176,0.20487225474789736
2023-10-22 07:00:00,0.16836593837942923,0.18198751072399316
2023-10-22 08:00:00,0.15369956886395814,0.20495357524137942
2023-10-22 09:00:00,0.1199597261007875,0.2221619555354118
2023-10-22 10:00:00,0.0961969752330333,0.17703954380005596
2023-10-22 11:00:00,0.14207038192544133,0.15496668843552466
2023-10-22 12:00:00,0.2661482095625251,0.20316439250484106
2023-10-22 13:00:00,0.5424220133014023,0.3093686014506966
2023-10-22 14:00:00,0.858552162144333,0.5269471150822937
2023-10-22 15:00:00,0.9756032478995621,0.8353786887414753
2023-10-22 16:00:00,0.9670984308235347,0.9481536223366857
2023-10-22 17:00:00,0.9266729112714529,0.9532703861407936
2023-10-22 18:00:00,0.8241294568590821,0.8161146402359007
2023-10-22 19:00:00,0.668713217899203,0.7072817362844944
2023-10-22 20:00:00,0.5294201431050896,0.6075181749835609
2023-10-22 21:00:00,0.3953515483997762,0.4945287757925688
2023-10-22 22:00:00,0.26627194976434104,0.3289729174785316
2023-10-22 23:00:00,0.16746098537929352,0.19337586109526453
2023-10-23 00:00:00,0.10687256639823317,0.12880872617010025
2023-10-23 01:00:00,0.06411580413114278,0.07910303556360303
2023-10-23 02:00:00,0.02513490593060851,0.028329495633952324
2023-10-23 03:00:00,0.009577984795905652,0.010893845292739571
2023-10-23 04:00:00,0.007425318700261413,0.006514942003414036
2023-10-23 05:00:00,0.013766044597141444,0.013639441719278694
2023-10-23 06:00:00,0.023088672338053583,0.017929271133616566
2023-10-23 07:00:00,0.033392331260256466,0.03103967070579529
2023-10-23 08:00:00,0.07417646300978958,0.06670415755826979
2023-10-23 09:00:00,0.122964685652405,0.1197439097985625
2023-10-23 10:00:00,0.11723522467538713,0.15930085663683707
2023-10-23 11:00:00,0.1323866921942681,0.17358342165127394
2023-10-23 12:00:00,0.15018253974616527,0.20497938005253669
2023-10-23 13:00:00,0.1455265279859304,0.23955546572804448
2023-10-23 14:00:00,0.169236298315227,0.2330106900073588
2023-10-23 15:00:00,0.24006920568644996,0.23407668625935907
2023-10-23 16:00:00,0.25700766379013645,0.22761707786470647
2023-10-23 17:00:00,0.24751577911898492,0.23776148768141864
2023-10-23 18:00:00,0.17013681063428518,0.1663850832916796
2023-10-23 19:00:00,0.13916281340643763,0.14159094031900166
2023-10-23 20:00:00,0.15878981057554478,0.16922324882820244
2023-10-23 21:00:00,0.1677668041177094,0.16057323819026348
2023-10-23 22:00:00,0.22322285788133733,0.2010734723880887
2023-10-23 23:00:00,0.264612465724349,0.24947684025391936
2023-10-24 00:00:00,0.2967952453158795,0.28853748597204676
2023-10-24 01:00:00,0.367512183226645,0.35797044584527604
2023-10-24 02:00:00,0.5262376333400607,0.485284925289452
2023-10-24 03:00:00,0.6744087160006165,0.635383659880608
2023-10-24 04:00:00,0.8010115866176784,0.8026759101450441
2023-10-24 05:00:00,0.9068216465041041,0.8802042001858353
2023-10-24 06:00:00,0.8620632786303758,0.8573254999890921
2023-10-24 07:00:00,0.8231051515974104,0.825009104963392
2023-10-24 08:00:00,0.863409708086401,0.9069935965351759
2023-10-24 09:00:00,0.8996745879389345,0.9473377664200963
2023-10-24 10:00:00,0.8615565264597533,0.9279573912732303
2023-10-24 11:00:00,0.869722871314734,0.9328170862607658
2023-10-24 12:00:00,0.8844751121476291,0.9517396359331904
2023-10-24 13:00:00,0.8782906010746957,0.9545489283092321
2023-10-24 14:00:00,0.8328400530852377,0.9382116561196743
2023-10-24 15:00:00,0.7561843978799879,0.9048288920521734
2023-10-24 16:00:00,0.6596579842641949,0.863125331699848
2023-10-24 17:00:00,0.7215957053005693,0.8851100305467843
2023-10-24 18:00:00,0.4681384978443384,0.718957381825894
2023-10-24 19:00:00,0.3952874417044222,0.5883417833596468
2023-10-24 20:00:00,0.3596120983362197,0.5179457123763859
2023-10-24 21:00:00,0.29874806836247436,0.3730487470701337
2023-10-24 22:00:00,0.1853380383737385,0.24744434347376223
2023-10-24 23:00:00,0.18479578124359244,0.33308068349957465
2023-10-25 00:00:00,0.13834198840893802,0.20267004759982224
2023-10-25 01:00:00,0.10616999382153154,0.12031263803131878
2023-10-25 02:00:00,0.10157928270287812,0.08440669120289385
2023-10-25 03:00:00,0.10941220509819685,0.07354575994424523
2023-10-25 04:00:00,0.1207277637720108,0.08161181342788042
2023-10-25 05:00:00,0.28375627197325226,0.21982198240235445
2023-10-25 06:00:00,0.31141641844063994,0.20778541281819343
2023-10-25 07:00:00,0.25901776559650896,0.18181484056636693
2023-10-25 08:00:00,0.20642667308449744,0.13788825247436762
2023-10-25 09:00:00,0.20732951574027542,0.132485432960093
2023-10-25 10:00:00,0.18852125525474547,0.10209275300614534
2023-10-25 11:00:00,0.15297458298504352,0.0816390763130039
2023-10-25 12:00:00,0.13569488416425884,0.09941057251766322
2023-10-25 13:00:00,0.1219841708242893,0.12126324552111327
2023-10-25 14:00:00,0.14110521579161284,0.13665769357234236
2023-10-25 15:00:00,0.1381798590812832,0.09458407486788928
2023-10-25 16:00:00,0.09484447063878178,0.06007669643498957
2023-10-25 17:00:00,0.2586556209810078,0.20820362690836192
2023-10-25 18:00:00,0.3302469689957797,0.238316546138376
2023-10-25 19:00:00,0.32795718362554904,0.24584435457363718
2023-10-25 20:00:00,0.2909868933632969,0.23786801559850568
2023-10-25 21:00:00,0.2121128879487514,0.2683395021222531
2023-10-25 22:00:00,0.1919532277435064,0.333524856697768
2023-10-25 23:00:00,0.11664184805937113,0.17078789610415693
2023-10-26 00:00:00,0.11743708577938376,0.08804594710934907
2023-10-26 01:00:00,0.10501333264634012,0.0553049885854125
2023-10-26 02:00:00,0.0634903934877366,0.02606208528392017
2023-10-26 03:00:00,0.05086382137611509,0.026066902391612537
2023-10-26 04:00:00,0.052314190659672015,0.036480539785698055
2023-10-26 05:00:00,0.09462068965658545,0.0763910897448659
2023-10-26 06:00:00,0.07754977818578482,0.06593263997696341
2023-10-26 07:00:00,0.05424264837987722,0.049522032719105484
2023-10-26 08:00:00,0.036118661109358075,0.020395559249445798
2023-10-26 09:00:00,0.016310680042952302,0.0059109370782971385
2023-10-26 10:00:00,0.012780161248520019,0.00498742080759257
2023-10-26 11:00:00,0.014747622446157037,0.009537008455954493
2023-10-26 12:00:00,0.03221696850843728,0.0308860831707716
2023-10-26 13:00:00,0.052770378459244975,0.06416846710257232
2023-10-26 14:00:00,0.07950277131982149,0.09507817054167389
2023-10-26 15:00:00,0.08977900615893303,0.08851674003526568
2023-10-26 16:00:00,0.0716030236147344,0.08514417191036044
2023-10-26 17:00:00,0.1521132199466228,0.20112490486353637
2023-10-26 18:00:00,0.11642834429629147,0.15850649370811878
2023-10-26 19:00:00,0.12406221044249832,0.1330784583184868
2023-10-26 20:00:00,0.15729802895337341,0.12266150858253239
2023-10-26 21:00:00,0.17338744264096023,0.11048223803751167
2023-10-26 22:00:00,0.16962569701485333,0.10998894239775836
2023-10-26 23:00:00,0.10929525134153663,0.06883295124396682
2023-10-27 00:00:00,0.07978135631419717,0.033703223522752526
2023-10-27 01:00:00,0.04100082387216388,0.021170297465287147
2023-10-27 02:00:00,0.09836494819261132,0.05716234066523611
2023-10-27 03:00:00,0.21533126136288047,0.1018140633404255
2023-10-27 04:00:00,0.269580943211913,0.12361064555123448
2023-10-27 05:00:00,0.2681892058439553,0.111284214919433
2023-10-27 06:00:00,0.23610488330014046,0.09977403613738714
2023-10-27 07:00:00,0.16683352452702818,0.10192005435004829
2023-10-27 08:00:00,0.15790760675445195,0.13050043025054034
2023-10-27 09:00:00,0.145830152425915,0.1433042616024613
2023-10-27 10:00:00,0.14382192574441433,0.1575506645068526
2023-10-27 11:00:00,0.151259440574795,0.14614763263612984
2023-10-27 12:00:00,0.16886743683367966,0.14810899748466907
2023-10-27 13:00:00,0.1518358428031206,0.15505690400488673
2023-10-27 14:00:00,0.15671929063275453,0.17394199419766662
2023-10-27 15:00:00,0.17394947774708266,0.17181531395763155
2023-10-27 16:00:00,0.2003013982251286,0.18884390292689202
2023-10-27 17:00:00,0.34723128100857137,0.31403540981933475
2023-10-27 18:00:00,0.206311285700649,0.21700162097811695
2023-10-27 19:00:00,0.18433374602347613,0.16850482884794474
2023-10-27 20:00:00,0.24782093621790405,0.19160783912986515
2023-10-27 21:00:00,0.35354899326339373,0.2479071440547704
2023-10-27 22:00:00,0.45967909038066873,0.3201978602074087
2023-10-27 23:00:00,0.3434219736792147,0.27593194758519524
2023-10-28 00:00:00,0.33012112308293584,0.25504887703806156
2023-10-28 01:00:00,0.3618636758998036,0.33937104811891916
2023-10-28 02:00:00,0.44174820020794864,0.4480585305392742
2023-10-28 03:00:00,0.59032378712669,0.5615747875161468
2023-10-28 04:00:00,0.772141935043037,0.6650163312815128
2023-10-28 05:00:00,0.9324210667982697,0.958094727564603
2023-10-28 06:00:00,0.8964578829705714,0.8391656402125957
2023-10-28 07:00:00,0.8446445931121705,0.8003381661139427
2023-10-28 08:00:00,0.8134033126011491,0.8026501269452273
2023-10-28 09:00:00,0.7311045366898177,0.8006273027881978
2023-10-28 10:00:00,0.549905916173011,0.7245123493671416
2023-10-28 11:00:00,0.36547277634963393,0.6012383054941891
2023-10-28 12:00:00,0.2597740316018462,0.46872859217226504
2023-10-28 13:00:00,0.2213994043134153,0.41018026635050775
2023-10-28 14:00:00,0.2044264248106628,0.3937017926573753
2023-10-28 15:00:00,0.2044531927723437,0.3937661973387002
2023-10-28 16:00:00,0.20989621906541286,0.3890768178924918
2023-10-28 17:00:00,0.23078671995550387,0.4227542233280837
2023-10-28 18:00:00,0.2354973102454096,0.42469171643257136
2023-10-28 19:00:00,0.25199581354856493,0.4267399128712714
2023-10-28 20:00:00,0.30097248864360154,0.44151133203879
2023-10-28 21:00:00,0.37736816866323347,0.46958312852308154
2023-10-28 22:00:00,0.4730017835833132,0.5028776376880705
2023-10-28 23:00:00,0.4483206864073872,0.4660215147584677
2023-10-29 00:00:00,0.5423282780870795,0.45407995168119664
2023-10-29 01:00:00,0.8744550797715782,0.5990445847064256
2023-10-29 02:00:00,0.9864598615281284,0.8524611240439115
2023-10-29 03:00:00,0.998860038369894,0.9730471770651636
2023-10-29 04:00:00,1.0,0.9874732790887356
2023-10-29 05:00:00,1.0,0.9996011544018983
2023-10-29 06:00:00,1.0,1.0
2023-10-29 07:00:00,0.9988408455997706,0.9963069401681423
2023-10-29 08:00:00,0.9957689004391431,0.9899313154816625
2023-10-29 09:00:00,0.9938655027747154,0.988962158486247
2023-10-29 10:00:00,0.9843487481400368,0.9796082859113814
2023-10-29 11:00:00,0.9457483854331075,0.941927959024906
2023-10-29 12:00:00,0.8158806135877967,0.8172376766614615
2023-10-29 13:00:00,0.6325804645195602,0.6381310378573832
2023-10-29 14:00:00,0.4266065070591867,0.43478567471727725
2023-10-29 15:00:00,0.26878912231884894,0.2838094414584338
2023-10-29 16:00:00,0.1982637505698949,0.21726154339499767
2023-10-29 17:00:00,0.33723334562033414,0.32562873816117643
2023-10-29 18:00:00,0.35773626612499354,0.3303842491470277
2023-10-29 19:00:00,0.35000421296805145,0.3088900289498269
2023-10-29 20:00:00,0.3727578853815794,0.33062401158735155
2023-10-29 21:00:00,0.3726436583697796,0.37171822153031825
2023-10-29 22:00:00,0.37307598114013674,0.3794882810860872
2023-10-29 23:00:00,0.3065430740453302,0.3195420895889401
2023-10-30 00:00:00,0.2836286696605384,0.32154296990484
2023-10-30 01:00:00,0.3481685339473187,0.3429232577420771
2023-10-30 02:00:00,0.42064213830977676,0.3882195440679787
2023-10-30 03:00:00,0.48864701550453904,0.42682009357959017
2023-10-30 04:00:00,0.5041382272914052,0.4607489232905208
2023-10-30 05:00:00,0.3682109295390546,0.32547500684857367
2023-10-30 06:00:00,0.42391597270965575,0.3936939905397594
2023-10-30 07:00:00,0.5937398566305634,0.57668504524976
2023-10-30 08:00:00,0.6492205206677314,0.6606280602328479
2023-10-30 09:00:00,0.6609712014347313,0.6738203959353267
2023-10-30 10:00:00,0.6569917724840342,0.6687987050600348
2023-10-30 11:00:00,0.5880810140073298,0.62025490835309
2023-10-30 12:00:00,0.5152244108915329,0.5371610078588127
2023-10-30 13:00:00,0.5007841789722443,0.5412522472999989
2023-10-30 14:00:00,0.45257255252450707,0.5098287406377495
2023-10-30 15:00:00,0.4592457773350179,0.5028421032428741
2023-10-30 16:00:00,0.5576340196840465,0.5285261935554444
2023-10-30 17:00:00,0.5912551555410027,0.5499454801343381
2023-10-30 18:00:00,0.6592482245713472,0.6469702894240618
2023-10-30 19:00:00,0.6740775524079798,0.6929494664259255
2023-10-30 20:00:00,0.6130425057560205,0.6964024045504629
2023-10-30 21:00:00,0.4246055801026523,0.5782838433794675
2023-10-30 22:00:00,0.22485691796988247,0.34202941838651896
2023-10-30 23:00:00,0.04713368997909128,0.11508262248709797
2023-10-31 00:00:00,0.009030998568050562,0.024223467567935586
2023-10-31 01:00:00,0.0002487655030563473,0.0030765051161870363
2023-10-31 02:00:00,0.0031193489860743286,0.0006310706119984388
2023-10-31 03:00:00,0.014606660353019836,0.004997480749152601
2023-10-31 04:00:00,0.02929888794664293,0.01207181850448251
2023-10-31 05:00:00,0.0920050506014377,0.04584027373231948
2023-10-31 06:00:00,0.15658957973122595,0.09817135882563889
2023-10-31 07:00:00,0.29343858705833553,0.23345196308568114
2023-10-31 08:00:00,0.360979930497706,0.2838085225969553
2023-10-31 09:00:00,0.4587091560661793,0.31076666314154855
2023-10-31 10:00:00,0.5224083871021866,0.3632991847768426
2023-10-31 11:00:00,0.5857567100785672,0.3961849216930568
2023-10-31 12:00:00,0.6079919970966875,0.4313724679686129
2023-10-31 13:00:00,0.6291927941516041,0.4422610489092767
2023-10-31 14:00:00,0.6460651103779671,0.44965984130278225
2023-10-31 15:00:00,0.6214063830114899,0.41387559982016675
2023-10-31 16:00:00,0.6077156231179832,0.3892986898310482
2023-10-31 17:00:00,0.6788905504532157,0.46522307027131315
2023-10-31 18:00:00,0.649863832630217,0.4584494323283433
2023-10-31 19:00:00,0.6788121405430138,0.5335292494483291
2023-10-31 20:00:00,0.7394874381273983,0.5861739941313862
2023-10-31 21:00:00,0.8260232564993202,0.6413003408722578
2023-10-31 22:00:00,0.9503743433393537,0.7589701030589638
2023-10-31 23:00:00,0.9477798947691916,0.8347771452739834
2023-11-01 00:00:00,0.8274013740941882,0.7893663975223897
2023-11-01 01:00:00,0.6218663708679375,0.5821185901015996
2023-11-01 02:00:00,0.5306508180499077,0.45825412573292845
2023-11-01 03:00:00,0.47579719964414835,0.3660564747452736
2023-11-01 04:00:00,0.4613855745084584,0.33733254730701445
2023-11-01 05:00:00,0.43583795623853794,0.37401766385883084
2023-11-01 06:00:00,0.5441743871383369,0.47479940278455607
2023-11-01 07:00:00,0.6497946446202694,0.571075721979141
2023-11-01 08:00:00,0.6980624239332971,0.6001283554360269
2023-11-01 09:00:00,0.635103145930916,0.5513363586179911
2023-11-01 10:00:00,0.48212225407361986,0.4499729439243675
2023-11-01 11:00:00,0.32994841296225774,0.34401280870661133
2023-11-01 12:00:00,0.21038495840504765,0.2455463646166026
2023-11-01 13:00:00,0.1168376301974058,0.16087730363011357
2023-11-01 14:00:00,0.05558684503659606,0.09535381948575375
2023-11-01 15:00:00,0.023899670182727283,0.049423000016249725
2023-11-01 16:00:00,0.005864490242674946,0.023009013775736095
2023-11-01 17:00:00,0.0018261300679296255,0.007347723641432822
2023-11-01 18:00:00,0.0025586828729137778,0.004767764280550182
2023-11-01 19:00:00,0.005512390732765198,0.0071074286010116335
2023-11-01 20:00:00,0.012625945904292165,0.011205888437107204
2023-11-01 21:00:00,0.020823454153724014,0.017323492639698086
2023-11-01 22:00:00,0.028212232482619587,0.02788266685325652
2023-11-01 23:00:00,0.02242322057019919,0.01966580088716
2023-11-02 00:00:00,0.005518424864858388,0.004921483066864312
2023-11-02 01:00:00,0.004769725329242646,0.001747847809456289
2023-11-02 02:00:00,0.01093745958991349,0.005438189678825438
2023-11-02 03:00:00,0.012639356795698406,0.0062344877282157546
2023-11-02 04:00:00,0.01512157832272351,0.006539541138336062
2023-11-02 05:00:00,0.039938648035749806,0.011629890585318206
2023-11-02 06:00:00,0.0726176836527884,0.02193614650983363
2023-11-02 07:00:00,0.15103155777789654,0.05654280008282512
2023-11-02 08:00:00,0.25582359150052064,0.10291478102561083
2023-11-02 09:00:00,0.3591175680793821,0.15857433807104823
2023-11-02 10:00:00,0.4938063170015812,0.2303808289952576
2023-11-02 11:00:00,0.5925787279196082,0.2935548817832022
2023-11-02 12:00:00,0.5708646641112862,0.30662834034301345
2023-11-02 13:00:00,0.49550980830565095,0.31623464602977036
2023-11-02 14:00:00,0.4266902320273221,0.32293540146201855
2023-11-02 15:00:00,0.3909764625504612,0.34768834482878447
2023-11-02 16:00:00,0.3919026998803019,0.3751895626634359
2023-11-02 17:00:00,0.3016926778666675,0.32503931351006027
2023-11-02 18:00:00,0.22267420207150276,0.2484553020168096
2023-11-02 19:00:00,0.1572148234769702,0.18596881151199338
2023-11-02 20:00:00,0.1215548990294337,0.14250301729887724
2023-11-02 21:00:00,0.1163572536036372,0.08285835557617247
2023-11-02 22:00:00,0.18020367380231617,0.0678409697720781
2023-11-02 23:00:00,0.24653755515813824,0.080634829797782
2023-11-03 00:00:00,0.23508947649970646,0.08580931569449603
2023-11-03 01:00:00,0.18717953838407994,0.07898753455840052
2023-11-03 02:00:00,0.2227696265093982,0.10494112056680024
2023-11-03 03:00:00,0.22181573763489723,0.1383935175836086
2023-11-03 04:00:00,0.20068380210548636,0.18675750695168966
2023-11-03 05:00:00,0.20138096693903204,0.22843123355880376
2023-11-03 06:00:00,0.1967155285552144,0.26108391022309657
2023-11-03 07:00:00,0.19600013392046092,0.24870823717676097
2023-11-03 08:00:00,0.17987680693157015,0.2398791087698191
2023-11-03 09:00:00,0.14747025667689737,0.23846302077174186
2023-11-03 10:00:00,0.134274214124307,0.22066002260893583
2023-11-03 11:00:00,0.12031814835034307,0.19583227030932907
2023-11-03 12:00:00,0.14920965874567627,0.21231005278415976
2023-11-03 13:00:00,0.19801433226093643,0.21260331111028788
2023-11-03 14:00:00,0.2897872430644929,0.25215887727215885
2023-11-03 15:00:00,0.3592187815345823,0.29503994375467296
2023-11-03 16:00:00,0.4043703924119472,0.3237352766655385
2023-11-03 17:00:00,0.3491891542077064,0.31335276631638403
2023-11-03 18:00:00,0.3596388305723667,0.32513881554827084
2023-11-03 19:00:00,0.3558255733922123,0.3403019715473055
2023-11-03 20:00:00,0.390291771441698,0.3447980755195022
2023-11-03 21:00:00,0.38309657212346787,0.3427136232331395
2023-11-03 22:00:00,0.3608794088847935,0.32727709636092184
2023-11-03 23:00:00,0.29490327740088107,0.23758149908855555
2023-11-04 00:00:00,0.15183540238067506,0.11094738817773761
2023-11-04 01:00:00,0.08208511143922807,0.05467533198650926
2023-11-04 02:00:00,0.034441449185833334,0.0183346462668851
2023-11-04 03:00:00,0.01291403144132346,0.008041570261120796
2023-11-04 04:00:00,0.008159761563874783,0.010460708863101902
2023-11-04 05:00:00,0.0018066754983738066,0.012400965616106988
2023-11-04 06:00:00,0.005646290886215866,0.010411011716350914
2023-11-04 07:00:00,0.011996522690169514,0.009692049105651678
2023-11-04 08:00:00,0.01925109214615077,0.005028256080113352
2023-11-04 09:00:00,0.030997242876328525,0.00749815792310983
2023-11-04 10:00:00,0.054942059265449636,0.014953459342941641
2023-11-04 11:00:00,0.12817847874015567,0.0371155174029991
2023-11-04 12:00:00,0.17487492404878138,0.07747887267265469
2023-11-04 13:00:00,0.1788515576347709,0.102640904863365
2023-11-04 14:00:00,0.13741237265989184,0.11980894761160014
2023-11-04 15:00:00,0.11779343461617825,0.12614089425653216
2023-11-04 16:00:00,0.07400632741861046,0.09634153373539449
2023-11-04 17:00:00,0.01558658467140049,0.055484269023872906
2023-11-04 18:00:00,0.026508586150594055,0.0998523553041741
2023-11-04 19:00:00,0.05462387739680706,0.1490716487728059
2023-11-04 20:00:00,0.15060708994045852,0.17487821297720071
2023-11-04 21:00:00,0.2522018184512853,0.24056290106847877
2023-11-04 22:00:00,0.36501159979030484,0.31966388903558246
2023-11-04 23:00:00,0.4842617778480052,0.4271336776204407
2023-11-05 00:00:00,0.49214443594217294,0.45175515335053207
2023-11-05 01:00:00,0.37711039731279017,0.4007451676949859
2023-11-05 02:00:00,0.3870473751239477,0.3844184785522519
2023-11-05 03:00:00,0.4258000922203063,0.4090930305421352
2023-11-05 04:00:00,0.4625160130858421,0.5428705506026744
2023-11-05 05:00:00,0.6334193808399139,0.697952315341681
2023-11-05 06:00:00,0.7593343062885104,0.7605015609972178
2023-11-05 07:00:00,0.8513629115000366,0.8019821930862964
2023-11-05 08:00:00,0.835777642522007,0.7323201166279614
2023-11-05 09:00:00,0.78314859803766,0.6749239905457942
2023-11-05 10:00:00,0.6981061262637377,0.6075025600846857
2023-11-05 11:00:00,0.5307571794837713,0.5167559118755161
2023-11-05 12:00:00,0.40202089108526706,0.43764953372068693
2023-11-05 13:00:00,0.22028916905634102,0.4157229654863477
2023-11-05 14:00:00,0.0829609136050567,0.3736674004979431
2023-11-05 15:00:00,0.07026321291457861,0.41426592972129583
2023-11-05 16:00:00,0.06645481561776251,0.4325326218549162
2023-11-05 17:00:00,0.04935919483657926,0.415505937775597
2023-11-05 18:00:00,0.0817875426262617,0.4162704717926681
2023-11-05 19:00:00,0.15399537977762517,0.4198084410466253
2023-11-05 20:00:00,0.2406339013110846,0.45455157252028583
2023-11-05 21:00:00,0.31675446302630006,0.485585592482239
2023-11-05 22:00:00,0.2827308089844882,0.4306547145266084
2023-11-05 23:00:00,0.18194253811612723,0.2642200591228902
2023-11-06 00:00:00,0.09445851849392055,0.13915405453648413
2023-11-06 01:00:00,0.07260125966276973,0.16618442952632903
2023-11-06 02:00:00,0.07235484612174332,0.16058987536467612
2023-11-06 03:00:00,0.06988830115646123,0.12774257579818366
2023-11-06 04:00:00,0.06282803338952363,0.08878761315718293
2023-11-06 05:00:00,0.0732711941935122,0.08390269938856364
2023-11-06 06:00:00,0.030148869650438424,0.06912343761883676
2023-11-06 07:00:00,0.010416337358765305,0.056382080330513416
2023-11-06 08:00:00,0.007958444710820913,0.04621477304026484
2023-11-06 09:00:00,0.008840976473875344,0.05793907589744776
2023-11-06 10:00:00,0.007817525924183428,0.05762508782092481
2023-11-06 11:00:00,0.0029701112490147356,0.03436500330455601
2023-11-06 12:00:00,0.0005191760184243321,0.014612783216871322
2023-11-06 13:00:00,0.0025713813491165635,0.010199269894510506
2023-11-06 14:00:00,0.006800758833996951,0.016858904748223724
2023-11-06 15:00:00,0.022346007758751514,0.021717617786489427
2023-11-06 16:00:00,0.06659028440713882,0.02881821692921221
2023-11-06 17:00:00,0.05611067711375654,0.016971645029261705
2023-11-06 18:00:00,0.07449222198687494,0.023332732962444428
2023-11-06 19:00:00,0.07118703790940344,0.03684798032045365
2023-11-06 20:00:00,0.0593569283746183,0.04512734923046082
2023-11-06 21:00:00,0.06283158429898321,0.05305050490889699
2023-11-06 22:00:00,0.09112676101736725,0.0652621537540108
2023-11-06 23:00:00,0.10765329915098848,0.0582918805256486
2023-11-07 00:00:00,0.11995581954717634,0.05430543926544487
2023-11-07 01:00:00,0.10858069556765255,0.049875399866141375
2023-11-07 02:00:00,0.11087349349632857,0.08434386585839092
2023-11-07 03:00:00,0.1536912036314607,0.1306086249090731
2023-11-07 04:00:00,0.22607817374169822,0.1678642838541418
2023-11-07 05:00:00,0.22737571833655235,0.16551633635535834
2023-11-07 06:00:00,0.2851519459299743,0.22672431809827678
2023-11-07 07:00:00,0.3037094723992049,0.3283569832704961
2023-11-07 08:00:00,0.31501990601420393,0.41829393070191145
2023-11-07 09:00:00,0.4005818566679954,0.4644302722811699
2023-11-07 10:00:00,0.4398768804967404,0.4987410777620971
2023-11-07 11:00:00,0.47991138711571696,0.5019954426586629
2023-11-07 12:00:00,0.4498044472932815,0.44166065240278835
2023-11-07 13:00:00,0.40603062286973,0.41894732890650627
2023-11-07 14:00:00,0.4048784570395947,0.40015090877190224
2023-11-07 15:00:00,0.3913476800918579,0.330613789781928
2023-11-07 16:00:00,0.299087514616549,0.26414207238703963
2023-11-07 17:00:00,0.2953849286586046,0.30657603748142714
2023-11-07 18:00:00,0.23942455345764752,0.2822644404508172
2023-11-07 19:00:00,0.24470864417031402,0.2780537307448685
2023-11-07 20:00:00,0.2542431826144456,0.25579972072504464
2023-11-07 21:00:00,0.20559087564237413,0.2453639473859221
2023-11-07 22:00:00,0.11268477049656211,0.21714537632651626
2023-11-07 23:00:00,0.027985087367706003,0.11334015010856092
2023-11-08 00:00:00,0.005938614350743591,0.03226812453940511
2023-11-08 01:00:00,0.0014414275903254746,0.014130850289948286
2023-11-08 02:00:00,0.0019805933302268386,0.03838662941008807
2023-11-08 03:00:00,0.017054654671810568,0.09028505685739217
2023-11-08 04:00:00,0.099882806353271,0.17218777150847017
2023-11-08 05:00:00,0.1968972001969814,0.2700959940720349
2023-11-08 06:00:00,0.1419052159320563,0.2038594130706042
2023-11-08 07:00:00,0.09691572284325957,0.1709203750733286
2023-11-08 08:00:00,0.21029888229444624,0.1643212291039526
2023-11-08 09:00:00,0.6425862458627672,0.31361160257831217
2023-11-08 10:00:00,0.9784743955917655,0.6417867774888873
2023-11-08 11:00:00,0.9898562811873853,0.9738360470905899
2023-11-08 12:00:00,0.974455986637622,0.9805040055140852
2023-11-08 13:00:00,0.993875931315124,0.977697089072317
2023-11-08 14:00:00,0.9996309809014201,0.9663554034009577
2023-11-08 15:00:00,0.9966727332398295,0.9619890419021249
2023-11-08 16:00:00,0.9883107764832676,0.9422070039995015
2023-11-08 17:00:00,0.9766215366311372,0.9277072826772929
2023-11-08 18:00:00,0.847759196460247,0.8045537950471044
2023-11-08 19:00:00,0.8725301938876509,0.7499912261590359
2023-11-08 20:00:00,0.8932335148937999,0.7746113396808503
2023-11-08 21:00:00,0.9472526297159493,0.8417412789911032
2023-11-08 22:00:00,0.9873783195577561,0.8589199863933027
2023-11-08 23:00:00,0.9971111366152764,0.9010307443328202
2023-11-09 00:00:00,0.9655073792859912,0.9007938526943327
2023-11-09 01:00:00,0.9829352329112591,0.8505230049788952
2023-11-09 02:00:00,0.9993672256544233,0.9198436107113956
2023-11-09 03:00:00,1.0,0.9709419149532914
2023-11-09 04:00:00,1.0,0.9977708952128888
2023-11-09 05:00:00,1.0,0.9932646736875177
2023-11-09 06:00:00,1.0,0.9998191525042057
2023-11-09 07:00:00,1.0,0.9999807711318135
2023-11-09 08:00:00,1.0,0.9989237647503615
2023-11-09 09:00:00,1.0,0.9958826298825443
2023-11-09 10:00:00,1.0,0.9963542993552983
2023-11-09 11:00:00,1.0,0.9989989380165935
2023-11-09 12:00:00,0.9876559724844992,0.9918586808815598
2023-11-09 13:00:00,0.9238246178068218,0.9474448421038687
2023-11-09 14:00:00,0.8007956856675446,0.846749433018267
2023-11-09 15:00:00,0.7121265543065964,0.7655631556734441
2023-11-09 16:00:00,0.6269742039404806,0.68569372234866
2023-11-09 17:00:00,0.4993833521008492,0.564382783975452
2023-11-09 18:00:00,0.4335886858403682,0.5092437021434307
2023-11-09 19:00:00,0.2728105350770056,0.3830055385641753
2023-11-09 20:00:00,0.1472375252842903,0.21904279267415405
2023-11-09 21:00:00,0.08036739064380528,0.11658575660083442
2023-11-09 22:00:00,0.060561691941693425,0.0660401876224205
2023-11-09 23:00:00,0.05808072172570974,0.06888053042814136
2023-11-10 00:00:00,0.016391268712468446,0.027506728889420635
2023-11-10 01:00:00,0.0026892281556501986,0.006676581809297206
2023-11-10 02:00:00,0.0022791483625769614,0.0030344600742682817
2023-11-10 03:00:00,0.0021481135860085486,0.002181557738222182
2023-11-10 04:00:00,0.0010591975320130586,0.0008268937282264233
2023-11-10 05:00:00,0.016674142256379126,0.007488634060136974
2023-11-10 06:00:00,0.08596348056569694,0.055703771831467755
2023-11-10 07:00:00,0.23735876761376853,0.18396665836684406
2023-11-10 08:00:00,0.41603419387713075,0.3285201763175427
2023-11-10 09:00:00,0.547451368253678,0.4454105569422245
2023-11-10 10:00:00,0.6963446118682621,0.5590873182937502
2023-11-10 11:00:00,0.7936966964229942,0.6462685723230241
2023-11-10 12:00:00,0.8552027054317295,0.7176702392287551
2023-11-10 13:00:00,0.8846678325906395,0.7407053008489308
2023-11-10 14:00:00,0.8902416783943772,0.7423757686465977
2023-11-10 15:00:00,0.8696006602607668,0.7226282623223959
2023-11-10 16:00:00,0.8750871783681216,0.7321045977249739
2023-11-10 17:00:00,0.9193978651054204,0.7799193594232201
2023-11-10 18:00:00,0.9288104068115353,0.7963038418442009
2023-11-10 19:00:00,0.952590376380831,0.8388779607415199
2023-11-10 20:00:00,0.9765005647204816,0.8859014504030346
2023-11-10 21:00:00,0.9906465739011765,0.9258822625316678
2023-11-10 22:00:00,0.9957915795221924,0.9369203043170273
2023-11-10 23:00:00,0.9835619340464471,0.9002644728496672
2023-11-11 00:00:00,0.9251449637673794,0.8185627337545155
2023-11-11 01:00:00,0.7034603373892604,0.5957542954944074
2023-11-11 02:00:00,0.5928170393966138,0.5626005946472287
2023-11-11 03:00:00,0.42287842533551145,0.4669489727355539
2023-11-11 04:00:00,0.2948726571444422,0.40132781284861263
2023-11-11 05:00:00,0.1332037623692304,0.28604227004572746
2023-11-11 06:00:00,0.1362614225503057,0.29856346756219865
2023-11-11 07:00:00,0.1620692307129502,0.35785404285416006
2023-11-11 08:00:00,0.2314623207133263,0.46127778817899523
2023-11-11 09:00:00,0.346104075461626,0.5595907003246247
2023-11-11 10:00:00,0.41884275281801825,0.6486909149028359
2023-11-11 11:00:00,0.5243733490444719,0.7414842800796031
2023-11-11 12:00:00,0.5957290648855268,0.7758704630471767
2023-11-11 13:00:00,0.7366724069602788,0.8335710821859538
2023-11-11 14:00:00,0.7134174076095222,0.808325775451958
2023-11-11 15:00:00,0.777143515497446,0.8541610530577598
2023-11-11 16:00:00,0.9055658187158406,0.9137759817205369
2023-11-11 17:00:00,0.9581501857750118,0.9615285388752817
2023-11-11 18:00:00,0.9748419696092604,0.9767727586999535
2023-11-11 19:00:00,0.9942989029549062,0.9937310012802482
2023-11-11 20:00:00,0.9993168308585882,0.9982473706454038
2023-11-11 21:00:00,1.0,0.9995115286111832
2023-11-11 22:00:00,0.9995593433454633,0.9994877589866519
2023-11-11 23:00:00,1.0,0.9997592658177018
2023-11-12 00:00:00,1.0,1.0
2023-11-12 01:00:00,1.0,0.9998976885899902
2023-11-12 02:00:00,1.0,1.0
2023-11-12 03:00:00,0.9985637321695685,0.9991376742720603
2023-11-12 04:00:00,1.0,1.0
2023-11-12 05:00:00,0.9966538482531906,1.0
2023-11-12 06:00:00,0.9977404930442572,1.0
2023-11-12 07:00:00,0.9816625299677253,0.9996585332229734
2023-11-12 08:00:00,0.9681347131170333,0.9994585632532835
2023-11-12 09:00:00,0.9803437419049442,1.0
2023-11-12 10:00:00,0.941059788595885,0.993101811222732
2023-11-12 11:00:00,0.9531153101287783,0.9863260884955525
2023-11-12 12:00:00,0.9993228383362293,0.9970278754830361
2023-11-12 13:00:00,1.0,1.0
2023-11-12 14:00:00,1.0,1.0
2023-11-12 15:00:00,1.0,1.0
2023-11-12 16:00:00,1.0,0.9995458654686808
2023-11-12 17:00:00,0.9993892150744796,0.9990184442698955
2023-11-12 18:00:00,0.9843294712156058,0.9799951636791229
2023-11-12 19:00:00,0.8743041283078491,0.8594222781062126
2023-11-12 20:00:00,0.6760397513024508,0.6547597930021584
2023-11-12 21:00:00,0.5599353351071477,0.5524335345812141
2023-11-12 22:00:00,0.559082084801048,0.5724936570599674
2023-11-12 23:00:00,0.5273802915774285,0.4960060993954539
2023-11-13 00:00:00,0.4712217856571077,0.3496646586991846
2023-11-13 01:00:00,0.288058142689988,0.16337471500970419
2023-11-13 02:00:00,0.14589908516965802,0.10770742448046804
2023-11-13 03:00:00,0.1422551668714732,0.10960727822966873
2023-11-13 04:00:00,0.14917222938500344,0.1410591482464224
2023-11-13 05:00:00,0.10021565170958636,0.12400336728431285
2023-11-13 06:00:00,0.0968129428010434,0.09219554355368018
2023-11-13 07:00:00,0.13179839384742079,0.08195022589527069
2023-11-13 08:00:00,0.18918080395087591,0.18064650352112946
2023-11-13 09:00:00,0.32423780534416435,0.40526242906227705
2023-11-13 10:00:00,0.48297543542459603,0.5503291196376086
2023-11-13 11:00:00,0.6176476091332732,0.5905318476259708
2023-11-13 12:00:00,0.7548039159737527,0.6504178231582044
2023-11-13 13:00:00,0.8063832992687822,0.7297778636589644
2023-11-13 14:00:00,0.8793497596681118,0.8158884122967719
2023-11-13 15:00:00,0.9244856599532068,0.8762067686766385
2023-11-13 16:00:00,0.9667155963182449,0.9366967826895415
2023-11-13 17:00:00,0.9980435552820562,0.9847552082873882
2023-11-13 18:00:00,1.0,0.987396020181477
2023-11-13 19:00:00,1.0,0.9802448871731758
2023-11-13 20:00:00,0.9997893982008099,0.9670864289812744
2023-11-13 21:00:00,0.9994641451537608,0.9635031272470952
2023-11-13 22:00:00,0.9986055888235569,0.9666143391281367
2023-11-13 23:00:00,0.9795341162383555,0.9311453453637657
2023-11-14 00:00:00,0.9396194368600846,0.9073326839134096
2023-11-14 01:00:00,0.8106482452712953,0.8250041372328997
2023-11-14 02:00:00,0.7556209515407679,0.801083716414869
2023-11-14 03:00:00,0.7742023276351392,0.8764666040055452
2023-11-14 04:00:00,0.874395618699491,0.9504498160444199
2023-11-14 05:00:00,0.799267349485308,0.9219890542328356
2023-11-14 06:00:00,0.8838810756802559,0.9653254480287433
2023-11-14 07:00:00,0.9746255866810679,0.9991622133553029
2023-11-14 08:00:00,0.9689815470017493,1.0
2023-11-14 09:00:00,0.9406710089743137,1.0
2023-11-14 10:00:00,0.9992254153639079,1.0
2023-11-14 11:00:00,0.9776296140998603,0.9825518475472926
2023-11-14 12:00:00,0.9191689683683215,0.9111821399815381
2023-11-14 13:00:00,0.9344229254312811,0.8284828192368149
2023-11-14 14:00:00,0.9244710279814898,0.825520484689623
2023-11-14 15:00:00,0.8935780666582287,0.7638588927686215
2023-11-14 16:00:00,0.8707863373868167,0.7155730263888834
2023-11-14 17:00:00,0.9123489885777236,0.8051934006623924
2023-11-14 18:00:00,0.7978988592140375,0.676515510957688
2023-11-14 19:00:00,0.6108761970326302,0.5434040133841336
2023-11-14 20:00:00,0.48802203964442015,0.40900648791342975
2023-11-14 21:00:00,0.6255543125234543,0.5187755513377488
2023-11-14 22:00:00,0.652116537503898,0.6621227618306874
2023-11-14 23:00:00,0.6618354074098167,0.7042599128745496
2023-11-15 00:00:00,0.7282242230139673,0.771717114355415
2023-11-15 01:00:00,0.7136268319375813,0.7512715210206805
2023-11-15 02:00:00,0.7673045401647689,0.8211559833213687
2023-11-15 03:00:00,0.7628380128554999,0.7890162956342099
2023-11-15 04:00:00,0.6570206441916524,0.7089561822451649
2023-11-15 05:00:00,0.3810375679470599,0.3690201543457806
2023-11-15 06:00:00,0.24754743411205704,0.20265244067646565
2023-11-15 07:00:00,0.3166056747920811,0.20660642606206236
2023-11-15 08:00:00,0.49774830769747497,0.40152822321280823
2023-11-15 09:00:00,0.7915687274746596,0.6837475934065876
2023-11-15 10:00:00,0.8973542276769876,0.7937821630574762
2023-11-15 11:00:00,0.929925624486059,0.8616971320100127
2023-11-15 12:00:00,0.9219110188633203,0.864965091254562
2023-11-15 13:00:00,0.9014471025578676,0.9066130445338785
2023-11-15 14:00:00,0.9091899455524981,0.9168265870213507
2023-11-15 15:00:00,0.917309963814914,0.8705021680891512
2023-11-15 16:00:00,0.9352881309576332,0.8334198680333793
2023-11-15 17:00:00,0.8911856577172875,0.7713165235891938
2023-11-15 18:00:00,0.8680818990990518,0.7288026909902691
2023-11-15 19:00:00,0.8722825505025684,0.7189148737490174
2023-11-15 20:00:00,0.7406678110733628,0.6739244805090128
2023-11-15 21:00:00,0.4981254591047765,0.4680054888129234
2023-11-15 22:00:00,0.3372828931547701,0.3033636564388871
2023-11-15 23:00:00,0.23201501509174705,0.15756778340786695
2023-11-16 00:00:00,0.148129306724295,0.07347757308743895
2023-11-16 01:00:00,0.05573328895960003,0.03601362048182637
2023-11-16 02:00:00,0.11187980737537145,0.058166505321860316
2023-11-16 03:00:00,0.1663654826767742,0.11093323375098406
2023-11-16 04:00:00,0.15352894246578216,0.14334056595340366
2023-11-16 05:00:00,0.20067431971430774,0.15287384971044954
2023-11-16 06:00:00,0.1698030817508697,0.23786403506994247
2023-11-16 07:00:00,0.13753783854655918,0.3138612370472401
2023-11-16 08:00:00,0.090791286425665,0.24911714036017651
2023-11-16 09:00:00,0.12140566936694086,0.20889798211865124
2023-11-16 10:00:00,0.19289007816463702,0.16558935726061463
2023-11-16 11:00:00,0.1799782894179225,0.1934700780920684
2023-11-16 12:00:00,0.19044975417666132,0.22699944804422553
2023-11-16 13:00:00,0.1648073581140488,0.1897590878419578
2023-11-16 14:00:00,0.14347962112165985,0.1578664861153811
2023-11-16 15:00:00,0.1738494301121682,0.15630302088335157
2023-11-16 16:00:00,0.25440866908058524,0.19085918812081218
2023-11-16 17:00:00,0.4504063050448895,0.3310517788678407
2023-11-16 18:00:00,0.5241519731283188,0.4236188820004463
2023-11-16 19:00:00,0.5653439523093402,0.4724487017095089
2023-11-16 20:00:00,0.6480284890532491,0.5148673180118203
2023-11-16 21:00:00,0.7731282462924717,0.5929161351546643
2023-11-16 22:00:00,0.8842371555231511,0.6852633328363298
2023-11-16 23:00:00,0.8908640610612929,0.6958817972801625
2023-11-17 00:00:00,0.8683805740438402,0.6085952411592006
2023-11-17 01:00:00,0.8187348674051464,0.6793529778160153
2023-11-17 02:00:00,0.8483742046914995,0.7969072792306541
2023-11-17 03:00:00,0.7907416102290152,0.7499149098992347
2023-11-17 04:00:00,0.7045614342391489,0.6765467916242777
2023-11-17 05:00:00,0.6762301525473592,0.6042378289252517
2023-11-17 06:00:00,0.8158900862745941,0.6875609856471419
2023-11-17 07:00:00,0.9479135306365785,0.8490802568010986
2023-11-17 08:00:00,0.9854476339742541,0.9342001310549677
2023-11-17 09:00:00,0.9867684355005619,0.9658768485113978
2023-11-17 10:00:00,0.9845184223353861,0.9708131239749491
2023-11-17 11:00:00,0.9983371446281671,0.9882186846807599
2023-11-17 12:00:00,0.9955237242951989,0.9842762063257395
2023-11-17 13:00:00,0.9563735799491406,0.9462298812158406
2023-11-17 14:00:00,0.8915258570015432,0.8738511949218808
2023-11-17 15:00:00,0.7056132224574683,0.6932930401340126
2023-11-17 16:00:00,0.5567941940389574,0.5554432450979947
2023-11-17 17:00:00,0.39873766606673594,0.43599048890173436
2023-11-17 18:00:00,0.38224935034289953,0.43248669784516103
2023-11-17 19:00:00,0.3213525880500674,0.3557418193481863
2023-11-17 20:00:00,0.3553454099781811,0.3640805135108531
2023-11-17 21:00:00,0.3985295880399644,0.46975985657423736
2023-11-17 22:00:00,0.27167684648185964,0.3540093728527426
2023-11-17 23:00:00,0.2215307686757296,0.23412307349964975
2023-11-18 00:00:00,0.2674601321294904,0.1974215855449438
2023-11-18 01:00:00,0.26802633835002776,0.14442874083295465
2023-11-18 02:00:00,0.23679671219550072,0.12425265342928468
2023-11-18 03:00:00,0.24892956605181094,0.129983781715855
2023-11-18 04:00:00,0.2743060479126871,0.164132702993229
2023-11-18 05:00:00,0.2607602064497768,0.2256001954711973
2023-11-18 06:00:00,0.40834964394569406,0.4271885138563812
2023-11-18 07:00:00,0.591520079448819,0.6229555222578346
2023-11-18 08:00:00,0.7833154851570725,0.7804984839074312
2023-11-18 09:00:00,0.8794826549477874,0.8330631961487234
2023-11-18 10:00:00,0.9401073725149036,0.8543746327795088
2023-11-18 11:00:00,0.9536963598616421,0.8405095055326819
2023-11-18 12:00:00,0.9313920028135179,0.8114347597025333
2023-11-18 13:00:00,0.8417819780856372,0.7425340159237386
2023-11-18 14:00:00,0.6681935243308541,0.6507284087873995
2023-11-18 15:00:00,0.38040581194683915,0.49786112939938904
2023-11-18 16:00:00,0.19703549087047575,0.3787811920978128
2023-11-18 17:00:00,0.0764904887136072,0.3258621461689472
2023-11-18 18:00:00,0.08975754091981798,0.3731533631309867
2023-11-18 19:00:00,0.14863625795580446,0.34396030429750685
2023-11-18 20:00:00,0.35424727166071535,0.38933125365525484
2023-11-18 21:00:00,0.5359770626015958,0.4464718260988593
2023-11-18 22:00:00,0.6145229714363811,0.500818849299103
2023-11-18 23:00:00,0.667263999711722,0.5210802432149648
2023-11-19 00:00:00,0.6125828792527318,0.4214376741275191
2023-11-19 01:00:00,0.4686867095716298,0.3035951774008572
2023-11-19 02:00:00,0.47041855430230495,0.347581305578351
2023-11-19 03:00:00,0.5458883970603347,0.3914749031700193
2023-11-19 04:00:00,0.6622776411846277,0.4604131717421114
2023-11-19 05:00:00,0.8889397689141332,0.7278898901492357
2023-11-19 06:00:00,0.9779537604935467,0.9300578393600879
2023-11-19 07:00:00,0.9979396042600274,0.986068037673831
2023-11-19 08:00:00,0.9997140083462001,0.9910789849981666
2023-11-19 09:00:00,0.9977185017243029,0.9862201462872326
2023-11-19 10:00:00,0.9945254133641719,0.9806570649705828
2023-11-19 11:00:00,0.9896846187487244,0.9673776307329535
2023-11-19 12:00:00,0.9710630129091441,0.947455242741853
2023-11-19 13:00:00,0.9589617317914962,0.940584444683045
2023-11-19 14:00:00,0.9431477530673145,0.9322637750022114
2023-11-19 15:00:00,0.9282601934671401,0.9308570140413939
2023-11-19 16:00:00,0.9074128313176333,0.9169804841466247
2023-11-19 17:00:00,0.8191437159478664,0.8661317675374449
2023-11-19 18:00:00,0.7599781171232461,0.8369893876649438
2023-11-19 19:00:00,0.7137845326960086,0.7759781672619283
2023-11-19 20:00:00,0.6666657310351727,0.7117645660974086
2023-11-19 21:00:00,0.6319067204743621,0.6895142601430414
2023-11-19 22:00:00,0.5627961303666232,0.6658538344129918
2023-11-19 23:00:00,0.4841341619193554,0.5699305268563329
2023-11-20 00:00:00,0.3764114979468286,0.3964957974106074
2023-11-20 01:00:00,0.21677170680835842,0.22891411889344448
2023-11-20 02:00:00,0.17346618410199882,0.19957935117185113
2023-11-20 03:00:00,0.1619455248862505,0.19202324759215114
2023-11-20 04:00:00,0.15261516625061633,0.18403846042230726
2023-11-20 05:00:00,0.20674783321097487,0.2784791795536875
2023-11-20 06:00:00,0.277592567820102,0.3799053922854363
2023-11-20 07:00:00,0.37508970150724047,0.49760580983012914
2023-11-20 08:00:00,0.560190059840679,0.6371216748841105
2023-11-20 09:00:00,0.5950900161638855,0.7071885684505104
2023-11-20 10:00:00,0.6968987453356383,0.7723981575109062
2023-11-20 11:00:00,0.9114038346707822,0.8642303343117236
2023-11-20 12:00:00,0.9985389157012104,0.9755489055626094
2023-11-20 13:00:00,1.0,1.0
2023-11-20 14:00:00,1.0,1.0
2023-11-20 15:00:00,1.0,0.9982587985321879
2023-11-20 16:00:00,1.0,0.9682069338858128
2023-11-20 17:00:00,1.0,0.9479186517000198
2023-11-20 18:00:00,1.0,0.9806596801243722
2023-11-20 19:00:00,1.0,0.9975729296356439
2023-11-20 20:00:00,1.0,0.9979411070793867
2023-11-20 21:00:00,1.0,0.9888653891533613
2023-11-20 22:00:00,0.9988922511413693,0.9634534629993141
2023-11-20 23:00:00,0.99037926774472,0.9337312483415007
2023-11-21 00:00:00,0.8089718370325862,0.6840469524264334
2023-11-21 01:00:00,0.9432568568363786,0.8077893898449837
2023-11-21 02:00:00,0.8570106165669859,0.7314741379022598
2023-11-21 03:00:00,0.7471233243495223,0.5571171547286213
2023-11-21 04:00:00,0.5622622125782071,0.4373124145530164
2023-11-21 05:00:00,0.33905752183869475,0.3264272952266037
2023-11-21 06:00:00,0.18249526039697228,0.18298032513819634
2023-11-21 07:00:00,0.07504624920431524,0.0822987736063078
2023-11-21 08:00:00,0.02841475950088352,0.03594099827576429
2023-11-21 09:00:00,0.005466863489709794,0.03115667712409049
2023-11-21 10:00:00,0.028733901139348747,0.07625010446645317
2023-11-21 11:00:00,0.14550263884942977,0.18873855675570664
2023-11-21 12:00:00,0.3046542496560141,0.3065637065283954
2023-11-21 13:00:00,0.5581164282560347,0.47158193909097457
2023-11-21 14:00:00,0.7054066537134347,0.6080557447578757
2023-11-21 15:00:00,0.8223985236510633,0.7120123288035389
2023-11-21 16:00:00,0.8468187712691724,0.7467561052367089
2023-11-21 17:00:00,0.8829043749161063,0.7626978592947123
2023-11-21 18:00:00,0.891517185922712,0.7665141995996235
2023-11-21 19:00:00,0.8641743997298179,0.7333399995043873
2023-11-21 20:00:00,0.8636914388276637,0.6781187414750456
2023-11-21 21:00:00,0.8382150735519825,0.6388433691114187
2023-11-21 22:00:00,0.8736272130534052,0.7379636055417358
2023-11-21 23:00:00,0.9237562379427253,0.8293653018400073
2023-11-22 00:00:00,0.9770937670022249,0.9163878072425721
2023-11-22 01:00:00,0.9643874510750173,0.9405665151216089
2023-11-22 02:00:00,0.9041455140709876,0.9374721904471516
2023-11-22 03:00:00,0.8275724716857075,0.9280604689195752
2023-11-22 04:00:00,0.7452283888682724,0.8969011790491641
2023-11-22 05:00:00,0.5652658092882483,0.8431525696069002
2023-11-22 06:00:00,0.43569344967603685,0.7609954790957273
2023-11-22 07:00:00,0.5865169416181742,0.7338267591036856
2023-11-22 08:00:00,0.6554121805727481,0.6809491692855955
2023-11-22 09:00:00,0.8293876567296683,0.7499392033368348
2023-11-22 10:00:00,0.9630062614008784,0.8101615589670836
2023-11-22 11:00:00,0.9342576885409654,0.874512716513127
2023-11-22 12:00:00,0.9000042687170208,0.9301591873355209
2023-11-22 13:00:00,0.889068103749305,0.9354332308471202
2023-11-22 14:00:00,0.8510533770732581,0.8371715703234076
2023-11-22 15:00:00,0.801238882187754,0.7539876709505915
2023-11-22 16:00:00,0.7082076570391653,0.6218002558872103
2023-11-22 17:00:00,0.5840072596818205,0.5040007975324988
2023-11-22 18:00:00,0.37564641637727614,0.31343302126973865
2023-11-22 19:00:00,0.24094626897945992,0.20861029583960772
2023-11-22 20:00:00,0.17619259992614392,0.12941339747048913
2023-11-22 21:00:00,0.16735814925283193,0.09059896933846175
2023-11-22 22:00:00,0.12139833205379545,0.07846859636716544
2023-11-22 23:00:00,0.09466944560408591,0.072704125251621
2023-11-23 00:00:00,0.08263955732807518,0.07747348196804524
2023-11-23 01:00:00,0.07045455942861735,0.06819163671694696
2023-11-23 02:00:00,0.07448964586481453,0.05297357601113617
2023-11-23 03:00:00,0.10294954129494725,0.06593567272648215
2023-11-23 04:00:00,0.14091012733988462,0.12257700749672948
2023-11-23 05:00:00,0.24769513856619596,0.2798707651533186
2023-11-23 06:00:00,0.19742542512714858,0.20754255285486573
2023-11-23 07:00:00,0.18196103943511843,0.23702243439853188
2023-11-23 08:00:00,0.09191006638109682,0.17926515555009245
2023-11-23 09:00:00,0.025455715749412775,0.08311375204473735
2023-11-23 10:00:00,0.003429325008764863,0.023239329205825925
2023-11-23 11:00:00,0.0008470459515228868,0.0056327164871618155
2023-11-23 12:00:00,0.00016679844819009301,0.0030169141897931698
2023-11-23 13:00:00,0.0,0.0012627780809998511
2023-11-23 14:00:00,0.0,0.0002447157585993409
2023-11-23 15:00:00,0.0,2.940445207059383e-05
2023-11-23 16:00:00,1.8116319552063941e-06,4.407133441418409e-05
2023-11-23 17:00:00,0.005666766306385398,0.004088005740195512
2023-11-23 18:00:00,0.005695244055241346,0.005992313553579151
2023-11-23 19:00:00,0.0026261349348351355,0.0034197474783286452
2023-11-23 20:00:00,0.000535107241012156,0.0013785496773198245
2023-11-23 21:00:00,0.0003675301605835557,0.0007336166920140385
2023-11-23 22:00:00,0.00376407403498888,0.002918353523127734
2023-11-23 23:00:00,0.012854333030991257,0.008155524670146406
2023-11-24 00:00:00,0.00763566529378295,0.009616382275708019
2023-11-24 01:00:00,0.0066923794941976655,0.009067606134340166
2023-11-24 02:00:00,0.010163626046851277,0.009565627449192107
2023-11-24 03:00:00,0.023114768709056082,0.01542217875365168
2023-11-24 04:00:00,0.03888310310430825,0.018199235955253246
2023-11-24 05:00:00,0.05242071446962654,0.026260935100726784
2023-11-24 06:00:00,0.037621846655383706,0.020653160070069135
2023-11-24 07:00:00,0.041094125444069506,0.02634638735558838
2023-11-24 08:00:00,0.08472486140206456,0.06547475482337177
2023-11-24 09:00:00,0.17956247484311463,0.1255559687502682
2023-11-24 10:00:00,0.2976521791145205,0.17220612354576587
2023-11-24 11:00:00,0.44082950856536635,0.2247851252928376
2023-11-24 12:00:00,0.5407735596783458,0.27172619929537173
2023-11-24 13:00:00,0.6169484843686222,0.333715235684067
2023-11-24 14:00:00,0.6244727181643247,0.3536971147172153
2023-11-24 15:00:00,0.6175968493893741,0.3752442876622081
2023-11-24 16:00:00,0.6487712780758739,0.41588973335921775
2023-11-24 17:00:00,0.5909217969700694,0.3678615703061223
2023-11-24 18:00:00,0.5753627449832855,0.3402276721224189
2023-11-24 19:00:00,0.5403091928176581,0.29192004745826117
2023-11-24 20:00:00,0.6080171437188981,0.3420191068388521
2023-11-24 21:00:00,0.7238213983550665,0.5052476330287754
2023-11-24 22:00:00,0.8517674055695534,0.7001689428836104
2023-11-24 23:00:00,0.947209181562066,0.8042826600372791
2023-11-25 00:00:00,0.9751242412440478,0.8141843661665915
2023-11-25 01:00:00,0.8807231298089027,0.6706132000684737
2023-11-25 02:00:00,0.9392511432431636,0.7991136283241211
2023-11-25 03:00:00,0.9338097619265318,0.7787909178622066
2023-11-25 04:00:00,0.8580598815344275,0.7186676492542027
2023-11-25 05:00:00,0.821113100349903,0.6778725230693816
2023-11-25 06:00:00,0.8443437284789979,0.742409312557429
2023-11-25 07:00:00,0.8680242897942662,0.8433860074169933
2023-11-25 08:00:00,0.8137858484312891,0.8540627372078596
2023-11-25 09:00:00,0.7210618247278033,0.8161287222616374
2023-11-25 10:00:00,0.5879833300970494,0.7282016780786216
2023-11-25 11:00:00,0.4833221368305385,0.595681446045637
2023-11-25 12:00:00,0.4763557030633092,0.5078500210121274
2023-11-25 13:00:00,0.5253358948789536,0.4603199492022395
2023-11-25 14:00:00,0.6185232989676296,0.48994377003982664
2023-11-25 15:00:00,0.7377091936953364,0.5627741506695747
2023-11-25 16:00:00,0.81557612542063,0.6265025437436996
2023-11-25 17:00:00,0.8658443216979504,0.6929905065707859
2023-11-25 18:00:00,0.8876091883517802,0.7029212316311895
2023-11-25 19:00:00,0.9186760419607163,0.7063239265419541
2023-11-25 20:00:00,0.9750915116630493,0.8249146615713833
2023-11-25 21:00:00,0.9958057831600309,0.924575277455151
2023-11-25 22:00:00,0.999202280305326,0.9712459580600261
2023-11-25 23:00:00,1.0,0.9919428446702658
2023-11-26 00:00:00,1.0,0.999822982698679
2023-11-26 01:00:00,1.0,0.9965485445037485
2023-11-26 02:00:00,1.0,1.0
2023-11-26 03:00:00,1.0,1.0
2023-11-26 04:00:00,1.0,1.0
2023-11-26 05:00:00,1.0,1.0
2023-11-26 06:00:00,1.0,1.0
2023-11-26 07:00:00,1.0,0.9990891128778456
2023-11-26 08:00:00,1.0,0.9945518656447528
2023-11-26 09:00:00,0.9984420531988144,0.9851363322138788
2023-11-26 10:00:00,0.9796837302483616,0.962506485879421
2023-11-26 11:00:00,0.8836430809088052,0.8814477487653494
2023-11-26 12:00:00,0.7003038440085947,0.7430151154100895
2023-11-26 13:00:00,0.5414349120296538,0.5926494791731236
2023-11-26 14:00:00,0.5120851042121649,0.5259188726544382
2023-11-26 15:00:00,0.4116078057512641,0.46941623076796524
2023-11-26 16:00:00,0.34797507351264356,0.35630543231964096
2023-11-26 17:00:00,0.2754149300977588,0.3035079721920192
2023-11-26 18:00:00,0.18127766063436862,0.20027115903794762
2023-11-26 19:00:00,0.16636943342164154,0.17906289566308256
2023-11-26 20:00:00,0.1417642564419657,0.15832696592435236
2023-11-26 21:00:00,0.23769402714446178,0.14025330787524581
2023-11-26 22:00:00,0.43517025316134095,0.23512420647777613
2023-11-26 23:00:00,0.6250782684795557,0.3775138250924647
2023-11-27 00:00:00,0.7655624185129999,0.5098667183332146
2023-11-27 01:00:00,0.8569287462718785,0.5906392160989344
2023-11-27 02:00:00,0.9535617030784488,0.7176740710437296
2023-11-27 03:00:00,1.0,0.8748690423928199
2023-11-27 04:00:00,0.9995751865953207,0.981811817679554
2023-11-27 05:00:00,0.8475921530649064,0.8721236808411775
2023-11-27 06:00:00,0.65770317832008,0.7470851417817176
2023-11-27 07:00:00,0.46857021450996406,0.5845591088198125
2023-11-27 08:00:00,0.3536412868648767,0.4352286813035607
2023-11-27 09:00:00,0.22682929815724487,0.3092462633922696
2023-11-27 10:00:00,0.1206869344972074,0.17155531984753902
2023-11-27 11:00:00,0.12765519722364843,0.13333370621316132
2023-11-27 12:00:00,0.130628549978137,0.12542151218280195
2023-11-27 13:00:00,0.1953580626659095,0.13408211865462363
2023-11-27 14:00:00,0.28124239992350336,0.18429940737783904
2023-11-27 15:00:00,0.305235099196434,0.20149336190894243
2023-11-27 16:00:00,0.3568352188169955,0.2642880574800074
2023-11-27 17:00:00,0.44487945597618805,0.38665406854823225
2023-11-27 18:00:00,0.4618791848421096,0.3627515381947159
2023-11-27 19:00:00,0.4329288479685782,0.3229796458780765
2023-11-27 20:00:00,0.350782435145229,0.2605854035168886
2023-11-27 21:00:00,0.25930330267176027,0.20412626971490677
2023-11-27 22:00:00,0.2354904591105878,0.2163695739023387
2023-11-27 23:00:00,0.24881994348019357,0.23763383648358283
2023-11-28 00:00:00,0.18834476787596938,0.16741538711823523
2023-11-28 01:00:00,0.12462241481989622,0.09796314017847178
2023-11-28 02:00:00,0.1132697749417275,0.08600501021370292
2023-11-28 03:00:00,0.12049311246722935,0.0892519694380462
2023-11-28 04:00:00,0.14483375683426855,0.0992258678469807
2023-11-28 05:00:00,0.2794059390202164,0.16743215432390568
2023-11-28 06:00:00,0.5088601465523244,0.3648884505964815
2023-11-28 07:00:00,0.6938925023563205,0.5862143837474284
2023-11-28 08:00:00,0.7692231824994087,0.6939716987684368
2023-11-28 09:00:00,0.9044713422097266,0.7955902829580009
2023-11-28 10:00:00,0.9773598102107645,0.9061605207249521
2023-11-28 11:00:00,0.9919312067702412,0.9290875983983278
2023-11-28 12:00:00,0.9941479245200753,0.9534835901111365
2023-11-28 13:00:00,0.9920725139975548,0.9434933921881019
2023-11-28 14:00:00,0.99471664769575,0.9373965323343874
2023-11-28 15:00:00,0.9971025319769978,0.9414361556246876
2023-11-28 16:00:00,0.9956050912290811,0.9302923564240335
2023-11-28 17:00:00,0.9875803383626043,0.9067355073615909
2023-11-28 18:00:00,0.9715803723968564,0.867086207140237
2023-11-28 19:00:00,0.9673126106150449,0.8470500741899013
2023-11-28 20:00:00,0.9308168876357377,0.8076047837547957
2023-11-28 21:00:00,0.8709202128089961,0.7418474634177984
2023-11-28 22:00:00,0.8716818949021398,0.6987558037415146
2023-11-28 23:00:00,0.8398397314734757,0.6503165430948137
2023-11-29 00:00:00,0.7027872784435747,0.5274238842353225
2023-11-29 01:00:00,0.5679937305115164,0.40659451536834235
2023-11-29 02:00:00,0.42183024238795036,0.2869864559546113
2023-11-29 03:00:00,0.3739733504690229,0.24317596240900455
2023-11-29 04:00:00,0.35215447463095173,0.23596352726221084
2023-11-29 05:00:00,0.35820756907574824,0.2704863159172236
2023-11-29 06:00:00,0.3425100230798125,0.3481644970271736
2023-11-29 07:00:00,0.31999446979723867,0.41547653113491834
2023-11-29 08:00:00,0.2759051300864666,0.3843859099410474
2023-11-29 09:00:00,0.2142092903424054,0.26776210257783534
2023-11-29 10:00:00,0.17231053248047828,0.1545756003400311
2023-11-29 11:00:00,0.15122328321449457,0.09746741014998406
2023-11-29 12:00:00,0.18349820262752473,0.08925850313622502
2023-11-29 13:00:00,0.4101872485876083,0.15185752264223992
2023-11-29 14:00:00,0.6907774163223801,0.2963528250250965
2023-11-29 15:00:00,0.8596488195843994,0.5161570128425955
2023-11-29 16:00:00,0.9456677857413889,0.6927841538004577
2023-11-29 17:00:00,0.965974514596164,0.8242785324528811
2023-11-29 18:00:00,0.956445236671716,0.8410267602093516
2023-11-29 19:00:00,0.976010596267879,0.8714165447652338
2023-11-29 20:00:00,0.9402455884963273,0.8621019680052995
2023-11-29 21:00:00,0.9755197551846505,0.7915805173851549
2023-11-29 22:00:00,0.9994669684022665,0.8723487454280255
2023-11-29 23:00:00,0.9994466242939234,0.932626561746001
2023-11-30 00:00:00,0.9964865052327514,0.9344074749201535
2023-11-30 01:00:00,0.9475349664501844,0.8516283335350453
2023-11-30 02:00:00,0.9693439452908935,0.9386007115989923
2023-11-30 03:00:00,0.9632410402595997,0.8960805074870586
2023-11-30 04:00:00,0.9707266183942556,0.8363138371333481
2023-11-30 05:00:00,0.9883906195871532,0.8798286843672395
2023-11-30 06:00:00,0.9921766928955912,0.9243753306008874
2023-11-30 07:00:00,0.9660235251486301,0.8982848313823341
2023-11-30 08:00:00,0.8916529129073023,0.8460432945750651
2023-11-30 09:00:00,0.840657265279442,0.811428493410349
2023-11-30 10:00:00,0.8032449353672564,0.7430867650918661
2023-11-30 11:00:00,0.7645743962191046,0.6828610659018157
2023-11-30 12:00:00,0.6966058067418632,0.6216236322559413
2023-11-30 13:00:00,0.5961233022063968,0.5361289158463477
2023-11-30 14:00:00,0.550222054719925,0.49310578063130384
2023-11-30 15:00:00,0.5230003958940506,0.456498956680298
2023-11-30 16:00:00,0.5048859538137911,0.4185334311425686
2023-11-30 17:00:00,0.5931122090481219,0.4879497489333152
2023-11-30 18:00:00,0.48327221708372226,0.45260678382590414
2023-11-30 19:00:00,0.3331639395281673,0.3802040637284518
2023-11-30 20:00:00,0.22571324346587054,0.30013046097010365
2023-11-30 21:00:00,0.16623707329854365,0.2299113311152905
2023-11-30 22:00:00,0.12305758779868484,0.14854200034402307
2023-11-30 23:00:00,0.11756062131375074,0.09892773712053893
2023-12-01 00:00:00,0.08774603569414467,0.06702248891815543
2023-12-01 01:00:00,0.10957306399475782,0.07810390285681933
2023-12-01 02:00:00,0.10584050392732021,0.05996512273326516
2023-12-01 03:00:00,0.09501585690770295,0.050940251168794935
2023-12-01 04:00:00,0.06869754051323979,0.04018709476105869
2023-12-01 05:00:00,0.02980122529901564,0.017004536134190857
2023-12-01 06:00:00,0.011752144922502341,0.009876721515320243
2023-12-01 07:00:00,0.009028980974107979,0.016663740859366952
2023-12-01 08:00:00,0.031628778423182666,0.052527150502428406
2023-12-01 09:00:00,0.094534503207542,0.1281699453666806
2023-12-01 10:00:00,0.20505921969190238,0.21028240475337948
2023-12-01 11:00:00,0.3695333321113139,0.31103974238038057
2023-12-01 12:00:00,0.40969664396718136,0.326769352145493
2023-12-01 13:00:00,0.36646730424836277,0.29854573881253593
2023-12-01 14:00:00,0.312068702802062,0.26644660485908384
2023-12-01 15:00:00,0.31129884213209147,0.2707507067546248
2023-12-01 16:00:00,0.382497443985194,0.321794287636876
2023-12-01 17:00:00,0.45098528165370216,0.38228680698201056
2023-12-01 18:00:00,0.5193502152524889,0.45395053107291444
2023-12-01 19:00:00,0.5307347355037927,0.48345905227586616
2023-12-01 20:00:00,0.4717524330876767,0.46312645241618144
2023-12-01 21:00:00,0.4178330291621387,0.4321470849961042
2023-12-01 22:00:00,0.41282179266214364,0.42367768883705137
2023-12-01 23:00:00,0.4218481934070587,0.40978807207196943
2023-12-02 00:00:00,0.36333281928673383,0.32282121254131196
2023-12-02 01:00:00,0.20691618995741004,0.18423817904666065
2023-12-02 02:00:00,0.17852578656747933,0.1623617313057184
2023-12-02 03:00:00,0.15562614487484097,0.15097661973908544
2023-12-02 04:00:00,0.1472632618062198,0.15591790568083524
2023-12-02 05:00:00,0.15373670836910602,0.16124251611530777
2023-12-02 06:00:00,0.17961290398612617,0.20647425034549086
2023-12-02 07:00:00,0.185076414886862,0.22425205531530082
2023-12-02 08:00:00,0.18133181066252288,0.2067993823578581
2023-12-02 09:00:00,0.13874945396091787,0.1555173387844115
2023-12-02 10:00:00,0.0768775293463841,0.10173812020104375
2023-12-02 11:00:00,0.031819143285974856,0.07165310251992195
2023-12-02 12:00:00,0.01362772203050554,0.07669235663954169
2023-12-02 13:00:00,0.04605374648701399,0.14815718084573745
2023-12-02 14:00:00,0.11646603632252663,0.2346716669015586
2023-12-02 15:00:00,0.1391522102989256,0.26226432286202905
2023-12-02 16:00:00,0.11482497565448282,0.23890628208406267
2023-12-02 17:00:00,0.09794236152432859,0.2451045419555157
2023-12-02 18:00:00,0.06547481887508184,0.18723493401892483
2023-12-02 19:00:00,0.05585018193814903,0.15679786465130746
2023-12-02 20:00:00,0.08961315120570361,0.209854741981253
2023-12-02 21:00:00,0.15332029800862074,0.23854250268079338
2023-12-02 22:00:00,0.23720090800896285,0.25499306240119035
2023-12-02 23:00:00,0.3033201203308999,0.3313741445355117
2023-12-03 00:00:00,0.24614926034584636,0.2584095488302409
2023-12-03 01:00:00,0.10122912490740417,0.13770487965084613
2023-12-03 02:00:00,0.0710437960550189,0.12677461068145932
2023-12-03 03:00:00,0.05679916222579778,0.08698332185856997
2023-12-03 04:00:00,0.03358031400479377,0.07870132212527094
2023-12-03 05:00:00,0.04993137760087847,0.08279760115779937
2023-12-03 06:00:00,0.15033868755213914,0.10681079660542307
2023-12-03 07:00:00,0.14663498091511426,0.09184511184226721
2023-12-03 08:00:00,0.05936277207452803,0.0696168494829908
2023-12-03 09:00:00,0.012936090617440641,0.04985042428597807
2023-12-03 10:00:00,0.010501981410197914,0.05559389710891992
2023-12-03 11:00:00,0.05823453060816973,0.1410572587419301
2023-12-03 12:00:00,0.14636617734562604,0.28901961567345996
2023-12-03 13:00:00,0.34129431216977535,0.4003619615361094
2023-12-03 14:00:00,0.614392028991133,0.5057779288943857
2023-12-03 15:00:00,0.6852530400454997,0.592769800554961
2023-12-03 16:00:00,0.6985765166394411,0.6126338655874132
2023-12-03 17:00:00,0.8777710128389298,0.7629027591645716
2023-12-03 18:00:00,0.8465564019232985,0.7925540474988518
2023-12-03 19:00:00,0.7399071911722421,0.7149561687558887
2023-12-03 20:00:00,0.541603080332279,0.5243630273640155
2023-12-03 21:00:00,0.361408431455493,0.3422741572000086
2023-12-03 22:00:00,0.34520939877256746,0.32905762974172836
2023-12-03 23:00:00,0.45748951004818084,0.4318652103468776
2023-12-04 00:00:00,0.46630798891186703,0.42504300087690355
2023-12-04 01:00:00,0.41280590249225496,0.33255253911018356
2023-12-04 02:00:00,0.39238444479182355,0.2786515455134213
2023-12-04 03:00:00,0.4097177565097808,0.300890125632286
2023-12-04 04:00:00,0.6299491772986949,0.4677724332548678
2023-12-04 05:00:00,0.7651336495205757,0.6473847659863531
2023-12-04 06:00:00,0.943051853198558,0.90961853004992
2023-12-04 07:00:00,0.9641176500357687,0.9525434284284711
2023-12-04 08:00:00,0.9028850094601512,0.9279242026805877
2023-12-04 09:00:00,0.6255658648908136,0.8122502431087195
2023-12-04 10:00:00,0.2652866321709007,0.6035897719487546
2023-12-04 11:00:00,0.09285227846354246,0.4336945639178157
2023-12-04 12:00:00,0.09751196454279126,0.42920320731587713
2023-12-04 13:00:00,0.27626442202366885,0.5845684895152226
2023-12-04 14:00:00,0.5967725018970668,0.7983981109224261
2023-12-04 15:00:00,0.8155010149441659,0.9215432347543536
2023-12-04 16:00:00,0.8748484577238558,0.9623862013220785
2023-12-04 17:00:00,0.8833571169711649,0.9668348084576427
2023-12-04 18:00:00,0.817275978885591,0.9238671954534947
2023-12-04 19:00:00,0.6523279774375259,0.8027845285460351
2023-12-04 20:00:00,0.5406974723935126,0.6514244508370756
2023-12-04 21:00:00,0.5845687092281877,0.6168999341689049
2023-12-04 22:00:00,0.7335999087803065,0.657289930731058
2023-12-04 23:00:00,0.7025824314355847,0.6150299694016574
2023-12-05 00:00:00,0.7008091007545587,0.560406975131482
2023-12-05 01:00:00,0.7933708855696023,0.6055136572569608
2023-12-05 02:00:00,0.7178929426148533,0.4760403580777347
2023-12-05 03:00:00,0.46326178669929496,0.29850571455433966
2023-12-05 04:00:00,0.3643870442174375,0.26541023544967174
2023-12-05 05:00:00,0.37611404344439503,0.3191035146452486
2023-12-05 06:00:00,0.4489724734425544,0.4375249809212982
2023-12-05 07:00:00,0.6510528102889654,0.6358355609141287
2023-12-05 08:00:00,0.6609437344968319,0.6238281798548995
2023-12-05 09:00:00,0.7655112564563751,0.6563518453016877
2023-12-05 10:00:00,0.8269257570244372,0.7066553145460781
2023-12-05 11:00:00,0.7674256396107373,0.6784056344442069
2023-12-05 12:00:00,0.7087992657162249,0.6191527291759847
2023-12-05 13:00:00,0.7645199809037148,0.7080392169021069
2023-12-05 14:00:00,0.6179961967654524,0.627625980582088
2023-12-05 15:00:00,0.4266657654568553,0.44961434975266446
2023-12-05 16:00:00,0.6922131430730222,0.5497429018653929
2023-12-05 17:00:00,0.8790472026541829,0.7959445443563163
2023-12-05 18:00:00,0.7047272135503587,0.609438593480736
2023-12-05 19:00:00,0.8148316522687673,0.6728724110126494
2023-12-05 20:00:00,0.8467172572761772,0.6880597086437046
2023-12-05 21:00:00,0.8654748601280152,0.7734273100271819
2023-12-05 22:00:00,0.7308760466240345,0.7188529377616941
2023-12-05 23:00:00,0.6958939815498888,0.6239591912552716
2023-12-06 00:00:00,0.8351582057960332,0.8628591652214525
2023-12-06 01:00:00,0.8199740852601827,0.8949883307516574
2023-12-06 02:00:00,0.8938152486085891,0.9340224793180822
2023-12-06 03:00:00,0.9459630529396236,0.9496544015780091
2023-12-06 04:00:00,0.9599179518036542,0.9526094886288046
2023-12-06 05:00:00,0.8563173140957949,0.873671344295144
2023-12-06 06:00:00,0.6860663050971925,0.8222397105488926
2023-12-06 07:00:00,0.505485195312649,0.7894641672261059
2023-12-06 08:00:00,0.5425303044356404,0.7716588311083614
2023-12-06 09:00:00,0.37978718467056743,0.6976125536952168
2023-12-06 10:00:00,0.24588171495124697,0.5030040932586416
2023-12-06 11:00:00,0.15619716390967364,0.4248851200658828
2023-12-06 12:00:00,0.07013607633300126,0.2940567188709975
2023-12-06 13:00:00,0.04338481516111642,0.19460507945623248
2023-12-06 14:00:00,0.038379997513256964,0.17579338447656484
2023-12-06 15:00:00,0.00816390792373568,0.1805298777623102
2023-12-06 16:00:00,0.00986238390672952,0.11366864769253879
2023-12-06 17:00:00,0.08266035203821956,0.059646783489733936
2023-12-06 18:00:00,0.0518099313834682,0.055141900731250644
2023-12-06 19:00:00,0.04983464719727636,0.0464670381648466
2023-12-06 20:00:00,0.17022082976065575,0.0751240647304803
2023-12-06 21:00:00,0.3665894001536071,0.19403398674912747
2023-12-06 22:00:00,0.39669827003031966,0.268169758641161
2023-12-06 23:00:00,0.4074756012484431,0.2904993932368234
2023-12-07 00:00:00,0.4311120053753257,0.27871984339319167
2023-12-07 01:00:00,0.33764627574011685,0.14685940265655517
2023-12-07 02:00:00,0.2915314300637692,0.08921910287812351
2023-12-07 03:00:00,0.3303208216745406,0.09903865225613118
2023-12-07 04:00:00,0.4023614480905236,0.12190142626874148
2023-12-07 05:00:00,0.4701522751711308,0.15711438483558596
2023-12-07 06:00:00,0.4658596044592558,0.1860990371275693
2023-12-07 07:00:00,0.349704608451575,0.14443257221020758
2023-12-07 08:00:00,0.2826393022108823,0.09618330216035248
2023-12-07 09:00:00,0.3661095210537314,0.10728874669410288
2023-12-07 10:00:00,0.4288384341634809,0.1513501217123121
2023-12-07 11:00:00,0.411971767656505,0.16353234395384786
2023-12-07 12:00:00,0.31238871039822697,0.11804509635549038
2023-12-07 13:00:00,0.2026029096217826,0.07210707715246825
2023-12-07 14:00:00,0.20899218128994104,0.07341001571621744
2023-12-07 15:00:00,0.26968094575218854,0.12732219013851134
2023-12-07 16:00:00,0.3587350325658918,0.21383879193104802
2023-12-07 17:00:00,0.6596693014912306,0.4286463522166013
2023-12-07 18:00:00,0.6739744333922862,0.4303649160079658
2023-12-07 19:00:00,0.7786215153150259,0.4708928661048412
2023-12-07 20:00:00,0.866310793161392,0.5732088877446948
2023-12-07 21:00:00,0.9347451033815739,0.722892178557813
2023-12-07 22:00:00,0.9566809904389081,0.7659876854345201
2023-12-07 23:00:00,0.9653895124979317,0.84520830148831
2023-12-08 00:00:00,0.9810498867183922,0.9643716676719486
2023-12-08 01:00:00,0.9915754397585987,0.9981307853013277
2023-12-08 02:00:00,0.95478222200647,0.9933495068922639
2023-12-08 03:00:00,0.7359096594341098,0.888742576483637
2023-12-08 04:00:00,0.6596378263458609,0.7959983215481041
2023-12-08 05:00:00,0.7003576395474373,0.8734886146895587
2023-12-08 06:00:00,0.5363722925446928,0.7373426780104637
2023-12-08 07:00:00,0.4836722352169454,0.6630522151291369
2023-12-08 08:00:00,0.4291097936406732,0.575271050762385
2023-12-08 09:00:00,0.3590142707340419,0.4981034637801349
2023-12-08 10:00:00,0.3912046529911458,0.4962219773977995
2023-12-08 11:00:00,0.4125189485587179,0.43976920021697885
2023-12-08 12:00:00,0.37528988661244506,0.3891211702674626
2023-12-08 13:00:00,0.3374277907051146,0.3611915570124984
2023-12-08 14:00:00,0.35052669910714024,0.32995215386152266
2023-12-08 15:00:00,0.34814604016020895,0.30240650154650206
2023-12-08 16:00:00,0.32502056805416935,0.2851655756868422
2023-12-08 17:00:00,0.30850239019840947,0.28976879949681456
2023-12-08 18:00:00,0.2762753422930836,0.25202963214367624
2023-12-08 19:00:00,0.23848542766645547,0.20934209068305784
2023-12-08 20:00:00,0.18979749340564012,0.18060592156834898
2023-12-08 21:00:00,0.14783821674995123,0.16898110661655663
2023-12-08 22:00:00,0.11812737598083912,0.151206235056743
2023-12-08 23:00:00,0.10754831470549106,0.13658245966769753
2023-12-09 00:00:00,0.08902462781406939,0.08316712143830957
2023-12-09 01:00:00,0.06106090490706266,0.04811203349847346
2023-12-09 02:00:00,0.063136063888669,0.042296047471463684
2023-12-09 03:00:00,0.06486659299582243,0.04277538056019693
2023-12-09 04:00:00,0.06790873440913857,0.04864451879635453
2023-12-09 05:00:00,0.11950124183669689,0.08783140247687696
2023-12-09 06:00:00,0.1780543403699994,0.1456241104751825
2023-12-09 07:00:00,0.2682065931521355,0.2377793921343982
2023-12-09 08:00:00,0.32646284092217687,0.29554121745750306
2023-12-09 09:00:00,0.31871732152998444,0.29571280080825085
2023-12-09 10:00:00,0.3608131108991801,0.28658313969150184
2023-12-09 11:00:00,0.43430351357907054,0.3035103925131261
2023-12-09 12:00:00,0.5201962549053133,0.3945194776728749
2023-12-09 13:00:00,0.5463905236124992,0.44667911250144243
2023-12-09 14:00:00,0.5882431724481284,0.48266295963898304
2023-12-09 15:00:00,0.6522373669221995,0.5318789047934115
2023-12-09 16:00:00,0.7030751278996467,0.5864697285369037
2023-12-09 17:00:00,0.7667456302046776,0.6686143190041183
2023-12-09 18:00:00,0.7429954154789448,0.6653906521759927
2023-12-09 19:00:00,0.6623248048499225,0.6077283103577791
2023-12-09 20:00:00,0.5834960817173122,0.509334403835237
2023-12-09 21:00:00,0.4899954384192824,0.4334685848094523
2023-12-09 22:00:00,0.42046518979594105,0.34657721061259505
2023-12-09 23:00:00,0.35451690729707475,0.26077815163880586
2023-12-10 00:00:00,0.22094926285557445,0.18327094674110408
2023-12-10 01:00:00,0.16050271659158166,0.13286357288248835
2023-12-10 02:00:00,0.08018058671616018,0.09435619390569627
2023-12-10 03:00:00,0.07938497622497381,0.0886475102137774
2023-12-10 04:00:00,0.12413397930562496,0.131210618596524
2023-12-10 05:00:00,0.26711358219385145,0.23538020397536452
2023-12-10 06:00:00,0.5375176034495235,0.5130681115016341
2023-12-10 07:00:00,0.7939582673460243,0.7327877903170881
2023-12-10 08:00:00,0.8821346545219422,0.845846513081342
2023-12-10 09:00:00,0.8618768702074884,0.8528486143797637
2023-12-10 10:00:00,0.8089705691859126,0.8286693939007818
2023-12-10 11:00:00,0.6477177381701767,0.7563673472404479
2023-12-10 12:00:00,0.5326494003646076,0.7306032639555633
2023-12-10 13:00:00,0.3396780467778444,0.6093980124965309
2023-12-10 14:00:00,0.16787578700110312,0.45531267611309884
2023-12-10 15:00:00,0.1308946201764047,0.34843318819068375
2023-12-10 16:00:00,0.17363751175813372,0.36874871180392793
2023-12-10 17:00:00,0.24547125697135921,0.481912038018927
2023-12-10 18:00:00,0.34223328108899304,0.5541128476150333
2023-12-10 19:00:00,0.42214889544993633,0.5999837162159383
2023-12-10 20:00:00,0.3740533137694001,0.5520247529447078
2023-12-10 21:00:00,0.3201073699630797,0.45893339747563
2023-12-10 22:00:00,0.4555426690727472,0.46498330855742104
2023-12-10 23:00:00,0.49327491432428355,0.4398833271302283
2023-12-11 00:00:00,0.38277197482064357,0.30569706438109273
2023-12-11 01:00:00,0.25071473808959127,0.16998829309828575
2023-12-11 02:00:00,0.19657289609313014,0.13344325830228623
2023-12-11 03:00:00,0.24457511784508826,0.1833367985859513
2023-12-11 04:00:00,0.2785338894091546,0.19909116819500924
2023-12-11 05:00:00,0.41710597012192013,0.2954258705489337
2023-12-11 06:00:00,0.4519331957958638,0.36073377454653377
2023-12-11 07:00:00,0.42377630807459354,0.3298924323078245
2023-12-11 08:00:00,0.494240296818316,0.3331299581006169
2023-12-11 09:00:00,0.5359926662966608,0.36064376549795263
2023-12-11 10:00:00,0.5921524139121173,0.4009447558224202
2023-12-11 11:00:00,0.67439909664914,0.4985149935632944
2023-12-11 12:00:00,0.6675390024110672,0.668555789850652
2023-12-11 13:00:00,0.6038516333699225,0.6797512290999292
2023-12-11 14:00:00,0.7647067747265099,0.6514907792583107
2023-12-11 15:00:00,0.8869050096720458,0.7104834459722043
2023-12-11 16:00:00,0.8443312307819721,0.7791026189178227
2023-12-11 17:00:00,0.9864924429729581,0.9490606153756379
2023-12-11 18:00:00,0.9954018021374942,0.9750141967833043
2023-12-11 19:00:00,0.9949863646738231,0.9791932718269527
2023-12-11 20:00:00,0.9894129357859492,0.9316819084249437
2023-12-11 21:00:00,0.9951793050765991,0.8620341547578572
2023-12-11 22:00:00,0.9951502860337496,0.8501340977288784
2023-12-11 23:00:00,0.9722234269231558,0.8341832150891422
2023-12-12 00:00:00,0.8087285103835162,0.6852378169447182
2023-12-12 01:00:00,0.7248403085209429,0.7185306255705652
2023-12-12 02:00:00,0.42162465825676915,0.5204697117954491
2023-12-12 03:00:00,0.1942498858273029,0.25882583236321804
2023-12-12 04:00:00,0.10066698310896754,0.12604168207384644
2023-12-12 05:00:00,0.06120884086005388,0.06735218696296215
2023-12-12 06:00:00,0.03623835504055022,0.03792328236624598
2023-12-12 07:00:00,0.046122409133240574,0.04170839049387724
2023-12-12 08:00:00,0.10723802260588852,0.08938401202205568
2023-12-12 09:00:00,0.24440063910558815,0.19891835270449523
2023-12-12 10:00:00,0.4182517269812524,0.37488893045112487
2023-12-12 11:00:00,0.5538481091894208,0.4990729464404284
2023-12-12 12:00:00,0.7034085257537661,0.5826851988397538
2023-12-12 13:00:00,0.7902179094962776,0.6596443361230193
2023-12-12 14:00:00,0.7873841216228903,0.642199478317052
2023-12-12 15:00:00,0.803530465401709,0.6164263751357794
2023-12-12 16:00:00,0.7249706316180525,0.5854393992573023
2023-12-12 17:00:00,0.6187270121090112,0.5338164745271207
2023-12-12 18:00:00,0.6341756704635917,0.5083962905406952
2023-12-12 19:00:00,0.623789677135646,0.4857801283523441
2023-12-12 20:00:00,0.5589450867474078,0.4406173597835004
2023-12-12 21:00:00,0.5157804600894451,0.42305553106591115
2023-12-12 22:00:00,0.47232445226982245,0.3848849476501346
2023-12-12 23:00:00,0.39115157069638373,0.30815268272534013
2023-12-13 00:00:00,0.3270917269773781,0.2363051225990056
2023-12-13 01:00:00,0.24831649124622343,0.15007058955729008
2023-12-13 02:00:00,0.21139613989740605,0.11530112340115009
2023-12-13 03:00:00,0.26476355474442237,0.1439189100451767
2023-12-13 04:00:00,0.4274962076172231,0.23926145831122989
2023-12-13 05:00:00,0.48286269739270216,0.34701695138588545
2023-12-13 06:00:00,0.6218227099999782,0.46006858937442296
2023-12-13 07:00:00,0.865849887765944,0.6642894465848804
2023-12-13 08:00:00,0.95096831953153,0.8391397252492607
2023-12-13 09:00:00,0.9692772008664904,0.8873135251738131
2023-12-13 10:00:00,0.9858298877812923,0.9312531633302568
2023-12-13 11:00:00,0.9980020615085959,0.9691861297190189
2023-12-13 12:00:00,0.9984537717700004,0.9810402398929
2023-12-13 13:00:00,0.9988803691789507,0.9852181676402688
2023-12-13 14:00:00,0.9992272620648146,0.9895987191982567
2023-12-13 15:00:00,0.99864412445575,0.9893938345089555
2023-12-13 16:00:00,0.9987850436940789,0.9916184332594276
2023-12-13 17:00:00,0.986085106935352,0.9807489968836307
2023-12-13 18:00:00,0.9889487566053867,0.9931390654481947
2023-12-13 19:00:00,0.9899922832101583,0.9895076976343988
2023-12-13 20:00:00,0.960675063021481,0.9735982366837561
2023-12-13 21:00:00,0.9692266947962342,0.9787777047790587
2023-12-13 22:00:00,0.9923989600688219,0.98714025311172
2023-12-13 23:00:00,0.9931544887274502,0.9875582081638277
2023-12-14 00:00:00,0.9764290532656014,0.9745981027185916
2023-12-14 01:00:00,0.9746164847910402,0.977652770485729
2023-12-14 02:00:00,0.9880470888875424,0.9897927453555165
2023-12-14 03:00:00,0.9929488577321172,0.9958411174640059
2023-12-14 04:00:00,0.9929624370671808,0.9942451157048344
2023-12-14 05:00:00,0.9965837876126169,0.9868170106969774
2023-12-14 06:00:00,0.9997660351544618,0.9969700555503368
2023-12-14 07:00:00,1.0,1.0
2023-12-14 08:00:00,1.0,1.0
2023-12-14 09:00:00,1.0,1.0
2023-12-14 10:00:00,1.0,1.0
2023-12-14 11:00:00,1.0,1.0
2023-12-14 12:00:00,0.9990789769217372,0.9998481031507254
2023-12-14 13:00:00,0.9869806237332523,0.9973823736608028
2023-12-14 14:00:00,0.8885250030271706,0.9659653029963373
2023-12-14 15:00:00,0.7910034026391801,0.8691310024820268
2023-12-14 16:00:00,0.7175451942719518,0.7290235316939652
2023-12-14 17:00:00,0.7002432128041982,0.6946024502068758
2023-12-14 18:00:00,0.7698156157694755,0.674838317129761
2023-12-14 19:00:00,0.9757922044210136,0.8262963386252521
2023-12-14 20:00:00,0.9984447643533348,0.9418715846911072
2023-12-14 21:00:00,0.9882256656698882,0.99188014049083
2023-12-14 22:00:00,0.9637914083339273,0.999588369987905
2023-12-14 23:00:00,0.9000394237972795,0.9925836699642241
2023-12-15 00:00:00,0.7137026718631384,0.9250465873442589
2023-12-15 01:00:00,0.432251436393708,0.6850754549540577
2023-12-15 02:00:00,0.24330053588375444,0.39967870980501174
2023-12-15 03:00:00,0.13959382177330554,0.2389836435951292
2023-12-15 04:00:00,0.04437735760584475,0.1470757518801838
2023-12-15 05:00:00,0.01153615793213248,0.14151443011593073
2023-12-15 06:00:00,0.001229011439718306,0.09785039845388381
2023-12-15 07:00:00,0.003011875823140145,0.06513621488586066
2023-12-15 08:00:00,0.011715141264721753,0.045340753858909004
2023-12-15 09:00:00,0.006732516074553132,0.027947439746931195
2023-12-15 10:00:00,0.003786120559088886,0.020285015949048104
2023-12-15 11:00:00,0.0034276325860992073,0.018233680897392333
2023-12-15 12:00:00,0.0041214974410831925,0.02608885212801397
2023-12-15 13:00:00,0.015071635921485721,0.06751052241772414
2023-12-15 14:00:00,0.053860483616590495,0.1477847125940025
2023-12-15 15:00:00,0.13296581826172765,0.20880009701475502
2023-12-15 16:00:00,0.19979280114173892,0.2339482652023435
2023-12-15 17:00:00,0.32400200908072296,0.4121866518165916
2023-12-15 18:00:00,0.2392241753824055,0.39451290227472785
2023-12-15 19:00:00,0.17886101227253673,0.2906106983684003
2023-12-15 20:00:00,0.17463787375949316,0.2518510176986456
2023-12-15 21:00:00,0.18066323311999438,0.2392756097111851
2023-12-15 22:00:00,0.22750899198465047,0.24249394339509306
2023-12-15 23:00:00,0.31665031885728234,0.28631628692150113
2023-12-16 00:00:00,0.4234655902907252,0.31358487283810976
2023-12-16 01:00:00,0.4499066929891705,0.2691228000633418
2023-12-16 02:00:00,0.38207505291327826,0.23284657907672227
2023-12-16 03:00:00,0.5056001967191696,0.3382568346150219
2023-12-16 04:00:00,0.6575234299898145,0.49845353983342644
2023-12-16 05:00:00,0.8859670653752982,0.6555301968008279
2023-12-16 06:00:00,0.9823587381280958,0.8637584307044743
2023-12-16 07:00:00,0.9990354483574628,0.9737125576101243
2023-12-16 08:00:00,1.0,0.9968223027139902
2023-12-16 09:00:00,1.0,1.0
2023-12-16 10:00:00,1.0,0.9992732034996152
2023-12-16 11:00:00,1.0,0.9988904481381178
2023-12-16 12:00:00,1.0,0.9977571832574904
2023-12-16 13:00:00,1.0,0.9988672465831041
2023-12-16 14:00:00,1.0,0.9994934339821339
2023-12-16 15:00:00,1.0,0.9993845945224166
2023-12-16 16:00:00,0.9991125975176692,0.9992570581659674
2023-12-16 17:00:00,0.9441050286218524,0.9825999090634286
2023-12-16 18:00:00,0.7881072830967603,0.9287390622869134
2023-12-16 19:00:00,0.8875705694407224,0.8850213712081312
2023-12-16 20:00:00,0.979037345200777,0.9717909923940896
2023-12-16 21:00:00,0.9452892969734966,0.9922594410739839
2023-12-16 22:00:00,0.8529305284284054,0.9404660309292373
2023-12-16 23:00:00,0.8429916821420192,0.7582824170216917
2023-12-17 00:00:00,0.6998696319386362,0.44909109899774197
2023-12-17 01:00:00,0.4252932297252118,0.21090870082378388
2023-12-17 02:00:00,0.16727575685828922,0.08936091381125152
2023-12-17 03:00:00,0.10218538424000145,0.07745870827697217
2023-12-17 04:00:00,0.08861684091389178,0.08369480878114702
2023-12-17 05:00:00,0.16495239456184205,0.16523458275943995
2023-12-17 06:00:00,0.2415070496872067,0.21022452012635767
2023-12-17 07:00:00,0.29254034785553806,0.2253727255575358
2023-12-17 08:00:00,0.22791251610964533,0.17857767548877743
2023-12-17 09:00:00,0.16940239850431682,0.13326932774856684
2023-12-17 10:00:00,0.18086788434535264,0.14595722434110936
2023-12-17 11:00:00,0.26693556325510137,0.2331541957799345
2023-12-17 12:00:00,0.49462051479145885,0.38733131280168875
2023-12-17 13:00:00,0.8622515147924423,0.6395479554869232
2023-12-17 14:00:00,0.9974722673371434,0.9310672698915005
2023-12-17 15:00:00,1.0,1.0
2023-12-17 16:00:00,1.0,1.0
2023-12-17 17:00:00,1.0,1.0
2023-12-17 18:00:00,1.0,1.0
2023-12-17 19:00:00,0.9846921021118761,0.9801996156573294
2023-12-17 20:00:00,0.9456397503986954,0.8837742961756883
2023-12-17 21:00:00,0.862258700467646,0.7911361668258905
2023-12-17 22:00:00,0.7687996375747022,0.6664699856936932
2023-12-17 23:00:00,0.7094352508336303,0.6095155958086251
2023-12-18 00:00:00,0.6129723272658881,0.5165847705863416
2023-12-18 01:00:00,0.37239704081788655,0.2578734217770397
2023-12-18 02:00:00,0.249752906486392,0.1983447704836726
2023-12-18 03:00:00,0.185644142832607,0.15393529665656386
2023-12-18 04:00:00,0.18325135521590702,0.17680041844025254
2023-12-18 05:00:00,0.35100081834942104,0.26949039533734315
2023-12-18 06:00:00,0.6646852330677209,0.4855397613346576
2023-12-18 07:00:00,0.8933824898488818,0.7529277832806109
2023-12-18 08:00:00,0.967723808735609,0.907539979405701
2023-12-18 09:00:00,0.9936068126559257,0.9690676924958824
2023-12-18 10:00:00,0.9984095896407962,0.9837332783825696
2023-12-18 11:00:00,0.9990017251670361,0.9849854479916395
2023-12-18 12:00:00,0.990892487205565,0.9674838879331946
2023-12-18 13:00:00,0.9621188846789299,0.9153438900224864
2023-12-18 14:00:00,0.8951346154510973,0.8476562112756074
2023-12-18 15:00:00,0.8272180598229169,0.7892151632532474
2023-12-18 16:00:00,0.7829868360981342,0.7093543807603419
2023-12-18 17:00:00,0.7169145106710493,0.7051655306480825
2023-12-18 18:00:00,0.6609829629212617,0.6427815033122896
2023-12-18 19:00:00,0.5688052738830445,0.5168746705539524
2023-12-18 20:00:00,0.5152711789123713,0.45667046612128603
2023-12-18 21:00:00,0.6375743703916668,0.5072032707929611
2023-12-18 22:00:00,0.6390775940939784,0.4633412851020695
2023-12-18 23:00:00,0.4387561885640025,0.34511107813566916
2023-12-19 00:00:00,0.36699338953942057,0.31757441457360974
2023-12-19 01:00:00,0.2662536459788679,0.23222067901864646
2023-12-19 02:00:00,0.11443258072249593,0.08382951390929519
2023-12-19 03:00:00,0.026558233029209073,0.0180796995293349
2023-12-19 04:00:00,0.008899980378337204,0.006391483047045767
2023-12-19 05:00:00,0.08256201455835252,0.027443196224048734
2023-12-19 06:00:00,0.15277285180985925,0.05600721085444092
2023-12-19 07:00:00,0.2319295891746878,0.10276738093234596
2023-12-19 08:00:00,0.2889755045063793,0.166616771640256
2023-12-19 09:00:00,0.405251332540065,0.3299868504423648
2023-12-19 10:00:00,0.5308104943856595,0.5299609613418578
2023-12-19 11:00:00,0.539726406931877,0.614457507599145
2023-12-19 12:00:00,0.5203006347268819,0.6684995377622545
2023-12-19 13:00:00,0.5343976594507693,0.6850939726270735
2023-12-19 14:00:00,0.5535116809234022,0.710124406646937
2023-12-19 15:00:00,0.527648533899337,0.6808615119196474
2023-12-19 16:00:00,0.547228880431503,0.6808677417226136
2023-12-19 17:00:00,0.6314752381481228,0.7365604906715452
2023-12-19 18:00:00,0.5881257773749531,0.7079158379510044
2023-12-19 19:00:00,0.5520661851018664,0.7126576056331395
2023-12-19 20:00:00,0.6087858807295561,0.7641202552244067
2023-12-19 21:00:00,0.6071781804971395,0.7391764527373016
2023-12-19 22:00:00,0.5827596276439725,0.6918589604832232
2023-12-19 23:00:00,0.5405468592979015,0.6431468238681552
2023-12-20 00:00:00,0.5461011247709393,0.676037326902151
2023-12-20 01:00:00,0.5841520716808735,0.6431029959022996
2023-12-20 02:00:00,0.7134892142750322,0.6358086483366787
2023-12-20 03:00:00,0.7369429274834692,0.616803037934005
2023-12-20 04:00:00,0.7569188048131764,0.6181227733008563
2023-12-20 05:00:00,0.8199393827840685,0.6810910313948988
2023-12-20 06:00:00,0.9100057115219534,0.7425534000247714
2023-12-20 07:00:00,0.9104630393907427,0.778365814909339
2023-12-20 08:00:00,0.8779588418081401,0.7773600117675958
2023-12-20 09:00:00,0.8720777397602796,0.7374095758609471
2023-12-20 10:00:00,0.8552745445258914,0.7142090409435331
2023-12-20 11:00:00,0.8151651998981833,0.7021864759176968
2023-12-20 12:00:00,0.8358648653887213,0.7162764968723059
2023-12-20 13:00:00,0.8050828637182712,0.6702082850784062
2023-12-20 14:00:00,0.6989298812672494,0.6163115293718874
2023-12-20 15:00:00,0.6716794792003928,0.5355615799501539
2023-12-20 16:00:00,0.5472569604590535,0.4528759749233722
2023-12-20 17:00:00,0.478206471838057,0.3951920764520765
2023-12-20 18:00:00,0.28718200396746396,0.2673048080969601
2023-12-20 19:00:00,0.1450891382619738,0.20480166271328926
2023-12-20 20:00:00,0.11346210107207294,0.17394285874906926
2023-12-20 21:00:00,0.0767438882868737,0.1292481565661728
2023-12-20 22:00:00,0.04422250785399228,0.09348590999841688
2023-12-20 23:00:00,0.03233376562595367,0.0901603354420513
2023-12-21 00:00:00,0.05472973022609949,0.1246539846807718
2023-12-21 01:00:00,0.05444603037089108,0.1288596609840169
2023-12-21 02:00:00,0.01584949490148574,0.0855068530095741
2023-12-21 03:00:00,0.006284048669040204,0.06939069487620145
2023-12-21 04:00:00,0.010329663422890007,0.0772081677103415
2023-12-21 05:00:00,0.02403097194153815,0.10642960591707377
2023-12-21 06:00:00,0.07141797102987767,0.16564936420880258
2023-12-21 07:00:00,0.06771570198237896,0.21919709515757854
2023-12-21 08:00:00,0.053765793135389685,0.2551777216792106
2023-12-21 09:00:00,0.09546832191292198,0.288135330779478
2023-12-21 10:00:00,0.21047963137738407,0.36919909938238565
2023-12-21 11:00:00,0.27691491829231374,0.44949525330215684
2023-12-21 12:00:00,0.33633433327078804,0.5253573331236839
2023-12-21 13:00:00,0.35480782901868213,0.5331078828126192
2023-12-21 14:00:00,0.4419678230956196,0.5491555899195374
2023-12-21 15:00:00,0.6261337713338435,0.5602943859435617
2023-12-21 16:00:00,0.864538139794022,0.6542582785524427
2023-12-21 17:00:00,0.9913287262991071,0.8759672754257917
2023-12-21 18:00:00,0.9440114805102346,0.9154715669713913
2023-12-21 19:00:00,0.6661726825870572,0.8021110275574027
2023-12-21 20:00:00,0.36953339828178283,0.6159423385746776
2023-12-21 21:00:00,0.1680662694294005,0.4132027606666087
2023-12-21 22:00:00,0.10055819007568062,0.27337459729053076
2023-12-21 23:00:00,0.12069117065053431,0.18670493802055713
2023-12-22 00:00:00,0.18570421618409455,0.1520869731996208
2023-12-22 01:00:00,0.2132050158921629,0.1230727288778871
2023-12-22 02:00:00,0.20628657629713412,0.08662479911465197
2023-12-22 03:00:00,0.22071060323156413,0.07731574253179135
2023-12-22 04:00:00,0.35127820560708634,0.14051423277705904
2023-12-22 05:00:00,0.6528939197957515,0.3787591473571955
2023-12-22 06:00:00,0.7028456171415745,0.5172140476480126
2023-12-22 07:00:00,0.6981263135559854,0.5348119810596108
2023-12-22 08:00:00,0.7020075058750807,0.48960737841203794
2023-12-22 09:00:00,0.6799015479907392,0.4860921338200569
2023-12-22 10:00:00,0.6099971728771924,0.4932865044660867
2023-12-22 11:00:00,0.5561531148850918,0.4562658969685434
2023-12-22 12:00:00,0.5278683642670512,0.43979919148609037
2023-12-22 13:00:00,0.5432604354992508,0.47127764884382484
2023-12-22 14:00:00,0.5477748420834542,0.5262033036537468
2023-12-22 15:00:00,0.5211889941990376,0.5365123509056865
2023-12-22 16:00:00,0.5428040565550328,0.557518270406872
2023-12-22 17:00:00,0.5524305825121701,0.547427389845252
2023-12-22 18:00:00,0.6116467116773125,0.593718709014356
2023-12-22 19:00:00,0.6512996008247134,0.6379589185863731
2023-12-22 20:00:00,0.7874046400003135,0.7487226785719393
2023-12-22 21:00:00,0.8615056790784001,0.8324392467923462
2023-12-22 22:00:00,0.9192703442648053,0.900927802044898
2023-12-22 23:00:00,0.9539987621083857,0.9541037809848784
2023-12-23 00:00:00,0.9509213682077826,0.9618347486108542
2023-12-23 01:00:00,0.919574057366699,0.9501192612946033
2023-12-23 02:00:00,0.8960452003590763,0.9484164373017847
2023-12-23 03:00:00,0.9329893750324845,0.968441404197365
2023-12-23 04:00:00,0.9710112222097814,0.983991818446666
2023-12-23 05:00:00,0.9374116818979381,0.9645546861737967
2023-12-23 06:00:00,0.9667863780818879,0.9817239511199296
2023-12-23 07:00:00,0.9905693156830966,0.9950040417164564
2023-12-23 08:00:00,0.9962392581999301,0.9976782675832511
2023-12-23 09:00:00,0.9954992429539561,0.9976555676013231
2023-12-23 10:00:00,0.9949453535303473,0.998607084043324
2023-12-23 11:00:00,0.9921967615187168,0.9988020933791996
2023-12-23 12:00:00,0.9900131391361355,0.9982335982844235
2023-12-23 13:00:00,0.9856145363114772,0.9897792790830134
2023-12-23 14:00:00,0.9914501243829728,0.9867497077956793
2023-12-23 15:00:00,0.9858815483935178,0.9400687076896429
2023-12-23 16:00:00,1.0,0.9794208067469299
2023-12-23 17:00:00,1.0,1.0
2023-12-23 18:00:00,1.0,1.0
2023-12-23 19:00:00,1.0,1.0
2023-12-23 20:00:00,1.0,1.0
2023-12-23 21:00:00,1.0,1.0
2023-12-23 22:00:00,1.0,1.0
2023-12-23 23:00:00,1.0,1.0
2023-12-24 00:00:00,1.0,0.9983225743100047
2023-12-24 01:00:00,0.997203872539103,0.9759597383998336
2023-12-24 02:00:00,0.9990407889708877,0.9926788768544793
2023-12-24 03:00:00,1.0,0.9940691950544714
2023-12-24 04:00:00,0.9993136485293508,0.990235750246793
2023-12-24 05:00:00,1.0,0.9993591054901481
2023-12-24 06:00:00,0.9806274028681219,0.96058046489954
2023-12-24 07:00:00,0.9002379724383355,0.8391866530664265
2023-12-24 08:00:00,0.8348526208475232,0.7705069209076463
2023-12-24 09:00:00,0.7910590185411274,0.7166150202415882
2023-12-24 10:00:00,0.757272745296359,0.671979095134884
2023-12-24 11:00:00,0.6580717360042034,0.5829404773749411
2023-12-24 12:00:00,0.6326334022358059,0.5385637606121599
2023-12-24 13:00:00,0.6163091417774557,0.5253708529099822
2023-12-24 14:00:00,0.5351304933801294,0.48010847765952347
2023-12-24 15:00:00,0.4436221720837056,0.3827842487767338
2023-12-24 16:00:00,0.3833751496858894,0.30565444784238927
2023-12-24 17:00:00,0.29663997208699583,0.2595941626653075
2023-12-24 18:00:00,0.28412040403112765,0.24805625079199664
2023-12-24 19:00:00,0.37688358074054124,0.29339597938582296
2023-12-24 20:00:00,0.4761905823275447,0.37577426483854653
2023-12-24 21:00:00,0.5541453230381013,0.4423833499476314
2023-12-24 22:00:00,0.6560258069448172,0.5311808297410606
2023-12-24 23:00:00,0.7219036538526413,0.6084973475337025
2023-12-25 00:00:00,0.7064076876640318,0.5781889366172253
2023-12-25 01:00:00,0.6232218861952422,0.4521842305362224
2023-12-25 02:00:00,0.3992795006930827,0.29446896400302647
2023-12-25 03:00:00,0.32083037242293355,0.24877568898722524
2023-12-25 04:00:00,0.28315706079825753,0.21297756565734743
2023-12-25 05:00:00,0.42321398586034775,0.3222059267200529
2023-12-25 06:00:00,0.7071948080696164,0.6156536268442867
2023-12-25 07:00:00,0.8923690222576259,0.8570263104327022
2023-12-25 08:00:00,0.9222920334339142,0.8891411619633435
2023-12-25 09:00:00,0.9270477474294603,0.8692729313112795
2023-12-25 10:00:00,0.9120773101970552,0.860402805376798
2023-12-25 11:00:00,0.908922727946192,0.8752103224210439
2023-12-25 12:00:00,0.931802639644593,0.8942354303970932
2023-12-25 13:00:00,0.9413744863122702,0.9060351083986461
2023-12-25 14:00:00,0.9513220785371959,0.9118409549631177
2023-12-25 15:00:00,0.931226752884686,0.8740615577809513
2023-12-25 16:00:00,0.8931521079316734,0.8425945309363306
2023-12-25 17:00:00,0.7840640448033811,0.7424580908194183
2023-12-25 18:00:00,0.6944638794846831,0.716762260273099
2023-12-25 19:00:00,0.6906199864484369,0.7457847107946872
2023-12-25 20:00:00,0.7304508615657685,0.759341545049101
2023-12-25 21:00:00,0.6124666188843547,0.7161620409600435
2023-12-25 22:00:00,0.3403649581223726,0.5874461643584071
2023-12-25 23:00:00,0.23291974449530242,0.5312914047017694
2023-12-26 00:00:00,0.2632157230377197,0.5064049962908028
2023-12-26 01:00:00,0.2641347853839397,0.3916619834676385
2023-12-26 02:00:00,0.14163577502593397,0.3151193882385268
2023-12-26 03:00:00,0.06906387147493659,0.2529173609660938
2023-12-26 04:00:00,0.10091135487891734,0.2097433459386229
2023-12-26 05:00:00,0.34373482516035436,0.36703960059210655
2023-12-26 06:00:00,0.7794115944392978,0.7605726573802529
2023-12-26 07:00:00,0.9544807093031703,0.9521529442258179
2023-12-26 08:00:00,0.9661574562080203,0.976812363676727
2023-12-26 09:00:00,0.9717474351637065,0.9759241644851864
2023-12-26 10:00:00,0.9810202384367583,0.9858853107504547
2023-12-26 11:00:00,0.9907806544750929,0.9906564307771624
2023-12-26 12:00:00,0.9962886346504092,0.9904019781760871
2023-12-26 13:00:00,0.9976899747550488,0.9896597169712186
2023-12-26 14:00:00,0.99903505127877,0.9932134872861207
2023-12-26 15:00:00,1.0,0.9974379082769155
2023-12-26 16:00:00,1.0,0.998872155919671
2023-12-26 17:00:00,0.999453853406012,0.9964606971479952
2023-12-26 18:00:00,1.0,0.9986859545111656
2023-12-26 19:00:00,1.0,0.9981448654457927
2023-12-26 20:00:00,1.0,0.9919774137064814
2023-12-26 21:00:00,0.9994336289912462,0.9789699051529168
2023-12-26 22:00:00,0.9980973698943854,0.9772928439266979
2023-12-26 23:00:00,0.9986049637570977,0.9812248653359712
2023-12-27 00:00:00,0.9908249913342295,0.965456268042326
2023-12-27 01:00:00,0.9755474543757736,0.9425659116357563
2023-12-27 02:00:00,0.751837214231491,0.75419553656131
2023-12-27 03:00:00,0.610756796710193,0.6876160458102821
2023-12-27 04:00:00,0.676037699356675,0.7402316008694467
2023-12-27 05:00:00,0.7418429607339203,0.829323557578027
2023-12-27 06:00:00,0.8396917978115379,0.8531281837821004
2023-12-27 07:00:00,0.9424324332922696,0.8828334893286226
2023-12-27 08:00:00,0.9324604528956116,0.867654562536627
2023-12-27 09:00:00,0.8364152783714234,0.7430876121670007
2023-12-27 10:00:00,0.8342915724031627,0.7189051900245249
2023-12-27 11:00:00,0.6875241246446966,0.6035444302111864
2023-12-27 12:00:00,0.8447000736743211,0.6307352318242191
2023-12-27 13:00:00,0.704389901217073,0.6600404500402508
2023-12-27 14:00:00,0.49905706301331526,0.4019956036657095
2023-12-27 15:00:00,0.44291344102472063,0.3025230173580349
2023-12-27 16:00:00,0.3018173480872065,0.24866833651438355
2023-12-27 17:00:00,0.14805859634652732,0.21466728026978665
2023-12-27 18:00:00,0.01661456519272178,0.058778231497853994
2023-12-27 19:00:00,0.013181507191620766,0.021076594586484136
2023-12-27 20:00:00,0.11829246790613976,0.08212453035637733
2023-12-27 21:00:00,0.3858165476843714,0.2279177438793704
2023-12-27 22:00:00,0.7038402539119123,0.42553745988756414
2023-12-27 23:00:00,0.9178313720785081,0.6485854171961545
2023-12-28 00:00:00,0.951755588222295,0.7377323568053542
2023-12-28 01:00:00,0.9319722933880985,0.6844807665608822
2023-12-28 02:00:00,0.9133650932461023,0.5965707194991409
2023-12-28 03:00:00,0.9271198229864239,0.5940037810802459
2023-12-28 04:00:00,0.9524313688464462,0.691773988585919
2023-12-28 05:00:00,0.9689371017552912,0.7610248794220388
2023-12-28 06:00:00,0.9946069588512182,0.8976588763110339
2023-12-28 07:00:00,1.0,0.9753079389967023
2023-12-28 08:00:00,1.0,0.9954130345024169
2023-12-28 09:00:00,1.0,0.9924898969568312
2023-12-28 10:00:00,1.0,0.9860585482046009
2023-12-28 11:00:00,1.0,0.9904973137937487
2023-12-28 12:00:00,1.0,0.9912503218837082
2023-12-28 13:00:00,1.0,0.9881383964978159
2023-12-28 14:00:00,1.0,0.9885081208869816
2023-12-28 15:00:00,0.9994405085220933,0.9846081158518792
2023-12-28 16:00:00,0.9911169919371605,0.9730373742617667
2023-12-28 17:00:00,0.9481554040312764,0.9541836652904749
2023-12-28 18:00:00,0.9262437794357536,0.9617282848432659
2023-12-28 19:00:00,0.9087530101276933,0.9788916073739528
2023-12-28 20:00:00,0.9368469372950495,0.9854028525203465
2023-12-28 21:00:00,0.9692739028297365,0.9897918112762271
2023-12-28 22:00:00,0.977628028485924,0.9899461136758327
2023-12-28 23:00:00,0.9528915025852619,0.979878366664052
2023-12-29 00:00:00,0.8708193988166747,0.9472510300949214
2023-12-29 01:00:00,0.7684041902422905,0.9142197549715637
2023-12-29 02:00:00,0.7491682104207573,0.9267169983312487
2023-12-29 03:00:00,0.6979204682633279,0.8906500164605676
2023-12-29 04:00:00,0.6511646706983446,0.8238614666461943
2023-12-29 05:00:00,0.6938596352376042,0.809117839820683
2023-12-29 06:00:00,0.7370136993378399,0.8308965404890478
2023-12-29 07:00:00,0.852778827343136,0.8623805189877747
2023-12-29 08:00:00,0.8687147269397975,0.8515241614356637
2023-12-29 09:00:00,0.8758535353839398,0.8509437000006437
2023-12-29 10:00:00,0.8964845894835889,0.8396305215731262
2023-12-29 11:00:00,0.9144230211153627,0.8045050947740672
2023-12-29 12:00:00,0.938503390625119,0.805753781683743
2023-12-29 13:00:00,0.9225445604324339,0.789597125351429
2023-12-29 14:00:00,0.8620060035958883,0.7670843653380869
2023-12-29 15:00:00,0.7216479569114743,0.6276075895130632
2023-12-29 16:00:00,0.6541884948872029,0.5295104473270476
2023-12-29 17:00:00,0.5891387679055332,0.4343422902561723
2023-12-29 18:00:00,0.4837437586300074,0.33559313656762246
2023-12-29 19:00:00,0.35516626479104163,0.22705043243244288
2023-12-29 20:00:00,0.2457506892085075,0.14791240353137253
2023-12-29 21:00:00,0.15341929156333212,0.09465584564022717
2023-12-29 22:00:00,0.07448367265053095,0.050391094237566
2023-12-29 23:00:00,0.027558365692384543,0.028774267057888207
2023-12-30 00:00:00,0.005951840588822962,0.009780607968568802
2023-12-30 01:00:00,0.0007752210646867751,0.002349999574944377
2023-12-30 02:00:00,0.0002977731730788945,0.00010852794628590345
2023-12-30 03:00:00,0.0002003468945622444,0.0
2023-12-30 04:00:00,1.4460925012826918e-06,4.9953167326748365e-05
2023-12-30 05:00:00,0.002715222705155611,0.002808368629775942
2023-12-30 06:00:00,0.00824913205113262,0.004258719948120416
2023-12-30 07:00:00,0.035865244641900065,0.014088189215399324
2023-12-30 08:00:00,0.10101393840275703,0.048169625597074626
2023-12-30 09:00:00,0.1802972097229212,0.10566025332547724
2023-12-30 10:00:00,0.25575522279366847,0.18920670740306375
2023-12-30 11:00:00,0.35382636882364743,0.29409708671271795
2023-12-30 12:00:00,0.5098867978714408,0.43474657714366904
2023-12-30 13:00:00,0.6381519766524434,0.5365966849029064
2023-12-30 14:00:00,0.6723941223882137,0.569532400537282
2023-12-30 15:00:00,0.6959446951001881,0.6028743722662329
2023-12-30 16:00:00,0.7256417424231766,0.6447915752045809
2023-12-30 17:00:00,0.8961437580175696,0.838335548788309
2023-12-30 18:00:00,0.8947274759039282,0.8175242211110889
2023-12-30 19:00:00,0.8374636107124386,0.7500643394701181
2023-12-30 20:00:00,0.825769911073148,0.7172677062824366
2023-12-30 21:00:00,0.9069546769373118,0.7697609215416013
2023-12-30 22:00:00,0.966057491917163,0.8362032943591472
2023-12-30 23:00:00,0.9879553360119461,0.8836616014316676
2023-12-31 00:00:00,0.9831953633017837,0.8631619199737905
2023-12-31 01:00:00,0.9918518128618599,0.8602056005224585
2023-12-31 02:00:00,0.9259008587524294,0.7164667834900317
2023-12-31 03:00:00,0.8372157774679362,0.6414389580674468
2023-12-31 04:00:00,0.9068740989081561,0.7010867261141537
2023-12-31 05:00:00,0.9717109041288493,0.8583923065289853
2023-12-31 06:00:00,0.9947120213508606,0.9397286615148186
2023-12-31 07:00:00,1.0,0.9851853483915328
2023-12-31 08:00:00,1.0,0.9930183733813465
2023-12-31 09:00:00,1.0,0.9919642999209464
2023-12-31 10:00:00,1.0,0.9866775667853652
2023-12-31 11:00:00,0.9980334345251323,0.9588523321412503
2023-12-31 12:00:00,0.9956907386332751,0.9258377655409273
2023-12-31 13:00:00,0.9928504556417465,0.9010690486989916
2023-12-31 14:00:00,0.9805027232132852,0.8842005500942467
2023-12-31 15:00:00,0.9494001846015453,0.8596316154859958
2023-12-31 16:00:00,0.9126384119689464,0.8209301982447503
2023-12-31 17:00:00,0.9071455944515764,0.8292518605664373
2023-12-31 18:00:00,0.8390358369424938,0.7809222482703626
2023-12-31 19:00:00,0.6848611754178998,0.6900750862993298
2023-12-31 20:00:00,0.5453062947653233,0.6240325126796961
2023-12-31 21:00:00,0.4712705189734698,0.5491887464839965
2023-12-31 22:00:00,0.4082871012017131,0.4906071087159217
2023-12-31 23:00:00,0.3026133146323263,0.4251899222191423
2024-01-01 00:00:00,0.1717350785061717,0.31667370062321415
2024-01-01 01:00:00,0.04807896865997464,0.16031090621836483
2024-01-01 02:00:00,0.020556277907453478,0.09880892363376913
2024-01-01 03:00:00,0.018082930217497052,0.09715821881778537
2024-01-01 04:00:00,0.027824925226159397,0.11878053984604774
2024-01-01 05:00:00,0.14119867566972968,0.26147405440919097
2024-01-01 06:00:00,0.2856191936321556,0.3937432847265154
2024-01-01 07:00:00,0.40600331453606486,0.49682844694703826
2024-01-01 08:00:00,0.44409183101728555,0.4506974829733371
2024-01-01 09:00:00,0.4672811876237392,0.36231331761926416
2024-01-01 10:00:00,0.4424644653871655,0.2811208386532961
2024-01-01 11:00:00,0.3746864676475525,0.2162897157296538
2024-01-01 12:00:00,0.33448960289359086,0.18342158179730175
2024-01-01 13:00:00,0.3996464372240007,0.2468134740926325
