time,Middlesex_1,Chatham-Kent_1,Elgin_1,Middlesex_2
2023-01-01 12:00:00,0.0,0.0,0.0,0.0
2023-01-01 13:00:00,0.0,0.0,0.0,0.0
2023-01-01 14:00:00,0.0,0.0,0.0,0.0
2023-01-01 15:00:00,0.0,0.0,0.0,0.0
2023-01-01 16:00:00,0.0,0.0,0.0,0.0
2023-01-01 17:00:00,0.0,0.0,0.0,0.0
2023-01-01 18:00:00,0.0,0.0,0.0,0.0
2023-01-01 19:00:00,0.03470450154606968,0.056501146211280884,0.04360223898959985,0.04452943639831212
2023-01-01 20:00:00,0.07509919701534319,0.08845751841888762,0.0800921367955412,0.0710879372706531
2023-01-01 21:00:00,0.13931990769056427,0.10394254548116531,0.13018459162856433,0.1139641946248723
2023-01-01 22:00:00,0.1273872465974942,0.14626692544104622,0.1389434699568688,0.09928413789285138
2023-01-01 23:00:00,0.13469395414967086,0.09593140652877859,0.13265810675284356,0.13529961326080572
2023-01-02 00:00:00,0.12211551442269919,0.09908850932329798,0.11437286384826564,0.09558657874006686
2023-01-02 01:00:00,0.030464752340009726,0.051183998299955645,0.031048553727283185,0.024152621165329763
2023-01-02 02:00:00,0.01961842315218829,0.025224331946740935,0.020862894122571713,0.017393539861281008
2023-01-02 03:00:00,0.0008542471397708949,0.004415168449183453,0.0012813707096563424,0.0007956043109608804
2023-01-02 04:00:00,0.0,0.0,0.0,0.0
2023-01-02 05:00:00,0.0,0.0,0.0,0.0
2023-01-02 06:00:00,0.0,0.0,0.0,0.0
2023-01-02 07:00:00,0.0,0.0,0.0,0.0
2023-01-02 08:00:00,0.0,0.0,0.0,0.0
2023-01-02 09:00:00,0.0,0.0,0.0,0.0
2023-01-02 10:00:00,0.0,0.0,0.0,0.0
2023-01-02 11:00:00,0.0,0.0,0.0,0.0
2023-01-02 12:00:00,0.0,0.0,0.0,0.0
2023-01-02 13:00:00,0.0,0.0,0.0,0.0
2023-01-02 14:00:00,0.0,0.0,0.0,0.0
2023-01-02 15:00:00,0.0,0.0,0.0,0.0
2023-01-02 16:00:00,0.0,0.0,0.0,0.0
2023-01-02 17:00:00,0.0,0.0,0.0,0.0
2023-01-02 18:00:00,0.0,0.0,0.0,0.0
2023-01-02 19:00:00,0.17561200499507557,0.18675552377020668,0.1801851708054699,0.15649358551592388
2023-01-02 20:00:00,0.343160336227686,0.3375264069920543,0.3522782173335893,0.34560222441979294
2023-01-02 21:00:00,0.2979721191161289,0.24051827808844348,0.27858451453397215,0.25189044610552186
2023-01-02 22:00:00,0.3370814754563038,0.33673923619274687,0.339278362888896,0.31172077817200744
2023-01-02 23:00:00,0.22107295178575878,0.21256162199697318,0.21267938575067813,0.2067406953598203
2023-01-03 00:00:00,0.3825303934857705,0.3551741679401184,0.38042820312892045,0.3645071287576293
2023-01-03 01:00:00,0.36806167260224915,0.341977883928384,0.35463933057901587,0.3727603135315245
2023-01-03 02:00:00,0.25807544119094095,0.1481293007148492,0.22192001130484468,0.25037432968579115
2023-01-03 03:00:00,0.0719336445289021,0.017279374151933268,0.05527852557844164,0.08527861311855257
2023-01-03 04:00:00,0.0,0.0,0.0,0.0
2023-01-03 05:00:00,0.0,0.0,0.0,0.0
2023-01-03 06:00:00,0.0,0.0,0.0,0.0
2023-01-03 07:00:00,0.0,0.0,0.0,0.0
2023-01-03 08:00:00,0.0,0.0,0.0,0.0
2023-01-03 09:00:00,0.0,0.0,0.0,0.0
2023-01-03 10:00:00,0.0,0.0,0.0,0.0
2023-01-03 11:00:00,0.0,0.0,0.0,0.0
2023-01-03 12:00:00,0.0,0.0,0.0,0.0
2023-01-03 13:00:00,0.0,0.0,0.0,0.0
2023-01-03 14:00:00,0.0,0.0,0.0,0.0
2023-01-03 15:00:00,0.0,0.0,0.0,0.0
2023-01-03 16:00:00,0.0,0.0,0.0,0.0
2023-01-03 17:00:00,0.0,0.0,0.0,0.0
2023-01-03 18:00:00,0.0,0.0,0.0,0.0
2023-01-03 19:00:00,0.0,0.0,0.0,0.0
2023-01-03 20:00:00,0.0029514368689496483,0.0022774142945296886,0.002649657661728269,0.002112897063230796
2023-01-03 21:00:00,0.015588708680360249,0.01135282669418942,0.014515735768105838,0.010675220496661449
2023-01-03 22:00:00,0.018804701113976013,0.01547280518967716,0.017821184820408904,0.011568679213429278
2023-01-03 23:00:00,0.02675963273512831,0.030287010840758095,0.027547594079654063,0.019827196666992314
2023-01-04 00:00:00,0.015229536247831086,0.014988768662036444,0.015455195282419794,0.01201236500075646
2023-01-04 01:00:00,0.004329854968462599,0.0045988658679383424,0.0037832461161419768,0.0030594586219187896
2023-01-04 02:00:00,0.0011045630690225128,0.0012015851518156855,0.0009674948398527082,0.0008238466587906007
2023-01-04 03:00:00,0.0,0.0,0.0,0.0
2023-01-04 04:00:00,0.0,0.0,0.0,0.0
2023-01-04 05:00:00,0.0,0.0,0.0,0.0
2023-01-04 06:00:00,0.0,0.0,0.0,0.0
2023-01-04 07:00:00,0.0,0.0,0.0,0.0
2023-01-04 08:00:00,0.0,0.0,0.0,0.0
2023-01-04 09:00:00,0.0,0.0,0.0,0.0
2023-01-04 10:00:00,0.0,0.0,0.0,0.0
2023-01-04 11:00:00,0.0,0.0,0.0,0.0
2023-01-04 12:00:00,0.0,0.0,0.0,0.0
2023-01-04 13:00:00,0.0,0.0,0.0,0.0
2023-01-04 14:00:00,0.0,0.0,0.0,0.0
2023-01-04 15:00:00,0.0,0.0,0.0,0.0
2023-01-04 16:00:00,0.0,0.0,0.0,0.0
2023-01-04 17:00:00,0.0,0.0,0.0,0.0
2023-01-04 18:00:00,0.0,0.0,0.0,0.0
2023-01-04 19:00:00,0.000860142844024036,0.0012092329234090389,0.0012902142660360543,0.0
2023-01-04 20:00:00,0.008752282818222358,0.007677418209145051,0.007575376391604225,0.0066586055883178395
2023-01-04 21:00:00,0.02262082651102555,0.03192398265987787,0.02297792810062086,0.01736012501267469
2023-01-04 22:00:00,0.02595416704996459,0.0372334120997603,0.025632408668915363,0.022296611557192134
2023-01-04 23:00:00,0.024339676460611966,0.04314578549872689,0.02214480316982045,0.022137484719577823
2023-01-05 00:00:00,0.0933930641449124,0.12130726780076156,0.10504917466387233,0.08104511113089406
2023-01-05 01:00:00,0.021748124944121757,0.03794752944570746,0.02625399919168065,0.024356287700935883
2023-01-05 02:00:00,0.003060154104507653,0.013087906281079047,0.002439053017610598,0.0027554427005155855
2023-01-05 03:00:00,0.0011399436309194528,0.04043393283327527,0.0017099154463791793,0.00011425441533845769
2023-01-05 04:00:00,0.0,0.0,0.0,0.0
2023-01-05 05:00:00,0.0,0.0,0.0,0.0
2023-01-05 06:00:00,0.0,0.0,0.0,0.0
2023-01-05 07:00:00,0.0,0.0,0.0,0.0
2023-01-05 08:00:00,0.0,0.0,0.0,0.0
2023-01-05 09:00:00,0.0,0.0,0.0,0.0
2023-01-05 10:00:00,0.0,0.0,0.0,0.0
2023-01-05 11:00:00,0.0,0.0,0.0,0.0
2023-01-05 12:00:00,0.0,0.0,0.0,0.0
2023-01-05 13:00:00,0.0,0.0,0.0,0.0
2023-01-05 14:00:00,0.0,0.0,0.0,0.0
2023-01-05 15:00:00,0.0,0.0,0.0,0.0
2023-01-05 16:00:00,0.0,0.0,0.0,0.0
2023-01-05 17:00:00,0.0,0.0,0.0,0.0
2023-01-05 18:00:00,0.0,0.0,0.0,0.0
2023-01-05 19:00:00,0.3609624439794878,0.3393235220802279,0.365986731345302,0.3185226040716202
2023-01-05 20:00:00,0.45557552970236087,0.3743314111954447,0.4402328048633961,0.3886486608864265
2023-01-05 21:00:00,0.516030216137764,0.35064572653071396,0.4801240228517547,0.40747564240114925
2023-01-05 22:00:00,0.40627187387976477,0.3468367521058475,0.3990711557176134,0.32130765540681666
2023-01-05 23:00:00,0.34952077319652153,0.3450853113030714,0.3492012107593345,0.26730685777397434
2023-01-06 00:00:00,0.1904097651923605,0.28052793702570705,0.2050126914646962,0.17759278252905394
2023-01-06 01:00:00,0.2547559374493328,0.2716595884811986,0.2653177314959838,0.24842023599513732
2023-01-06 02:00:00,0.12151707935777349,0.17736244949627267,0.13309472862541666,0.11434517305353921
2023-01-06 03:00:00,0.04648645088577618,0.030899564972694877,0.044195975646745995,0.06663137909786454
2023-01-06 04:00:00,0.0,0.0,0.0,0.0
2023-01-06 05:00:00,0.0,0.0,0.0,0.0
2023-01-06 06:00:00,0.0,0.0,0.0,0.0
2023-01-06 07:00:00,0.0,0.0,0.0,0.0
2023-01-06 08:00:00,0.0,0.0,0.0,0.0
2023-01-06 09:00:00,0.0,0.0,0.0,0.0
2023-01-06 10:00:00,0.0,0.0,0.0,0.0
2023-01-06 11:00:00,0.0,0.0,0.0,0.0
2023-01-06 12:00:00,0.0,0.0,0.0,0.0
2023-01-06 13:00:00,0.0,0.0,0.0,0.0
2023-01-06 14:00:00,0.0,0.0,0.0,0.0
2023-01-06 15:00:00,0.0,0.0,0.0,0.0
2023-01-06 16:00:00,0.0,0.0,0.0,0.0
2023-01-06 17:00:00,0.0,0.0,0.0,0.0
2023-01-06 18:00:00,0.0,0.0,0.0,0.0
2023-01-06 19:00:00,0.09813729726882654,0.18680531884491583,0.12474212036149768,0.09312392190751845
2023-01-06 20:00:00,0.2431217769546938,0.3801270851715526,0.30142808756309025,0.2507264342810576
2023-01-06 21:00:00,0.279094939110097,0.44504215717389034,0.33707118823898874,0.32121354111972594
2023-01-06 22:00:00,0.3415801020533988,0.47292120544666844,0.39481290415092196,0.40272634489851106
2023-01-06 23:00:00,0.3027394763706189,0.32032442053472115,0.3230844121144699,0.2929418249176848
2023-01-07 00:00:00,0.28462290724125316,0.1789846150686162,0.2513193018557997,0.2038576150809429
2023-01-07 01:00:00,0.32111555632329264,0.2600215428477095,0.31108730282351804,0.2860255542532719
2023-01-07 02:00:00,0.26205178677609386,0.22009398895995988,0.26034977471561005,0.27565174161650724
2023-01-07 03:00:00,0.1308999074558583,0.0260548470382399,0.09734870392784317,0.14125474062179155
2023-01-07 04:00:00,0.0,0.0,0.0,0.0
2023-01-07 05:00:00,0.0,0.0,0.0,0.0
2023-01-07 06:00:00,0.0,0.0,0.0,0.0
2023-01-07 07:00:00,0.0,0.0,0.0,0.0
2023-01-07 08:00:00,0.0,0.0,0.0,0.0
2023-01-07 09:00:00,0.0,0.0,0.0,0.0
2023-01-07 10:00:00,0.0,0.0,0.0,0.0
2023-01-07 11:00:00,0.0,0.0,0.0,0.0
2023-01-07 12:00:00,0.0,0.0,0.0,0.0
2023-01-07 13:00:00,0.0,0.0,0.0,0.0
2023-01-07 14:00:00,0.0,0.0,0.0,0.0
2023-01-07 15:00:00,0.0,0.0,0.0,0.0
2023-01-07 16:00:00,0.0,0.0,0.0,0.0
2023-01-07 17:00:00,0.0,0.0,0.0,0.0
2023-01-07 18:00:00,0.0,0.0,0.0,0.0
2023-01-07 19:00:00,0.07575791784257768,0.12998974397675775,0.08118351070290342,0.06532670175265093
2023-01-07 20:00:00,0.16811578582330436,0.3027062312979411,0.19234657772080105,0.13820145062922135
2023-01-07 21:00:00,0.3516830498744636,0.526360198221432,0.4051434951211488,0.3094065588300692
2023-01-07 22:00:00,0.3411017465644662,0.30560035715502143,0.33518915049718256,0.25376881160495746
2023-01-07 23:00:00,0.29881341391792676,0.2225047859008824,0.28050545142516947,0.22363303253905562
2023-01-08 00:00:00,0.1622353060413981,0.13003607245216328,0.14159856247702332,0.13309170764363373
2023-01-08 01:00:00,0.17302172402813687,0.10928955975062178,0.15056499657527142,0.14771232986318908
2023-01-08 02:00:00,0.1448572023162996,0.06272768237576971,0.12074615594450948,0.08408490341784429
2023-01-08 03:00:00,0.03734151247298102,0.05272715211466853,0.037856313361923695,0.019192070713543348
2023-01-08 04:00:00,0.0,0.0,0.0,0.0
2023-01-08 05:00:00,0.0,0.0,0.0,0.0
2023-01-08 06:00:00,0.0,0.0,0.0,0.0
2023-01-08 07:00:00,0.0,0.0,0.0,0.0
2023-01-08 08:00:00,0.0,0.0,0.0,0.0
2023-01-08 09:00:00,0.0,0.0,0.0,0.0
2023-01-08 10:00:00,0.0,0.0,0.0,0.0
2023-01-08 11:00:00,0.0,0.0,0.0,0.0
2023-01-08 12:00:00,0.0,0.0,0.0,0.0
2023-01-08 13:00:00,0.0,0.0,0.0,0.0
2023-01-08 14:00:00,0.0,0.0,0.0,0.0
2023-01-08 15:00:00,0.0,0.0,0.0,0.0
2023-01-08 16:00:00,0.0,0.0,0.0,0.0
2023-01-08 17:00:00,0.0,0.0,0.0,0.0
2023-01-08 18:00:00,0.0,0.0,0.0,0.0
2023-01-08 19:00:00,0.0422467553967282,0.10774682740119573,0.05427627632965181,0.034017612012779405
2023-01-08 20:00:00,0.09156534030010628,0.14328677719424104,0.09806408061779587,0.09427253116192753
2023-01-08 21:00:00,0.1595857780950941,0.18150253407006403,0.15947872095032956,0.1363174556313063
2023-01-08 22:00:00,0.19085316714286146,0.20474622949365007,0.17813864863857576,0.1822866094909322
2023-01-08 23:00:00,0.3243440916159654,0.29374630377452077,0.3163704087956291,0.3271350145028255
2023-01-09 00:00:00,0.16403417712692778,0.1595557805399183,0.15963258311607587,0.15710635731345865
2023-01-09 01:00:00,0.13572994625933094,0.1270682559361774,0.12962321280722394,0.13632951178955918
2023-01-09 02:00:00,0.11773958077332908,0.09790230498356052,0.10873988492914714,0.10804091837802132
2023-01-09 03:00:00,0.056230979461041546,0.060560493339740305,0.05025065784576013,0.03396575582906263
2023-01-09 04:00:00,0.0,0.0,0.0,0.0
2023-01-09 05:00:00,0.0,0.0,0.0,0.0
2023-01-09 06:00:00,0.0,0.0,0.0,0.0
2023-01-09 07:00:00,0.0,0.0,0.0,0.0
2023-01-09 08:00:00,0.0,0.0,0.0,0.0
2023-01-09 09:00:00,0.0,0.0,0.0,0.0
2023-01-09 10:00:00,0.0,0.0,0.0,0.0
2023-01-09 11:00:00,0.0,0.0,0.0,0.0
2023-01-09 12:00:00,0.0,0.0,0.0,0.0
2023-01-09 13:00:00,0.0,0.0,0.0,0.0
2023-01-09 14:00:00,0.0,0.0,0.0,0.0
2023-01-09 15:00:00,0.0,0.0,0.0,0.0
2023-01-09 16:00:00,0.0,0.0,0.0,0.0
2023-01-09 17:00:00,0.0,0.0,0.0,0.0
2023-01-09 18:00:00,0.0,0.0,0.0,0.0
2023-01-09 19:00:00,0.30163872891265825,0.3271591796081697,0.32174423294346177,0.32880561442799433
2023-01-09 20:00:00,0.44593559918483267,0.44342492736230316,0.4484426182439096,0.44275095560620503
2023-01-09 21:00:00,0.5920097781276613,0.5861654530999715,0.5874392916122978,0.6210688745156412
2023-01-09 22:00:00,0.6710402215776687,0.737677462499636,0.6869305791164815,0.7042672642796903
2023-01-09 23:00:00,0.7366357161147695,0.7703675773258273,0.7480207600299662,0.754248781813666
2023-01-10 00:00:00,0.6769542014909211,0.7560428075740301,0.7020494909710617,0.7216661089128907
2023-01-10 01:00:00,0.5672973658343962,0.6865911177244937,0.6042005436038327,0.5594736605891684
2023-01-10 02:00:00,0.3663754570195799,0.5925444149750261,0.4332599810540284,0.37729590768289456
2023-01-10 03:00:00,0.3406416375660299,0.4322611317481804,0.36938355483116614,0.29343591926452334
2023-01-10 04:00:00,0.0,0.0,0.0,0.0
2023-01-10 05:00:00,0.0,0.0,0.0,0.0
2023-01-10 06:00:00,0.0,0.0,0.0,0.0
2023-01-10 07:00:00,0.0,0.0,0.0,0.0
2023-01-10 08:00:00,0.0,0.0,0.0,0.0
2023-01-10 09:00:00,0.0,0.0,0.0,0.0
2023-01-10 10:00:00,0.0,0.0,0.0,0.0
2023-01-10 11:00:00,0.0,0.0,0.0,0.0
2023-01-10 12:00:00,0.0,0.0,0.0,0.0
2023-01-10 13:00:00,0.0,0.0,0.0,0.0
2023-01-10 14:00:00,0.0,0.0,0.0,0.0
2023-01-10 15:00:00,0.0,0.0,0.0,0.0
2023-01-10 16:00:00,0.0,0.0,0.0,0.0
2023-01-10 17:00:00,0.0,0.0,0.0,0.0
2023-01-10 18:00:00,0.0,0.0,0.0,0.0
2023-01-10 19:00:00,0.11461470267208229,0.06753259753538542,0.10582177860555741,0.09459093705029463
2023-01-10 20:00:00,0.25691350370278804,0.16540374733461202,0.24717416239634965,0.20818373688374367
2023-01-10 21:00:00,0.25666773062815845,0.14277768589103054,0.22795567049287146,0.19809970608339925
2023-01-10 22:00:00,0.4087997393083885,0.3196424287636081,0.40699881913144753,0.3823930630630767
2023-01-10 23:00:00,0.2983876495406663,0.2603402067119763,0.2994262318693631,0.29883036249329215
2023-01-11 00:00:00,0.319100285511275,0.3710327807179917,0.33187395948451404,0.3039643209646505
2023-01-11 01:00:00,0.14918164911313045,0.29461061823741286,0.15948781536029125,0.14876973399218152
2023-01-11 02:00:00,0.2466191713555382,0.442273994119385,0.2928934237452414,0.21418375827215275
2023-01-11 03:00:00,0.22174371419407826,0.3510278099181154,0.2542428988877802,0.20324150471107053
2023-01-11 04:00:00,0.0,0.0,0.0,0.0
2023-01-11 05:00:00,0.0,0.0,0.0,0.0
2023-01-11 06:00:00,0.0,0.0,0.0,0.0
2023-01-11 07:00:00,0.0,0.0,0.0,0.0
2023-01-11 08:00:00,0.0,0.0,0.0,0.0
2023-01-11 09:00:00,0.0,0.0,0.0,0.0
2023-01-11 10:00:00,0.0,0.0,0.0,0.0
2023-01-11 11:00:00,0.0,0.0,0.0,0.0
2023-01-11 12:00:00,0.0,0.0,0.0,0.0
2023-01-11 13:00:00,0.0,0.0,0.0,0.0
2023-01-11 14:00:00,0.0,0.0,0.0,0.0
2023-01-11 15:00:00,0.0,0.0,0.0,0.0
2023-01-11 16:00:00,0.0,0.0,0.0,0.0
2023-01-11 17:00:00,0.0,0.0,0.0,0.0
2023-01-11 18:00:00,0.0,0.0,0.0,0.0
2023-01-11 19:00:00,0.07363315207580966,0.062330363252014055,0.0745590454435627,0.07508847834484159
2023-01-11 20:00:00,0.07030921890505894,0.056808618069211746,0.06339857487032942,0.06617811235273406
2023-01-11 21:00:00,0.11654988010501398,0.13788711822364821,0.12750071747463018,0.11674363430936646
2023-01-11 22:00:00,0.14042022321629286,0.13599354066300948,0.13971639593042562,0.14188021302427817
2023-01-11 23:00:00,0.24496287783035356,0.26978935102423757,0.2555592148892079,0.23446325361592657
2023-01-12 00:00:00,0.24508372814781323,0.32859224997653796,0.27022939009440333,0.24444525917023904
2023-01-12 01:00:00,0.2728828415053242,0.3120582351040973,0.2997725320875849,0.29631341221027685
2023-01-12 02:00:00,0.20137099568844918,0.18029599060800947,0.2025586569944976,0.2338050846406807
2023-01-12 03:00:00,0.020385004326765026,0.039410948871029104,0.010278539396278532,0.016306845807775194
2023-01-12 04:00:00,0.0,0.0,0.0,0.0
2023-01-12 05:00:00,0.0,0.0,0.0,0.0
2023-01-12 06:00:00,0.0,0.0,0.0,0.0
2023-01-12 07:00:00,0.0,0.0,0.0,0.0
2023-01-12 08:00:00,0.0,0.0,0.0,0.0
2023-01-12 09:00:00,0.0,0.0,0.0,0.0
2023-01-12 10:00:00,0.0,0.0,0.0,0.0
2023-01-12 11:00:00,0.0,0.0,0.0,0.0
2023-01-12 12:00:00,0.0,0.0,0.0,0.0
2023-01-12 13:00:00,0.0,0.0,0.0,0.0
2023-01-12 14:00:00,0.0,0.0,0.0,0.0
2023-01-12 15:00:00,0.0,0.0,0.0,0.0
2023-01-12 16:00:00,0.0,0.0,0.0,0.0
2023-01-12 17:00:00,0.0,0.0,0.0,0.0
2023-01-12 18:00:00,0.0,0.0,0.0,0.0
2023-01-12 19:00:00,0.0018966916817088324,0.0044068007080802565,0.0024708425682927453,0.005860114966185284
2023-01-12 20:00:00,0.011956015483172643,0.018624500794498726,0.012492927361805517,0.01817538817181312
2023-01-12 21:00:00,0.051087979757450865,0.07463863653579193,0.05963201024503283,0.07724567244406604
2023-01-12 22:00:00,0.07438139072704214,0.08927536535250431,0.0806320178694311,0.09325366844984073
2023-01-12 23:00:00,0.053625627885434096,0.053402971314114145,0.05408873613729136,0.06800950988286225
2023-01-13 00:00:00,0.05931155185543722,0.05934833888571167,0.05880917437850815,0.06760210165436183
2023-01-13 01:00:00,0.02210785665055327,0.02848011216383554,0.02375668784990702,0.02483569418064836
2023-01-13 02:00:00,0.009693994467493689,0.011795743323016495,0.011020662020534429,0.012390662432168879
2023-01-13 03:00:00,0.00010761174218513782,0.00021241831463792135,0.00016141761327770674,0.0005036674399753968
2023-01-13 04:00:00,0.0,0.0,0.0,0.0
2023-01-13 05:00:00,0.0,0.0,0.0,0.0
2023-01-13 06:00:00,0.0,0.0,0.0,0.0
2023-01-13 07:00:00,0.0,0.0,0.0,0.0
2023-01-13 08:00:00,0.0,0.0,0.0,0.0
2023-01-13 09:00:00,0.0,0.0,0.0,0.0
2023-01-13 10:00:00,0.0,0.0,0.0,0.0
2023-01-13 11:00:00,0.0,0.0,0.0,0.0
2023-01-13 12:00:00,0.0,0.0,0.0,0.0
2023-01-13 13:00:00,0.0,0.0,0.0,0.0
2023-01-13 14:00:00,0.0,0.0,0.0,0.0
2023-01-13 15:00:00,0.0,0.0,0.0,0.0
2023-01-13 16:00:00,0.0,0.0,0.0,0.0
2023-01-13 17:00:00,0.0,0.0,0.0,0.0
2023-01-13 18:00:00,0.0,0.0,0.0,0.0
2023-01-13 19:00:00,0.08484018677729477,0.06330712473942275,0.08060248722811339,0.07775516468258213
2023-01-13 20:00:00,0.2294809433648637,0.2923355495484121,0.25583010301663545,0.232831531825041
2023-01-13 21:00:00,0.2148276446373827,0.2641566656595041,0.22722017249884113,0.22573068182385422
2023-01-13 22:00:00,0.24592696154554364,0.18871006016401823,0.22620576834754463,0.21184088553287386
2023-01-13 23:00:00,0.3165041294423608,0.3176202750616114,0.3253513372669652,0.30792287041515054
2023-01-14 00:00:00,0.10522336754345352,0.11064158515446498,0.10845346024558744,0.0987903141606385
2023-01-14 01:00:00,0.0937665566791394,0.06719725113037087,0.08017825399063636,0.09586170665517792
2023-01-14 02:00:00,0.11114060609143835,0.03576476403977879,0.08656035996592874,0.10296399385867694
2023-01-14 03:00:00,0.052720528165496744,0.007561342170665615,0.03610548179299203,0.05093421109110926
2023-01-14 04:00:00,0.0,0.0,0.0,0.0
2023-01-14 05:00:00,0.0,0.0,0.0,0.0
2023-01-14 06:00:00,0.0,0.0,0.0,0.0
2023-01-14 07:00:00,0.0,0.0,0.0,0.0
2023-01-14 08:00:00,0.0,0.0,0.0,0.0
2023-01-14 09:00:00,0.0,0.0,0.0,0.0
2023-01-14 10:00:00,0.0,0.0,0.0,0.0
2023-01-14 11:00:00,0.0,0.0,0.0,0.0
2023-01-14 12:00:00,0.0,0.0,0.0,0.0
2023-01-14 13:00:00,0.0,0.0,0.0,0.0
2023-01-14 14:00:00,0.0,0.0,0.0,0.0
2023-01-14 15:00:00,0.0,0.0,0.0,0.0
2023-01-14 16:00:00,0.0,0.0,0.0,0.0
2023-01-14 17:00:00,0.0,0.0,0.0,0.0
2023-01-14 18:00:00,0.0,0.0,0.0,0.0
2023-01-14 19:00:00,0.2843109429696165,0.05965004701274428,0.2220003512900357,0.2579619695492335
2023-01-14 20:00:00,0.4430946306368451,0.17950457528855526,0.3500899447153897,0.3734992327969125
2023-01-14 21:00:00,0.5601591846705366,0.2663678084919127,0.4742253788349915,0.49731836398259527
2023-01-14 22:00:00,0.6092033239127307,0.37443103112812465,0.5240801679836786,0.5269426885078595
2023-01-14 23:00:00,0.6869785346424947,0.47973013350141613,0.6064435923139563,0.6007521763281947
2023-01-15 00:00:00,0.6784854366589897,0.4949413291248237,0.5979965710776783,0.5862376084921218
2023-01-15 01:00:00,0.6566790117000214,0.5322679376481236,0.591061821533144,0.5580470802042931
2023-01-15 02:00:00,0.6324074097560989,0.5509230730075997,0.5924312103105777,0.5617408489699689
2023-01-15 03:00:00,0.45023913729337767,0.40543086731548517,0.4189238969334356,0.38991537333677684
2023-01-15 04:00:00,0.0,0.0,0.0,0.0
2023-01-15 05:00:00,0.0,0.0,0.0,0.0
2023-01-15 06:00:00,0.0,0.0,0.0,0.0
2023-01-15 07:00:00,0.0,0.0,0.0,0.0
2023-01-15 08:00:00,0.0,0.0,0.0,0.0
2023-01-15 09:00:00,0.0,0.0,0.0,0.0
2023-01-15 10:00:00,0.0,0.0,0.0,0.0
2023-01-15 11:00:00,0.0,0.0,0.0,0.0
2023-01-15 12:00:00,0.0,0.0,0.0,0.0
2023-01-15 13:00:00,0.0,0.0,0.0,0.0
2023-01-15 14:00:00,0.0,0.0,0.0,0.0
2023-01-15 15:00:00,0.0,0.0,0.0,0.0
2023-01-15 16:00:00,0.0,0.0,0.0,0.0
2023-01-15 17:00:00,0.0,0.0,0.0,0.0
2023-01-15 18:00:00,0.0,0.0,0.0,0.0
2023-01-15 19:00:00,0.47281665021263947,0.4614057529068511,0.4717546928830621,0.4732373854122049
2023-01-15 20:00:00,0.6662478909415006,0.6529169213381315,0.665744661566194,0.664955676088729
2023-01-15 21:00:00,0.7626085923302394,0.7529491756358492,0.7597364356448274,0.7603467088304718
2023-01-15 22:00:00,0.804156632141401,0.7978789692631976,0.8023344648557467,0.8019608768845444
2023-01-15 23:00:00,0.8148217273749863,0.798031752815413,0.8122799078923381,0.807365811928622
2023-01-16 00:00:00,0.8062465410872756,0.7989693832191378,0.8084859685486668,0.806581664091896
2023-01-16 01:00:00,0.7634293806012264,0.7323091059751858,0.7669099511560565,0.7669572851402927
2023-01-16 02:00:00,0.6583295806326678,0.5875350525419876,0.6536637347386991,0.6539437543001411
2023-01-16 03:00:00,0.3641637893399013,0.2500177782682819,0.3321347965109521,0.339703219561809
2023-01-16 04:00:00,0.0,0.0,0.0,0.0
2023-01-16 05:00:00,0.0,0.0,0.0,0.0
2023-01-16 06:00:00,0.0,0.0,0.0,0.0
2023-01-16 07:00:00,0.0,0.0,0.0,0.0
2023-01-16 08:00:00,0.0,0.0,0.0,0.0
2023-01-16 09:00:00,0.0,0.0,0.0,0.0
2023-01-16 10:00:00,0.0,0.0,0.0,0.0
2023-01-16 11:00:00,0.0,0.0,0.0,0.0
2023-01-16 12:00:00,0.0,0.0,0.0,0.0
2023-01-16 13:00:00,0.0,0.0,0.0,0.0
2023-01-16 14:00:00,0.0,0.0,0.0,0.0
2023-01-16 15:00:00,0.0,0.0,0.0,0.0
2023-01-16 16:00:00,0.0,0.0,0.0,0.0
2023-01-16 17:00:00,0.0,0.0,0.0,0.0
2023-01-16 18:00:00,0.0,0.0,0.0,0.0
2023-01-16 19:00:00,0.3022910425031469,0.2623770707930589,0.2807346387931043,0.28039663637922807
2023-01-16 20:00:00,0.5942825937392605,0.5597900062820383,0.5940886665551761,0.5953601841577693
2023-01-16 21:00:00,0.6552229839754856,0.5537660264087877,0.6202908430712553,0.6205071816202182
2023-01-16 22:00:00,0.6558945827471222,0.6556568225908634,0.6522691852560452,0.6348040429789261
2023-01-16 23:00:00,0.7721954208054846,0.7234129703678192,0.766637220912074,0.7679197702963326
2023-01-17 00:00:00,0.754661497367125,0.6619749137012468,0.7440491561787186,0.7539883936792542
2023-01-17 01:00:00,0.6453147274242561,0.4692038638235562,0.6091044296149652,0.6100861585338253
2023-01-17 02:00:00,0.3750946458187932,0.15855953145171128,0.31797453981629836,0.34087486884593715
2023-01-17 03:00:00,0.0981181203907792,0.014092600022774687,0.06342247293905053,0.08637727641695535
2023-01-17 04:00:00,0.0,0.0,0.0,0.0
2023-01-17 05:00:00,0.0,0.0,0.0,0.0
2023-01-17 06:00:00,0.0,0.0,0.0,0.0
2023-01-17 07:00:00,0.0,0.0,0.0,0.0
2023-01-17 08:00:00,0.0,0.0,0.0,0.0
2023-01-17 09:00:00,0.0,0.0,0.0,0.0
2023-01-17 10:00:00,0.0,0.0,0.0,0.0
2023-01-17 11:00:00,0.0,0.0,0.0,0.0
2023-01-17 12:00:00,0.0,0.0,0.0,0.0
2023-01-17 13:00:00,0.0,0.0,0.0,0.0
2023-01-17 14:00:00,0.0,0.0,0.0,0.0
2023-01-17 15:00:00,0.0,0.0,0.0,0.0
2023-01-17 16:00:00,0.0,0.0,0.0,0.0
2023-01-17 17:00:00,0.0,0.0,0.0,0.0
2023-01-17 18:00:00,0.0,0.0,0.0,0.0
2023-01-17 19:00:00,0.00430822452329666,0.015269960769584817,0.005916174118352619,0.0007310923706854646
2023-01-17 20:00:00,0.010001097550880746,0.01953107043349905,0.00923654381930067,0.005817419653316312
2023-01-17 21:00:00,0.028993862659956685,0.05559166122946783,0.03246799407906258,0.0219777772543527
2023-01-17 22:00:00,0.15972483227181986,0.1204631574384989,0.146886278545323,0.10671725111030288
2023-01-17 23:00:00,0.23014689616386494,0.20123150560961803,0.2262234476141317,0.21688346436865594
2023-01-18 00:00:00,0.23215474466625027,0.3387144438520409,0.26640760940187264,0.23618779197533332
2023-01-18 01:00:00,0.30569952423156116,0.47363024416384153,0.3815453764058765,0.3149528985751994
2023-01-18 02:00:00,0.24503565493529192,0.14905631109004505,0.23275881203014442,0.16789321011259992
2023-01-18 03:00:00,0.142653675303666,0.07353444170053532,0.1323037497772666,0.10304527568212081
2023-01-18 04:00:00,0.0,0.0,0.0,0.0
2023-01-18 05:00:00,0.0,0.0,0.0,0.0
2023-01-18 06:00:00,0.0,0.0,0.0,0.0
2023-01-18 07:00:00,0.0,0.0,0.0,0.0
2023-01-18 08:00:00,0.0,0.0,0.0,0.0
2023-01-18 09:00:00,0.0,0.0,0.0,0.0
2023-01-18 10:00:00,0.0,0.0,0.0,0.0
2023-01-18 11:00:00,0.0,0.0,0.0,0.0
2023-01-18 12:00:00,0.0,0.0,0.0,0.0
2023-01-18 13:00:00,0.0,0.0,0.0,0.0
2023-01-18 14:00:00,0.0,0.0,0.0,0.0
2023-01-18 15:00:00,0.0,0.0,0.0,0.0
2023-01-18 16:00:00,0.0,0.0,0.0,0.0
2023-01-18 17:00:00,0.0,0.0,0.0,0.0
2023-01-18 18:00:00,0.0,0.0,0.0,0.0
2023-01-18 19:00:00,0.010894974869565817,0.011535570304610014,0.012371222322799844,0.012936471593543372
2023-01-18 20:00:00,0.04938203483269545,0.09870865678584882,0.05849286503951797,0.04702786196903943
2023-01-18 21:00:00,0.1258411351683316,0.22076951095772515,0.14343610887806407,0.11696706277332791
2023-01-18 22:00:00,0.15250829096757493,0.1151241735261219,0.13933521257779935,0.1195219961478377
2023-01-18 23:00:00,0.12510111885987812,0.15704721292012527,0.12660288303616182,0.10724127420432933
2023-01-19 00:00:00,0.11783810498800183,0.09930470095646511,0.10950210751280659,0.09789781113159106
2023-01-19 01:00:00,0.07666154007364855,0.07363117915416646,0.07594361305179015,0.06735556915291324
2023-01-19 02:00:00,0.08321119518693154,0.0727588628293731,0.0830147856184294,0.0997239857729732
2023-01-19 03:00:00,0.02825969336798248,0.026674612040041085,0.030315681774898573,0.03795919916347231
2023-01-19 04:00:00,0.0,0.0,0.0,0.0
2023-01-19 05:00:00,0.0,0.0,0.0,0.0
2023-01-19 06:00:00,0.0,0.0,0.0,0.0
2023-01-19 07:00:00,0.0,0.0,0.0,0.0
2023-01-19 08:00:00,0.0,0.0,0.0,0.0
2023-01-19 09:00:00,0.0,0.0,0.0,0.0
2023-01-19 10:00:00,0.0,0.0,0.0,0.0
2023-01-19 11:00:00,0.0,0.0,0.0,0.0
2023-01-19 12:00:00,0.0,0.0,0.0,0.0
2023-01-19 13:00:00,0.0,0.0,0.0,0.0
2023-01-19 14:00:00,0.0,0.0,0.0,0.0
2023-01-19 15:00:00,0.0,0.0,0.0,0.0
2023-01-19 16:00:00,0.0,0.0,0.0,0.0
2023-01-19 17:00:00,0.0,0.0,0.0,0.0
2023-01-19 18:00:00,0.0,0.0,0.0,0.0
2023-01-19 19:00:00,0.0,0.0,0.0,0.0
2023-01-19 20:00:00,0.005375166089457554,0.0052029935187728775,0.005160129720781762,0.003632794071735107
2023-01-19 21:00:00,0.03602178181430316,0.026409699625465865,0.03569157547163194,0.03785675458511102
2023-01-19 22:00:00,0.049553253037941426,0.03741125164537549,0.045264284037242565,0.03840500378415112
2023-01-19 23:00:00,0.037619139472137325,0.03958353261498342,0.03176976222335441,0.022865022373054596
2023-01-20 00:00:00,0.1293648571923636,0.2317953160589592,0.15047299048649007,0.09794598599994823
2023-01-20 01:00:00,0.2724532811233597,0.4402935233928602,0.3198631235396796,0.21332696113001437
2023-01-20 02:00:00,0.42640808201527175,0.5047218090440749,0.46963223330794956,0.3432556388797303
2023-01-20 03:00:00,0.24299527344496616,0.27280303039787185,0.25005892879322866,0.18833371884499436
2023-01-20 04:00:00,0.0,0.0,0.0,0.0
2023-01-20 05:00:00,0.0,0.0,0.0,0.0
2023-01-20 06:00:00,0.0,0.0,0.0,0.0
2023-01-20 07:00:00,0.0,0.0,0.0,0.0
2023-01-20 08:00:00,0.0,0.0,0.0,0.0
2023-01-20 09:00:00,0.0,0.0,0.0,0.0
2023-01-20 10:00:00,0.0,0.0,0.0,0.0
2023-01-20 11:00:00,0.0,0.0,0.0,0.0
2023-01-20 12:00:00,0.0,0.0,0.0,0.0
2023-01-20 13:00:00,0.0,0.0,0.0,0.0
2023-01-20 14:00:00,0.0,0.0,0.0,0.0
2023-01-20 15:00:00,0.0,0.0,0.0,0.0
2023-01-20 16:00:00,0.0,0.0,0.0,0.0
2023-01-20 17:00:00,0.0,0.0,0.0,0.0
2023-01-20 18:00:00,0.0,0.0,0.0,0.0
2023-01-20 19:00:00,0.050875268638235806,0.003334046103599138,0.03396056143302357,0.058038343232255436
2023-01-20 20:00:00,0.10160647067988386,0.04463270248802614,0.0844395031942647,0.10079586598984604
2023-01-20 21:00:00,0.09859917683063989,0.04986519812017017,0.08099620833266793,0.07859667938633823
2023-01-20 22:00:00,0.09572379884803485,0.08385993831222949,0.09063468938922348,0.10264573813896305
2023-01-20 23:00:00,0.22879725704145026,0.1541918089388535,0.21027510692718876,0.22215627990585454
2023-01-21 00:00:00,0.24572337828403756,0.15858236843052723,0.21811955264200697,0.3056952341103513
2023-01-21 01:00:00,0.2547440364344414,0.10266224757646453,0.20665779515944746,0.25023556180276446
2023-01-21 02:00:00,0.20508236581575398,0.12233280555957778,0.18115715097498558,0.14081760230911852
2023-01-21 03:00:00,0.06457237768841072,0.019790174966134232,0.05043466131493782,0.03553554059782336
2023-01-21 04:00:00,0.0,0.0,0.0,0.0
2023-01-21 05:00:00,0.0,0.0,0.0,0.0
2023-01-21 06:00:00,0.0,0.0,0.0,0.0
2023-01-21 07:00:00,0.0,0.0,0.0,0.0
2023-01-21 08:00:00,0.0,0.0,0.0,0.0
2023-01-21 09:00:00,0.0,0.0,0.0,0.0
2023-01-21 10:00:00,0.0,0.0,0.0,0.0
2023-01-21 11:00:00,0.0,0.0,0.0,0.0
2023-01-21 12:00:00,0.0,0.0,0.0,0.0
2023-01-21 13:00:00,0.0,0.0,0.0,0.0
2023-01-21 14:00:00,0.0,0.0,0.0,0.0
2023-01-21 15:00:00,0.0,0.0,0.0,0.0
2023-01-21 16:00:00,0.0,0.0,0.0,0.0
2023-01-21 17:00:00,0.0,0.0,0.0,0.0
2023-01-21 18:00:00,0.0,0.0,0.0,0.0
2023-01-21 19:00:00,0.20953696755808063,0.27963023068959847,0.22535974120489313,0.1828055989945679
2023-01-21 20:00:00,0.4794448823587505,0.5463549814869976,0.5118818341767736,0.4289006813698852
2023-01-21 21:00:00,0.45613843125967285,0.4280810976799942,0.4615519971214359,0.4465900650515057
2023-01-21 22:00:00,0.41568796462732177,0.29268106047805365,0.388986623254868,0.39447281523449274
2023-01-21 23:00:00,0.41109615145874745,0.2752021614336863,0.37878633046391913,0.3345537573708863
2023-01-22 00:00:00,0.26382143261618995,0.16147426498661335,0.23720325844356469,0.19150681385908463
2023-01-22 01:00:00,0.1948691763622318,0.14101839039191558,0.18084524070025954,0.15047929940296143
2023-01-22 02:00:00,0.07626911328944651,0.08474509306414209,0.07562281888221789,0.06988879371278144
2023-01-22 03:00:00,0.012464681518520029,0.01657928205314624,0.012707212308155007,0.009984248324224435
2023-01-22 04:00:00,0.0,0.0,0.0,0.0
2023-01-22 05:00:00,0.0,0.0,0.0,0.0
2023-01-22 06:00:00,0.0,0.0,0.0,0.0
2023-01-22 07:00:00,0.0,0.0,0.0,0.0
2023-01-22 08:00:00,0.0,0.0,0.0,0.0
2023-01-22 09:00:00,0.0,0.0,0.0,0.0
2023-01-22 10:00:00,0.0,0.0,0.0,0.0
2023-01-22 11:00:00,0.0,0.0,0.0,0.0
2023-01-22 12:00:00,0.0,0.0,0.0,0.0
2023-01-22 13:00:00,0.0,0.0,0.0,0.0
2023-01-22 14:00:00,0.0,0.0,0.0,0.0
2023-01-22 15:00:00,0.0,0.0,0.0,0.0
2023-01-22 16:00:00,0.0,0.0,0.0,0.0
2023-01-22 17:00:00,0.0,0.0,0.0,0.0
2023-01-22 18:00:00,0.0,0.0,0.0,0.0
2023-01-22 19:00:00,0.008996842707678159,0.007809347374879716,0.009244390749281437,0.01081748086716036
2023-01-22 20:00:00,0.023980528598878854,0.016629682001513976,0.02170231831642687,0.023603556499844098
2023-01-22 21:00:00,0.030534123600873434,0.03482099377266204,0.03210992499269318,0.029435859487781196
2023-01-22 22:00:00,0.06076330956231027,0.05781389245880566,0.05951752213408449,0.06494122081695802
2023-01-22 23:00:00,0.10988722096803893,0.14127163798295214,0.1188576983419655,0.10351302086101151
2023-01-23 00:00:00,0.10809667866476032,0.11234247309363864,0.10863080128717939,0.09261217326015381
2023-01-23 01:00:00,0.04002511121758675,0.02409327693650389,0.031162249990915946,0.0352584314165291
2023-01-23 02:00:00,0.040484197946936806,0.042287994113153766,0.038871780825662824,0.039119083291373015
2023-01-23 03:00:00,0.03896912297104875,0.05998050257503548,0.04715219694246175,0.047578911321656724
2023-01-23 04:00:00,0.0,0.0,0.0,0.0
2023-01-23 05:00:00,0.0,0.0,0.0,0.0
2023-01-23 06:00:00,0.0,0.0,0.0,0.0
2023-01-23 07:00:00,0.0,0.0,0.0,0.0
2023-01-23 08:00:00,0.0,0.0,0.0,0.0
2023-01-23 09:00:00,0.0,0.0,0.0,0.0
2023-01-23 10:00:00,0.0,0.0,0.0,0.0
2023-01-23 11:00:00,0.0,0.0,0.0,0.0
2023-01-23 12:00:00,0.0,0.0,0.0,0.0
2023-01-23 13:00:00,0.0,0.0,0.0,0.0
2023-01-23 14:00:00,0.0,0.0,0.0,0.0
2023-01-23 15:00:00,0.0,0.0,0.0,0.0
2023-01-23 16:00:00,0.0,0.0,0.0,0.0
2023-01-23 17:00:00,0.0,0.0,0.0,0.0
2023-01-23 18:00:00,0.0,0.0,0.0,0.0
2023-01-23 19:00:00,0.11754378110422375,0.05964870239573609,0.10469386259857512,0.10005950091001398
2023-01-23 20:00:00,0.2320244662659815,0.12898912791873954,0.19304208116053573,0.15643986326915635
2023-01-23 21:00:00,0.34784186979397996,0.1368349409158072,0.2637015804718685,0.23558752818362502
2023-01-23 22:00:00,0.28216162289865804,0.26590889757594693,0.23507258893367344,0.20256858390574473
2023-01-23 23:00:00,0.2846009317873151,0.32205948444307525,0.28972021663076286,0.2781420842101959
2023-01-24 00:00:00,0.2969208314078473,0.4103034429322687,0.3384314526370064,0.3283885123936771
2023-01-24 01:00:00,0.22453917389328412,0.1672969621557179,0.20303136567422675,0.23409630016603047
2023-01-24 02:00:00,0.18171878591083634,0.12784008972126457,0.16077614620884012,0.1395644934696096
2023-01-24 03:00:00,0.06517253640423755,0.054399578045311724,0.06017743614970975,0.048990498126009106
2023-01-24 04:00:00,0.0,0.0,0.0,0.0
2023-01-24 05:00:00,0.0,0.0,0.0,0.0
2023-01-24 06:00:00,0.0,0.0,0.0,0.0
2023-01-24 07:00:00,0.0,0.0,0.0,0.0
2023-01-24 08:00:00,0.0,0.0,0.0,0.0
2023-01-24 09:00:00,0.0,0.0,0.0,0.0
2023-01-24 10:00:00,0.0,0.0,0.0,0.0
2023-01-24 11:00:00,0.0,0.0,0.0,0.0
2023-01-24 12:00:00,0.0,0.0,0.0,0.0
2023-01-24 13:00:00,0.0,0.0,0.0,0.0
2023-01-24 14:00:00,0.0,0.0,0.0,0.0
2023-01-24 15:00:00,0.0,0.0,0.0,0.0
2023-01-24 16:00:00,0.0,0.0,0.0,0.0
2023-01-24 17:00:00,0.0,0.0,0.0,0.0
2023-01-24 18:00:00,0.0,0.0,0.0,0.0
2023-01-24 19:00:00,0.11999212159801136,0.04098321182458229,0.09534944955615365,0.07669019786914737
2023-01-24 20:00:00,0.1509140559515568,0.12438049033123992,0.12704640327108646,0.1308548731542729
2023-01-24 21:00:00,0.1973442575721844,0.19236134718702194,0.17116044657230245,0.2204071426260981
2023-01-24 22:00:00,0.17496209811811034,0.2488737172793473,0.17984971235102376,0.21046465209215134
2023-01-24 23:00:00,0.3478678815397529,0.46834580656471125,0.3642238114241142,0.3866825777560232
2023-01-25 00:00:00,0.6943432323538254,0.8110423032894202,0.7419191331760155,0.7023093898412421
2023-01-25 01:00:00,0.6936495862537896,0.5911533945359511,0.6746492053779054,0.716636583772674
2023-01-25 02:00:00,0.5259653885961998,0.49687275056725994,0.5153500556329287,0.5275926894620928
2023-01-25 03:00:00,0.46083702522971287,0.46066433211842206,0.4599020076071474,0.4212741644156907
2023-01-25 04:00:00,0.0,0.0,0.0,0.0
2023-01-25 05:00:00,0.0,0.0,0.0,0.0
2023-01-25 06:00:00,0.0,0.0,0.0,0.0
2023-01-25 07:00:00,0.0,0.0,0.0,0.0
2023-01-25 08:00:00,0.0,0.0,0.0,0.0
2023-01-25 09:00:00,0.0,0.0,0.0,0.0
2023-01-25 10:00:00,0.0,0.0,0.0,0.0
2023-01-25 11:00:00,0.0,0.0,0.0,0.0
2023-01-25 12:00:00,0.0,0.0,0.0,0.0
2023-01-25 13:00:00,0.0,0.0,0.0,0.0
2023-01-25 14:00:00,0.0,0.0,0.0,0.0
2023-01-25 15:00:00,0.0,0.0,0.0,0.0
2023-01-25 16:00:00,0.0,0.0,0.0,0.0
2023-01-25 17:00:00,0.0,0.0,0.0,0.0
2023-01-25 18:00:00,0.0,0.0,0.0,0.0
2023-01-25 19:00:00,0.027640820554830903,0.05558905841323272,0.03587544358769135,0.02953842327840521
2023-01-25 20:00:00,0.023653214268000756,0.017197564101344074,0.02173906995103425,0.02709775908519155
2023-01-25 21:00:00,0.09044608024191426,0.0893648533678754,0.09604291023148284,0.1009040936884786
2023-01-25 22:00:00,0.19617793012129678,0.1265618389864349,0.1809961969778957,0.1335457648451832
2023-01-25 23:00:00,0.125732054504164,0.11586651177457645,0.1268026442264784,0.10944827874889783
2023-01-26 00:00:00,0.016025612230895627,0.020853085437959773,0.016774175077588514,0.017822377495916256
2023-01-26 01:00:00,0.026061063199110158,0.04218575219150535,0.030607550205048184,0.0232103771602757
2023-01-26 02:00:00,0.018677374527491433,0.047856318256030934,0.02083072292532797,0.01813508185980886
2023-01-26 03:00:00,0.04202575079162998,0.015393513786691843,0.033612792040160655,0.02630023925452556
2023-01-26 04:00:00,0.0,0.0,0.0,0.0
2023-01-26 05:00:00,0.0,0.0,0.0,0.0
2023-01-26 06:00:00,0.0,0.0,0.0,0.0
2023-01-26 07:00:00,0.0,0.0,0.0,0.0
2023-01-26 08:00:00,0.0,0.0,0.0,0.0
2023-01-26 09:00:00,0.0,0.0,0.0,0.0
2023-01-26 10:00:00,0.0,0.0,0.0,0.0
2023-01-26 11:00:00,0.0,0.0,0.0,0.0
2023-01-26 12:00:00,0.0,0.0,0.0,0.0
2023-01-26 13:00:00,0.0,0.0,0.0,0.0
2023-01-26 14:00:00,0.0,0.0,0.0,0.0
2023-01-26 15:00:00,0.0,0.0,0.0,0.0
2023-01-26 16:00:00,0.0,0.0,0.0,0.0
2023-01-26 17:00:00,0.0,0.0,0.0,0.0
2023-01-26 18:00:00,0.0,0.0,0.0,0.0
2023-01-26 19:00:00,0.14371953805563556,0.23318925087988437,0.16846732094873282,0.14185923523330737
2023-01-26 20:00:00,0.24099157354461057,0.34017929469628866,0.27093648253840474,0.250605242226367
2023-01-26 21:00:00,0.31338778958765573,0.2885968866417241,0.29283733246071536,0.2984440391501609
2023-01-26 22:00:00,0.36018879439041185,0.3313378149170448,0.35454766717049324,0.3367326469354705
2023-01-26 23:00:00,0.41264605023067674,0.38331974008281927,0.4167106572575504,0.41084491742052237
2023-01-27 00:00:00,0.3730854551873937,0.32451964678359846,0.3563394321557901,0.3711846803234982
2023-01-27 01:00:00,0.23402500540280102,0.27075575001679314,0.2411115806618985,0.255321705625804
2023-01-27 02:00:00,0.2006367026063639,0.23668814847302708,0.19494448994166658,0.21520763486497022
2023-01-27 03:00:00,0.07325322518923578,0.12047321187976585,0.08302049007838161,0.08086031384534605
2023-01-27 04:00:00,0.0,0.0,0.0,0.0
2023-01-27 05:00:00,0.0,0.0,0.0,0.0
2023-01-27 06:00:00,0.0,0.0,0.0,0.0
2023-01-27 07:00:00,0.0,0.0,0.0,0.0
2023-01-27 08:00:00,0.0,0.0,0.0,0.0
2023-01-27 09:00:00,0.0,0.0,0.0,0.0
2023-01-27 10:00:00,0.0,0.0,0.0,0.0
2023-01-27 11:00:00,0.0,0.0,0.0,0.0
2023-01-27 12:00:00,0.0,0.0,0.0,0.0
2023-01-27 13:00:00,0.0,0.0,0.0,0.0
2023-01-27 14:00:00,0.0,0.0,0.0,0.0
2023-01-27 15:00:00,0.0,0.0,0.0,0.0
2023-01-27 16:00:00,0.0,0.0,0.0,0.0
2023-01-27 17:00:00,0.0,0.0,0.0,0.0
2023-01-27 18:00:00,0.0,0.0,0.0,0.0
2023-01-27 19:00:00,0.09588934138256287,0.061143827111145056,0.08464028026963111,0.05743814592065093
2023-01-27 20:00:00,0.16379825596595501,0.10618074806676651,0.1515644160558435,0.14445585837624117
2023-01-27 21:00:00,0.1610353437571965,0.165549386702849,0.15437086838212571,0.1550798095782092
2023-01-27 22:00:00,0.1605869224511799,0.2200364601663396,0.16193962294704056,0.15554729609334292
2023-01-27 23:00:00,0.21911982136458016,0.30309776279823886,0.23349414808082586,0.2260667638020255
2023-01-28 00:00:00,0.17966260221132516,0.28921895729247343,0.18616542085777152,0.1767431032766927
2023-01-28 01:00:00,0.1698362743991845,0.30504645814054165,0.1995166466164751,0.1798255842611324
2023-01-28 02:00:00,0.14087891366872682,0.2624075923884871,0.17028056588123608,0.14519459393900083
2023-01-28 03:00:00,0.0587069669898938,0.07872592949408581,0.06477546172173126,0.050437309206472956
2023-01-28 04:00:00,0.0,0.0,0.0,0.0
2023-01-28 05:00:00,0.0,0.0,0.0,0.0
2023-01-28 06:00:00,0.0,0.0,0.0,0.0
2023-01-28 07:00:00,0.0,0.0,0.0,0.0
2023-01-28 08:00:00,0.0,0.0,0.0,0.0
2023-01-28 09:00:00,0.0,0.0,0.0,0.0
2023-01-28 10:00:00,0.0,0.0,0.0,0.0
2023-01-28 11:00:00,0.0,0.0,0.0,0.0
2023-01-28 12:00:00,0.0,0.0,0.0,0.0
2023-01-28 13:00:00,0.0,0.0,0.0,0.0
2023-01-28 14:00:00,0.0,0.0,0.0,0.0
2023-01-28 15:00:00,0.0,0.0,0.0,0.0
2023-01-28 16:00:00,0.0,0.0,0.0,0.0
2023-01-28 17:00:00,0.0,0.0,0.0,0.0
2023-01-28 18:00:00,0.0,0.0,0.0,0.0
2023-01-28 19:00:00,0.13605287829745183,0.055420953136916334,0.10243215827049243,0.15282299676447844
2023-01-28 20:00:00,0.25205629740791374,0.19780936339980967,0.22483912938587372,0.29194066719106365
2023-01-28 21:00:00,0.4058216926383032,0.37491475059322693,0.393645151330664,0.45720778894557723
2023-01-28 22:00:00,0.46342209000374374,0.4237036057818076,0.4558484613392447,0.4610709767712795
2023-01-28 23:00:00,0.3873748352465858,0.37992896754829886,0.38220815339033765,0.3599917459054987
2023-01-29 00:00:00,0.41800785108686084,0.46459743454320696,0.4309022769920122,0.3885399399019862
2023-01-29 01:00:00,0.3227454820859981,0.2607270922296668,0.30647178572861533,0.27346879165431764
2023-01-29 02:00:00,0.14671900318812392,0.1365876699827179,0.13538835982962882,0.13841232026680886
2023-01-29 03:00:00,0.04185940739726166,0.04971627344767341,0.04127605650896676,0.045143477236325086
2023-01-29 04:00:00,0.0,0.0,0.0,0.0
2023-01-29 05:00:00,0.0,0.0,0.0,0.0
2023-01-29 06:00:00,0.0,0.0,0.0,0.0
2023-01-29 07:00:00,0.0,0.0,0.0,0.0
2023-01-29 08:00:00,0.0,0.0,0.0,0.0
2023-01-29 09:00:00,0.0,0.0,0.0,0.0
2023-01-29 10:00:00,0.0,0.0,0.0,0.0
2023-01-29 11:00:00,0.0,0.0,0.0,0.0
2023-01-29 12:00:00,0.0,0.0,0.0,0.0
2023-01-29 13:00:00,0.0,0.0,0.0,0.0
2023-01-29 14:00:00,0.0,0.0,0.0,0.0
2023-01-29 15:00:00,0.0,0.0,0.0,0.0
2023-01-29 16:00:00,0.0,0.0,0.0,0.0
2023-01-29 17:00:00,0.0,0.0,0.0,0.0
2023-01-29 18:00:00,0.0,0.0,0.0,0.0
2023-01-29 19:00:00,0.0038869404759835154,0.007334476810151061,0.004472905586040015,0.004985315843738861
2023-01-29 20:00:00,0.03583399594407035,0.05259442420672283,0.04014742519494181,0.04026741603951566
2023-01-29 21:00:00,0.08914557931967326,0.12796078146959058,0.09882668971257834,0.11051783274975265
2023-01-29 22:00:00,0.132872148423771,0.18287406004321383,0.1552232308106164,0.20485297614185613
2023-01-29 23:00:00,0.15705284398558272,0.21008092555868677,0.17931812441719996,0.2309289713975137
2023-01-30 00:00:00,0.25865521897910604,0.3843158769647565,0.2914679277697182,0.27190255824299375
2023-01-30 01:00:00,0.26604412151929063,0.30478975791961793,0.28596780202039984,0.2682357039788397
2023-01-30 02:00:00,0.39059795358498334,0.2580038790580937,0.3636396497876895,0.3077268594082991
2023-01-30 03:00:00,0.3234434925649125,0.16022938919548016,0.2828749194547264,0.2269251767044421
2023-01-30 04:00:00,0.0,0.0,0.0,0.0
2023-01-30 05:00:00,0.0,0.0,0.0,0.0
2023-01-30 06:00:00,0.0,0.0,0.0,0.0
2023-01-30 07:00:00,0.0,0.0,0.0,0.0
2023-01-30 08:00:00,0.0,0.0,0.0,0.0
2023-01-30 09:00:00,0.0,0.0,0.0,0.0
2023-01-30 10:00:00,0.0,0.0,0.0,0.0
2023-01-30 11:00:00,0.0,0.0,0.0,0.0
2023-01-30 12:00:00,0.0,0.0,0.0,0.0
2023-01-30 13:00:00,0.0,0.0,0.0,0.0
2023-01-30 14:00:00,0.0,0.0,0.0,0.0
2023-01-30 15:00:00,0.0,0.0,0.0,0.0
2023-01-30 16:00:00,0.0,0.0,0.0,0.0
2023-01-30 17:00:00,0.0,0.0,0.0,0.0
2023-01-30 18:00:00,0.0,0.0,0.0,0.0
2023-01-30 19:00:00,0.020055341178948787,0.030908438142786664,0.026225205767693674,0.039550834807755855
2023-01-30 20:00:00,0.10649119029082932,0.08496633810725361,0.09728561625487883,0.13154278780150067
2023-01-30 21:00:00,0.21631478959386566,0.23266189010109753,0.22209656339770573,0.24483510719557722
2023-01-30 22:00:00,0.3364636772505918,0.3100760762411681,0.3245261620003451,0.3597040224341413
2023-01-30 23:00:00,0.25228858884430694,0.20844640041218435,0.22899569365869554,0.2665912001157385
2023-01-31 00:00:00,0.18962913598775763,0.1503931140005855,0.1664183053979384,0.17913155880602563
2023-01-31 01:00:00,0.11703875688867144,0.11352093602683157,0.10697865052804291,0.15097479104657818
2023-01-31 02:00:00,0.08621008138245854,0.11763324323835311,0.09080515465603106,0.11371705299613799
2023-01-31 03:00:00,0.02575889596870386,0.0378095226178535,0.026919193729909592,0.0395492248101777
2023-01-31 04:00:00,0.0,0.0,0.0,0.0
2023-01-31 05:00:00,0.0,0.0,0.0,0.0
2023-01-31 06:00:00,0.0,0.0,0.0,0.0
2023-01-31 07:00:00,0.0,0.0,0.0,0.0
2023-01-31 08:00:00,0.0,0.0,0.0,0.0
2023-01-31 09:00:00,0.0,0.0,0.0,0.0
2023-01-31 10:00:00,0.0,0.0,0.0,0.0
2023-01-31 11:00:00,0.0,0.0,0.0,0.0
2023-01-31 12:00:00,0.0,0.0,0.0,0.0
2023-01-31 13:00:00,0.0,0.0,0.0,0.0
2023-01-31 14:00:00,0.0,0.0,0.0,0.0
2023-01-31 15:00:00,0.0,0.0,0.0,0.0
2023-01-31 16:00:00,0.0,0.0,0.0,0.0
2023-01-31 17:00:00,0.0,0.0,0.0,0.0
2023-01-31 18:00:00,0.0,0.0,0.0,0.0
2023-01-31 19:00:00,0.3985832394564833,0.4917004974169787,0.4203441027756146,0.4176653293734249
2023-01-31 20:00:00,0.5225037329956775,0.6811604779791236,0.5571722195387654,0.5828824672571356
2023-01-31 21:00:00,0.6190079867431272,0.7727324729990596,0.6404660972381575,0.640794144581606
2023-01-31 22:00:00,0.7193165435329553,0.875935267336143,0.7561125032056546,0.7773263502844916
2023-01-31 23:00:00,0.5349136844487081,0.7200443449560675,0.5801227431976781,0.6097994217441013
2023-02-01 00:00:00,0.44679744385376585,0.6198792876823567,0.47421704186494834,0.4532976206170174
2023-02-01 01:00:00,0.43302574701979557,0.6111035479041691,0.47114698121152826,0.4577340105286681
2023-02-01 02:00:00,0.2540420484663908,0.4416970039214565,0.2958241577462303,0.3060067211905017
2023-02-01 03:00:00,0.177234149691602,0.2556187343767348,0.18325398965034326,0.2101981691192499
2023-02-01 04:00:00,0.0,0.053068145435909105,0.0,0.0
2023-02-01 05:00:00,0.0,0.0,0.0,0.0
2023-02-01 06:00:00,0.0,0.0,0.0,0.0
2023-02-01 07:00:00,0.0,0.0,0.0,0.0
2023-02-01 08:00:00,0.0,0.0,0.0,0.0
2023-02-01 09:00:00,0.0,0.0,0.0,0.0
2023-02-01 10:00:00,0.0,0.0,0.0,0.0
2023-02-01 11:00:00,0.0,0.0,0.0,0.0
2023-02-01 12:00:00,0.0,0.0,0.0,0.0
2023-02-01 13:00:00,0.0,0.0,0.0,0.0
2023-02-01 14:00:00,0.0,0.0,0.0,0.0
2023-02-01 15:00:00,0.0,0.0,0.0,0.0
2023-02-01 16:00:00,0.0,0.0,0.0,0.0
2023-02-01 17:00:00,0.0,0.0,0.0,0.0
2023-02-01 18:00:00,0.0,0.0,0.0,0.0
2023-02-01 19:00:00,0.30671778467584526,0.5082859275585254,0.350942909767342,0.34620990625390946
2023-02-01 20:00:00,0.5316093273018297,0.7239986607004973,0.5699818437691976,0.5865325496040822
2023-02-01 21:00:00,0.6448119345484777,0.8299874999416822,0.6866066121761341,0.7079472426605937
2023-02-01 22:00:00,0.7262850384938533,0.871683640477035,0.7548923280105282,0.7457859576952854
2023-02-01 23:00:00,0.690993433258531,0.8756306783300634,0.7419457659804896,0.7273507874794355
2023-02-02 00:00:00,0.6418986137174235,0.7772078163851456,0.677326092045136,0.6900264663965744
2023-02-02 01:00:00,0.5067196679838607,0.6020777489619281,0.5183935636368648,0.5780447384259314
2023-02-02 02:00:00,0.2832370957263723,0.39702964816242003,0.27955556512958835,0.32780713185063326
2023-02-02 03:00:00,0.16804518152131945,0.2952775532414375,0.18062882200676494,0.2618843954958074
2023-02-02 04:00:00,0.0,0.35637254270988855,0.0,0.0
2023-02-02 05:00:00,0.0,0.0,0.0,0.0
2023-02-02 06:00:00,0.0,0.0,0.0,0.0
2023-02-02 07:00:00,0.0,0.0,0.0,0.0
2023-02-02 08:00:00,0.0,0.0,0.0,0.0
2023-02-02 09:00:00,0.0,0.0,0.0,0.0
2023-02-02 10:00:00,0.0,0.0,0.0,0.0
2023-02-02 11:00:00,0.0,0.0,0.0,0.0
2023-02-02 12:00:00,0.0,0.0,0.0,0.0
2023-02-02 13:00:00,0.0,0.0,0.0,0.0
2023-02-02 14:00:00,0.0,0.0,0.0,0.0
2023-02-02 15:00:00,0.0,0.0,0.0,0.0
2023-02-02 16:00:00,0.0,0.0,0.0,0.0
2023-02-02 17:00:00,0.0,0.0,0.0,0.0
2023-02-02 18:00:00,0.0,0.0,0.0,0.0
2023-02-02 19:00:00,0.5212867490470435,0.5315408391785715,0.5221202038999674,0.5205033771129352
2023-02-02 20:00:00,0.7258511673354001,0.7479700442343798,0.728850436096881,0.7285473465034857
2023-02-02 21:00:00,0.8126565046043406,0.8417941778132034,0.8150248758848311,0.8077887753338814
2023-02-02 22:00:00,0.8554211328975091,0.8890656507786066,0.8614281233745358,0.8620638545326748
2023-02-02 23:00:00,0.8690662635819768,0.9022478084037253,0.875052642159885,0.8761518119683437
2023-02-03 00:00:00,0.860101889764406,0.8915252500976449,0.8652104091832875,0.865300508699228
2023-02-03 01:00:00,0.8181179213200784,0.8599910564533014,0.8279989301788453,0.8226948755449022
2023-02-03 02:00:00,0.6804691370011655,0.7735504868124803,0.7113301211302232,0.6631532772844211
2023-02-03 03:00:00,0.49932473260556537,0.5401710778022508,0.5116611228183252,0.3986971063814843
2023-02-03 04:00:00,0.05864294471154697,0.16383044996360127,0.08796441706732044,0.028723635520812377
2023-02-03 05:00:00,0.0,0.0,0.0,0.0
2023-02-03 06:00:00,0.0,0.0,0.0,0.0
2023-02-03 07:00:00,0.0,0.0,0.0,0.0
2023-02-03 08:00:00,0.0,0.0,0.0,0.0
2023-02-03 09:00:00,0.0,0.0,0.0,0.0
2023-02-03 10:00:00,0.0,0.0,0.0,0.0
2023-02-03 11:00:00,0.0,0.0,0.0,0.0
2023-02-03 12:00:00,0.0,0.0,0.0,0.0
2023-02-03 13:00:00,0.0,0.0,0.0,0.0
2023-02-03 14:00:00,0.0,0.0,0.0,0.0
2023-02-03 15:00:00,0.0,0.0,0.0,0.0
2023-02-03 16:00:00,0.0,0.0,0.0,0.0
2023-02-03 17:00:00,0.0,0.0,0.0,0.0
2023-02-03 18:00:00,0.0,0.0,0.0,0.0
2023-02-03 19:00:00,0.24693934222563915,0.3763612674684826,0.27392364466860664,0.21949558492202417
2023-02-03 20:00:00,0.5339346794090812,0.6991545260669269,0.5793825984474567,0.513705669602185
2023-02-03 21:00:00,0.6255070846226962,0.7021404360469425,0.6465260107087879,0.6250351465213084
2023-02-03 22:00:00,0.6797088868599171,0.7355947471176639,0.695282450334987,0.6805557435978326
2023-02-03 23:00:00,0.7076449378281682,0.7584673273353193,0.7193175620909358,0.7021592841304058
2023-02-04 00:00:00,0.6742609622758152,0.7590821520148675,0.6813692570374492,0.6618963475137691
2023-02-04 01:00:00,0.5905639764522079,0.7129882733048402,0.5982335709518819,0.5614892239914201
2023-02-04 02:00:00,0.5009338864413627,0.6517555837965725,0.5175460678546152,0.5058139434128276
2023-02-04 03:00:00,0.39515836577631575,0.566172115645947,0.4253897817600826,0.37811160865877375
2023-02-04 04:00:00,0.16759055875874151,0.5315681027147036,0.25138583813811227,0.27933654626552623
2023-02-04 05:00:00,0.0,0.0,0.0,0.0
2023-02-04 06:00:00,0.0,0.0,0.0,0.0
2023-02-04 07:00:00,0.0,0.0,0.0,0.0
2023-02-04 08:00:00,0.0,0.0,0.0,0.0
2023-02-04 09:00:00,0.0,0.0,0.0,0.0
2023-02-04 10:00:00,0.0,0.0,0.0,0.0
2023-02-04 11:00:00,0.0,0.0,0.0,0.0
2023-02-04 12:00:00,0.0,0.0,0.0,0.0
2023-02-04 13:00:00,0.0,0.0,0.0,0.0
2023-02-04 14:00:00,0.0,0.0,0.0,0.0
2023-02-04 15:00:00,0.0,0.0,0.0,0.0
2023-02-04 16:00:00,0.0,0.0,0.0,0.0
2023-02-04 17:00:00,0.0,0.0,0.0,0.0
2023-02-04 18:00:00,0.0,0.0,0.0,0.0
2023-02-04 19:00:00,0.12098627657397058,0.13522288732091944,0.11785503028591011,0.10742285122723917
2023-02-04 20:00:00,0.15647220519585187,0.31184289054212766,0.17246804997672815,0.14055087254541365
2023-02-04 21:00:00,0.47664546640483324,0.711506855705513,0.5296382033837893,0.5140565155169066
2023-02-04 22:00:00,0.7778266783713187,0.9077242359769863,0.8189738456290705,0.7921544032877451
2023-02-04 23:00:00,0.8786792827047899,0.9140331906788868,0.8881614685675965,0.8872501346270942
2023-02-05 00:00:00,0.8037730669646844,0.882037757275366,0.8306763602460066,0.8108422098559059
2023-02-05 01:00:00,0.8157655004399501,0.8519583427088936,0.8220579769178802,0.8181609259428066
2023-02-05 02:00:00,0.746929716025571,0.7747389271236577,0.7499040137054944,0.7490482599567247
2023-02-05 03:00:00,0.5834138534990401,0.6219752752975052,0.5929631989957997,0.5812094909847141
2023-02-05 04:00:00,0.42725398047164925,0.26197770611910143,0.3710667907686467,0.34940898141962123
2023-02-05 05:00:00,0.0,0.0,0.0,0.0
2023-02-05 06:00:00,0.0,0.0,0.0,0.0
2023-02-05 07:00:00,0.0,0.0,0.0,0.0
2023-02-05 08:00:00,0.0,0.0,0.0,0.0
2023-02-05 09:00:00,0.0,0.0,0.0,0.0
2023-02-05 10:00:00,0.0,0.0,0.0,0.0
2023-02-05 11:00:00,0.0,0.0,0.0,0.0
2023-02-05 12:00:00,0.0,0.0,0.0,0.0
2023-02-05 13:00:00,0.0,0.0,0.0,0.0
2023-02-05 14:00:00,0.0,0.0,0.0,0.0
2023-02-05 15:00:00,0.0,0.0,0.0,0.0
2023-02-05 16:00:00,0.0,0.0,0.0,0.0
2023-02-05 17:00:00,0.0,0.0,0.0,0.0
2023-02-05 18:00:00,0.0,0.0,0.0,0.0
2023-02-05 19:00:00,0.2052691850181685,0.2516310959505265,0.20996248149343946,0.16646073236076755
2023-02-05 20:00:00,0.34288037790475556,0.35795937502726227,0.340932461714863,0.28538111125596727
2023-02-05 21:00:00,0.4873545964575894,0.38762726723450047,0.4733807635297231,0.45403919713941704
2023-02-05 22:00:00,0.26026051116360205,0.15926523778559185,0.2227548740593196,0.2065905526409947
2023-02-05 23:00:00,0.11211244962051975,0.2097698626007256,0.11501452570291493,0.1247766090840104
2023-02-06 00:00:00,0.3313078353754948,0.5925149133222153,0.40652845721714537,0.4339809053606891
2023-02-06 01:00:00,0.4174449833860047,0.6660049171409054,0.5168658815533879,0.5191219264255347
2023-02-06 02:00:00,0.3097751075287786,0.4024780957715897,0.3526706586997179,0.3686100736547154
2023-02-06 03:00:00,0.16051811066125907,0.18986540443339517,0.16561983568347796,0.17388755232111738
2023-02-06 04:00:00,0.004570572892276918,0.01071197347428024,0.0010826120594259587,0.0017185185681585352
2023-02-06 05:00:00,0.0,0.0,0.0,0.0
2023-02-06 06:00:00,0.0,0.0,0.0,0.0
2023-02-06 07:00:00,0.0,0.0,0.0,0.0
2023-02-06 08:00:00,0.0,0.0,0.0,0.0
2023-02-06 09:00:00,0.0,0.0,0.0,0.0
2023-02-06 10:00:00,0.0,0.0,0.0,0.0
2023-02-06 11:00:00,0.0,0.0,0.0,0.0
2023-02-06 12:00:00,0.0,0.0,0.0,0.0
2023-02-06 13:00:00,0.0,0.0,0.0,0.0
2023-02-06 14:00:00,0.0,0.0,0.0,0.0
2023-02-06 15:00:00,0.0,0.0,0.0,0.0
2023-02-06 16:00:00,0.0,0.0,0.0,0.0
2023-02-06 17:00:00,0.0,0.0,0.0,0.0
2023-02-06 18:00:00,0.0,0.0,0.0,0.0
2023-02-06 19:00:00,0.09844409084450201,0.09287781676829521,0.09748767636539082,0.07459900381340928
2023-02-06 20:00:00,0.19078964687976252,0.2315244578935476,0.1903148470030972,0.17442670436377772
2023-02-06 21:00:00,0.36417875546489337,0.3981777048830409,0.3704753181139691,0.3694481145517501
2023-02-06 22:00:00,0.49240373834499246,0.43580613625759784,0.4558689340957371,0.44264782366314237
2023-02-06 23:00:00,0.5518412507843571,0.39701595666584516,0.491927936788535,0.5289027341643033
2023-02-07 00:00:00,0.5229305669825867,0.4007664911119513,0.4864306903926395,0.5005140931863858
2023-02-07 01:00:00,0.4860628714812374,0.27757957265353267,0.4144554245513925,0.4623015514416074
2023-02-07 02:00:00,0.34522295513302814,0.2125531574408673,0.2874229547311392,0.3257377769012029
2023-02-07 03:00:00,0.25981484249120135,0.0919998272983803,0.19777676570956493,0.24749208926354946
2023-02-07 04:00:00,0.17140855647761763,0.01968533418823155,0.12079223259073069,0.1720521767843585
2023-02-07 05:00:00,0.0,0.0,0.0,0.0
2023-02-07 06:00:00,0.0,0.0,0.0,0.0
2023-02-07 07:00:00,0.0,0.0,0.0,0.0
2023-02-07 08:00:00,0.0,0.0,0.0,0.0
2023-02-07 09:00:00,0.0,0.0,0.0,0.0
2023-02-07 10:00:00,0.0,0.0,0.0,0.0
2023-02-07 11:00:00,0.0,0.0,0.0,0.0
2023-02-07 12:00:00,0.0,0.0,0.0,0.0
2023-02-07 13:00:00,0.0,0.0,0.0,0.0
2023-02-07 14:00:00,0.0,0.0,0.0,0.0
2023-02-07 15:00:00,0.0,0.0,0.0,0.0
2023-02-07 16:00:00,0.0,0.0,0.0,0.0
2023-02-07 17:00:00,0.0,0.0,0.0,0.0
2023-02-07 18:00:00,0.0,0.0,0.0,0.0
2023-02-07 19:00:00,0.009510356025857161,0.04186411399462397,0.009639270668035795,0.01635059117818148
2023-02-07 20:00:00,0.12704124621338247,0.1801389287162225,0.15071395662246412,0.19130400336642847
2023-02-07 21:00:00,0.14162887185535375,0.1528456381737764,0.14694109545969686,0.12969052988077642
2023-02-07 22:00:00,0.15570860970989361,0.15000121264453228,0.15685710946401296,0.14929475403740577
2023-02-07 23:00:00,0.2124344500085716,0.23267927813029368,0.22395685223516854,0.2512463013891414
2023-02-08 00:00:00,0.2488382286793324,0.25217612643384363,0.24180474589408704,0.21172769499371527
2023-02-08 01:00:00,0.4221334320738563,0.5804453835113496,0.4570999064565283,0.4215447176304674
2023-02-08 02:00:00,0.5514073462833115,0.684570528702678,0.5951216823060368,0.5605944424841399
2023-02-08 03:00:00,0.4996470572031744,0.57390173152367,0.5281947524043205,0.4854813096466337
2023-02-08 04:00:00,0.35260043430836047,0.3595886323446867,0.3497592890499048,0.2969714982721024
2023-02-08 05:00:00,0.0,0.0,0.0,0.0
2023-02-08 06:00:00,0.0,0.0,0.0,0.0
2023-02-08 07:00:00,0.0,0.0,0.0,0.0
2023-02-08 08:00:00,0.0,0.0,0.0,0.0
2023-02-08 09:00:00,0.0,0.0,0.0,0.0
2023-02-08 10:00:00,0.0,0.0,0.0,0.0
2023-02-08 11:00:00,0.0,0.0,0.0,0.0
2023-02-08 12:00:00,0.0,0.0,0.0,0.0
2023-02-08 13:00:00,0.0,0.0,0.0,0.0
2023-02-08 14:00:00,0.0,0.0,0.0,0.0
2023-02-08 15:00:00,0.0,0.0,0.0,0.0
2023-02-08 16:00:00,0.0,0.0,0.0,0.0
2023-02-08 17:00:00,0.0,0.0,0.0,0.0
2023-02-08 18:00:00,0.0,0.0,0.0,0.0
2023-02-08 19:00:00,0.4472411171618282,0.5262579688322597,0.47952648102988754,0.4429340603840109
2023-02-08 20:00:00,0.6062230305822335,0.7054913661473013,0.6468057751708975,0.6077491918189071
2023-02-08 21:00:00,0.6646326722651642,0.7904632489495391,0.7153820706315714,0.6560053375675786
2023-02-08 22:00:00,0.7577256200157114,0.8218438727540915,0.7849898135070015,0.7518575417773922
2023-02-08 23:00:00,0.819669426516834,0.8291067174351264,0.828358714803922,0.8209321643241446
2023-02-09 00:00:00,0.8359399650429061,0.8448882461159858,0.8396256259088051,0.8363727010316074
2023-02-09 01:00:00,0.7283222831547782,0.7085912801525872,0.7256051211375951,0.7234847210061618
2023-02-09 02:00:00,0.739332864275506,0.7046839989597397,0.738714509488728,0.7407279729734343
2023-02-09 03:00:00,0.477272449544877,0.37669697412961606,0.45414514492393854,0.48781135184330987
2023-02-09 04:00:00,0.26399234398821175,0.1483690154766039,0.2336403556344266,0.292848083877985
2023-02-09 05:00:00,0.0,0.0,0.0,0.0
2023-02-09 06:00:00,0.0,0.0,0.0,0.0
2023-02-09 07:00:00,0.0,0.0,0.0,0.0
2023-02-09 08:00:00,0.0,0.0,0.0,0.0
2023-02-09 09:00:00,0.0,0.0,0.0,0.0
2023-02-09 10:00:00,0.0,0.0,0.0,0.0
2023-02-09 11:00:00,0.0,0.0,0.0,0.0
2023-02-09 12:00:00,0.0,0.0,0.0,0.0
2023-02-09 13:00:00,0.0,0.0,0.0,0.0
2023-02-09 14:00:00,0.0,0.0,0.0,0.0
2023-02-09 15:00:00,0.0,0.0,0.0,0.0
2023-02-09 16:00:00,0.0,0.0,0.0,0.0
2023-02-09 17:00:00,0.0,0.0,0.0,0.0
2023-02-09 18:00:00,0.0,0.0,0.0,0.0
2023-02-09 19:00:00,0.0004075914554108176,0.0004869779141920571,0.00047954336932347266,9.927759816192717e-05
2023-02-09 20:00:00,0.0021665467730772833,0.003969928300855623,0.0021494196979357488,0.0010830844382812028
2023-02-09 21:00:00,0.02263459686254263,0.025098879987513187,0.02426710293610629,0.02179619958869601
2023-02-09 22:00:00,0.023069141638631,0.03230236866844638,0.023860685369206488,0.01816776934102711
2023-02-09 23:00:00,0.041797641930038675,0.04218159741871993,0.03785875967885026,0.026567441395949843
2023-02-10 00:00:00,0.1288600384380884,0.09078312653503688,0.11960488638021366,0.08895241872183861
2023-02-10 01:00:00,0.22794054446720372,0.3718501784711303,0.272573901834237,0.22020770240145757
2023-02-10 02:00:00,0.2263807046608646,0.34143444488991875,0.23921441972300722,0.17639021461414647
2023-02-10 03:00:00,0.2582162633388543,0.3772993482818492,0.2994916805479972,0.281476911088226
2023-02-10 04:00:00,0.25530749823592674,0.18081770198655134,0.23876418537848068,0.26921759712069215
2023-02-10 05:00:00,0.0,0.0,0.0,0.0
2023-02-10 06:00:00,0.0,0.0,0.0,0.0
2023-02-10 07:00:00,0.0,0.0,0.0,0.0
2023-02-10 08:00:00,0.0,0.0,0.0,0.0
2023-02-10 09:00:00,0.0,0.0,0.0,0.0
2023-02-10 10:00:00,0.0,0.0,0.0,0.0
2023-02-10 11:00:00,0.0,0.0,0.0,0.0
2023-02-10 12:00:00,0.0,0.0,0.0,0.0
2023-02-10 13:00:00,0.0,0.0,0.0,0.0
2023-02-10 14:00:00,0.0,0.0,0.0,0.0
2023-02-10 15:00:00,0.0,0.0,0.0,0.0
2023-02-10 16:00:00,0.0,0.0,0.0,0.0
2023-02-10 17:00:00,0.0,0.0,0.0,0.0
2023-02-10 18:00:00,0.0,0.0,0.0,0.0
2023-02-10 19:00:00,0.05958311510773979,0.08274898234643004,0.07173312796824238,0.0753513028269942
2023-02-10 20:00:00,0.10890929366429947,0.1690693971837951,0.13077431718538884,0.14128378318760929
2023-02-10 21:00:00,0.13635631482204835,0.10833464806776037,0.13203495151267303,0.13951626642883438
2023-02-10 22:00:00,0.19064241662647427,0.19758030418895725,0.18947810882661142,0.16303046902710916
2023-02-10 23:00:00,0.2285871760815056,0.20284938902618146,0.2279310230349274,0.2045364634407211
2023-02-11 00:00:00,0.26954745722622153,0.3943473446227403,0.2927018676397908,0.2816974765766723
2023-02-11 01:00:00,0.28213243052864323,0.32494626488560857,0.2982047682492255,0.2882946165246492
2023-02-11 02:00:00,0.23240025378116327,0.27332221245975985,0.21571117386161948,0.18202357501047675
2023-02-11 03:00:00,0.2721206853327251,0.3284155051100514,0.2757981865395386,0.202101026685462
2023-02-11 04:00:00,0.28534170877482873,0.32503769884804923,0.31669234507607213,0.28465746857722124
2023-02-11 05:00:00,0.0,0.0,0.0,0.0
2023-02-11 06:00:00,0.0,0.0,0.0,0.0
2023-02-11 07:00:00,0.0,0.0,0.0,0.0
2023-02-11 08:00:00,0.0,0.0,0.0,0.0
2023-02-11 09:00:00,0.0,0.0,0.0,0.0
2023-02-11 10:00:00,0.0,0.0,0.0,0.0
2023-02-11 11:00:00,0.0,0.0,0.0,0.0
2023-02-11 12:00:00,0.0,0.0,0.0,0.0
2023-02-11 13:00:00,0.0,0.0,0.0,0.0
2023-02-11 14:00:00,0.0,0.0,0.0,0.0
2023-02-11 15:00:00,0.0,0.0,0.0,0.0
2023-02-11 16:00:00,0.0,0.0,0.0,0.0
2023-02-11 17:00:00,0.0,0.0,0.0,0.0
2023-02-11 18:00:00,0.0,0.0,0.0,0.0
2023-02-11 19:00:00,0.41203549921709476,0.5500191097914057,0.4591054889820094,0.42324151051550635
2023-02-11 20:00:00,0.5710693774509356,0.705130336763108,0.6090673106799602,0.5237678808789842
2023-02-11 21:00:00,0.7073436626166822,0.8114710939712486,0.7482633180005757,0.7296233416805812
2023-02-11 22:00:00,0.8500839567170427,0.8474693232098857,0.8515231296841763,0.8512055904864164
2023-02-11 23:00:00,0.8600683533625718,0.8579845057075198,0.8608323484307308,0.8597412211365847
2023-02-12 00:00:00,0.8519486436825866,0.8514081781169853,0.8520931608799367,0.8501838398715842
2023-02-12 01:00:00,0.8238690333382177,0.8245415275807426,0.8242635001852472,0.822358713768847
2023-02-12 02:00:00,0.7637496789103477,0.7672415161700795,0.7649899964670259,0.7632927682581941
2023-02-12 03:00:00,0.6387592255330067,0.6477867873646836,0.6414533152181378,0.64013055680793
2023-02-12 04:00:00,0.4485253299636189,0.44511880433946627,0.44697005029981896,0.44760289911041334
2023-02-12 05:00:00,0.0,0.0,0.0,0.0
2023-02-12 06:00:00,0.0,0.0,0.0,0.0
2023-02-12 07:00:00,0.0,0.0,0.0,0.0
2023-02-12 08:00:00,0.0,0.0,0.0,0.0
2023-02-12 09:00:00,0.0,0.0,0.0,0.0
2023-02-12 10:00:00,0.0,0.0,0.0,0.0
2023-02-12 11:00:00,0.0,0.0,0.0,0.0
2023-02-12 12:00:00,0.0,0.0,0.0,0.0
2023-02-12 13:00:00,0.0,0.0,0.0,0.0
2023-02-12 14:00:00,0.0,0.0,0.0,0.0
2023-02-12 15:00:00,0.0,0.0,0.0,0.0
2023-02-12 16:00:00,0.0,0.0,0.0,0.0
2023-02-12 17:00:00,0.0,0.0,0.0,0.0
2023-02-12 18:00:00,0.0,0.0,0.0,0.0
2023-02-12 19:00:00,0.567615907464886,0.5617179119163521,0.5672132344534511,0.5637436056637166
2023-02-12 20:00:00,0.724244649057452,0.7192843078318583,0.723816220088491,0.7205671103177208
2023-02-12 21:00:00,0.7928385078415455,0.789952391106527,0.7937786661273614,0.7906561076780765
2023-02-12 22:00:00,0.8249863283760789,0.820138345592447,0.8255836712529002,0.8195892029710093
2023-02-12 23:00:00,0.8344058120675234,0.8286682638113619,0.8345873245889139,0.8271010779643975
2023-02-13 00:00:00,0.8288183046722105,0.8238167401740489,0.8287881666248157,0.8206944205303784
2023-02-13 01:00:00,0.8030694801852873,0.7979138988940253,0.8029437978970748,0.7943388679903743
2023-02-13 02:00:00,0.7452072737291279,0.741371988812065,0.7449656536805632,0.7371891278480631
2023-02-13 03:00:00,0.6237549481937594,0.6309664747948801,0.6264193068847463,0.6218418315875159
2023-02-13 04:00:00,0.4359761886242905,0.4382060570495246,0.4362629470420379,0.435777137553254
2023-02-13 05:00:00,0.0,0.0,0.0,0.0
2023-02-13 06:00:00,0.0,0.0,0.0,0.0
2023-02-13 07:00:00,0.0,0.0,0.0,0.0
2023-02-13 08:00:00,0.0,0.0,0.0,0.0
2023-02-13 09:00:00,0.0,0.0,0.0,0.0
2023-02-13 10:00:00,0.0,0.0,0.0,0.0
2023-02-13 11:00:00,0.0,0.0,0.0,0.0
2023-02-13 12:00:00,0.0,0.0,0.0,0.0
2023-02-13 13:00:00,0.0,0.0,0.0,0.0
2023-02-13 14:00:00,0.0,0.0,0.0,0.0
2023-02-13 15:00:00,0.0,0.0,0.0,0.0
2023-02-13 16:00:00,0.0,0.0,0.0,0.0
2023-02-13 17:00:00,0.0,0.0,0.0,0.0
2023-02-13 18:00:00,0.0,0.0,0.0,0.0
2023-02-13 19:00:00,0.3994109045364411,0.31674762151659036,0.3780736581196352,0.40230632788574416
2023-02-13 20:00:00,0.6383721540636672,0.5944154733989443,0.6249117043147965,0.6432636110032629
2023-02-13 21:00:00,0.7826532093305607,0.7767019767395494,0.7811178346141155,0.7812422504728901
2023-02-13 22:00:00,0.8138761831423545,0.8117813147614396,0.8140424021764423,0.8102361237014972
2023-02-13 23:00:00,0.8242651829526647,0.8225058040934519,0.8244111465987323,0.8176937890283291
2023-02-14 00:00:00,0.8104130510923376,0.8176928040425925,0.8146195293661205,0.8119348469926986
2023-02-14 01:00:00,0.7942307994394094,0.792453064374048,0.794617172427259,0.7896210188658976
2023-02-14 02:00:00,0.7257369071710964,0.7320186708999133,0.7279963036322273,0.7268054018373086
2023-02-14 03:00:00,0.5986722575357711,0.5932309182236226,0.5973821548337811,0.6045473329133625
2023-02-14 04:00:00,0.4140658013771372,0.40719079155019733,0.4116773855631472,0.41112603953107124
2023-02-14 05:00:00,0.0,0.0,0.0,0.0
2023-02-14 06:00:00,0.0,0.0,0.0,0.0
2023-02-14 07:00:00,0.0,0.0,0.0,0.0
2023-02-14 08:00:00,0.0,0.0,0.0,0.0
2023-02-14 09:00:00,0.0,0.0,0.0,0.0
2023-02-14 10:00:00,0.0,0.0,0.0,0.0
2023-02-14 11:00:00,0.0,0.0,0.0,0.0
2023-02-14 12:00:00,0.0,0.0,0.0,0.0
2023-02-14 13:00:00,0.0,0.0,0.0,0.0
2023-02-14 14:00:00,0.0,0.0,0.0,0.0
2023-02-14 15:00:00,0.0,0.0,0.0,0.0
2023-02-14 16:00:00,0.0,0.0,0.0,0.0
2023-02-14 17:00:00,0.0,0.0,0.0,0.0
2023-02-14 18:00:00,0.0,0.0,0.0,0.0
2023-02-14 19:00:00,0.5761199500484032,0.570828819171629,0.5767549585436167,0.5711098016482011
2023-02-14 20:00:00,0.7282968241294973,0.7250299063532575,0.7304282302695297,0.7223668048965974
2023-02-14 21:00:00,0.7980931117237094,0.7946549538210856,0.8003204152386405,0.7907692217672411
2023-02-14 22:00:00,0.8290910495822637,0.8199934818830578,0.8315545658671613,0.8205699245873959
2023-02-14 23:00:00,0.8406220354650035,0.8332326888862444,0.842753800749768,0.8311192304562551
2023-02-15 00:00:00,0.8243470600505662,0.7944810049699772,0.8225438085474732,0.8167626190758162
2023-02-15 01:00:00,0.7858036839218526,0.756385136193817,0.7840657053945377,0.7832257733458431
2023-02-15 02:00:00,0.6335538254007179,0.5318352933080434,0.6086246850699988,0.6315910052956243
2023-02-15 03:00:00,0.30155549789821884,0.19150327740104853,0.2695089602849726,0.31347277726525163
2023-02-15 04:00:00,0.031900816197221106,0.019048616740101373,0.0276237078610335,0.029664642276686363
2023-02-15 05:00:00,0.0,0.0,0.0,0.0
2023-02-15 06:00:00,0.0,0.0,0.0,0.0
2023-02-15 07:00:00,0.0,0.0,0.0,0.0
2023-02-15 08:00:00,0.0,0.0,0.0,0.0
2023-02-15 09:00:00,0.0,0.0,0.0,0.0
2023-02-15 10:00:00,0.0,0.0,0.0,0.0
2023-02-15 11:00:00,0.0,0.0,0.0,0.0
2023-02-15 12:00:00,0.0,0.0,0.0,0.0
2023-02-15 13:00:00,0.0,0.0,0.0,0.0
2023-02-15 14:00:00,0.0,0.0,0.0,0.0
2023-02-15 15:00:00,0.0,0.0,0.0,0.0
2023-02-15 16:00:00,0.0,0.0,0.0,0.0
2023-02-15 17:00:00,0.0,0.0,0.0,0.0
2023-02-15 18:00:00,0.0,0.0,0.0,0.0
2023-02-15 19:00:00,0.1782661243322826,0.14284655340406552,0.16841737351801894,0.12469869319853939
2023-02-15 20:00:00,0.4515603543977759,0.37895930374501235,0.4242335891851533,0.40005946471014825
2023-02-15 21:00:00,0.4097094801661105,0.4494213798927768,0.41212247035553695,0.3673872606060429
2023-02-15 22:00:00,0.4693928116544818,0.5437163186544388,0.5038771544753913,0.44256280198654885
2023-02-15 23:00:00,0.6354410421326206,0.6605808367644096,0.6371070373168317,0.548711085084694
2023-02-16 00:00:00,0.6594232755320303,0.7155473288472073,0.6776772727508604,0.568209411412686
2023-02-16 01:00:00,0.6904351198982628,0.7392566410084737,0.7007226689725874,0.6480520958771263
2023-02-16 02:00:00,0.6041852372944237,0.6876285404160086,0.6384157396795094,0.5844137720579777
2023-02-16 03:00:00,0.5762657888547041,0.5858065020071818,0.5755662738993592,0.5416169840465533
2023-02-16 04:00:00,0.3917238747348059,0.4045128955671016,0.3957289822727056,0.38572451259753454
2023-02-16 05:00:00,0.0,0.0,0.0,0.0
2023-02-16 06:00:00,0.0,0.0,0.0,0.0
2023-02-16 07:00:00,0.0,0.0,0.0,0.0
2023-02-16 08:00:00,0.0,0.0,0.0,0.0
2023-02-16 09:00:00,0.0,0.0,0.0,0.0
2023-02-16 10:00:00,0.0,0.0,0.0,0.0
2023-02-16 11:00:00,0.0,0.0,0.0,0.0
2023-02-16 12:00:00,0.0,0.0,0.0,0.0
2023-02-16 13:00:00,0.0,0.0,0.0,0.0
2023-02-16 14:00:00,0.0,0.0,0.0,0.0
2023-02-16 15:00:00,0.0,0.0,0.0,0.0
2023-02-16 16:00:00,0.0,0.0,0.0,0.0
2023-02-16 17:00:00,0.0,0.0,0.0,0.0
2023-02-16 18:00:00,0.0,0.0,0.0,0.0
2023-02-16 19:00:00,0.11941361142138825,0.06087374719742738,0.10197325804171839,0.13375718616214413
2023-02-16 20:00:00,0.16709179610636873,0.10453346229759387,0.14588311304191506,0.19413998569637528
2023-02-16 21:00:00,0.2467012202152993,0.15314948456870467,0.22628874444429928,0.3436845276474177
2023-02-16 22:00:00,0.2758785092065948,0.18002398733905609,0.25680117957025206,0.34438120501551545
2023-02-16 23:00:00,0.2156401045390859,0.20776479408755932,0.21516300119497656,0.2799920174756189
2023-02-17 00:00:00,0.3306536448134969,0.4385886832233932,0.36707741898392454,0.31451150785206566
2023-02-17 01:00:00,0.3032723115652505,0.3633560484029574,0.30564567531301295,0.24620481018162046
2023-02-17 02:00:00,0.21187102591642437,0.23384819082253216,0.21961936500785767,0.20562965662303823
2023-02-17 03:00:00,0.12374666221997765,0.06558023212332707,0.10719460342339418,0.11680004755150449
2023-02-17 04:00:00,0.0012931571470515858,0.0,0.00040233024709668513,0.0006697832442120371
2023-02-17 05:00:00,0.0,0.0,0.0,0.0
2023-02-17 06:00:00,0.0,0.0,0.0,0.0
2023-02-17 07:00:00,0.0,0.0,0.0,0.0
2023-02-17 08:00:00,0.0,0.0,0.0,0.0
2023-02-17 09:00:00,0.0,0.0,0.0,0.0
2023-02-17 10:00:00,0.0,0.0,0.0,0.0
2023-02-17 11:00:00,0.0,0.0,0.0,0.0
2023-02-17 12:00:00,0.0,0.0,0.0,0.0
2023-02-17 13:00:00,0.0,0.0,0.0,0.0
2023-02-17 14:00:00,0.0,0.0,0.0,0.0
2023-02-17 15:00:00,0.0,0.0,0.0,0.0
2023-02-17 16:00:00,0.0,0.0,0.0,0.0
2023-02-17 17:00:00,0.0,0.0,0.0,0.0
2023-02-17 18:00:00,0.13949055863797333,0.0,0.10640313217000306,0.0
2023-02-17 19:00:00,0.289957139032575,0.06087771255872693,0.2326964062232739,0.2037646553317565
2023-02-17 20:00:00,0.41844050313539793,0.12462148152896425,0.34552169579346387,0.29839853753260204
2023-02-17 21:00:00,0.41568124450715876,0.19839511126543816,0.346218348716624,0.3436712549723607
2023-02-17 22:00:00,0.4671213705026028,0.1574417211683896,0.36877126020895135,0.36219853276250724
2023-02-17 23:00:00,0.44429071173718854,0.23686536631391433,0.3832879140825338,0.35409643232172544
2023-02-18 00:00:00,0.3126492441339273,0.20671441641249377,0.27504539881468293,0.2615257368307576
2023-02-18 01:00:00,0.25272328730620863,0.20273926781064613,0.2215255673499655,0.20749515993242743
2023-02-18 02:00:00,0.1745622669623659,0.14386949176852804,0.14561183869186545,0.15275130712365534
2023-02-18 03:00:00,0.1095401070651724,0.13689016407280322,0.10950648792919412,0.0950630077366073
2023-02-18 04:00:00,0.010072231632069271,0.08298613462470644,0.0069954593982823055,0.007162409179795315
2023-02-18 05:00:00,0.0,0.0,0.0,0.0
2023-02-18 06:00:00,0.0,0.0,0.0,0.0
2023-02-18 07:00:00,0.0,0.0,0.0,0.0
2023-02-18 08:00:00,0.0,0.0,0.0,0.0
2023-02-18 09:00:00,0.0,0.0,0.0,0.0
2023-02-18 10:00:00,0.0,0.0,0.0,0.0
2023-02-18 11:00:00,0.0,0.0,0.0,0.0
2023-02-18 12:00:00,0.0,0.0,0.0,0.0
2023-02-18 13:00:00,0.0,0.0,0.0,0.0
2023-02-18 14:00:00,0.0,0.0,0.0,0.0
2023-02-18 15:00:00,0.0,0.0,0.0,0.0
2023-02-18 16:00:00,0.0,0.0,0.0,0.0
2023-02-18 17:00:00,0.0,0.0,0.0,0.0
2023-02-18 18:00:00,0.532026009195156,0.2012937985729084,0.5588358971362137,0.3729586673981524
2023-02-18 19:00:00,0.5759841214799345,0.5868918736367182,0.5786191733689896,0.5800195895546455
2023-02-18 20:00:00,0.7345615627213662,0.7362173274114906,0.7362812378655128,0.7241100868636368
2023-02-18 21:00:00,0.7695101324328538,0.7988751985158435,0.7756256820389964,0.7405102613409182
2023-02-18 22:00:00,0.7864175003136399,0.829562049175587,0.7974349038272428,0.7829861067565135
2023-02-18 23:00:00,0.848773673018091,0.8517823523084457,0.8486535657342595,0.8514280484888275
2023-02-19 00:00:00,0.8492191214376473,0.8525446036015617,0.8497848499062413,0.855853343405769
2023-02-19 01:00:00,0.8292259550217379,0.82012498036944,0.8277566760600308,0.8311512301982594
2023-02-19 02:00:00,0.7638203254431959,0.7399532954420455,0.757299216579407,0.7567395715624406
2023-02-19 03:00:00,0.551510668693795,0.5304512325634886,0.5454371124344938,0.5762389150322554
2023-02-19 04:00:00,0.29539607369549564,0.26828494775917694,0.28066073880735753,0.3126128636587565
2023-02-19 05:00:00,0.0,0.0,0.0,0.0
2023-02-19 06:00:00,0.0,0.0,0.0,0.0
2023-02-19 07:00:00,0.0,0.0,0.0,0.0
2023-02-19 08:00:00,0.0,0.0,0.0,0.0
2023-02-19 09:00:00,0.0,0.0,0.0,0.0
2023-02-19 10:00:00,0.0,0.0,0.0,0.0
2023-02-19 11:00:00,0.0,0.0,0.0,0.0
2023-02-19 12:00:00,0.0,0.0,0.0,0.0
2023-02-19 13:00:00,0.0,0.0,0.0,0.0
2023-02-19 14:00:00,0.0,0.0,0.0,0.0
2023-02-19 15:00:00,0.0,0.0,0.0,0.0
2023-02-19 16:00:00,0.0,0.0,0.0,0.0
2023-02-19 17:00:00,0.0,0.0,0.0,0.0
2023-02-19 18:00:00,0.0006753333057818585,0.0006065411398341949,0.0005094802701155576,0.00031636053894828407
2023-02-19 19:00:00,0.03954640348934149,0.07748785444274138,0.04093717826199231,0.036022871831602084
2023-02-19 20:00:00,0.3342936948876201,0.3424325266979631,0.34105205361032953,0.35040090473775143
2023-02-19 21:00:00,0.5545245384301631,0.5529568796819353,0.5552709912802771,0.5645021954127399
2023-02-19 22:00:00,0.7284367906218615,0.7354770516950394,0.7276980805383899,0.7540415338172989
2023-02-19 23:00:00,0.6059245684835924,0.5580880515506275,0.582407653997632,0.6285301985966633
2023-02-20 00:00:00,0.4803284175307674,0.4821633280577659,0.46243328524425126,0.4133413468020352
2023-02-20 01:00:00,0.44637240639077813,0.5823366111700187,0.46653333854879864,0.4410953561001507
2023-02-20 02:00:00,0.46682343246053887,0.6573194306900835,0.5361801516319484,0.5092338665332393
2023-02-20 03:00:00,0.48095840398465756,0.5742053182034502,0.5226548960210964,0.5251965012032661
2023-02-20 04:00:00,0.4047330145530504,0.35983967042863635,0.40433588716367336,0.3921550888843006
2023-02-20 05:00:00,0.0,0.0,0.0,0.0
2023-02-20 06:00:00,0.0,0.0,0.0,0.0
2023-02-20 07:00:00,0.0,0.0,0.0,0.0
2023-02-20 08:00:00,0.0,0.0,0.0,0.0
2023-02-20 09:00:00,0.0,0.0,0.0,0.0
2023-02-20 10:00:00,0.0,0.0,0.0,0.0
2023-02-20 11:00:00,0.0,0.0,0.0,0.0
2023-02-20 12:00:00,0.0,0.0,0.0,0.0
2023-02-20 13:00:00,0.0,0.0,0.0,0.0
2023-02-20 14:00:00,0.0,0.0,0.0,0.0
2023-02-20 15:00:00,0.0,0.0,0.0,0.0
2023-02-20 16:00:00,0.0,0.0,0.0,0.0
2023-02-20 17:00:00,0.0,0.0,0.0,0.0
2023-02-20 18:00:00,0.14790015290624967,0.21576415188139364,0.15549271495754363,0.1420592939904062
2023-02-20 19:00:00,0.44584525730862073,0.5183911231746462,0.472562818858851,0.3797753836136602
2023-02-20 20:00:00,0.6142560105376264,0.6095307303051402,0.6153210455788437,0.5198509448273733
2023-02-20 21:00:00,0.6695153064510193,0.5603620106269674,0.6364676213900411,0.6155531378224258
2023-02-20 22:00:00,0.652206546372142,0.5882673130360606,0.6318395648235847,0.6313471077024918
2023-02-20 23:00:00,0.6837377554553176,0.6514780952502243,0.6790840477698621,0.654848644556588
2023-02-21 00:00:00,0.6493074727980336,0.5669992016475,0.636908647125431,0.6388806000908586
2023-02-21 01:00:00,0.6263193128571473,0.5405799482758407,0.5912212811101891,0.591456971355379
2023-02-21 02:00:00,0.518513333630867,0.3268490971906284,0.4652582531444043,0.5319148166848335
2023-02-21 03:00:00,0.2447356954015223,0.2466929194795816,0.2394471538634242,0.2649263208911657
2023-02-21 04:00:00,0.08889295361444084,0.11560023006861436,0.09571364695712639,0.0917243701980553
2023-02-21 05:00:00,0.0,0.0,0.0,0.0
2023-02-21 06:00:00,0.0,0.0,0.0,0.0
2023-02-21 07:00:00,0.0,0.0,0.0,0.0
2023-02-21 08:00:00,0.0,0.0,0.0,0.0
2023-02-21 09:00:00,0.0,0.0,0.0,0.0
2023-02-21 10:00:00,0.0,0.0,0.0,0.0
2023-02-21 11:00:00,0.0,0.0,0.0,0.0
2023-02-21 12:00:00,0.0,0.0,0.0,0.0
2023-02-21 13:00:00,0.0,0.0,0.0,0.0
2023-02-21 14:00:00,0.0,0.0,0.0,0.0
2023-02-21 15:00:00,0.0,0.0,0.0,0.0
2023-02-21 16:00:00,0.0,0.0,0.0,0.0
2023-02-21 17:00:00,0.0,0.0,0.0,0.0
2023-02-21 18:00:00,0.08525238526780328,0.07623396559847843,0.08858802905530817,0.08490403622623237
2023-02-21 19:00:00,0.07071112407934498,0.08536336615670063,0.05997803107884915,0.05903982624991544
2023-02-21 20:00:00,0.3134660127710883,0.4661006415581377,0.35807993376580993,0.34353051180354627
2023-02-21 21:00:00,0.607318643309661,0.6562304987896881,0.628416175438401,0.5380880121320352
2023-02-21 22:00:00,0.5863720737837652,0.48215574178765547,0.5654574110522752,0.5387065581776526
2023-02-21 23:00:00,0.45264597022617353,0.36931124341539684,0.41179661656548405,0.41201921679718057
2023-02-22 00:00:00,0.5018911391617681,0.5411156894679489,0.5075549175749967,0.5282108597612426
2023-02-22 01:00:00,0.39929049293141,0.43230312827930556,0.3748150962824114,0.44925250243941334
2023-02-22 02:00:00,0.4141026654067845,0.5719653262343121,0.42944855024193784,0.4085311668335078
2023-02-22 03:00:00,0.32458696227205946,0.5683400033703334,0.38473297762378705,0.3111488945389335
2023-02-22 04:00:00,0.26660885545567686,0.2922158451442152,0.2860916719379487,0.21575011583973888
2023-02-22 05:00:00,0.0,0.0,0.0,0.0
2023-02-22 06:00:00,0.0,0.0,0.0,0.0
2023-02-22 07:00:00,0.0,0.0,0.0,0.0
2023-02-22 08:00:00,0.0,0.0,0.0,0.0
2023-02-22 09:00:00,0.0,0.0,0.0,0.0
2023-02-22 10:00:00,0.0,0.0,0.0,0.0
2023-02-22 11:00:00,0.0,0.0,0.0,0.0
2023-02-22 12:00:00,0.0,0.0,0.0,0.0
2023-02-22 13:00:00,0.0,0.0,0.0,0.0
2023-02-22 14:00:00,0.0,0.0,0.0,0.0
2023-02-22 15:00:00,0.0,0.0,0.0,0.0
2023-02-22 16:00:00,0.0,0.0,0.0,0.0
2023-02-22 17:00:00,0.0,0.0,0.0,0.0
2023-02-22 18:00:00,0.014677168439489055,0.009962141313068676,0.01684186331172369,0.02820427632392834
2023-02-22 19:00:00,0.007441277644299238,0.0075169208836357105,0.007038797373871882,0.006301145795719966
2023-02-22 20:00:00,0.022058793214713723,0.019952852773010035,0.020733595133895246,0.021427330169692296
2023-02-22 21:00:00,0.04795471520398401,0.0549109361107298,0.049858576651648084,0.05072169126788711
2023-02-22 22:00:00,0.08527928039484235,0.08136834376112266,0.08383451817460125,0.10016264152573788
2023-02-22 23:00:00,0.06103347060817207,0.05220898019138992,0.058850659360655116,0.07263960679227958
2023-02-23 00:00:00,0.04660400551475754,0.04240877611900939,0.04376000936951112,0.048544873016799106
2023-02-23 01:00:00,0.02532707903244397,0.02703963377741414,0.02520482632549429,0.02962954906166053
2023-02-23 02:00:00,0.01823149735238905,0.01086168453493469,0.014042360012530633,0.02285182346046358
2023-02-23 03:00:00,0.007444611619361258,0.005811522108871453,0.007332154919305285,0.010158624948619485
2023-02-23 04:00:00,0.0,0.0,0.0,0.00013592884695096864
2023-02-23 05:00:00,0.0,0.0,0.0,0.0
2023-02-23 06:00:00,0.0,0.0,0.0,0.0
2023-02-23 07:00:00,0.0,0.0,0.0,0.0
2023-02-23 08:00:00,0.0,0.0,0.0,0.0
2023-02-23 09:00:00,0.0,0.0,0.0,0.0
2023-02-23 10:00:00,0.0,0.0,0.0,0.0
2023-02-23 11:00:00,0.0,0.0,0.0,0.0
2023-02-23 12:00:00,0.0,0.0,0.0,0.0
2023-02-23 13:00:00,0.0,0.0,0.0,0.0
2023-02-23 14:00:00,0.0,0.0,0.0,0.0
2023-02-23 15:00:00,0.0,0.0,0.0,0.0
2023-02-23 16:00:00,0.0,0.0,0.0,0.0
2023-02-23 17:00:00,0.0,0.0,0.0,0.0
2023-02-23 18:00:00,0.0008252693695927028,0.0020882022441433366,0.0012379040543890542,0.001168997811644131
2023-02-23 19:00:00,0.03578293866540187,0.04025315626988462,0.03848041309463507,0.03748053025740942
2023-02-23 20:00:00,0.07053506292488775,0.07303064062446163,0.07231068527832199,0.06074228237158668
2023-02-23 21:00:00,0.0838006824644536,0.08898377346087456,0.08076691558958311,0.07353735987390818
2023-02-23 22:00:00,0.09749292441331903,0.10301445020803106,0.09791627525037104,0.096608023900914
2023-02-23 23:00:00,0.11071347554488259,0.1284551799810051,0.11636206658246695,0.11604941204038714
2023-02-24 00:00:00,0.12264748387401471,0.15703096158008678,0.13232188354202984,0.1377699448909083
2023-02-24 01:00:00,0.11929956334390202,0.14031388068510312,0.11596993150651594,0.08626787325250103
2023-02-24 02:00:00,0.0483433781565289,0.09210916025366346,0.055346619705576375,0.04162358619410248
2023-02-24 03:00:00,0.13137977505604184,0.22345470698224515,0.1595676346064498,0.10782052133846397
2023-02-24 04:00:00,0.08221675907437447,0.20046399254023553,0.10010676181331117,0.06055154538656841
2023-02-24 05:00:00,0.0,0.0,0.0,0.0
2023-02-24 06:00:00,0.0,0.0,0.0,0.0
2023-02-24 07:00:00,0.0,0.0,0.0,0.0
2023-02-24 08:00:00,0.0,0.0,0.0,0.0
2023-02-24 09:00:00,0.0,0.0,0.0,0.0
2023-02-24 10:00:00,0.0,0.0,0.0,0.0
2023-02-24 11:00:00,0.0,0.0,0.0,0.0
2023-02-24 12:00:00,0.0,0.0,0.0,0.0
2023-02-24 13:00:00,0.0,0.0,0.0,0.0
2023-02-24 14:00:00,0.0,0.0,0.0,0.0
2023-02-24 15:00:00,0.0,0.0,0.0,0.0
2023-02-24 16:00:00,0.0,0.0,0.0,0.0
2023-02-24 17:00:00,0.0,0.0,0.0,0.0
2023-02-24 18:00:00,0.1071468458955598,0.2678825687183686,0.14530871449073612,0.1026763226822545
2023-02-24 19:00:00,0.26383194229355383,0.5459191574454272,0.3368179926378812,0.25715808042942906
2023-02-24 20:00:00,0.35025338322766353,0.619241259731964,0.405660303160007,0.3320444016163678
2023-02-24 21:00:00,0.48951821991872996,0.7235239112184061,0.5513227050033687,0.46562645711898815
2023-02-24 22:00:00,0.5406957983815981,0.7549256213243271,0.5950662808832439,0.5049147182005096
2023-02-24 23:00:00,0.5236696100231262,0.8107001802128441,0.5983863776613457,0.5459341570298414
2023-02-25 00:00:00,0.4675429856882017,0.6294985710796964,0.5178229823537308,0.44085833665403035
2023-02-25 01:00:00,0.5544735272350758,0.7432888188095838,0.6098170684161589,0.5377495552828957
2023-02-25 02:00:00,0.48185457254962394,0.685743055543142,0.5398099684462316,0.4519491457492248
2023-02-25 03:00:00,0.3555911008788302,0.5485616984007161,0.39158356598437916,0.3139500427114705
2023-02-25 04:00:00,0.1441384409454581,0.3178324065672254,0.17681142390229374,0.14624745854152796
2023-02-25 05:00:00,0.0,0.0,0.0,0.0
2023-02-25 06:00:00,0.0,0.0,0.0,0.0
2023-02-25 07:00:00,0.0,0.0,0.0,0.0
2023-02-25 08:00:00,0.0,0.0,0.0,0.0
2023-02-25 09:00:00,0.0,0.0,0.0,0.0
2023-02-25 10:00:00,0.0,0.0,0.0,0.0
2023-02-25 11:00:00,0.0,0.0,0.0,0.0
2023-02-25 12:00:00,0.0,0.0,0.0,0.0
2023-02-25 13:00:00,0.0,0.0,0.0,0.0
2023-02-25 14:00:00,0.0,0.0,0.0,0.0
2023-02-25 15:00:00,0.0,0.0,0.0,0.0
2023-02-25 16:00:00,0.0,0.0,0.0,0.0
2023-02-25 17:00:00,0.0,0.0,0.0,0.0
2023-02-25 18:00:00,0.0015787456264378548,0.0025582642975639975,0.0019273598948346053,0.0017170884592753136
2023-02-25 19:00:00,0.02700741918766025,0.06114324712974517,0.028177475467651834,0.023077504651016264
2023-02-25 20:00:00,0.12593454456860123,0.15336780940548952,0.13551451005655066,0.09831376173709931
2023-02-25 21:00:00,0.20864690399463362,0.363244141660612,0.23291938004827406,0.15727770897427543
2023-02-25 22:00:00,0.5106019318338498,0.6956340567701144,0.5642803842049228,0.5193269838419198
2023-02-25 23:00:00,0.6972358210463048,0.7857248067916451,0.7306747354147327,0.6685509760172866
2023-02-26 00:00:00,0.6082103603127531,0.6831413220224217,0.6228810310486587,0.4828783295543972
2023-02-26 01:00:00,0.686228411210403,0.7124039015286115,0.7020242766160101,0.678827621488712
2023-02-26 02:00:00,0.6840817446698129,0.6452611208168797,0.6961098187478765,0.6752895269501495
2023-02-26 03:00:00,0.4629894468352483,0.41955637282958347,0.44443457013802834,0.42448052953317356
2023-02-26 04:00:00,0.2899028507565251,0.3019545362474167,0.2805550857844205,0.22770886507203966
2023-02-26 05:00:00,0.0,0.0,0.0,0.0
2023-02-26 06:00:00,0.0,0.0,0.0,0.0
2023-02-26 07:00:00,0.0,0.0,0.0,0.0
2023-02-26 08:00:00,0.0,0.0,0.0,0.0
2023-02-26 09:00:00,0.0,0.0,0.0,0.0
2023-02-26 10:00:00,0.0,0.0,0.0,0.0
2023-02-26 11:00:00,0.0,0.0,0.0,0.0
2023-02-26 12:00:00,0.0,0.0,0.0,0.0
2023-02-26 13:00:00,0.0,0.0,0.0,0.0
2023-02-26 14:00:00,0.0,0.0,0.0,0.0
2023-02-26 15:00:00,0.0,0.0,0.0,0.0
2023-02-26 16:00:00,0.0,0.0,0.0,0.0
2023-02-26 17:00:00,0.0,0.0,0.0,0.0
2023-02-26 18:00:00,0.41321127690699955,0.4174072036125695,0.4122684759133306,0.39953535316123673
2023-02-26 19:00:00,0.6379440476484447,0.6262570463577948,0.635158559073745,0.6358619133305984
2023-02-26 20:00:00,0.757631824622402,0.7556516426582344,0.7579793113010274,0.7545407482456912
2023-02-26 21:00:00,0.8250193997986489,0.8188869728401471,0.8240319815689062,0.8252568401276447
2023-02-26 22:00:00,0.8125221095761859,0.8461225362224343,0.8270737560821649,0.8057135099617815
2023-02-26 23:00:00,0.8463731342745272,0.8520097192506108,0.8483220584956477,0.8355826554456206
2023-02-27 00:00:00,0.8373742442881934,0.8458340543496462,0.841995051144518,0.836698306742663
2023-02-27 01:00:00,0.8311331336502304,0.8188884057172062,0.8283469576722772,0.8325027535237809
2023-02-27 02:00:00,0.760105914223517,0.7708193916595452,0.7656604521602912,0.7606072553537695
2023-02-27 03:00:00,0.6738767612573922,0.6683164787962156,0.6730419575215438,0.6805527579579668
2023-02-27 04:00:00,0.4755234354762668,0.4746179055833282,0.4750256086413245,0.4806764283696518
2023-02-27 05:00:00,0.0,0.0,0.0,0.0
2023-02-27 06:00:00,0.0,0.0,0.0,0.0
2023-02-27 07:00:00,0.0,0.0,0.0,0.0
2023-02-27 08:00:00,0.0,0.0,0.0,0.0
2023-02-27 09:00:00,0.0,0.0,0.0,0.0
2023-02-27 10:00:00,0.0,0.0,0.0,0.0
2023-02-27 11:00:00,0.0,0.0,0.0,0.0
2023-02-27 12:00:00,0.0,0.0,0.0,0.0
2023-02-27 13:00:00,0.0,0.0,0.0,0.0
2023-02-27 14:00:00,0.0,0.0,0.0,0.0
2023-02-27 15:00:00,0.0,0.0,0.0,0.0
2023-02-27 16:00:00,0.0,0.0,0.0,0.0
2023-02-27 17:00:00,0.0,0.0,0.0,0.0
2023-02-27 18:00:00,0.06753361801734521,0.0621244655364035,0.061682643751145586,0.06304103355541002
2023-02-27 19:00:00,0.37504040582404397,0.3754748864780973,0.39618324242946423,0.3465506401910816
2023-02-27 20:00:00,0.5249415664783316,0.30474882885966187,0.48365410677273124,0.4866639266359698
2023-02-27 21:00:00,0.36850868530300485,0.1927318686324758,0.3144794847055665,0.3534145415418068
2023-02-27 22:00:00,0.2837702753426642,0.16376567394014352,0.24992929502797978,0.2702023126163289
2023-02-27 23:00:00,0.1492890959688932,0.07098561058705953,0.12495813685429558,0.1449879077562939
2023-02-28 00:00:00,0.025678725591485162,0.02012369531261164,0.021379645413210035,0.02317746662141205
2023-02-28 01:00:00,0.011347831415162256,0.01167587385058629,0.010682952907097271,0.010232892896087519
2023-02-28 02:00:00,0.007197766441376364,0.016071158790360782,0.00808709338893284,0.007193569258700354
2023-02-28 03:00:00,0.009680361410785432,0.014285030462409254,0.012293867130193589,0.006154424861526889
2023-02-28 04:00:00,0.00037186429648660584,0.001854551538310891,0.000547772178322088,0.0005016581602012442
2023-02-28 05:00:00,0.0,0.0,0.0,0.0
2023-02-28 06:00:00,0.0,0.0,0.0,0.0
2023-02-28 07:00:00,0.0,0.0,0.0,0.0
2023-02-28 08:00:00,0.0,0.0,0.0,0.0
2023-02-28 09:00:00,0.0,0.0,0.0,0.0
2023-02-28 10:00:00,0.0,0.0,0.0,0.0
2023-02-28 11:00:00,0.0,0.0,0.0,0.0
2023-02-28 12:00:00,0.0,0.0,0.0,0.0
2023-02-28 13:00:00,0.0,0.0,0.0,0.0
2023-02-28 14:00:00,0.0,0.0,0.0,0.0
2023-02-28 15:00:00,0.0,0.0,0.0,0.0
2023-02-28 16:00:00,0.0,0.0,0.0,0.0
2023-02-28 17:00:00,0.0,0.0,0.0,0.0
2023-02-28 18:00:00,0.047513009541861544,0.043401256808099135,0.045977737950077806,0.043704758863747716
2023-02-28 19:00:00,0.10347716081426606,0.11383278152735883,0.11406867958913716,0.1334122790482846
2023-02-28 20:00:00,0.2822683776746509,0.42906686046974585,0.32727860083905536,0.3333170946135616
2023-02-28 21:00:00,0.32974518881409426,0.3022757113376282,0.3164422173031245,0.31963066078410557
2023-02-28 22:00:00,0.36022036424986936,0.3618966532823445,0.3526086171722776,0.3144223159306343
2023-02-28 23:00:00,0.41273317288443967,0.4878022538189966,0.4203024114682299,0.3838291603316069
2023-03-01 00:00:00,0.4019639863146809,0.45836071086171576,0.3929582301264708,0.355585785565868
2023-03-01 01:00:00,0.43859519515023915,0.5052575345565585,0.43606320745626437,0.42879252212105573
2023-03-01 02:00:00,0.4880264143895207,0.6915225274548078,0.5492222596469377,0.5530795933678312
2023-03-01 03:00:00,0.5604470452463757,0.6785950161816426,0.6016746559019969,0.5900871815771197
2023-03-01 04:00:00,0.4912573969217931,0.4966192564759558,0.49445138127074373,0.49209850312111025
2023-03-01 05:00:00,0.0,0.0,0.0,0.0
2023-03-01 06:00:00,0.0,0.0,0.0,0.0
2023-03-01 07:00:00,0.0,0.0,0.0,0.0
2023-03-01 08:00:00,0.0,0.0,0.0,0.0
2023-03-01 09:00:00,0.0,0.0,0.0,0.0
2023-03-01 10:00:00,0.0,0.0,0.0,0.0
2023-03-01 11:00:00,0.0,0.0,0.0,0.0
2023-03-01 12:00:00,0.0,0.0,0.0,0.0
2023-03-01 13:00:00,0.0,0.0,0.0,0.0
2023-03-01 14:00:00,0.0,0.0,0.0,0.0
2023-03-01 15:00:00,0.0,0.0,0.0,0.0
2023-03-01 16:00:00,0.0,0.0,0.0,0.0
2023-03-01 17:00:00,0.0,0.0,0.0,0.0
2023-03-01 18:00:00,0.02850637327406277,0.029885017539815775,0.029576778448437983,0.018677780875421896
2023-03-01 19:00:00,0.10709217628300795,0.08778821006721849,0.10081940597988748,0.10866515343666101
2023-03-01 20:00:00,0.09597429718074157,0.19570983178771492,0.10284888863860073,0.061646883335681635
2023-03-01 21:00:00,0.4072072470282046,0.6209111295476032,0.46099809619667764,0.3431906345418893
2023-03-01 22:00:00,0.6371672162989573,0.739556829620864,0.6663446151298935,0.5438670061413301
2023-03-01 23:00:00,0.7106945126840482,0.7540753972670616,0.7138586748550879,0.6337641821319296
2023-03-02 00:00:00,0.8242808482563305,0.784915026772086,0.8160269131388109,0.8283544571409589
2023-03-02 01:00:00,0.784359500993307,0.8066139662834478,0.7930249982524317,0.8156202695062054
2023-03-02 02:00:00,0.7322462799968221,0.6856944494322521,0.717227528500116,0.7446505234113626
2023-03-02 03:00:00,0.6648546835464124,0.6565905049530086,0.6643715716602988,0.6703058518969512
2023-03-02 04:00:00,0.4544630508640444,0.4522304167764805,0.4542805832937956,0.4588478171922899
2023-03-02 05:00:00,0.0,0.0,0.0,0.0
2023-03-02 06:00:00,0.0,0.0,0.0,0.0
2023-03-02 07:00:00,0.0,0.0,0.0,0.0
2023-03-02 08:00:00,0.0,0.0,0.0,0.0
2023-03-02 09:00:00,0.0,0.0,0.0,0.0
2023-03-02 10:00:00,0.0,0.0,0.0,0.0
2023-03-02 11:00:00,0.0,0.0,0.0,0.0
2023-03-02 12:00:00,0.0,0.0,0.0,0.0
2023-03-02 13:00:00,0.0,0.0,0.0,0.0
2023-03-02 14:00:00,0.0,0.0,0.0,0.0
2023-03-02 15:00:00,0.0,0.0,0.0,0.0
2023-03-02 16:00:00,0.0,0.0,0.0,0.0
2023-03-02 17:00:00,0.0,0.0,0.0,0.0
2023-03-02 18:00:00,0.33720787134381264,0.2984729541990355,0.32294852854483647,0.30421363938014806
2023-03-02 19:00:00,0.4596558358858471,0.4603549909402473,0.4427317842682674,0.41561927662629755
2023-03-02 20:00:00,0.44289056248337966,0.39449484096443904,0.4161958285469076,0.36560027781187276
2023-03-02 21:00:00,0.38333877872776506,0.3605955852920504,0.34787718343864904,0.2799569811582305
2023-03-02 22:00:00,0.33109466891047923,0.41037587847924534,0.3219363631294617,0.26323140537801154
2023-03-02 23:00:00,0.4050181624422833,0.534514680970525,0.4393966016962283,0.46538117878673546
2023-03-03 00:00:00,0.6308894427661066,0.7328704703655129,0.6761842383840763,0.6542832511001584
2023-03-03 01:00:00,0.6168998132118021,0.49328049321762996,0.5945128877965098,0.5671773540742255
2023-03-03 02:00:00,0.6199512793743763,0.4539838637092102,0.6008682893453603,0.6201452116507661
2023-03-03 03:00:00,0.5221727709045417,0.43607844693646847,0.5303586345506308,0.534798097912258
2023-03-03 04:00:00,0.41437811139322434,0.3616207908615783,0.4248768919771755,0.42629262342824337
2023-03-03 05:00:00,0.0,0.0,0.0,0.0
2023-03-03 06:00:00,0.0,0.0,0.0,0.0
2023-03-03 07:00:00,0.0,0.0,0.0,0.0
2023-03-03 08:00:00,0.0,0.0,0.0,0.0
2023-03-03 09:00:00,0.0,0.0,0.0,0.0
2023-03-03 10:00:00,0.0,0.0,0.0,0.0
2023-03-03 11:00:00,0.0,0.0,0.0,0.0
2023-03-03 12:00:00,0.0,0.0,0.0,0.0
2023-03-03 13:00:00,0.0,0.0,0.0,0.0
2023-03-03 14:00:00,0.0,0.0,0.0,0.0
2023-03-03 15:00:00,0.0,0.0,0.0,0.0
2023-03-03 16:00:00,0.0,0.0,0.0,0.0
2023-03-03 17:00:00,0.0,0.0,0.0,0.0
2023-03-03 18:00:00,0.0067008017088126025,0.004806767318176117,0.006185613746580539,0.007100351665424991
2023-03-03 19:00:00,0.050670485963835755,0.033915030601332455,0.04575054300621671,0.05528528452290877
2023-03-03 20:00:00,0.13661658128445794,0.107017860808244,0.12889894423859427,0.14597568193738017
2023-03-03 21:00:00,0.22311631958624653,0.19638881816338097,0.22110317294058418,0.23564416174460723
2023-03-03 22:00:00,0.244644845890428,0.2035286527847727,0.23575498676590384,0.2622324739568556
2023-03-03 23:00:00,0.19959622321204637,0.16218715658549418,0.19124276039884308,0.21629157493931553
2023-03-04 00:00:00,0.2005613936819529,0.17448019981559382,0.197669217688082,0.20708180214247576
2023-03-04 01:00:00,0.11890290697149168,0.0817415431097074,0.1091951500493891,0.13800834639737627
2023-03-04 02:00:00,0.0349968367605478,0.021469523793888907,0.03152607679823334,0.04590299450743607
2023-03-04 03:00:00,0.003316819800514055,0.003208875968960119,0.0029906260728015705,0.004922633334231817
2023-03-04 04:00:00,0.0,0.0,0.0,5.656895175723113e-05
2023-03-04 05:00:00,0.0,0.0,0.0,0.0
2023-03-04 06:00:00,0.0,0.0,0.0,0.0
2023-03-04 07:00:00,0.0,0.0,0.0,0.0
2023-03-04 08:00:00,0.0,0.0,0.0,0.0
2023-03-04 09:00:00,0.0,0.0,0.0,0.0
2023-03-04 10:00:00,0.0,0.0,0.0,0.0
2023-03-04 11:00:00,0.0,0.0,0.0,0.0
2023-03-04 12:00:00,0.0,0.0,0.0,0.0
2023-03-04 13:00:00,0.0,0.0,0.0,0.0
2023-03-04 14:00:00,0.0,0.0,0.0,0.0
2023-03-04 15:00:00,0.0,0.0,0.0,0.0
2023-03-04 16:00:00,0.0,0.0,0.0,0.0
2023-03-04 17:00:00,0.0,0.0,0.0,0.0
2023-03-04 18:00:00,0.1964733464622841,0.14454078376478618,0.16588928319446572,0.15704697813284238
2023-03-04 19:00:00,0.4831593486886905,0.2671034885437738,0.3948286842412493,0.373416463994993
2023-03-04 20:00:00,0.46208902986207034,0.3107370505374894,0.3783949428394242,0.32120565892335295
2023-03-04 21:00:00,0.5912519207729036,0.4686751741963268,0.5206695882681842,0.46295217667489785
2023-03-04 22:00:00,0.6518060990379616,0.606046645357923,0.6154425007030997,0.5463870885068473
2023-03-04 23:00:00,0.7144567753783241,0.6893574711937944,0.6885015784744104,0.6378472216306189
2023-03-05 00:00:00,0.8319272273825047,0.8055383220119127,0.8187929456730823,0.8264636680957239
2023-03-05 01:00:00,0.8408487978328751,0.8358641003641699,0.8408928216114586,0.855081669956463
2023-03-05 02:00:00,0.7895178267892943,0.762092904053139,0.7820295484923797,0.7936662063817597
2023-03-05 03:00:00,0.6955453390005668,0.6915751646928529,0.7000369388065528,0.7093287267503351
2023-03-05 04:00:00,0.4617699070580286,0.43179773616820644,0.4489125512459336,0.45687738152890617
2023-03-05 05:00:00,0.0,0.0,0.0,0.0
2023-03-05 06:00:00,0.0,0.0,0.0,0.0
2023-03-05 07:00:00,0.0,0.0,0.0,0.0
2023-03-05 08:00:00,0.0,0.0,0.0,0.0
2023-03-05 09:00:00,0.0,0.0,0.0,0.0
2023-03-05 10:00:00,0.0,0.0,0.0,0.0
2023-03-05 11:00:00,0.0,0.0,0.0,0.0
2023-03-05 12:00:00,0.0,0.0,0.0,0.0
2023-03-05 13:00:00,0.0,0.0,0.0,0.0
2023-03-05 14:00:00,0.0,0.0,0.0,0.0
2023-03-05 15:00:00,0.0,0.0,0.0,0.0
2023-03-05 16:00:00,0.0,0.0,0.0,0.0
2023-03-05 17:00:00,0.0,0.0,0.0,0.0
2023-03-05 18:00:00,0.31033172556815375,0.39275976372734095,0.3349189522559591,0.26475276328930947
2023-03-05 19:00:00,0.43656681734569186,0.5738809253918762,0.46357941216095283,0.31984881345233224
2023-03-05 20:00:00,0.5055509288572311,0.6689775770955072,0.537110924815452,0.4312405877540731
2023-03-05 21:00:00,0.5522843326181709,0.6270692143523847,0.5666614219873239,0.5230224733337598
2023-03-05 22:00:00,0.561936896736937,0.6333587583737451,0.5725754357994199,0.5576867646609295
2023-03-05 23:00:00,0.5586592259832983,0.6639201906298177,0.5799391251829381,0.5585509620178634
2023-03-06 00:00:00,0.6570017108434126,0.6371954783835941,0.6446837090677452,0.683959784085693
2023-03-06 01:00:00,0.6047416552602957,0.5983594422190586,0.5909607184852851,0.6561140073877633
2023-03-06 02:00:00,0.6440462335045684,0.5085844921487127,0.6001277318783946,0.6671864519706571
2023-03-06 03:00:00,0.6235199355805042,0.5531202323465253,0.5973364515897468,0.6355110926157362
2023-03-06 04:00:00,0.49038225602313174,0.4905879171905987,0.49105537459975546,0.49609598418670453
2023-03-06 05:00:00,0.0,0.0,0.0,0.0
2023-03-06 06:00:00,0.0,0.0,0.0,0.0
2023-03-06 07:00:00,0.0,0.0,0.0,0.0
2023-03-06 08:00:00,0.0,0.0,0.0,0.0
2023-03-06 09:00:00,0.0,0.0,0.0,0.0
2023-03-06 10:00:00,0.0,0.0,0.0,0.0
2023-03-06 11:00:00,0.0,0.0,0.0,0.0
2023-03-06 12:00:00,0.0,0.0,0.0,0.0
2023-03-06 13:00:00,0.0,0.0,0.0,0.0
2023-03-06 14:00:00,0.0,0.0,0.0,0.0
2023-03-06 15:00:00,0.0,0.0,0.0,0.0
2023-03-06 16:00:00,0.0,0.0,0.0,0.0
2023-03-06 17:00:00,0.0,0.0,0.0,0.0
2023-03-06 18:00:00,0.026476642050737496,0.07707381705697429,0.03739536091296786,0.02811903268388556
2023-03-06 19:00:00,0.11917881687349587,0.12272982721032138,0.11205749633065908,0.08573118502630996
2023-03-06 20:00:00,0.21541784605609152,0.2518238839557026,0.23521861972072805,0.1860245056883413
2023-03-06 21:00:00,0.2299477755828827,0.2957252754504407,0.24512578910436766,0.2187305463460705
2023-03-06 22:00:00,0.18823543931350514,0.2260371705034846,0.1833921011578774,0.16254098661961627
2023-03-06 23:00:00,0.33859426844210705,0.36481256415139823,0.34847714318642753,0.2894208653868751
2023-03-07 00:00:00,0.36428099365130734,0.3207325801217478,0.35010349504233257,0.303337692462482
2023-03-07 01:00:00,0.15211441067372297,0.14573801599268923,0.1487103824770672,0.15996370574744925
2023-03-07 02:00:00,0.0708586009628787,0.0934805213305047,0.056094040239344584,0.07734491056797546
2023-03-07 03:00:00,0.01659608599841861,0.015794598709678063,0.01549392982612157,0.025160241412844956
2023-03-07 04:00:00,0.011484013264728046,0.025681873280824132,0.013780219931458,0.017156740300031798
2023-03-07 05:00:00,0.0,0.0,0.0,0.0
2023-03-07 06:00:00,0.0,0.0,0.0,0.0
2023-03-07 07:00:00,0.0,0.0,0.0,0.0
2023-03-07 08:00:00,0.0,0.0,0.0,0.0
2023-03-07 09:00:00,0.0,0.0,0.0,0.0
2023-03-07 10:00:00,0.0,0.0,0.0,0.0
2023-03-07 11:00:00,0.0,0.0,0.0,0.0
2023-03-07 12:00:00,0.0,0.0,0.0,0.0
2023-03-07 13:00:00,0.0,0.0,0.0,0.0
2023-03-07 14:00:00,0.0,0.0,0.0,0.0
2023-03-07 15:00:00,0.0,0.0,0.0,0.0
2023-03-07 16:00:00,0.0,0.0,0.0,0.0
2023-03-07 17:00:00,0.0,0.0,0.0,0.0
2023-03-07 18:00:00,0.4790506895946867,0.4563113536388439,0.4752717474799636,0.48472311127702516
2023-03-07 19:00:00,0.7057169841769682,0.6767603294897198,0.6989664843128773,0.7045463359495631
2023-03-07 20:00:00,0.8159662987938862,0.7929326833462907,0.8087965930673319,0.8125945686674706
2023-03-07 21:00:00,0.8665450393703357,0.8480513377977458,0.8585246894813919,0.8603899224284445
2023-03-07 22:00:00,0.8923609934296898,0.86574429606752,0.8873746529664226,0.894212810494166
2023-03-07 23:00:00,0.8967925933863871,0.8744060668779093,0.8917889797463864,0.8996487408399657
2023-03-08 00:00:00,0.8964318530550616,0.8865730938699561,0.8947916582723541,0.9049319644230516
2023-03-08 01:00:00,0.8737739970124112,0.865586893174536,0.8725896563383752,0.8831167926119806
2023-03-08 02:00:00,0.8277992711076756,0.8221394641401384,0.8271526846697537,0.8372520904176755
2023-03-08 03:00:00,0.7366208747836765,0.7357390981135401,0.7368848271944297,0.744873850557056
2023-03-08 04:00:00,0.5394588614862479,0.5465575254318145,0.5412771199032738,0.5447027931663772
2023-03-08 05:00:00,0.0,0.0,0.0,0.0
2023-03-08 06:00:00,0.0,0.0,0.0,0.0
2023-03-08 07:00:00,0.0,0.0,0.0,0.0
2023-03-08 08:00:00,0.0,0.0,0.0,0.0
2023-03-08 09:00:00,0.0,0.0,0.0,0.0
2023-03-08 10:00:00,0.0,0.0,0.0,0.0
2023-03-08 11:00:00,0.0,0.0,0.0,0.0
2023-03-08 12:00:00,0.0,0.0,0.0,0.0
2023-03-08 13:00:00,0.0,0.0,0.0,0.0
2023-03-08 14:00:00,0.0,0.0,0.0,0.0
2023-03-08 15:00:00,0.0,0.0,0.0,0.0
2023-03-08 16:00:00,0.0,0.0,0.0,0.0
2023-03-08 17:00:00,0.0,0.0,0.0,0.0
2023-03-08 18:00:00,0.48232414416925845,0.454973214055326,0.4794716590225679,0.48160205069932854
2023-03-08 19:00:00,0.7096675225353598,0.6724346595341375,0.7034892240032995,0.7074716147084258
2023-03-08 20:00:00,0.8015396409683623,0.7645589210090494,0.7883367808159653,0.772010472011639
2023-03-08 21:00:00,0.8433881667636519,0.8034607785326914,0.8249384848579182,0.7812610143932397
2023-03-08 22:00:00,0.8637018456585394,0.8321822402339752,0.8533953068780669,0.8332877575616733
2023-03-08 23:00:00,0.8618667707374774,0.8253782593373681,0.850025783811819,0.8330889561325643
2023-03-09 00:00:00,0.8772103414313069,0.8599933937228462,0.8751402664807891,0.8860956781235737
2023-03-09 01:00:00,0.8368365803202263,0.8193520081566709,0.828409747958124,0.8297181021738801
2023-03-09 02:00:00,0.784417098046045,0.7690620899212929,0.7739101398569842,0.7680559843173927
2023-03-09 03:00:00,0.6846889278004128,0.6730329741312685,0.6726015458325898,0.6582784726813581
2023-03-09 04:00:00,0.49363818192975417,0.4900479612586337,0.4882165257159269,0.48602194588391084
2023-03-09 05:00:00,0.0,0.0,0.0,0.0
2023-03-09 06:00:00,0.0,0.0,0.0,0.0
2023-03-09 07:00:00,0.0,0.0,0.0,0.0
2023-03-09 08:00:00,0.0,0.0,0.0,0.0
2023-03-09 09:00:00,0.0,0.0,0.0,0.0
2023-03-09 10:00:00,0.0,0.0,0.0,0.0
2023-03-09 11:00:00,0.0,0.0,0.0,0.0
2023-03-09 12:00:00,0.0,0.0,0.0,0.0
2023-03-09 13:00:00,0.0,0.0,0.0,0.0
2023-03-09 14:00:00,0.0,0.0,0.0,0.0
2023-03-09 15:00:00,0.0,0.0,0.0,0.0
2023-03-09 16:00:00,0.0,0.0,0.0,0.0
2023-03-09 17:00:00,0.0,0.0,0.0,0.0
2023-03-09 18:00:00,0.3797602339273392,0.33343001006550727,0.3592290946242024,0.3916014542289452
2023-03-09 19:00:00,0.669691037547182,0.6552159143899164,0.6620636334030738,0.6704523585206182
2023-03-09 20:00:00,0.744582449266232,0.7544224918253445,0.7458380006972734,0.7643335432769586
2023-03-09 21:00:00,0.8268907028170696,0.7778159996869457,0.8145665137063245,0.8276428987534734
2023-03-09 22:00:00,0.8483507553371162,0.837584671291705,0.8499814005001847,0.8501219299962107
2023-03-09 23:00:00,0.8762230751869441,0.8603015404432129,0.8749827833145238,0.881323282280161
2023-03-10 00:00:00,0.8625334276319974,0.853226086039904,0.8608554348558188,0.8647776529695576
2023-03-10 01:00:00,0.7957258428569571,0.7364466895479941,0.7723232683206096,0.7759629330109542
2023-03-10 02:00:00,0.7874876748911309,0.7703789807204777,0.7900595514904862,0.794301410920303
2023-03-10 03:00:00,0.6213648272602007,0.4370154411987705,0.5833751285028448,0.6145159286999514
2023-03-10 04:00:00,0.23095966952415595,0.19052928762870333,0.21671125344084147,0.21877717579067188
2023-03-10 05:00:00,0.0,0.0,0.0,0.0
2023-03-10 06:00:00,0.0,0.0,0.0,0.0
2023-03-10 07:00:00,0.0,0.0,0.0,0.0
2023-03-10 08:00:00,0.0,0.0,0.0,0.0
2023-03-10 09:00:00,0.0,0.0,0.0,0.0
2023-03-10 10:00:00,0.0,0.0,0.0,0.0
2023-03-10 11:00:00,0.0,0.0,0.0,0.0
2023-03-10 12:00:00,0.0,0.0,0.0,0.0
2023-03-10 13:00:00,0.0,0.0,0.0,0.0
2023-03-10 14:00:00,0.0,0.0,0.0,0.0
2023-03-10 15:00:00,0.0,0.0,0.0,0.0
2023-03-10 16:00:00,0.0,0.0,0.0,0.0
2023-03-10 17:00:00,0.0,0.0,0.0,0.0
2023-03-10 18:00:00,0.002784525305718915,0.0015744342087372022,0.0022884221372831883,0.002792969223133752
2023-03-10 19:00:00,0.01705081197077294,0.015506195381144958,0.015306731811398265,0.01909171914216307
2023-03-10 20:00:00,0.044572518581660725,0.040042872233436055,0.04248840771079945,0.062071074646981785
2023-03-10 21:00:00,0.08168404599059245,0.09690546732229562,0.08517117824202862,0.10536607171554031
2023-03-10 22:00:00,0.07152446957978337,0.10830705359835165,0.07393119481758491,0.08575070629472603
2023-03-10 23:00:00,0.12732331656698348,0.16065827139651273,0.1303882767428084,0.1401426256869307
2023-03-11 00:00:00,0.12900890319050012,0.13634679083951792,0.12334728003671458,0.13018405340800188
2023-03-11 01:00:00,0.15503592207170067,0.1360578893614134,0.14053250465196543,0.15500293491318548
2023-03-11 02:00:00,0.08445128697987692,0.16337664696115894,0.09499889802694927,0.08726723771729712
2023-03-11 03:00:00,0.09211775169910878,0.14550519623897304,0.11034525725718292,0.1123331896661981
2023-03-11 04:00:00,0.019857794206804804,0.028539029380885983,0.02071953236135533,0.02292132026720715
2023-03-11 05:00:00,0.0,0.0,0.0,0.0
2023-03-11 06:00:00,0.0,0.0,0.0,0.0
2023-03-11 07:00:00,0.0,0.0,0.0,0.0
2023-03-11 08:00:00,0.0,0.0,0.0,0.0
2023-03-11 09:00:00,0.0,0.0,0.0,0.0
2023-03-11 10:00:00,0.0,0.0,0.0,0.0
2023-03-11 11:00:00,0.0,0.0,0.0,0.0
2023-03-11 12:00:00,0.0,0.0,0.0,0.0
2023-03-11 13:00:00,0.0,0.0,0.0,0.0
2023-03-11 14:00:00,0.0,0.0,0.0,0.0
2023-03-11 15:00:00,0.0,0.0,0.0,0.0
2023-03-11 16:00:00,0.0,0.0,0.0,0.0
2023-03-11 17:00:00,0.0,0.0,0.0,0.0
2023-03-11 18:00:00,0.280787372516299,0.21751432095616277,0.251442301752669,0.21537541302962804
2023-03-11 19:00:00,0.43727801773708846,0.37274982443936516,0.4117400845417313,0.3293566105739311
2023-03-11 20:00:00,0.5911165537721087,0.48255926681835765,0.572575847071003,0.46579631764055723
2023-03-11 21:00:00,0.6133383582771242,0.4166515439807188,0.570266046247192,0.4725583534593482
2023-03-11 22:00:00,0.6059354384576238,0.38970781415824574,0.5468291811941455,0.4923784663212132
2023-03-11 23:00:00,0.5294279486962674,0.3912536084263658,0.4926049478613913,0.4661122663976524
2023-03-12 00:00:00,0.45019135994858356,0.4089606127054446,0.43075548054488744,0.4193078934425655
2023-03-12 01:00:00,0.2934170994146006,0.28360126458778634,0.27369760751179484,0.2548547784991274
2023-03-12 02:00:00,0.2806747492995583,0.2592133022664081,0.27425386550844194,0.24821381553676533
2023-03-12 03:00:00,0.14367502019719028,0.14709280210141942,0.13555098114999936,0.127358840438746
2023-03-12 04:00:00,0.10615554786024191,0.10857056904854157,0.11038191881493244,0.11014462701742367
2023-03-12 05:00:00,0.0,0.0,0.0,0.0
2023-03-12 06:00:00,0.0,0.0,0.0,0.0
2023-03-12 07:00:00,0.0,0.0,0.0,0.0
2023-03-12 08:00:00,0.0,0.0,0.0,0.0
2023-03-12 09:00:00,0.0,0.0,0.0,0.0
2023-03-12 10:00:00,0.0,0.0,0.0,0.0
2023-03-12 11:00:00,0.0,0.0,0.0,0.0
2023-03-12 12:00:00,0.0,0.0,0.0,0.0
2023-03-12 13:00:00,0.0,0.0,0.0,0.0
2023-03-12 14:00:00,0.0,0.0,0.0,0.0
2023-03-12 15:00:00,0.0,0.0,0.0,0.0
2023-03-12 16:00:00,0.0,0.0,0.0,0.0
2023-03-12 17:00:00,0.0,0.0,0.0,0.0
2023-03-12 18:00:00,0.01186023770822278,0.004199193408988233,0.008793734327894482,0.011861660806970467
2023-03-12 19:00:00,0.04269177783990726,0.0363394909394989,0.03697942049947253,0.04561095420767772
2023-03-12 20:00:00,0.08313473780457457,0.13699482290045387,0.08113736939595234,0.09097198401288482
2023-03-12 21:00:00,0.21751240851284845,0.30608418752933847,0.23739596928216483,0.2291722059657215
2023-03-12 22:00:00,0.3531170563625492,0.31669553443709936,0.34448516388669426,0.3375511666249648
2023-03-12 23:00:00,0.31979831675431697,0.29578365148607544,0.309710060960382,0.2982566815663754
2023-03-13 00:00:00,0.618096847655489,0.5831441795978828,0.6250490279742635,0.5786801329131298
2023-03-13 01:00:00,0.18489177304855722,0.17995079111745646,0.16928054841916707,0.16863686234773712
2023-03-13 02:00:00,0.1960199313904699,0.2346539347505067,0.2030610450856758,0.1798518015548545
2023-03-13 03:00:00,0.09732213412173983,0.13001069802256765,0.10461203839009207,0.10496930333379594
2023-03-13 04:00:00,0.1549706214290982,0.27474652108126135,0.20314294162492763,0.16786510320582185
2023-03-13 05:00:00,0.0,0.0,0.0,0.0
2023-03-13 06:00:00,0.0,0.0,0.0,0.0
2023-03-13 07:00:00,0.0,0.0,0.0,0.0
2023-03-13 08:00:00,0.0,0.0,0.0,0.0
2023-03-13 09:00:00,0.0,0.0,0.0,0.0
2023-03-13 10:00:00,0.0,0.0,0.0,0.0
2023-03-13 11:00:00,0.0,0.0,0.0,0.0
2023-03-13 12:00:00,0.0,0.0,0.0,0.0
2023-03-13 13:00:00,0.0,0.0,0.0,0.0
2023-03-13 14:00:00,0.0,0.0,0.0,0.0
2023-03-13 15:00:00,0.0,0.0,0.0,0.0
2023-03-13 16:00:00,0.0,0.0,0.0,0.0
2023-03-13 17:00:00,0.0,0.0,0.0,0.0
2023-03-13 18:00:00,0.05862790533720839,0.04336542667979576,0.05294140603606835,0.08169820710144628
2023-03-13 19:00:00,0.16168597154117398,0.14179327564294475,0.15546615151812676,0.17953136863315855
2023-03-13 20:00:00,0.3545335735266269,0.37401836727844523,0.3664558095433972,0.34246202121153235
2023-03-13 21:00:00,0.39529880359078845,0.43052944053976944,0.40692224819421285,0.35422658786938294
2023-03-13 22:00:00,0.4408776699072355,0.40760482072533216,0.43054903510061016,0.41366788045941866
2023-03-13 23:00:00,0.47324791085931456,0.45773788963675427,0.46557095919290237,0.41233700110664645
2023-03-14 00:00:00,0.44694022483440127,0.3229978865319765,0.41400191546489873,0.4083862436594248
2023-03-14 01:00:00,0.4181961930925108,0.31768936228595274,0.3963188236624025,0.40574775223398457
2023-03-14 02:00:00,0.25774009130476466,0.1488273949983515,0.2300794970594548,0.23358729398323744
2023-03-14 03:00:00,0.1955575251020951,0.1317673387109534,0.1703984714398576,0.19506343772578502
2023-03-14 04:00:00,0.10440322462896927,0.1088612429820854,0.10289862146218758,0.09753336456884926
2023-03-14 05:00:00,0.0,0.0,0.0,0.0
2023-03-14 06:00:00,0.0,0.0,0.0,0.0
2023-03-14 07:00:00,0.0,0.0,0.0,0.0
2023-03-14 08:00:00,0.0,0.0,0.0,0.0
2023-03-14 09:00:00,0.0,0.0,0.0,0.0
2023-03-14 10:00:00,0.0,0.0,0.0,0.0
2023-03-14 11:00:00,0.0,0.0,0.0,0.0
2023-03-14 12:00:00,0.0,0.0,0.0,0.0
2023-03-14 13:00:00,0.0,0.0,0.0,0.0
2023-03-14 14:00:00,0.0,0.0,0.0,0.0
2023-03-14 15:00:00,0.0,0.0,0.0,0.0
2023-03-14 16:00:00,0.0,0.0,0.0,0.0
2023-03-14 17:00:00,0.0,0.0,0.0,0.0
2023-03-14 18:00:00,0.10362212853660951,0.07680365227434503,0.08631941566647652,0.07736218762170209
2023-03-14 19:00:00,0.23080990270367288,0.20627447858311576,0.19879948736597897,0.1908417369223648
2023-03-14 20:00:00,0.3025207181961607,0.24004105737169804,0.25510169286001527,0.23663867034025207
2023-03-14 21:00:00,0.3774230176949698,0.2998751850349786,0.33297410417793133,0.3153829607414591
2023-03-14 22:00:00,0.40173170396406893,0.31328701651296614,0.3537406666383237,0.37200377459236994
2023-03-14 23:00:00,0.37974551822561664,0.2550495530605064,0.33020961712943114,0.3274646973628892
2023-03-15 00:00:00,0.3897681850302322,0.22741548440573248,0.3155912820808325,0.3202562056651422
2023-03-15 01:00:00,0.3542935443597955,0.23043968470499812,0.307741706607946,0.31685747893579164
2023-03-15 02:00:00,0.2741264878061798,0.24226488262823656,0.25320595345570973,0.23142622011424233
2023-03-15 03:00:00,0.1435596584389979,0.18182505536864732,0.118768657545453,0.10974242214389833
2023-03-15 04:00:00,0.060593289832607033,0.11955451781542104,0.038808028576731254,0.04478005765683038
2023-03-15 05:00:00,0.0,0.0,0.0,0.0
2023-03-15 06:00:00,0.0,0.0,0.0,0.0
2023-03-15 07:00:00,0.0,0.0,0.0,0.0
2023-03-15 08:00:00,0.0,0.0,0.0,0.0
2023-03-15 09:00:00,0.0,0.0,0.0,0.0
2023-03-15 10:00:00,0.0,0.0,0.0,0.0
2023-03-15 11:00:00,0.0,0.0,0.0,0.0
2023-03-15 12:00:00,0.0,0.0,0.0,0.0
2023-03-15 13:00:00,0.0,0.0,0.0,0.0
2023-03-15 14:00:00,0.0,0.0,0.0,0.0
2023-03-15 15:00:00,0.0,0.0,0.0,0.0
2023-03-15 16:00:00,0.0,0.0,0.0,0.0
2023-03-15 17:00:00,0.0,0.0,0.0,0.0
2023-03-15 18:00:00,0.540147339752378,0.5183915980636525,0.5323775428446126,0.5380853086522643
2023-03-15 19:00:00,0.741242253292176,0.7244149022678364,0.7350805196030055,0.74334922709622
2023-03-15 20:00:00,0.8340383509487402,0.8160633388242431,0.8275674538743484,0.8385500020925098
2023-03-15 21:00:00,0.8747562084573216,0.8625872054806646,0.8714033036559368,0.8797192084200064
2023-03-15 22:00:00,0.8935344526455747,0.8830209996874725,0.8912773218455565,0.8998990304942818
2023-03-15 23:00:00,0.8973681900116027,0.8875109459302628,0.895379538771907,0.9042255759697281
2023-03-16 00:00:00,0.8928348930374129,0.8849087437874159,0.8917338171264784,0.9006043052210665
2023-03-16 01:00:00,0.8723665771228944,0.8637612614385036,0.8713790710798102,0.8795946765489058
2023-03-16 02:00:00,0.8283861047873371,0.8187918445058697,0.8272028740743074,0.8339977125954489
2023-03-16 03:00:00,0.7423893353399887,0.7358504127292259,0.7416508602877416,0.746588171953786
2023-03-16 04:00:00,0.5579930281458386,0.5595531151096803,0.5591213935269169,0.5621261353343406
2023-03-16 05:00:00,0.0,0.0,0.0,0.0
2023-03-16 06:00:00,0.0,0.0,0.0,0.0
2023-03-16 07:00:00,0.0,0.0,0.0,0.0
2023-03-16 08:00:00,0.0,0.0,0.0,0.0
2023-03-16 09:00:00,0.0,0.0,0.0,0.0
2023-03-16 10:00:00,0.0,0.0,0.0,0.0
2023-03-16 11:00:00,0.0,0.0,0.0,0.0
2023-03-16 12:00:00,0.0,0.0,0.0,0.0
2023-03-16 13:00:00,0.0,0.0,0.0,0.0
2023-03-16 14:00:00,0.0,0.0,0.0,0.0
2023-03-16 15:00:00,0.0,0.0,0.0,0.0
2023-03-16 16:00:00,0.0,0.0,0.0,0.0
2023-03-16 17:00:00,0.0,0.0,0.0,0.0
2023-03-16 18:00:00,0.48647592180156823,0.42947333868932974,0.4797740289451471,0.4913819515750193
2023-03-16 19:00:00,0.6445189262576344,0.5249015659994929,0.6189875149361469,0.6525086654925163
2023-03-16 20:00:00,0.6478123461453573,0.596989878612289,0.6200560231552757,0.6726048060720474
2023-03-16 21:00:00,0.7640497820777009,0.8067296383275083,0.7770329932756572,0.7914374728421064
2023-03-16 22:00:00,0.8463397891097512,0.8330696181805317,0.8463619893517849,0.8547271299434311
2023-03-16 23:00:00,0.8055144330388103,0.7639158028113924,0.7937946189194836,0.8034128218738261
2023-03-17 00:00:00,0.8234939820266587,0.7688688841337795,0.8141365011498796,0.8349933397134833
2023-03-17 01:00:00,0.7054042434256118,0.5943585303008362,0.6830353266860034,0.7196426198636731
2023-03-17 02:00:00,0.5106070280020689,0.41326709526325417,0.48893299135880797,0.5271940007447907
2023-03-17 03:00:00,0.2391724015359825,0.15326196665696273,0.21507801670764928,0.25315384323803164
2023-03-17 04:00:00,0.055825406044819226,0.016904980395185964,0.043162170550869745,0.05109673501054062
2023-03-17 05:00:00,0.0,0.0,0.0,0.0
2023-03-17 06:00:00,0.0,0.0,0.0,0.0
2023-03-17 07:00:00,0.0,0.0,0.0,0.0
2023-03-17 08:00:00,0.0,0.0,0.0,0.0
2023-03-17 09:00:00,0.0,0.0,0.0,0.0
2023-03-17 10:00:00,0.0,0.0,0.0,0.0
2023-03-17 11:00:00,0.0,0.0,0.0,0.0
2023-03-17 12:00:00,0.0,0.0,0.0,0.0
2023-03-17 13:00:00,0.0,0.0,0.0,0.0
2023-03-17 14:00:00,0.0,0.0,0.0,0.0
2023-03-17 15:00:00,0.0,0.0,0.0,0.0
2023-03-17 16:00:00,0.0,0.0,0.0,0.0
2023-03-17 17:00:00,0.0,0.0,0.0,0.0
2023-03-17 18:00:00,0.0005773161173168568,0.0,0.0002537080893681257,0.0002056045883671543
2023-03-17 19:00:00,0.0075277859700616755,0.005361456621207919,0.006491829986035591,0.006420368238596965
2023-03-17 20:00:00,0.030180217181383324,0.025184086122986754,0.029105382001294033,0.027271818458914115
2023-03-17 21:00:00,0.03213099434058835,0.03578034337987364,0.029608622327203613,0.027158787689197567
2023-03-17 22:00:00,0.07673134605375764,0.14020446917584883,0.08135264557542829,0.07873963264714459
2023-03-17 23:00:00,0.17819589024439017,0.3412272840812036,0.2233235936661403,0.20665944675134282
2023-03-18 00:00:00,0.302973328026974,0.4559145989805821,0.34934102857178684,0.3328776597668925
2023-03-18 01:00:00,0.4637327300157788,0.45521856375346154,0.47849312034727143,0.4312275074295777
2023-03-18 02:00:00,0.36565185172614506,0.2678903583281967,0.3384978463051811,0.3119662545414506
2023-03-18 03:00:00,0.170474354354086,0.21093329463933172,0.1643008499721717,0.16647842176879998
2023-03-18 04:00:00,0.09874211958317695,0.13375683144118433,0.09521417410058411,0.09167589601454702
2023-03-18 05:00:00,0.0,0.0,0.0,0.0
2023-03-18 06:00:00,0.0,0.0,0.0,0.0
2023-03-18 07:00:00,0.0,0.0,0.0,0.0
2023-03-18 08:00:00,0.0,0.0,0.0,0.0
2023-03-18 09:00:00,0.0,0.0,0.0,0.0
2023-03-18 10:00:00,0.0,0.0,0.0,0.0
2023-03-18 11:00:00,0.0,0.0,0.0,0.0
2023-03-18 12:00:00,0.0,0.0,0.0,0.0
2023-03-18 13:00:00,0.0,0.0,0.0,0.0
2023-03-18 14:00:00,0.0,0.0,0.0,0.0
2023-03-18 15:00:00,0.0,0.0,0.0,0.0
2023-03-18 16:00:00,0.0,0.0,0.0,0.0
2023-03-18 17:00:00,0.0,0.0,0.0,0.0
2023-03-18 18:00:00,0.42386256494981606,0.4827363273856859,0.4375660369429111,0.40612107280116655
2023-03-18 19:00:00,0.6763310751951185,0.6589170085282516,0.6641477390422135,0.6233315231529728
2023-03-18 20:00:00,0.7402030959147411,0.7298574391270001,0.717535359810862,0.6749367598142757
2023-03-18 21:00:00,0.7856487980300505,0.7581544421590914,0.7695808707003822,0.7726630436742664
2023-03-18 22:00:00,0.8190337558422877,0.808754058549871,0.820378290583785,0.8147680477002462
2023-03-18 23:00:00,0.7683345909693609,0.7712447216634698,0.7612807028644943,0.7174905818215302
2023-03-19 00:00:00,0.7706746528032514,0.7869051418340018,0.7802930357503173,0.7693501764826394
2023-03-19 01:00:00,0.7367912492687703,0.7749323869304243,0.7588627934380292,0.7501889544567492
2023-03-19 02:00:00,0.6735587266963304,0.6429307173835322,0.6814029258380545,0.6467454739357278
2023-03-19 03:00:00,0.4936981820951167,0.3918351974782299,0.4683208885721183,0.4382882947850875
2023-03-19 04:00:00,0.2676039519567655,0.13800213472299713,0.23988167637265134,0.25003280276730483
2023-03-19 05:00:00,0.0,0.0,0.0,0.0
2023-03-19 06:00:00,0.0,0.0,0.0,0.0
2023-03-19 07:00:00,0.0,0.0,0.0,0.0
2023-03-19 08:00:00,0.0,0.0,0.0,0.0
2023-03-19 09:00:00,0.0,0.0,0.0,0.0
2023-03-19 10:00:00,0.0,0.0,0.0,0.0
2023-03-19 11:00:00,0.0,0.0,0.0,0.0
2023-03-19 12:00:00,0.0,0.0,0.0,0.0
2023-03-19 13:00:00,0.0,0.0,0.0,0.0
2023-03-19 14:00:00,0.0,0.0,0.0,0.0
2023-03-19 15:00:00,0.0,0.0,0.0,0.0
2023-03-19 16:00:00,0.0,0.0,0.0,0.0
2023-03-19 17:00:00,0.0,0.0,0.0,0.0
2023-03-19 18:00:00,0.3399844855129081,0.471567206356027,0.3703214516317877,0.38358385580264337
2023-03-19 19:00:00,0.4627270880480281,0.6145475575288571,0.4989045729791706,0.47532143097325497
2023-03-19 20:00:00,0.6001403270473661,0.7712633548911243,0.6391098237221053,0.5807603699905758
2023-03-19 21:00:00,0.600133805169324,0.7689817204868475,0.6396423964685097,0.6382922221471686
2023-03-19 22:00:00,0.6453691589779066,0.8032453188233406,0.6876098581434051,0.6442613712733621
2023-03-19 23:00:00,0.6940741383378871,0.8295750747440317,0.7382723727317984,0.6960811014693803
2023-03-20 00:00:00,0.6553675313309215,0.8295598580067197,0.7073836693977312,0.711365500330572
2023-03-20 01:00:00,0.7332808407393188,0.8508817132399322,0.773752142990441,0.7361025596154382
2023-03-20 02:00:00,0.7015446089998308,0.8073495060522687,0.7368232936621335,0.7110235227634082
2023-03-20 03:00:00,0.669563280072377,0.7391972645070829,0.6992644794954075,0.6681813526764268
2023-03-20 04:00:00,0.5465718348240873,0.5750029641643583,0.5585095597829182,0.5533781995099846
2023-03-20 05:00:00,0.0,0.0,0.0,0.0
2023-03-20 06:00:00,0.0,0.0,0.0,0.0
2023-03-20 07:00:00,0.0,0.0,0.0,0.0
2023-03-20 08:00:00,0.0,0.0,0.0,0.0
2023-03-20 09:00:00,0.0,0.0,0.0,0.0
2023-03-20 10:00:00,0.0,0.0,0.0,0.0
2023-03-20 11:00:00,0.0,0.0,0.0,0.0
2023-03-20 12:00:00,0.0,0.0,0.0,0.0
2023-03-20 13:00:00,0.0,0.0,0.0,0.0
2023-03-20 14:00:00,0.0,0.0,0.0,0.0
2023-03-20 15:00:00,0.0,0.0,0.0,0.0
2023-03-20 16:00:00,0.0,0.0,0.0,0.0
2023-03-20 17:00:00,0.0,0.0,0.0,0.0
2023-03-20 18:00:00,0.5636396149643838,0.5554779868222236,0.5612562702912012,0.5649413966615467
2023-03-20 19:00:00,0.7428166712339191,0.7388033735388184,0.7417701370728029,0.7454283046146667
2023-03-20 20:00:00,0.8215352606078671,0.8053850303103056,0.8181881695003497,0.8118594464921177
2023-03-20 21:00:00,0.8381858254797687,0.79628078333152,0.8223552739645141,0.8199724710940625
2023-03-20 22:00:00,0.8612067451362605,0.8541333673458528,0.8566320005314126,0.8536000053129582
2023-03-20 23:00:00,0.8847167247977678,0.8731363460666604,0.8799356189129792,0.8767562358360727
2023-03-21 00:00:00,0.8835095939219921,0.8777602117775022,0.8824524534445972,0.8770374627041324
2023-03-21 01:00:00,0.8610183651471638,0.8504536959455221,0.8592919953376983,0.8509403194588586
2023-03-21 02:00:00,0.782078904335051,0.7274496829430706,0.7657969318388346,0.7719347548492198
2023-03-21 03:00:00,0.614281683275497,0.52278787160517,0.59205647426264,0.5859703041909065
2023-03-21 04:00:00,0.26206363876466954,0.2732273873626881,0.2549748726267979,0.21801215417183842
2023-03-21 05:00:00,0.0,0.13040801250341605,0.0,0.0
2023-03-21 06:00:00,0.0,0.0,0.0,0.0
2023-03-21 07:00:00,0.0,0.0,0.0,0.0
2023-03-21 08:00:00,0.0,0.0,0.0,0.0
2023-03-21 09:00:00,0.0,0.0,0.0,0.0
2023-03-21 10:00:00,0.0,0.0,0.0,0.0
2023-03-21 11:00:00,0.0,0.0,0.0,0.0
2023-03-21 12:00:00,0.0,0.0,0.0,0.0
2023-03-21 13:00:00,0.0,0.0,0.0,0.0
2023-03-21 14:00:00,0.0,0.0,0.0,0.0
2023-03-21 15:00:00,0.0,0.0,0.0,0.0
2023-03-21 16:00:00,0.0,0.0,0.0,0.0
2023-03-21 17:00:00,0.0,0.0,0.0,0.0
2023-03-21 18:00:00,0.2794308700141645,0.2583111026866732,0.26651390629437377,0.18681433494271885
2023-03-21 19:00:00,0.5373529259597831,0.614219631654815,0.5565973518346071,0.4170911072184444
2023-03-21 20:00:00,0.6304262546209091,0.7225985055932883,0.6539650730695353,0.5233467962760647
2023-03-21 21:00:00,0.6990551080966586,0.7730551260228301,0.7248003870642898,0.6461616683131809
2023-03-21 22:00:00,0.8016072248388376,0.789136866695538,0.7997326903101065,0.774591092869147
2023-03-21 23:00:00,0.7747946371354907,0.7072601744430459,0.7547202477434491,0.7653539688640976
2023-03-22 00:00:00,0.7851027042994926,0.7436522575507807,0.7747189399973511,0.780884087034531
2023-03-22 01:00:00,0.7222028978015853,0.6869543287362393,0.7134832404666513,0.7180877342209215
2023-03-22 02:00:00,0.5988575947925451,0.5590353047063467,0.5911271591847029,0.5995759486792188
2023-03-22 03:00:00,0.40833446236603904,0.3223272824960102,0.38760288658732744,0.3892310437135658
2023-03-22 04:00:00,0.09667602708187865,0.06069334331528034,0.07956261309045928,0.08200968965547892
2023-03-22 05:00:00,0.008497062675158913,0.028611755254085828,0.012745594012738367,0.004728845750940319
2023-03-22 06:00:00,0.0,0.0,0.0,0.0
2023-03-22 07:00:00,0.0,0.0,0.0,0.0
2023-03-22 08:00:00,0.0,0.0,0.0,0.0
2023-03-22 09:00:00,0.0,0.0,0.0,0.0
2023-03-22 10:00:00,0.0,0.0,0.0,0.0
2023-03-22 11:00:00,0.0,0.0,0.0,0.0
2023-03-22 12:00:00,0.0,0.0,0.0,0.0
2023-03-22 13:00:00,0.0,0.0,0.0,0.0
2023-03-22 14:00:00,0.0,0.0,0.0,0.0
2023-03-22 15:00:00,0.0,0.0,0.0,0.0
2023-03-22 16:00:00,0.0,0.0,0.0,0.0
2023-03-22 17:00:00,0.0,0.0,0.0,0.0
2023-03-22 18:00:00,0.027369829591115585,0.057206999717367125,0.0336135114620097,0.0451078868713963
2023-03-22 19:00:00,0.09129915219452966,0.12640721828674606,0.10303782128297803,0.12276888521170781
2023-03-22 20:00:00,0.1180542431225069,0.10627738409456873,0.11632506356754843,0.1722335665024758
2023-03-22 21:00:00,0.16609059208118504,0.17051375934586002,0.1731861453707802,0.1756951755786086
2023-03-22 22:00:00,0.10964391253935518,0.08722568676733604,0.10008723906691498,0.10474557061539597
2023-03-22 23:00:00,0.10440026887336516,0.11962585211975275,0.10272262206075163,0.09507664719496806
2023-03-23 00:00:00,0.1456677715571003,0.1466740508726806,0.15152900158243593,0.14157848519721325
2023-03-23 01:00:00,0.12160048021864091,0.11016438995547978,0.11708072511223494,0.11114391947234502
2023-03-23 02:00:00,0.08011705810201807,0.0725032451002091,0.07795900349036824,0.07810102661998632
2023-03-23 03:00:00,0.07178184682724416,0.06905122784135742,0.07218738885799433,0.06998996068089777
2023-03-23 04:00:00,0.010147375693229982,0.012607969620690754,0.009997584680360886,0.009613759353476919
2023-03-23 05:00:00,0.0,0.0,0.0,0.0
2023-03-23 06:00:00,0.0,0.0,0.0,0.0
2023-03-23 07:00:00,0.0,0.0,0.0,0.0
2023-03-23 08:00:00,0.0,0.0,0.0,0.0
2023-03-23 09:00:00,0.0,0.0,0.0,0.0
2023-03-23 10:00:00,0.0,0.0,0.0,0.0
2023-03-23 11:00:00,0.0,0.0,0.0,0.0
2023-03-23 12:00:00,0.0,0.0,0.0,0.0
2023-03-23 13:00:00,0.0,0.0,0.0,0.0
2023-03-23 14:00:00,0.0,0.0,0.0,0.0
2023-03-23 15:00:00,0.0,0.0,0.0,0.0
2023-03-23 16:00:00,0.0,0.0,0.0,0.0
2023-03-23 17:00:00,0.0,0.0,0.0,0.0
2023-03-23 18:00:00,0.0024839479276604,0.0008436881301442811,0.002113534101786156,0.0021591979502484484
2023-03-23 19:00:00,0.011167691053173353,0.010720201874168639,0.01032855469357476,0.00864828038213057
2023-03-23 20:00:00,0.020613295820430064,0.01669652736244374,0.01946848130651639,0.015028716050331061
2023-03-23 21:00:00,0.03913477578521271,0.02956444982767618,0.031107352488622862,0.022570835609540197
2023-03-23 22:00:00,0.08955868114973133,0.09324296696259553,0.0888832139702305,0.0952740483745717
2023-03-23 23:00:00,0.09120570736761008,0.0945025534228358,0.09188896759907175,0.08370901152697574
2023-03-24 00:00:00,0.15228622131603464,0.11541932807065454,0.1467349361648113,0.1727191177655072
2023-03-24 01:00:00,0.22312841742848075,0.18435462429773086,0.2170857950314436,0.2757908222435729
2023-03-24 02:00:00,0.07769564531828523,0.07667159041135337,0.08080695445154956,0.12152905685761423
2023-03-24 03:00:00,0.09885081581189854,0.1091347613442803,0.11253171264105694,0.14997391758101283
2023-03-24 04:00:00,0.0641689030356689,0.054185101490534404,0.06384677430047611,0.10303777993910185
2023-03-24 05:00:00,0.11609331681697606,0.11798521414901098,0.1741399752254641,0.2518040095102538
2023-03-24 06:00:00,0.0,0.0,0.0,0.0
2023-03-24 07:00:00,0.0,0.0,0.0,0.0
2023-03-24 08:00:00,0.0,0.0,0.0,0.0
2023-03-24 09:00:00,0.0,0.0,0.0,0.0
2023-03-24 10:00:00,0.0,0.0,0.0,0.0
2023-03-24 11:00:00,0.0,0.0,0.0,0.0
2023-03-24 12:00:00,0.0,0.0,0.0,0.0
2023-03-24 13:00:00,0.0,0.0,0.0,0.0
2023-03-24 14:00:00,0.0,0.0,0.0,0.0
2023-03-24 15:00:00,0.0,0.0,0.0,0.0
2023-03-24 16:00:00,0.0,0.0,0.0,0.0
2023-03-24 17:00:00,0.0,0.0,0.0,0.0
2023-03-24 18:00:00,0.06600560240129415,0.05688776044369637,0.060776203304884,0.06596176774950117
2023-03-24 19:00:00,0.22666422026332525,0.19947063437091417,0.22054978511073595,0.2089134823915333
2023-03-24 20:00:00,0.37208545680743815,0.363035039211947,0.36608799960687455,0.386924946436846
2023-03-24 21:00:00,0.5328413124277408,0.49441578837253636,0.5253559286425862,0.5659486901480334
2023-03-24 22:00:00,0.6974918650582236,0.702648587127864,0.7049303890569053,0.7136562558239853
2023-03-24 23:00:00,0.7116560925280034,0.7233229720002731,0.7074069451719375,0.7447465825221403
2023-03-25 00:00:00,0.8143212395300288,0.7998480726822633,0.8152825752012904,0.8422488868689597
2023-03-25 01:00:00,0.7173564830554763,0.6906727321553102,0.7124791235290311,0.7164731634765861
2023-03-25 02:00:00,0.5651670419899625,0.5474984324697777,0.5600357414387931,0.5653143390372587
2023-03-25 03:00:00,0.43491502369547375,0.3639882211331928,0.4172399087130228,0.46345151367049864
2023-03-25 04:00:00,0.16498064341263874,0.1366821391074478,0.15733419895438278,0.15103214913648189
2023-03-25 05:00:00,0.014668279854490186,0.011094225919547077,0.011209554809057207,0.010009997372367312
2023-03-25 06:00:00,0.0,0.0,0.0,0.0
2023-03-25 07:00:00,0.0,0.0,0.0,0.0
2023-03-25 08:00:00,0.0,0.0,0.0,0.0
2023-03-25 09:00:00,0.0,0.0,0.0,0.0
2023-03-25 10:00:00,0.0,0.0,0.0,0.0
2023-03-25 11:00:00,0.0,0.0,0.0,0.0
2023-03-25 12:00:00,0.0,0.0,0.0,0.0
2023-03-25 13:00:00,0.0,0.0,0.0,0.0
2023-03-25 14:00:00,0.0,0.0,0.0,0.0
2023-03-25 15:00:00,0.0,0.0,0.0,0.0
2023-03-25 16:00:00,0.0,0.0,0.0,0.0
2023-03-25 17:00:00,0.0,0.0,0.0,0.0
2023-03-25 18:00:00,0.005663495247557227,0.009792640716064236,0.00674259495291527,0.003322528089090603
2023-03-25 19:00:00,0.10127471401900275,0.04733218299340027,0.09251121347281685,0.06478749815359218
2023-03-25 20:00:00,0.09498144939249932,0.05753408872160612,0.07593944815530491,0.05045103434086676
2023-03-25 21:00:00,0.1408982291978211,0.07187884322549969,0.11233534581594734,0.07149465974765444
2023-03-25 22:00:00,0.20751355815392838,0.2555800194249638,0.20507754687538193,0.16960043618477802
2023-03-25 23:00:00,0.589031642082669,0.6697110226031029,0.6262952816411094,0.47982492348240263
2023-03-26 00:00:00,0.42864227632556556,0.38403166822809426,0.4183487039662075,0.30756071263016777
2023-03-26 01:00:00,0.5542515835643713,0.5889609603812379,0.5875220039903077,0.4720711234311296
2023-03-26 02:00:00,0.5111930547324656,0.41865802793182844,0.5055877454199416,0.521860356319178
2023-03-26 03:00:00,0.30387145441963015,0.19482524362827405,0.28295044363138205,0.23660717854878033
2023-03-26 04:00:00,0.18987103961967322,0.05701315617642039,0.151585476775916,0.10768857585184545
2023-03-26 05:00:00,0.11051179072647083,0.034829798638623406,0.0895368985460072,0.07549916830512728
2023-03-26 06:00:00,0.0,0.0,0.0,0.0
2023-03-26 07:00:00,0.0,0.0,0.0,0.0
2023-03-26 08:00:00,0.0,0.0,0.0,0.0
2023-03-26 09:00:00,0.0,0.0,0.0,0.0
2023-03-26 10:00:00,0.0,0.0,0.0,0.0
2023-03-26 11:00:00,0.0,0.0,0.0,0.0
2023-03-26 12:00:00,0.0,0.0,0.0,0.0
2023-03-26 13:00:00,0.0,0.0,0.0,0.0
2023-03-26 14:00:00,0.0,0.0,0.0,0.0
2023-03-26 15:00:00,0.0,0.0,0.0,0.0
2023-03-26 16:00:00,0.0,0.0,0.0,0.0
2023-03-26 17:00:00,0.32280680579264587,0.0,0.24861095471045513,0.34316572966808695
2023-03-26 18:00:00,0.5705423328988338,0.5729880852375747,0.5732423900053074,0.5675386211782171
2023-03-26 19:00:00,0.739759467486213,0.7307722791065457,0.737965435199461,0.7397797933020976
2023-03-26 20:00:00,0.8111660478197988,0.8028666670621317,0.8098178027098883,0.8102263606440889
2023-03-26 21:00:00,0.848739309157164,0.8412951465729074,0.847592096875351,0.8469593337656484
2023-03-26 22:00:00,0.8649684207067155,0.8560920680210211,0.8636762011101315,0.8618943090905119
2023-03-26 23:00:00,0.8682602201472448,0.859068226168351,0.8669907382632557,0.864334014121075
2023-03-27 00:00:00,0.8514841625495327,0.8123946982972948,0.8472667489837516,0.8500325553790526
2023-03-27 01:00:00,0.7838949953968256,0.7086928451793971,0.7709908340623887,0.7734276995302506
2023-03-27 02:00:00,0.6231056095792412,0.6047547091650501,0.6125967154530514,0.574238469281043
2023-03-27 03:00:00,0.5948942115306847,0.6577039969158679,0.6196155003632964,0.5504029772417507
2023-03-27 04:00:00,0.5289861041064511,0.5263369804886909,0.5393808113709714,0.5178996146638336
2023-03-27 05:00:00,0.38806364629510304,0.2730271736196959,0.3582863783521979,0.3382662732543417
2023-03-27 06:00:00,0.0,0.0,0.0,0.0
2023-03-27 07:00:00,0.0,0.0,0.0,0.0
2023-03-27 08:00:00,0.0,0.0,0.0,0.0
2023-03-27 09:00:00,0.0,0.0,0.0,0.0
2023-03-27 10:00:00,0.0,0.0,0.0,0.0
2023-03-27 11:00:00,0.0,0.0,0.0,0.0
2023-03-27 12:00:00,0.0,0.0,0.0,0.0
2023-03-27 13:00:00,0.0,0.0,0.0,0.0
2023-03-27 14:00:00,0.0,0.0,0.0,0.0
2023-03-27 15:00:00,0.0,0.0,0.0,0.0
2023-03-27 16:00:00,0.0,0.0,0.0,0.0
2023-03-27 17:00:00,0.00012204082008048841,3.3545906465369886e-05,6.694463051206952e-05,0.0001356526079862396
2023-03-27 18:00:00,0.050722342171379504,0.04875414749169751,0.05108169536844319,0.04436952712139985
2023-03-27 19:00:00,0.11438716375172926,0.11437380274493625,0.11257267174197896,0.09570631205837432
2023-03-27 20:00:00,0.18724280497581933,0.19933226296728687,0.19704320530563219,0.15697471548234165
2023-03-27 21:00:00,0.24215502007820988,0.26750803048417704,0.2475989170323767,0.19889013973939274
2023-03-27 22:00:00,0.2877725299098941,0.45366562445282815,0.3438598112671566,0.34090636000263724
2023-03-27 23:00:00,0.3466286891223267,0.4545452234180916,0.3650791163243505,0.35266781011377263
2023-03-28 00:00:00,0.33282722269101134,0.45769609699372643,0.3637044838842819,0.2899467804709284
2023-03-28 01:00:00,0.2567878629510618,0.27105593325550775,0.2557843736715828,0.24733858149081808
2023-03-28 02:00:00,0.2942422132285473,0.2470719384858484,0.28772362897928416,0.3043382283999902
2023-03-28 03:00:00,0.20494058584597688,0.22942664099773413,0.20862273056399366,0.24132149763849028
2023-03-28 04:00:00,0.07254228643056536,0.12864730830632135,0.08411574361854476,0.12122882486251081
2023-03-28 05:00:00,0.07270512566600652,0.12295049481258151,0.07649427202866922,0.07989893901867647
2023-03-28 06:00:00,0.0,0.0,0.0,0.0
2023-03-28 07:00:00,0.0,0.0,0.0,0.0
2023-03-28 08:00:00,0.0,0.0,0.0,0.0
2023-03-28 09:00:00,0.0,0.0,0.0,0.0
2023-03-28 10:00:00,0.0,0.0,0.0,0.0
2023-03-28 11:00:00,0.0,0.0,0.0,0.0
2023-03-28 12:00:00,0.0,0.0,0.0,0.0
2023-03-28 13:00:00,0.0,0.0,0.0,0.0
2023-03-28 14:00:00,0.0,0.0,0.0,0.0
2023-03-28 15:00:00,0.0,0.0,0.0,0.0
2023-03-28 16:00:00,0.0,0.0,0.0,0.0
2023-03-28 17:00:00,0.39510361880924433,0.41903423278743795,0.40083016614689365,0.4122729228850573
2023-03-28 18:00:00,0.5697591272604244,0.5667675779358317,0.5733764342669931,0.5838657364661772
2023-03-28 19:00:00,0.7467322718693229,0.7358161810608302,0.7471215323584017,0.7401460850506866
2023-03-28 20:00:00,0.8229173810348667,0.8083284221668157,0.8206102125214394,0.8138806222703964
2023-03-28 21:00:00,0.8608903300750285,0.8495602212436212,0.8606271316517029,0.8536054365249243
2023-03-28 22:00:00,0.8400345709812429,0.8527425746164079,0.8553813719749702,0.8284348993249188
2023-03-28 23:00:00,0.7687884344686621,0.7216683578250628,0.7637139096475012,0.7591279086140094
2023-03-29 00:00:00,0.6325296546458726,0.606987610605814,0.6323340013564127,0.6478014011781489
2023-03-29 01:00:00,0.5114465501223324,0.5143004871940265,0.5146974040541579,0.5478140513671473
2023-03-29 02:00:00,0.5208421333419517,0.44769164102561687,0.5076712979592571,0.5361526433391745
2023-03-29 03:00:00,0.3254108231618507,0.2559772744204087,0.30886963321743116,0.3475555078961765
2023-03-29 04:00:00,0.17393574432050626,0.20821812916333812,0.1840533257771637,0.21002985790951087
2023-03-29 05:00:00,0.10023783193988707,0.1515280322217248,0.11657457084009881,0.16538049707678695
2023-03-29 06:00:00,0.0,0.0,0.0,0.0
2023-03-29 07:00:00,0.0,0.0,0.0,0.0
2023-03-29 08:00:00,0.0,0.0,0.0,0.0
2023-03-29 09:00:00,0.0,0.0,0.0,0.0
2023-03-29 10:00:00,0.0,0.0,0.0,0.0
2023-03-29 11:00:00,0.0,0.0,0.0,0.0
2023-03-29 12:00:00,0.0,0.0,0.0,0.0
2023-03-29 13:00:00,0.0,0.0,0.0,0.0
2023-03-29 14:00:00,0.0,0.0,0.0,0.0
2023-03-29 15:00:00,0.0,0.0,0.0,0.0
2023-03-29 16:00:00,0.0,0.0,0.0,0.0
2023-03-29 17:00:00,0.13727238350262125,0.06391683276155405,0.11666081358571381,0.095834767916346
2023-03-29 18:00:00,0.17731426795811586,0.14749875378792987,0.16680837473549537,0.1585049802613767
2023-03-29 19:00:00,0.3275880792575209,0.309485659442528,0.31579261024538874,0.3165445692298708
2023-03-29 20:00:00,0.510140689082016,0.4998460508545482,0.5150501719139075,0.4979883274818115
2023-03-29 21:00:00,0.5330310115467242,0.5380769458334513,0.5310015472050372,0.4930833873836704
2023-03-29 22:00:00,0.5291784267545167,0.536906596619667,0.5246432059793941,0.4378497667890919
2023-03-29 23:00:00,0.3977521833960997,0.3734755421702898,0.3988434209755877,0.28880285705661585
2023-03-30 00:00:00,0.23055757577626057,0.12544622347642073,0.19326792170123383,0.11222773843733332
2023-03-30 01:00:00,0.09438352780754278,0.1427898721928249,0.0953900805604643,0.10932053617825521
2023-03-30 02:00:00,0.16087713297341122,0.3232459799016749,0.19257977568632595,0.3384603248424607
2023-03-30 03:00:00,0.5513188634690066,0.6880995326404541,0.5880464138180087,0.6840157035164708
2023-03-30 04:00:00,0.6219881661933094,0.6003451006125781,0.6171749331188017,0.6210383336827304
2023-03-30 05:00:00,0.4132091593680556,0.37443168279111516,0.3967226751461468,0.40851463123171183
2023-03-30 06:00:00,0.0,0.0,0.0,0.0
2023-03-30 07:00:00,0.0,0.0,0.0,0.0
2023-03-30 08:00:00,0.0,0.0,0.0,0.0
2023-03-30 09:00:00,0.0,0.0,0.0,0.0
2023-03-30 10:00:00,0.0,0.0,0.0,0.0
2023-03-30 11:00:00,0.0,0.0,0.0,0.0
2023-03-30 12:00:00,0.0,0.0,0.0,0.0
2023-03-30 13:00:00,0.0,0.0,0.0,0.0
2023-03-30 14:00:00,0.0,0.0,0.0,0.0
2023-03-30 15:00:00,0.0,0.0,0.0,0.0
2023-03-30 16:00:00,0.0,0.0,0.0,0.0
2023-03-30 17:00:00,0.43712462805241725,0.4582024026261884,0.4409363402540201,0.4416023453005096
2023-03-30 18:00:00,0.6380264549113231,0.6308273465815392,0.6361951697382624,0.6394466175366124
2023-03-30 19:00:00,0.7839060019232975,0.7794344409895629,0.7816745711192854,0.7833893681593483
2023-03-30 20:00:00,0.8525248986629301,0.8487073479830517,0.8511025354963531,0.8520622953946848
2023-03-30 21:00:00,0.8897848373365517,0.8862269186163073,0.888532784103071,0.8886981541413547
2023-03-30 22:00:00,0.9062356271814179,0.9025075780302233,0.9052532138752034,0.9042188741464784
2023-03-30 23:00:00,0.910974038736262,0.9055325369232587,0.9099174242084326,0.9086109772564255
2023-03-31 00:00:00,0.9011284382891028,0.8961032870891268,0.9012043924638962,0.8989152562149774
2023-03-31 01:00:00,0.8810899653302148,0.8748811917016671,0.8801960287782414,0.8780137019387331
2023-03-31 02:00:00,0.8409403822288141,0.8326567017341352,0.8396174935168701,0.8367218374510518
2023-03-31 03:00:00,0.7581281504038863,0.7090236139313277,0.7516990769238352,0.7563223773251936
2023-03-31 04:00:00,0.478047150529312,0.34115477862142174,0.4401437412137796,0.4503010530009958
2023-03-31 05:00:00,0.06548176171927615,0.054602239350645364,0.06349273960965593,0.06484198693984002
2023-03-31 06:00:00,0.0,0.0,0.0,0.0
2023-03-31 07:00:00,0.0,0.0,0.0,0.0
2023-03-31 08:00:00,0.0,0.0,0.0,0.0
2023-03-31 09:00:00,0.0,0.0,0.0,0.0
2023-03-31 10:00:00,0.0,0.0,0.0,0.0
2023-03-31 11:00:00,0.0,0.0,0.0,0.0
2023-03-31 12:00:00,0.0,0.0,0.0,0.0
2023-03-31 13:00:00,0.0,0.0,0.0,0.0
2023-03-31 14:00:00,0.0,0.0,0.0,0.0
2023-03-31 15:00:00,0.0,0.0,0.0,0.0
2023-03-31 16:00:00,0.0,0.0,0.0,0.0
2023-03-31 17:00:00,0.00011371962633240106,0.0,5.1527753009453284e-05,8.148257083554664e-05
2023-03-31 18:00:00,0.011462906283908123,0.005603956437036518,0.00912723732586075,0.008362750345764919
2023-03-31 19:00:00,0.0265674518390287,0.026032378671788675,0.025311224664674267,0.025017885332251365
2023-03-31 20:00:00,0.045214103870219145,0.047507349072909454,0.04236841234186906,0.04068269384994294
2023-03-31 21:00:00,0.06541427180645766,0.09834939644807643,0.0625918569716048,0.05374868365170215
2023-03-31 22:00:00,0.0810130116315242,0.10192238954044402,0.07872244769984703,0.06775277175229344
2023-03-31 23:00:00,0.1645250768094458,0.13152345650704048,0.15605735548704827,0.11800688336765947
2023-04-01 00:00:00,0.12294836072605102,0.13910143556258517,0.11951473635696369,0.10690062801494155
2023-04-01 01:00:00,0.1328930508147558,0.18246173882404607,0.13997375022227265,0.1273296926492036
2023-04-01 02:00:00,0.14049031381531826,0.2265694810101279,0.16983449103886675,0.14665090832477662
2023-04-01 03:00:00,0.0466997808782487,0.06421110108623561,0.050738714471825305,0.04529825229971348
2023-04-01 04:00:00,0.01979864729594259,0.019745217200799695,0.020406277555249763,0.01742435423976364
2023-04-01 05:00:00,0.004341378914866706,0.004680080283942352,0.00643101618821871,0.012870518796261004
2023-04-01 06:00:00,0.0,0.0,0.0,0.0
2023-04-01 07:00:00,0.0,0.0,0.0,0.0
2023-04-01 08:00:00,0.0,0.0,0.0,0.0
2023-04-01 09:00:00,0.0,0.0,0.0,0.0
2023-04-01 10:00:00,0.0,0.0,0.0,0.0
2023-04-01 11:00:00,0.0,0.0,0.0,0.0
2023-04-01 12:00:00,0.0,0.0,0.0,0.0
2023-04-01 13:00:00,0.0,0.0,0.0,0.0
2023-04-01 14:00:00,0.0,0.0,0.0,0.0
2023-04-01 15:00:00,0.0,0.0,0.0,0.0
2023-04-01 16:00:00,0.0,0.0,0.0,0.0
2023-04-01 17:00:00,0.36375399002438885,0.386492624832544,0.3744462312051471,0.3629701984987712
2023-04-01 18:00:00,0.5904096392057682,0.5715388610134716,0.5875090987990572,0.587057531461776
2023-04-01 19:00:00,0.717122632781981,0.6912012278717556,0.7144358082832782,0.7117577788923907
2023-04-01 20:00:00,0.7175098836682681,0.6864922849394243,0.7058095708084845,0.6449162983054407
2023-04-01 21:00:00,0.556298341971509,0.4658856146871078,0.5525594141855257,0.5094626977312419
2023-04-01 22:00:00,0.3848078968000004,0.22478385000658566,0.34538248491335155,0.35893900968813724
2023-04-01 23:00:00,0.14052638235467832,0.1415847638387899,0.12004294536135207,0.13819630892343907
2023-04-02 00:00:00,0.613972207865577,0.45848037438118344,0.5784551756274883,0.501113422071313
2023-04-02 01:00:00,0.25465267958043053,0.10781397021462853,0.1924839803316359,0.22159897983348653
2023-04-02 02:00:00,0.1150922066734027,0.1309795722276285,0.12109108954951457,0.11780547329631592
2023-04-02 03:00:00,0.08885011213054529,0.07495745198526792,0.077989237635425,0.09507923586358191
2023-04-02 04:00:00,0.21680800247963714,0.13726519191506995,0.20930009944389172,0.21268769016839628
2023-04-02 05:00:00,0.09033517493088848,0.05323314697462674,0.07343922506162559,0.055634538684686013
2023-04-02 06:00:00,0.0,0.0,0.0,0.0
2023-04-02 07:00:00,0.0,0.0,0.0,0.0
2023-04-02 08:00:00,0.0,0.0,0.0,0.0
2023-04-02 09:00:00,0.0,0.0,0.0,0.0
2023-04-02 10:00:00,0.0,0.0,0.0,0.0
2023-04-02 11:00:00,0.0,0.0,0.0,0.0
2023-04-02 12:00:00,0.0,0.0,0.0,0.0
2023-04-02 13:00:00,0.0,0.0,0.0,0.0
2023-04-02 14:00:00,0.0,0.0,0.0,0.0
2023-04-02 15:00:00,0.0,0.0,0.0,0.0
2023-04-02 16:00:00,0.0,0.0,0.0,0.0
2023-04-02 17:00:00,0.4193173980126336,0.4123616353081215,0.4167020308226683,0.41998037773445557
2023-04-02 18:00:00,0.6434210074430388,0.6294295360981217,0.6402143987810458,0.6432615225456209
2023-04-02 19:00:00,0.7801175001666444,0.7742949287249088,0.7785316612183839,0.7802432847545182
2023-04-02 20:00:00,0.8462397641751274,0.8395742241151614,0.8450212700607284,0.8454162363853767
2023-04-02 21:00:00,0.8824983146214431,0.8724116301554433,0.8816558838828296,0.8805610536553607
2023-04-02 22:00:00,0.8983060866942724,0.8911656307052724,0.8974299549284146,0.8945908898230647
2023-04-02 23:00:00,0.9019771011734132,0.8789982819289737,0.9011461490101038,0.8978725892890883
2023-04-03 00:00:00,0.8926640541620778,0.8798080860848961,0.891422260818895,0.8874164821442075
2023-04-03 01:00:00,0.8731413145418646,0.867155645478855,0.8725334867332052,0.8672107795245355
2023-04-03 02:00:00,0.8355372782698333,0.8141647384142798,0.8357675300518093,0.8302215279218329
2023-04-03 03:00:00,0.7683307986561841,0.7331229082144235,0.769923772897519,0.7657908796198662
2023-04-03 04:00:00,0.5014768897563819,0.28514872552593445,0.45302505231770007,0.4969571736262819
2023-04-03 05:00:00,0.1684439038836497,0.04174818920253975,0.12163874161414755,0.15539299612751165
2023-04-03 06:00:00,0.0,0.0,0.0,0.0
2023-04-03 07:00:00,0.0,0.0,0.0,0.0
2023-04-03 08:00:00,0.0,0.0,0.0,0.0
2023-04-03 09:00:00,0.0,0.0,0.0,0.0
2023-04-03 10:00:00,0.0,0.0,0.0,0.0
2023-04-03 11:00:00,0.0,0.0,0.0,0.0
2023-04-03 12:00:00,0.0,0.0,0.0,0.0
2023-04-03 13:00:00,0.0,0.0,0.0,0.0
2023-04-03 14:00:00,0.0,0.0,0.0,0.0
2023-04-03 15:00:00,0.0,0.0,0.0,0.0
2023-04-03 16:00:00,0.0,0.0,0.0,0.0
2023-04-03 17:00:00,0.23458014796314597,0.2617713202816458,0.24734328763198032,0.1653540069485702
2023-04-03 18:00:00,0.20825449582146224,0.25801042794209333,0.21507411460618447,0.16560969220637145
2023-04-03 19:00:00,0.5894070319824944,0.6325733250212213,0.6013220370859482,0.5772780453174021
2023-04-03 20:00:00,0.7220810688681684,0.7503657759626913,0.7231567736085645,0.6700185711626115
2023-04-03 21:00:00,0.7671773832406177,0.7896779189305964,0.7648009319940707,0.7227078403370243
2023-04-03 22:00:00,0.8141686581956051,0.8071696953848496,0.8124635931500583,0.7971282573605286
2023-04-03 23:00:00,0.8276927622715644,0.8057315755515781,0.8233489771541634,0.789298918607677
2023-04-04 00:00:00,0.7375343668465842,0.7461824338521824,0.7351813240516809,0.6294892343373433
2023-04-04 01:00:00,0.4775090191179805,0.4997049848032529,0.47972367288527,0.3736349679684272
2023-04-04 02:00:00,0.23584483228740882,0.17437154555727977,0.2160286960262855,0.16956090747040933
2023-04-04 03:00:00,0.040513990733163405,0.0785417471396288,0.044116646659659725,0.04019727174777044
2023-04-04 04:00:00,0.03875693150782933,0.10127142678491378,0.049521611412161444,0.049024104974852024
2023-04-04 05:00:00,0.01561564869231945,0.01146975548126973,0.012932761767414532,0.007066018854056386
2023-04-04 06:00:00,0.0,0.0,0.0,0.0
2023-04-04 07:00:00,0.0,0.0,0.0,0.0
2023-04-04 08:00:00,0.0,0.0,0.0,0.0
2023-04-04 09:00:00,0.0,0.0,0.0,0.0
2023-04-04 10:00:00,0.0,0.0,0.0,0.0
2023-04-04 11:00:00,0.0,0.0,0.0,0.0
2023-04-04 12:00:00,0.0,0.0,0.0,0.0
2023-04-04 13:00:00,0.0,0.0,0.0,0.0
2023-04-04 14:00:00,0.0,0.0,0.0,0.0
2023-04-04 15:00:00,0.0,0.0,0.0,0.0
2023-04-04 16:00:00,0.0,0.0,0.0,0.0
2023-04-04 17:00:00,0.08019720843084595,0.06749373016386519,0.08138791594314256,0.04300525511528896
2023-04-04 18:00:00,0.029383223631746443,0.017919587317632737,0.02372272436423373,0.014419019819734785
2023-04-04 19:00:00,0.08437525401642415,0.05759144692550821,0.07593045512973398,0.0883111681978739
2023-04-04 20:00:00,0.39786380153757506,0.2174207572422678,0.3610464444993361,0.5148805110473205
2023-04-04 21:00:00,0.5824545438513259,0.4361395729753063,0.55589752299061,0.6237302733319933
2023-04-04 22:00:00,0.7718591339609677,0.7277422653657107,0.778562380779359,0.7331685410062093
2023-04-04 23:00:00,0.578275865362106,0.5040091183712421,0.5812836394180816,0.44718537100880434
2023-04-05 00:00:00,0.519581737339048,0.5154294549438609,0.5239560274200434,0.3889685170943875
2023-04-05 01:00:00,0.5133726104981612,0.5493975143759579,0.5324150249387387,0.38154980549832435
2023-04-05 02:00:00,0.5398493157849593,0.5821834314422281,0.5623065917291787,0.4226368057909231
2023-04-05 03:00:00,0.4116111833703484,0.4799322828943753,0.42756938021763335,0.3104587144720712
2023-04-05 04:00:00,0.3339500029003067,0.3086559647410257,0.33436590621961054,0.2703802770676465
2023-04-05 05:00:00,0.2927649780242095,0.26354094581633297,0.301354173664853,0.28856215480786757
2023-04-05 06:00:00,0.0,0.0,0.0,0.0
2023-04-05 07:00:00,0.0,0.0,0.0,0.0
2023-04-05 08:00:00,0.0,0.0,0.0,0.0
2023-04-05 09:00:00,0.0,0.0,0.0,0.0
2023-04-05 10:00:00,0.0,0.0,0.0,0.0
2023-04-05 11:00:00,0.0,0.0,0.0,0.0
2023-04-05 12:00:00,0.0,0.0,0.0,0.0
2023-04-05 13:00:00,0.0,0.0,0.0,0.0
2023-04-05 14:00:00,0.0,0.0,0.0,0.0
2023-04-05 15:00:00,0.0,0.0,0.0,0.0
2023-04-05 16:00:00,0.0,0.0,0.0,0.0
2023-04-05 17:00:00,0.0027673650722798517,0.0023300336392762223,0.0033127281077275535,0.0015718397991279912
2023-04-05 18:00:00,0.03338297899573092,0.02908357313162328,0.028864205246893482,0.028505672413626764
2023-04-05 19:00:00,0.07488488506695033,0.05218831916699787,0.06824463112263437,0.062298882413130315
2023-04-05 20:00:00,0.07322439590178939,0.04084638925501937,0.05816922266347069,0.05961506396166896
2023-04-05 21:00:00,0.06655384302238761,0.0990216130099959,0.06567859816535282,0.06517626572196651
2023-04-05 22:00:00,0.13288500659115488,0.19505790469599552,0.13957834232058333,0.11860724511502507
2023-04-05 23:00:00,0.22378938817669222,0.2998894545171324,0.24899104491377355,0.2521011011655925
2023-04-06 00:00:00,0.26701091200791666,0.4962549737891309,0.32967388036769685,0.31480186188014797
2023-04-06 01:00:00,0.25783827923339453,0.21651916924495465,0.24218775741812407,0.3228547606768629
2023-04-06 02:00:00,0.2557678113682604,0.40721365571896834,0.3006130905972179,0.307491754131508
2023-04-06 03:00:00,0.22679358246530215,0.29144996281397323,0.256310298437313,0.3084106647424798
2023-04-06 04:00:00,0.07210915083873973,0.02692908457651037,0.055690600939708984,0.08855013691925377
2023-04-06 05:00:00,8.068651727545898e-05,0.0006080729544320826,0.00012102977591318846,0.000366901356093827
2023-04-06 06:00:00,0.0,0.0,0.0,0.0
2023-04-06 07:00:00,0.0,0.0,0.0,0.0
2023-04-06 08:00:00,0.0,0.0,0.0,0.0
2023-04-06 09:00:00,0.0,0.0,0.0,0.0
2023-04-06 10:00:00,0.0,0.0,0.0,0.0
2023-04-06 11:00:00,0.0,0.0,0.0,0.0
2023-04-06 12:00:00,0.0,0.0,0.0,0.0
2023-04-06 13:00:00,0.0,0.0,0.0,0.0
2023-04-06 14:00:00,0.0,0.0,0.0,0.0
2023-04-06 15:00:00,0.0,0.0,0.0,0.0
2023-04-06 16:00:00,0.0,0.0,0.0,0.0
2023-04-06 17:00:00,0.21011351837852654,0.23980968853870652,0.2200852492670538,0.2432996756041188
2023-04-06 18:00:00,0.3885312522186842,0.34163107908926066,0.3766194186865358,0.3863411580240683
2023-04-06 19:00:00,0.53220971889702,0.54598306668496,0.5354670168880056,0.5594530663384986
2023-04-06 20:00:00,0.7090914815144398,0.7214259267052409,0.7162189845410509,0.745480418411281
2023-04-06 21:00:00,0.7765645250364891,0.7668773768840772,0.776636952980062,0.787403143503781
2023-04-06 22:00:00,0.7313037017344687,0.6787870876022946,0.7188963294944016,0.7464395223292709
2023-04-06 23:00:00,0.6472482584861153,0.6186790989570556,0.6376363859359434,0.6373165952771712
2023-04-07 00:00:00,0.5576365287894229,0.6009413192190523,0.5664430692038203,0.6147938519687196
2023-04-07 01:00:00,0.6216459307953183,0.6804927265821682,0.6472793399554784,0.6658775382397351
2023-04-07 02:00:00,0.45839526420507565,0.407399393783598,0.4375644744383793,0.43918387429549804
2023-04-07 03:00:00,0.29913087654729237,0.35328816098344523,0.30547266553361085,0.31250679753532534
2023-04-07 04:00:00,0.2567562619039379,0.259371995010478,0.26206468419246354,0.27388832395947377
2023-04-07 05:00:00,0.07494371073523186,0.08338776761536482,0.0719780684394046,0.07081257596084282
2023-04-07 06:00:00,0.0,0.0,0.0,0.0
2023-04-07 07:00:00,0.0,0.0,0.0,0.0
2023-04-07 08:00:00,0.0,0.0,0.0,0.0
2023-04-07 09:00:00,0.0,0.0,0.0,0.0
2023-04-07 10:00:00,0.0,0.0,0.0,0.0
2023-04-07 11:00:00,0.0,0.0,0.0,0.0
2023-04-07 12:00:00,0.0,0.0,0.0,0.0
2023-04-07 13:00:00,0.0,0.0,0.0,0.0
2023-04-07 14:00:00,0.0,0.0,0.0,0.0
2023-04-07 15:00:00,0.0,0.0,0.0,0.0
2023-04-07 16:00:00,0.0,0.0,0.0,0.0
2023-04-07 17:00:00,0.4229750573379008,0.40921822265144064,0.4184366145786906,0.4221651618170806
2023-04-07 18:00:00,0.6422922995976433,0.6373005034207703,0.6403270441647707,0.652782385982371
2023-04-07 19:00:00,0.7912422519298706,0.7759469652695491,0.7873994333431342,0.7955078429156242
2023-04-07 20:00:00,0.8516805751902364,0.8402811862369107,0.8490320523148398,0.8567454520004901
2023-04-07 21:00:00,0.8821476995150072,0.8738205006066656,0.8809286314182434,0.8865261941000607
2023-04-07 22:00:00,0.8841586269110907,0.8887922727833208,0.8877915048288703,0.886577230155701
2023-04-07 23:00:00,0.8976606934996308,0.8923026927864569,0.8976181798958387,0.9023677909759259
2023-04-08 00:00:00,0.8582852886809951,0.87416964111073,0.8621153205140737,0.8416869385139467
2023-04-08 01:00:00,0.8623806479895094,0.8557723953725315,0.8615811278934822,0.8709962384356819
2023-04-08 02:00:00,0.80958236077472,0.817480186863429,0.8109908355141351,0.8174984283422025
2023-04-08 03:00:00,0.7649265939709663,0.7643802670805613,0.7651340593345417,0.7721530672610483
2023-04-08 04:00:00,0.6346137371714335,0.6371518865904952,0.6358907033578981,0.639764642344261
2023-04-08 05:00:00,0.4116498490011868,0.40957281183035726,0.41151302875276796,0.4156016622382565
2023-04-08 06:00:00,0.0,0.0,0.0,0.0
2023-04-08 07:00:00,0.0,0.0,0.0,0.0
2023-04-08 08:00:00,0.0,0.0,0.0,0.0
2023-04-08 09:00:00,0.0,0.0,0.0,0.0
2023-04-08 10:00:00,0.0,0.0,0.0,0.0
2023-04-08 11:00:00,0.0,0.0,0.0,0.0
2023-04-08 12:00:00,0.0,0.0,0.0,0.0
2023-04-08 13:00:00,0.0,0.0,0.0,0.0
2023-04-08 14:00:00,0.0,0.0,0.0,0.0
2023-04-08 15:00:00,0.0,0.0,0.0,0.0
2023-04-08 16:00:00,0.0,0.0,0.0,0.0
2023-04-08 17:00:00,0.43795303238176025,0.41898098635673087,0.4336495575066237,0.4371132640928595
2023-04-08 18:00:00,0.6567823710596684,0.640539487185026,0.6525789225520169,0.6550435190675731
2023-04-08 19:00:00,0.7749505164319075,0.7666137820342729,0.7730113001646182,0.7737137652740804
2023-04-08 20:00:00,0.8339724761493857,0.8235313879209576,0.8330831856132543,0.8335638723797073
2023-04-08 21:00:00,0.8639755301726644,0.8512986306504424,0.8622680694075677,0.8567990542277334
2023-04-08 22:00:00,0.8532542547480735,0.8528212765381905,0.8503861778717634,0.811750260724086
2023-04-08 23:00:00,0.8494001783280202,0.8490749219091188,0.8413766457578421,0.7855141823873294
2023-04-09 00:00:00,0.8742767348310152,0.8683521590158584,0.8716205208670551,0.8556825464514741
2023-04-09 01:00:00,0.8554082842263506,0.8518931434094931,0.8545792351848319,0.8440573211687353
2023-04-09 02:00:00,0.7866090982610894,0.8089338235952391,0.7953048583502129,0.7638942092622978
2023-04-09 03:00:00,0.6175696845257799,0.7041201632912536,0.6548727793230653,0.5492147928288188
2023-04-09 04:00:00,0.47486760977276327,0.5842170445323744,0.5115147256294793,0.39315352026091954
2023-04-09 05:00:00,0.3147898171664496,0.3770015478780415,0.33566413279180607,0.27709327413738355
2023-04-09 06:00:00,0.0,0.0,0.0,0.0
2023-04-09 07:00:00,0.0,0.0,0.0,0.0
2023-04-09 08:00:00,0.0,0.0,0.0,0.0
2023-04-09 09:00:00,0.0,0.0,0.0,0.0
2023-04-09 10:00:00,0.0,0.0,0.0,0.0
2023-04-09 11:00:00,0.0,0.0,0.0,0.0
2023-04-09 12:00:00,0.0,0.0,0.0,0.0
2023-04-09 13:00:00,0.0,0.0,0.0,0.0
2023-04-09 14:00:00,0.0,0.0,0.0,0.0
2023-04-09 15:00:00,0.0,0.0,0.0,0.0
2023-04-09 16:00:00,0.0,0.0,0.0,0.0
2023-04-09 17:00:00,0.41466316424563576,0.403190594935161,0.4115708594932025,0.4146629123636985
2023-04-09 18:00:00,0.6334372817155818,0.6239210600087238,0.6301999289922771,0.6318257788537526
2023-04-09 19:00:00,0.7513537647446616,0.7452927704589317,0.7495339942498445,0.7481200657826722
2023-04-09 20:00:00,0.8109864082662118,0.8039835488055762,0.8096547571533995,0.8057668869812663
2023-04-09 21:00:00,0.8448237162011516,0.8378552756895136,0.8439474437783223,0.838189279458919
2023-04-09 22:00:00,0.8607865511644772,0.853238313283356,0.860256486862121,0.8525611632269702
2023-04-09 23:00:00,0.8639250891604814,0.8561832855897458,0.8635911950230755,0.8543051384601488
2023-04-10 00:00:00,0.8516068415842493,0.8506602810458049,0.8538144784900936,0.8402856794681349
2023-04-10 01:00:00,0.837976545927491,0.8315094169909812,0.83806210735902,0.8273288329781883
2023-04-10 02:00:00,0.8006471666699438,0.7953069163797167,0.8007850324726217,0.7903231591120462
2023-04-10 03:00:00,0.7342533164004351,0.7336595250010179,0.7353634720659216,0.7248276459088357
2023-04-10 04:00:00,0.610743598073579,0.6122964474421563,0.6119516254778704,0.6038647559782994
2023-04-10 05:00:00,0.39386413977760876,0.39918417097301023,0.39470253855990856,0.389454967423248
2023-04-10 06:00:00,0.0,0.0,0.0,0.0
2023-04-10 07:00:00,0.0,0.0,0.0,0.0
2023-04-10 08:00:00,0.0,0.0,0.0,0.0
2023-04-10 09:00:00,0.0,0.0,0.0,0.0
2023-04-10 10:00:00,0.0,0.0,0.0,0.0
2023-04-10 11:00:00,0.0,0.0,0.0,0.0
2023-04-10 12:00:00,0.0,0.0,0.0,0.0
2023-04-10 13:00:00,0.0,0.0,0.0,0.0
2023-04-10 14:00:00,0.0,0.0,0.0,0.0
2023-04-10 15:00:00,0.0,0.0,0.0,0.0
2023-04-10 16:00:00,0.0,0.0,0.0,0.0
2023-04-10 17:00:00,0.41631660123903586,0.40424624517472507,0.4118495127385018,0.40555201433043186
2023-04-10 18:00:00,0.6334656175184263,0.6231128779896772,0.6310473263271534,0.6282123919984052
2023-04-10 19:00:00,0.7423936009971229,0.7339377787342621,0.7417087069244441,0.7336843425878975
2023-04-10 20:00:00,0.7939920866823066,0.77023116136176,0.7902233409273526,0.7715000586441952
2023-04-10 21:00:00,0.8107752454740268,0.7784338900285693,0.8029912163556445,0.7719358425327943
2023-04-10 22:00:00,0.805732988557638,0.7635485908487506,0.7966753692793584,0.7713159369053167
2023-04-10 23:00:00,0.8100641258638444,0.7789587487126518,0.8035940346061126,0.7829970673247993
2023-04-11 00:00:00,0.8147047798311995,0.7870289731125245,0.8105239970347218,0.7868708885389224
2023-04-11 01:00:00,0.7721524010100643,0.7197529882149546,0.7632609397570476,0.7493197517328095
2023-04-11 02:00:00,0.6828117262678296,0.6402436027188686,0.6689399969143941,0.6569979409644736
2023-04-11 03:00:00,0.558556914957324,0.5254826865765173,0.5470689332731218,0.5500023228733791
2023-04-11 04:00:00,0.4720984095146989,0.4154544784490557,0.4576525518654837,0.4605589507691927
2023-04-11 05:00:00,0.2820579663004914,0.3260193996021669,0.28929594366697564,0.2537724300923558
2023-04-11 06:00:00,0.0,0.0,0.0,0.0
2023-04-11 07:00:00,0.0,0.0,0.0,0.0
2023-04-11 08:00:00,0.0,0.0,0.0,0.0
2023-04-11 09:00:00,0.0,0.0,0.0,0.0
2023-04-11 10:00:00,0.0,0.0,0.0,0.0
2023-04-11 11:00:00,0.0,0.0,0.0,0.0
2023-04-11 12:00:00,0.0,0.0,0.0,0.0
2023-04-11 13:00:00,0.0,0.0,0.0,0.0
2023-04-11 14:00:00,0.0,0.0,0.0,0.0
2023-04-11 15:00:00,0.0,0.0,0.0,0.0
2023-04-11 16:00:00,0.0,0.0,0.0,0.0
2023-04-11 17:00:00,0.24270922692471641,0.24260121997578812,0.2398497214356597,0.24012801087102817
2023-04-11 18:00:00,0.4485521887925348,0.4667206720390001,0.45688896699585274,0.4349318248792538
2023-04-11 19:00:00,0.584961275771173,0.6365296313482357,0.5954259443234495,0.5503323259215017
2023-04-11 20:00:00,0.571117209513161,0.6266187787535726,0.5805521302967784,0.5568299913827022
2023-04-11 21:00:00,0.6563783992598765,0.7230982764001309,0.6743757995166961,0.6592093577615565
2023-04-11 22:00:00,0.7143552769529918,0.7762659159136859,0.7372536783821222,0.7049436276376465
2023-04-11 23:00:00,0.6748213243133386,0.7838055896521317,0.713781403096305,0.6865111232718143
2023-04-12 00:00:00,0.5692697997369519,0.6327578504514576,0.5786731827227134,0.5293217345512888
2023-04-12 01:00:00,0.4451397748838126,0.525080927489569,0.4660210670882998,0.4458143845726347
2023-04-12 02:00:00,0.44679640269811727,0.5355811313525162,0.4772940591642641,0.508788647434851
2023-04-12 03:00:00,0.3116122053437496,0.41783281932804117,0.33979150557187776,0.31911595629592265
2023-04-12 04:00:00,0.10597911541454219,0.11590134294610425,0.10740582740236654,0.09814753226131401
2023-04-12 05:00:00,0.007668894850521267,0.014563772898304038,0.008431087726129757,0.010109362785921566
2023-04-12 06:00:00,0.0,0.0,0.0,0.0
2023-04-12 07:00:00,0.0,0.0,0.0,0.0
2023-04-12 08:00:00,0.0,0.0,0.0,0.0
2023-04-12 09:00:00,0.0,0.0,0.0,0.0
2023-04-12 10:00:00,0.0,0.0,0.0,0.0
2023-04-12 11:00:00,0.0,0.0,0.0,0.0
2023-04-12 12:00:00,0.0,0.0,0.0,0.0
2023-04-12 13:00:00,0.0,0.0,0.0,0.0
2023-04-12 14:00:00,0.0,0.0,0.0,0.0
2023-04-12 15:00:00,0.0,0.0,0.0,0.0
2023-04-12 16:00:00,0.0,0.0,0.0,0.0
2023-04-12 17:00:00,0.3563549611200642,0.3501896240608486,0.3542725476488472,0.3605984607690891
2023-04-12 18:00:00,0.5756626238573403,0.5680179777145004,0.5740510542715713,0.570769806501793
2023-04-12 19:00:00,0.6871018586477637,0.6809354870193604,0.6862611793505151,0.6792393618955838
2023-04-12 20:00:00,0.743113174224872,0.7352023029061273,0.7424312568359119,0.7325340379083526
2023-04-12 21:00:00,0.7743966295101172,0.7654197824097814,0.7743416476729578,0.7617670740134473
2023-04-12 22:00:00,0.7898237456793868,0.7795673659246752,0.7892216513540158,0.7747390947291383
2023-04-12 23:00:00,0.7950415439109824,0.7846735832461044,0.7946410120131744,0.7785352757730614
2023-04-13 00:00:00,0.7928261231677775,0.7820165845012035,0.7923227487177342,0.7763159204255318
2023-04-13 01:00:00,0.775754519616226,0.7639111042941074,0.7749559553679519,0.7603476087779276
2023-04-13 02:00:00,0.7411201263011508,0.7288215898300382,0.7398101442147065,0.7267785768522913
2023-04-13 03:00:00,0.6779061159357341,0.6686727409569747,0.6767135561378186,0.6659017909865678
2023-04-13 04:00:00,0.5581305663429154,0.554533358809686,0.5581068287745458,0.5506922357685345
2023-04-13 05:00:00,0.3555204856416438,0.3552662169804006,0.3571617566003825,0.3547212822947398
2023-04-13 06:00:00,0.0,0.0,0.0,0.0
2023-04-13 07:00:00,0.0,0.0,0.0,0.0
2023-04-13 08:00:00,0.0,0.0,0.0,0.0
2023-04-13 09:00:00,0.0,0.0,0.0,0.0
2023-04-13 10:00:00,0.0,0.0,0.0,0.0
2023-04-13 11:00:00,0.0,0.0,0.0,0.0
2023-04-13 12:00:00,0.0,0.0,0.0,0.0
2023-04-13 13:00:00,0.0,0.0,0.0,0.0
2023-04-13 14:00:00,0.0,0.0,0.0,0.0
2023-04-13 15:00:00,0.0,0.0,0.0,0.0
2023-04-13 16:00:00,0.0,0.0,0.0,0.0
2023-04-13 17:00:00,0.39219733637866866,0.38231819647328663,0.3898520976206118,0.3860490294956152
2023-04-13 18:00:00,0.594515083978017,0.5871870891925725,0.592919848087279,0.5843433117368498
2023-04-13 19:00:00,0.6995994929730157,0.6946488481216324,0.6990896699420702,0.6876221714164613
2023-04-13 20:00:00,0.7534308849634469,0.7472282652647309,0.7530412590173106,0.7387534206407392
2023-04-13 21:00:00,0.7846910222437301,0.7788946252016934,0.7847631366099161,0.7674480109246421
2023-04-13 22:00:00,0.8006813121311877,0.7939330316377656,0.8009873190927728,0.7811779027401197
2023-04-13 23:00:00,0.8065346117802555,0.7986042371388677,0.8066795817876946,0.7860523905414171
2023-04-14 00:00:00,0.8048015549094155,0.795015656698006,0.8046629747450246,0.7845289675849316
2023-04-14 01:00:00,0.7889366233769298,0.7778479128599057,0.7883600194189821,0.7704778570360137
2023-04-14 02:00:00,0.7565639209930138,0.7447264893158297,0.7555536284739426,0.7404814633292935
2023-04-14 03:00:00,0.6981810636221923,0.6889991011646718,0.6973367601843705,0.6855564477135694
2023-04-14 04:00:00,0.5855968882747823,0.5788658058428201,0.5849484374752691,0.5760484334329266
2023-04-14 05:00:00,0.38195161646247144,0.379121282134784,0.38247259089944224,0.37531956233002384
2023-04-14 06:00:00,0.0,0.0,0.0,0.0
2023-04-14 07:00:00,0.0,0.0,0.0,0.0
2023-04-14 08:00:00,0.0,0.0,0.0,0.0
2023-04-14 09:00:00,0.0,0.0,0.0,0.0
2023-04-14 10:00:00,0.0,0.0,0.0,0.0
2023-04-14 11:00:00,0.0,0.0,0.0,0.0
2023-04-14 12:00:00,0.0,0.0,0.0,0.0
2023-04-14 13:00:00,0.0,0.0,0.0,0.0
2023-04-14 14:00:00,0.0,0.0,0.0,0.0
2023-04-14 15:00:00,0.0,0.0,0.0,0.0
2023-04-14 16:00:00,0.0,0.0,0.0,0.0
2023-04-14 17:00:00,0.4178881007914357,0.4078969576535252,0.4153414724140927,0.41132202597410344
2023-04-14 18:00:00,0.6173774979920401,0.6091794384934054,0.6162503055807256,0.6084566826738779
2023-04-14 19:00:00,0.715711363669188,0.7048573332278023,0.7149676372905381,0.7034626195481043
2023-04-14 20:00:00,0.7641876827126866,0.7517704321394141,0.7642689895668688,0.7488062217245327
2023-04-14 21:00:00,0.7906385287889606,0.7808492312226022,0.7917737965512306,0.7744842311449975
2023-04-14 22:00:00,0.8082294839875828,0.7961004439621143,0.8097016631368007,0.7887477173313747
2023-04-14 23:00:00,0.8093036607840832,0.7984047541138288,0.8114155384920745,0.7903000656642596
2023-04-15 00:00:00,0.8012017514115066,0.7906212526489007,0.8030606477012172,0.7844450604841868
2023-04-15 01:00:00,0.7835035074132999,0.771984004805077,0.7853430782060173,0.7709855447047422
2023-04-15 02:00:00,0.7333660230729099,0.7148137821779668,0.7304401748675774,0.7258348479114533
2023-04-15 03:00:00,0.6702068912660565,0.6598293436923921,0.6693975864951349,0.6703950697904633
2023-04-15 04:00:00,0.46897903695842524,0.45873843199729897,0.4641219914704787,0.5003091685106659
2023-04-15 05:00:00,0.22118035430019614,0.20686932269213384,0.20976591492466068,0.24795506028178949
2023-04-15 06:00:00,0.0,0.0,0.0,0.0
2023-04-15 07:00:00,0.0,0.0,0.0,0.0
2023-04-15 08:00:00,0.0,0.0,0.0,0.0
2023-04-15 09:00:00,0.0,0.0,0.0,0.0
2023-04-15 10:00:00,0.0,0.0,0.0,0.0
2023-04-15 11:00:00,0.0,0.0,0.0,0.0
2023-04-15 12:00:00,0.0,0.0,0.0,0.0
2023-04-15 13:00:00,0.0,0.0,0.0,0.0
2023-04-15 14:00:00,0.0,0.0,0.0,0.0
2023-04-15 15:00:00,0.0,0.0,0.0,0.0
2023-04-15 16:00:00,0.0,0.0,0.0,0.0
2023-04-15 17:00:00,0.2610256608463165,0.25677319825582395,0.26968119036249116,0.287087941470491
2023-04-15 18:00:00,0.25073049492389116,0.36496503110255696,0.3121416614579245,0.3544210948000581
2023-04-15 19:00:00,0.47548259479462834,0.5804668764744327,0.5427629915143104,0.5609431637104746
2023-04-15 20:00:00,0.7454320182926892,0.6480716751201833,0.7545635527978232,0.7463517134896556
2023-04-15 21:00:00,0.773861927324413,0.6946777317873609,0.7755571385858334,0.7678616387815947
2023-04-15 22:00:00,0.7879061435247099,0.7169823444209217,0.7894952455660726,0.7788753059882794
2023-04-15 23:00:00,0.7617145055378836,0.7265735928255586,0.7658445423178362,0.7622455915389027
2023-04-16 00:00:00,0.7983646927207708,0.782811133531074,0.7986606284991808,0.7752739573813011
2023-04-16 01:00:00,0.7840377183507549,0.7674503795414803,0.7843669455770368,0.7623791964124397
2023-04-16 02:00:00,0.7569077289996894,0.7286249393595147,0.7571019018051193,0.7371971910218749
2023-04-16 03:00:00,0.6791959682644352,0.6336286538207111,0.674501628355151,0.640846228117108
2023-04-16 04:00:00,0.5670500335248243,0.544658551945791,0.5649204994012356,0.542451735053884
2023-04-16 05:00:00,0.3668127113701532,0.3795929540494721,0.37063013823930935,0.3649216087548826
2023-04-16 06:00:00,0.0,0.0,0.0,0.0
2023-04-16 07:00:00,0.0,0.0,0.0,0.0
2023-04-16 08:00:00,0.0,0.0,0.0,0.0
2023-04-16 09:00:00,0.0,0.0,0.0,0.0
2023-04-16 10:00:00,0.0,0.0,0.0,0.0
2023-04-16 11:00:00,0.0,0.0,0.0,0.0
2023-04-16 12:00:00,0.0,0.0,0.0,0.0
2023-04-16 13:00:00,0.0,0.0,0.0,0.0
2023-04-16 14:00:00,0.0,0.0,0.0,0.0
2023-04-16 15:00:00,0.0,0.0,0.0,0.0
2023-04-16 16:00:00,0.0,0.0,0.0,0.0
2023-04-16 17:00:00,0.385890681815036,0.36669220391928176,0.38110952034952505,0.3837516355916053
2023-04-16 18:00:00,0.565342274889777,0.5648104976270322,0.5658834477288908,0.568008596270735
2023-04-16 19:00:00,0.6626697342631244,0.6705724149353571,0.6661125330559916,0.6645012723164615
2023-04-16 20:00:00,0.6764614823277344,0.6821871621117888,0.6792839326292845,0.6875869756794534
2023-04-16 21:00:00,0.7093131882852123,0.6975489177441064,0.7072912957853137,0.7074692403604542
2023-04-16 22:00:00,0.7259681669658962,0.7503178028826168,0.7321296981248957,0.7154658783137924
2023-04-16 23:00:00,0.7503416343960184,0.7359568175241421,0.7550891773348504,0.744936901850015
2023-04-17 00:00:00,0.6142541304452522,0.4013863633703205,0.5840292531623335,0.6276666735148234
2023-04-17 01:00:00,0.534988708713927,0.33022015947723793,0.4722900188381266,0.5206320492486374
2023-04-17 02:00:00,0.3752248904563979,0.4922284025414676,0.3969253389183662,0.38111503270037095
2023-04-17 03:00:00,0.2819608282568853,0.2675255547515589,0.27303814098311624,0.2532732045303841
2023-04-17 04:00:00,0.08507021993567604,0.03180886251466055,0.06558811554895845,0.07197553813338663
2023-04-17 05:00:00,0.0040193625641132815,0.022618267121803443,0.004712689095906057,0.00952081240118923
2023-04-17 06:00:00,0.0,0.0,0.0,0.0
2023-04-17 07:00:00,0.0,0.0,0.0,0.0
2023-04-17 08:00:00,0.0,0.0,0.0,0.0
2023-04-17 09:00:00,0.0,0.0,0.0,0.0
2023-04-17 10:00:00,0.0,0.0,0.0,0.0
2023-04-17 11:00:00,0.0,0.0,0.0,0.0
2023-04-17 12:00:00,0.0,0.0,0.0,0.0
2023-04-17 13:00:00,0.0,0.0,0.0,0.0
2023-04-17 14:00:00,0.0,0.0,0.0,0.0
2023-04-17 15:00:00,0.0,0.0,0.0,0.0
2023-04-17 16:00:00,0.0,0.0,0.0,0.0
2023-04-17 17:00:00,0.1747581923487216,0.21462310856151914,0.19295816551996023,0.18706525674491925
2023-04-17 18:00:00,0.37946498466650497,0.346822825799234,0.4006630488823343,0.3714283325421932
2023-04-17 19:00:00,0.3349525136724952,0.12548303869138192,0.280444763616327,0.26490673633732537
2023-04-17 20:00:00,0.1672739629025881,0.14272107433953515,0.15753627683013058,0.1576203029281564
2023-04-17 21:00:00,0.21416583525131783,0.23922241006691133,0.2163430819445975,0.22676163707218175
2023-04-17 22:00:00,0.2535345567343285,0.30920717818098276,0.251357953166788,0.2884538546909056
2023-04-17 23:00:00,0.3660956906177546,0.4400848177595573,0.3944338518375051,0.4022970445484207
2023-04-18 00:00:00,0.2576471437348506,0.3295729289147851,0.2755315325466523,0.3003385465596198
2023-04-18 01:00:00,0.21170741709462274,0.2381812202363609,0.21710012144612176,0.24671624758639268
2023-04-18 02:00:00,0.24896434200062198,0.29897329975561115,0.26494227460079867,0.28582660496632845
2023-04-18 03:00:00,0.17605445957560753,0.21817209856435302,0.18327120253362156,0.20333706467196747
2023-04-18 04:00:00,0.18131227233170935,0.09530624958491506,0.15869193075276775,0.1604953151385987
2023-04-18 05:00:00,0.06980367550550652,0.05935898006779188,0.0662729050274972,0.05028939257908632
2023-04-18 06:00:00,0.0,0.0,0.0,0.0
2023-04-18 07:00:00,0.0,0.0,0.0,0.0
2023-04-18 08:00:00,0.0,0.0,0.0,0.0
2023-04-18 09:00:00,0.0,0.0,0.0,0.0
2023-04-18 10:00:00,0.0,0.0,0.0,0.0
2023-04-18 11:00:00,0.0,0.0,0.0,0.0
2023-04-18 12:00:00,0.0,0.0,0.0,0.0
2023-04-18 13:00:00,0.0,0.0,0.0,0.0
2023-04-18 14:00:00,0.0,0.0,0.0,0.0
2023-04-18 15:00:00,0.0,0.0,0.0,0.0
2023-04-18 16:00:00,0.0,0.0,0.0,0.0
2023-04-18 17:00:00,0.020104150574798516,0.014170163713245976,0.019757309810778344,0.02652033352723582
2023-04-18 18:00:00,0.11969259602256722,0.14688396906856593,0.13199454353807208,0.12928246280062705
2023-04-18 19:00:00,0.15371045767141364,0.16245213044239118,0.15491808402257218,0.15143525645093692
2023-04-18 20:00:00,0.2942532335943416,0.23371306992763263,0.27347116304596225,0.29375272539910086
2023-04-18 21:00:00,0.24345705097848924,0.2073181766107216,0.2218178814759253,0.2175048747820425
2023-04-18 22:00:00,0.32618399326659325,0.30820742762319675,0.31852515017860017,0.316111248611681
2023-04-18 23:00:00,0.4773622738823411,0.3929904923625918,0.45852012134776143,0.4458866142766716
2023-04-19 00:00:00,0.4884480329223925,0.37599131365619937,0.4654129987430031,0.49518348048261096
2023-04-19 01:00:00,0.2900690771774804,0.23430426774851432,0.2660221869732053,0.2808361865853841
2023-04-19 02:00:00,0.2544904307603084,0.18220014193669543,0.2327164759782128,0.2558331851742166
2023-04-19 03:00:00,0.17149532131416367,0.16851569273214895,0.1659282927231023,0.1667149582258632
2023-04-19 04:00:00,0.0548171783716202,0.09274947398208254,0.05833844108384268,0.04912031868169464
2023-04-19 05:00:00,0.016270437292095517,0.055667051210160544,0.02189384960589309,0.014346536430170928
2023-04-19 06:00:00,0.0,0.0,0.0,0.0
2023-04-19 07:00:00,0.0,0.0,0.0,0.0
2023-04-19 08:00:00,0.0,0.0,0.0,0.0
2023-04-19 09:00:00,0.0,0.0,0.0,0.0
2023-04-19 10:00:00,0.0,0.0,0.0,0.0
2023-04-19 11:00:00,0.0,0.0,0.0,0.0
2023-04-19 12:00:00,0.0,0.0,0.0,0.0
2023-04-19 13:00:00,0.0,0.0,0.0,0.0
2023-04-19 14:00:00,0.0,0.0,0.0,0.0
2023-04-19 15:00:00,0.0,0.0,0.0,0.0
2023-04-19 16:00:00,0.0,0.0,0.0,0.0
2023-04-19 17:00:00,0.32470479227226184,0.43454878179571127,0.35296752327909886,0.2530745674007248
2023-04-19 18:00:00,0.577815119409963,0.6788719998700615,0.6172114414924212,0.5639857191889035
2023-04-19 19:00:00,0.7266131075991707,0.7653759011487759,0.742971496689874,0.7167365417181865
2023-04-19 20:00:00,0.8067268674867019,0.7626880077144508,0.7978717034308078,0.7963233831261962
2023-04-19 21:00:00,0.795470151053085,0.7706401656152346,0.7887088466498433,0.7870694612767885
2023-04-19 22:00:00,0.7577640057689251,0.7983262365158859,0.7639701209912609,0.7577947803445402
2023-04-19 23:00:00,0.8295677627491096,0.8617506973975019,0.8402408203513084,0.8432344716921819
2023-04-20 00:00:00,0.8648600534253581,0.8602633282449359,0.8642283248506912,0.8629411446801408
2023-04-20 01:00:00,0.8417919579550728,0.8395178252729717,0.8421267694892978,0.8394363067632026
2023-04-20 02:00:00,0.7911471240248246,0.7698080107728121,0.7836960482127223,0.7559147680348093
2023-04-20 03:00:00,0.5912265314492032,0.645673127903827,0.6071816750149455,0.4820506235230337
2023-04-20 04:00:00,0.4385439253155858,0.4516878559892615,0.4503503534804657,0.37490134990852647
2023-04-20 05:00:00,0.24325268819743984,0.2014303572148464,0.24005064668515197,0.21592461131919063
2023-04-20 06:00:00,0.0,0.0,0.0,0.0
2023-04-20 07:00:00,0.0,0.0,0.0,0.0
2023-04-20 08:00:00,0.0,0.0,0.0,0.0
2023-04-20 09:00:00,0.0,0.0,0.0,0.0
2023-04-20 10:00:00,0.0,0.0,0.0,0.0
2023-04-20 11:00:00,0.0,0.0,0.0,0.0
2023-04-20 12:00:00,0.0,0.0,0.0,0.0
2023-04-20 13:00:00,0.0,0.0,0.0,0.0
2023-04-20 14:00:00,0.0,0.0,0.0,0.0
2023-04-20 15:00:00,0.0,0.0,0.0,0.0
2023-04-20 16:00:00,0.0,0.0,0.0,0.0
2023-04-20 17:00:00,0.11966467490000328,0.05026786137239852,0.08471669415357971,0.12473992031840359
2023-04-20 18:00:00,0.16202379598099081,0.14880163393860932,0.13585883018865302,0.16406147602133478
2023-04-20 19:00:00,0.2743256105533558,0.33424582193080404,0.2660061633698051,0.2766020606733203
2023-04-20 20:00:00,0.33422544937880677,0.5413518178433497,0.3727910507794113,0.3276966842053735
2023-04-20 21:00:00,0.4864759713424376,0.6206037208826624,0.5243458961384578,0.4747965210061093
2023-04-20 22:00:00,0.6818211844679695,0.7366619753599145,0.7031663749919731,0.6797918572661154
2023-04-20 23:00:00,0.7516409482213948,0.7963861230714017,0.7682099677726789,0.7446574347266385
2023-04-21 00:00:00,0.7137141934270333,0.7657283272386475,0.7240885494472631,0.6326650564743691
2023-04-21 01:00:00,0.7536792471567629,0.7016303761723389,0.7510323482238401,0.7117964935961126
2023-04-21 02:00:00,0.6660650549827021,0.6564598246852106,0.6538356639298566,0.6222371241732753
2023-04-21 03:00:00,0.6155549095901256,0.588383931548713,0.6259375374488337,0.5808786659213588
2023-04-21 04:00:00,0.4021502168999766,0.27408760230402246,0.3715272704908771,0.3235995705227623
2023-04-21 05:00:00,0.12044205822131139,0.06379023583331539,0.09783155506793154,0.07213532766270714
2023-04-21 06:00:00,0.0,0.0,0.0,0.0
2023-04-21 07:00:00,0.0,0.0,0.0,0.0
2023-04-21 08:00:00,0.0,0.0,0.0,0.0
2023-04-21 09:00:00,0.0,0.0,0.0,0.0
2023-04-21 10:00:00,0.0,0.0,0.0,0.0
2023-04-21 11:00:00,0.0,0.0,0.0,0.0
2023-04-21 12:00:00,0.0,0.0,0.0,0.0
2023-04-21 13:00:00,0.0,0.0,0.0,0.0
2023-04-21 14:00:00,0.0,0.0,0.0,0.0
2023-04-21 15:00:00,0.0,0.0,0.0,0.0
2023-04-21 16:00:00,0.0,0.0,0.0,0.0
2023-04-21 17:00:00,0.11302111534848831,0.06672445377799573,0.10631053849068764,0.10529768607344925
2023-04-21 18:00:00,0.3603756061319035,0.22605504852727745,0.32991592905592904,0.317724422955127
2023-04-21 19:00:00,0.4993591401231086,0.2903718052953512,0.4425064242481609,0.4023189780673298
2023-04-21 20:00:00,0.6291224058792962,0.48111601686408867,0.5910036104110835,0.5233557567006363
2023-04-21 21:00:00,0.5989201088253148,0.3893447383560186,0.5357391433600783,0.4888348274553109
2023-04-21 22:00:00,0.5999253336653334,0.42113581731370425,0.5651811727855158,0.5278118374890731
2023-04-21 23:00:00,0.469136595506838,0.2604428218345172,0.40951628496702,0.3405859903738151
2023-04-22 00:00:00,0.5537987776587965,0.4227787066665592,0.5266576892079375,0.48508063183697586
2023-04-22 01:00:00,0.3603990417956324,0.2057707530345805,0.30630089123322835,0.26785122623445995
2023-04-22 02:00:00,0.2857406048142453,0.181923318111589,0.2614852200932279,0.25503987390133137
2023-04-22 03:00:00,0.17597962370790018,0.05882885935739928,0.14480427956825576,0.1377137395722712
2023-04-22 04:00:00,0.027172130823062506,0.011524748456174872,0.019489776530950007,0.014895159884705656
2023-04-22 05:00:00,0.003428665182418436,0.001777457258441386,0.0015919673953951553,0.0009207277323796844
2023-04-22 06:00:00,0.0,0.0,0.0,0.0
2023-04-22 07:00:00,0.0,0.0,0.0,0.0
2023-04-22 08:00:00,0.0,0.0,0.0,0.0
2023-04-22 09:00:00,0.0,0.0,0.0,0.0
2023-04-22 10:00:00,0.0,0.0,0.0,0.0
2023-04-22 11:00:00,0.0,0.0,0.0,0.0
2023-04-22 12:00:00,0.0,0.0,0.0,0.0
2023-04-22 13:00:00,0.0,0.0,0.0,0.0
2023-04-22 14:00:00,0.0,0.0,0.0,0.0
2023-04-22 15:00:00,0.0,0.0,0.0,0.0
2023-04-22 16:00:00,0.0,0.0,0.0,0.0
2023-04-22 17:00:00,0.0007676959128033594,0.001473852716059815,0.0004507910634825955,0.00038149825191865697
2023-04-22 18:00:00,0.011173261932601366,0.017453843267293618,0.009421612083860675,0.008803681420909917
2023-04-22 19:00:00,0.010359993766236692,0.03170220104497234,0.0039026582454824506,0.0034682754064443953
2023-04-22 20:00:00,0.026987808841512723,0.04623636683026353,0.023955355170284347,0.016807896645274704
2023-04-22 21:00:00,0.03039854171986223,0.054500584844702105,0.02123551774540653,0.018846839719845104
2023-04-22 22:00:00,0.11257547423897678,0.1824196136217624,0.11910211967877238,0.10078218937081677
2023-04-22 23:00:00,0.2269405322713209,0.3759196492459161,0.25189788547032055,0.1912207217404305
2023-04-23 00:00:00,0.2590466362445151,0.41670646927690785,0.3113000197177762,0.28159593073024447
2023-04-23 01:00:00,0.49530722702603364,0.4743763828585934,0.5164921602523558,0.5055424924105951
2023-04-23 02:00:00,0.6006615267181608,0.6061329358769348,0.6383215933981099,0.5890320981974628
2023-04-23 03:00:00,0.5878803279939308,0.6028825369379754,0.6066414170255015,0.524349100593692
2023-04-23 04:00:00,0.3407247001736508,0.42541976458444375,0.3476435742854672,0.2513830079654183
2023-04-23 05:00:00,0.263444680780496,0.3233131287376603,0.2768382175695118,0.25298041260953413
2023-04-23 06:00:00,0.0,0.0,0.0,0.0
2023-04-23 07:00:00,0.0,0.0,0.0,0.0
2023-04-23 08:00:00,0.0,0.0,0.0,0.0
2023-04-23 09:00:00,0.0,0.0,0.0,0.0
2023-04-23 10:00:00,0.0,0.0,0.0,0.0
2023-04-23 11:00:00,0.0,0.0,0.0,0.0
2023-04-23 12:00:00,0.0,0.0,0.0,0.0
2023-04-23 13:00:00,0.0,0.0,0.0,0.0
2023-04-23 14:00:00,0.0,0.0,0.0,0.0
2023-04-23 15:00:00,0.0,0.0,0.0,0.0
2023-04-23 16:00:00,0.0,0.0,0.0,0.0
2023-04-23 17:00:00,0.3708855838084915,0.4306880308323635,0.3936716883690122,0.3933818991189046
2023-04-23 18:00:00,0.5912515045742746,0.6077297838458094,0.5955641337564878,0.6023742066493197
2023-04-23 19:00:00,0.6588597749189838,0.6506221029215823,0.6535853430999292,0.6207970118335232
2023-04-23 20:00:00,0.7250846465194213,0.7120438367922842,0.7226624397014132,0.675922705075077
2023-04-23 21:00:00,0.693216748427556,0.6643255164608756,0.6808686991645327,0.6452463487442724
2023-04-23 22:00:00,0.6742227400493523,0.623565623762304,0.6558925313534166,0.6243336286360028
2023-04-23 23:00:00,0.6630042707840175,0.6306652823447654,0.6554125858838282,0.5834524603637845
2023-04-24 00:00:00,0.7963436667809325,0.7580196677135356,0.7952489375784053,0.7846814187088116
2023-04-24 01:00:00,0.6998956318782706,0.6808413903796837,0.7145723312428107,0.6739038073495657
2023-04-24 02:00:00,0.6897070551927169,0.668471871898015,0.6938612882047978,0.6347436453475316
2023-04-24 03:00:00,0.6363326311757403,0.6105953872686671,0.6264415314717509,0.5444567143295147
2023-04-24 04:00:00,0.4114089514318738,0.44187848431011617,0.4115314578763661,0.29700327309713054
2023-04-24 05:00:00,0.31139527162419167,0.33601796185998506,0.333487321646261,0.249779824656434
2023-04-24 06:00:00,0.0,0.0,0.0,0.0
2023-04-24 07:00:00,0.0,0.0,0.0,0.0
2023-04-24 08:00:00,0.0,0.0,0.0,0.0
2023-04-24 09:00:00,0.0,0.0,0.0,0.0
2023-04-24 10:00:00,0.0,0.0,0.0,0.0
2023-04-24 11:00:00,0.0,0.0,0.0,0.0
2023-04-24 12:00:00,0.0,0.0,0.0,0.0
2023-04-24 13:00:00,0.0,0.0,0.0,0.0
2023-04-24 14:00:00,0.0,0.0,0.0,0.0
2023-04-24 15:00:00,0.0,0.0,0.0,0.0
2023-04-24 16:00:00,0.0,0.0,0.0,0.0
2023-04-24 17:00:00,0.29630532131034787,0.3731995062147681,0.31528819018528564,0.29553520922738646
2023-04-24 18:00:00,0.4278654026114279,0.5247047956557145,0.43797978376171304,0.418766160568015
2023-04-24 19:00:00,0.5342123556074321,0.5981577944972233,0.5446412740399402,0.5123577173426282
2023-04-24 20:00:00,0.661931314406679,0.5914920846625283,0.6416422435999632,0.6141310755205216
2023-04-24 21:00:00,0.8042548922002183,0.7745882186049448,0.8042824977371388,0.7861676719174738
2023-04-24 22:00:00,0.801893397186261,0.7755445564048982,0.811298525439228,0.8045112790609652
2023-04-24 23:00:00,0.7728195068645105,0.7563247979424194,0.7817684838534148,0.7763515703160139
2023-04-25 00:00:00,0.7535142910901812,0.6844928575516098,0.7476130289909597,0.7543910119020807
2023-04-25 01:00:00,0.7344370425657232,0.6519547495112129,0.714702840090175,0.7225756854301989
2023-04-25 02:00:00,0.7012634363251632,0.5793657093893452,0.6683979552202709,0.6948952355594349
2023-04-25 03:00:00,0.6352285930648293,0.5858857094956903,0.6404732029755728,0.6358875021294897
2023-04-25 04:00:00,0.5156988336086639,0.49555245000348974,0.5021907080928927,0.5389619258629393
2023-04-25 05:00:00,0.3850280445985663,0.3606467570523089,0.3850742547372177,0.40015966192914226
2023-04-25 06:00:00,0.0,0.0,0.0,0.0
2023-04-25 07:00:00,0.0,0.0,0.0,0.0
2023-04-25 08:00:00,0.0,0.0,0.0,0.0
2023-04-25 09:00:00,0.0,0.0,0.0,0.0
2023-04-25 10:00:00,0.0,0.0,0.0,0.0
2023-04-25 11:00:00,0.0,0.0,0.0,0.0
2023-04-25 12:00:00,0.0,0.0,0.0,0.0
2023-04-25 13:00:00,0.0,0.0,0.0,0.0
2023-04-25 14:00:00,0.0,0.0,0.0,0.0
2023-04-25 15:00:00,0.0,0.0,0.0,0.0
2023-04-25 16:00:00,0.0,0.0,0.0,0.0
2023-04-25 17:00:00,0.490794882161626,0.4780270071795057,0.4879624402468171,0.4869881001366368
2023-04-25 18:00:00,0.6575203905002708,0.6748371179673672,0.6638652350234021,0.6563862019111949
2023-04-25 19:00:00,0.7700220059328928,0.7317470202115497,0.7721059291154948,0.7741140209088453
2023-04-25 20:00:00,0.7240198033309402,0.6385513356066,0.7159822567895076,0.7157930362038581
2023-04-25 21:00:00,0.7417627053257799,0.5879184241349609,0.7069093380279182,0.7112358377884064
2023-04-25 22:00:00,0.7100579938190824,0.5294612521802134,0.6736026130078164,0.6734691311603078
2023-04-25 23:00:00,0.6337164608732994,0.44716029805222646,0.598963183887846,0.5567095004879459
2023-04-26 00:00:00,0.5159873736096523,0.26777407778898316,0.45995139906373406,0.5050773242214223
2023-04-26 01:00:00,0.3793077371937265,0.20430544571198525,0.3381451667050892,0.38828077251436327
2023-04-26 02:00:00,0.19026303070072392,0.1563229780323535,0.16981489742956618,0.21820749549587812
2023-04-26 03:00:00,0.11587762149398777,0.13144404039498606,0.11251464155758328,0.1646104667735454
2023-04-26 04:00:00,0.13908383998214488,0.2428160095195513,0.18455346540855894,0.22244832797134328
2023-04-26 05:00:00,0.0866910867510964,0.14258878520427667,0.12063008931849534,0.18028625202936954
2023-04-26 06:00:00,0.0,0.0,0.0,0.0
2023-04-26 07:00:00,0.0,0.0,0.0,0.0
2023-04-26 08:00:00,0.0,0.0,0.0,0.0
2023-04-26 09:00:00,0.0,0.0,0.0,0.0
2023-04-26 10:00:00,0.0,0.0,0.0,0.0
2023-04-26 11:00:00,0.0,0.0,0.0,0.0
2023-04-26 12:00:00,0.0,0.0,0.0,0.0
2023-04-26 13:00:00,0.0,0.0,0.0,0.0
2023-04-26 14:00:00,0.0,0.0,0.0,0.0
2023-04-26 15:00:00,0.0,0.0,0.0,0.0
2023-04-26 16:00:00,0.0,0.0,0.0,0.0
2023-04-26 17:00:00,0.4695213404279622,0.39749871683067123,0.4451890055230583,0.4581404837508419
2023-04-26 18:00:00,0.6513174069779959,0.5771290086929385,0.6276967595564571,0.6411852078261026
2023-04-26 19:00:00,0.7614686814130088,0.6993463425879131,0.7407126989598756,0.7357659889192648
2023-04-26 20:00:00,0.7894349150337541,0.7100571768280116,0.7636534410099813,0.7274061444851121
2023-04-26 21:00:00,0.7260517232802973,0.623017560763489,0.7016670380563463,0.6638632116376527
2023-04-26 22:00:00,0.6541256745353569,0.526760694609357,0.6194497819766387,0.5930827704303762
2023-04-26 23:00:00,0.6715855023704925,0.5233658874610414,0.63192075048134,0.6215369981886291
2023-04-27 00:00:00,0.7485626172178638,0.6554058444465194,0.7396502548771895,0.727205800325974
2023-04-27 01:00:00,0.757240437102137,0.6807507895074897,0.7549919279003348,0.7543206716230973
2023-04-27 02:00:00,0.6546329255855136,0.5613499107905106,0.6501040267714858,0.647083778708811
2023-04-27 03:00:00,0.5354304543433727,0.39341892315475047,0.4991674382393201,0.5374022814583143
2023-04-27 04:00:00,0.42269513291296273,0.25913247804129846,0.3803022147608525,0.44169192747929475
2023-04-27 05:00:00,0.3670280912273967,0.3643358592217982,0.3886557781916563,0.3957453975590623
2023-04-27 06:00:00,0.0,0.0,0.0,0.0
2023-04-27 07:00:00,0.0,0.0,0.0,0.0
2023-04-27 08:00:00,0.0,0.0,0.0,0.0
2023-04-27 09:00:00,0.0,0.0,0.0,0.0
2023-04-27 10:00:00,0.0,0.0,0.0,0.0
2023-04-27 11:00:00,0.0,0.0,0.0,0.0
2023-04-27 12:00:00,0.0,0.0,0.0,0.0
2023-04-27 13:00:00,0.0,0.0,0.0,0.0
2023-04-27 14:00:00,0.0,0.0,0.0,0.0
2023-04-27 15:00:00,0.0,0.0,0.0,0.0
2023-04-27 16:00:00,0.0,0.0,0.0,0.0
2023-04-27 17:00:00,0.49823423035615394,0.47994935637358793,0.49379212428758923,0.5016617415127395
2023-04-27 18:00:00,0.6741653060091939,0.6659150271589441,0.6718285802464465,0.676021233490057
2023-04-27 19:00:00,0.7662691006805918,0.761681434035503,0.7654478407667988,0.7667904062578609
2023-04-27 20:00:00,0.8134268697745456,0.8076025845567522,0.8127820027629574,0.811515350104405
2023-04-27 21:00:00,0.8408920872281289,0.835233347101219,0.8405600443034891,0.8374100026125036
2023-04-27 22:00:00,0.8548210956883256,0.8442769797924438,0.8552518667470501,0.8507211667452932
2023-04-27 23:00:00,0.8563875348517215,0.8472723223922866,0.8565697956508324,0.8490239333514764
2023-04-28 00:00:00,0.8532607336224491,0.8510439463531262,0.8541499353295475,0.8466662204021995
2023-04-28 01:00:00,0.8371003029898954,0.8344645710824424,0.8380562054852319,0.8307546663604611
2023-04-28 02:00:00,0.8009909130846747,0.7887389269204615,0.7996179153091465,0.7964585445108154
2023-04-28 03:00:00,0.7131369769591455,0.7060694183371252,0.7110338290181122,0.7164730535377055
2023-04-28 04:00:00,0.6057283039179125,0.6086178949931481,0.6097052219431988,0.6223860473260142
2023-04-28 05:00:00,0.33138509736853106,0.31772616670055986,0.3236731960803548,0.36557415063819443
2023-04-28 06:00:00,0.0,0.0,0.0,0.0
2023-04-28 07:00:00,0.0,0.0,0.0,0.0
2023-04-28 08:00:00,0.0,0.0,0.0,0.0
2023-04-28 09:00:00,0.0,0.0,0.0,0.0
2023-04-28 10:00:00,0.0,0.0,0.0,0.0
2023-04-28 11:00:00,0.0,0.0,0.0,0.0
2023-04-28 12:00:00,0.0,0.0,0.0,0.0
2023-04-28 13:00:00,0.0,0.0,0.0,0.0
2023-04-28 14:00:00,0.0,0.0,0.0,0.0
2023-04-28 15:00:00,0.0,0.0,0.0,0.0
2023-04-28 16:00:00,0.0,0.0,0.0,0.0
2023-04-28 17:00:00,0.03941504863266199,0.019051640273242673,0.03339772950354848,0.0495181580479828
2023-04-28 18:00:00,0.05895566550001286,0.04974854147970517,0.05586314527708396,0.07035171132389205
2023-04-28 19:00:00,0.10470106116058696,0.08253501553479183,0.09580741457238995,0.10569796975717673
2023-04-28 20:00:00,0.12622624852645245,0.11423192342852306,0.11980909221566734,0.12278316741837046
2023-04-28 21:00:00,0.19129555071257365,0.1776192707298242,0.18646317184733974,0.19470136375384348
2023-04-28 22:00:00,0.23753178154488588,0.1860132205844592,0.22795697516110308,0.2511662427482447
2023-04-28 23:00:00,0.19689872490609187,0.15163191275849386,0.1858243816086871,0.19207516113526946
2023-04-29 00:00:00,0.13223463513890446,0.11112546729279955,0.12335486244605988,0.14240969374382537
2023-04-29 01:00:00,0.07434171698524851,0.07943773864042557,0.06987028633661999,0.08814802610136308
2023-04-29 02:00:00,0.05290930596291422,0.053469279648832135,0.053122640642312424,0.06141856788935193
2023-04-29 03:00:00,0.05540666370315724,0.05087901178843474,0.05428895155442271,0.049310076536404346
2023-04-29 04:00:00,0.014256281443126925,0.013514937702899008,0.012204639715520292,0.009334012683694451
2023-04-29 05:00:00,0.017309758106179973,0.01016798071247591,0.012949385563766855,0.004676658649127485
2023-04-29 06:00:00,0.0,0.0,0.0,0.0
2023-04-29 07:00:00,0.0,0.0,0.0,0.0
2023-04-29 08:00:00,0.0,0.0,0.0,0.0
2023-04-29 09:00:00,0.0,0.0,0.0,0.0
2023-04-29 10:00:00,0.0,0.0,0.0,0.0
2023-04-29 11:00:00,0.0,0.0,0.0,0.0
2023-04-29 12:00:00,0.0,0.0,0.0,0.0
2023-04-29 13:00:00,0.0,0.0,0.0,0.0
2023-04-29 14:00:00,0.0,0.0,0.0,0.0
2023-04-29 15:00:00,0.0,0.0,0.0,0.0
2023-04-29 16:00:00,0.0,0.0,0.0,0.0
2023-04-29 17:00:00,0.003089023870917147,0.00202790122779473,0.0025605917270777735,0.0028799019097964715
2023-04-29 18:00:00,0.034851806707432265,0.025157067948360267,0.030733416582151177,0.026310909385058548
2023-04-29 19:00:00,0.05934703119259724,0.03872926034347899,0.054774125852222535,0.04616875557984452
2023-04-29 20:00:00,0.10255749772897838,0.09545770286122514,0.10035493395441905,0.09858277767028063
2023-04-29 21:00:00,0.15182508578758988,0.156992485443073,0.16025873718182365,0.15913717034416217
2023-04-29 22:00:00,0.17001893717522343,0.18364745643340352,0.18008527779018962,0.17978542778717377
2023-04-29 23:00:00,0.20722501580696795,0.2724735249629166,0.22729082288050273,0.19034055570459166
2023-04-30 00:00:00,0.1428534066133084,0.20175213871425302,0.14503488226554978,0.11510182222245587
2023-04-30 01:00:00,0.17250953502410726,0.18715133415654495,0.16973844920287778,0.13379509877337384
2023-04-30 02:00:00,0.21259218926923798,0.21332622284368527,0.212537135258697,0.15562636765207624
2023-04-30 03:00:00,0.1953578632200479,0.21614595034330641,0.20626377371002289,0.15611280985118822
2023-04-30 04:00:00,0.1164064424053317,0.1198692741486899,0.11697918694142248,0.0868099473340491
2023-04-30 05:00:00,0.023939348927894327,0.051311697795457155,0.02783061881044057,0.015544721312447357
2023-04-30 06:00:00,0.0,0.0,0.0,0.0
2023-04-30 07:00:00,0.0,0.0,0.0,0.0
2023-04-30 08:00:00,0.0,0.0,0.0,0.0
2023-04-30 09:00:00,0.0,0.0,0.0,0.0
2023-04-30 10:00:00,0.0,0.0,0.0,0.0
2023-04-30 11:00:00,0.0,0.0,0.0,0.0
2023-04-30 12:00:00,0.0,0.0,0.0,0.0
2023-04-30 13:00:00,0.0,0.0,0.0,0.0
2023-04-30 14:00:00,0.0,0.0,0.0,0.0
2023-04-30 15:00:00,0.0,0.0,0.0,0.0
2023-04-30 16:00:00,0.0,0.0,0.0,0.0
2023-04-30 17:00:00,0.0646975291661553,0.09884202394905578,0.08147254484381734,0.09481612648980847
2023-04-30 18:00:00,0.13634074400760254,0.11347387282675814,0.14098818706995098,0.19325913177845666
2023-04-30 19:00:00,0.2054949824249647,0.13099952769226178,0.1941802918783273,0.2314890261816377
2023-04-30 20:00:00,0.25667689152506323,0.4130260222490652,0.318212869564116,0.31439041192631056
2023-04-30 21:00:00,0.20786643678784192,0.28670011246112265,0.23654963559639602,0.2427681932943826
2023-04-30 22:00:00,0.19026623176708257,0.3072693720383182,0.21803884655022943,0.2440032116254682
2023-04-30 23:00:00,0.19819029078668407,0.3382032854686085,0.209578470417609,0.18763455861896516
2023-05-01 00:00:00,0.49205894209539736,0.5745630528557535,0.5166094581251062,0.47543078659131516
2023-05-01 01:00:00,0.6956968576852383,0.6278688999215133,0.6777819738790304,0.6350297400754583
2023-05-01 02:00:00,0.6286478525157181,0.5944292191610355,0.6384279466769855,0.5869074532025916
2023-05-01 03:00:00,0.6299260453965133,0.6084329644767715,0.6367638246642409,0.606573065339083
2023-05-01 04:00:00,0.6260773782484715,0.6240526773656329,0.6329995853444672,0.6233491996755971
2023-05-01 05:00:00,0.4459954967865731,0.460029605593364,0.4521507005082497,0.44873101512748303
2023-05-01 06:00:00,0.0,0.0,0.0,0.0
2023-05-01 07:00:00,0.0,0.0,0.0,0.0
2023-05-01 08:00:00,0.0,0.0,0.0,0.0
2023-05-01 09:00:00,0.0,0.0,0.0,0.0
2023-05-01 10:00:00,0.0,0.0,0.0,0.0
2023-05-01 11:00:00,0.0,0.0,0.0,0.0
2023-05-01 12:00:00,0.0,0.0,0.0,0.0
2023-05-01 13:00:00,0.0,0.0,0.0,0.0
2023-05-01 14:00:00,0.0,0.0,0.0,0.0
2023-05-01 15:00:00,0.0,0.0,0.0,0.0
2023-05-01 16:00:00,0.05645087032886448,0.0,0.0,0.07815890061032378
2023-05-01 17:00:00,0.2291591519793993,0.1920208253186242,0.21277143815663946,0.2628918458087132
2023-05-01 18:00:00,0.3350637817051525,0.4119810383188997,0.3478406620471334,0.3899420169845696
2023-05-01 19:00:00,0.5307417949871105,0.5697354884339806,0.5462953713012628,0.5175905627224446
2023-05-01 20:00:00,0.68123794236358,0.6478741822252869,0.6680276809304984,0.6009958478646132
2023-05-01 21:00:00,0.6450311784895525,0.6720059614873876,0.6398827644416027,0.5605822072704613
2023-05-01 22:00:00,0.7048630388378397,0.693464110409305,0.7111791349185572,0.6707745113198073
2023-05-01 23:00:00,0.716283393927632,0.6680888674116711,0.7098233644670701,0.7115528324941809
2023-05-02 00:00:00,0.6658608445994719,0.6223511279634357,0.6549423893872126,0.6441801470085181
2023-05-02 01:00:00,0.7289679088513985,0.7761898543748509,0.7492148829086618,0.6752525749766404
2023-05-02 02:00:00,0.6681219508798426,0.7593293623037386,0.688898340102173,0.5624490504967506
2023-05-02 03:00:00,0.5308847213016614,0.5815867435250484,0.5443399372060729,0.3995159164253769
2023-05-02 04:00:00,0.4757081862736295,0.41838744076322515,0.47481838570330637,0.382712030005464
2023-05-02 05:00:00,0.22338591445054812,0.07195933287775737,0.18106564132744568,0.1328583648812195
2023-05-02 06:00:00,0.0,0.0,0.0,0.0
2023-05-02 07:00:00,0.0,0.0,0.0,0.0
2023-05-02 08:00:00,0.0,0.0,0.0,0.0
2023-05-02 09:00:00,0.0,0.0,0.0,0.0
2023-05-02 10:00:00,0.0,0.0,0.0,0.0
2023-05-02 11:00:00,0.0,0.0,0.0,0.0
2023-05-02 12:00:00,0.0,0.0,0.0,0.0
2023-05-02 13:00:00,0.0,0.0,0.0,0.0
2023-05-02 14:00:00,0.0,0.0,0.0,0.0
2023-05-02 15:00:00,0.0,0.0,0.0,0.0
2023-05-02 16:00:00,0.034329458051194583,0.0,0.025682829937901178,0.02277340320717866
2023-05-02 17:00:00,0.04629844953692122,0.03579909199928374,0.03619590322741079,0.023073376076688346
2023-05-02 18:00:00,0.11486066779291183,0.12566181376752947,0.11725710871287037,0.09256555226264244
2023-05-02 19:00:00,0.24944770631103594,0.21680735950875737,0.24926895916797806,0.24132344369884742
2023-05-02 20:00:00,0.377992946645986,0.3102823651198498,0.3589923173130014,0.343297574678191
2023-05-02 21:00:00,0.44887352165034383,0.3383695407938898,0.41715238381457903,0.3934153219817671
2023-05-02 22:00:00,0.4607373371574417,0.39030858783132033,0.45059942203015124,0.41433492969664226
2023-05-02 23:00:00,0.2893076714972007,0.2106026255174651,0.26392269121556466,0.2402530554746948
2023-05-03 00:00:00,0.2232850621557585,0.204774672869141,0.21185571180963575,0.19224557254854777
2023-05-03 01:00:00,0.20683821733145294,0.19772773774844352,0.20427814776958692,0.19351236054209844
2023-05-03 02:00:00,0.15880314810582627,0.1701664302100665,0.15391337990183673,0.1488529958905002
2023-05-03 03:00:00,0.08766403043266828,0.09234844559716915,0.08804066389762483,0.08804725158326814
2023-05-03 04:00:00,0.050736144261272285,0.04904956380290695,0.048528136848002806,0.049666110932886365
2023-05-03 05:00:00,0.014142724102377997,0.020459979479106993,0.0162398526911268,0.014460602699251692
2023-05-03 06:00:00,0.0,0.0,0.0,0.0
2023-05-03 07:00:00,0.0,0.0,0.0,0.0
2023-05-03 08:00:00,0.0,0.0,0.0,0.0
2023-05-03 09:00:00,0.0,0.0,0.0,0.0
2023-05-03 10:00:00,0.0,0.0,0.0,0.0
2023-05-03 11:00:00,0.0,0.0,0.0,0.0
2023-05-03 12:00:00,0.0,0.0,0.0,0.0
2023-05-03 13:00:00,0.0,0.0,0.0,0.0
2023-05-03 14:00:00,0.0,0.0,0.0,0.0
2023-05-03 15:00:00,0.0,0.0,0.0,0.0
2023-05-03 16:00:00,0.018582403547131678,0.0,0.012162926357112703,0.015830119239211578
2023-05-03 17:00:00,0.018737520141410606,0.022395317729989154,0.020378934016233884,0.016451834355309357
2023-05-03 18:00:00,0.07611125337436549,0.06689954866974658,0.07373367172842826,0.0720034075737092
2023-05-03 19:00:00,0.2152085979570063,0.1583477548662082,0.20434923559518933,0.21653538418329155
2023-05-03 20:00:00,0.23742325765318803,0.13063403452455444,0.19774393641178095,0.2311884873817268
2023-05-03 21:00:00,0.4203648752171454,0.2648149610427954,0.3814666884031983,0.42766985211361397
2023-05-03 22:00:00,0.501318341242348,0.28502509658931086,0.45268327085640486,0.5040505007097652
2023-05-03 23:00:00,0.6181175663226853,0.5375784127802657,0.6034994151040753,0.6017263421415139
2023-05-04 00:00:00,0.4724112334211031,0.6159164011982848,0.5174929616518078,0.48405396694676406
2023-05-04 01:00:00,0.3339421843921782,0.5148430197469434,0.3878563807892067,0.38318069747731204
2023-05-04 02:00:00,0.20373187578003782,0.34663581336822674,0.22523448449146002,0.23327601448348978
2023-05-04 03:00:00,0.2610758836304397,0.40393638399438236,0.3059860227020309,0.32211045397388677
2023-05-04 04:00:00,0.1402300510681163,0.2805550454863919,0.16223646875670572,0.14706422764756485
2023-05-04 05:00:00,0.1658808036672135,0.1940197859641838,0.1559144987110947,0.17955433176086688
2023-05-04 06:00:00,0.0,0.0,0.0,0.0
2023-05-04 07:00:00,0.0,0.0,0.0,0.0
2023-05-04 08:00:00,0.0,0.0,0.0,0.0
2023-05-04 09:00:00,0.0,0.0,0.0,0.0
2023-05-04 10:00:00,0.0,0.0,0.0,0.0
2023-05-04 11:00:00,0.0,0.0,0.0,0.0
2023-05-04 12:00:00,0.0,0.0,0.0,0.0
2023-05-04 13:00:00,0.0,0.0,0.0,0.0
2023-05-04 14:00:00,0.0,0.0,0.0,0.0
2023-05-04 15:00:00,0.0,0.0,0.0,0.0
2023-05-04 16:00:00,0.3241099410419728,0.25266528912565694,0.34303712869619385,0.3318709044537709
2023-05-04 17:00:00,0.41663098852741226,0.4402705220218297,0.4266851552080084,0.4348597968018453
2023-05-04 18:00:00,0.5810861348418609,0.5944025803391231,0.5863147854675002,0.601240866377883
2023-05-04 19:00:00,0.5915678204105801,0.6192481676606162,0.6002904560019691,0.5943106489766129
2023-05-04 20:00:00,0.5694201619939533,0.6743624744832096,0.6038209429855398,0.5650830842798719
2023-05-04 21:00:00,0.5564649585242746,0.5607668651067866,0.5633666187463581,0.585777817362532
2023-05-04 22:00:00,0.6563087443449072,0.698946027626839,0.6683263345321482,0.6401347653444475
2023-05-04 23:00:00,0.7027008002163146,0.7213728505234765,0.725317848341957,0.7171213572904968
2023-05-05 00:00:00,0.6296776563879863,0.6415420117086842,0.6392352711889149,0.6436172295509578
2023-05-05 01:00:00,0.6558744256626622,0.6411916335816358,0.6685294602932065,0.694190215767653
2023-05-05 02:00:00,0.5929761606648175,0.6669474554173808,0.6260454149904575,0.6347222267830194
2023-05-05 03:00:00,0.5181845222453632,0.5791388453951319,0.5604482182361984,0.5423295970450531
2023-05-05 04:00:00,0.521411506955192,0.5527941695248347,0.5499798310341533,0.5302915108767327
2023-05-05 05:00:00,0.36756347389824384,0.40283181101559457,0.39123416917123144,0.37662344016521065
2023-05-05 06:00:00,0.0,0.0,0.0,0.0
2023-05-05 07:00:00,0.0,0.0,0.0,0.0
2023-05-05 08:00:00,0.0,0.0,0.0,0.0
2023-05-05 09:00:00,0.0,0.0,0.0,0.0
2023-05-05 10:00:00,0.0,0.0,0.0,0.0
2023-05-05 11:00:00,0.0,0.0,0.0,0.0
2023-05-05 12:00:00,0.0,0.0,0.0,0.0
2023-05-05 13:00:00,0.0,0.0,0.0,0.0
2023-05-05 14:00:00,0.0,0.0,0.0,0.0
2023-05-05 15:00:00,0.0,0.0,0.0,0.0
2023-05-05 16:00:00,0.22284529859609947,0.2884460154543043,0.23214798190939112,0.14522549466915524
2023-05-05 17:00:00,0.3445833067559619,0.4208145440912392,0.35869643434409104,0.2613768565175987
2023-05-05 18:00:00,0.41520268542281147,0.5165320411897595,0.4299015671118627,0.3509064294949253
2023-05-05 19:00:00,0.5529360317514346,0.6004346835176324,0.5498194197595927,0.4796522621674462
2023-05-05 20:00:00,0.7152606294573761,0.7600068112348234,0.724648970750201,0.706428193634297
2023-05-05 21:00:00,0.7458559217071179,0.7679092137822604,0.7548871081031526,0.7516206256419015
2023-05-05 22:00:00,0.7582433871595663,0.7998701831011908,0.7758008738228173,0.7595009483223184
2023-05-05 23:00:00,0.7422589753163766,0.7468591920310943,0.7495402114934111,0.7339317898653069
2023-05-06 00:00:00,0.6450785229095813,0.7385952769152356,0.6794170235525516,0.6229185076221725
2023-05-06 01:00:00,0.6348197974526704,0.7167093624469086,0.6661497229624519,0.6317096215875254
2023-05-06 02:00:00,0.6374894873644162,0.6648799160825897,0.6535832556074814,0.619733572489419
2023-05-06 03:00:00,0.6187444106763317,0.6700457882445088,0.6451849126344866,0.6201200917384883
2023-05-06 04:00:00,0.5866045736953787,0.6114031916677981,0.6008837278430315,0.5828149883235483
2023-05-06 05:00:00,0.4215299921340032,0.42527727442409713,0.4222373289390644,0.420748726175443
2023-05-06 06:00:00,0.0,0.0,0.0,0.0
2023-05-06 07:00:00,0.0,0.0,0.0,0.0
2023-05-06 08:00:00,0.0,0.0,0.0,0.0
2023-05-06 09:00:00,0.0,0.0,0.0,0.0
2023-05-06 10:00:00,0.0,0.0,0.0,0.0
2023-05-06 11:00:00,0.0,0.0,0.0,0.0
2023-05-06 12:00:00,0.0,0.0,0.0,0.0
2023-05-06 13:00:00,0.0,0.0,0.0,0.0
2023-05-06 14:00:00,0.0,0.0,0.0,0.0
2023-05-06 15:00:00,0.0,0.0,0.0,0.0
2023-05-06 16:00:00,0.2747201526059184,0.27480471128140976,0.2766141230981787,0.28536840510974953
2023-05-06 17:00:00,0.42632466843538,0.36088651113565273,0.4060431920112066,0.40656422049640367
2023-05-06 18:00:00,0.5850048549278014,0.5573889559385893,0.5827529220299358,0.5762231099805143
2023-05-06 19:00:00,0.6493417356858423,0.584255766735212,0.6340426388440152,0.6317525555226101
2023-05-06 20:00:00,0.6880943137634916,0.6732496777609093,0.6779214750843494,0.6641618994311145
2023-05-06 21:00:00,0.6821488259244729,0.7140381748431136,0.684083566718122,0.6794763660695137
2023-05-06 22:00:00,0.7240381508763521,0.7197744336857149,0.7306105405976222,0.7213510187382289
2023-05-06 23:00:00,0.7073495033024647,0.6822420940191463,0.7097953383136022,0.7060077353098692
2023-05-07 00:00:00,0.6735172287166883,0.6574154591536527,0.6662344997146621,0.6752609167931362
2023-05-07 01:00:00,0.690805513040533,0.692181952528682,0.694449954177299,0.7079469197300307
2023-05-07 02:00:00,0.662554705819843,0.6242754115297363,0.6573443560667436,0.6632886610205487
2023-05-07 03:00:00,0.5679969690919843,0.4785091008966369,0.5446630295703347,0.5519169318029173
2023-05-07 04:00:00,0.449693923720063,0.38292503976482045,0.4504256872159469,0.4581317917691797
2023-05-07 05:00:00,0.33145196488607054,0.23529524075788752,0.3231253051340955,0.33721048050622177
2023-05-07 06:00:00,0.0,0.0,0.0,0.0
2023-05-07 07:00:00,0.0,0.0,0.0,0.0
2023-05-07 08:00:00,0.0,0.0,0.0,0.0
2023-05-07 09:00:00,0.0,0.0,0.0,0.0
2023-05-07 10:00:00,0.0,0.0,0.0,0.0
2023-05-07 11:00:00,0.0,0.0,0.0,0.0
2023-05-07 12:00:00,0.0,0.0,0.0,0.0
2023-05-07 13:00:00,0.0,0.0,0.0,0.0
2023-05-07 14:00:00,0.0,0.0,0.0,0.0
2023-05-07 15:00:00,0.0,0.0,0.0,0.0
2023-05-07 16:00:00,0.0012724160415964194,0.001181829671747082,0.0014506121738359396,0.0018001780985649456
2023-05-07 17:00:00,0.10534132971302114,0.186219815017775,0.1272689720052918,0.09889703367032628
2023-05-07 18:00:00,0.26457601317599283,0.14936748486546045,0.24123412274530354,0.2580779680096848
2023-05-07 19:00:00,0.20453552081788828,0.07869643989636245,0.15983793861008805,0.19949319320676384
2023-05-07 20:00:00,0.1069093119376317,0.09783131628141413,0.10067804173437914,0.10998248069958642
2023-05-07 21:00:00,0.13722530982151868,0.1356411238189591,0.13394432843244397,0.15366365269239565
2023-05-07 22:00:00,0.1926133698406229,0.13811771401570686,0.174192799242483,0.19485137639121333
2023-05-07 23:00:00,0.2510222457602847,0.19683637019092948,0.22524832843202008,0.2525723886873089
2023-05-08 00:00:00,0.3548039099776776,0.419458140414881,0.366773092021073,0.27217573186253474
2023-05-08 01:00:00,0.3660651297465342,0.3737223912170487,0.361181337534886,0.2823604100461717
2023-05-08 02:00:00,0.3355936350963771,0.5745819603052746,0.402955277606163,0.32324513711360625
2023-05-08 03:00:00,0.21225004839418796,0.4385710840364896,0.25837301416687475,0.18888566029015771
2023-05-08 04:00:00,0.2851549482035158,0.3715687778010253,0.3121128371908982,0.2683149088753129
2023-05-08 05:00:00,0.2472773129154313,0.3733464475894835,0.29644317739483744,0.2531028473067555
2023-05-08 06:00:00,0.0,0.0,0.0,0.0
2023-05-08 07:00:00,0.0,0.0,0.0,0.0
2023-05-08 08:00:00,0.0,0.0,0.0,0.0
2023-05-08 09:00:00,0.0,0.0,0.0,0.0
2023-05-08 10:00:00,0.0,0.0,0.0,0.0
2023-05-08 11:00:00,0.0,0.0,0.0,0.0
2023-05-08 12:00:00,0.0,0.0,0.0,0.0
2023-05-08 13:00:00,0.0,0.0,0.0,0.0
2023-05-08 14:00:00,0.0,0.0,0.0,0.0
2023-05-08 15:00:00,0.0,0.0,0.0,0.0
2023-05-08 16:00:00,0.15543679992349768,0.08378719269952413,0.1391862651249502,0.13744654906781625
2023-05-08 17:00:00,0.3427711690875412,0.25247221012815274,0.31608609570763047,0.3664360413923489
2023-05-08 18:00:00,0.5545369087393975,0.48314954538559934,0.541955137983458,0.5716959983484051
2023-05-08 19:00:00,0.6070929281677012,0.5093039374591428,0.5874437633246026,0.6198574518175488
2023-05-08 20:00:00,0.6806712784738496,0.6417876520355738,0.6746012986767115,0.7034646864517287
2023-05-08 21:00:00,0.7867638438299127,0.7816102089673267,0.7863712726858942,0.7868375443744515
2023-05-08 22:00:00,0.8074278775499139,0.8016375553143679,0.8062696394930211,0.7955953580945128
2023-05-08 23:00:00,0.8105327599630302,0.773290634153088,0.8079674240731994,0.8003379945201187
2023-05-09 00:00:00,0.7378008490321842,0.6823028326992405,0.7304908728774904,0.7446685061604329
2023-05-09 01:00:00,0.6178387325367892,0.5069260332303247,0.5918526305006637,0.6339632415871183
2023-05-09 02:00:00,0.48250174853003025,0.4315682015840822,0.472519695758306,0.5012829211639928
2023-05-09 03:00:00,0.3297343780569781,0.30228966861352075,0.3217570739510227,0.32702016402992895
2023-05-09 04:00:00,0.13363589219038696,0.13236770277737184,0.1350173819328352,0.13459528274006094
2023-05-09 05:00:00,0.024338058121922215,0.0313523867823679,0.025454086003518304,0.026022124668280033
2023-05-09 06:00:00,0.0,0.0,0.0,0.0
2023-05-09 07:00:00,0.0,0.0,0.0,0.0
2023-05-09 08:00:00,0.0,0.0,0.0,0.0
2023-05-09 09:00:00,0.0,0.0,0.0,0.0
2023-05-09 10:00:00,0.0,0.0,0.0,0.0
2023-05-09 11:00:00,0.0,0.0,0.0,0.0
2023-05-09 12:00:00,0.0,0.0,0.0,0.0
2023-05-09 13:00:00,0.0,0.0,0.0,0.0
2023-05-09 14:00:00,0.0,0.0,0.0,0.0
2023-05-09 15:00:00,0.0,0.0,0.0,0.0
2023-05-09 16:00:00,0.049212610247990264,0.05876482942281641,0.04062318118784872,0.07803138802691248
2023-05-09 17:00:00,0.1429671434494441,0.2957268747456561,0.17339405046998668,0.17043363547757254
2023-05-09 18:00:00,0.5636010834262309,0.6553891395960058,0.5963442077209635,0.582676964559213
2023-05-09 19:00:00,0.7123185183786066,0.7349662701445125,0.7214532947895438,0.7248648258956122
2023-05-09 20:00:00,0.7887816596358209,0.786617349154905,0.7898729979866981,0.7860904386923759
2023-05-09 21:00:00,0.8160254148427465,0.8109453244206367,0.815708712889871,0.811022629530457
2023-05-09 22:00:00,0.8285198361739647,0.8197783707003957,0.827251844569743,0.8211240780539265
2023-05-09 23:00:00,0.8279035459671439,0.820808792196608,0.8275521911345787,0.8215849636715652
2023-05-10 00:00:00,0.8227559824947748,0.8152763411050684,0.8229518310758988,0.8170911435007784
2023-05-10 01:00:00,0.8043368129327106,0.7999315645287917,0.8058934225505445,0.8009071098803299
2023-05-10 02:00:00,0.7760923429693753,0.7727146805238231,0.7781034413437318,0.774423793091655
2023-05-10 03:00:00,0.7251743227777215,0.7270292975623905,0.7281817194450091,0.7261352470118033
2023-05-10 04:00:00,0.6362943017926489,0.6408027270307411,0.6397624063757263,0.6398311965690214
2023-05-10 05:00:00,0.46296738899589135,0.4730661922513721,0.46759936223668463,0.47022599432519446
2023-05-10 06:00:00,0.0,0.0,0.0,0.0
2023-05-10 07:00:00,0.0,0.0,0.0,0.0
2023-05-10 08:00:00,0.0,0.0,0.0,0.0
2023-05-10 09:00:00,0.0,0.0,0.0,0.0
2023-05-10 10:00:00,0.0,0.0,0.0,0.0
2023-05-10 11:00:00,0.0,0.0,0.0,0.0
2023-05-10 12:00:00,0.0,0.0,0.0,0.0
2023-05-10 13:00:00,0.0,0.0,0.0,0.0
2023-05-10 14:00:00,0.0,0.0,0.0,0.0
2023-05-10 15:00:00,0.0,0.0,0.0,0.0
2023-05-10 16:00:00,0.3314173270192102,0.33675649363130616,0.33203845494517065,0.3343150824790511
2023-05-10 17:00:00,0.536571050399213,0.5171984285963416,0.5348988126507415,0.5391948158281843
2023-05-10 18:00:00,0.6718112001125044,0.6572785593457086,0.6685141785922082,0.671832492315095
2023-05-10 19:00:00,0.7464479766928912,0.7377736855495889,0.7449581001001002,0.7424603978658627
2023-05-10 20:00:00,0.7788712786687428,0.7619992442626318,0.7739034500324142,0.7681195987931103
2023-05-10 21:00:00,0.8050068116625155,0.799937501743711,0.8045084814988477,0.7943419596539861
2023-05-10 22:00:00,0.8024323339906666,0.8082770346605793,0.8044011389590415,0.7907579969820492
2023-05-10 23:00:00,0.8068761683426281,0.7992797616058357,0.805557161158978,0.7930987139855219
2023-05-11 00:00:00,0.7974499692776201,0.8029380002720287,0.8019071095079828,0.7860668937228118
2023-05-11 01:00:00,0.7902979818243412,0.7851562873457177,0.7911233761249721,0.7819335246508187
2023-05-11 02:00:00,0.7630628631019829,0.7541878798474414,0.7632977359525723,0.7543379657438308
2023-05-11 03:00:00,0.711502193358712,0.7032744033317134,0.7134758100620406,0.7063632131341966
2023-05-11 04:00:00,0.617515656993961,0.6075253722109507,0.6205989654526409,0.6160931982217611
2023-05-11 05:00:00,0.44111271353914266,0.45021871739049174,0.44687491861550344,0.4390068327856731
2023-05-11 06:00:00,0.0,0.0,0.0,0.0
2023-05-11 07:00:00,0.0,0.0,0.0,0.0
2023-05-11 08:00:00,0.0,0.0,0.0,0.0
2023-05-11 09:00:00,0.0,0.0,0.0,0.0
2023-05-11 10:00:00,0.0,0.0,0.0,0.0
2023-05-11 11:00:00,0.0,0.0,0.0,0.0
2023-05-11 12:00:00,0.0,0.0,0.0,0.0
2023-05-11 13:00:00,0.0,0.0,0.0,0.0
2023-05-11 14:00:00,0.0,0.0,0.0,0.0
2023-05-11 15:00:00,0.0,0.0,0.0,0.0
2023-05-11 16:00:00,0.27515091512765294,0.26527978253893275,0.2711634721688341,0.2718322073548629
2023-05-11 17:00:00,0.4880596407220146,0.4861470701794221,0.48811848942968206,0.4810115081763681
2023-05-11 18:00:00,0.6423722835002735,0.6368313235233339,0.6426866848924774,0.6364915286672527
2023-05-11 19:00:00,0.7052510400488495,0.7032084088917645,0.7060282803337099,0.6938257017050763
2023-05-11 20:00:00,0.7572250978844793,0.7477673662605923,0.7565500762314998,0.7478567219638169
2023-05-11 21:00:00,0.7801941559437142,0.7727681742494793,0.7809870939518035,0.7684170700292235
2023-05-11 22:00:00,0.7914210994633706,0.7837630181273058,0.7923941597227198,0.7775694583531753
2023-05-11 23:00:00,0.7967773669243613,0.7847922807358474,0.7968653726845473,0.7840137712084232
2023-05-12 00:00:00,0.789975462795086,0.777940143205369,0.7891749034118329,0.7754616393563549
2023-05-12 01:00:00,0.7726511927861024,0.7636930252998256,0.7728390035603915,0.7623912917020513
2023-05-12 02:00:00,0.7394326269597511,0.7319976072362273,0.7384092516285943,0.7258269489300385
2023-05-12 03:00:00,0.6895963152258139,0.6850082943204846,0.68988670825839,0.681523206204219
2023-05-12 04:00:00,0.5944047642444902,0.5931431829811108,0.5939630648855645,0.5901596740986031
2023-05-12 05:00:00,0.4397336092362974,0.44562373111694126,0.4415430122469633,0.43672285450035103
2023-05-12 06:00:00,0.0,0.0,0.0,0.0
2023-05-12 07:00:00,0.0,0.0,0.0,0.0
2023-05-12 08:00:00,0.0,0.0,0.0,0.0
2023-05-12 09:00:00,0.0,0.0,0.0,0.0
2023-05-12 10:00:00,0.0,0.0,0.0,0.0
2023-05-12 11:00:00,0.0,0.0,0.0,0.0
2023-05-12 12:00:00,0.0,0.0,0.0,0.0
2023-05-12 13:00:00,0.0,0.0,0.0,0.0
2023-05-12 14:00:00,0.0,0.0,0.0,0.0
2023-05-12 15:00:00,0.0,0.0,0.0,0.0
2023-05-12 16:00:00,0.14040500299447004,0.1267945183885362,0.14121731104385452,0.12631996830592418
2023-05-12 17:00:00,0.3464382875500252,0.26329651251724207,0.339885402192712,0.3343090842445189
2023-05-12 18:00:00,0.4519315714885015,0.3593894047002923,0.4376174999724157,0.4759106017532275
2023-05-12 19:00:00,0.6145140861957173,0.5353454894405417,0.5975923762438923,0.6340058919632773
2023-05-12 20:00:00,0.7213037559380989,0.6844503924309447,0.7183467034097561,0.7205794815748062
2023-05-12 21:00:00,0.7519158259407787,0.7178848517232218,0.7485545308313498,0.7469463900490602
2023-05-12 22:00:00,0.7576687592573875,0.7239434565464992,0.7578220002469724,0.7505618597680509
2023-05-12 23:00:00,0.7348339856239942,0.7019469240588746,0.7351663421222014,0.7371897324503759
2023-05-13 00:00:00,0.7110161706843804,0.5420336127942024,0.6906578256982745,0.7137436535099653
2023-05-13 01:00:00,0.6510707872807097,0.5405531275081245,0.6359584570104206,0.6719501254615582
2023-05-13 02:00:00,0.5398610687348965,0.2868323195011187,0.48161685826601597,0.5430966647274262
2023-05-13 03:00:00,0.32113800079944393,0.14320927999223065,0.27397845100516494,0.33609936183521044
2023-05-13 04:00:00,0.18590694583225778,0.11218152453844478,0.16220589808748373,0.21934751357711516
2023-05-13 05:00:00,0.07893161484414025,0.037612263559721554,0.0660862376236924,0.09804078165106193
2023-05-13 06:00:00,0.0,0.0,0.0,0.0
2023-05-13 07:00:00,0.0,0.0,0.0,0.0
2023-05-13 08:00:00,0.0,0.0,0.0,0.0
2023-05-13 09:00:00,0.0,0.0,0.0,0.0
2023-05-13 10:00:00,0.0,0.0,0.0,0.0
2023-05-13 11:00:00,0.0,0.0,0.0,0.0
2023-05-13 12:00:00,0.0,0.0,0.0,0.0
2023-05-13 13:00:00,0.0,0.0,0.0,0.0
2023-05-13 14:00:00,0.0,0.0,0.0,0.0
2023-05-13 15:00:00,0.0,0.0,0.0,0.0
2023-05-13 16:00:00,0.015780582878572258,0.0032932791840259543,0.010922089675972833,0.01663408384928622
2023-05-13 17:00:00,0.09822130024483122,0.05520374429249673,0.08838660819836192,0.11310340522257077
2023-05-13 18:00:00,0.17365847920246233,0.08701499044546661,0.15243609841401243,0.21178663468766654
2023-05-13 19:00:00,0.2868745114570075,0.21707460541447407,0.26761946702010897,0.31701936984869844
2023-05-13 20:00:00,0.3835364225878426,0.3452469939946787,0.3762686651906039,0.42086670116877717
2023-05-13 21:00:00,0.47413769192037436,0.4046462972960135,0.46106596134161976,0.5374708991858331
2023-05-13 22:00:00,0.5441255387658365,0.4574739093583309,0.518843718762916,0.5880947695766724
2023-05-13 23:00:00,0.6118370054158443,0.506472160641943,0.5932212355328874,0.6491730698427891
2023-05-14 00:00:00,0.5667878156396551,0.43683701605440906,0.5337986493855456,0.5663102801861525
2023-05-14 01:00:00,0.5035516059218828,0.42020663087616267,0.49314119914434895,0.48679475000014066
2023-05-14 02:00:00,0.4369518201514572,0.3558889819532369,0.42903514693524364,0.42792089492557867
2023-05-14 03:00:00,0.4766467357379871,0.3592364331203344,0.445172912204461,0.4683606316028113
2023-05-14 04:00:00,0.4705728795417519,0.40590905059532983,0.4498069439757183,0.4936214321113839
2023-05-14 05:00:00,0.35535166036329674,0.359163468274837,0.35541444437422337,0.3804343431390456
2023-05-14 06:00:00,0.0,0.08823532120624111,0.0,0.0
2023-05-14 07:00:00,0.0,0.0,0.0,0.0
2023-05-14 08:00:00,0.0,0.0,0.0,0.0
2023-05-14 09:00:00,0.0,0.0,0.0,0.0
2023-05-14 10:00:00,0.0,0.0,0.0,0.0
2023-05-14 11:00:00,0.0,0.0,0.0,0.0
2023-05-14 12:00:00,0.0,0.0,0.0,0.0
2023-05-14 13:00:00,0.0,0.0,0.0,0.0
2023-05-14 14:00:00,0.0,0.0,0.0,0.0
2023-05-14 15:00:00,0.0,0.0,0.0,0.0
2023-05-14 16:00:00,0.037680610339079906,0.019401225323374596,0.031803204157342876,0.04444466268940044
2023-05-14 17:00:00,0.22486360056528956,0.25869371838521343,0.21893032518435387,0.2537494453986999
2023-05-14 18:00:00,0.45727601292378967,0.553937104463787,0.4825563318491882,0.5210181123467278
2023-05-14 19:00:00,0.6810236421336199,0.707824214172215,0.6944673968456294,0.7014548399555173
2023-05-14 20:00:00,0.6229787155919334,0.5976059755012706,0.6054941608959525,0.6135189025432348
2023-05-14 21:00:00,0.7047466050619521,0.7260254156790342,0.7108479412713086,0.7229569017196917
2023-05-14 22:00:00,0.7716854615413621,0.7583994416327345,0.7698243614841711,0.7720380759211922
2023-05-14 23:00:00,0.7914294955786453,0.7856696444718766,0.7955212931523399,0.7894164310431812
2023-05-15 00:00:00,0.7074879065196527,0.7403661823794309,0.7193780033861841,0.6971107096811187
2023-05-15 01:00:00,0.6706809536297875,0.6300340549689603,0.6607602941993653,0.638308949338262
2023-05-15 02:00:00,0.5793691540531746,0.581705581493818,0.5802927856761273,0.5378274334041584
2023-05-15 03:00:00,0.2735912719901028,0.2839577754613268,0.27248510899624534,0.2525383385186918
2023-05-15 04:00:00,0.13401038812756333,0.13961945382980498,0.13960579431046077,0.14226365485042225
2023-05-15 05:00:00,0.044295995073588564,0.04610989556151282,0.04367314543130442,0.046902052179909164
2023-05-15 06:00:00,0.0,0.0003265392461212902,0.0,0.00012842436489827463
2023-05-15 07:00:00,0.0,0.0,0.0,0.0
2023-05-15 08:00:00,0.0,0.0,0.0,0.0
2023-05-15 09:00:00,0.0,0.0,0.0,0.0
2023-05-15 10:00:00,0.0,0.0,0.0,0.0
2023-05-15 11:00:00,0.0,0.0,0.0,0.0
2023-05-15 12:00:00,0.0,0.0,0.0,0.0
2023-05-15 13:00:00,0.0,0.0,0.0,0.0
2023-05-15 14:00:00,0.0,0.0,0.0,0.0
2023-05-15 15:00:00,0.0,0.0,0.0,0.0
2023-05-15 16:00:00,0.348435012494132,0.33333213147515756,0.34386062786418714,0.35262950873079807
2023-05-15 17:00:00,0.5693878921914514,0.5578442626834348,0.566052926463799,0.5720690722948948
2023-05-15 18:00:00,0.7019928575103266,0.6961422535099794,0.7002941161162012,0.7036033144685496
2023-05-15 19:00:00,0.7690161496379843,0.7648432743601937,0.7682174868898293,0.7682999749123831
2023-05-15 20:00:00,0.8060231324800625,0.8001308380808919,0.8052128501384759,0.8032667586323822
2023-05-15 21:00:00,0.826783992958906,0.8208101673934208,0.8260866338143431,0.8224307139186887
2023-05-15 22:00:00,0.8347707255604179,0.8285630414207654,0.8341883847366736,0.8293816603827051
2023-05-15 23:00:00,0.8347101518469043,0.8278613787830166,0.8340160832496881,0.8292281596170392
2023-05-16 00:00:00,0.8273214642759094,0.8208609969894308,0.8267007304841494,0.8222437095470408
2023-05-16 01:00:00,0.8100236331062006,0.803168830128636,0.8093131552315098,0.8057483608548742
2023-05-16 02:00:00,0.7817357877053491,0.7745037513823533,0.7807630744883457,0.7790400780857544
2023-05-16 03:00:00,0.735561028866964,0.7297664370429242,0.7345887509402397,0.7339040337177254
2023-05-16 04:00:00,0.6518719912143789,0.6443473443349297,0.6510652995106476,0.6522657324787556
2023-05-16 05:00:00,0.49154803517129486,0.4907714482353301,0.4910417447599612,0.4938593842235804
2023-05-16 06:00:00,0.13182302776818158,0.3726763443770524,0.1977345416522724,0.4038430153390829
2023-05-16 07:00:00,0.0,0.0,0.0,0.0
2023-05-16 08:00:00,0.0,0.0,0.0,0.0
2023-05-16 09:00:00,0.0,0.0,0.0,0.0
2023-05-16 10:00:00,0.0,0.0,0.0,0.0
2023-05-16 11:00:00,0.0,0.0,0.0,0.0
2023-05-16 12:00:00,0.0,0.0,0.0,0.0
2023-05-16 13:00:00,0.0,0.0,0.0,0.0
2023-05-16 14:00:00,0.0,0.0,0.0,0.0
2023-05-16 15:00:00,0.0,0.0,0.0,0.0
2023-05-16 16:00:00,0.3048748870728037,0.23649395141392707,0.28775118100706426,0.31426927810810495
2023-05-16 17:00:00,0.4731023174773703,0.39692896150919266,0.4505257865736248,0.48446140824165296
2023-05-16 18:00:00,0.5608881512029366,0.4618635914647919,0.5303366655337204,0.5708520857108034
2023-05-16 19:00:00,0.6049444058588733,0.5341982261615951,0.5906624263284846,0.6138590023150114
2023-05-16 20:00:00,0.6310249765096295,0.5893445638038369,0.6187513836969851,0.6376932749518974
2023-05-16 21:00:00,0.6298022664904228,0.6394499531884763,0.6321540091508525,0.6519228732518044
2023-05-16 22:00:00,0.6649540002483615,0.6724862712654184,0.6668743753648961,0.6908022693806525
2023-05-16 23:00:00,0.6953375063854622,0.7003392976978781,0.6972956928735634,0.712157081621514
2023-05-17 00:00:00,0.6817410568996832,0.6506377202467725,0.6743318442469469,0.6982659709030861
2023-05-17 01:00:00,0.6563751898727576,0.6681517491245909,0.6604152285441047,0.653580408250356
2023-05-17 02:00:00,0.6821601487702752,0.7152229243925952,0.6900437766903256,0.6571254670841459
2023-05-17 03:00:00,0.43891352609769935,0.5001514257974534,0.46170962734446513,0.462646527050065
2023-05-17 04:00:00,0.2679937484828792,0.1427311859226456,0.23363826591264106,0.24718524842024883
2023-05-17 05:00:00,0.16891065181839637,0.07384520453483902,0.14769358164139706,0.24689526855391594
2023-05-17 06:00:00,0.10629618205155367,0.10377611229060346,0.1594442730773305,0.23387969058484429
2023-05-17 07:00:00,0.0,0.0,0.0,0.0
2023-05-17 08:00:00,0.0,0.0,0.0,0.0
2023-05-17 09:00:00,0.0,0.0,0.0,0.0
2023-05-17 10:00:00,0.0,0.0,0.0,0.0
2023-05-17 11:00:00,0.0,0.0,0.0,0.0
2023-05-17 12:00:00,0.0,0.0,0.0,0.0
2023-05-17 13:00:00,0.0,0.0,0.0,0.0
2023-05-17 14:00:00,0.0,0.0,0.0,0.0
2023-05-17 15:00:00,0.0,0.0,0.0,0.0
2023-05-17 16:00:00,0.359008217545229,0.349288997546188,0.3564720587793053,0.3627972780046688
2023-05-17 17:00:00,0.5902650564048776,0.5759782134852903,0.5867903296392303,0.5955734281941168
2023-05-17 18:00:00,0.7305333502917839,0.7215436309637898,0.7271213784083617,0.7341881929902742
2023-05-17 19:00:00,0.8008011023285958,0.7950685760032997,0.7988065264763382,0.8044193110112587
2023-05-17 20:00:00,0.8376464674947949,0.8329923373678882,0.8362870161083105,0.8405081924805469
2023-05-17 21:00:00,0.8583568095776993,0.855771174321499,0.8575214433317129,0.8608208561615439
2023-05-17 22:00:00,0.8654018575099491,0.8653764051561538,0.8655901833082964,0.8675701544595308
2023-05-17 23:00:00,0.8648465901388516,0.8676709349790516,0.865668136580457,0.867341847812284
2023-05-18 00:00:00,0.8534003340030982,0.8580320124070656,0.8543921411069775,0.8561751697852035
2023-05-18 01:00:00,0.8357490918843657,0.8422227719319583,0.8370627530347199,0.8394299235798418
2023-05-18 02:00:00,0.8059722186055174,0.8146413645753826,0.8075829431135247,0.810918279678361
2023-05-18 03:00:00,0.7580243620692064,0.7686349466281,0.7600215191660793,0.7645593470229208
2023-05-18 04:00:00,0.6714017380645325,0.6855847091014483,0.6742221491473375,0.6807109045784233
2023-05-18 05:00:00,0.5060249385660667,0.5254467976076285,0.5102909997245966,0.5180273091566617
2023-05-18 06:00:00,0.384680815297207,0.3632427402013283,0.37583314922334166,0.3726427274868977
2023-05-18 07:00:00,0.0,0.0,0.0,0.0
2023-05-18 08:00:00,0.0,0.0,0.0,0.0
2023-05-18 09:00:00,0.0,0.0,0.0,0.0
2023-05-18 10:00:00,0.0,0.0,0.0,0.0
2023-05-18 11:00:00,0.0,0.0,0.0,0.0
2023-05-18 12:00:00,0.0,0.0,0.0,0.0
2023-05-18 13:00:00,0.0,0.0,0.0,0.0
2023-05-18 14:00:00,0.0,0.0,0.0,0.0
2023-05-18 15:00:00,0.0,0.0,0.0,0.0
2023-05-18 16:00:00,0.34618672502919084,0.34164848275792115,0.34373972706341105,0.35003947643065675
2023-05-18 17:00:00,0.5685118491934872,0.5625360521641497,0.5658068440678017,0.5725592961078031
2023-05-18 18:00:00,0.7027862060131181,0.6998679875277077,0.700514732497176,0.7034342149039551
2023-05-18 19:00:00,0.7738746105529742,0.7708393330239817,0.7724862115131719,0.7734505080033912
2023-05-18 20:00:00,0.8129679654968296,0.809137160879256,0.8118935503185407,0.8102577498227791
2023-05-18 21:00:00,0.8371213950692628,0.8333826976491748,0.8367558520328567,0.8335426221042735
2023-05-18 22:00:00,0.846377472680426,0.8428632944922758,0.84619645668169,0.8404030172780228
2023-05-18 23:00:00,0.8478377766157786,0.8445905235986952,0.8478676472223021,0.8411277843795099
2023-05-19 00:00:00,0.8442402818000119,0.8414513315030083,0.8445441227227177,0.8374133067379771
2023-05-19 01:00:00,0.829402067597765,0.8286161128955992,0.8302088208155807,0.822948898014816
2023-05-19 02:00:00,0.8019258150208465,0.8033423051602503,0.8032110541630463,0.7971863595903601
2023-05-19 03:00:00,0.7560231946490065,0.7606653251401466,0.758081097948019,0.7533560867642736
2023-05-19 04:00:00,0.6727950821831955,0.6811847286479226,0.6757076632712143,0.6737699481584872
2023-05-19 05:00:00,0.5134899266131092,0.5269681079184297,0.5170247191698167,0.5196558443700335
2023-05-19 06:00:00,0.37370177095284385,0.3536819620511819,0.36586242191872115,0.3637370097104807
2023-05-19 07:00:00,0.0,0.0,0.0,0.0
2023-05-19 08:00:00,0.0,0.0,0.0,0.0
2023-05-19 09:00:00,0.0,0.0,0.0,0.0
2023-05-19 10:00:00,0.0,0.0,0.0,0.0
2023-05-19 11:00:00,0.0,0.0,0.0,0.0
2023-05-19 12:00:00,0.0,0.0,0.0,0.0
2023-05-19 13:00:00,0.0,0.0,0.0,0.0
2023-05-19 14:00:00,0.0,0.0,0.0,0.0
2023-05-19 15:00:00,0.0,0.0,0.0,0.0
2023-05-19 16:00:00,0.25759424081160676,0.2029468342447993,0.2441077424989882,0.22466422789984927
2023-05-19 17:00:00,0.46705179593004886,0.41158243126415756,0.4545590933098822,0.4294755706364275
2023-05-19 18:00:00,0.6056420066200773,0.5667612830779408,0.6010673964493565,0.5827411972627287
2023-05-19 19:00:00,0.634764268579047,0.603440558654072,0.6272603759053632,0.5958251633383174
2023-05-19 20:00:00,0.6807155667454973,0.6795299524847005,0.6817670268320485,0.6576534050555471
2023-05-19 21:00:00,0.7391333241524428,0.7111464195259956,0.7356386392233192,0.7222901003436348
2023-05-19 22:00:00,0.7363293394946661,0.6920403620923845,0.731873604330417,0.7214370928220055
2023-05-19 23:00:00,0.7163844773637953,0.6483853215401107,0.7050054779134463,0.6940107902298297
2023-05-20 00:00:00,0.7001384636918192,0.6740443582475605,0.7037503077822367,0.6547834910884656
2023-05-20 01:00:00,0.5937317605297657,0.5285241606205222,0.5873546945276398,0.5259033525930371
2023-05-20 02:00:00,0.4421254568657536,0.3386978589013668,0.41607388032504145,0.35818828567167055
2023-05-20 03:00:00,0.30342364892710566,0.2042458241542124,0.2734785459551843,0.21745795140075633
2023-05-20 04:00:00,0.1713293792301774,0.05977757840491455,0.14145133375516267,0.09015187987121247
2023-05-20 05:00:00,0.029328968681363542,0.02280995174968792,0.027285872519017512,0.014909280624072969
2023-05-20 06:00:00,0.0014977756216049062,0.002455258548827704,0.0022466634324073594,0.0
2023-05-20 07:00:00,0.0,0.0,0.0,0.0
2023-05-20 08:00:00,0.0,0.0,0.0,0.0
2023-05-20 09:00:00,0.0,0.0,0.0,0.0
2023-05-20 10:00:00,0.0,0.0,0.0,0.0
2023-05-20 11:00:00,0.0,0.0,0.0,0.0
2023-05-20 12:00:00,0.0,0.0,0.0,0.0
2023-05-20 13:00:00,0.0,0.0,0.0,0.0
2023-05-20 14:00:00,0.0,0.0,0.0,0.0
2023-05-20 15:00:00,0.0,0.0,0.0,0.0
2023-05-20 16:00:00,0.0,4.0019221031613576e-05,0.0,0.0
2023-05-20 17:00:00,0.012531223465145536,0.028918276141924475,0.013510461118945893,0.017810893876457966
2023-05-20 18:00:00,0.0833040633655382,0.21078157691065758,0.10202687519868009,0.14190122143771725
2023-05-20 19:00:00,0.20154090687379914,0.33320756338556995,0.22617714190324384,0.2979115464237443
2023-05-20 20:00:00,0.3282721634442969,0.4780720139702881,0.3600057374036613,0.41484389130402244
2023-05-20 21:00:00,0.5368227685766566,0.6987867598422733,0.5961813032362202,0.631599523462879
2023-05-20 22:00:00,0.5908381918651338,0.5007983410185889,0.5645362676378343,0.6002069404956653
2023-05-20 23:00:00,0.5828821843969781,0.3758728246823235,0.5176742411115709,0.49406397841948174
2023-05-21 00:00:00,0.35421505051253427,0.36547667826865976,0.3451180319590439,0.3509399987889615
2023-05-21 01:00:00,0.5514036497708382,0.47864866881934565,0.5348048280699153,0.5469761298185295
2023-05-21 02:00:00,0.44209983889505056,0.3821061207321533,0.41966455114850004,0.47527992712041217
2023-05-21 03:00:00,0.33566930153844105,0.23613597734232847,0.3052453315747863,0.35499473453021585
2023-05-21 04:00:00,0.3709364094286505,0.14308430406386594,0.3107297961961967,0.2519803491357128
2023-05-21 05:00:00,0.1438265388920299,0.11627527087749008,0.13631516473837335,0.08333788172057731
2023-05-21 06:00:00,0.050635502941881766,0.052387256975272266,0.05392810434480366,0.04642173388180334
2023-05-21 07:00:00,0.0,0.0,0.0,0.0
2023-05-21 08:00:00,0.0,0.0,0.0,0.0
2023-05-21 09:00:00,0.0,0.0,0.0,0.0
2023-05-21 10:00:00,0.0,0.0,0.0,0.0
2023-05-21 11:00:00,0.0,0.0,0.0,0.0
2023-05-21 12:00:00,0.0,0.0,0.0,0.0
2023-05-21 13:00:00,0.0,0.0,0.0,0.0
2023-05-21 14:00:00,0.0,0.0,0.0,0.0
2023-05-21 15:00:00,0.0,0.0,0.0,0.0
2023-05-21 16:00:00,0.3283620261872908,0.32374074012686155,0.32615918187318704,0.3284042363695017
2023-05-21 17:00:00,0.5448041554058131,0.5419531591583201,0.5436900542186489,0.5454088381408435
2023-05-21 18:00:00,0.6757084578794146,0.6765853040410517,0.6757535448445093,0.6760222665958779
2023-05-21 19:00:00,0.741599784170662,0.7416914508187715,0.7417804662292289,0.7405068701460272
2023-05-21 20:00:00,0.7773293763449249,0.7742061034466672,0.7772169857714264,0.7746599221523108
2023-05-21 21:00:00,0.7978366963717245,0.7933160509945215,0.7976225241910226,0.7939790271024227
2023-05-21 22:00:00,0.8062536361655902,0.7999627157896132,0.8058999918750012,0.8007821843026269
2023-05-21 23:00:00,0.8068039757809714,0.7992330860095743,0.8063068482689214,0.8005817998394745
2023-05-22 00:00:00,0.797637648866139,0.7894222021036174,0.7988930827267194,0.7957082652449609
2023-05-22 01:00:00,0.7574762801252816,0.7069829538436485,0.7482274189747852,0.758073669711365
2023-05-22 02:00:00,0.6491851882657488,0.5221897047881567,0.6052728467764004,0.6512798118818259
2023-05-22 03:00:00,0.5752738464372936,0.4326251613194689,0.5258593325038075,0.5755195974365551
2023-05-22 04:00:00,0.5580839553879243,0.5039507058542745,0.5355344596664824,0.5657406230867733
2023-05-22 05:00:00,0.4582909435157608,0.46834226482143687,0.45869469014046493,0.4632208859841323
2023-05-22 06:00:00,0.2980115392897264,0.288009195378862,0.29326115059106256,0.2927518060137914
2023-05-22 07:00:00,0.0,0.0,0.0,0.0
2023-05-22 08:00:00,0.0,0.0,0.0,0.0
2023-05-22 09:00:00,0.0,0.0,0.0,0.0
2023-05-22 10:00:00,0.0,0.0,0.0,0.0
2023-05-22 11:00:00,0.0,0.0,0.0,0.0
2023-05-22 12:00:00,0.0,0.0,0.0,0.0
2023-05-22 13:00:00,0.0,0.0,0.0,0.0
2023-05-22 14:00:00,0.0,0.0,0.0,0.0
2023-05-22 15:00:00,0.0,0.0,0.0,0.0
2023-05-22 16:00:00,0.296461421819977,0.29499480402316464,0.2942220862554975,0.28031136411508767
2023-05-22 17:00:00,0.5105198439579764,0.5145942061346155,0.5129612963450068,0.5064442931296722
2023-05-22 18:00:00,0.6534357537008046,0.6518046919750812,0.6531711133627165,0.6548055623266632
2023-05-22 19:00:00,0.7248681173273493,0.722425529523596,0.724890408845758,0.7237877231780542
2023-05-22 20:00:00,0.7658800769961713,0.7609256297182722,0.7656058660747789,0.7618495890539245
2023-05-22 21:00:00,0.7877307869596882,0.778868571105718,0.7872970521443565,0.7797448785977267
2023-05-22 22:00:00,0.7973258976347543,0.7918194332755434,0.796442283666598,0.7872875460125677
2023-05-22 23:00:00,0.793852219573547,0.7944511542437787,0.7912568907325308,0.7688577541809408
2023-05-23 00:00:00,0.7864755352711238,0.7791216144188082,0.7846434572571352,0.7633315207069163
2023-05-23 01:00:00,0.7404479106005724,0.69337823226433,0.7276271519019365,0.690867904878553
2023-05-23 02:00:00,0.7287625559153909,0.7128590584184908,0.7232509191688823,0.694529772947424
2023-05-23 03:00:00,0.677866258015467,0.6738042430944834,0.6754856490025414,0.6403053151030837
2023-05-23 04:00:00,0.5518087909039903,0.6144841144643841,0.575896872426808,0.5421243116983343
2023-05-23 05:00:00,0.4374093078336723,0.4655808120659648,0.44506978663126157,0.4234459658552446
2023-05-23 06:00:00,0.2647446574085443,0.2650627617990618,0.26272144704156314,0.24558577438434903
2023-05-23 07:00:00,0.0,0.0,0.0,0.0
2023-05-23 08:00:00,0.0,0.0,0.0,0.0
2023-05-23 09:00:00,0.0,0.0,0.0,0.0
2023-05-23 10:00:00,0.0,0.0,0.0,0.0
2023-05-23 11:00:00,0.0,0.0,0.0,0.0
2023-05-23 12:00:00,0.0,0.0,0.0,0.0
2023-05-23 13:00:00,0.0,0.0,0.0,0.0
2023-05-23 14:00:00,0.0,0.0,0.0,0.0
2023-05-23 15:00:00,0.0,0.0,0.0,0.0
2023-05-23 16:00:00,0.2695874156348124,0.276719279727147,0.27230069719797634,0.27062054410382874
2023-05-23 17:00:00,0.5002592364776607,0.45573807608344047,0.48647564457532233,0.5056232809460709
2023-05-23 18:00:00,0.6084089060128323,0.6308071939939263,0.6141262887448495,0.6350423294772992
2023-05-23 19:00:00,0.6954012691915596,0.7034963548074034,0.6979642958057873,0.7033736610173916
2023-05-23 20:00:00,0.7349121187320738,0.7214450649832554,0.7309007011881163,0.7375831458952812
2023-05-23 21:00:00,0.7346596054216126,0.7638067071122449,0.7391268925684553,0.7449627961190726
2023-05-23 22:00:00,0.7551142880251195,0.7828134372827974,0.7628120623569046,0.7641556491977548
2023-05-23 23:00:00,0.7656774349045552,0.7834395097250114,0.7711881261703466,0.7740125128390677
2023-05-24 00:00:00,0.7471219057502206,0.7594961216839397,0.7436764055382488,0.689249898471146
2023-05-24 01:00:00,0.7362678892182353,0.7466959102466225,0.7404551981843488,0.7053775438419806
2023-05-24 02:00:00,0.7049855871444172,0.6483804429384351,0.6956583860965329,0.691447434065391
2023-05-24 03:00:00,0.6152189329955203,0.6398612864135346,0.6165217197550967,0.603244341514927
2023-05-24 04:00:00,0.5429654239548598,0.5836751751731848,0.5529414018764868,0.5247898772514034
2023-05-24 05:00:00,0.3911039694317842,0.3694347914901009,0.3775621508266064,0.38376329620707667
2023-05-24 06:00:00,0.2179522361109811,0.21867842393243678,0.21452445698562372,0.23160872134435895
2023-05-24 07:00:00,0.0,0.0,0.0,0.0
2023-05-24 08:00:00,0.0,0.0,0.0,0.0
2023-05-24 09:00:00,0.0,0.0,0.0,0.0
2023-05-24 10:00:00,0.0,0.0,0.0,0.0
2023-05-24 11:00:00,0.0,0.0,0.0,0.0
2023-05-24 12:00:00,0.0,0.0,0.0,0.0
2023-05-24 13:00:00,0.0,0.0,0.0,0.0
2023-05-24 14:00:00,0.0,0.0,0.0,0.0
2023-05-24 15:00:00,0.0,0.0,0.0,0.0
2023-05-24 16:00:00,0.28233236854857235,0.2416741216210081,0.2696927065153719,0.26070598613461665
2023-05-24 17:00:00,0.4553558727221594,0.37540213490905666,0.43264453760414134,0.4426819444640995
2023-05-24 18:00:00,0.5971918519661435,0.5752743309177485,0.5902904067554768,0.5901827544531537
2023-05-24 19:00:00,0.638815409655889,0.6546745356056389,0.6380631724820645,0.6020721136122211
2023-05-24 20:00:00,0.6434118517108766,0.6929061443441685,0.6580493973757743,0.5751443771113188
2023-05-24 21:00:00,0.48694797734986883,0.5712726443890638,0.5081013796577297,0.38886633467261505
2023-05-24 22:00:00,0.49060550966463595,0.5855977092379931,0.5196851540735874,0.5244493080721114
2023-05-24 23:00:00,0.5552765795930276,0.6033652802904994,0.5722384000802104,0.6370502060590573
2023-05-25 00:00:00,0.7158773343909904,0.7292522292973449,0.7225480983844464,0.7394186011416113
2023-05-25 01:00:00,0.7644894416844593,0.8005491523759964,0.7747471056784742,0.7875108194384833
2023-05-25 02:00:00,0.7433545952133435,0.7868317391593381,0.7529812433845435,0.7700966800105631
2023-05-25 03:00:00,0.6895409814226395,0.7553277467290128,0.7035877673056934,0.726859813277359
2023-05-25 04:00:00,0.6592512822833418,0.6867747901458144,0.6644221368624559,0.6746896092531185
2023-05-25 05:00:00,0.5068536940874021,0.5395093704165671,0.513011851002585,0.5259957966449185
2023-05-25 06:00:00,0.3144492120189208,0.3307700360172683,0.31610716917599524,0.3242124823986879
2023-05-25 07:00:00,0.0,0.0,0.0,0.0
2023-05-25 08:00:00,0.0,0.0,0.0,0.0
2023-05-25 09:00:00,0.0,0.0,0.0,0.0
2023-05-25 10:00:00,0.0,0.0,0.0,0.0
2023-05-25 11:00:00,0.0,0.0,0.0,0.0
2023-05-25 12:00:00,0.0,0.0,0.0,0.0
2023-05-25 13:00:00,0.0,0.0,0.0,0.0
2023-05-25 14:00:00,0.0,0.0,0.0,0.0
2023-05-25 15:00:00,0.0,0.0,0.0,0.0
2023-05-25 16:00:00,0.07062999961669261,0.08244032998653023,0.07507951026774609,0.06275310720232595
2023-05-25 17:00:00,0.2643329184800063,0.23954439044861028,0.24854217618353172,0.26512823635137056
2023-05-25 18:00:00,0.5702851501026839,0.4888566868031141,0.5510183736882723,0.5994012366286586
2023-05-25 19:00:00,0.7217421706647666,0.6864680161902604,0.7136816961023873,0.7466132480035964
2023-05-25 20:00:00,0.7878293234551328,0.7857737853250683,0.786113578046391,0.8043187736289171
2023-05-25 21:00:00,0.8375897789049725,0.8317364962031483,0.8356152311445464,0.83802838486416
2023-05-25 22:00:00,0.8457229258470903,0.842638396272689,0.8450291215599626,0.8438614971036872
2023-05-25 23:00:00,0.8441871491761637,0.8428331847572211,0.8439555950308051,0.8405711825377548
2023-05-26 00:00:00,0.8345404912183634,0.8351864281625,0.8351228061074762,0.8296649062469376
2023-05-26 01:00:00,0.8172890165888713,0.8190936770660215,0.8182070597409624,0.8126772805203132
2023-05-26 02:00:00,0.7870365064487673,0.7906183223679027,0.7881470660222828,0.7837635363732094
2023-05-26 03:00:00,0.7386055511332955,0.7447412613436745,0.739582609781232,0.7366836888821765
2023-05-26 04:00:00,0.6578127054321077,0.6645257597119589,0.6583311327811381,0.6575550785068156
2023-05-26 05:00:00,0.5073823928837861,0.5160142289127126,0.5082053153764966,0.5102780443458764
2023-05-26 06:00:00,0.3044549584664616,0.3036488086971884,0.3025281787627934,0.30383838692541437
2023-05-26 07:00:00,0.0,0.0,0.0,0.0
2023-05-26 08:00:00,0.0,0.0,0.0,0.0
2023-05-26 09:00:00,0.0,0.0,0.0,0.0
2023-05-26 10:00:00,0.0,0.0,0.0,0.0
2023-05-26 11:00:00,0.0,0.0,0.0,0.0
2023-05-26 12:00:00,0.0,0.0,0.0,0.0
2023-05-26 13:00:00,0.0,0.0,0.0,0.0
2023-05-26 14:00:00,0.0,0.0,0.0,0.0
2023-05-26 15:00:00,0.0,0.0,0.0,0.0
2023-05-26 16:00:00,0.3602794181984204,0.3469050470590047,0.35714041718972434,0.36387499262969275
2023-05-26 17:00:00,0.5673089807303832,0.5631736685946096,0.5667295636430754,0.5687284385669281
2023-05-26 18:00:00,0.6967107635023134,0.6911518857572738,0.6943784031439936,0.6957892428549459
2023-05-26 19:00:00,0.7611469621977814,0.7574443915438964,0.7599871952199977,0.7587418031504733
2023-05-26 20:00:00,0.795706852053048,0.7910197184538307,0.7949255693978383,0.7920385985502225
2023-05-26 21:00:00,0.8162816922129433,0.8119528905397465,0.8158049855625069,0.8115456863694502
2023-05-26 22:00:00,0.8242490890426554,0.8197914159131461,0.8239772412356052,0.8181387334009992
2023-05-26 23:00:00,0.8245009895952378,0.8203293749842944,0.8244459416400478,0.818360200951001
2023-05-27 00:00:00,0.8177010385443785,0.8146893713205334,0.817830424463957,0.8113144352836996
2023-05-27 01:00:00,0.8008582381278714,0.7986502009349125,0.8009904115934439,0.795226445690839
2023-05-27 02:00:00,0.772530121389285,0.7709223727554356,0.7725385506405891,0.7680121149673637
2023-05-27 03:00:00,0.7277744451367352,0.7275886850545904,0.7279243684532124,0.7255467413243176
2023-05-27 04:00:00,0.6493932406507424,0.6500850384527271,0.6492257819656146,0.6484120706982114
2023-05-27 05:00:00,0.503485228276135,0.5071782428377759,0.5035395892700547,0.5038650953401405
2023-05-27 06:00:00,0.3029042461619525,0.30082170073937115,0.30105183291822996,0.3000478216051666
2023-05-27 07:00:00,0.0,0.0,0.0,0.0
2023-05-27 08:00:00,0.0,0.0,0.0,0.0
2023-05-27 09:00:00,0.0,0.0,0.0,0.0
2023-05-27 10:00:00,0.0,0.0,0.0,0.0
2023-05-27 11:00:00,0.0,0.0,0.0,0.0
2023-05-27 12:00:00,0.0,0.0,0.0,0.0
2023-05-27 13:00:00,0.0,0.0,0.0,0.0
2023-05-27 14:00:00,0.0,0.0,0.0,0.0
2023-05-27 15:00:00,0.0,0.0,0.0,0.0
2023-05-27 16:00:00,0.35116676791716284,0.34495795133304413,0.3495777067216971,0.35554310105072034
2023-05-27 17:00:00,0.5628245767337691,0.5548601465064569,0.5602342217436345,0.5645654630164101
2023-05-27 18:00:00,0.6817990277395242,0.677341214071406,0.680540995446713,0.6816737735261013
2023-05-27 19:00:00,0.7430249655029321,0.7372906798793618,0.7422271289173819,0.7412429559706203
2023-05-27 20:00:00,0.7778856533836404,0.7701955664396068,0.7770191754874685,0.7735889246727478
2023-05-27 21:00:00,0.7995560984705686,0.7893720665102215,0.7994083305263134,0.7933779067430727
2023-05-27 22:00:00,0.803675191360278,0.800806039593744,0.8044820481967208,0.7976868272567404
2023-05-27 23:00:00,0.8081201719306823,0.8030544612104585,0.8085330929837364,0.7998431577279757
2023-05-28 00:00:00,0.7999618695260918,0.7963813643409182,0.8005347340812587,0.7899957358202393
2023-05-28 01:00:00,0.7855959376757408,0.7803667743300274,0.7864240011835133,0.7773596819098403
2023-05-28 02:00:00,0.7548248802986826,0.7428597211083142,0.7535069810829416,0.7461723776890984
2023-05-28 03:00:00,0.706186159053425,0.6816565793631367,0.7016842242442254,0.6993423256368408
2023-05-28 04:00:00,0.6214726984451321,0.5860190982013338,0.6131981818740253,0.620154449182125
2023-05-28 05:00:00,0.42311116356369843,0.3399515342953532,0.3976356697190575,0.4319990365085265
2023-05-28 06:00:00,0.21541845239598031,0.14643539362103594,0.19582232586029957,0.2223883223603579
2023-05-28 07:00:00,0.0,0.0,0.0,0.0
2023-05-28 08:00:00,0.0,0.0,0.0,0.0
2023-05-28 09:00:00,0.0,0.0,0.0,0.0
2023-05-28 10:00:00,0.0,0.0,0.0,0.0
2023-05-28 11:00:00,0.0,0.0,0.0,0.0
2023-05-28 12:00:00,0.0,0.0,0.0,0.0
2023-05-28 13:00:00,0.0,0.0,0.0,0.0
2023-05-28 14:00:00,0.0,0.0,0.0,0.0
2023-05-28 15:00:00,0.0,0.0,0.0,0.0
2023-05-28 16:00:00,0.18557725341903417,0.13285505308529993,0.16847808990874,0.23594017140087678
2023-05-28 17:00:00,0.42240892215625775,0.3576589241349817,0.40580087576629503,0.45785192546640924
2023-05-28 18:00:00,0.5576997965113543,0.48758550829711966,0.5417412487703956,0.5836644005513413
2023-05-28 19:00:00,0.6414555090147637,0.5840645284618117,0.6279344672679312,0.6583770371724728
2023-05-28 20:00:00,0.6894036035975054,0.6365689064764993,0.6752155880316089,0.6931379202188316
2023-05-28 21:00:00,0.7076430260524272,0.6615204180728272,0.6925698687815035,0.7082887267803057
2023-05-28 22:00:00,0.753841709394489,0.7106081245116428,0.7432032754362482,0.7412762336998183
2023-05-28 23:00:00,0.770839110811994,0.7329948251278884,0.7637141813235667,0.7625538416034819
2023-05-29 00:00:00,0.7839253021083659,0.7726202089170379,0.783874384095395,0.7735452209404231
2023-05-29 01:00:00,0.726840754681417,0.6781818188432337,0.7128921509086457,0.7208798171992762
2023-05-29 02:00:00,0.7186864945380037,0.6864925763785684,0.7105269261565369,0.7132996983617469
2023-05-29 03:00:00,0.6793492029532429,0.6493314920554266,0.672117210053407,0.6705709757794756
2023-05-29 04:00:00,0.6054136483498957,0.5879559482369677,0.5982088900702149,0.6038092672599139
2023-05-29 05:00:00,0.46801904989647053,0.4636547864597114,0.4645806652904268,0.46839395860667166
2023-05-29 06:00:00,0.20919201279492183,0.1703584980859669,0.1913282489801354,0.21809764161882317
2023-05-29 07:00:00,0.0,0.0,0.0,0.0
2023-05-29 08:00:00,0.0,0.0,0.0,0.0
2023-05-29 09:00:00,0.0,0.0,0.0,0.0
2023-05-29 10:00:00,0.0,0.0,0.0,0.0
2023-05-29 11:00:00,0.0,0.0,0.0,0.0
2023-05-29 12:00:00,0.0,0.0,0.0,0.0
2023-05-29 13:00:00,0.0,0.0,0.0,0.0
2023-05-29 14:00:00,0.0,0.0,0.0,0.0
2023-05-29 15:00:00,0.0,0.0,0.0,0.0
2023-05-29 16:00:00,0.3358215894587538,0.3206624329290257,0.3313858892976296,0.3378936109178395
2023-05-29 17:00:00,0.542753168304538,0.5268430683336306,0.5385529514025844,0.5443095324426421
2023-05-29 18:00:00,0.6627368501884275,0.6529820137597427,0.6605531302523578,0.6625042006023967
2023-05-29 19:00:00,0.7254468461612715,0.7188109586225838,0.7246528528852364,0.7222956312647759
2023-05-29 20:00:00,0.7586181044034386,0.7520621695296853,0.7584146527022351,0.7523226676628765
2023-05-29 21:00:00,0.7778454621011132,0.7726142229002408,0.7782697723404921,0.7691145224510606
2023-05-29 22:00:00,0.7858433614708503,0.7812623481745398,0.7867791704475515,0.775394652297642
2023-05-29 23:00:00,0.7868964933448251,0.7822662163474434,0.788010767621447,0.7756402520740159
2023-05-30 00:00:00,0.7811584723372066,0.7765121291676422,0.782406851500105,0.7698768078412992
2023-05-30 01:00:00,0.766107500173176,0.7627797811743199,0.767632463512857,0.7546766789643934
2023-05-30 02:00:00,0.7388454373167223,0.7352975003400819,0.740081835709559,0.7292301485741058
2023-05-30 03:00:00,0.703894599684495,0.694586844160557,0.7019398806072878,0.694337675262978
2023-05-30 04:00:00,0.6213163888887485,0.6204895166652666,0.6215973274681357,0.6168565256807149
2023-05-30 05:00:00,0.48377085210524734,0.48498386054319287,0.48355339830730826,0.4831949112714484
2023-05-30 06:00:00,0.2816496707654957,0.28365995063871585,0.2809313214585518,0.28178720703871635
2023-05-30 07:00:00,0.0,0.0,0.0,0.0
2023-05-30 08:00:00,0.0,0.0,0.0,0.0
2023-05-30 09:00:00,0.0,0.0,0.0,0.0
2023-05-30 10:00:00,0.0,0.0,0.0,0.0
2023-05-30 11:00:00,0.0,0.0,0.0,0.0
2023-05-30 12:00:00,0.0,0.0,0.0,0.0
2023-05-30 13:00:00,0.0,0.0,0.0,0.0
2023-05-30 14:00:00,0.0,0.0,0.0,0.0
2023-05-30 15:00:00,0.0,0.0,0.0,0.0
2023-05-30 16:00:00,0.3202844502210644,0.3095287338261717,0.317151097708831,0.32517621891906007
2023-05-30 17:00:00,0.52173228742416,0.5105216679191363,0.5190733520686199,0.5267228833543091
2023-05-30 18:00:00,0.6400348331667648,0.6315884099889687,0.6385137836400393,0.6429553860000408
2023-05-30 19:00:00,0.7040822442527869,0.6949027078600666,0.703026300498005,0.703744496702485
2023-05-30 20:00:00,0.7364738890317154,0.7133581688699948,0.7336046989023344,0.732734899506371
2023-05-30 21:00:00,0.7573437468559624,0.7261229274744307,0.7551711311077312,0.7509329325226842
2023-05-30 22:00:00,0.7665258443211659,0.750064625793935,0.765062843475158,0.755883284379919
2023-05-30 23:00:00,0.7688187877876809,0.7543892525935977,0.766631389627193,0.7575476818543659
2023-05-31 00:00:00,0.7366620666041053,0.7549928487099663,0.7463273927779173,0.7153590132199996
2023-05-31 01:00:00,0.703718993942669,0.7232073034358643,0.7092894782930661,0.6555155021241288
2023-05-31 02:00:00,0.6724965240898365,0.704607500887792,0.6835834134274923,0.6278603766760452
2023-05-31 03:00:00,0.6419508607646733,0.6693413908233992,0.6511070510329113,0.612779589058468
2023-05-31 04:00:00,0.5693910102184997,0.5979877394786055,0.5740625094210337,0.5511008254015959
2023-05-31 05:00:00,0.4601786476038452,0.4520915563358962,0.4562956516248885,0.4530764023051213
2023-05-31 06:00:00,0.26681793221682554,0.26717914803519677,0.2661569637607164,0.2668475372792872
2023-05-31 07:00:00,0.0,0.0,0.0,0.0
2023-05-31 08:00:00,0.0,0.0,0.0,0.0
2023-05-31 09:00:00,0.0,0.0,0.0,0.0
2023-05-31 10:00:00,0.0,0.0,0.0,0.0
2023-05-31 11:00:00,0.0,0.0,0.0,0.0
2023-05-31 12:00:00,0.0,0.0,0.0,0.0
2023-05-31 13:00:00,0.0,0.0,0.0,0.0
2023-05-31 14:00:00,0.0,0.0,0.0,0.0
2023-05-31 15:00:00,0.0,0.0,0.0,0.0
2023-05-31 16:00:00,0.31997913095098407,0.30694378897963515,0.3163443738304461,0.3200620607514748
2023-05-31 17:00:00,0.5224563665537842,0.5070051390693783,0.5190304807962846,0.5207111056368329
2023-05-31 18:00:00,0.6417851454761309,0.6313277581785646,0.6399630823570921,0.6375682079351219
2023-05-31 19:00:00,0.680126696878335,0.6961186401370957,0.6854743073260361,0.6865235025740916
2023-05-31 20:00:00,0.7404522153410587,0.7331723358690471,0.7413121475046451,0.7326609950239624
2023-05-31 21:00:00,0.7503370404896893,0.7563656470314606,0.7534021057718054,0.7453455232506969
2023-05-31 22:00:00,0.7597312318398655,0.7524154719353303,0.7538757435772101,0.7146649873752408
2023-05-31 23:00:00,0.7565368762748141,0.7475723547010918,0.7564802213616126,0.7170369613216677
2023-06-01 00:00:00,0.7722235134409569,0.7687954923858182,0.7733977275213462,0.7568245694622006
2023-06-01 01:00:00,0.7640242434030092,0.7530505071568419,0.7631345389657317,0.7502567050608434
2023-06-01 02:00:00,0.7188330129843524,0.7288008573151695,0.7262215621708368,0.7080359207341268
2023-06-01 03:00:00,0.6684473459740757,0.6934091265869492,0.6787988437495597,0.6570651595884087
2023-06-01 04:00:00,0.6133172249163388,0.6239698824240357,0.6173363428734318,0.6101351321961992
2023-06-01 05:00:00,0.48023694174614934,0.4943219817294198,0.48445541351295074,0.480695637894395
2023-06-01 06:00:00,0.28240877206431775,0.2927119461347292,0.2853755211178378,0.28350333648651443
2023-06-01 07:00:00,0.0,0.0,0.0,0.0
2023-06-01 08:00:00,0.0,0.0,0.0,0.0
2023-06-01 09:00:00,0.0,0.0,0.0,0.0
2023-06-01 10:00:00,0.0,0.0,0.0,0.0
2023-06-01 11:00:00,0.0,0.0,0.0,0.0
2023-06-01 12:00:00,0.0,0.0,0.0,0.0
2023-06-01 13:00:00,0.0,0.0,0.0,0.0
2023-06-01 14:00:00,0.0,0.0,0.0,0.0
2023-06-01 15:00:00,0.0,0.0,0.0,0.0
2023-06-01 16:00:00,0.30835674423793885,0.3294119886103708,0.31558321409698153,0.3049146319507832
2023-06-01 17:00:00,0.5068935369550681,0.5304532096259215,0.5159229897949249,0.5009187743824652
2023-06-01 18:00:00,0.6252221461487389,0.6476545318815942,0.6336625906967703,0.6154216213015045
2023-06-01 19:00:00,0.6751108862010079,0.7078608006994492,0.6880223614944058,0.6617287220604943
2023-06-01 20:00:00,0.7138108420905307,0.7353185430975667,0.720794380993756,0.7116855440952726
2023-06-01 21:00:00,0.7509883387219798,0.7554825079013402,0.7542846039059636,0.7403140531985732
2023-06-01 22:00:00,0.7407633805232207,0.7638397751636794,0.7514903551308012,0.7209454903758185
2023-06-01 23:00:00,0.7331933030056961,0.7587363597017748,0.7420454667140788,0.6977251504711343
2023-06-02 00:00:00,0.6567912075915049,0.7180139448167124,0.6709171239044566,0.6036608632109387
2023-06-02 01:00:00,0.6418658091194162,0.724592667820983,0.665087580311277,0.5753749253883796
2023-06-02 02:00:00,0.6186233922000205,0.6902054411843537,0.6329078974893732,0.5272465721538254
2023-06-02 03:00:00,0.5326104962349941,0.6057553284996208,0.5396840183284296,0.405666145873856
2023-06-02 04:00:00,0.5451237468468927,0.5846659586371507,0.5576144438333417,0.5178331366289496
2023-06-02 05:00:00,0.43883718066041494,0.45413534388212784,0.4429230593091713,0.4287869830565061
2023-06-02 06:00:00,0.27029437041772647,0.2689923102292578,0.2691222063570627,0.26708662631292396
2023-06-02 07:00:00,0.0,0.0,0.0,0.0
2023-06-02 08:00:00,0.0,0.0,0.0,0.0
2023-06-02 09:00:00,0.0,0.0,0.0,0.0
2023-06-02 10:00:00,0.0,0.0,0.0,0.0
2023-06-02 11:00:00,0.0,0.0,0.0,0.0
2023-06-02 12:00:00,0.0,0.0,0.0,0.0
2023-06-02 13:00:00,0.0,0.0,0.0,0.0
2023-06-02 14:00:00,0.0,0.0,0.0,0.0
2023-06-02 15:00:00,0.0,0.0,0.0,0.0
2023-06-02 16:00:00,0.2943816387164014,0.3021508542561775,0.2926917863066668,0.2902641197884408
2023-06-02 17:00:00,0.5131395601569831,0.5024854971885143,0.50963389941007,0.510410009868863
2023-06-02 18:00:00,0.6056496749465657,0.5855833538051309,0.5969281015463688,0.5919750807057563
2023-06-02 19:00:00,0.660317285872114,0.6580471741081219,0.6601707554157952,0.6554617335143639
2023-06-02 20:00:00,0.7066513063461795,0.6859943048490961,0.7026432130524127,0.700399573254149
2023-06-02 21:00:00,0.7362011634493841,0.7170376467202297,0.7367322525460669,0.73082849154178
2023-06-02 22:00:00,0.7485510186367109,0.7273545560217992,0.7491222007974792,0.742285840777723
2023-06-02 23:00:00,0.7312311048906142,0.689989165877683,0.7200381882617592,0.7230685355813935
2023-06-03 00:00:00,0.6952604525598622,0.6743403960062962,0.6909161771642175,0.6933882242561019
2023-06-03 01:00:00,0.6046342016681848,0.668746210579402,0.6248366306204141,0.6099530903221373
2023-06-03 02:00:00,0.5944060661998901,0.660309296016737,0.615272403582937,0.5889749706541338
2023-06-03 03:00:00,0.6372448656586348,0.6638004052706483,0.6503943877564838,0.642817008256202
2023-06-03 04:00:00,0.5240539410765866,0.5795819533223076,0.5351599273904786,0.49645392338213723
2023-06-03 05:00:00,0.33466420112827344,0.4310282444220368,0.3518125780798671,0.3045157801793992
2023-06-03 06:00:00,0.14654797470555322,0.19736785052858918,0.16025941379199846,0.12043580282683715
2023-06-03 07:00:00,0.0,0.0,0.0,0.0
2023-06-03 08:00:00,0.0,0.0,0.0,0.0
2023-06-03 09:00:00,0.0,0.0,0.0,0.0
2023-06-03 10:00:00,0.0,0.0,0.0,0.0
2023-06-03 11:00:00,0.0,0.0,0.0,0.0
2023-06-03 12:00:00,0.0,0.0,0.0,0.0
2023-06-03 13:00:00,0.0,0.0,0.0,0.0
2023-06-03 14:00:00,0.0,0.0,0.0,0.0
2023-06-03 15:00:00,0.0,0.0,0.0,0.0
2023-06-03 16:00:00,0.29524940115406456,0.28510547744039605,0.29322046174759864,0.2923764478827673
2023-06-03 17:00:00,0.5000965483052288,0.4878121564667202,0.49785796539503624,0.5003968689977475
2023-06-03 18:00:00,0.6205843786760273,0.6109997943907572,0.6189686351916008,0.6188337028494999
2023-06-03 19:00:00,0.6844349909331742,0.6777710053648694,0.6826234276212686,0.6812726590357204
2023-06-03 20:00:00,0.7288482398942917,0.7201214455881256,0.7271520038599285,0.7224377670992688
2023-06-03 21:00:00,0.753866971455729,0.7434851102008465,0.7518158141380915,0.7450406887413953
2023-06-03 22:00:00,0.768308210022362,0.7576832246116746,0.7659350627005812,0.7574027242737761
2023-06-03 23:00:00,0.7737950723715666,0.7485369169711086,0.7694131738339107,0.7624102678049688
2023-06-04 00:00:00,0.7679112048697531,0.7295225606604637,0.760813889743147,0.7515154709175805
2023-06-04 01:00:00,0.7583856672706512,0.6959708931674976,0.7502197333835545,0.724107849810272
2023-06-04 02:00:00,0.7293687814994804,0.6889448844171056,0.7182890144190583,0.6847391898021816
2023-06-04 03:00:00,0.6914766452556425,0.6736891006999898,0.6812582328639978,0.6537809936700164
2023-06-04 04:00:00,0.6327195903596955,0.6060876509780044,0.6279285798433869,0.6135289006973651
2023-06-04 05:00:00,0.5036940567057274,0.49594415258039043,0.4995799360415093,0.4859974179738487
2023-06-04 06:00:00,0.3017387800461305,0.29278053422461386,0.300234011553309,0.29482516121427677
2023-06-04 07:00:00,0.0,0.0,0.0,0.0
2023-06-04 08:00:00,0.0,0.0,0.0,0.0
2023-06-04 09:00:00,0.0,0.0,0.0,0.0
2023-06-04 10:00:00,0.0,0.0,0.0,0.0
2023-06-04 11:00:00,0.0,0.0,0.0,0.0
2023-06-04 12:00:00,0.0,0.0,0.0,0.0
2023-06-04 13:00:00,0.0,0.0,0.0,0.0
2023-06-04 14:00:00,0.0,0.0,0.0,0.0
2023-06-04 15:00:00,0.0,0.0,0.0,0.0
2023-06-04 16:00:00,0.36744204984700546,0.35843199251827307,0.36493503018592727,0.3721847059564545
2023-06-04 17:00:00,0.5770908347044327,0.5699402223022706,0.5752945726646554,0.5819855467232226
2023-06-04 18:00:00,0.6920704471467515,0.6895641990403781,0.691458648356615,0.6943835619012875
2023-06-04 19:00:00,0.752365364258782,0.750750663835776,0.752208108593218,0.7520203561835263
2023-06-04 20:00:00,0.7854319184414279,0.7813277340260862,0.7848431876297361,0.781859932813815
2023-06-04 21:00:00,0.8063279181861557,0.801580225683202,0.8056808885960414,0.7999297370643168
2023-06-04 22:00:00,0.8161908593723926,0.8115645256951609,0.8157834870260305,0.8075546815593526
2023-06-04 23:00:00,0.8169362111869861,0.8131135962605055,0.816717354840601,0.8070370815989095
2023-06-05 00:00:00,0.8080271964844074,0.8051923954775377,0.8078041425705459,0.7970834995443381
2023-06-05 01:00:00,0.7935307955327207,0.7904640151262828,0.7929950155928509,0.7830158746104954
2023-06-05 02:00:00,0.767262695383461,0.765077846870887,0.7667605047839108,0.7578174635799794
2023-06-05 03:00:00,0.7253474533177876,0.7258812728942908,0.7253071751814965,0.7176269820151117
2023-06-05 04:00:00,0.6519871032055031,0.6539450987132187,0.6521720087598302,0.6466997104844227
2023-06-05 05:00:00,0.5164863923839308,0.5197390898959564,0.5169980573273254,0.5147938134541982
2023-06-05 06:00:00,0.3038832731800894,0.3054333717522039,0.3037721594323815,0.3046891551120983
2023-06-05 07:00:00,0.0,0.0,0.0,0.0
2023-06-05 08:00:00,0.0,0.0,0.0,0.0
2023-06-05 09:00:00,0.0,0.0,0.0,0.0
2023-06-05 10:00:00,0.0,0.0,0.0,0.0
2023-06-05 11:00:00,0.0,0.0,0.0,0.0
2023-06-05 12:00:00,0.0,0.0,0.0,0.0
2023-06-05 13:00:00,0.0,0.0,0.0,0.0
2023-06-05 14:00:00,0.0,0.0,0.0,0.0
2023-06-05 15:00:00,0.0,0.0,0.0,0.0
2023-06-05 16:00:00,0.03492744368504855,0.04871413925986543,0.033492495356562534,0.023596109214129673
2023-06-05 17:00:00,0.12307011246355455,0.09584013743799351,0.11446160489066454,0.15931035449967912
2023-06-05 18:00:00,0.3709001170570561,0.3855766844722508,0.3812101676409878,0.3788847194956018
2023-06-05 19:00:00,0.5163311770139795,0.505986335270369,0.5018228172951475,0.5446300587711446
2023-06-05 20:00:00,0.6873357142600341,0.670768442588527,0.6830052004375289,0.6792093116555051
2023-06-05 21:00:00,0.7415739169224916,0.7609685935295082,0.7432126109455537,0.7124172469349311
2023-06-05 22:00:00,0.7291544388026869,0.7816951637384358,0.7495224710287423,0.7148603443755013
2023-06-05 23:00:00,0.7144421285195222,0.773371798948996,0.7333332101013736,0.688140952471925
2023-06-06 00:00:00,0.6382307102573254,0.7543324791965244,0.6715838248336907,0.5981592542666945
2023-06-06 01:00:00,0.6779598457799995,0.7555572294930833,0.7042672159107406,0.6726866678228447
2023-06-06 02:00:00,0.7242667805104496,0.7332844113222655,0.728862254647113,0.7230161738769714
2023-06-06 03:00:00,0.65195773104198,0.6917082503336759,0.6641830535487621,0.6691146791366789
2023-06-06 04:00:00,0.5904678397953681,0.6090426664600926,0.6013283880154427,0.5960414263508952
2023-06-06 05:00:00,0.4676242083889095,0.44421412456085224,0.4830733353948401,0.48464472740804115
2023-06-06 06:00:00,0.2599716371203827,0.26126452756922997,0.2609071833848403,0.25260421054281923
2023-06-06 07:00:00,0.0,0.0,0.0,0.0
2023-06-06 08:00:00,0.0,0.0,0.0,0.0
2023-06-06 09:00:00,0.0,0.0,0.0,0.0
2023-06-06 10:00:00,0.0,0.0,0.0,0.0
2023-06-06 11:00:00,0.0,0.0,0.0,0.0
2023-06-06 12:00:00,0.0,0.0,0.0,0.0
2023-06-06 13:00:00,0.0,0.0,0.0,0.0
2023-06-06 14:00:00,0.0,0.0,0.0,0.0
2023-06-06 15:00:00,0.0,0.0,0.0,0.0
2023-06-06 16:00:00,0.032421424583764666,0.06546618192039425,0.034111529222559764,0.019761926665044536
2023-06-06 17:00:00,0.18899879934579825,0.18655561911665478,0.1819705857491064,0.18228542950984014
2023-06-06 18:00:00,0.3406726355461635,0.21544065184721148,0.30466624931597003,0.3340434709791316
2023-06-06 19:00:00,0.49242069622515167,0.3191672439065123,0.4395261412582252,0.4772663685440636
2023-06-06 20:00:00,0.6042081374350944,0.4321833439398157,0.5625092383340402,0.6182780423276569
2023-06-06 21:00:00,0.7313546664426704,0.6236389055961922,0.7116941864861818,0.7377509311294075
2023-06-06 22:00:00,0.7650402560122486,0.6865693309308009,0.7555522352752859,0.772337620766503
2023-06-06 23:00:00,0.7618801850306625,0.6935195852670485,0.7507641721018703,0.7680338361988079
2023-06-07 00:00:00,0.7731892697434173,0.7464165309786482,0.7685866552244596,0.777194546074503
2023-06-07 01:00:00,0.7702836968216396,0.736931025856621,0.7678539784756906,0.7786394731923868
2023-06-07 02:00:00,0.7487580134023686,0.714035495453222,0.7489157412202752,0.7615092008613263
2023-06-07 03:00:00,0.7209364900914169,0.7091277221841228,0.7264259962704218,0.7339909123397531
2023-06-07 04:00:00,0.6507128512759065,0.6679422873329672,0.6588575297508263,0.6625987648917586
2023-06-07 05:00:00,0.5195042245930547,0.540306885443811,0.5275265858207934,0.5316338309413179
2023-06-07 06:00:00,0.30980754171192054,0.32537670565376214,0.3159695557292404,0.3198539005071466
2023-06-07 07:00:00,0.0,0.0,0.0,0.0
2023-06-07 08:00:00,0.0,0.0,0.0,0.0
2023-06-07 09:00:00,0.0,0.0,0.0,0.0
2023-06-07 10:00:00,0.0,0.0,0.0,0.0
2023-06-07 11:00:00,0.0,0.0,0.0,0.0
2023-06-07 12:00:00,0.0,0.0,0.0,0.0
2023-06-07 13:00:00,0.0,0.0,0.0,0.0
2023-06-07 14:00:00,0.0,0.0,0.0,0.0
2023-06-07 15:00:00,0.0,0.0,0.0,0.0
2023-06-07 16:00:00,0.36420824778079514,0.3546006290357992,0.3615373858119781,0.36667825634012235
2023-06-07 17:00:00,0.5754120340883603,0.568023263223505,0.5733388267793865,0.5780875749568244
2023-06-07 18:00:00,0.6902964791460483,0.6881680169147254,0.6892441867146684,0.6925257048363199
2023-06-07 19:00:00,0.7484614780625826,0.7472319310713047,0.7477616201589528,0.7489920028305769
2023-06-07 20:00:00,0.7799496795046768,0.7772347437914763,0.779088452378808,0.7794040115264494
2023-06-07 21:00:00,0.7977072311531543,0.7960365238175965,0.7972818979014927,0.7975757991643122
2023-06-07 22:00:00,0.8026666355800026,0.8046505767535921,0.803559585747887,0.802700550170921
2023-06-07 23:00:00,0.7932665598192216,0.8075343647132985,0.7985899243600736,0.802056031695591
2023-06-08 00:00:00,0.793207283149662,0.7756785687511698,0.7989861878455513,0.7984279926710737
2023-06-08 01:00:00,0.7574543247179494,0.7506735800590515,0.7701642802514381,0.7668255980891429
2023-06-08 02:00:00,0.7273420325583843,0.7537268831430137,0.7388389348682946,0.7531511686340847
2023-06-08 03:00:00,0.6653460740970761,0.7213381515944545,0.6909407279967996,0.6776689678952783
2023-06-08 04:00:00,0.6383114557415247,0.6579206943302537,0.6463517879235605,0.6579174714294086
2023-06-08 05:00:00,0.5238651513823404,0.5412137720090388,0.5314391826202782,0.5340167359670608
2023-06-08 06:00:00,0.3125948788452196,0.3281839243930864,0.3187583324073118,0.3207782804063752
2023-06-08 07:00:00,0.0,0.0,0.0,0.0
2023-06-08 08:00:00,0.0,0.0,0.0,0.0
2023-06-08 09:00:00,0.0,0.0,0.0,0.0
2023-06-08 10:00:00,0.0,0.0,0.0,0.0
2023-06-08 11:00:00,0.0,0.0,0.0,0.0
2023-06-08 12:00:00,0.0,0.0,0.0,0.0
2023-06-08 13:00:00,0.0,0.0,0.0,0.0
2023-06-08 14:00:00,0.0,0.0,0.0,0.0
2023-06-08 15:00:00,0.0,0.0,0.0,0.0
2023-06-08 16:00:00,0.10829967636323161,0.2604846292933064,0.15309432862383385,0.1333283305540794
2023-06-08 17:00:00,0.1400585837339492,0.3751551844037548,0.1980893702823412,0.18261888527648207
2023-06-08 18:00:00,0.2307176287476215,0.4547139604510424,0.28323289116858036,0.25053420776494373
2023-06-08 19:00:00,0.41155990891098976,0.39977693393034724,0.3881634269551595,0.4070366395276699
2023-06-08 20:00:00,0.4730469299688464,0.4711754222471085,0.4385250231562189,0.4251056267968969
2023-06-08 21:00:00,0.5786127994279971,0.5348201176199457,0.5443114946485683,0.5247769284345157
2023-06-08 22:00:00,0.707557165952553,0.7312232209347842,0.7323636813837608,0.7105207383676447
2023-06-08 23:00:00,0.7030887934201863,0.7064045093032846,0.7276037326160749,0.7333676405183027
2023-06-09 00:00:00,0.5904066134537714,0.618445479806404,0.6164632454641831,0.6439983794779325
2023-06-09 01:00:00,0.49082217497023023,0.5472148144808581,0.5137291903102349,0.53486531429338
2023-06-09 02:00:00,0.43464420764921846,0.554717959542013,0.4797472507401846,0.45109917939463334
2023-06-09 03:00:00,0.22682866088913142,0.38815594921438734,0.27842666375222147,0.31692694922173964
2023-06-09 04:00:00,0.256414348518115,0.4064908938813032,0.30289690048763307,0.3230970458111157
2023-06-09 05:00:00,0.27281901587547525,0.4454307636866752,0.3315550504756917,0.32319236781095567
2023-06-09 06:00:00,0.1862112318337609,0.2389522981361222,0.20562393746132207,0.22069630535242565
2023-06-09 07:00:00,0.0,0.0,0.0,0.0
2023-06-09 08:00:00,0.0,0.0,0.0,0.0
2023-06-09 09:00:00,0.0,0.0,0.0,0.0
2023-06-09 10:00:00,0.0,0.0,0.0,0.0
2023-06-09 11:00:00,0.0,0.0,0.0,0.0
2023-06-09 12:00:00,0.0,0.0,0.0,0.0
2023-06-09 13:00:00,0.0,0.0,0.0,0.0
2023-06-09 14:00:00,0.0,0.0,0.0,0.0
2023-06-09 15:00:00,0.0,0.0,0.0,0.0
2023-06-09 16:00:00,0.228180443446217,0.2931502243545326,0.2501934778752179,0.245813674722721
2023-06-09 17:00:00,0.47430005271467524,0.5077400710131073,0.48706984375510287,0.5011974506366502
2023-06-09 18:00:00,0.6530728436104458,0.6482596461008798,0.6572352683197742,0.6627888988684885
2023-06-09 19:00:00,0.721106241994082,0.7142543699220921,0.7215860129956959,0.7243350105176724
2023-06-09 20:00:00,0.7505173085035822,0.751799402469605,0.7552928344391499,0.754037359701916
2023-06-09 21:00:00,0.6820809519995019,0.7119507129515474,0.7022884469831231,0.6826912692184655
2023-06-09 22:00:00,0.525983354665159,0.6534733562619287,0.5856581123992557,0.5659824051789569
2023-06-09 23:00:00,0.514758082447543,0.6255156921251129,0.5732745293703132,0.5655816919551494
2023-06-10 00:00:00,0.6562055625477782,0.6606081648080111,0.666716285137344,0.696609837248301
2023-06-10 01:00:00,0.6682208846955868,0.679532862783601,0.7053355278605589,0.6907909312755535
2023-06-10 02:00:00,0.5013819731725849,0.4667924713161853,0.515939706267655,0.5656378907088487
2023-06-10 03:00:00,0.4519170300089069,0.3773270983269514,0.43480391960342557,0.5171500423679012
2023-06-10 04:00:00,0.5061785071159263,0.4734672793008475,0.505956426168564,0.5391709116412126
2023-06-10 05:00:00,0.46194501764936535,0.4796583645035771,0.4679668366876967,0.47919260961372495
2023-06-10 06:00:00,0.2882055795401578,0.2887749857255562,0.28763277804561094,0.2977713224708646
2023-06-10 07:00:00,0.0,0.0,0.0,0.0
2023-06-10 08:00:00,0.0,0.0,0.0,0.0
2023-06-10 09:00:00,0.0,0.0,0.0,0.0
2023-06-10 10:00:00,0.0,0.0,0.0,0.0
2023-06-10 11:00:00,0.0,0.0,0.0,0.0
2023-06-10 12:00:00,0.0,0.0,0.0,0.0
2023-06-10 13:00:00,0.0,0.0,0.0,0.0
2023-06-10 14:00:00,0.0,0.0,0.0,0.0
2023-06-10 15:00:00,0.0,0.0,0.0,0.0
2023-06-10 16:00:00,0.3017113452969002,0.3153076513750843,0.30685645139894313,0.29840858772664164
2023-06-10 17:00:00,0.5175741133002533,0.5112160705839303,0.516236967889292,0.513612417617345
2023-06-10 18:00:00,0.6217695292735562,0.6233072893308019,0.62384251619915,0.6319913938398476
2023-06-10 19:00:00,0.7011625149924928,0.6874422754417125,0.697525332716527,0.6993853679067308
2023-06-10 20:00:00,0.7213642495733842,0.7100464864414433,0.7150096520270173,0.7121560842575295
2023-06-10 21:00:00,0.7518078681422616,0.7565580811104913,0.752098980005742,0.7454439832023638
2023-06-10 22:00:00,0.7722715383719226,0.7721280329482129,0.7736601574698992,0.7633984157015136
2023-06-10 23:00:00,0.7567501234756563,0.7642036098468553,0.7584227711731254,0.7291166380510248
2023-06-11 00:00:00,0.7433090788677981,0.7587825649102585,0.7508667033094336,0.7206810763771717
2023-06-11 01:00:00,0.7227278053460374,0.6934772177622484,0.7160986803694028,0.7136672460632983
2023-06-11 02:00:00,0.7226189172385887,0.6632029547017547,0.7205848943660897,0.7239712049085479
2023-06-11 03:00:00,0.6111495973963949,0.5151166554177246,0.596684528691632,0.586874993484182
2023-06-11 04:00:00,0.4586002603457242,0.2828717400338484,0.4220517584321528,0.39631518146283523
2023-06-11 05:00:00,0.24124127568590856,0.1745825083192305,0.22938433960632726,0.20551195773249856
2023-06-11 06:00:00,0.21109157468289466,0.17416516983144914,0.2027570938763476,0.20086535249842927
2023-06-11 07:00:00,0.0,0.0,0.0,0.0
2023-06-11 08:00:00,0.0,0.0,0.0,0.0
2023-06-11 09:00:00,0.0,0.0,0.0,0.0
2023-06-11 10:00:00,0.0,0.0,0.0,0.0
2023-06-11 11:00:00,0.0,0.0,0.0,0.0
2023-06-11 12:00:00,0.0,0.0,0.0,0.0
2023-06-11 13:00:00,0.0,0.0,0.0,0.0
2023-06-11 14:00:00,0.0,0.0,0.0,0.0
2023-06-11 15:00:00,0.0,0.0,0.0,0.0
2023-06-11 16:00:00,0.11459487644195838,0.02421858882822965,0.09412964720047531,0.06763400941211609
2023-06-11 17:00:00,0.12172091581238038,0.05013062015133387,0.10340526952150277,0.06868806804175191
2023-06-11 18:00:00,0.12012670688051597,0.12062608094066873,0.11502407210426685,0.08946780607647394
2023-06-11 19:00:00,0.21424051934027166,0.27743469414396865,0.22183129126313728,0.1874763723138588
2023-06-11 20:00:00,0.43670230603391363,0.4886566286397718,0.4563421860322141,0.3928679256132412
2023-06-11 21:00:00,0.445217461202523,0.48812298029006995,0.46197360595442155,0.4118798687378818
2023-06-11 22:00:00,0.5307863248352821,0.47656964095848603,0.5289544569384194,0.45742322441200306
2023-06-11 23:00:00,0.45751407254291426,0.38065881979932986,0.4411075865446359,0.3820446597843041
2023-06-12 00:00:00,0.46797499900493905,0.37992857175569733,0.44447412985742757,0.4035420271042092
2023-06-12 01:00:00,0.302962003143001,0.17816885718216668,0.265410010642008,0.22677539250853662
2023-06-12 02:00:00,0.1314093006609335,0.08953528026496327,0.11468277313026984,0.11597243607784163
2023-06-12 03:00:00,0.0512619102849362,0.03350968286466927,0.043899374847037126,0.044062427198844366
2023-06-12 04:00:00,0.02874893357513349,0.02066781994268399,0.026974107126748935,0.027429880310484225
2023-06-12 05:00:00,0.005055821462491308,0.004101091124841532,0.004667522981213672,0.0050212442816839195
2023-06-12 06:00:00,0.0,0.0,0.0,0.0
2023-06-12 07:00:00,0.0,0.0,0.0,0.0
2023-06-12 08:00:00,0.0,0.0,0.0,0.0
2023-06-12 09:00:00,0.0,0.0,0.0,0.0
2023-06-12 10:00:00,0.0,0.0,0.0,0.0
2023-06-12 11:00:00,0.0,0.0,0.0,0.0
2023-06-12 12:00:00,0.0,0.0,0.0,0.0
2023-06-12 13:00:00,0.0,0.0,0.0,0.0
2023-06-12 14:00:00,0.0,0.0,0.0,0.0
2023-06-12 15:00:00,0.0,0.0,0.0,0.0
2023-06-12 16:00:00,0.00011018230593566729,0.0003807038060868241,0.00016527345890350096,0.00019816443839685866
2023-06-12 17:00:00,0.011872755077839825,0.01358751653214313,0.012416415527754635,0.010012853813588109
2023-06-12 18:00:00,0.06658299308185255,0.07314340546690391,0.06956952555101648,0.06255740598841808
2023-06-12 19:00:00,0.17443058745579534,0.2605106667473491,0.18939837539063117,0.15789322539622033
2023-06-12 20:00:00,0.3385400996215899,0.4697158789178187,0.37990105744418035,0.32226740163375117
2023-06-12 21:00:00,0.4394982587260217,0.5125313048612105,0.4687814510799386,0.3989477723346977
2023-06-12 22:00:00,0.5725106874382561,0.5745658033229478,0.5857122040123908,0.5548074976721558
2023-06-12 23:00:00,0.5056250889071743,0.49790472829323834,0.505797414601447,0.5092366577984198
2023-06-13 00:00:00,0.3696912515256499,0.26332046933168296,0.34448721106764557,0.31523934200350423
2023-06-13 01:00:00,0.39644660109373686,0.29371794098273024,0.36152191108418164,0.32882792434019326
2023-06-13 02:00:00,0.3845490822838748,0.21467203296796478,0.34150033218355913,0.2793904976332658
2023-06-13 03:00:00,0.16513029605076576,0.10026560076905161,0.12950439165351466,0.11318612841183988
2023-06-13 04:00:00,0.04368175120441218,0.05456862679040797,0.03676744515262232,0.027550377893480568
2023-06-13 05:00:00,0.019389613467404875,0.028993794720561458,0.02085425066730412,0.013759047856887294
2023-06-13 06:00:00,0.035944430046797676,0.08273412830660459,0.052769760835827045,0.03641942755264964
2023-06-13 07:00:00,0.0,0.0,0.0,0.0
2023-06-13 08:00:00,0.0,0.0,0.0,0.0
2023-06-13 09:00:00,0.0,0.0,0.0,0.0
2023-06-13 10:00:00,0.0,0.0,0.0,0.0
2023-06-13 11:00:00,0.0,0.0,0.0,0.0
2023-06-13 12:00:00,0.0,0.0,0.0,0.0
2023-06-13 13:00:00,0.0,0.0,0.0,0.0
2023-06-13 14:00:00,0.0,0.0,0.0,0.0
2023-06-13 15:00:00,0.0,0.0,0.0,0.0
2023-06-13 16:00:00,0.3064427440109427,0.30246350201524025,0.31290438365688267,0.3241018674681021
2023-06-13 17:00:00,0.5233885032692381,0.44842100183668726,0.5220725734477257,0.5231623136774716
2023-06-13 18:00:00,0.6347718483818059,0.5527000182320988,0.6194486270953248,0.6243994871623647
2023-06-13 19:00:00,0.6598115929310642,0.48710327377090556,0.6259682728459857,0.6530867850352706
2023-06-13 20:00:00,0.6434451630487557,0.3860527779909226,0.587349546180165,0.6223899107893316
2023-06-13 21:00:00,0.5969601846109142,0.4378000798205281,0.5517538095626239,0.5491880089058444
2023-06-13 22:00:00,0.5229887836558973,0.4192691567194505,0.48889054184611636,0.4664128101408321
2023-06-13 23:00:00,0.563934026220279,0.5651641706657256,0.5661776080995782,0.47530252430648273
2023-06-14 00:00:00,0.38333382461943577,0.5238710542209484,0.40968681638420856,0.3212230552261138
2023-06-14 01:00:00,0.5537498528295537,0.6010146568109883,0.5632522713904109,0.5168528207006978
2023-06-14 02:00:00,0.6569089973753891,0.6368104110743359,0.6503348596967121,0.634566365262284
2023-06-14 03:00:00,0.5394109812817733,0.5097772748779416,0.5448452382435438,0.5388825772756518
2023-06-14 04:00:00,0.456001296369511,0.40025354573096683,0.45296315552453714,0.46002442354591366
2023-06-14 05:00:00,0.27177324924697926,0.3449711779495928,0.29705363051238204,0.24019025012380477
2023-06-14 06:00:00,0.17792653390123714,0.24604808136198153,0.20043477182554487,0.1853737516607612
2023-06-14 07:00:00,0.0,0.0,0.0,0.0
2023-06-14 08:00:00,0.0,0.0,0.0,0.0
2023-06-14 09:00:00,0.0,0.0,0.0,0.0
2023-06-14 10:00:00,0.0,0.0,0.0,0.0
2023-06-14 11:00:00,0.0,0.0,0.0,0.0
2023-06-14 12:00:00,0.0,0.0,0.0,0.0
2023-06-14 13:00:00,0.0,0.0,0.0,0.0
2023-06-14 14:00:00,0.0,0.0,0.0,0.0
2023-06-14 15:00:00,0.0,0.0,0.0,0.0
2023-06-14 16:00:00,0.20500732758012907,0.22309016719515573,0.211999537240336,0.21511979401607254
2023-06-14 17:00:00,0.42741589081695447,0.4402658507509833,0.4406544206409123,0.42644981881514993
2023-06-14 18:00:00,0.5555317991832313,0.53176409069795,0.5555532386877237,0.55699208776486
2023-06-14 19:00:00,0.6227626960971064,0.6375325698105102,0.6371027583696227,0.642975600168648
2023-06-14 20:00:00,0.6450256981748798,0.6249578391133529,0.646976439399701,0.6546329232610236
2023-06-14 21:00:00,0.676888378935542,0.5570538860371853,0.6466324682430433,0.6604857445866253
2023-06-14 22:00:00,0.6534716544439493,0.6194779262594867,0.6571080525345925,0.6445763080451465
2023-06-14 23:00:00,0.5755367736110834,0.5365585400827766,0.5816153036887363,0.5886971368716077
2023-06-15 00:00:00,0.6440020621419208,0.6387421075602792,0.6627107770220431,0.6564775862207481
2023-06-15 01:00:00,0.7095306377163214,0.6847743835649803,0.7199041343883639,0.7208977492001004
2023-06-15 02:00:00,0.6510658225366216,0.6432629850015026,0.6725273633438829,0.6667044909221573
2023-06-15 03:00:00,0.49209173410917734,0.6084484943948761,0.5573194374041703,0.5282556505169174
2023-06-15 04:00:00,0.486644198149399,0.6149937982002406,0.5388444690125257,0.5072274985460056
2023-06-15 05:00:00,0.4877059559183314,0.4918060504272015,0.5010130464519187,0.49803384489334346
2023-06-15 06:00:00,0.2919653783038018,0.2995232958013347,0.29895982135985466,0.30607136948859354
2023-06-15 07:00:00,0.0,0.0,0.0,0.0
2023-06-15 08:00:00,0.0,0.0,0.0,0.0
2023-06-15 09:00:00,0.0,0.0,0.0,0.0
2023-06-15 10:00:00,0.0,0.0,0.0,0.0
2023-06-15 11:00:00,0.0,0.0,0.0,0.0
2023-06-15 12:00:00,0.0,0.0,0.0,0.0
2023-06-15 13:00:00,0.0,0.0,0.0,0.0
2023-06-15 14:00:00,0.0,0.0,0.0,0.0
2023-06-15 15:00:00,0.0,0.0,0.0,0.0
2023-06-15 16:00:00,0.11105059391177687,0.25524539292949666,0.15349362318681842,0.12948488158737928
2023-06-15 17:00:00,0.19300101375996537,0.3788132375270174,0.23930941612685847,0.222409124292664
2023-06-15 18:00:00,0.4196517169033669,0.55977610064964,0.4652953976245632,0.4057502604325756
2023-06-15 19:00:00,0.5299570990495351,0.5756124180689196,0.5528056708498672,0.4863535847152984
2023-06-15 20:00:00,0.50378790820381,0.5413037083588937,0.5159935525306579,0.47783283066189464
2023-06-15 21:00:00,0.46798679658154674,0.5232022241941642,0.47698080748782556,0.45058611538908727
2023-06-15 22:00:00,0.4215455006930721,0.48662487297521023,0.43416543654837925,0.4057111587113769
2023-06-15 23:00:00,0.4841407533468551,0.63239953991711,0.5277895506070519,0.44650372747309275
2023-06-16 00:00:00,0.44438539873607646,0.48001840503112975,0.4481738214576034,0.3961196910703273
2023-06-16 01:00:00,0.39891951557468225,0.4382764572704298,0.3947529054264186,0.3466767774442385
2023-06-16 02:00:00,0.3813099862281035,0.3993139392237224,0.3851437684694684,0.3532972489474391
2023-06-16 03:00:00,0.4662334444708172,0.5091258132995691,0.4888901682501623,0.4556257097059619
2023-06-16 04:00:00,0.39214467422812377,0.3260127229224274,0.39456943391094085,0.4270815882963186
2023-06-16 05:00:00,0.10797231138294577,0.02727721236370609,0.07961535470030959,0.09407645827548101
2023-06-16 06:00:00,0.00400397846954025,0.0031706173839915856,0.0037808942169898045,0.0032730276765059805
2023-06-16 07:00:00,0.0,0.0,0.0,0.0
2023-06-16 08:00:00,0.0,0.0,0.0,0.0
2023-06-16 09:00:00,0.0,0.0,0.0,0.0
2023-06-16 10:00:00,0.0,0.0,0.0,0.0
2023-06-16 11:00:00,0.0,0.0,0.0,0.0
2023-06-16 12:00:00,0.0,0.0,0.0,0.0
2023-06-16 13:00:00,0.0,0.0,0.0,0.0
2023-06-16 14:00:00,0.0,0.0,0.0,0.0
2023-06-16 15:00:00,0.0,0.0,0.0,0.0
2023-06-16 16:00:00,0.10911607196727535,0.13642596157319029,0.1182445852646199,0.14123232936737992
2023-06-16 17:00:00,0.2884267151527531,0.3752954637000909,0.31253987035044917,0.34494227423490953
2023-06-16 18:00:00,0.3715885765759155,0.42660533850516785,0.3786790628983114,0.4424563753838034
2023-06-16 19:00:00,0.5391087089177455,0.616796311210127,0.5589716049062254,0.5827633730331035
2023-06-16 20:00:00,0.6477120839332472,0.7112747250642965,0.6718342540670562,0.6630828274375363
2023-06-16 21:00:00,0.648774417602939,0.7368577862467639,0.6770452930766199,0.6476648564321371
2023-06-16 22:00:00,0.6563630057671473,0.699543888391929,0.6932432641180675,0.6739803021019776
2023-06-16 23:00:00,0.5945538413772263,0.6951889756895279,0.6348375535526611,0.5969094563727338
2023-06-17 00:00:00,0.4726990041866555,0.533389992966744,0.48447447200104743,0.4619177655219806
2023-06-17 01:00:00,0.5358234513526992,0.5946028732329202,0.565482011816389,0.49334444620026535
2023-06-17 02:00:00,0.4351770709764196,0.5342935578963558,0.4730521334098301,0.4110851435749421
2023-06-17 03:00:00,0.32266199999190426,0.3722848783670853,0.3402065366281355,0.3388669680267524
2023-06-17 04:00:00,0.4743343312643648,0.5700525606008402,0.49727473820245394,0.4132881471811222
2023-06-17 05:00:00,0.44696735138718574,0.4641799212879562,0.45324576501681585,0.45725346626278457
2023-06-17 06:00:00,0.26634250932996967,0.287398586385693,0.2694267826291822,0.26374044107743716
2023-06-17 07:00:00,0.0,0.0,0.0,0.0
2023-06-17 08:00:00,0.0,0.0,0.0,0.0
2023-06-17 09:00:00,0.0,0.0,0.0,0.0
2023-06-17 10:00:00,0.0,0.0,0.0,0.0
2023-06-17 11:00:00,0.0,0.0,0.0,0.0
2023-06-17 12:00:00,0.0,0.0,0.0,0.0
2023-06-17 13:00:00,0.0,0.0,0.0,0.0
2023-06-17 14:00:00,0.0,0.0,0.0,0.0
2023-06-17 15:00:00,0.0,0.0,0.0,0.0
2023-06-17 16:00:00,0.3268993963226136,0.3135760744341094,0.3231662567565313,0.3275774796262083
2023-06-17 17:00:00,0.5365138475276462,0.5247407637387683,0.5332761041761958,0.5383013880543664
2023-06-17 18:00:00,0.6565257530673049,0.6499143922145656,0.6547693944559199,0.6587105101566607
2023-06-17 19:00:00,0.7203463766734349,0.7159187666652019,0.7196844630820745,0.7220174891649349
2023-06-17 20:00:00,0.7548388051033402,0.7492940708343134,0.754248765611703,0.7556526609057141
2023-06-17 21:00:00,0.7744782007102954,0.7688596723015899,0.7739156338925648,0.7746648022525693
2023-06-17 22:00:00,0.7846921172855136,0.7784460700481164,0.785586891701731,0.7864601559565996
2023-06-17 23:00:00,0.7865364407579492,0.7786853243724385,0.7904267978190621,0.7915901790044976
2023-06-18 00:00:00,0.7668104180865577,0.7413041076717741,0.7625705442382369,0.7709413873697359
2023-06-18 01:00:00,0.7602339579605272,0.7442160564560183,0.7620090845074472,0.7679060697703548
2023-06-18 02:00:00,0.7241119966684257,0.6821467920752854,0.7175493561221441,0.731405322977562
2023-06-18 03:00:00,0.7046427761948152,0.6952453340811462,0.7056698186256434,0.7115485807253276
2023-06-18 04:00:00,0.6404308737568715,0.6315418359432421,0.6433733665417326,0.6499870969183525
2023-06-18 05:00:00,0.5185636393611351,0.5136865087086212,0.5189729371302152,0.5262920776600658
2023-06-18 06:00:00,0.31950938303684656,0.3134857232170833,0.3197294160437598,0.3258012077206271
2023-06-18 07:00:00,0.0,0.0,0.0,0.0
2023-06-18 08:00:00,0.0,0.0,0.0,0.0
2023-06-18 09:00:00,0.0,0.0,0.0,0.0
2023-06-18 10:00:00,0.0,0.0,0.0,0.0
2023-06-18 11:00:00,0.0,0.0,0.0,0.0
2023-06-18 12:00:00,0.0,0.0,0.0,0.0
2023-06-18 13:00:00,0.0,0.0,0.0,0.0
2023-06-18 14:00:00,0.0,0.0,0.0,0.0
2023-06-18 15:00:00,0.0,0.0,0.0,0.0
2023-06-18 16:00:00,0.35105601512362733,0.3438495222513563,0.34965274696563053,0.35526006637066865
2023-06-18 17:00:00,0.542984395532793,0.5392538594492555,0.5423439742446396,0.5386050297852877
2023-06-18 18:00:00,0.6522235419895964,0.6526821346166999,0.6520759534662373,0.6477953381731786
2023-06-18 19:00:00,0.7120680553917768,0.7065813493719301,0.7105853975763232,0.7060815740964875
2023-06-18 20:00:00,0.7465442960112196,0.7494930081903206,0.7491114375366323,0.7415482438801358
2023-06-18 21:00:00,0.7776464823730329,0.7738139005674426,0.7781015391956441,0.7727647945776063
2023-06-18 22:00:00,0.7848010705752629,0.780580872997481,0.785130649065246,0.7781632566005863
2023-06-18 23:00:00,0.784145431429257,0.7810491996882666,0.7844585280999157,0.7779932845068857
2023-06-19 00:00:00,0.7808300309976342,0.7774697310556875,0.7813160401135479,0.7743214653974944
2023-06-19 01:00:00,0.7683807665858476,0.7658724285870698,0.7692427103813573,0.7629874197841616
2023-06-19 02:00:00,0.744727055303876,0.7451509408002748,0.7458439501271953,0.7397977659712697
2023-06-19 03:00:00,0.7081684900388177,0.7146512500939733,0.7108886279930744,0.7030789625390425
2023-06-19 04:00:00,0.6436783749846562,0.6414063831353732,0.6470658672100961,0.6421940643465129
2023-06-19 05:00:00,0.5193958764837331,0.5162930429412671,0.5230137918679834,0.5204311562552876
2023-06-19 06:00:00,0.3032822948313582,0.2734177975996688,0.3006682012159888,0.3045761592624628
2023-06-19 07:00:00,0.0,0.0,0.0,0.0
2023-06-19 08:00:00,0.0,0.0,0.0,0.0
2023-06-19 09:00:00,0.0,0.0,0.0,0.0
2023-06-19 10:00:00,0.0,0.0,0.0,0.0
2023-06-19 11:00:00,0.0,0.0,0.0,0.0
2023-06-19 12:00:00,0.0,0.0,0.0,0.0
2023-06-19 13:00:00,0.0,0.0,0.0,0.0
2023-06-19 14:00:00,0.0,0.0,0.0,0.0
2023-06-19 15:00:00,0.0,0.0,0.0,0.0
2023-06-19 16:00:00,0.3336436044627846,0.31706623335091316,0.33169887258884223,0.3393321979654245
2023-06-19 17:00:00,0.5330830122178932,0.5205629168107021,0.531088973408335,0.5383604639708015
2023-06-19 18:00:00,0.6493997548696695,0.6449397517601692,0.6485137368362961,0.6495559169483838
2023-06-19 19:00:00,0.7133012344677541,0.7081635804086445,0.713381499743421,0.7130395389632991
2023-06-19 20:00:00,0.7462128774009549,0.7356082340868619,0.7444207372523739,0.7410039521264187
2023-06-19 21:00:00,0.7672184047355808,0.7511564527496818,0.7660487334045808,0.7626059762857625
2023-06-19 22:00:00,0.7718067123874226,0.750743893902849,0.7690828531755837,0.764084063446815
2023-06-19 23:00:00,0.7613135627743327,0.721601251941736,0.7569394557451777,0.7534774933626213
2023-06-20 00:00:00,0.7435318637526226,0.740205660660211,0.7451723325480095,0.7341113040408483
2023-06-20 01:00:00,0.7377071584227101,0.7336996973415651,0.7409593986636631,0.7187365928605837
2023-06-20 02:00:00,0.7021332127949282,0.7104405954266504,0.7030610190054545,0.6609411161592685
2023-06-20 03:00:00,0.650923128986917,0.6674228615262723,0.6542246687940765,0.6094420270057733
2023-06-20 04:00:00,0.5829469405318884,0.6082397052263451,0.5893138533311664,0.5574979140401409
2023-06-20 05:00:00,0.4277915953101026,0.43192895321111857,0.4328521777424746,0.4119594622299387
2023-06-20 06:00:00,0.20173955629768867,0.1743947960088886,0.18981888019273768,0.18182202562103458
2023-06-20 07:00:00,0.0,0.0,0.0,0.0
2023-06-20 08:00:00,0.0,0.0,0.0,0.0
2023-06-20 09:00:00,0.0,0.0,0.0,0.0
2023-06-20 10:00:00,0.0,0.0,0.0,0.0
2023-06-20 11:00:00,0.0,0.0,0.0,0.0
2023-06-20 12:00:00,0.0,0.0,0.0,0.0
2023-06-20 13:00:00,0.0,0.0,0.0,0.0
2023-06-20 14:00:00,0.0,0.0,0.0,0.0
2023-06-20 15:00:00,0.0,0.0,0.0,0.0
2023-06-20 16:00:00,0.12743646803208605,0.12285411915924256,0.13163781504865918,0.12092955352526062
2023-06-20 17:00:00,0.2880473418693443,0.2836490954573393,0.2921316556541018,0.3158104620081969
2023-06-20 18:00:00,0.3914563162053532,0.4233068548969534,0.40254373611138794,0.3775039146592489
2023-06-20 19:00:00,0.528358940761101,0.4834518998629753,0.5164339523448372,0.5067453094578279
2023-06-20 20:00:00,0.6512734756880779,0.6130988022310735,0.635971062020275,0.62802405102483
2023-06-20 21:00:00,0.7530570739046197,0.7292699342721783,0.7491649079644978,0.7465513902765659
2023-06-20 22:00:00,0.7536016585976327,0.7463166142835599,0.7537218417620986,0.751088323916144
2023-06-20 23:00:00,0.6872177566295893,0.7238130448904868,0.6951307159324026,0.6589106453960064
2023-06-21 00:00:00,0.711092281550982,0.72924654055563,0.7112890984731384,0.6640683413931474
2023-06-21 01:00:00,0.7252922463281557,0.7135969003404972,0.7170485929294126,0.6907647778543008
2023-06-21 02:00:00,0.6847554777213046,0.6881811909501176,0.6833586543532344,0.6311694489012403
2023-06-21 03:00:00,0.6329227647325464,0.6455861656048552,0.62804166305861,0.586795915207977
2023-06-21 04:00:00,0.547215178108409,0.5820562424340044,0.5483929601813646,0.530416141979896
2023-06-21 05:00:00,0.46183677393260236,0.46480172561085237,0.4579820863552385,0.45079328554457465
2023-06-21 06:00:00,0.26477215919433555,0.25510355936330614,0.25974357999986025,0.2669066183981927
2023-06-21 07:00:00,0.0,0.0,0.0,0.0
2023-06-21 08:00:00,0.0,0.0,0.0,0.0
2023-06-21 09:00:00,0.0,0.0,0.0,0.0
2023-06-21 10:00:00,0.0,0.0,0.0,0.0
2023-06-21 11:00:00,0.0,0.0,0.0,0.0
2023-06-21 12:00:00,0.0,0.0,0.0,0.0
2023-06-21 13:00:00,0.0,0.0,0.0,0.0
2023-06-21 14:00:00,0.0,0.0,0.0,0.0
2023-06-21 15:00:00,0.0,0.0,0.0,0.0
2023-06-21 16:00:00,0.2564615698239611,0.25145034583094467,0.2547222860482365,0.2795807469344365
2023-06-21 17:00:00,0.47107896123002524,0.47934982536225235,0.47378409489072343,0.4935066670294919
2023-06-21 18:00:00,0.5861666925279058,0.6073860089433832,0.5935034162847902,0.607040323077446
2023-06-21 19:00:00,0.6816370261814163,0.6727884236208551,0.679667398449499,0.6844163981263544
2023-06-21 20:00:00,0.6769643865009921,0.6918955853609569,0.6776465815959947,0.695958371305348
2023-06-21 21:00:00,0.7260322376765843,0.7342296992746017,0.7294735194028283,0.719646311541887
2023-06-21 22:00:00,0.7238636387418463,0.7240184540846005,0.7180985717932898,0.7130901169191785
2023-06-21 23:00:00,0.6690262734108764,0.6965115725283014,0.6679927030574452,0.6662393465710367
2023-06-22 00:00:00,0.7279585849313311,0.6886665915428652,0.7132768557794427,0.6918617899488435
2023-06-22 01:00:00,0.6991866505850529,0.6301491949355825,0.6761485199288015,0.6552463101696082
2023-06-22 02:00:00,0.7081824818321664,0.6858545577994434,0.7016629285801219,0.6622453503551817
2023-06-22 03:00:00,0.6672788780029483,0.6589406368965448,0.6618029865204449,0.6306014800499719
2023-06-22 04:00:00,0.5994357459950211,0.5927371649386161,0.5933370273908793,0.5777321287644144
2023-06-22 05:00:00,0.4875311059612368,0.4744172158438004,0.482312417374113,0.4748059303294736
2023-06-22 06:00:00,0.2903196520447671,0.2893903543515511,0.2888440849039542,0.29520394026654767
2023-06-22 07:00:00,0.0,0.0,0.0,0.0
2023-06-22 08:00:00,0.0,0.0,0.0,0.0
2023-06-22 09:00:00,0.0,0.0,0.0,0.0
2023-06-22 10:00:00,0.0,0.0,0.0,0.0
2023-06-22 11:00:00,0.0,0.0,0.0,0.0
2023-06-22 12:00:00,0.0,0.0,0.0,0.0
2023-06-22 13:00:00,0.0,0.0,0.0,0.0
2023-06-22 14:00:00,0.0,0.0,0.0,0.0
2023-06-22 15:00:00,0.0,0.0,0.0,0.0
2023-06-22 16:00:00,0.1495075418750186,0.2033404196682326,0.16637565483892758,0.21159787768202853
2023-06-22 17:00:00,0.19677025478923058,0.2378597347100291,0.20668166254612041,0.28625492243779677
2023-06-22 18:00:00,0.2148890353094418,0.26226658617090315,0.2188103668574864,0.29871914492034973
2023-06-22 19:00:00,0.3413377603541308,0.38671927500642106,0.3550336446240874,0.4248135896178651
2023-06-22 20:00:00,0.3164082350052461,0.3540372787000907,0.3200857832924382,0.4156501981738148
2023-06-22 21:00:00,0.3477189933079938,0.35043145374736623,0.3448508415877538,0.4425998527190194
2023-06-22 22:00:00,0.3896748256296167,0.3772590129994149,0.37861313923175566,0.4627915483690366
2023-06-22 23:00:00,0.5393479494185632,0.6261484229169998,0.5519298834187247,0.5712410638038966
2023-06-23 00:00:00,0.5559283639885982,0.537207144492023,0.5356447030408662,0.5311234482150494
2023-06-23 01:00:00,0.679808861601277,0.6231606539857402,0.6753368567790434,0.6756325981075229
2023-06-23 02:00:00,0.5250637634279879,0.5685404697860096,0.5471944098854322,0.4963178372573344
2023-06-23 03:00:00,0.45376583985458724,0.45006731648213455,0.4755759688062208,0.41113905867057277
2023-06-23 04:00:00,0.23292122448850053,0.24333014123252283,0.23952037334349163,0.2280328899147109
2023-06-23 05:00:00,0.08812866781888046,0.08942025066300312,0.0838112228000202,0.08902600206365303
2023-06-23 06:00:00,0.08609573208794558,0.08820718473150956,0.09609409772005477,0.0979018711205168
2023-06-23 07:00:00,0.0,0.0,0.0,0.0
2023-06-23 08:00:00,0.0,0.0,0.0,0.0
2023-06-23 09:00:00,0.0,0.0,0.0,0.0
2023-06-23 10:00:00,0.0,0.0,0.0,0.0
2023-06-23 11:00:00,0.0,0.0,0.0,0.0
2023-06-23 12:00:00,0.0,0.0,0.0,0.0
2023-06-23 13:00:00,0.0,0.0,0.0,0.0
2023-06-23 14:00:00,0.0,0.0,0.0,0.0
2023-06-23 15:00:00,0.0,0.0,0.0,0.0
2023-06-23 16:00:00,0.00010192879451895354,5.8168175914738976e-05,1.1087350209091441e-05,0.0
2023-06-23 17:00:00,0.019952533663056483,0.007035755989509933,0.014509328022673915,0.010055177938151473
2023-06-23 18:00:00,0.08465445336643666,0.021993490983095044,0.06846351909587316,0.04678881639240057
2023-06-23 19:00:00,0.15615123048088772,0.13478316532006296,0.15228109523572902,0.1202323949376047
2023-06-23 20:00:00,0.3056291472583414,0.2859498779952277,0.31357941073433865,0.2575935543718041
2023-06-23 21:00:00,0.24687297420026946,0.2796476364613094,0.26704987514527057,0.2258002169384802
2023-06-23 22:00:00,0.2770224554868539,0.2964533132885873,0.3024449227727287,0.3291295012415832
2023-06-23 23:00:00,0.3036584991773899,0.38333487687265744,0.33759987449070294,0.35889655700022366
2023-06-24 00:00:00,0.2355471668952013,0.266180302348984,0.23953664420020945,0.24574264188815423
2023-06-24 01:00:00,0.2734427639077688,0.353099050663773,0.28965056221618274,0.24489992074654574
2023-06-24 02:00:00,0.15401191968390826,0.18641856531672749,0.15248115344391383,0.14795173478653534
2023-06-24 03:00:00,0.23175391025552391,0.15163527954221584,0.21068697183997614,0.14121459625168056
2023-06-24 04:00:00,0.17857671957455643,0.15239147977981846,0.1679479843223754,0.10429615063159513
2023-06-24 05:00:00,0.19183411270274076,0.10875670085268414,0.16992854891529297,0.09812495090248415
2023-06-24 06:00:00,0.10798272352622451,0.03683808724539375,0.08804884195670984,0.05016914237569395
2023-06-24 07:00:00,0.0,0.0,0.0,0.0
2023-06-24 08:00:00,0.0,0.0,0.0,0.0
2023-06-24 09:00:00,0.0,0.0,0.0,0.0
2023-06-24 10:00:00,0.0,0.0,0.0,0.0
2023-06-24 11:00:00,0.0,0.0,0.0,0.0
2023-06-24 12:00:00,0.0,0.0,0.0,0.0
2023-06-24 13:00:00,0.0,0.0,0.0,0.0
2023-06-24 14:00:00,0.0,0.0,0.0,0.0
2023-06-24 15:00:00,0.0,0.0,0.0,0.0
2023-06-24 16:00:00,0.0018896105290193603,0.010694093181427009,0.002834415793529041,0.0
2023-06-24 17:00:00,0.014349516844559434,0.07657158855334112,0.018189718265919516,0.012805342217444246
2023-06-24 18:00:00,0.10956579012638899,0.2350592965436573,0.1391058908967116,0.13734462923544863
2023-06-24 19:00:00,0.21616903576062288,0.39285854667216435,0.27019950688553596,0.2481143592957087
2023-06-24 20:00:00,0.3013664414507995,0.42255235090548543,0.3459378936919403,0.3251241725936595
2023-06-24 21:00:00,0.5145678013736322,0.5908483790312496,0.548487871772539,0.5164718072644011
2023-06-24 22:00:00,0.452307790416782,0.410662570128053,0.4459336959274497,0.4972783579292419
2023-06-24 23:00:00,0.44464038333997763,0.32509149202420445,0.4132167817119998,0.4947827860866116
2023-06-25 00:00:00,0.47209862001000785,0.5916855802638311,0.5021647361005923,0.47568940589855685
2023-06-25 01:00:00,0.5434186591460235,0.687298149142968,0.5903470615616393,0.561494088280948
2023-06-25 02:00:00,0.44988962064943055,0.5288858390391015,0.47621319680398155,0.48691210953251934
2023-06-25 03:00:00,0.47682354986418235,0.5350585965348237,0.4993736552818722,0.5137367604177075
2023-06-25 04:00:00,0.4983984811225651,0.5560641365175957,0.5227208508767376,0.5359466926026037
2023-06-25 05:00:00,0.40105249518639247,0.4625511857681181,0.42980772056301986,0.43319833371285094
2023-06-25 06:00:00,0.2424579291621154,0.278324359521724,0.2552176356202602,0.26822784228948704
2023-06-25 07:00:00,0.0,0.0,0.0,0.0
2023-06-25 08:00:00,0.0,0.0,0.0,0.0
2023-06-25 09:00:00,0.0,0.0,0.0,0.0
2023-06-25 10:00:00,0.0,0.0,0.0,0.0
2023-06-25 11:00:00,0.0,0.0,0.0,0.0
2023-06-25 12:00:00,0.0,0.0,0.0,0.0
2023-06-25 13:00:00,0.0,0.0,0.0,0.0
2023-06-25 14:00:00,0.0,0.0,0.0,0.0
2023-06-25 15:00:00,0.0,0.0,0.0,0.0
2023-06-25 16:00:00,0.23512584303814307,0.16167487191586255,0.21937178342852418,0.22249009096687797
2023-06-25 17:00:00,0.3790646415444197,0.24699762420842664,0.3519896260446317,0.37869035927762523
2023-06-25 18:00:00,0.5592174998392099,0.5088127752594361,0.5574976676225336,0.5668898105735544
2023-06-25 19:00:00,0.6535179465035541,0.6325906733654997,0.6480529669227376,0.6538856469326768
2023-06-25 20:00:00,0.6972415702361214,0.6608375455547252,0.6859670746216939,0.6963361200468375
2023-06-25 21:00:00,0.7186067945058686,0.6880066798323675,0.718345080705499,0.716533588164897
2023-06-25 22:00:00,0.7062006502510134,0.6911619726235946,0.7058464292003805,0.6858479702760509
2023-06-25 23:00:00,0.7280778236830967,0.6999107823791149,0.7302095812017004,0.7079024871301458
2023-06-26 00:00:00,0.7031649927820495,0.6794466398924928,0.7117460660367916,0.6889489085544273
2023-06-26 01:00:00,0.5911585529517213,0.4839900829075383,0.5563798674642747,0.531485645536598
2023-06-26 02:00:00,0.6514727899393608,0.5499389825439297,0.6418643670566255,0.6422212073322805
2023-06-26 03:00:00,0.5622905520115237,0.44190782246740873,0.5232520602032696,0.5296267289059865
2023-06-26 04:00:00,0.3136368283556627,0.28910844599838437,0.29479159969219637,0.3097620524664543
2023-06-26 05:00:00,0.14205307972127748,0.14185504173678062,0.14675861709033217,0.1786526988606499
2023-06-26 06:00:00,0.03401558818662839,0.005423995036390144,0.021220427319628525,0.02581796321025953
2023-06-26 07:00:00,0.0,0.0,0.0,0.0
2023-06-26 08:00:00,0.0,0.0,0.0,0.0
2023-06-26 09:00:00,0.0,0.0,0.0,0.0
2023-06-26 10:00:00,0.0,0.0,0.0,0.0
2023-06-26 11:00:00,0.0,0.0,0.0,0.0
2023-06-26 12:00:00,0.0,0.0,0.0,0.0
2023-06-26 13:00:00,0.0,0.0,0.0,0.0
2023-06-26 14:00:00,0.0,0.0,0.0,0.0
2023-06-26 15:00:00,0.0,0.0,0.0,0.0
2023-06-26 16:00:00,0.10492421453808509,0.19387798723719507,0.12960842165872064,0.09261133777304681
2023-06-26 17:00:00,0.27761570325481594,0.2475069981497996,0.28742450074086134,0.2490518937705688
2023-06-26 18:00:00,0.3200256648912012,0.2842100481830207,0.3153384847897389,0.3034474826929428
2023-06-26 19:00:00,0.5063978313751035,0.47591064938988786,0.5064020786624099,0.5044650474649256
2023-06-26 20:00:00,0.5066621610299324,0.4365805566835716,0.48921391248786406,0.4997554929947259
2023-06-26 21:00:00,0.630677902652904,0.5429857865296218,0.6314677774669348,0.6273745462572206
2023-06-26 22:00:00,0.5273179080376856,0.4067302516569246,0.5231130043720312,0.5384669615720367
2023-06-26 23:00:00,0.5832562313289159,0.21593275835180334,0.49624722619852035,0.5545331174217751
2023-06-27 00:00:00,0.6048897510249694,0.5392438800818863,0.5903526402942354,0.5930645374486304
2023-06-27 01:00:00,0.5692498392325417,0.4029246397429677,0.5088712660510543,0.5139456529748364
2023-06-27 02:00:00,0.4929818688043239,0.5207342196840489,0.4925234647529425,0.4658994049624194
2023-06-27 03:00:00,0.49679243037159776,0.5789400034260551,0.5287660304778863,0.43662822344789665
2023-06-27 04:00:00,0.38548188347040435,0.3496688041953356,0.3924857011617695,0.36356952181079566
2023-06-27 05:00:00,0.2588088815026997,0.12185922727235443,0.22610822137765335,0.2511732630928755
2023-06-27 06:00:00,0.06438148607372125,0.06556081895333231,0.05406846027315688,0.048371814737107555
2023-06-27 07:00:00,0.0,0.0,0.0,0.0
2023-06-27 08:00:00,0.0,0.0,0.0,0.0
2023-06-27 09:00:00,0.0,0.0,0.0,0.0
2023-06-27 10:00:00,0.0,0.0,0.0,0.0
2023-06-27 11:00:00,0.0,0.0,0.0,0.0
2023-06-27 12:00:00,0.0,0.0,0.0,0.0
2023-06-27 13:00:00,0.0,0.0,0.0,0.0
2023-06-27 14:00:00,0.0,0.0,0.0,0.0
2023-06-27 15:00:00,0.0,0.0,0.0,0.0
2023-06-27 16:00:00,0.04100717937978246,0.03322091595096959,0.03392017785959705,0.022269729741079835
2023-06-27 17:00:00,0.06999116354635646,0.08057620302307207,0.06861015600306195,0.06061293397587275
2023-06-27 18:00:00,0.26897242931797877,0.34423394899024484,0.3010547502988221,0.31272968477646995
2023-06-27 19:00:00,0.43637440218165074,0.3758453309552096,0.42771679600244017,0.3991294035419169
2023-06-27 20:00:00,0.6160758297006977,0.5471203039239031,0.6179368437047532,0.533224999690949
2023-06-27 21:00:00,0.5061616704239446,0.42606862184117583,0.48445025738535064,0.38917130697940755
2023-06-27 22:00:00,0.5679189565909154,0.4437974350511517,0.5366639361898268,0.4812566624246075
2023-06-27 23:00:00,0.5143508012114786,0.42510424535835395,0.4856744739094498,0.44866973443650426
2023-06-28 00:00:00,0.5811176004270675,0.5382737695307144,0.5649762473642951,0.5104209983777697
2023-06-28 01:00:00,0.6221313016252221,0.5544983319369108,0.6101549811965299,0.5664266014603861
2023-06-28 02:00:00,0.513930435594307,0.40740969978476027,0.47315966720443814,0.39976277829024526
2023-06-28 03:00:00,0.4186693600337324,0.3947953591205409,0.4133224187632285,0.3047184510644991
2023-06-28 04:00:00,0.3212222388523766,0.30501914189587015,0.32264444687696914,0.2338289389253677
2023-06-28 05:00:00,0.2810578100733652,0.2747262234317767,0.284529793736891,0.19756594872314606
2023-06-28 06:00:00,0.1413986629618904,0.12225121181459646,0.12600636805534826,0.08242240630115465
2023-06-28 07:00:00,0.0,0.0,0.0,0.0
2023-06-28 08:00:00,0.0,0.0,0.0,0.0
2023-06-28 09:00:00,0.0,0.0,0.0,0.0
2023-06-28 10:00:00,0.0,0.0,0.0,0.0
2023-06-28 11:00:00,0.0,0.0,0.0,0.0
2023-06-28 12:00:00,0.0,0.0,0.0,0.0
2023-06-28 13:00:00,0.0,0.0,0.0,0.0
2023-06-28 14:00:00,0.0,0.0,0.0,0.0
2023-06-28 15:00:00,0.0,0.0,0.0,0.0
2023-06-28 16:00:00,0.3057883484829768,0.29432968472059956,0.30346753204265464,0.3129186754950493
2023-06-28 17:00:00,0.5183984674850621,0.5041974668619356,0.5161061826449558,0.5276581063231817
2023-06-28 18:00:00,0.6516223913096562,0.6351785694751924,0.6454257238420058,0.6584416718025278
2023-06-28 19:00:00,0.719474652007758,0.7085600105663042,0.7138127020421261,0.7221599676158479
2023-06-28 20:00:00,0.7561006771337809,0.7451956063079056,0.752295877251546,0.7572385325517605
2023-06-28 21:00:00,0.7780463820188532,0.7685857630504973,0.7755698014269825,0.7804193155201897
2023-06-28 22:00:00,0.7858064617108078,0.7626031888440492,0.7852010292309637,0.790435000909283
2023-06-28 23:00:00,0.783974018451519,0.7736950301660905,0.7826361960216135,0.7893375204805038
2023-06-29 00:00:00,0.7805511283592703,0.7579824268728177,0.7803364399819179,0.7875131920926973
2023-06-29 01:00:00,0.7525809654186442,0.6991039382797477,0.7433489643592023,0.759643757448174
2023-06-29 02:00:00,0.6997295914078664,0.6115298031582498,0.679730054499154,0.7029957181865991
2023-06-29 03:00:00,0.6040065844318857,0.5603498775222753,0.5794841670585862,0.5836420002652467
2023-06-29 04:00:00,0.44032960570488683,0.4808710745211095,0.43618266438024234,0.4448029059318839
2023-06-29 05:00:00,0.29012455382127206,0.4230468738853761,0.3169858942059891,0.2886115412189741
2023-06-29 06:00:00,0.16481522132784515,0.23443547093824946,0.1769034646531169,0.1550386005749717
2023-06-29 07:00:00,0.0,0.0,0.0,0.0
2023-06-29 08:00:00,0.0,0.0,0.0,0.0
2023-06-29 09:00:00,0.0,0.0,0.0,0.0
2023-06-29 10:00:00,0.0,0.0,0.0,0.0
2023-06-29 11:00:00,0.0,0.0,0.0,0.0
2023-06-29 12:00:00,0.0,0.0,0.0,0.0
2023-06-29 13:00:00,0.0,0.0,0.0,0.0
2023-06-29 14:00:00,0.0,0.0,0.0,0.0
2023-06-29 15:00:00,0.0,0.0,0.0,0.0
2023-06-29 16:00:00,0.3102770900817778,0.28855451919964414,0.3032786002723993,0.30533045247757573
2023-06-29 17:00:00,0.5125876198212355,0.4959230517606235,0.5073285483876514,0.5106264778014632
2023-06-29 18:00:00,0.6397511621122903,0.5959732858832033,0.633642536792271,0.6383719861466979
2023-06-29 19:00:00,0.6941819883018052,0.6729434059352887,0.6857098834749045,0.6869064876345563
2023-06-29 20:00:00,0.73828370763959,0.7249409440444445,0.7350563455933764,0.7370660787764535
2023-06-29 21:00:00,0.7580133830083983,0.7424068119952832,0.7538216987192907,0.753519673361876
2023-06-29 22:00:00,0.7697610639289659,0.7528483140044887,0.7682129185544417,0.7659871550624882
2023-06-29 23:00:00,0.7688620145577497,0.7548687161649101,0.7659838523226452,0.7580359921437706
2023-06-30 00:00:00,0.7637195744111991,0.7555556967092011,0.7621300279171164,0.7585526583174143
2023-06-30 01:00:00,0.7457057736492411,0.7371927956873355,0.7453993530108449,0.7390605891926608
2023-06-30 02:00:00,0.72296447348111,0.7149832716048024,0.7225564784387445,0.7220550120937489
2023-06-30 03:00:00,0.6816576824476387,0.6721111660694824,0.6792082984535623,0.6821275954575804
2023-06-30 04:00:00,0.6034404258779696,0.5571072915427795,0.5996000999478391,0.608107363724823
2023-06-30 05:00:00,0.48066995416634617,0.43891085954801895,0.4768429179545953,0.4919616037719756
2023-06-30 06:00:00,0.24968373702099825,0.20600551038059714,0.24647655639831462,0.2232762757955681
2023-06-30 07:00:00,0.0,0.0,0.0,0.0
2023-06-30 08:00:00,0.0,0.0,0.0,0.0
2023-06-30 09:00:00,0.0,0.0,0.0,0.0
2023-06-30 10:00:00,0.0,0.0,0.0,0.0
2023-06-30 11:00:00,0.0,0.0,0.0,0.0
2023-06-30 12:00:00,0.0,0.0,0.0,0.0
2023-06-30 13:00:00,0.0,0.0,0.0,0.0
2023-06-30 14:00:00,0.0,0.0,0.0,0.0
2023-06-30 15:00:00,0.0,0.0,0.0,0.0
2023-06-30 16:00:00,0.23542893157714295,0.2671736744064252,0.25295938702573173,0.2477808032962955
2023-06-30 17:00:00,0.4716387337862957,0.43708920418450375,0.46194889144230467,0.4526682525129519
2023-06-30 18:00:00,0.5298232774753683,0.5496469633189535,0.5215915991752111,0.49355206831390475
2023-06-30 19:00:00,0.6461444023556537,0.6545648464410144,0.6527126653970421,0.6381571932165082
2023-06-30 20:00:00,0.6872024650296616,0.6915620155796366,0.691486965423158,0.6796320957269829
2023-06-30 21:00:00,0.7159394053892579,0.7013298185436843,0.7106011661349888,0.7096957113435317
2023-06-30 22:00:00,0.7267069038314622,0.7193734078999391,0.7253804408835478,0.7233463737431051
2023-06-30 23:00:00,0.7338874820973023,0.7071072262919512,0.7248146949007579,0.7232865932668834
2023-07-01 00:00:00,0.6710894708652072,0.6676742213968622,0.6670533977313478,0.6713450185212647
2023-07-01 01:00:00,0.7018972256300527,0.6910196698728283,0.7016376220711913,0.698238292170339
2023-07-01 02:00:00,0.6668277890038711,0.6189170375041163,0.6512690319025587,0.6448655172762634
2023-07-01 03:00:00,0.6180027730025573,0.5947566022198623,0.6220497717249109,0.6152274240588834
2023-07-01 04:00:00,0.49782951920732915,0.4297630732209523,0.49706186167221444,0.49625355477725924
2023-07-01 05:00:00,0.32624147311729496,0.216768055607074,0.30521090933982115,0.3471100786474295
2023-07-01 06:00:00,0.11176072969710442,0.047968946907527926,0.09350900321491454,0.1283123975775686
2023-07-01 07:00:00,0.0,0.0,0.0,0.0
2023-07-01 08:00:00,0.0,0.0,0.0,0.0
2023-07-01 09:00:00,0.0,0.0,0.0,0.0
2023-07-01 10:00:00,0.0,0.0,0.0,0.0
2023-07-01 11:00:00,0.0,0.0,0.0,0.0
2023-07-01 12:00:00,0.0,0.0,0.0,0.0
2023-07-01 13:00:00,0.0,0.0,0.0,0.0
2023-07-01 14:00:00,0.0,0.0,0.0,0.0
2023-07-01 15:00:00,0.0,0.0,0.0,0.0
2023-07-01 16:00:00,0.18214149711889407,0.21996940137667695,0.19048083074297434,0.19581357445393036
2023-07-01 17:00:00,0.4099382814318428,0.4179793435145438,0.4142022487949819,0.401397316617311
2023-07-01 18:00:00,0.5089527968494646,0.5169910613277532,0.5112327804842209,0.49549544907966636
2023-07-01 19:00:00,0.5045133429333276,0.5184090376866032,0.5008470570759471,0.5260142343019637
2023-07-01 20:00:00,0.6348221737046167,0.5909991160746343,0.6252123130315425,0.646237537683579
2023-07-01 21:00:00,0.6465651892798417,0.652628069396655,0.6524533810566003,0.6560848246083881
2023-07-01 22:00:00,0.6630016275476053,0.6707356484866652,0.6665123749842602,0.6757474161282072
2023-07-01 23:00:00,0.6016936480774139,0.5340460900459647,0.5718968821133807,0.5846883713215737
2023-07-02 00:00:00,0.3511857356238653,0.24112827848654428,0.31148896595389747,0.40736553540665366
2023-07-02 01:00:00,0.34946577787966354,0.2864336216178796,0.31334124782359796,0.31085588479372755
2023-07-02 02:00:00,0.2616727357226177,0.22581052164494872,0.24377931511267192,0.2521923684983706
2023-07-02 03:00:00,0.22904501847377565,0.20398009571179673,0.22856244117769528,0.25552267326902967
2023-07-02 04:00:00,0.18392250905146956,0.18104684117445333,0.19301129121400495,0.2282820328215253
2023-07-02 05:00:00,0.1503059165017717,0.11866419909661895,0.14960462765036991,0.15349741641458206
2023-07-02 06:00:00,0.02216958467703821,0.004235982562578911,0.014774730756685643,0.0167738029560576
2023-07-02 07:00:00,0.0,0.0,0.0,0.0
2023-07-02 08:00:00,0.0,0.0,0.0,0.0
2023-07-02 09:00:00,0.0,0.0,0.0,0.0
2023-07-02 10:00:00,0.0,0.0,0.0,0.0
2023-07-02 11:00:00,0.0,0.0,0.0,0.0
2023-07-02 12:00:00,0.0,0.0,0.0,0.0
2023-07-02 13:00:00,0.0,0.0,0.0,0.0
2023-07-02 14:00:00,0.0,0.0,0.0,0.0
2023-07-02 15:00:00,0.0,0.0,0.0,0.0
2023-07-02 16:00:00,0.001553023038301295,0.002120254762976505,0.0016324745374592256,0.0017664143358512199
2023-07-02 17:00:00,0.021238292579940615,0.025469490652379977,0.02029703005550461,0.025195097783676648
2023-07-02 18:00:00,0.07078732226323513,0.10315329639319915,0.08086443714659827,0.06817363753916651
2023-07-02 19:00:00,0.0768701695001238,0.05500451178774251,0.07247088717293221,0.11085502772254617
2023-07-02 20:00:00,0.10165064313272894,0.1175554478043281,0.1126096624140467,0.11966364672465273
2023-07-02 21:00:00,0.0714900349942508,0.06339131053366318,0.07237675275904092,0.07479268295778117
2023-07-02 22:00:00,0.06355387867360394,0.06977517608225593,0.059067746805580794,0.06869717625689985
2023-07-02 23:00:00,0.0638338880686041,0.14591387225641372,0.05909500961859504,0.040154225029275445
2023-07-03 00:00:00,0.15620091379741632,0.19893607460659557,0.16600991100969312,0.13315771165774443
2023-07-03 01:00:00,0.15581247777119211,0.15327418333723075,0.15235042888867034,0.13073118282114307
2023-07-03 02:00:00,0.2027281111931621,0.1717916971592113,0.18061793525277314,0.14833489583281048
2023-07-03 03:00:00,0.23839089660217272,0.2867608711325683,0.24801394218462244,0.198737002314063
2023-07-03 04:00:00,0.2754511643344038,0.31887119271527525,0.2966762145554339,0.22798776995850997
2023-07-03 05:00:00,0.12219619391316731,0.11980927039790255,0.1188066643722814,0.10541075309980479
2023-07-03 06:00:00,0.033409545175966025,0.045072732972746436,0.036282653740987214,0.04024692205518462
2023-07-03 07:00:00,0.0,0.0,0.0,0.0
2023-07-03 08:00:00,0.0,0.0,0.0,0.0
2023-07-03 09:00:00,0.0,0.0,0.0,0.0
2023-07-03 10:00:00,0.0,0.0,0.0,0.0
2023-07-03 11:00:00,0.0,0.0,0.0,0.0
2023-07-03 12:00:00,0.0,0.0,0.0,0.0
2023-07-03 13:00:00,0.0,0.0,0.0,0.0
2023-07-03 14:00:00,0.0,0.0,0.0,0.0
2023-07-03 15:00:00,0.0,0.0,0.0,0.0
2023-07-03 16:00:00,0.02505953491523577,0.06732503324396127,0.0351687843993903,0.024481136213078156
2023-07-03 17:00:00,0.07918811861385819,0.12736960730581834,0.0887976054458039,0.06306887231672349
2023-07-03 18:00:00,0.11039675550845766,0.19517585091817655,0.12637934269738635,0.09082560574450087
2023-07-03 19:00:00,0.18348335270771368,0.3310982413335298,0.2247555207358272,0.15473194785750097
2023-07-03 20:00:00,0.27830017004637037,0.4963612768520529,0.3297122506041923,0.24934867937988084
2023-07-03 21:00:00,0.340588182285219,0.4782623551341056,0.3729304501398105,0.34767678717437894
2023-07-03 22:00:00,0.3799879300893523,0.44855405236419693,0.39887400470589096,0.40250830934855575
2023-07-03 23:00:00,0.5317143689089975,0.4072576828355425,0.4821115382405725,0.4563037887675286
2023-07-04 00:00:00,0.6828377433090455,0.5890356829432104,0.6684114620274964,0.6764736051271054
2023-07-04 01:00:00,0.6313971043400531,0.5873204241888058,0.6174813397905851,0.6396960051117757
2023-07-04 02:00:00,0.538294331980607,0.5579539160151391,0.5376756287226447,0.5344864050669917
2023-07-04 03:00:00,0.3613263546345615,0.3627466650632296,0.34359264266306755,0.3711537335478923
2023-07-04 04:00:00,0.35415980715778367,0.3895372959695161,0.3609967009896316,0.38973206861230664
2023-07-04 05:00:00,0.3221649322460968,0.3718125169590083,0.3363591194274,0.33079785820412927
2023-07-04 06:00:00,0.2433498880356848,0.23579507302576183,0.23939572307086654,0.2452147985023919
2023-07-04 07:00:00,0.0,0.0,0.0,0.0
2023-07-04 08:00:00,0.0,0.0,0.0,0.0
2023-07-04 09:00:00,0.0,0.0,0.0,0.0
2023-07-04 10:00:00,0.0,0.0,0.0,0.0
2023-07-04 11:00:00,0.0,0.0,0.0,0.0
2023-07-04 12:00:00,0.0,0.0,0.0,0.0
2023-07-04 13:00:00,0.0,0.0,0.0,0.0
2023-07-04 14:00:00,0.0,0.0,0.0,0.0
2023-07-04 15:00:00,0.0,0.0,0.0,0.0
2023-07-04 16:00:00,0.2750685728421261,0.2422165217272291,0.26403563855974754,0.27889211204753456
2023-07-04 17:00:00,0.47338303531621656,0.46321688857084187,0.4592265351677066,0.4340862811994552
2023-07-04 18:00:00,0.5958323363241421,0.59422478943576,0.5857038630015983,0.5597100495168292
2023-07-04 19:00:00,0.6652184996145044,0.6637208625559076,0.6593901565700826,0.641022728896561
2023-07-04 20:00:00,0.6956034049697175,0.7020247934761058,0.6963010331798698,0.6823074003696533
2023-07-04 21:00:00,0.712346761272565,0.7271087834935291,0.716458731175872,0.6989028622917067
2023-07-04 22:00:00,0.6970269032029899,0.7387610679824208,0.7126035953040648,0.6941748719112408
2023-07-04 23:00:00,0.683903440413065,0.7418179660226665,0.7058320295692331,0.6876879859624797
2023-07-05 00:00:00,0.7139487285344037,0.7018873271996292,0.7176091304873422,0.7117530942117961
2023-07-05 01:00:00,0.6877464812470371,0.7009254387862306,0.6999717685175331,0.6860070204383
2023-07-05 02:00:00,0.5844350388920642,0.661056649344296,0.6165481501331536,0.5776089363858862
2023-07-05 03:00:00,0.6262229458638858,0.6412232237633638,0.6386706433566136,0.6246289964761339
2023-07-05 04:00:00,0.550647245339313,0.5622126849782463,0.5620320854797147,0.5483036987660513
2023-07-05 05:00:00,0.42986052330285407,0.4273745733632892,0.43042918340497277,0.4186397667501538
2023-07-05 06:00:00,0.27330189106077607,0.28115936715156226,0.2802881322320404,0.2788525633550165
2023-07-05 07:00:00,0.0,0.0,0.0,0.0
2023-07-05 08:00:00,0.0,0.0,0.0,0.0
2023-07-05 09:00:00,0.0,0.0,0.0,0.0
2023-07-05 10:00:00,0.0,0.0,0.0,0.0
2023-07-05 11:00:00,0.0,0.0,0.0,0.0
2023-07-05 12:00:00,0.0,0.0,0.0,0.0
2023-07-05 13:00:00,0.0,0.0,0.0,0.0
2023-07-05 14:00:00,0.0,0.0,0.0,0.0
2023-07-05 15:00:00,0.0,0.0,0.0,0.0
2023-07-05 16:00:00,0.2932281162316154,0.27503401888840723,0.2912358661626421,0.2939765836210648
2023-07-05 17:00:00,0.4865203478256297,0.467274565439342,0.4819473750400006,0.48099679201163026
2023-07-05 18:00:00,0.5925722043692585,0.5778971300574326,0.5894050305657663,0.578762346494433
2023-07-05 19:00:00,0.6710936422288918,0.6535930057444638,0.668110455769545,0.6690419625484422
2023-07-05 20:00:00,0.7093936146842122,0.6964612680609124,0.7077132998850442,0.70435378445644
2023-07-05 21:00:00,0.7317616837265087,0.7088937026505439,0.7288630169409018,0.7153128946110957
2023-07-05 22:00:00,0.7021147348847586,0.6672266732359929,0.6938502552893417,0.6853250164253978
2023-07-05 23:00:00,0.6791285511798321,0.6986839091737321,0.6894723384440453,0.6530632400118156
2023-07-06 00:00:00,0.7327717216744548,0.7190347383461652,0.7343299886132801,0.7225859457980359
2023-07-06 01:00:00,0.6830142132092223,0.6681703461027646,0.6812444605136762,0.6568045778424377
2023-07-06 02:00:00,0.6148115219947486,0.6621067592770099,0.6377368158587007,0.594468317062628
2023-07-06 03:00:00,0.5496993872303734,0.5711366626116227,0.5520898999701316,0.5103367404620561
2023-07-06 04:00:00,0.49930904646616386,0.45857631688226785,0.471742181295309,0.44117561370579034
2023-07-06 05:00:00,0.36004091750407125,0.41251088396775476,0.3749012425418856,0.34628177107765573
2023-07-06 06:00:00,0.2606596024431281,0.2812031225801379,0.26839058255727277,0.25875339008496817
2023-07-06 07:00:00,0.0,0.0,0.0,0.0
2023-07-06 08:00:00,0.0,0.0,0.0,0.0
2023-07-06 09:00:00,0.0,0.0,0.0,0.0
2023-07-06 10:00:00,0.0,0.0,0.0,0.0
2023-07-06 11:00:00,0.0,0.0,0.0,0.0
2023-07-06 12:00:00,0.0,0.0,0.0,0.0
2023-07-06 13:00:00,0.0,0.0,0.0,0.0
2023-07-06 14:00:00,0.0,0.0,0.0,0.0
2023-07-06 15:00:00,0.0,0.0,0.0,0.0
2023-07-06 16:00:00,0.15884071619225956,0.1494674084783693,0.1508035284113992,0.1293488225822712
2023-07-06 17:00:00,0.3582148379369226,0.32641051326331594,0.3478973413313634,0.3315352822486621
2023-07-06 18:00:00,0.5268562793982964,0.5011015477729495,0.5203197638264907,0.5239881204684971
2023-07-06 19:00:00,0.6069412660776263,0.5769351661558567,0.6010951864764308,0.6108021642186264
2023-07-06 20:00:00,0.6607673560284049,0.596580815636587,0.6553833871697341,0.6650234635963334
2023-07-06 21:00:00,0.6659506426604113,0.5998667038896027,0.6617858138712935,0.6545696393365762
2023-07-06 22:00:00,0.656974761778971,0.5343467668598944,0.632080180549785,0.6031416039520571
2023-07-06 23:00:00,0.6298873543059527,0.5625116004381597,0.615967113445615,0.5601403775652566
2023-07-07 00:00:00,0.6313450099786424,0.642667495234338,0.641828208997885,0.6167155752543572
2023-07-07 01:00:00,0.6084598079747808,0.605700489341328,0.6133832680467485,0.5855549455062484
2023-07-07 02:00:00,0.5267747978796813,0.6230132437222138,0.553134435906596,0.4358566928513236
2023-07-07 03:00:00,0.36924926139873265,0.4881122462386905,0.40727209517610047,0.3280597598222626
2023-07-07 04:00:00,0.19523818265256918,0.21818913253271946,0.19342507095578607,0.17289395986625475
2023-07-07 05:00:00,0.2019202177375179,0.1990127613526739,0.2105406214029461,0.21425323819653228
2023-07-07 06:00:00,0.1323896570043346,0.13545296806206056,0.1400949624928097,0.10985727576194704
2023-07-07 07:00:00,0.0,0.0,0.0,0.0
2023-07-07 08:00:00,0.0,0.0,0.0,0.0
2023-07-07 09:00:00,0.0,0.0,0.0,0.0
2023-07-07 10:00:00,0.0,0.0,0.0,0.0
2023-07-07 11:00:00,0.0,0.0,0.0,0.0
2023-07-07 12:00:00,0.0,0.0,0.0,0.0
2023-07-07 13:00:00,0.0,0.0,0.0,0.0
2023-07-07 14:00:00,0.0,0.0,0.0,0.0
2023-07-07 15:00:00,0.0,0.0,0.0,0.0
2023-07-07 16:00:00,0.09597600197754634,0.14591844119986494,0.1120754596334808,0.14542724809552107
2023-07-07 17:00:00,0.2566679010135129,0.3516882951647,0.2822683831086361,0.3068490320418783
2023-07-07 18:00:00,0.4381657845170494,0.5031928071632419,0.44975478162274907,0.4989340038680024
2023-07-07 19:00:00,0.5448459984775423,0.5843168512511366,0.5545755906687082,0.5850878467743436
2023-07-07 20:00:00,0.6870213762654774,0.6859303523480301,0.6864558916199951,0.7041213020567452
2023-07-07 21:00:00,0.7510024436354067,0.7619696329799507,0.754765490834296,0.7560146659926167
2023-07-07 22:00:00,0.7708725892238025,0.7673711234907227,0.7724867906019824,0.7762715153687396
2023-07-07 23:00:00,0.7721495320922888,0.7753323610657584,0.7749459390424005,0.7775642462029108
2023-07-08 00:00:00,0.7725134924964228,0.7221316903175151,0.771808769995991,0.7794694713920559
2023-07-08 01:00:00,0.7667264598558399,0.7463170243629763,0.7672650944008522,0.7734739903501486
2023-07-08 02:00:00,0.7152661969555294,0.6400346575742509,0.7006157010242695,0.7216627363472042
2023-07-08 03:00:00,0.7046647137863515,0.6560475083581473,0.700776676063507,0.7116370630524363
2023-07-08 04:00:00,0.6396955460373737,0.6204462156403554,0.6357171309545867,0.6457811715614435
2023-07-08 05:00:00,0.5233518214025573,0.48381793700606157,0.5216403005348573,0.5295626546665702
2023-07-08 06:00:00,0.3175428296301341,0.3072684365900387,0.31359951277920434,0.31890085923130024
2023-07-08 07:00:00,0.0,0.0,0.0,0.0
2023-07-08 08:00:00,0.0,0.0,0.0,0.0
2023-07-08 09:00:00,0.0,0.0,0.0,0.0
2023-07-08 10:00:00,0.0,0.0,0.0,0.0
2023-07-08 11:00:00,0.0,0.0,0.0,0.0
2023-07-08 12:00:00,0.0,0.0,0.0,0.0
2023-07-08 13:00:00,0.0,0.0,0.0,0.0
2023-07-08 14:00:00,0.0,0.0,0.0,0.0
2023-07-08 15:00:00,0.0,0.0,0.0,0.0
2023-07-08 16:00:00,0.09058043387630248,0.13762318056873124,0.10866322203916828,0.11918615232469733
2023-07-08 17:00:00,0.3355213562687176,0.3731409396172651,0.36415503010091665,0.3821808299403611
2023-07-08 18:00:00,0.4298191113217862,0.39073080346604555,0.4241716862546928,0.462196451314732
2023-07-08 19:00:00,0.595932042702262,0.5227306896361682,0.5895128364094475,0.611709068510437
2023-07-08 20:00:00,0.5846412448869156,0.43404966532197714,0.5451345652890581,0.5449625291794121
2023-07-08 21:00:00,0.520707029990413,0.35726650374969604,0.4731576494148081,0.4755654031227406
2023-07-08 22:00:00,0.5304534632756264,0.2898215128650903,0.4681348639627846,0.4565816916879439
2023-07-08 23:00:00,0.3391050950690982,0.13246147166371128,0.26763137875198806,0.2840655406876118
2023-07-09 00:00:00,0.21508315252855378,0.18942578222564163,0.2019227100983329,0.252853090616153
2023-07-09 01:00:00,0.12666510011908216,0.16702195746702742,0.13526606255401447,0.15717226225372416
2023-07-09 02:00:00,0.15462409748781888,0.15538201197888016,0.1555409894508919,0.14078338015131456
2023-07-09 03:00:00,0.19300273159727832,0.3015903631270285,0.21988378491102056,0.22281895910830873
2023-07-09 04:00:00,0.12808232251546336,0.2725837898964582,0.15846171635474413,0.16945991758194093
2023-07-09 05:00:00,0.17324517434420672,0.21720688036693694,0.18525779450523008,0.2460118872398459
2023-07-09 06:00:00,0.1461223742985389,0.1985001498547981,0.15772138727608334,0.14094027217321745
2023-07-09 07:00:00,0.0,0.0,0.0,0.0
2023-07-09 08:00:00,0.0,0.0,0.0,0.0
2023-07-09 09:00:00,0.0,0.0,0.0,0.0
2023-07-09 10:00:00,0.0,0.0,0.0,0.0
2023-07-09 11:00:00,0.0,0.0,0.0,0.0
2023-07-09 12:00:00,0.0,0.0,0.0,0.0
2023-07-09 13:00:00,0.0,0.0,0.0,0.0
2023-07-09 14:00:00,0.0,0.0,0.0,0.0
2023-07-09 15:00:00,0.0,0.0,0.0,0.0
2023-07-09 16:00:00,0.11060626140535496,0.09726055927259514,0.11146144359869312,0.07185473433081693
2023-07-09 17:00:00,0.07919918802785578,0.0749410512587459,0.07482074530810795,0.043269441849398176
2023-07-09 18:00:00,0.20887341431260667,0.17833856562739162,0.2031618075814693,0.15002888665938616
2023-07-09 19:00:00,0.286341566702674,0.3901311702911076,0.3215187021060715,0.26814387710479054
2023-07-09 20:00:00,0.38826203790075625,0.5588648867376756,0.4330412381099608,0.3603568724808898
2023-07-09 21:00:00,0.4365982536897568,0.46837828534698756,0.43498086339716746,0.37173442527167627
2023-07-09 22:00:00,0.43760010063286253,0.4698409491284881,0.43106128481274364,0.39598623516072057
2023-07-09 23:00:00,0.5537398204595402,0.5423351659525285,0.5400249783626656,0.5125282836773952
2023-07-10 00:00:00,0.40369619247237987,0.33834759825041855,0.3684657130024246,0.3565915607737264
2023-07-10 01:00:00,0.5320022071727067,0.4500821454137533,0.4966946157188749,0.5172872555439566
2023-07-10 02:00:00,0.588450796956132,0.6278316780119838,0.5979077818879215,0.5957408089391962
2023-07-10 03:00:00,0.633865494386385,0.6239491457958722,0.6458973276441886,0.6433900464363049
2023-07-10 04:00:00,0.4644309440882253,0.4194789945534357,0.45101784049447735,0.47519640355622483
2023-07-10 05:00:00,0.2309085365141538,0.2569590083594025,0.228639201206066,0.2557136242652626
2023-07-10 06:00:00,0.11108019605630398,0.23884494742398035,0.15428470729133634,0.17572543938857768
2023-07-10 07:00:00,0.0,0.0,0.0,0.0
2023-07-10 08:00:00,0.0,0.0,0.0,0.0
2023-07-10 09:00:00,0.0,0.0,0.0,0.0
2023-07-10 10:00:00,0.0,0.0,0.0,0.0
2023-07-10 11:00:00,0.0,0.0,0.0,0.0
2023-07-10 12:00:00,0.0,0.0,0.0,0.0
2023-07-10 13:00:00,0.0,0.0,0.0,0.0
2023-07-10 14:00:00,0.0,0.0,0.0,0.0
2023-07-10 15:00:00,0.0,0.0,0.0,0.0
2023-07-10 16:00:00,0.3049245975663175,0.29079870907842,0.3007451880163,0.3063338798843289
2023-07-10 17:00:00,0.5010012604133328,0.4898629511316166,0.49795747645020666,0.5027016250767179
2023-07-10 18:00:00,0.6238444092827408,0.618004809922458,0.622038115476125,0.6253472066540454
2023-07-10 19:00:00,0.6880600462593569,0.6844857344457584,0.6863968367883715,0.6866712938229425
2023-07-10 20:00:00,0.726099513797231,0.722123543785218,0.7249766128552265,0.7251914511220202
2023-07-10 21:00:00,0.7299256529292547,0.7039769053335926,0.7204994255139205,0.7279095640881638
2023-07-10 22:00:00,0.7578202019755872,0.7513092086274881,0.7562085560460835,0.7547142505811233
2023-07-10 23:00:00,0.7569096306320869,0.7494451947507789,0.7552186539045467,0.7551696965154693
2023-07-11 00:00:00,0.725480587055091,0.6891036237513412,0.7165768766935896,0.7298737694191767
2023-07-11 01:00:00,0.7096244150064487,0.7163575637682217,0.7131474232736471,0.7205446969421252
2023-07-11 02:00:00,0.7001851200069926,0.6884015803074606,0.7034549524790072,0.6997670748981287
2023-07-11 03:00:00,0.657336611810571,0.647625186706985,0.6615295399827994,0.667459968531941
2023-07-11 04:00:00,0.5863562091639959,0.5298764531153627,0.5774371794820998,0.5882971532348914
2023-07-11 05:00:00,0.38937889843550305,0.3276283035863254,0.3639248389569547,0.36335003786210635
2023-07-11 06:00:00,0.27108733075198677,0.2763246922827141,0.27119868115085766,0.27799142025957485
2023-07-11 07:00:00,0.0,0.0,0.0,0.0
2023-07-11 08:00:00,0.0,0.0,0.0,0.0
2023-07-11 09:00:00,0.0,0.0,0.0,0.0
2023-07-11 10:00:00,0.0,0.0,0.0,0.0
2023-07-11 11:00:00,0.0,0.0,0.0,0.0
2023-07-11 12:00:00,0.0,0.0,0.0,0.0
2023-07-11 13:00:00,0.0,0.0,0.0,0.0
2023-07-11 14:00:00,0.0,0.0,0.0,0.0
2023-07-11 15:00:00,0.0,0.0,0.0,0.0
2023-07-11 16:00:00,0.2740393202962668,0.2711036471274733,0.27044512350314864,0.26952518487099136
2023-07-11 17:00:00,0.4828387458573744,0.47171578256732527,0.47970243495211384,0.48581565353373946
2023-07-11 18:00:00,0.6166216793687677,0.6077528271206684,0.6150238439384146,0.6195995656718507
2023-07-11 19:00:00,0.6820018943638407,0.6791543869311948,0.6811450292065364,0.6820487238438715
2023-07-11 20:00:00,0.7203507740455448,0.7163862138644572,0.7194423927981672,0.7180088755113742
2023-07-11 21:00:00,0.7327090825594217,0.7388231834451261,0.7340053997340137,0.7192231453767749
2023-07-11 22:00:00,0.7448758062282376,0.7349539710794465,0.749917453630068,0.7372849815590413
2023-07-11 23:00:00,0.7055290907216611,0.6773095458350693,0.7044460326776407,0.6648918259258123
2023-07-12 00:00:00,0.6712542163385717,0.6484142289722729,0.6614781740408182,0.6424992077855657
2023-07-12 01:00:00,0.6799508897987646,0.6705231567150025,0.6739300249587307,0.6501882750915976
2023-07-12 02:00:00,0.6223015792890273,0.5790487885249537,0.6228342088785926,0.5484167833480404
2023-07-12 03:00:00,0.3977698974047245,0.35701373575887535,0.3768456835449885,0.3043834664074274
2023-07-12 04:00:00,0.31524221736143027,0.4449586440402402,0.36099849106035853,0.35950981708677326
2023-07-12 05:00:00,0.29974345323144763,0.22113833039849481,0.2804759294698521,0.28351831731348565
2023-07-12 06:00:00,0.1369394848509061,0.07171409213676909,0.1084750513503747,0.10886948579622795
2023-07-12 07:00:00,0.0,0.0,0.0,0.0
2023-07-12 08:00:00,0.0,0.0,0.0,0.0
2023-07-12 09:00:00,0.0,0.0,0.0,0.0
2023-07-12 10:00:00,0.0,0.0,0.0,0.0
2023-07-12 11:00:00,0.0,0.0,0.0,0.0
2023-07-12 12:00:00,0.0,0.0,0.0,0.0
2023-07-12 13:00:00,0.0,0.0,0.0,0.0
2023-07-12 14:00:00,0.0,0.0,0.0,0.0
2023-07-12 15:00:00,0.0,0.0,0.0,0.0
2023-07-12 16:00:00,0.04942890541155876,0.011911382130593444,0.035629080261213926,0.05943920928963775
2023-07-12 17:00:00,0.06937573124268621,0.026389496618780775,0.04885130691697461,0.07655252592547727
2023-07-12 18:00:00,0.13158251951610114,0.10469978038172266,0.12971097578415614,0.18752901096893115
2023-07-12 19:00:00,0.3057848077374458,0.3457676801191405,0.3145447393459226,0.42780917790690304
2023-07-12 20:00:00,0.5648560114436645,0.5182083437453058,0.5624212383596421,0.6089817105295356
2023-07-12 21:00:00,0.5596756937114367,0.3723302362159477,0.508995315312348,0.5240469405618141
2023-07-12 22:00:00,0.4520556929501561,0.44501523939873805,0.44345937605074115,0.442901987964991
2023-07-12 23:00:00,0.5992300023964758,0.6765763352282032,0.61468595098841,0.6521183767756276
2023-07-13 00:00:00,0.7030645244486342,0.6432957710434983,0.6946386428569458,0.6813057945032434
2023-07-13 01:00:00,0.6623886620960523,0.5557234565893636,0.6421797443323096,0.6693129741326437
2023-07-13 02:00:00,0.6021859963853288,0.48559770690951737,0.5776267990957378,0.5949306236554674
2023-07-13 03:00:00,0.38753626603672914,0.2724608889960296,0.3520528741190271,0.3722093589191037
2023-07-13 04:00:00,0.2059272490475705,0.14796202730524757,0.2001822796324963,0.20231396088782008
2023-07-13 05:00:00,0.024183302927524616,0.01051684076766117,0.019122079864315918,0.02142780962294094
2023-07-13 06:00:00,0.0,0.011057411262787755,0.0,0.0
2023-07-13 07:00:00,0.0,0.0,0.0,0.0
2023-07-13 08:00:00,0.0,0.0,0.0,0.0
2023-07-13 09:00:00,0.0,0.0,0.0,0.0
2023-07-13 10:00:00,0.0,0.0,0.0,0.0
2023-07-13 11:00:00,0.0,0.0,0.0,0.0
2023-07-13 12:00:00,0.0,0.0,0.0,0.0
2023-07-13 13:00:00,0.0,0.0,0.0,0.0
2023-07-13 14:00:00,0.0,0.0,0.0,0.0
2023-07-13 15:00:00,0.0,0.0,0.0,0.0
2023-07-13 16:00:00,0.08734714185788679,0.09478966015606934,0.08905422483349656,0.09700417243702576
2023-07-13 17:00:00,0.19919506224222586,0.2467271389159537,0.2040195422700013,0.19842481712221816
2023-07-13 18:00:00,0.5098323628232676,0.6005759283979938,0.5390029101398952,0.5140098679051097
2023-07-13 19:00:00,0.6130828655345696,0.6428513242627042,0.6138873452892821,0.538031720057878
2023-07-13 20:00:00,0.6530383074105287,0.7111689416697763,0.6663538069636337,0.6059493539698274
2023-07-13 21:00:00,0.655267005347174,0.7249224935033398,0.6648009530221964,0.58079288263863
2023-07-13 22:00:00,0.7163191780129944,0.7389368394412128,0.7105627434116484,0.6486016229131139
2023-07-13 23:00:00,0.7497889402516992,0.7543838834077432,0.7438812235246994,0.7073598529123655
2023-07-14 00:00:00,0.584936813699153,0.48322162751867,0.5440384537006221,0.5717562889304396
2023-07-14 01:00:00,0.5063034993030313,0.39257281710863107,0.46494966822248995,0.4757175957159487
2023-07-14 02:00:00,0.502064364250415,0.3201117372286199,0.46236927072049244,0.5075231186159319
2023-07-14 03:00:00,0.5407148998852515,0.3089255657565113,0.48237395340934275,0.4976094304201509
2023-07-14 04:00:00,0.4700870079464338,0.32666321137515625,0.4295441970722681,0.3717523479852905
2023-07-14 05:00:00,0.4003344032760681,0.33404899889286016,0.3833320173690863,0.31990399899483796
2023-07-14 06:00:00,0.2460955931016814,0.2167420400153464,0.23902706656288408,0.2063631921127839
2023-07-14 07:00:00,0.0,0.0,0.0,0.0
2023-07-14 08:00:00,0.0,0.0,0.0,0.0
2023-07-14 09:00:00,0.0,0.0,0.0,0.0
2023-07-14 10:00:00,0.0,0.0,0.0,0.0
2023-07-14 11:00:00,0.0,0.0,0.0,0.0
2023-07-14 12:00:00,0.0,0.0,0.0,0.0
2023-07-14 13:00:00,0.0,0.0,0.0,0.0
2023-07-14 14:00:00,0.0,0.0,0.0,0.0
2023-07-14 15:00:00,0.0,0.0,0.0,0.0
2023-07-14 16:00:00,0.2637982211209502,0.2382679486186318,0.25860084474896783,0.26070152441247596
2023-07-14 17:00:00,0.4610585940796254,0.425504497708951,0.45521468737870036,0.4647401589532279
2023-07-14 18:00:00,0.5708179222084359,0.5277254207085824,0.5645638785561187,0.5790200464935342
2023-07-14 19:00:00,0.6077173665985821,0.5602090090745263,0.593499158137528,0.6083320300438532
2023-07-14 20:00:00,0.5642335338317143,0.5187054832048007,0.5455589421240719,0.5888131118453411
2023-07-14 21:00:00,0.5952992298457733,0.6251485380171603,0.5993695514290953,0.6037251547724248
2023-07-14 22:00:00,0.6393515083552297,0.619654417115539,0.6329768715882826,0.6255131278296934
2023-07-14 23:00:00,0.6328711835432009,0.6394413024143536,0.6325378613219241,0.6330848500642006
2023-07-15 00:00:00,0.6829455006609662,0.6964182206317152,0.6900315267479473,0.6742477427563157
2023-07-15 01:00:00,0.6634367678573174,0.6946923437184483,0.684697575537181,0.6544658388554522
2023-07-15 02:00:00,0.659672676811403,0.6480676997372464,0.6566270377384907,0.6437603584243797
2023-07-15 03:00:00,0.5964189473397702,0.5953250439843462,0.5957896662342002,0.5519136702718076
2023-07-15 04:00:00,0.4668152091609838,0.5312456244021034,0.47875280990590163,0.4101258182965737
2023-07-15 05:00:00,0.2845834109056102,0.3918278506560882,0.3086365318680132,0.24869686327106658
2023-07-15 06:00:00,0.19446609852679095,0.23835167209497307,0.21691070423378025,0.187850658942654
2023-07-15 07:00:00,0.0,0.0,0.0,0.0
2023-07-15 08:00:00,0.0,0.0,0.0,0.0
2023-07-15 09:00:00,0.0,0.0,0.0,0.0
2023-07-15 10:00:00,0.0,0.0,0.0,0.0
2023-07-15 11:00:00,0.0,0.0,0.0,0.0
2023-07-15 12:00:00,0.0,0.0,0.0,0.0
2023-07-15 13:00:00,0.0,0.0,0.0,0.0
2023-07-15 14:00:00,0.0,0.0,0.0,0.0
2023-07-15 15:00:00,0.0,0.0,0.0,0.0
2023-07-15 16:00:00,0.06508272864464017,0.03639108977769462,0.05873017472754363,0.041775180014007755
2023-07-15 17:00:00,0.09218496784195503,0.05122691187986644,0.07930098138751421,0.061688936002160966
2023-07-15 18:00:00,0.17321186482606313,0.16300552600849594,0.17051344397877,0.15464093310396465
2023-07-15 19:00:00,0.2389232626522725,0.20960641952341444,0.23055593653594125,0.23530898172824
2023-07-15 20:00:00,0.2955546367379691,0.18306928002619202,0.2607839177791758,0.2758914199437401
2023-07-15 21:00:00,0.48993380895011973,0.4837320125944177,0.5006682666735338,0.45144755285480703
2023-07-15 22:00:00,0.5995703073539754,0.5015921617638364,0.5948441700598184,0.5460648457691004
2023-07-15 23:00:00,0.45325783650295,0.2868008986425053,0.41151440563159536,0.3571920547199767
2023-07-16 00:00:00,0.17712322182252174,0.1045645529572277,0.15547472374435678,0.15243139174069895
2023-07-16 01:00:00,0.15080953107471448,0.08197574594549241,0.13130730377585315,0.14551869597587866
2023-07-16 02:00:00,0.10265126657953905,0.09044879261674303,0.09418599736221872,0.09414089393270975
2023-07-16 03:00:00,0.10705176501963305,0.2063542220824992,0.11132211589280289,0.11056458161912391
2023-07-16 04:00:00,0.08389164840783771,0.205123803758416,0.1091362495053465,0.16217379188275546
2023-07-16 05:00:00,0.10513461790532026,0.2725457512380988,0.14786463918021592,0.16447459592249516
2023-07-16 06:00:00,0.0853515291050652,0.13552400301684023,0.09219623668100704,0.1191439318766062
2023-07-16 07:00:00,0.0,0.0,0.0,0.0
2023-07-16 08:00:00,0.0,0.0,0.0,0.0
2023-07-16 09:00:00,0.0,0.0,0.0,0.0
2023-07-16 10:00:00,0.0,0.0,0.0,0.0
2023-07-16 11:00:00,0.0,0.0,0.0,0.0
2023-07-16 12:00:00,0.0,0.0,0.0,0.0
2023-07-16 13:00:00,0.0,0.0,0.0,0.0
2023-07-16 14:00:00,0.0,0.0,0.0,0.0
2023-07-16 15:00:00,0.0,0.0,0.0,0.0
2023-07-16 16:00:00,0.20521557796679488,0.24109811803322592,0.2131845071023472,0.2165117199041895
2023-07-16 17:00:00,0.39166187489943116,0.44149799667198697,0.40239313346531236,0.4030883531971987
2023-07-16 18:00:00,0.5191808662131967,0.5443495576386433,0.523816344636798,0.5240660496177247
2023-07-16 19:00:00,0.5400134597023989,0.6091880654323732,0.5570850626921094,0.5234611997492157
2023-07-16 20:00:00,0.6735325678171039,0.6882079364434501,0.6760343367512909,0.6669966899418541
2023-07-16 21:00:00,0.7251515903554385,0.7045643524376294,0.7178103058027534,0.7266607286435004
2023-07-16 22:00:00,0.7348566284595651,0.6859517981441773,0.7326854736693906,0.7383360212239737
2023-07-16 23:00:00,0.7182666884585437,0.6777563255740605,0.7073178252017809,0.6874528600337507
2023-07-17 00:00:00,0.6814172801769464,0.632996275679356,0.6659188190721695,0.6538223815680411
2023-07-17 01:00:00,0.6972412398804305,0.6741345950315066,0.6925656003294015,0.658131297857722
2023-07-17 02:00:00,0.6320962820025665,0.6390955276349285,0.6295851431087811,0.5765493986010194
2023-07-17 03:00:00,0.5714900010603192,0.6149608999797253,0.5877067938834678,0.562317979251814
2023-07-17 04:00:00,0.5440692986375874,0.6004587776049778,0.5589382838298578,0.5298783949646112
2023-07-17 05:00:00,0.42582386353136065,0.4638733972542468,0.43230988365847334,0.407171808004402
2023-07-17 06:00:00,0.2658936588373502,0.295793904152563,0.27291573979952766,0.2511950849948066
2023-07-17 07:00:00,0.0,0.0,0.0,0.0
2023-07-17 08:00:00,0.0,0.0,0.0,0.0
2023-07-17 09:00:00,0.0,0.0,0.0,0.0
2023-07-17 10:00:00,0.0,0.0,0.0,0.0
2023-07-17 11:00:00,0.0,0.0,0.0,0.0
2023-07-17 12:00:00,0.0,0.0,0.0,0.0
2023-07-17 13:00:00,0.0,0.0,0.0,0.0
2023-07-17 14:00:00,0.0,0.0,0.0,0.0
2023-07-17 15:00:00,0.0,0.0,0.0,0.0
2023-07-17 16:00:00,0.2848119694107876,0.26096394140903106,0.2799094264184871,0.28288785974551045
2023-07-17 17:00:00,0.43382116576321583,0.39485194718157174,0.4142846768451819,0.40827670712741565
2023-07-17 18:00:00,0.5814569374461445,0.5633744259223786,0.5700220073461999,0.5609354810530355
2023-07-17 19:00:00,0.6579311722772361,0.6762760449555367,0.6642638060419443,0.6509002055997847
2023-07-17 20:00:00,0.718585084817939,0.7167793261070717,0.717709053246268,0.7177932268517785
2023-07-17 21:00:00,0.7039433976899897,0.7175931339113378,0.7133155685601473,0.6996350130835571
2023-07-17 22:00:00,0.6650794889065915,0.6629519068788592,0.6621714420059637,0.635468292314677
2023-07-17 23:00:00,0.6745196030690934,0.6614742719583585,0.6842109417128356,0.6489616423070187
2023-07-18 00:00:00,0.6861288885683878,0.68687566140408,0.6956824611488543,0.6634260107755462
2023-07-18 01:00:00,0.5774344480671046,0.5884217233729702,0.5796206014962397,0.5319018060354644
2023-07-18 02:00:00,0.5534402357053658,0.5380915205215503,0.5469054920195995,0.5314144434558936
2023-07-18 03:00:00,0.5113060244888613,0.5291732824316758,0.5065756516399544,0.4985519532689547
2023-07-18 04:00:00,0.48741534684494786,0.5241734389984337,0.5072546530609592,0.5028201588288674
2023-07-18 05:00:00,0.42023699238725526,0.383862516074222,0.4160399949875445,0.4182048730945294
2023-07-18 06:00:00,0.23457045922558617,0.23503620953451843,0.24409470128464478,0.24857639494095576
2023-07-18 07:00:00,0.0,0.0,0.0,0.0
2023-07-18 08:00:00,0.0,0.0,0.0,0.0
2023-07-18 09:00:00,0.0,0.0,0.0,0.0
2023-07-18 10:00:00,0.0,0.0,0.0,0.0
2023-07-18 11:00:00,0.0,0.0,0.0,0.0
2023-07-18 12:00:00,0.0,0.0,0.0,0.0
2023-07-18 13:00:00,0.0,0.0,0.0,0.0
2023-07-18 14:00:00,0.0,0.0,0.0,0.0
2023-07-18 15:00:00,0.0,0.0,0.0,0.0
2023-07-18 16:00:00,0.25383024820994926,0.28627569377786527,0.2639356935267034,0.2638100998618254
2023-07-18 17:00:00,0.43627858489079846,0.4852800583809054,0.4552379783942134,0.439899034471859
2023-07-18 18:00:00,0.5746208287457523,0.6228041851546634,0.5923005543747031,0.569495083048306
2023-07-18 19:00:00,0.6669322270027253,0.6943699524168531,0.6772004410259831,0.665265827025663
2023-07-18 20:00:00,0.7089447795976036,0.6891791978459687,0.7016048996068158,0.7056486105962912
2023-07-18 21:00:00,0.6890654846968146,0.6694337112815528,0.6815088604634769,0.6764170530023451
2023-07-18 22:00:00,0.6845926712238021,0.6336927437289641,0.673861011561359,0.683391611068264
2023-07-18 23:00:00,0.7109940720838451,0.69089652720931,0.7053058926483589,0.6813521396978045
2023-07-19 00:00:00,0.5921248728040446,0.5326923865523083,0.5790123469885801,0.5583309637936078
2023-07-19 01:00:00,0.567113843263701,0.5045996033098801,0.5498399683042022,0.5609782649607483
2023-07-19 02:00:00,0.6037862501770905,0.4848590761700373,0.5794812375629356,0.5688362046484104
2023-07-19 03:00:00,0.516829870773567,0.4159949037404576,0.4924647178390909,0.48683053068625015
2023-07-19 04:00:00,0.5364866564228364,0.570050898407531,0.5481248839011529,0.5029315393284555
2023-07-19 05:00:00,0.42416942444638556,0.44199289389116275,0.43340839538877207,0.400205836939743
2023-07-19 06:00:00,0.26559901122262647,0.2802798282124377,0.2695577075789849,0.2590051141666289
2023-07-19 07:00:00,0.0,0.0,0.0,0.0
2023-07-19 08:00:00,0.0,0.0,0.0,0.0
2023-07-19 09:00:00,0.0,0.0,0.0,0.0
2023-07-19 10:00:00,0.0,0.0,0.0,0.0
2023-07-19 11:00:00,0.0,0.0,0.0,0.0
2023-07-19 12:00:00,0.0,0.0,0.0,0.0
2023-07-19 13:00:00,0.0,0.0,0.0,0.0
2023-07-19 14:00:00,0.0,0.0,0.0,0.0
2023-07-19 15:00:00,0.0,0.0,0.0,0.0
2023-07-19 16:00:00,0.2866023906367265,0.27295655369518684,0.28460536624133315,0.29009044657253275
2023-07-19 17:00:00,0.48458856334553096,0.47274796591547635,0.481106647711812,0.48745458997158025
2023-07-19 18:00:00,0.6174763139652438,0.6111646643623101,0.6153830384227454,0.6191494283313738
2023-07-19 19:00:00,0.6871568140624226,0.6815666339188505,0.6861600712025875,0.6890225710543888
2023-07-19 20:00:00,0.7266314298804556,0.7120447451249868,0.7260230197282785,0.7297352276111034
2023-07-19 21:00:00,0.7515045953868813,0.7166280448170496,0.7477611766633617,0.7567083883402087
2023-07-19 22:00:00,0.6990007798980876,0.5694889660984525,0.6660422116029576,0.6850480552533091
2023-07-19 23:00:00,0.7163343374451011,0.7145253341798564,0.720821626999113,0.6937512976434621
2023-07-20 00:00:00,0.6126334826600629,0.6353358720254878,0.6191920652467287,0.5747976174624098
2023-07-20 01:00:00,0.6510042506955868,0.6618358688199876,0.65262044970028,0.629217936243612
2023-07-20 02:00:00,0.6142411422324393,0.6042466826253111,0.6173014827120198,0.5896504091287836
2023-07-20 03:00:00,0.559085566258112,0.4966578816013269,0.5418170163753404,0.5571761490989389
2023-07-20 04:00:00,0.5348361988269154,0.4565901902953396,0.5331278469117228,0.5450366767973496
2023-07-20 05:00:00,0.3013673390959674,0.27762171498055904,0.2897783195838555,0.3169612420548919
2023-07-20 06:00:00,0.21739716644658655,0.26162626200479466,0.22776541918248155,0.2459068120190587
2023-07-20 07:00:00,0.0,0.0,0.0,0.0
2023-07-20 08:00:00,0.0,0.0,0.0,0.0
2023-07-20 09:00:00,0.0,0.0,0.0,0.0
2023-07-20 10:00:00,0.0,0.0,0.0,0.0
2023-07-20 11:00:00,0.0,0.0,0.0,0.0
2023-07-20 12:00:00,0.0,0.0,0.0,0.0
2023-07-20 13:00:00,0.0,0.0,0.0,0.0
2023-07-20 14:00:00,0.0,0.0,0.0,0.0
2023-07-20 15:00:00,0.0,0.0,0.0,0.0
2023-07-20 16:00:00,0.1910133688451483,0.211756553976071,0.19326835641769913,0.1952836920605915
2023-07-20 17:00:00,0.40517175814696005,0.3999116732183084,0.41074695159553787,0.4054511470525964
2023-07-20 18:00:00,0.5221421632382578,0.4543043678881821,0.4968500682072822,0.4980568472772329
2023-07-20 19:00:00,0.5872883521976392,0.5041437262209041,0.559619366579102,0.566063984855938
2023-07-20 20:00:00,0.6314824820129958,0.5456376734822207,0.5992036956881918,0.6070679769715371
2023-07-20 21:00:00,0.6168113205274656,0.6303245571685018,0.6144424441657067,0.6137643640479125
2023-07-20 22:00:00,0.6634216613105672,0.7221133688713538,0.6796676161124477,0.6768208886224865
2023-07-20 23:00:00,0.7107998276967495,0.7232588248586298,0.7189985643798897,0.7170911971845274
2023-07-21 00:00:00,0.7238375049301226,0.6916688331812441,0.7275123285146904,0.7235072859270152
2023-07-21 01:00:00,0.5427760793653299,0.45996104890717326,0.5089196507177067,0.5308295233261976
2023-07-21 02:00:00,0.42629828196928404,0.20805501900949275,0.37535016003963095,0.33581227731340674
2023-07-21 03:00:00,0.06822899218987251,0.04267058738989715,0.058296419187985324,0.0573134071563376
2023-07-21 04:00:00,0.015021808540846586,0.09604867524429177,0.01827058046910505,0.033087629545560764
2023-07-21 05:00:00,0.10805582047832794,0.25751638773765045,0.15393328452738197,0.1968066498455913
2023-07-21 06:00:00,0.15763144548331165,0.20513360133676659,0.17159066412375892,0.18589219293507983
2023-07-21 07:00:00,0.0,0.0,0.0,0.0
2023-07-21 08:00:00,0.0,0.0,0.0,0.0
2023-07-21 09:00:00,0.0,0.0,0.0,0.0
2023-07-21 10:00:00,0.0,0.0,0.0,0.0
2023-07-21 11:00:00,0.0,0.0,0.0,0.0
2023-07-21 12:00:00,0.0,0.0,0.0,0.0
2023-07-21 13:00:00,0.0,0.0,0.0,0.0
2023-07-21 14:00:00,0.0,0.0,0.0,0.0
2023-07-21 15:00:00,0.0,0.0,0.0,0.0
2023-07-21 16:00:00,0.1382328687349853,0.1828417139968439,0.15566629624462297,0.14950888923575045
2023-07-21 17:00:00,0.3583241970217306,0.39035035971583154,0.3755784529630717,0.3443879150043818
2023-07-21 18:00:00,0.5437540857549882,0.4777439670969295,0.5341940181768654,0.5337961832785686
2023-07-21 19:00:00,0.5777220951903415,0.474866904950652,0.5450034791338363,0.5448242485252021
2023-07-21 20:00:00,0.6634067061228484,0.621756130579168,0.6531803994730216,0.6473026850752593
2023-07-21 21:00:00,0.714106982860077,0.7090064892519216,0.7140589832065747,0.6914164907015925
2023-07-21 22:00:00,0.6888804440173114,0.7059745148792523,0.6985757894795728,0.6931515560686069
2023-07-21 23:00:00,0.6569082877461218,0.7189831947811243,0.6923631423792773,0.653191457340252
2023-07-22 00:00:00,0.6760263063277291,0.6668479123574184,0.6816358483601237,0.6786684593615305
2023-07-22 01:00:00,0.6485306314396069,0.7075942123693691,0.6793977144983205,0.6687860296156453
2023-07-22 02:00:00,0.6991313673996414,0.6857717171805313,0.7078693754264755,0.7136752750129336
2023-07-22 03:00:00,0.6300409841968428,0.6474214917675502,0.6539831620912905,0.6504002631897073
2023-07-22 04:00:00,0.5759140928070999,0.5910026621927836,0.5837594537079556,0.599017414975583
2023-07-22 05:00:00,0.45993464285356156,0.4653631824290782,0.46698315507434324,0.4691021530342014
2023-07-22 06:00:00,0.29067941155792976,0.2893412516431983,0.29223549489100775,0.29508728762216635
2023-07-22 07:00:00,0.0,0.0,0.0,0.0
2023-07-22 08:00:00,0.0,0.0,0.0,0.0
2023-07-22 09:00:00,0.0,0.0,0.0,0.0
2023-07-22 10:00:00,0.0,0.0,0.0,0.0
2023-07-22 11:00:00,0.0,0.0,0.0,0.0
2023-07-22 12:00:00,0.0,0.0,0.0,0.0
2023-07-22 13:00:00,0.0,0.0,0.0,0.0
2023-07-22 14:00:00,0.0,0.0,0.0,0.0
2023-07-22 15:00:00,0.0,0.0,0.0,0.0
2023-07-22 16:00:00,0.2881103415773662,0.2800231223950105,0.2889786353516701,0.29155092140296085
2023-07-22 17:00:00,0.4803142626795039,0.4539178835566399,0.47786764848056174,0.4802224114290095
2023-07-22 18:00:00,0.6184142711032196,0.6055653496729337,0.6172765339686983,0.6202225910433262
2023-07-22 19:00:00,0.6883441050260233,0.6820539401001803,0.6866347448659049,0.6885231436966971
2023-07-22 20:00:00,0.7195828982829733,0.6858512134916214,0.7154471371232952,0.7186576154062133
2023-07-22 21:00:00,0.6607464182790171,0.590664966834565,0.6404595217041138,0.6482722164659604
2023-07-22 22:00:00,0.6803885651703666,0.6281837626593595,0.6705119778993238,0.6643004388907247
2023-07-22 23:00:00,0.6782051784846924,0.6473684945491271,0.6713220837854109,0.6561719810876322
2023-07-23 00:00:00,0.7178405722338072,0.7125534555688611,0.7207090280731108,0.713512472841766
2023-07-23 01:00:00,0.6656393213352915,0.6206504309252234,0.6524163743762182,0.6709913863698356
2023-07-23 02:00:00,0.6475337585378127,0.5881431375721239,0.629760540454049,0.6447700226927074
2023-07-23 03:00:00,0.6074734481516885,0.5968497134605574,0.5997333503138242,0.6086397880353552
2023-07-23 04:00:00,0.5676986851908324,0.5523530823876756,0.5610646224244772,0.5644177678611881
2023-07-23 05:00:00,0.4449917829591193,0.43426353671782286,0.43848834145727267,0.4358256662392915
2023-07-23 06:00:00,0.2662063148407738,0.2252390110412701,0.26008647686980346,0.2703665000967481
2023-07-23 07:00:00,0.0,0.0,0.0,0.0
2023-07-23 08:00:00,0.0,0.0,0.0,0.0
2023-07-23 09:00:00,0.0,0.0,0.0,0.0
2023-07-23 10:00:00,0.0,0.0,0.0,0.0
2023-07-23 11:00:00,0.0,0.0,0.0,0.0
2023-07-23 12:00:00,0.0,0.0,0.0,0.0
2023-07-23 13:00:00,0.0,0.0,0.0,0.0
2023-07-23 14:00:00,0.0,0.0,0.0,0.0
2023-07-23 15:00:00,0.0,0.0,0.0,0.0
2023-07-23 16:00:00,0.2645232115115184,0.25721256173202006,0.2638398521749995,0.266864438359298
2023-07-23 17:00:00,0.42990523544725373,0.43629505615316927,0.43376033199187997,0.4337353000452718
2023-07-23 18:00:00,0.5875542894813616,0.5849908008907083,0.5866507388789337,0.5962566841187712
2023-07-23 19:00:00,0.631239553955223,0.6557194944810227,0.6376341241680734,0.6432805444779053
2023-07-23 20:00:00,0.6770931206499814,0.6792357529947601,0.6754224557575017,0.6881516987989347
2023-07-23 21:00:00,0.7308677912905303,0.7356551830984587,0.7325559028323232,0.7280445985100984
2023-07-23 22:00:00,0.7182348220117758,0.7227443163177499,0.717910067815033,0.7140202406833761
2023-07-23 23:00:00,0.6915937398275535,0.713990035778103,0.7005754271058973,0.6737915102131861
2023-07-24 00:00:00,0.617554504990942,0.5455597933130525,0.5903807608987814,0.5795066470690444
2023-07-24 01:00:00,0.6140794075038412,0.6097235611060371,0.612433407141405,0.5709042210673783
2023-07-24 02:00:00,0.5782694835429895,0.632640475138715,0.6017746461187827,0.5341991329632728
2023-07-24 03:00:00,0.6136671473670352,0.5892706894820502,0.6009253001529298,0.5927976615476728
2023-07-24 04:00:00,0.5389699838960766,0.5112898861791103,0.5403568449009017,0.523301355326965
2023-07-24 05:00:00,0.40805799640130397,0.32896980504435086,0.3940103224995184,0.3958007807750185
2023-07-24 06:00:00,0.18380329306983892,0.11140348799643339,0.16341796533146477,0.17640994748336192
2023-07-24 07:00:00,0.0,0.0,0.0,0.0
2023-07-24 08:00:00,0.0,0.0,0.0,0.0
2023-07-24 09:00:00,0.0,0.0,0.0,0.0
2023-07-24 10:00:00,0.0,0.0,0.0,0.0
2023-07-24 11:00:00,0.0,0.0,0.0,0.0
2023-07-24 12:00:00,0.0,0.0,0.0,0.0
2023-07-24 13:00:00,0.0,0.0,0.0,0.0
2023-07-24 14:00:00,0.0,0.0,0.0,0.0
2023-07-24 15:00:00,0.0,0.0,0.0,0.0
2023-07-24 16:00:00,0.06700688541218941,0.17130997131087633,0.09600971417874107,0.10171958049287455
2023-07-24 17:00:00,0.24491982524760944,0.3570886540913893,0.2750800549846247,0.299615755772665
2023-07-24 18:00:00,0.47779580447612685,0.5189365388824427,0.48559499108543347,0.4968764822385665
2023-07-24 19:00:00,0.5655173709250806,0.6203339666817342,0.5779331118905741,0.6023615656550738
2023-07-24 20:00:00,0.6173616919687409,0.6733744126077811,0.6328465908263243,0.6494654687562155
2023-07-24 21:00:00,0.6732492854788509,0.6995604210282208,0.6802934678471867,0.6878526472788112
2023-07-24 22:00:00,0.6652253946199648,0.6502706651796237,0.6570539613501621,0.6675608227100254
2023-07-24 23:00:00,0.6408591756664493,0.6288615421088846,0.6478391943890789,0.6380481141248842
2023-07-25 00:00:00,0.646560234550826,0.6709874084481268,0.6551370649449262,0.6360146785351078
2023-07-25 01:00:00,0.6602441103603407,0.7074065900038167,0.6785880449711497,0.6654304150994471
2023-07-25 02:00:00,0.5923117289070108,0.6477552983751238,0.6166417268989006,0.5822558496033744
2023-07-25 03:00:00,0.579515239381258,0.6382248135990075,0.6061818675512209,0.5556372526380181
2023-07-25 04:00:00,0.5499821598988498,0.571319177071264,0.5566055126133534,0.5284151862284933
2023-07-25 05:00:00,0.4471950057439802,0.42666519241566964,0.4430962638956386,0.4323165548348942
2023-07-25 06:00:00,0.22867330056389612,0.2056200202512994,0.21973484998160175,0.21712172404037508
2023-07-25 07:00:00,0.0,0.0,0.0,0.0
2023-07-25 08:00:00,0.0,0.0,0.0,0.0
2023-07-25 09:00:00,0.0,0.0,0.0,0.0
2023-07-25 10:00:00,0.0,0.0,0.0,0.0
2023-07-25 11:00:00,0.0,0.0,0.0,0.0
2023-07-25 12:00:00,0.0,0.0,0.0,0.0
2023-07-25 13:00:00,0.0,0.0,0.0,0.0
2023-07-25 14:00:00,0.0,0.0,0.0,0.0
2023-07-25 15:00:00,0.0,0.0,0.0,0.0
2023-07-25 16:00:00,0.08514005937841675,0.11599171525569914,0.08220890505681087,0.07719205160512445
2023-07-25 17:00:00,0.3311801275545646,0.3592250238617331,0.3357950820176918,0.3228225759544144
2023-07-25 18:00:00,0.5124939358349032,0.5586160280410442,0.52822341084312,0.5064241141117578
2023-07-25 19:00:00,0.6195826619519615,0.6487079996606736,0.6301990061628913,0.6268908903630352
2023-07-25 20:00:00,0.6515834416430692,0.6391588242840597,0.6428874589370276,0.6347554502955127
2023-07-25 21:00:00,0.7024353944455609,0.7014291015491985,0.7049373071253894,0.6980057314405433
2023-07-25 22:00:00,0.6711341755379241,0.7118325124563745,0.6859966406318357,0.6653907722710377
2023-07-25 23:00:00,0.6850130527836672,0.7089889542706088,0.7026178329678521,0.6863391490761032
2023-07-26 00:00:00,0.650772328686393,0.6884219391601873,0.6671462729515439,0.6774706554655849
2023-07-26 01:00:00,0.6868356518353474,0.6547738796216068,0.6870116985588115,0.6898226154512642
2023-07-26 02:00:00,0.6390685596536612,0.5712460312935413,0.6213010355641772,0.6383930710386165
2023-07-26 03:00:00,0.5858325331248438,0.4836881529565571,0.5538366413161248,0.5925513665650305
2023-07-26 04:00:00,0.4929705597832244,0.4623122369772341,0.47740931095286304,0.5053656603770641
2023-07-26 05:00:00,0.4268915818539927,0.4147779853429772,0.42015307444656286,0.4327960378307963
2023-07-26 06:00:00,0.2618417270374671,0.25881503174255494,0.26048364141700253,0.2604764499605389
2023-07-26 07:00:00,0.0,0.0,0.0,0.0
2023-07-26 08:00:00,0.0,0.0,0.0,0.0
2023-07-26 09:00:00,0.0,0.0,0.0,0.0
2023-07-26 10:00:00,0.0,0.0,0.0,0.0
2023-07-26 11:00:00,0.0,0.0,0.0,0.0
2023-07-26 12:00:00,0.0,0.0,0.0,0.0
2023-07-26 13:00:00,0.0,0.0,0.0,0.0
2023-07-26 14:00:00,0.0,0.0,0.0,0.0
2023-07-26 15:00:00,0.0,0.0,0.0,0.0
2023-07-26 16:00:00,0.2592495537112834,0.2864416722376378,0.26507656214483233,0.2580589429805483
2023-07-26 17:00:00,0.4360545551261525,0.4069392305645116,0.4332703634247103,0.43135806564254486
2023-07-26 18:00:00,0.5670970632544142,0.5429402306043917,0.5627695372666579,0.5695462549242927
2023-07-26 19:00:00,0.6591078139182814,0.6574727663934251,0.6589359443204418,0.6598502924278892
2023-07-26 20:00:00,0.7040377572009199,0.6959923927754254,0.7021639271547331,0.701847738029917
2023-07-26 21:00:00,0.73051438456003,0.7238112605967929,0.7298928662851509,0.7262553773028717
2023-07-26 22:00:00,0.7416276606591469,0.7341871052037447,0.7414623809182446,0.7355404282582724
2023-07-26 23:00:00,0.7408630846579226,0.7300775127102513,0.7395265293911228,0.7340461944498348
2023-07-27 00:00:00,0.7154127685997138,0.6458589828367337,0.7126261911960234,0.708555495349939
2023-07-27 01:00:00,0.6219185458936601,0.48890622295687486,0.5932932888549578,0.5935886446843728
2023-07-27 02:00:00,0.49192047026895097,0.40251611418357697,0.47084054722209634,0.473423026174905
2023-07-27 03:00:00,0.31255561084158945,0.16422796868111653,0.2724820991237777,0.25190113733807357
2023-07-27 04:00:00,0.06668828517674061,0.04792414782218368,0.05647417151451438,0.0448928152760463
2023-07-27 05:00:00,0.00903544022683409,0.012607694833467404,0.009887991950458731,0.006643488734844869
2023-07-27 06:00:00,0.0,0.0,0.0,0.0
2023-07-27 07:00:00,0.0,0.0,0.0,0.0
2023-07-27 08:00:00,0.0,0.0,0.0,0.0
2023-07-27 09:00:00,0.0,0.0,0.0,0.0
2023-07-27 10:00:00,0.0,0.0,0.0,0.0
2023-07-27 11:00:00,0.0,0.0,0.0,0.0
2023-07-27 12:00:00,0.0,0.0,0.0,0.0
2023-07-27 13:00:00,0.0,0.0,0.0,0.0
2023-07-27 14:00:00,0.0,0.0,0.0,0.0
2023-07-27 15:00:00,0.0,0.0,0.0,0.0
2023-07-27 16:00:00,0.015091379217430487,0.024002095644907934,0.011176182757012595,0.00373628203342176
2023-07-27 17:00:00,0.12099839507745913,0.09108153658391542,0.10897487111872928,0.07328353470261367
2023-07-27 18:00:00,0.17670479563191943,0.19556997694636372,0.1647064781455033,0.1115157738825416
2023-07-27 19:00:00,0.29750430446230935,0.3510160693093362,0.3081198462306458,0.2776269240310419
2023-07-27 20:00:00,0.4006198408385737,0.40719468590486185,0.4075912356169812,0.3938143584829577
2023-07-27 21:00:00,0.5128509645723878,0.5556692860668498,0.5383694255429055,0.5230695800252235
2023-07-27 22:00:00,0.5134266131075599,0.5733787735406124,0.5345883594365062,0.5193876800674199
2023-07-27 23:00:00,0.5214507181007372,0.5310490057624238,0.5301962361436037,0.5527112974838485
2023-07-28 00:00:00,0.6474966266782451,0.6688030222066011,0.6663675286897773,0.6761264299505356
2023-07-28 01:00:00,0.6289316999105209,0.6626173865071349,0.6522993730822491,0.6449090608422869
2023-07-28 02:00:00,0.6969311848183656,0.7012263924455224,0.7036491876252305,0.7122119194777236
2023-07-28 03:00:00,0.6560821091107467,0.6646091195157453,0.6630130595651818,0.6628364483042716
2023-07-28 04:00:00,0.5806371936675347,0.5931534882772898,0.5867440794499601,0.5860925145093542
2023-07-28 05:00:00,0.4560449822370702,0.4604672560578192,0.4582059418764697,0.4635690498179916
2023-07-28 06:00:00,0.2736710846955244,0.27272511152171425,0.27321282750310943,0.2758417233903853
2023-07-28 07:00:00,0.0,0.0,0.0,0.0
2023-07-28 08:00:00,0.0,0.0,0.0,0.0
2023-07-28 09:00:00,0.0,0.0,0.0,0.0
2023-07-28 10:00:00,0.0,0.0,0.0,0.0
2023-07-28 11:00:00,0.0,0.0,0.0,0.0
2023-07-28 12:00:00,0.0,0.0,0.0,0.0
2023-07-28 13:00:00,0.0,0.0,0.0,0.0
2023-07-28 14:00:00,0.0,0.0,0.0,0.0
2023-07-28 15:00:00,0.0,0.0,0.0,0.0
2023-07-28 16:00:00,0.16917539421903746,0.23818987614772932,0.1813793016510084,0.1534326987974056
2023-07-28 17:00:00,0.30455762520073504,0.35141902161468225,0.31451417827970274,0.28405932166993747
2023-07-28 18:00:00,0.48749198036069186,0.4593312702213168,0.4804053255518119,0.44229325236462413
2023-07-28 19:00:00,0.5902095822541477,0.5298011196307871,0.5807188238722196,0.57146184783568
2023-07-28 20:00:00,0.6096233138544224,0.5317589471548434,0.5917662940564126,0.5771953252585437
2023-07-28 21:00:00,0.5550332896693646,0.4682071153233913,0.535651588144862,0.5196102588180929
2023-07-28 22:00:00,0.6086231669690928,0.5815795426896382,0.5996055819589541,0.5761669555528672
2023-07-28 23:00:00,0.6170649528888233,0.6058995683330833,0.6301738497472515,0.561889651557674
2023-07-29 00:00:00,0.5534234527083277,0.5065992217432831,0.5468029903525553,0.5439670026349268
2023-07-29 01:00:00,0.5344127455389156,0.37139708396298854,0.49907336995586926,0.4652726544757109
2023-07-29 02:00:00,0.3433834394851845,0.2394708547978968,0.3107346138583903,0.2768007233885659
2023-07-29 03:00:00,0.22779703856624364,0.17861095716973982,0.2065539872243879,0.17675886016831677
2023-07-29 04:00:00,0.21604922550505945,0.38090587871238996,0.2470646660077921,0.20196190021006377
2023-07-29 05:00:00,0.17277213509242742,0.32444533636806916,0.22337974791905424,0.2504437262879414
2023-07-29 06:00:00,0.09362768353229518,0.09932889125598905,0.09467917230127462,0.12105263439641188
2023-07-29 07:00:00,0.0,0.0,0.0,0.0
2023-07-29 08:00:00,0.0,0.0,0.0,0.0
2023-07-29 09:00:00,0.0,0.0,0.0,0.0
2023-07-29 10:00:00,0.0,0.0,0.0,0.0
2023-07-29 11:00:00,0.0,0.0,0.0,0.0
2023-07-29 12:00:00,0.0,0.0,0.0,0.0
2023-07-29 13:00:00,0.0,0.0,0.0,0.0
2023-07-29 14:00:00,0.0,0.0,0.0,0.0
2023-07-29 15:00:00,0.0,0.0,0.0,0.0
2023-07-29 16:00:00,0.0,0.0,0.0,0.0
2023-07-29 17:00:00,0.0015041551230716935,0.0,0.0006614575444435579,0.0009437407809855637
2023-07-29 18:00:00,0.012043442165373125,0.011695629566833628,0.013888009309111271,0.02151265700743636
2023-07-29 19:00:00,0.029978336939810845,0.032183457971243945,0.03098520230643286,0.03548363747904945
2023-07-29 20:00:00,0.06671860004757914,0.06649428952287818,0.06825777301202451,0.0875458931448695
2023-07-29 21:00:00,0.1820109779413376,0.3063023155798111,0.20514163298484211,0.2914843354742833
2023-07-29 22:00:00,0.5194634280817324,0.6951918888560226,0.573626780130213,0.6191300959648247
2023-07-29 23:00:00,0.6458991625112749,0.688456826773243,0.6690394542816733,0.6615003225700229
2023-07-30 00:00:00,0.3055833663089199,0.48143860752513684,0.358471193044972,0.3842132967161514
2023-07-30 01:00:00,0.6450972903589874,0.7059213505271456,0.6767140664652966,0.6809008783623388
2023-07-30 02:00:00,0.6628315790191349,0.6905457058273096,0.6810326807926452,0.6839225560321456
2023-07-30 03:00:00,0.6649595660032039,0.6733270981925302,0.6686195176436832,0.6754615894643899
2023-07-30 04:00:00,0.584967045107308,0.5762451203688291,0.5840646923516697,0.5906024118609166
2023-07-30 05:00:00,0.4461975213460396,0.4388624208283031,0.4536619503436373,0.46510362433686775
2023-07-30 06:00:00,0.23826330189169184,0.2504172308109695,0.24465633730073624,0.24692655979512798
2023-07-30 07:00:00,0.0,0.0,0.0,0.0
2023-07-30 08:00:00,0.0,0.0,0.0,0.0
2023-07-30 09:00:00,0.0,0.0,0.0,0.0
2023-07-30 10:00:00,0.0,0.0,0.0,0.0
2023-07-30 11:00:00,0.0,0.0,0.0,0.0
2023-07-30 12:00:00,0.0,0.0,0.0,0.0
2023-07-30 13:00:00,0.0,0.0,0.0,0.0
2023-07-30 14:00:00,0.0,0.0,0.0,0.0
2023-07-30 15:00:00,0.0,0.0,0.0,0.0
2023-07-30 16:00:00,0.25031670450617666,0.1874373891469797,0.23454086865230028,0.24031269698654975
2023-07-30 17:00:00,0.3735251306659478,0.3042036997060698,0.3460259902524627,0.35114949568422266
2023-07-30 18:00:00,0.5823261355224015,0.5518001536008607,0.5771515887634062,0.5871525844730935
2023-07-30 19:00:00,0.648410035301448,0.6512846899746004,0.6486705792371978,0.6670963055235507
2023-07-30 20:00:00,0.7076071477686979,0.6984052015709178,0.7085774572660715,0.7264933023227892
2023-07-30 21:00:00,0.7440611020814577,0.7320925860544666,0.7438189776717135,0.7510287396057066
2023-07-30 22:00:00,0.7406207700064678,0.7162586880849702,0.7384250449383025,0.7403746818871548
2023-07-30 23:00:00,0.7318385618127315,0.7298319281377407,0.7333711885423995,0.7355006239555258
2023-07-31 00:00:00,0.6092255423830437,0.5547061189564838,0.5917961601642846,0.6075110792076579
2023-07-31 01:00:00,0.5603004138444749,0.5322340428654248,0.5490921623911245,0.573351301203673
2023-07-31 02:00:00,0.5788794462459503,0.5574602925553309,0.5735140649316196,0.614822393375917
2023-07-31 03:00:00,0.5595050682179791,0.5705242774971829,0.5616225577002869,0.584587855594855
2023-07-31 04:00:00,0.5147214047966351,0.5202523850026138,0.5073812146491588,0.4632480789711803
2023-07-31 05:00:00,0.2642725876194415,0.32288786688342025,0.2682979318173393,0.20504062668571357
2023-07-31 06:00:00,0.10973778739055791,0.17648966216374803,0.12191758690596488,0.08866756985867447
2023-07-31 07:00:00,0.0,0.0,0.0,0.0
2023-07-31 08:00:00,0.0,0.0,0.0,0.0
2023-07-31 09:00:00,0.0,0.0,0.0,0.0
2023-07-31 10:00:00,0.0,0.0,0.0,0.0
2023-07-31 11:00:00,0.0,0.0,0.0,0.0
2023-07-31 12:00:00,0.0,0.0,0.0,0.0
2023-07-31 13:00:00,0.0,0.0,0.0,0.0
2023-07-31 14:00:00,0.0,0.0,0.0,0.0
2023-07-31 15:00:00,0.0,0.0,0.0,0.0
2023-07-31 16:00:00,0.3058838107806372,0.2367841553622013,0.31395906403515805,0.29058719872005906
2023-07-31 17:00:00,0.38107440717302027,0.4233854284457002,0.38336588646261355,0.35571505776799633
2023-07-31 18:00:00,0.5821944025839032,0.5994957058425724,0.5882082871417988,0.581231909464693
2023-07-31 19:00:00,0.6493200332350574,0.6475075052751108,0.642102626222602,0.6271501507433291
2023-07-31 20:00:00,0.6850468838889697,0.715926136525327,0.6921868004303393,0.6777857989064663
2023-07-31 21:00:00,0.6788971992523085,0.6738516310819805,0.6723932215587533,0.6729195353564451
2023-07-31 22:00:00,0.6771085980847079,0.6436632914815449,0.6660108204171488,0.6665740138902297
2023-07-31 23:00:00,0.6352291444548922,0.5537971010418761,0.6111665355646467,0.6318111667024208
2023-08-01 00:00:00,0.6216934019227073,0.6335938548228058,0.6287929950983233,0.6492811257169836
2023-08-01 01:00:00,0.6639768792561762,0.6580680918115354,0.6689308386383936,0.6854878165566601
2023-08-01 02:00:00,0.6752330507986244,0.6231813944329687,0.679123471915543,0.6875874121465189
2023-08-01 03:00:00,0.611138132167698,0.5806606061808743,0.6142286572336508,0.6237999855852121
2023-08-01 04:00:00,0.5114365529531965,0.47244494601723025,0.5054977439477253,0.5090793396210634
2023-08-01 05:00:00,0.3923717159283471,0.3508202012771699,0.38748205126755725,0.37917733088157785
2023-08-01 06:00:00,0.27407475050490476,0.23573907544007477,0.26887587316787165,0.2806882644346172
2023-08-01 07:00:00,0.0,0.0,0.0,0.0
2023-08-01 08:00:00,0.0,0.0,0.0,0.0
2023-08-01 09:00:00,0.0,0.0,0.0,0.0
2023-08-01 10:00:00,0.0,0.0,0.0,0.0
2023-08-01 11:00:00,0.0,0.0,0.0,0.0
2023-08-01 12:00:00,0.0,0.0,0.0,0.0
2023-08-01 13:00:00,0.0,0.0,0.0,0.0
2023-08-01 14:00:00,0.0,0.0,0.0,0.0
2023-08-01 15:00:00,0.0,0.0,0.0,0.0
2023-08-01 16:00:00,0.34680757894364483,0.12580460691542056,0.3575124579855451,0.35448182424831387
2023-08-01 17:00:00,0.44533899768649254,0.4091677427077643,0.4465388757665648,0.4434047117835167
2023-08-01 18:00:00,0.5838711799591404,0.5513720168892101,0.5724907269984533,0.5769341114126456
2023-08-01 19:00:00,0.661548090293176,0.6325111028295892,0.6497003384283209,0.6447390960308035
2023-08-01 20:00:00,0.7239007717445443,0.69857530567384,0.7170292139521259,0.724294592778789
2023-08-01 21:00:00,0.7659237996074729,0.7507886776412983,0.7632421303784334,0.7660409095992335
2023-08-01 22:00:00,0.729706176010216,0.7326811307637092,0.7363147995291611,0.7377173807885976
2023-08-01 23:00:00,0.7475331863705259,0.7408168874647361,0.7600707910300446,0.7475821366812346
2023-08-02 00:00:00,0.7068331255688819,0.7204919069347347,0.7125790471926874,0.691686104132876
2023-08-02 01:00:00,0.6411075382041922,0.6126667543455011,0.6512552484029814,0.6333779022847597
2023-08-02 02:00:00,0.5126763273267223,0.4438290952186988,0.4888979213602176,0.5250560791518012
2023-08-02 03:00:00,0.4591732004427295,0.472527111412367,0.4682103481294404,0.4937870580336103
2023-08-02 04:00:00,0.4648051981069008,0.47686560344973383,0.4795647674873167,0.4791006934034867
2023-08-02 05:00:00,0.3889925133429663,0.39130619802105066,0.3892326881645626,0.3793628334518743
2023-08-02 06:00:00,0.20025252689193765,0.15510213829668199,0.1771526666297576,0.18581982108335235
2023-08-02 07:00:00,0.0,0.0,0.0,0.0
2023-08-02 08:00:00,0.0,0.0,0.0,0.0
2023-08-02 09:00:00,0.0,0.0,0.0,0.0
2023-08-02 10:00:00,0.0,0.0,0.0,0.0
2023-08-02 11:00:00,0.0,0.0,0.0,0.0
2023-08-02 12:00:00,0.0,0.0,0.0,0.0
2023-08-02 13:00:00,0.0,0.0,0.0,0.0
2023-08-02 14:00:00,0.0,0.0,0.0,0.0
2023-08-02 15:00:00,0.0,0.0,0.0,0.0
2023-08-02 16:00:00,0.20123536929743727,0.0,0.15458615731663766,0.2105495829256855
2023-08-02 17:00:00,0.4172204486722168,0.4113917054980145,0.41758425556260015,0.4300206418026376
2023-08-02 18:00:00,0.5741024584697247,0.5632098746163804,0.5734923730697461,0.584183646646775
2023-08-02 19:00:00,0.6118027984186295,0.6147642660578992,0.6042208996909746,0.6089918221043877
2023-08-02 20:00:00,0.6754377475550283,0.6446218831368496,0.6662670993033257,0.6732539222158658
2023-08-02 21:00:00,0.6647350756996495,0.6355297758156516,0.6528624271089707,0.6613134282542611
2023-08-02 22:00:00,0.6785797632457876,0.6837998077312358,0.6896709785054495,0.6710050950153464
2023-08-02 23:00:00,0.6333890194582398,0.5960914655370303,0.6085807382327878,0.6001140703550237
2023-08-03 00:00:00,0.5763599571814549,0.5555179124357801,0.5548485063818166,0.509627275310845
2023-08-03 01:00:00,0.5604677095633613,0.5672150722497279,0.5438891520800025,0.4614787831377185
2023-08-03 02:00:00,0.5776126485261476,0.5503225774338497,0.5708502031136836,0.5087074123699038
2023-08-03 03:00:00,0.43788545534409407,0.5414054899651751,0.4865609238063797,0.40030538779589625
2023-08-03 04:00:00,0.29270823977062177,0.3681194627960716,0.31270748008602106,0.2977140702151295
2023-08-03 05:00:00,0.20755492150351598,0.220303609267631,0.20668646361046797,0.2491776970095699
2023-08-03 06:00:00,0.17570902451979586,0.18049143983634083,0.17243301354863355,0.19630088458870645
2023-08-03 07:00:00,0.0,0.0,0.0,0.0
2023-08-03 08:00:00,0.0,0.0,0.0,0.0
2023-08-03 09:00:00,0.0,0.0,0.0,0.0
2023-08-03 10:00:00,0.0,0.0,0.0,0.0
2023-08-03 11:00:00,0.0,0.0,0.0,0.0
2023-08-03 12:00:00,0.0,0.0,0.0,0.0
2023-08-03 13:00:00,0.0,0.0,0.0,0.0
2023-08-03 14:00:00,0.0,0.0,0.0,0.0
2023-08-03 15:00:00,0.0,0.0,0.0,0.0
2023-08-03 16:00:00,0.19845340974664794,0.0,0.15468011380526805,0.0988318485554402
2023-08-03 17:00:00,0.372629230708323,0.3959769951442591,0.3779591396456546,0.363689949621703
2023-08-03 18:00:00,0.5341905874268571,0.5461640321049178,0.5327365713492083,0.5325224031776283
2023-08-03 19:00:00,0.6549442246994928,0.6515227779949165,0.6547128695154494,0.6586535499566639
2023-08-03 20:00:00,0.6848786874173797,0.681300781624016,0.682185518190761,0.6827991201040217
2023-08-03 21:00:00,0.6521450743007011,0.6493688994764878,0.648188795299532,0.6448896464933581
2023-08-03 22:00:00,0.7286613094861765,0.7065804305698581,0.7215099444561095,0.7296145622399447
2023-08-03 23:00:00,0.7237256175058602,0.7155285918019173,0.7199929929406159,0.7246587539637472
2023-08-04 00:00:00,0.745289173352826,0.74190327078336,0.7455736935559085,0.7437722936511375
2023-08-04 01:00:00,0.7147066097367837,0.7013313285920156,0.7240368546935125,0.7108835213530146
2023-08-04 02:00:00,0.6611722472554616,0.6548323881276876,0.6684332955492971,0.6450050921439994
2023-08-04 03:00:00,0.5870054684810138,0.6144524632819137,0.5950682909941969,0.568766097982068
2023-08-04 04:00:00,0.5311154559920294,0.5202930496886604,0.5269139657209471,0.5161945330982373
2023-08-04 05:00:00,0.40220445571424635,0.3831164115274894,0.4002206100336524,0.3946212081892801
2023-08-04 06:00:00,0.2520866558152424,0.23024872131705543,0.24600510306387244,0.23301098290428598
2023-08-04 07:00:00,0.0,0.0,0.0,0.0
2023-08-04 08:00:00,0.0,0.0,0.0,0.0
2023-08-04 09:00:00,0.0,0.0,0.0,0.0
2023-08-04 10:00:00,0.0,0.0,0.0,0.0
2023-08-04 11:00:00,0.0,0.0,0.0,0.0
2023-08-04 12:00:00,0.0,0.0,0.0,0.0
2023-08-04 13:00:00,0.0,0.0,0.0,0.0
2023-08-04 14:00:00,0.0,0.0,0.0,0.0
2023-08-04 15:00:00,0.0,0.0,0.0,0.0
2023-08-04 16:00:00,0.10046123439282595,0.0,0.0,0.10984668835325313
2023-08-04 17:00:00,0.3724208401153446,0.35807382156901096,0.36721218298107594,0.3872424294670315
2023-08-04 18:00:00,0.5811044374961983,0.5711807328456318,0.5805295420345354,0.5761887484237206
2023-08-04 19:00:00,0.6543351376338524,0.6502191192829362,0.6523175758070195,0.635279513062334
2023-08-04 20:00:00,0.6930460554885528,0.6999462999759857,0.6931441990087324,0.6720937054518775
2023-08-04 21:00:00,0.7054972418148945,0.7252668543569288,0.7132889826283197,0.695495703661889
2023-08-04 22:00:00,0.7286959106596517,0.7387411687949612,0.7354760390378314,0.7189759572609481
2023-08-04 23:00:00,0.6982048755405814,0.6744268871309749,0.6951930118547375,0.6989394595938271
2023-08-05 00:00:00,0.6767636186132449,0.6756604071317313,0.681105523947463,0.6924337279741225
2023-08-05 01:00:00,0.7097552108014454,0.7159797973854941,0.7216129448583376,0.7191841405122764
2023-08-05 02:00:00,0.6608677830952797,0.6209879972279712,0.6559347982889352,0.6659913810161532
2023-08-05 03:00:00,0.6201137438795944,0.5818145731181209,0.6222005540172053,0.6273123491511009
2023-08-05 04:00:00,0.554554185518244,0.5510938533792755,0.5530515225277944,0.5697240938784027
2023-08-05 05:00:00,0.4469959583707726,0.45110207364867033,0.4513968425545264,0.4528451877926479
2023-08-05 06:00:00,0.35175459397995074,0.3088000108456404,0.3407858186510304,0.33069846788060975
2023-08-05 07:00:00,0.0,0.0,0.0,0.0
2023-08-05 08:00:00,0.0,0.0,0.0,0.0
2023-08-05 09:00:00,0.0,0.0,0.0,0.0
2023-08-05 10:00:00,0.0,0.0,0.0,0.0
2023-08-05 11:00:00,0.0,0.0,0.0,0.0
2023-08-05 12:00:00,0.0,0.0,0.0,0.0
2023-08-05 13:00:00,0.0,0.0,0.0,0.0
2023-08-05 14:00:00,0.0,0.0,0.0,0.0
2023-08-05 15:00:00,0.0,0.0,0.0,0.0
2023-08-05 16:00:00,0.0,0.0,0.0,0.0
2023-08-05 17:00:00,0.2608987010171374,0.20353136750764522,0.24094424888897836,0.2468595096847269
2023-08-05 18:00:00,0.421498467723927,0.353797826892847,0.39740823867396313,0.40779076758091476
2023-08-05 19:00:00,0.5388575806927677,0.5287262726079437,0.5299633449962441,0.5119123416580013
2023-08-05 20:00:00,0.6406403693625747,0.6472181438311776,0.6456977336475738,0.6401563129768756
2023-08-05 21:00:00,0.740688093379164,0.7127229247576315,0.7391195428757251,0.7479801494171875
2023-08-05 22:00:00,0.7144360944066631,0.6770619146753427,0.703799590727838,0.7167537296776624
2023-08-05 23:00:00,0.66335256823271,0.6819626712424175,0.6717044679406816,0.6594652328113156
2023-08-06 00:00:00,0.6219061750735567,0.6304084856476496,0.6281609605058023,0.5990983040712053
2023-08-06 01:00:00,0.5326735199509699,0.5387493696974616,0.5413102750351839,0.49226566576280445
2023-08-06 02:00:00,0.3726276652793263,0.36657340616913503,0.37084988218814563,0.32860790852116567
2023-08-06 03:00:00,0.28912229871754064,0.3109068903177379,0.30115973527458195,0.26098900757068016
2023-08-06 04:00:00,0.16066981982062778,0.1883587511181579,0.16906836909820622,0.15184700960387745
2023-08-06 05:00:00,0.12539456204243912,0.11640794296845769,0.13061755977941564,0.18292885233806025
2023-08-06 06:00:00,0.021331057568871048,0.05311301488995524,0.03199658635330657,0.17303768622546992
2023-08-06 07:00:00,0.0,0.0,0.0,0.0
2023-08-06 08:00:00,0.0,0.0,0.0,0.0
2023-08-06 09:00:00,0.0,0.0,0.0,0.0
2023-08-06 10:00:00,0.0,0.0,0.0,0.0
2023-08-06 11:00:00,0.0,0.0,0.0,0.0
2023-08-06 12:00:00,0.0,0.0,0.0,0.0
2023-08-06 13:00:00,0.0,0.0,0.0,0.0
2023-08-06 14:00:00,0.0,0.0,0.0,0.0
2023-08-06 15:00:00,0.0,0.0,0.0,0.0
2023-08-06 16:00:00,0.0,0.0,0.0,0.0
2023-08-06 17:00:00,0.33319160260234143,0.21593161073896627,0.3066512507189344,0.3456288024236058
2023-08-06 18:00:00,0.48987725841983787,0.4347609252634436,0.4781532906122534,0.5158360636293567
2023-08-06 19:00:00,0.5889845766731839,0.5556410303967355,0.5735393211345332,0.6107078405583491
2023-08-06 20:00:00,0.6389608597950512,0.5946659749502077,0.6318415944401283,0.6706986192446486
2023-08-06 21:00:00,0.6723258689139934,0.6763095207927762,0.6765793369126825,0.6904263604708577
2023-08-06 22:00:00,0.6915496443253558,0.6404570706846436,0.6813670208341873,0.6979038288009232
2023-08-06 23:00:00,0.5133812898965323,0.35355610375186913,0.4577870659359021,0.519028102494438
2023-08-07 00:00:00,0.46439350902367504,0.4310569812534859,0.44238451310018356,0.38196151531633554
2023-08-07 01:00:00,0.2652802378499238,0.2581868839653005,0.24335592097810677,0.21207894959892837
2023-08-07 02:00:00,0.1900686502951899,0.25463114445287977,0.18571544908452559,0.14531204637444228
2023-08-07 03:00:00,0.2237778423837923,0.25896801340174946,0.22621961287193804,0.16270129934588962
2023-08-07 04:00:00,0.10522969805476447,0.0690241737981456,0.09108467531417944,0.06534493507087359
2023-08-07 05:00:00,0.062363787894997434,0.03834300762418218,0.050952296101904784,0.04191654827076533
2023-08-07 06:00:00,0.003057473249947122,0.02098144909013187,0.004586209874920683,0.0
2023-08-07 07:00:00,0.0,0.0,0.0,0.0
2023-08-07 08:00:00,0.0,0.0,0.0,0.0
2023-08-07 09:00:00,0.0,0.0,0.0,0.0
2023-08-07 10:00:00,0.0,0.0,0.0,0.0
2023-08-07 11:00:00,0.0,0.0,0.0,0.0
2023-08-07 12:00:00,0.0,0.0,0.0,0.0
2023-08-07 13:00:00,0.0,0.0,0.0,0.0
2023-08-07 14:00:00,0.0,0.0,0.0,0.0
2023-08-07 15:00:00,0.0,0.0,0.0,0.0
2023-08-07 16:00:00,0.0,0.0,0.0,0.0
2023-08-07 17:00:00,0.05345046312221028,0.07098299257019418,0.0480540913819764,0.03275784810050786
2023-08-07 18:00:00,0.12705317912945024,0.22405697276964273,0.14429236925091907,0.10903227821136381
2023-08-07 19:00:00,0.3491118721356455,0.41115569478523817,0.37009477024962034,0.32402776529797334
2023-08-07 20:00:00,0.40117104847057844,0.37261544667367147,0.3950976089645207,0.3769041307262946
2023-08-07 21:00:00,0.3255075274252018,0.2611026053089989,0.3058611901875933,0.29273915175241294
2023-08-07 22:00:00,0.20592725190544767,0.18710318765534514,0.2016372937936997,0.2356934478762953
2023-08-07 23:00:00,0.22392645616915052,0.1934314532651563,0.21344418569615004,0.23037225389769525
2023-08-08 00:00:00,0.32330605426700837,0.3124597297610517,0.3140267220159715,0.3212556163335668
2023-08-08 01:00:00,0.28085059700248216,0.35248879141425293,0.30031866761624293,0.28083133813316913
2023-08-08 02:00:00,0.30473165763845517,0.3377556254679757,0.31022914841745386,0.25855752684193417
2023-08-08 03:00:00,0.31286351222701075,0.19992929387539374,0.26984413962983583,0.18890923066037582
2023-08-08 04:00:00,0.15090202552743007,0.14654842875623383,0.11712749571781722,0.06427404056229348
2023-08-08 05:00:00,0.020161127737687537,0.09613040361510555,0.01599757469947841,0.010563101303273904
2023-08-08 06:00:00,0.0,0.054946782922221764,0.0,0.0
2023-08-08 07:00:00,0.0,0.0,0.0,0.0
2023-08-08 08:00:00,0.0,0.0,0.0,0.0
2023-08-08 09:00:00,0.0,0.0,0.0,0.0
2023-08-08 10:00:00,0.0,0.0,0.0,0.0
2023-08-08 11:00:00,0.0,0.0,0.0,0.0
2023-08-08 12:00:00,0.0,0.0,0.0,0.0
2023-08-08 13:00:00,0.0,0.0,0.0,0.0
2023-08-08 14:00:00,0.0,0.0,0.0,0.0
2023-08-08 15:00:00,0.0,0.0,0.0,0.0
2023-08-08 16:00:00,0.0,0.0,0.0,0.0
2023-08-08 17:00:00,0.3722764142381298,0.32608569089044614,0.3625693871092993,0.33266823425008696
2023-08-08 18:00:00,0.5204497329679633,0.47862908765390966,0.5155185905124071,0.49095777689752973
2023-08-08 19:00:00,0.5914312056015021,0.5168030834840803,0.5719163423118867,0.5637397094816002
2023-08-08 20:00:00,0.6040035570143809,0.5515905137670437,0.5877430800993841,0.5802410430208748
2023-08-08 21:00:00,0.6306282668393486,0.6013423819303868,0.6237207041774934,0.6227507773353754
2023-08-08 22:00:00,0.6356114518425765,0.6342406282555708,0.6364226700855184,0.6296505281170809
2023-08-08 23:00:00,0.6370483408000206,0.6575186048823802,0.6383628940139563,0.6488847002225676
2023-08-09 00:00:00,0.6758298806950579,0.6426787070691335,0.6710774761909938,0.6768581022216219
2023-08-09 01:00:00,0.6360495141423151,0.5520665392551098,0.6057405520886968,0.6453976155736992
2023-08-09 02:00:00,0.5813200854915301,0.5463509855669861,0.5580142570392107,0.5850308433501685
2023-08-09 03:00:00,0.5855157408129611,0.5854141813942487,0.5828799398811713,0.5808067818116068
2023-08-09 04:00:00,0.48602708419379376,0.5322194249388413,0.5035030337951981,0.47556921583980144
2023-08-09 05:00:00,0.3157014186608942,0.3818921356662564,0.33658843734653443,0.324218828678652
2023-08-09 06:00:00,0.0,0.0,0.0,0.0
2023-08-09 07:00:00,0.0,0.0,0.0,0.0
2023-08-09 08:00:00,0.0,0.0,0.0,0.0
2023-08-09 09:00:00,0.0,0.0,0.0,0.0
2023-08-09 10:00:00,0.0,0.0,0.0,0.0
2023-08-09 11:00:00,0.0,0.0,0.0,0.0
2023-08-09 12:00:00,0.0,0.0,0.0,0.0
2023-08-09 13:00:00,0.0,0.0,0.0,0.0
2023-08-09 14:00:00,0.0,0.0,0.0,0.0
2023-08-09 15:00:00,0.0,0.0,0.0,0.0
2023-08-09 16:00:00,0.0,0.0,0.0,0.0
2023-08-09 17:00:00,0.4063981521362143,0.40015488841588615,0.4050430474889285,0.4143406278967449
2023-08-09 18:00:00,0.5561561129462702,0.569758194475931,0.5584802578269595,0.5709039363011592
2023-08-09 19:00:00,0.6441292148689914,0.6592970818629176,0.6470955285568946,0.653563094179927
2023-08-09 20:00:00,0.7058004055650621,0.7050955620628767,0.7062472739616619,0.7073843027968204
2023-08-09 21:00:00,0.7395496460533854,0.7331664267087689,0.7367935674684194,0.7383971448102148
2023-08-09 22:00:00,0.7428078673584856,0.7178406305245827,0.7482786330406519,0.7424259166829176
2023-08-09 23:00:00,0.7004925161676064,0.6750038198212124,0.707762865473659,0.6949922491390385
2023-08-10 00:00:00,0.6775428647665324,0.5741092853162001,0.6574753464126525,0.6672848985362044
2023-08-10 01:00:00,0.6118965620987366,0.5819786277320832,0.5993398630345832,0.5768300985210283
2023-08-10 02:00:00,0.5510947474546324,0.5914215144009404,0.5735024194483611,0.5406812116940237
2023-08-10 03:00:00,0.5365165149530439,0.4662554326225774,0.5274739733211875,0.5119677057358892
2023-08-10 04:00:00,0.3438008721144388,0.24727988531777198,0.3163798450441437,0.30248876983230094
2023-08-10 05:00:00,0.06930247932929634,0.03995417640358049,0.057980632459130016,0.06496027255561442
2023-08-10 06:00:00,0.0,0.0,0.0,0.0
2023-08-10 07:00:00,0.0,0.0,0.0,0.0
2023-08-10 08:00:00,0.0,0.0,0.0,0.0
2023-08-10 09:00:00,0.0,0.0,0.0,0.0
2023-08-10 10:00:00,0.0,0.0,0.0,0.0
2023-08-10 11:00:00,0.0,0.0,0.0,0.0
2023-08-10 12:00:00,0.0,0.0,0.0,0.0
2023-08-10 13:00:00,0.0,0.0,0.0,0.0
2023-08-10 14:00:00,0.0,0.0,0.0,0.0
2023-08-10 15:00:00,0.0,0.0,0.0,0.0
2023-08-10 16:00:00,0.0,0.0,0.0,0.0
2023-08-10 17:00:00,0.29548369402656566,0.3064612405834879,0.2952175695505443,0.3322790931898741
2023-08-10 18:00:00,0.436615661067274,0.43580216062876875,0.42547483543852205,0.4664613133193911
2023-08-10 19:00:00,0.5818573887004591,0.5930290937717144,0.5816244646410726,0.5966550978644557
2023-08-10 20:00:00,0.6785182887801854,0.6578142655123562,0.6695058806761724,0.680478534731142
2023-08-10 21:00:00,0.7352529340890149,0.6994788055860389,0.725102316722991,0.7121728395717685
2023-08-10 22:00:00,0.6930490266073722,0.6523191238133673,0.6791712573554647,0.6769698367862563
2023-08-10 23:00:00,0.6813046904960259,0.6585468762197587,0.6722075028137036,0.650046717409595
2023-08-11 00:00:00,0.6105540574704686,0.5944770005045501,0.599750079515682,0.5772399949940477
2023-08-11 01:00:00,0.6428530320428836,0.5904713103043346,0.6295094568455186,0.6636804024511138
2023-08-11 02:00:00,0.598598338568067,0.5615750279757608,0.590252945498045,0.6179845548728692
2023-08-11 03:00:00,0.43911874572716053,0.4583599331109916,0.43833058687291765,0.4306899422128461
2023-08-11 04:00:00,0.48714970292179943,0.5023636163841292,0.49664048307083075,0.48946090602946407
2023-08-11 05:00:00,0.2604206472184239,0.23809343435483946,0.24418408193583852,0.258157740075102
2023-08-11 06:00:00,0.0,0.0,0.0,0.0
2023-08-11 07:00:00,0.0,0.0,0.0,0.0
2023-08-11 08:00:00,0.0,0.0,0.0,0.0
2023-08-11 09:00:00,0.0,0.0,0.0,0.0
2023-08-11 10:00:00,0.0,0.0,0.0,0.0
2023-08-11 11:00:00,0.0,0.0,0.0,0.0
2023-08-11 12:00:00,0.0,0.0,0.0,0.0
2023-08-11 13:00:00,0.0,0.0,0.0,0.0
2023-08-11 14:00:00,0.0,0.0,0.0,0.0
2023-08-11 15:00:00,0.0,0.0,0.0,0.0
2023-08-11 16:00:00,0.0,0.0,0.0,0.0
2023-08-11 17:00:00,0.40437865881871216,0.35652055382477793,0.38894819130096114,0.39660457050665526
2023-08-11 18:00:00,0.5644552980473632,0.5445575233877741,0.5532904304925814,0.5578537470852879
2023-08-11 19:00:00,0.6459715599507548,0.6174042572974026,0.6302617884375403,0.6200141775828656
2023-08-11 20:00:00,0.6700214478661198,0.6931886116718333,0.6716324122812514,0.6392343501726915
2023-08-11 21:00:00,0.7131692664708286,0.7342370484713076,0.7182725337392598,0.7040899477925437
2023-08-11 22:00:00,0.7489077148641186,0.7588523594071246,0.7516919133771469,0.7508911070599801
2023-08-11 23:00:00,0.750190156841037,0.7270971607489781,0.7425638113413713,0.7507476348952521
2023-08-12 00:00:00,0.5485303620990815,0.5565336842889831,0.5553739602716337,0.5272400660514592
2023-08-12 01:00:00,0.6250081801944095,0.5934140435406676,0.6295881411358352,0.6188663879876232
2023-08-12 02:00:00,0.6267357477423711,0.5281285906240559,0.6139224506880716,0.6157413243720459
2023-08-12 03:00:00,0.48196387584584843,0.36289214312355494,0.4531219332668919,0.41659578090519794
2023-08-12 04:00:00,0.29314486955354124,0.26330325419454526,0.28081635721964016,0.23274301154716526
2023-08-12 05:00:00,0.1325949337197709,0.13261016753207358,0.13607175745371283,0.10223485261622506
2023-08-12 06:00:00,0.0,0.0,0.0,0.0
2023-08-12 07:00:00,0.0,0.0,0.0,0.0
2023-08-12 08:00:00,0.0,0.0,0.0,0.0
2023-08-12 09:00:00,0.0,0.0,0.0,0.0
2023-08-12 10:00:00,0.0,0.0,0.0,0.0
2023-08-12 11:00:00,0.0,0.0,0.0,0.0
2023-08-12 12:00:00,0.0,0.0,0.0,0.0
2023-08-12 13:00:00,0.0,0.0,0.0,0.0
2023-08-12 14:00:00,0.0,0.0,0.0,0.0
2023-08-12 15:00:00,0.0,0.0,0.0,0.0
2023-08-12 16:00:00,0.0,0.0,0.0,0.0
2023-08-12 17:00:00,0.1973089443807181,0.3293135506800861,0.24131630253706593,0.22311457910661261
2023-08-12 18:00:00,0.3942633945954426,0.5043947310532695,0.4335951856342751,0.3479217420824258
2023-08-12 19:00:00,0.37048921846841254,0.4197534279846152,0.3713387050235205,0.27857499642153266
2023-08-12 20:00:00,0.40689109380493305,0.538245419589321,0.4426084061079562,0.3962014667531506
2023-08-12 21:00:00,0.5304518920271346,0.6456427336319083,0.5726601325508239,0.5167844403967917
2023-08-12 22:00:00,0.6363581406271073,0.6275062195672444,0.6346531334100842,0.6376712425253069
2023-08-12 23:00:00,0.612726572929798,0.6472446764325549,0.6244847684188299,0.6453635354136914
2023-08-13 00:00:00,0.6678302638823403,0.704858007348244,0.6886752560000098,0.6521493135487172
2023-08-13 01:00:00,0.4997394134911701,0.48283489701785814,0.491405459952238,0.544225359725519
2023-08-13 02:00:00,0.4721235438131357,0.5237832164048828,0.4718304829059925,0.5092603230662124
2023-08-13 03:00:00,0.5781230031631682,0.570595011488405,0.5980455459756828,0.5792356756606102
2023-08-13 04:00:00,0.45933295534639534,0.4960343469212177,0.46846326550706063,0.46276657360666446
2023-08-13 05:00:00,0.3258575917828909,0.3399874478260596,0.3367032981920706,0.3335454974891485
2023-08-13 06:00:00,0.0,0.0,0.0,0.0
2023-08-13 07:00:00,0.0,0.0,0.0,0.0
2023-08-13 08:00:00,0.0,0.0,0.0,0.0
2023-08-13 09:00:00,0.0,0.0,0.0,0.0
2023-08-13 10:00:00,0.0,0.0,0.0,0.0
2023-08-13 11:00:00,0.0,0.0,0.0,0.0
2023-08-13 12:00:00,0.0,0.0,0.0,0.0
2023-08-13 13:00:00,0.0,0.0,0.0,0.0
2023-08-13 14:00:00,0.0,0.0,0.0,0.0
2023-08-13 15:00:00,0.0,0.0,0.0,0.0
2023-08-13 16:00:00,0.0,0.0,0.0,0.0
2023-08-13 17:00:00,0.3861783555468379,0.37762263581401645,0.38428803518743443,0.37792109786878125
2023-08-13 18:00:00,0.5742525236683019,0.5600233472675265,0.5676060251474295,0.562401011820564
2023-08-13 19:00:00,0.6440850101905821,0.6006540584765435,0.6369266751348512,0.6426426686613226
2023-08-13 20:00:00,0.6827924229178812,0.6652668665348664,0.6845812899734321,0.672059082976821
2023-08-13 21:00:00,0.6887619317489156,0.6749505887229573,0.689444281660383,0.6619726119878554
2023-08-13 22:00:00,0.7057162849942658,0.6888617040286626,0.7001271952855108,0.6784847309758755
2023-08-13 23:00:00,0.6708984658972836,0.6404573235530484,0.655780816319542,0.6342265111700919
2023-08-14 00:00:00,0.6292860321780781,0.5374658783573022,0.6058367438833447,0.6116349541607946
2023-08-14 01:00:00,0.670815396569183,0.6032786582808657,0.6582005088665439,0.6905555678575888
2023-08-14 02:00:00,0.6487809571345683,0.589187368322842,0.6297594227682044,0.6435965630528312
2023-08-14 03:00:00,0.499818322670705,0.479136578435203,0.4876327923283561,0.49400626413198295
2023-08-14 04:00:00,0.4219169669636513,0.3672166988340076,0.40772635961378517,0.3968112122620487
2023-08-14 05:00:00,0.21608864237498535,0.09275288986751763,0.18087890709188278,0.18542231675613918
2023-08-14 06:00:00,0.0,0.0,0.0,0.0
2023-08-14 07:00:00,0.0,0.0,0.0,0.0
2023-08-14 08:00:00,0.0,0.0,0.0,0.0
2023-08-14 09:00:00,0.0,0.0,0.0,0.0
2023-08-14 10:00:00,0.0,0.0,0.0,0.0
2023-08-14 11:00:00,0.0,0.0,0.0,0.0
2023-08-14 12:00:00,0.0,0.0,0.0,0.0
2023-08-14 13:00:00,0.0,0.0,0.0,0.0
2023-08-14 14:00:00,0.0,0.0,0.0,0.0
2023-08-14 15:00:00,0.0,0.0,0.0,0.0
2023-08-14 16:00:00,0.0,0.0,0.0,0.0
2023-08-14 17:00:00,0.23094243713267879,0.26815218722382755,0.24675456166832127,0.24008369420132178
2023-08-14 18:00:00,0.3717464993103065,0.31167935456124224,0.3618880491785972,0.3599204000780338
2023-08-14 19:00:00,0.31704890088742516,0.188258731452674,0.27932399755367116,0.3093627306183409
2023-08-14 20:00:00,0.4093155025469197,0.39267206431794044,0.40469049434400756,0.42116112498700137
2023-08-14 21:00:00,0.6740063235226109,0.6600026389128358,0.6706019915221626,0.6847599808711458
2023-08-14 22:00:00,0.706506200961201,0.6692422619634772,0.69943529751522,0.7163219733596068
2023-08-14 23:00:00,0.63518954729499,0.598195623691251,0.6280677646241746,0.6524247213987743
2023-08-15 00:00:00,0.4807115020323863,0.4949325891395519,0.490183666063712,0.4642677328553164
2023-08-15 01:00:00,0.22000587888915635,0.31919772395098195,0.2403037486359615,0.2367604458153583
2023-08-15 02:00:00,0.27868322958318825,0.35981209778720463,0.3067434785272255,0.29047771158881747
2023-08-15 03:00:00,0.14556994243439178,0.18690908026101552,0.1569480334929449,0.17460332077245408
2023-08-15 04:00:00,0.06106980342392541,0.059955658217448055,0.056709515641441,0.07431380173416373
2023-08-15 05:00:00,0.017436143634539287,0.021610882799772427,0.019948967696697576,0.018896396302849592
2023-08-15 06:00:00,0.0,0.0,0.0,0.0
2023-08-15 07:00:00,0.0,0.0,0.0,0.0
2023-08-15 08:00:00,0.0,0.0,0.0,0.0
2023-08-15 09:00:00,0.0,0.0,0.0,0.0
2023-08-15 10:00:00,0.0,0.0,0.0,0.0
2023-08-15 11:00:00,0.0,0.0,0.0,0.0
2023-08-15 12:00:00,0.0,0.0,0.0,0.0
2023-08-15 13:00:00,0.0,0.0,0.0,0.0
2023-08-15 14:00:00,0.0,0.0,0.0,0.0
2023-08-15 15:00:00,0.0,0.0,0.0,0.0
2023-08-15 16:00:00,0.0,0.0,0.0,0.0
2023-08-15 17:00:00,0.04948176631463385,0.02215950409223329,0.04260891910720193,0.06591597104077854
2023-08-15 18:00:00,0.12813319880067106,0.14274757979866137,0.13471830194655599,0.12906080046975743
2023-08-15 19:00:00,0.20488897269758607,0.16959897673682509,0.1952329158560036,0.1852757733661121
2023-08-15 20:00:00,0.19190787591441072,0.11333220604600629,0.16392438407467688,0.20103160516739252
2023-08-15 21:00:00,0.21187551113547362,0.15722310852219717,0.19327299613721285,0.17194402694453792
2023-08-15 22:00:00,0.17743535565460847,0.14185808915625994,0.16140433866885612,0.17235382627764326
2023-08-15 23:00:00,0.2718156215400164,0.13009206170034238,0.21784292787249795,0.20359256353593938
2023-08-16 00:00:00,0.17005907282990795,0.29327804556664305,0.19237921980080375,0.12541835602448223
2023-08-16 01:00:00,0.10760781091626415,0.2596885349821238,0.12407047874729482,0.06599204320582185
2023-08-16 02:00:00,0.16956218438013929,0.22192348436660833,0.16808293476264205,0.09846487883736331
2023-08-16 03:00:00,0.3287262172621969,0.3085635684933854,0.32414106632997386,0.19442059571392237
2023-08-16 04:00:00,0.27754178177490396,0.2762434414001668,0.2846461768285496,0.16749350851420475
2023-08-16 05:00:00,0.10435576040952209,0.0724259601548757,0.07612976036190303,0.03859193397944572
2023-08-16 06:00:00,0.0,0.0,0.0,0.0
2023-08-16 07:00:00,0.0,0.0,0.0,0.0
2023-08-16 08:00:00,0.0,0.0,0.0,0.0
2023-08-16 09:00:00,0.0,0.0,0.0,0.0
2023-08-16 10:00:00,0.0,0.0,0.0,0.0
2023-08-16 11:00:00,0.0,0.0,0.0,0.0
2023-08-16 12:00:00,0.0,0.0,0.0,0.0
2023-08-16 13:00:00,0.0,0.0,0.0,0.0
2023-08-16 14:00:00,0.0,0.0,0.0,0.0
2023-08-16 15:00:00,0.0,0.0,0.0,0.0
2023-08-16 16:00:00,0.0,0.0,0.0,0.0
2023-08-16 17:00:00,0.36991910923462434,0.3867174345688855,0.3752246840208182,0.37811301081897214
2023-08-16 18:00:00,0.5243114576198571,0.5764355062133616,0.5404551788456123,0.5371237961934884
2023-08-16 19:00:00,0.6598164857071932,0.6759085212914814,0.6660400813692164,0.6774413339891199
2023-08-16 20:00:00,0.7213965493313778,0.7251756268872835,0.723292287711697,0.7274010756846514
2023-08-16 21:00:00,0.7482944941861901,0.7513517682135755,0.7482770312588716,0.7460165439001103
2023-08-16 22:00:00,0.7612481590550669,0.7602791642514802,0.7623850020561134,0.7599956063323644
2023-08-16 23:00:00,0.7648426163536858,0.7661689027384219,0.7660708280497186,0.7645050960837745
2023-08-17 00:00:00,0.7532188695759977,0.7538421866294204,0.753989562752954,0.7533336487812684
2023-08-17 01:00:00,0.7172623055576738,0.734321876373842,0.7240203644604227,0.7211633524473829
2023-08-17 02:00:00,0.703895654992328,0.6932696515969522,0.7011242363719277,0.7054421441701967
2023-08-17 03:00:00,0.6482029122831092,0.6341021187802003,0.6435908126211503,0.6480149760362642
2023-08-17 04:00:00,0.5509392603929206,0.5337774209795274,0.5445855234739805,0.5501454021948021
2023-08-17 05:00:00,0.38902484568121604,0.39517562819642676,0.3904830857744205,0.38905842524205464
2023-08-17 06:00:00,0.0,0.0,0.0,0.0
2023-08-17 07:00:00,0.0,0.0,0.0,0.0
2023-08-17 08:00:00,0.0,0.0,0.0,0.0
2023-08-17 09:00:00,0.0,0.0,0.0,0.0
2023-08-17 10:00:00,0.0,0.0,0.0,0.0
2023-08-17 11:00:00,0.0,0.0,0.0,0.0
2023-08-17 12:00:00,0.0,0.0,0.0,0.0
2023-08-17 13:00:00,0.0,0.0,0.0,0.0
2023-08-17 14:00:00,0.0,0.0,0.0,0.0
2023-08-17 15:00:00,0.0,0.0,0.0,0.0
2023-08-17 16:00:00,0.0,0.0,0.0,0.0
2023-08-17 17:00:00,0.27235382196987107,0.32817959348171294,0.2820511045403472,0.30353888444279614
2023-08-17 18:00:00,0.48450142928236156,0.5074931390139543,0.48870102855014985,0.5057588375358862
2023-08-17 19:00:00,0.5306968973904934,0.6351663371335793,0.5660183687963976,0.546516414346713
2023-08-17 20:00:00,0.556998569678736,0.6608615093391575,0.5889191119771405,0.5754360050688172
2023-08-17 21:00:00,0.5625072177694999,0.6916413091888179,0.6011877991940486,0.5681666315758792
2023-08-17 22:00:00,0.691746553475247,0.7584388487291364,0.7096104656307718,0.6989287583589089
2023-08-17 23:00:00,0.7008027295081604,0.7304426964611453,0.7167117141658195,0.7059029231329418
2023-08-18 00:00:00,0.6557514216734678,0.5464384664895011,0.6429148416550605,0.5971608462043285
2023-08-18 01:00:00,0.485452307522458,0.2448238207744713,0.42422782543299864,0.3756523050592542
2023-08-18 02:00:00,0.2549731814274489,0.09176350877307037,0.20965277599431725,0.1606409674070501
2023-08-18 03:00:00,0.05086301296935538,0.0497085743595759,0.05050674931427171,0.04882948117836383
2023-08-18 04:00:00,0.016434807562621945,0.040140410457474594,0.01071527468790635,0.0127505609314525
2023-08-18 05:00:00,0.0031377130112884275,0.05494121373887334,0.001881848136097355,0.002925914287827855
2023-08-18 06:00:00,0.0,0.0,0.0,0.0
2023-08-18 07:00:00,0.0,0.0,0.0,0.0
2023-08-18 08:00:00,0.0,0.0,0.0,0.0
2023-08-18 09:00:00,0.0,0.0,0.0,0.0
2023-08-18 10:00:00,0.0,0.0,0.0,0.0
2023-08-18 11:00:00,0.0,0.0,0.0,0.0
2023-08-18 12:00:00,0.0,0.0,0.0,0.0
2023-08-18 13:00:00,0.0,0.0,0.0,0.0
2023-08-18 14:00:00,0.0,0.0,0.0,0.0
2023-08-18 15:00:00,0.0,0.0,0.0,0.0
2023-08-18 16:00:00,0.0,0.0,0.0,0.0
2023-08-18 17:00:00,0.37811951030467217,0.40723031486100925,0.3876396245757133,0.36590886687396335
2023-08-18 18:00:00,0.4535896094446982,0.5939675760536681,0.5006763824194889,0.4228720104679271
2023-08-18 19:00:00,0.5041054348687561,0.6752029195847422,0.5547448684664387,0.43342103500241835
2023-08-18 20:00:00,0.5089674760484175,0.7255931333711958,0.5757278544629286,0.47837470194112236
2023-08-18 21:00:00,0.49906918609058804,0.7512669475688688,0.5787374834551584,0.487689871725051
2023-08-18 22:00:00,0.5546062662248427,0.7532090218544848,0.6250572391934068,0.5595756531187744
2023-08-18 23:00:00,0.4606376466398521,0.6662589918888117,0.5090165408633496,0.45565551804642146
2023-08-19 00:00:00,0.3772477161793149,0.5189832165313191,0.39971893006040915,0.33284058121760435
2023-08-19 01:00:00,0.24290859869773362,0.3656594723709559,0.2413613844714047,0.21497867064177592
2023-08-19 02:00:00,0.3414907812632726,0.5243873237427717,0.3829576665205118,0.395941932024549
2023-08-19 03:00:00,0.38958648914144106,0.43821735241759213,0.39585730084129234,0.4480904531703846
2023-08-19 04:00:00,0.44571587653962724,0.5745036368897427,0.4856709654100966,0.4877410475716504
2023-08-19 05:00:00,0.3964947101453034,0.40120764671980697,0.3965038178080075,0.40440325954667916
2023-08-19 06:00:00,0.0,0.0,0.0,0.0
2023-08-19 07:00:00,0.0,0.0,0.0,0.0
2023-08-19 08:00:00,0.0,0.0,0.0,0.0
2023-08-19 09:00:00,0.0,0.0,0.0,0.0
2023-08-19 10:00:00,0.0,0.0,0.0,0.0
2023-08-19 11:00:00,0.0,0.0,0.0,0.0
2023-08-19 12:00:00,0.0,0.0,0.0,0.0
2023-08-19 13:00:00,0.0,0.0,0.0,0.0
2023-08-19 14:00:00,0.0,0.0,0.0,0.0
2023-08-19 15:00:00,0.0,0.0,0.0,0.0
2023-08-19 16:00:00,0.0,0.0,0.0,0.0
2023-08-19 17:00:00,0.4160178343336444,0.40105466050085004,0.4106174153021237,0.4144181637403097
2023-08-19 18:00:00,0.6002588849332269,0.5911133245573411,0.5969537222484735,0.597816294694701
2023-08-19 19:00:00,0.6922548888756653,0.6900705487200067,0.6908358758788891,0.6910260088486112
2023-08-19 20:00:00,0.7396432643498428,0.7361319860102391,0.7379664493715676,0.7403303056409518
2023-08-19 21:00:00,0.7646177131277221,0.7622692567643489,0.7634213805639936,0.764772180664845
2023-08-19 22:00:00,0.7759577842598243,0.7731712664044282,0.7745706541859793,0.7757970329016627
2023-08-19 23:00:00,0.7779397830356881,0.7752556075191874,0.7764512669009361,0.7779483250155702
2023-08-20 00:00:00,0.759805899213808,0.7668095400043581,0.7619981476545643,0.7608331097282216
2023-08-20 01:00:00,0.7465261399580311,0.751302788164577,0.7479606073145173,0.749161379260716
2023-08-20 02:00:00,0.7182409191200684,0.7220657046506814,0.7205465271187566,0.7223393294820942
2023-08-20 03:00:00,0.6654020434358735,0.6715447161998601,0.6682365297401632,0.6695833741663059
2023-08-20 04:00:00,0.5668724956940483,0.5763147669599703,0.5692779409960365,0.5702298740190996
2023-08-20 05:00:00,0.3742477985763857,0.39654940293365964,0.380207352887056,0.38596464875672193
2023-08-20 06:00:00,0.0,0.0,0.0,0.0
2023-08-20 07:00:00,0.0,0.0,0.0,0.0
2023-08-20 08:00:00,0.0,0.0,0.0,0.0
2023-08-20 09:00:00,0.0,0.0,0.0,0.0
2023-08-20 10:00:00,0.0,0.0,0.0,0.0
2023-08-20 11:00:00,0.0,0.0,0.0,0.0
2023-08-20 12:00:00,0.0,0.0,0.0,0.0
2023-08-20 13:00:00,0.0,0.0,0.0,0.0
2023-08-20 14:00:00,0.0,0.0,0.0,0.0
2023-08-20 15:00:00,0.0,0.0,0.0,0.0
2023-08-20 16:00:00,0.0,0.0,0.0,0.0
2023-08-20 17:00:00,0.3629264042095639,0.3283601082666876,0.3594574294911912,0.3646285291729683
2023-08-20 18:00:00,0.4881853304984882,0.4331884247205366,0.4692632667628073,0.4995472512372361
2023-08-20 19:00:00,0.5662915225803042,0.5600453623736357,0.5612179928321247,0.5943666604290169
2023-08-20 20:00:00,0.6722863233268986,0.6837394605134627,0.6740107202584016,0.6827431127347469
2023-08-20 21:00:00,0.7184614338854849,0.7184393574465381,0.720800498989765,0.7183546651944849
2023-08-20 22:00:00,0.732208470772545,0.7208814694742586,0.7291362900021827,0.7192992856847974
2023-08-20 23:00:00,0.7203731581395457,0.7270745018567532,0.7220200781851016,0.7056770875910967
2023-08-21 00:00:00,0.5668928329004186,0.643049008088814,0.5859502265821921,0.5132636055864023
2023-08-21 01:00:00,0.5210370195225353,0.5986143113055982,0.5593921413222507,0.5168946341669444
2023-08-21 02:00:00,0.5189216907593962,0.6098938472642954,0.5661224368810734,0.49821916214661455
2023-08-21 03:00:00,0.33971996505835156,0.3387710564684349,0.3339629237277215,0.22844855181335633
2023-08-21 04:00:00,0.2844626656360126,0.363308389809524,0.3205482624138847,0.2350755450706017
2023-08-21 05:00:00,0.22474519684446823,0.31488456119026814,0.25602245098361637,0.2108350958951072
2023-08-21 06:00:00,0.0,0.0,0.0,0.0
2023-08-21 07:00:00,0.0,0.0,0.0,0.0
2023-08-21 08:00:00,0.0,0.0,0.0,0.0
2023-08-21 09:00:00,0.0,0.0,0.0,0.0
2023-08-21 10:00:00,0.0,0.0,0.0,0.0
2023-08-21 11:00:00,0.0,0.0,0.0,0.0
2023-08-21 12:00:00,0.0,0.0,0.0,0.0
2023-08-21 13:00:00,0.0,0.0,0.0,0.0
2023-08-21 14:00:00,0.0,0.0,0.0,0.0
2023-08-21 15:00:00,0.0,0.0,0.0,0.0
2023-08-21 16:00:00,0.0,0.0,0.0,0.0
2023-08-21 17:00:00,0.17678316692849202,0.19566734049299392,0.18477391119833694,0.13604551565748815
2023-08-21 18:00:00,0.24187480938203734,0.3037061651316844,0.24434171099467483,0.18321977515606072
2023-08-21 19:00:00,0.4665444570321136,0.5030895079614642,0.47369080947774955,0.425505750275617
2023-08-21 20:00:00,0.6088748743619805,0.6085132398013545,0.6022938221696887,0.5837852433517439
2023-08-21 21:00:00,0.6836821439891448,0.6790244119717889,0.6856148902374959,0.6919807007782165
2023-08-21 22:00:00,0.7268791163447906,0.7258750857264286,0.7271437840431085,0.7339593856523677
2023-08-21 23:00:00,0.740008074110602,0.7423387779980355,0.7415690794316774,0.7473715500226478
2023-08-22 00:00:00,0.7020755678243705,0.6865661237329074,0.7078656584826726,0.7101209998479893
2023-08-22 01:00:00,0.6942444917136394,0.6879748035907797,0.6979202963930069,0.7036983183726706
2023-08-22 02:00:00,0.6235110099298827,0.6513929117310284,0.6356223475878553,0.6433009934151195
2023-08-22 03:00:00,0.605905603049167,0.6186836135636894,0.6129152328523684,0.6261840010880357
2023-08-22 04:00:00,0.47410918051152473,0.48645327957597256,0.48112048293347104,0.48777414038843453
2023-08-22 05:00:00,0.2696273190750855,0.28039078342420143,0.2768183383038483,0.28038842017530485
2023-08-22 06:00:00,0.0,0.0,0.0,0.0
2023-08-22 07:00:00,0.0,0.0,0.0,0.0
2023-08-22 08:00:00,0.0,0.0,0.0,0.0
2023-08-22 09:00:00,0.0,0.0,0.0,0.0
2023-08-22 10:00:00,0.0,0.0,0.0,0.0
2023-08-22 11:00:00,0.0,0.0,0.0,0.0
2023-08-22 12:00:00,0.0,0.0,0.0,0.0
2023-08-22 13:00:00,0.0,0.0,0.0,0.0
2023-08-22 14:00:00,0.0,0.0,0.0,0.0
2023-08-22 15:00:00,0.0,0.0,0.0,0.0
2023-08-22 16:00:00,0.0,0.0,0.0,0.0
2023-08-22 17:00:00,0.3310874625792215,0.27028492938481,0.31980011709327394,0.3419743382360411
2023-08-22 18:00:00,0.5164135299716069,0.4833361978586533,0.5074562104390525,0.5297008834410554
2023-08-22 19:00:00,0.6527622147448676,0.6343800354689461,0.6461887661301198,0.6587075479103618
2023-08-22 20:00:00,0.7201123154390753,0.7013729226547422,0.7127325326352985,0.7131300392096716
2023-08-22 21:00:00,0.7385318132935083,0.73027150087451,0.729798489754439,0.7126998215995597
2023-08-22 22:00:00,0.7631669135722112,0.7563589644123211,0.759104712688353,0.7613571667570692
2023-08-22 23:00:00,0.7644257096083136,0.7622150359541674,0.7633150249885929,0.7635617474247773
2023-08-23 00:00:00,0.7071263762392691,0.6980535700785735,0.6910038500110054,0.6152414383291874
2023-08-23 01:00:00,0.7135819307953842,0.6822871827404421,0.7039661113040727,0.715334041668506
2023-08-23 02:00:00,0.6804540930246685,0.686952136452666,0.6736451476739105,0.654037307254653
2023-08-23 03:00:00,0.6461763110683442,0.6479334299915906,0.6447099057905887,0.6366566163014046
2023-08-23 04:00:00,0.5443120614463703,0.5518610901166224,0.54661980772632,0.5421129036198451
2023-08-23 05:00:00,0.36446493913269046,0.3673042989066257,0.3641268837016959,0.3622578246991477
2023-08-23 06:00:00,0.0,0.0,0.0,0.0
2023-08-23 07:00:00,0.0,0.0,0.0,0.0
2023-08-23 08:00:00,0.0,0.0,0.0,0.0
2023-08-23 09:00:00,0.0,0.0,0.0,0.0
2023-08-23 10:00:00,0.0,0.0,0.0,0.0
2023-08-23 11:00:00,0.0,0.0,0.0,0.0
2023-08-23 12:00:00,0.0,0.0,0.0,0.0
2023-08-23 13:00:00,0.0,0.0,0.0,0.0
2023-08-23 14:00:00,0.0,0.0,0.0,0.0
2023-08-23 15:00:00,0.0,0.0,0.0,0.0
2023-08-23 16:00:00,0.0,0.0,0.0,0.0
2023-08-23 17:00:00,0.011104814249308106,0.0032032560595049273,0.006562200680111928,0.004231696523812609
2023-08-23 18:00:00,0.03666253944675113,0.027508709745432982,0.03314658011316756,0.03165102695417573
2023-08-23 19:00:00,0.05189631808424225,0.04425920308406278,0.046616606670274785,0.039606292288287985
2023-08-23 20:00:00,0.06772509914068259,0.061233801033716194,0.06565078160808074,0.0573828226588149
2023-08-23 21:00:00,0.12242434583442263,0.09163014829537115,0.10947840424754066,0.10329707567834477
2023-08-23 22:00:00,0.13737489539083758,0.1857714825264408,0.15339905794694653,0.1245980846837738
2023-08-23 23:00:00,0.13871554184478765,0.17092757501982256,0.1437927051867146,0.1198538429116615
2023-08-24 00:00:00,0.08637060893618059,0.10480680416937686,0.09497211796806895,0.10115756883795905
2023-08-24 01:00:00,0.11311092703767887,0.1297715263615346,0.12397394174413284,0.14238022346406734
2023-08-24 02:00:00,0.10063290149482519,0.11574704667715062,0.10736356402689297,0.10414669240886167
2023-08-24 03:00:00,0.03201072809548434,0.09594999463250946,0.03109468032832255,0.024850246264072205
2023-08-24 04:00:00,0.021695854389946086,0.12937750577304086,0.029312083622015955,0.017544191471790586
2023-08-24 05:00:00,0.004989589359490697,0.07860366581340046,0.007433922703393432,0.000647876098391467
2023-08-24 06:00:00,0.0,0.0,0.0,0.0
2023-08-24 07:00:00,0.0,0.0,0.0,0.0
2023-08-24 08:00:00,0.0,0.0,0.0,0.0
2023-08-24 09:00:00,0.0,0.0,0.0,0.0
2023-08-24 10:00:00,0.0,0.0,0.0,0.0
2023-08-24 11:00:00,0.0,0.0,0.0,0.0
2023-08-24 12:00:00,0.0,0.0,0.0,0.0
2023-08-24 13:00:00,0.0,0.0,0.0,0.0
2023-08-24 14:00:00,0.0,0.0,0.0,0.0
2023-08-24 15:00:00,0.0,0.0,0.0,0.0
2023-08-24 16:00:00,0.0,0.0,0.0,0.0
2023-08-24 17:00:00,0.02463917111095422,0.03443290066603239,0.027613247816714634,0.024285049989108593
2023-08-24 18:00:00,0.03777957312788905,0.0723878743071922,0.03332495690269606,0.02151207327012114
2023-08-24 19:00:00,0.0547313165472334,0.10695346699445829,0.04873543844591453,0.03937364737807745
2023-08-24 20:00:00,0.15443395669286156,0.15939359086351448,0.14539123139139043,0.13346316837753636
2023-08-24 21:00:00,0.1923564800027041,0.16916206679991708,0.17972046411910078,0.17290445340476424
2023-08-24 22:00:00,0.17832995422727652,0.16850056895560273,0.16818434400886562,0.16849334445972816
2023-08-24 23:00:00,0.4375900663281182,0.3168552761281701,0.40357832519142467,0.3989083256728714
2023-08-25 00:00:00,0.33650128046757793,0.26130159989832946,0.32015621950719536,0.27084506179947815
2023-08-25 01:00:00,0.3871412138381682,0.4484329122039785,0.3967837789362796,0.3686060656426404
2023-08-25 02:00:00,0.39839160818128566,0.5085753718154755,0.42625935985161034,0.3110079883231999
2023-08-25 03:00:00,0.22123703290227592,0.3744721477701083,0.2686325192536596,0.2018771336863877
2023-08-25 04:00:00,0.080711637499868,0.15261849482908987,0.08504481221221558,0.04843755116219797
2023-08-25 05:00:00,0.05726663371624521,0.14208038923266625,0.07028993069240373,0.03866508593897557
2023-08-25 06:00:00,0.0,0.0,0.0,0.0
2023-08-25 07:00:00,0.0,0.0,0.0,0.0
2023-08-25 08:00:00,0.0,0.0,0.0,0.0
2023-08-25 09:00:00,0.0,0.0,0.0,0.0
2023-08-25 10:00:00,0.0,0.0,0.0,0.0
2023-08-25 11:00:00,0.0,0.0,0.0,0.0
2023-08-25 12:00:00,0.0,0.0,0.0,0.0
2023-08-25 13:00:00,0.0,0.0,0.0,0.0
2023-08-25 14:00:00,0.0,0.0,0.0,0.0
2023-08-25 15:00:00,0.0,0.0,0.0,0.0
2023-08-25 16:00:00,0.0,0.0,0.0,0.0
2023-08-25 17:00:00,0.018088364324716916,0.01670692269378068,0.016870508862370452,0.014009828489810324
2023-08-25 18:00:00,0.23892730438057108,0.22575976393881847,0.24788053346410427,0.19715497349524072
2023-08-25 19:00:00,0.30449604767619926,0.28740224771220313,0.31152997305469565,0.28215869867955873
2023-08-25 20:00:00,0.29225455384447807,0.2857464622716067,0.295109419812297,0.2969854377401505
2023-08-25 21:00:00,0.4660015460880149,0.4342312475448442,0.4583044556781272,0.46742355915226286
2023-08-25 22:00:00,0.5191467856461124,0.4557462672222858,0.5022185206825658,0.5235467550664179
2023-08-25 23:00:00,0.6033533677080762,0.5589645637933391,0.610479357940131,0.6115780346233795
2023-08-26 00:00:00,0.3711390689122405,0.3830634717865804,0.38588308620756717,0.43536627088291874
2023-08-26 01:00:00,0.36008799132488106,0.34138492686003924,0.3569122334304675,0.37672452228738385
2023-08-26 02:00:00,0.4432641970501259,0.5034553279093159,0.47829244782907154,0.4913569368985358
2023-08-26 03:00:00,0.428436640728272,0.4396631742186609,0.4580136793181238,0.48531093869756575
2023-08-26 04:00:00,0.381997541682254,0.32189128672677625,0.3921046493255179,0.3632814255380181
2023-08-26 05:00:00,0.15000148769425137,0.08115964936793782,0.1373172252586929,0.140800426229954
2023-08-26 06:00:00,0.0,0.0,0.0,0.0
2023-08-26 07:00:00,0.0,0.0,0.0,0.0
2023-08-26 08:00:00,0.0,0.0,0.0,0.0
2023-08-26 09:00:00,0.0,0.0,0.0,0.0
2023-08-26 10:00:00,0.0,0.0,0.0,0.0
2023-08-26 11:00:00,0.0,0.0,0.0,0.0
2023-08-26 12:00:00,0.0,0.0,0.0,0.0
2023-08-26 13:00:00,0.0,0.0,0.0,0.0
2023-08-26 14:00:00,0.0,0.0,0.0,0.0
2023-08-26 15:00:00,0.0,0.0,0.0,0.0
2023-08-26 16:00:00,0.0,0.0,0.0,0.0
2023-08-26 17:00:00,0.21567005112808968,0.21238311980315247,0.2110315818653019,0.15629046063420415
2023-08-26 18:00:00,0.24346811720032255,0.22374539479294334,0.23257127359985535,0.17226933273317688
2023-08-26 19:00:00,0.19572067887218947,0.2502548778901396,0.19332548934389804,0.1972250256496165
2023-08-26 20:00:00,0.4816920732659416,0.5086850454149207,0.4865339324546959,0.5147265722246442
2023-08-26 21:00:00,0.5582059140736297,0.5813580218478533,0.5515406934288827,0.5543860651229684
2023-08-26 22:00:00,0.617563021816984,0.6072511379919301,0.609874951594972,0.6185296565960838
2023-08-26 23:00:00,0.711130298298173,0.7059958973865305,0.7093525789858035,0.6995373349256176
2023-08-27 00:00:00,0.5755315460640392,0.5946953549466573,0.5798853428337358,0.5963708120832538
2023-08-27 01:00:00,0.589222898520252,0.6307232931620591,0.5848137971961245,0.5701126079746792
2023-08-27 02:00:00,0.6386266518373708,0.6540502576645789,0.6360499673043367,0.5977082778895104
2023-08-27 03:00:00,0.5516686889978564,0.5467354597670884,0.5399024186635613,0.509750251796563
2023-08-27 04:00:00,0.5022646396868203,0.5072983443432351,0.5124724307928525,0.4851804426784388
2023-08-27 05:00:00,0.32012164727588627,0.3329458067002938,0.3263373317647541,0.32173240330922726
2023-08-27 06:00:00,0.0,0.0,0.0,0.0
2023-08-27 07:00:00,0.0,0.0,0.0,0.0
2023-08-27 08:00:00,0.0,0.0,0.0,0.0
2023-08-27 09:00:00,0.0,0.0,0.0,0.0
2023-08-27 10:00:00,0.0,0.0,0.0,0.0
2023-08-27 11:00:00,0.0,0.0,0.0,0.0
2023-08-27 12:00:00,0.0,0.0,0.0,0.0
2023-08-27 13:00:00,0.0,0.0,0.0,0.0
2023-08-27 14:00:00,0.0,0.0,0.0,0.0
2023-08-27 15:00:00,0.0,0.0,0.0,0.0
2023-08-27 16:00:00,0.0,0.0,0.0,0.0
2023-08-27 17:00:00,0.35774543291318256,0.35320107778409365,0.3538663980119022,0.3785037539641765
2023-08-27 18:00:00,0.5317560835726316,0.5314796147633988,0.5286566061111818,0.5622635250028774
2023-08-27 19:00:00,0.6252510479912429,0.5856345834557392,0.6079133026015358,0.6481725889537905
2023-08-27 20:00:00,0.6566315708077352,0.667434123580212,0.6544587524038461,0.6974156633591294
2023-08-27 21:00:00,0.69981886015536,0.7133238085924628,0.7007807650182343,0.7340651237367695
2023-08-27 22:00:00,0.707916179500845,0.6792785567606047,0.6992581932347894,0.7189453622779824
2023-08-27 23:00:00,0.73003422552801,0.7111464274596657,0.7208332092035707,0.7402520236240225
2023-08-28 00:00:00,0.7564285579241959,0.7081360332116703,0.7458140746083285,0.7536634963236276
2023-08-28 01:00:00,0.7540145562227932,0.7372427334953172,0.7483628636055403,0.75103700121159
2023-08-28 02:00:00,0.7121685157292849,0.7037366432027466,0.7107670985678083,0.708748658703276
2023-08-28 03:00:00,0.6594843921601911,0.6688709360211305,0.6637685395652666,0.6575947835349943
2023-08-28 04:00:00,0.5244667967982402,0.5684538326096384,0.5378530312604768,0.5199559424400503
2023-08-28 05:00:00,0.356497075965321,0.37054305573529955,0.3583379531286666,0.356762136345458
2023-08-28 06:00:00,0.0,0.0,0.0,0.0
2023-08-28 07:00:00,0.0,0.0,0.0,0.0
2023-08-28 08:00:00,0.0,0.0,0.0,0.0
2023-08-28 09:00:00,0.0,0.0,0.0,0.0
2023-08-28 10:00:00,0.0,0.0,0.0,0.0
2023-08-28 11:00:00,0.0,0.0,0.0,0.0
2023-08-28 12:00:00,0.0,0.0,0.0,0.0
2023-08-28 13:00:00,0.0,0.0,0.0,0.0
2023-08-28 14:00:00,0.0,0.0,0.0,0.0
2023-08-28 15:00:00,0.0,0.0,0.0,0.0
2023-08-28 16:00:00,0.0,0.0,0.0,0.0
2023-08-28 17:00:00,0.3907735250759347,0.36577875537743304,0.3803432131413961,0.38877320228563733
2023-08-28 18:00:00,0.5804679421395194,0.5460472000991564,0.5661993000043823,0.5790794299940897
2023-08-28 19:00:00,0.6908478117720595,0.6796630772806039,0.684257522823029,0.6906196448281262
2023-08-28 20:00:00,0.7420480832385499,0.7313275313800384,0.7355718268637967,0.7429082968246314
2023-08-28 21:00:00,0.7676716956178987,0.7629497655135706,0.765248681344868,0.7668406928078406
2023-08-28 22:00:00,0.7530689225338261,0.7453038772056829,0.7468016166793197,0.7580506918517247
2023-08-28 23:00:00,0.7713824138391637,0.7552305279115834,0.7645130643038636,0.7593981628076042
2023-08-29 00:00:00,0.755023662170006,0.7553513174849181,0.7552593973993371,0.7406103841936703
2023-08-29 01:00:00,0.7241562829652524,0.7210511047147916,0.7237637320060557,0.7196451990012944
2023-08-29 02:00:00,0.7125349877972745,0.7175064615442254,0.7137496489947535,0.7122610528885452
2023-08-29 03:00:00,0.6538065883460663,0.6497288996071481,0.651724321438956,0.6547976390273154
2023-08-29 04:00:00,0.5293452138633962,0.5129476749457487,0.5224075308673206,0.5329017328287509
2023-08-29 05:00:00,0.34757868608646697,0.35769932755303807,0.3502334446551152,0.3524409377929998
2023-08-29 06:00:00,0.0,0.0,0.0,0.0
2023-08-29 07:00:00,0.0,0.0,0.0,0.0
2023-08-29 08:00:00,0.0,0.0,0.0,0.0
2023-08-29 09:00:00,0.0,0.0,0.0,0.0
2023-08-29 10:00:00,0.0,0.0,0.0,0.0
2023-08-29 11:00:00,0.0,0.0,0.0,0.0
2023-08-29 12:00:00,0.0,0.0,0.0,0.0
2023-08-29 13:00:00,0.0,0.0,0.0,0.0
2023-08-29 14:00:00,0.0,0.0,0.0,0.0
2023-08-29 15:00:00,0.0,0.0,0.0,0.0
2023-08-29 16:00:00,0.0,0.0,0.0,0.0
2023-08-29 17:00:00,0.3817821162942527,0.3461955833395583,0.37869611404608483,0.38533551431297175
2023-08-29 18:00:00,0.5621687975190858,0.5177294584942179,0.5534157050566044,0.5406613104655152
2023-08-29 19:00:00,0.6670607371172897,0.6559217764147077,0.6616147693305808,0.6540141862335416
2023-08-29 20:00:00,0.7254154191054422,0.7007242294668065,0.7234240884389835,0.7212602993664262
2023-08-29 21:00:00,0.7350080182556455,0.7358709494835677,0.7344986335767358,0.7221409674112295
2023-08-29 22:00:00,0.7556545530719759,0.7577404557769679,0.7564717707538771,0.7465603613224777
2023-08-29 23:00:00,0.7311120916978364,0.7411004635026751,0.7350667368829658,0.7193556686350907
2023-08-30 00:00:00,0.7646756180205193,0.7501355729826112,0.7610749691834786,0.7666274493910606
2023-08-30 01:00:00,0.7421487693673257,0.717892499255528,0.7379139092793393,0.7308165654983991
2023-08-30 02:00:00,0.6822934545580175,0.6345392639112571,0.6715105246331884,0.6291107656898891
2023-08-30 03:00:00,0.61243668819905,0.5456469665222909,0.5971050279670636,0.522289039508094
2023-08-30 04:00:00,0.4601165554222422,0.41459875363555304,0.4540973630780908,0.38466394013666577
2023-08-30 05:00:00,0.25951471010353117,0.1655442574563896,0.2437089050396371,0.2236967281751209
2023-08-30 06:00:00,0.0,0.0,0.0,0.0
2023-08-30 07:00:00,0.0,0.0,0.0,0.0
2023-08-30 08:00:00,0.0,0.0,0.0,0.0
2023-08-30 09:00:00,0.0,0.0,0.0,0.0
2023-08-30 10:00:00,0.0,0.0,0.0,0.0
2023-08-30 11:00:00,0.0,0.0,0.0,0.0
2023-08-30 12:00:00,0.0,0.0,0.0,0.0
2023-08-30 13:00:00,0.0,0.0,0.0,0.0
2023-08-30 14:00:00,0.0,0.0,0.0,0.0
2023-08-30 15:00:00,0.0,0.0,0.0,0.0
2023-08-30 16:00:00,0.0,0.0,0.0,0.0
2023-08-30 17:00:00,0.06953554779285409,0.01734637372342526,0.05689993418123756,0.035063668857816775
2023-08-30 18:00:00,0.1687109529360783,0.08768830043299136,0.15527160808233686,0.11605008749891799
2023-08-30 19:00:00,0.35837950964394977,0.3434014074245206,0.364701421998898,0.27222869700784674
2023-08-30 20:00:00,0.3631509205623105,0.2316485682367467,0.3307227738192776,0.2690442727820889
2023-08-30 21:00:00,0.4545359375709927,0.2777165962323204,0.3965214676116592,0.3149658942317342
2023-08-30 22:00:00,0.48085718975866576,0.37591194076632445,0.45202168474999993,0.3932156694690005
2023-08-30 23:00:00,0.49948275022646066,0.3744424772527469,0.4509105719587361,0.39132545101783506
2023-08-31 00:00:00,0.3428047507770892,0.3410505601898688,0.3365184474153264,0.30321791265844106
2023-08-31 01:00:00,0.3087281608552122,0.261082573580585,0.29250051517829245,0.2750880183857597
2023-08-31 02:00:00,0.30708768302188527,0.2469373827071747,0.2908940737015904,0.296225721562375
2023-08-31 03:00:00,0.17679991473683945,0.14006778406776244,0.16529603202200643,0.1563457267603834
2023-08-31 04:00:00,0.07661465136005512,0.051945046233474984,0.06526143002118401,0.05710073561319515
2023-08-31 05:00:00,0.04796714955172693,0.02945657860621204,0.04037072671900345,0.022903675901402163
2023-08-31 06:00:00,0.0,0.0,0.0,0.0
2023-08-31 07:00:00,0.0,0.0,0.0,0.0
2023-08-31 08:00:00,0.0,0.0,0.0,0.0
2023-08-31 09:00:00,0.0,0.0,0.0,0.0
2023-08-31 10:00:00,0.0,0.0,0.0,0.0
2023-08-31 11:00:00,0.0,0.0,0.0,0.0
2023-08-31 12:00:00,0.0,0.0,0.0,0.0
2023-08-31 13:00:00,0.0,0.0,0.0,0.0
2023-08-31 14:00:00,0.0,0.0,0.0,0.0
2023-08-31 15:00:00,0.0,0.0,0.0,0.0
2023-08-31 16:00:00,0.0,0.0,0.0,0.0
2023-08-31 17:00:00,0.39128667364212516,0.37415917804197335,0.38806203259337524,0.4014924682618927
2023-08-31 18:00:00,0.5731662934053454,0.5748789036659977,0.5723577540356426,0.5925749770419525
2023-08-31 19:00:00,0.6991131011728778,0.6840988706142728,0.694953816431867,0.7066518076514057
2023-08-31 20:00:00,0.7472621094634843,0.737924300985946,0.7441954331861672,0.7507135776090244
2023-08-31 21:00:00,0.7747622886270619,0.7659408975992643,0.7738634967696222,0.7763907374891615
2023-08-31 22:00:00,0.7869247504780609,0.7836481021088088,0.7861447186918002,0.7857030594370024
2023-08-31 23:00:00,0.7888812245353707,0.78723560147679,0.78877763991129,0.7871243884727809
2023-09-01 00:00:00,0.7783143100123571,0.7774007215257602,0.7781656277681293,0.7758874418408528
2023-09-01 01:00:00,0.7576035254051625,0.758454098147252,0.7579249004996576,0.7553479494498498
2023-09-01 02:00:00,0.7154920774594675,0.7233999704760614,0.7178843814809001,0.7108935611110981
2023-09-01 03:00:00,0.6271563645893994,0.6557855320740354,0.6336435826298304,0.6079744585018356
2023-09-01 04:00:00,0.519766871068847,0.5475937362114245,0.5278295042256709,0.5186953653127971
2023-09-01 05:00:00,0.3366514859820751,0.3537900551606132,0.339573132531536,0.33871628610246135
2023-09-01 06:00:00,0.0,0.0,0.0,0.0
2023-09-01 07:00:00,0.0,0.0,0.0,0.0
2023-09-01 08:00:00,0.0,0.0,0.0,0.0
2023-09-01 09:00:00,0.0,0.0,0.0,0.0
2023-09-01 10:00:00,0.0,0.0,0.0,0.0
2023-09-01 11:00:00,0.0,0.0,0.0,0.0
2023-09-01 12:00:00,0.0,0.0,0.0,0.0
2023-09-01 13:00:00,0.0,0.0,0.0,0.0
2023-09-01 14:00:00,0.0,0.0,0.0,0.0
2023-09-01 15:00:00,0.0,0.0,0.0,0.0
2023-09-01 16:00:00,0.0,0.0,0.0,0.0
2023-09-01 17:00:00,0.3643882974556252,0.3580978103028767,0.3617661144535883,0.36792158001249625
2023-09-01 18:00:00,0.5627988551946621,0.5569868307928613,0.5607213920498954,0.5662096905693084
2023-09-01 19:00:00,0.6689513850543264,0.6678178941261175,0.6684027417694739,0.6701141464428094
2023-09-01 20:00:00,0.7247403192123674,0.7239458236253434,0.7246953954918709,0.7235646359597369
2023-09-01 21:00:00,0.7575696916050226,0.75807566919895,0.7580458439939003,0.7554163807748165
2023-09-01 22:00:00,0.7614944984659334,0.7743893997489173,0.7671596829410172,0.7574228373515254
2023-09-01 23:00:00,0.7751551689492917,0.7794124170829759,0.7777030732554951,0.7715678827498369
2023-09-02 00:00:00,0.6879125387061557,0.755168707942655,0.7064127696923126,0.63323947634062
2023-09-02 01:00:00,0.7558439277362186,0.7562747880151551,0.7559981942582427,0.7495261581469904
2023-09-02 02:00:00,0.7233228203733421,0.7269775398176893,0.7245804257108492,0.7213965980642847
2023-09-02 03:00:00,0.6640645535187614,0.6704379200399604,0.6659039130551174,0.6636097492168714
2023-09-02 04:00:00,0.5447006988560695,0.5573967325307164,0.5484286287369833,0.5472646998268472
2023-09-02 05:00:00,0.34859951819976304,0.3633819321924741,0.3522175723950244,0.3528555886276061
2023-09-02 06:00:00,0.0,0.0,0.0,0.0
2023-09-02 07:00:00,0.0,0.0,0.0,0.0
2023-09-02 08:00:00,0.0,0.0,0.0,0.0
2023-09-02 09:00:00,0.0,0.0,0.0,0.0
2023-09-02 10:00:00,0.0,0.0,0.0,0.0
2023-09-02 11:00:00,0.0,0.0,0.0,0.0
2023-09-02 12:00:00,0.0,0.0,0.0,0.0
2023-09-02 13:00:00,0.0,0.0,0.0,0.0
2023-09-02 14:00:00,0.0,0.0,0.0,0.0
2023-09-02 15:00:00,0.0,0.0,0.0,0.0
2023-09-02 16:00:00,0.0,0.0,0.0,0.0
2023-09-02 17:00:00,0.3168628811871056,0.27029281890172613,0.3072615025280215,0.3042721077039256
2023-09-02 18:00:00,0.4173409730413524,0.3377773897911396,0.39545241055762614,0.3997459478574111
2023-09-02 19:00:00,0.4291798381744532,0.4085707774971636,0.40377883804166637,0.39370611759478646
2023-09-02 20:00:00,0.5333314205304335,0.6501408851591176,0.5601389481801529,0.5581452619887234
2023-09-02 21:00:00,0.6930720943759553,0.7382219510090396,0.7102502872933971,0.6972342626388838
2023-09-02 22:00:00,0.7283568645348323,0.7469244212190579,0.7392673257908065,0.7221612080639056
2023-09-02 23:00:00,0.6852611178815495,0.6926740843060589,0.6900541923649082,0.649052655873927
2023-09-03 00:00:00,0.502479656002408,0.5645491519113707,0.5263788847157983,0.4290533981824744
2023-09-03 01:00:00,0.2887804897690653,0.3065373186621672,0.29489964245311495,0.2373537442733559
2023-09-03 02:00:00,0.14230838230577958,0.16489088330549975,0.14680300943596336,0.12891999009287977
2023-09-03 03:00:00,0.11694084486959046,0.11689111461315764,0.12479353381012388,0.18400286210634775
2023-09-03 04:00:00,0.14439235811429751,0.1289255552428912,0.14729803899392951,0.21538204310657552
2023-09-03 05:00:00,0.11881312445162877,0.041389574615112106,0.09916863963881811,0.13472372494757354
2023-09-03 06:00:00,0.0,0.0,0.0,0.0
2023-09-03 07:00:00,0.0,0.0,0.0,0.0
2023-09-03 08:00:00,0.0,0.0,0.0,0.0
2023-09-03 09:00:00,0.0,0.0,0.0,0.0
2023-09-03 10:00:00,0.0,0.0,0.0,0.0
2023-09-03 11:00:00,0.0,0.0,0.0,0.0
2023-09-03 12:00:00,0.0,0.0,0.0,0.0
2023-09-03 13:00:00,0.0,0.0,0.0,0.0
2023-09-03 14:00:00,0.0,0.0,0.0,0.0
2023-09-03 15:00:00,0.0,0.0,0.0,0.0
2023-09-03 16:00:00,0.0,0.0,0.0,0.0
2023-09-03 17:00:00,0.3356921703993758,0.3312044785948941,0.3342288326919912,0.33718918275930787
2023-09-03 18:00:00,0.5301924599867561,0.526511276932835,0.5292919818615343,0.5318910386261294
2023-09-03 19:00:00,0.6392338085634447,0.6386151773593095,0.6392635290780213,0.6398097838565556
2023-09-03 20:00:00,0.6951100556270396,0.693005232164079,0.6948289376847654,0.6941040476395607
2023-09-03 21:00:00,0.7258028922232915,0.7252678714469698,0.726213130205311,0.724097559894608
2023-09-03 22:00:00,0.7407560815620693,0.7398997245937742,0.7413116357150015,0.7380603832771856
2023-09-03 23:00:00,0.7301738719183898,0.7376435113140785,0.7323612420365249,0.7213967012802542
2023-09-04 00:00:00,0.6681758860758468,0.5833396232624501,0.6497231917511495,0.6673772611042081
2023-09-04 01:00:00,0.6650630255818658,0.6428772106999028,0.6657144907101444,0.6597001623483801
2023-09-04 02:00:00,0.5812535468582399,0.5071645154441521,0.5675934430995919,0.5606212768027183
2023-09-04 03:00:00,0.43590579217959285,0.3994401272758074,0.4259320241838669,0.39906190113839596
2023-09-04 04:00:00,0.19810916238654339,0.2072582616747958,0.1857448461823033,0.17327898927507737
2023-09-04 05:00:00,0.07081768114046244,0.09963676532869888,0.07605282458359582,0.07233047347360834
2023-09-04 06:00:00,0.0,0.0,0.0,0.0
2023-09-04 07:00:00,0.0,0.0,0.0,0.0
2023-09-04 08:00:00,0.0,0.0,0.0,0.0
2023-09-04 09:00:00,0.0,0.0,0.0,0.0
2023-09-04 10:00:00,0.0,0.0,0.0,0.0
2023-09-04 11:00:00,0.0,0.0,0.0,0.0
2023-09-04 12:00:00,0.0,0.0,0.0,0.0
2023-09-04 13:00:00,0.0,0.0,0.0,0.0
2023-09-04 14:00:00,0.0,0.0,0.0,0.0
2023-09-04 15:00:00,0.0,0.0,0.0,0.0
2023-09-04 16:00:00,0.0,0.0,0.0,0.0
2023-09-04 17:00:00,0.3305275038548068,0.3013356435096752,0.325030909170677,0.334086278631405
2023-09-04 18:00:00,0.5215345886925372,0.4968218623810001,0.51646485695978,0.525954358618153
2023-09-04 19:00:00,0.6313676577167651,0.6165613746010437,0.6288687750755253,0.6310902766714361
2023-09-04 20:00:00,0.6882525272899339,0.6726796949190069,0.6850900477955147,0.6881829392177291
2023-09-04 21:00:00,0.7176121354148406,0.7079846322369718,0.7153189450416744,0.7156034512017254
2023-09-04 22:00:00,0.7304646799115,0.7237924044626921,0.7290855732899144,0.7261863922874928
2023-09-04 23:00:00,0.7328087423582232,0.7272270532729467,0.7318956944985382,0.7272462756414108
2023-09-05 00:00:00,0.7229117076740649,0.7233504344681062,0.7234144793347886,0.7173760223371329
2023-09-05 01:00:00,0.7049539746384279,0.7061295228476983,0.704966607173509,0.6997045644551759
2023-09-05 02:00:00,0.6696999751207576,0.6681970450620812,0.6692535211910408,0.6646438368706223
2023-09-05 03:00:00,0.6066680136470556,0.6007661041026251,0.6054848716419465,0.6050325551156169
2023-09-05 04:00:00,0.48075053559942066,0.48358870724416875,0.4809371570539916,0.480675476372246
2023-09-05 05:00:00,0.29128727191460757,0.29044206490193386,0.29040813968019613,0.29192311769905993
2023-09-05 06:00:00,0.0,0.0,0.0,0.0
2023-09-05 07:00:00,0.0,0.0,0.0,0.0
2023-09-05 08:00:00,0.0,0.0,0.0,0.0
2023-09-05 09:00:00,0.0,0.0,0.0,0.0
2023-09-05 10:00:00,0.0,0.0,0.0,0.0
2023-09-05 11:00:00,0.0,0.0,0.0,0.0
2023-09-05 12:00:00,0.0,0.0,0.0,0.0
2023-09-05 13:00:00,0.0,0.0,0.0,0.0
2023-09-05 14:00:00,0.0,0.0,0.0,0.0
2023-09-05 15:00:00,0.0,0.0,0.0,0.0
2023-09-05 16:00:00,0.0,0.0,0.0,0.0
2023-09-05 17:00:00,0.3115029966117652,0.29983306956963696,0.31077485727138976,0.31281592308673467
2023-09-05 18:00:00,0.488053718036826,0.459618749873995,0.48065177072750953,0.4871730705095915
2023-09-05 19:00:00,0.5996140252153593,0.5847648506465802,0.5931696991025368,0.592181699053334
2023-09-05 20:00:00,0.6651241930736819,0.6648847979464686,0.6660169691899592,0.6634063548364529
2023-09-05 21:00:00,0.7026446691389862,0.6972898542433589,0.7024300062096046,0.7010939027183704
2023-09-05 22:00:00,0.6931155700007885,0.7132946992084359,0.7041270515852895,0.6901460698407725
2023-09-05 23:00:00,0.6827401485716019,0.7082338292112759,0.6943283167797883,0.6656414335311722
2023-09-06 00:00:00,0.6343722697818626,0.6568379748956198,0.6436347675127101,0.5867846873859569
2023-09-06 01:00:00,0.6055822872834277,0.5865379799405694,0.6128539445941887,0.5747581002779918
2023-09-06 02:00:00,0.6190306203436692,0.5761516025131774,0.6237331374520361,0.6094004400205871
2023-09-06 03:00:00,0.5330230163629662,0.4932640660948566,0.5362198211044591,0.5185458507603767
2023-09-06 04:00:00,0.441876871838308,0.4047250080722124,0.43518340190940297,0.43393063365546164
2023-09-06 05:00:00,0.2530045291504633,0.24240566279405687,0.252295582626347,0.2528945801024197
2023-09-06 06:00:00,0.0,0.0,0.0,0.0
2023-09-06 07:00:00,0.0,0.0,0.0,0.0
2023-09-06 08:00:00,0.0,0.0,0.0,0.0
2023-09-06 09:00:00,0.0,0.0,0.0,0.0
2023-09-06 10:00:00,0.0,0.0,0.0,0.0
2023-09-06 11:00:00,0.0,0.0,0.0,0.0
2023-09-06 12:00:00,0.0,0.0,0.0,0.0
2023-09-06 13:00:00,0.0,0.0,0.0,0.0
2023-09-06 14:00:00,0.0,0.0,0.0,0.0
2023-09-06 15:00:00,0.0,0.0,0.0,0.0
2023-09-06 16:00:00,0.0,0.0,0.0,0.0
2023-09-06 17:00:00,0.30229928326021144,0.2900870294510532,0.30032366670902144,0.3035757510341126
2023-09-06 18:00:00,0.4890222965909663,0.4790863086030788,0.4870534967432835,0.49083356194981337
2023-09-06 19:00:00,0.6007955028482285,0.591590757571276,0.5998066719231174,0.6026814844637939
2023-09-06 20:00:00,0.6623432356264071,0.6556564389697571,0.6623031273093702,0.6620378924495751
2023-09-06 21:00:00,0.6951820658792526,0.6685020980718951,0.6937509008049223,0.6911794797191186
2023-09-06 22:00:00,0.6728015701633439,0.5499481476381304,0.6625001159862743,0.6622278376024573
2023-09-06 23:00:00,0.5680868171968405,0.2982508605894891,0.5087728330830491,0.5045199958414944
2023-09-07 00:00:00,0.41507717302835867,0.27807495141063104,0.37331048554996266,0.3401881170642946
2023-09-07 01:00:00,0.4046503782788364,0.30753340898159354,0.37925060798993837,0.2936152812640265
2023-09-07 02:00:00,0.3127934568032564,0.2628584492023299,0.304310055510195,0.24073008303371202
2023-09-07 03:00:00,0.25006011055766386,0.1439755351310584,0.2205057189952791,0.1679963439456871
2023-09-07 04:00:00,0.09103018466141465,0.04210046083350962,0.07409559927582973,0.04871939030410986
2023-09-07 05:00:00,0.05016113506778782,0.0473768033357792,0.046571474770520524,0.032854773337450044
2023-09-07 06:00:00,0.0,0.0,0.0,0.0
2023-09-07 07:00:00,0.0,0.0,0.0,0.0
2023-09-07 08:00:00,0.0,0.0,0.0,0.0
2023-09-07 09:00:00,0.0,0.0,0.0,0.0
2023-09-07 10:00:00,0.0,0.0,0.0,0.0
2023-09-07 11:00:00,0.0,0.0,0.0,0.0
2023-09-07 12:00:00,0.0,0.0,0.0,0.0
2023-09-07 13:00:00,0.0,0.0,0.0,0.0
2023-09-07 14:00:00,0.0,0.0,0.0,0.0
2023-09-07 15:00:00,0.0,0.0,0.0,0.0
2023-09-07 16:00:00,0.0,0.0,0.0,0.0
2023-09-07 17:00:00,0.13836684975847915,0.21829490454356112,0.1751318373709566,0.17850617080070882
2023-09-07 18:00:00,0.27229475335043046,0.3388159027005629,0.297379379218648,0.27104041486242264
2023-09-07 19:00:00,0.25541471896322077,0.3917167903350413,0.29671996471474127,0.2630880538577405
2023-09-07 20:00:00,0.3658527764138008,0.5424503888053825,0.42732533749494983,0.4006457275339779
2023-09-07 21:00:00,0.5103795756670855,0.6150472200014598,0.5592020639521809,0.5103045936162008
2023-09-07 22:00:00,0.5937323005179198,0.5955221517772816,0.6060684058660919,0.5947052410977384
2023-09-07 23:00:00,0.6093127648888685,0.5728383832111029,0.6088475499368261,0.5953233322894337
2023-09-08 00:00:00,0.6589791754369584,0.5654352275847488,0.6465273837930188,0.6139452372242694
2023-09-08 01:00:00,0.6056253707025365,0.5533707400696858,0.6164273531012034,0.5619207275089187
2023-09-08 02:00:00,0.5378863395950367,0.46354877757735374,0.5194093177098136,0.49392204481931595
2023-09-08 03:00:00,0.44173392126418115,0.3241750420108577,0.41784390339017297,0.3450904413572174
2023-09-08 04:00:00,0.27627155763280725,0.16664322631023865,0.2502700953180655,0.19534696019405287
2023-09-08 05:00:00,0.137376659203762,0.037420354725007966,0.10448708317437749,0.09434495814073855
2023-09-08 06:00:00,0.0,0.0,0.0,0.0
2023-09-08 07:00:00,0.0,0.0,0.0,0.0
2023-09-08 08:00:00,0.0,0.0,0.0,0.0
2023-09-08 09:00:00,0.0,0.0,0.0,0.0
2023-09-08 10:00:00,0.0,0.0,0.0,0.0
2023-09-08 11:00:00,0.0,0.0,0.0,0.0
2023-09-08 12:00:00,0.0,0.0,0.0,0.0
2023-09-08 13:00:00,0.0,0.0,0.0,0.0
2023-09-08 14:00:00,0.0,0.0,0.0,0.0
2023-09-08 15:00:00,0.0,0.0,0.0,0.0
2023-09-08 16:00:00,0.0,0.0,0.0,0.0
2023-09-08 17:00:00,0.19397352351189287,0.03915871706127184,0.1525228540604752,0.15494972368644336
2023-09-08 18:00:00,0.30886315978184675,0.09790797671418106,0.2495353355554768,0.264387266846412
2023-09-08 19:00:00,0.3112187524049898,0.15819303130645068,0.26359936027161623,0.2796124253250326
2023-09-08 20:00:00,0.30482906569473395,0.2300644378583189,0.2807676983492686,0.29029934405058455
2023-09-08 21:00:00,0.3671140004082248,0.29309497390510897,0.3467514542973753,0.3023206825197508
2023-09-08 22:00:00,0.4480943648452889,0.3313013565422294,0.416201131449417,0.37414486245561146
2023-09-08 23:00:00,0.4884057077433495,0.3294528838879139,0.45826651830332477,0.43093744649816684
2023-09-09 00:00:00,0.24001228029314348,0.22338688585917935,0.2417680280335076,0.22607302983739064
2023-09-09 01:00:00,0.2538263563870571,0.17893492299798322,0.23619904413371812,0.22528183258310133
2023-09-09 02:00:00,0.3291520868958792,0.340582152163186,0.34585158051041387,0.32401866337711605
2023-09-09 03:00:00,0.13862492620610953,0.2152859802356882,0.16412492670218615,0.12704588627642008
2023-09-09 04:00:00,0.20293616766581757,0.3029372647525355,0.2552242729109043,0.23088311685988208
2023-09-09 05:00:00,0.1001094507843651,0.09087538985881875,0.10477987242470663,0.10500250824327391
2023-09-09 06:00:00,0.0,0.0,0.0,0.0
2023-09-09 07:00:00,0.0,0.0,0.0,0.0
2023-09-09 08:00:00,0.0,0.0,0.0,0.0
2023-09-09 09:00:00,0.0,0.0,0.0,0.0
2023-09-09 10:00:00,0.0,0.0,0.0,0.0
2023-09-09 11:00:00,0.0,0.0,0.0,0.0
2023-09-09 12:00:00,0.0,0.0,0.0,0.0
2023-09-09 13:00:00,0.0,0.0,0.0,0.0
2023-09-09 14:00:00,0.0,0.0,0.0,0.0
2023-09-09 15:00:00,0.0,0.0,0.0,0.0
2023-09-09 16:00:00,0.0,0.0,0.0,0.0
2023-09-09 17:00:00,0.09970636785912051,0.20267428347075864,0.13352414648668115,0.09770233682230556
2023-09-09 18:00:00,0.1410612926085997,0.32503996791757434,0.1907034537229837,0.1386281723213103
2023-09-09 19:00:00,0.2036976543956297,0.3821074000041236,0.2570726863577854,0.2133110014283058
2023-09-09 20:00:00,0.2572373528724836,0.36469140691090574,0.2988029295462175,0.2948620415281747
2023-09-09 21:00:00,0.250628745750386,0.3308610505126834,0.2688173163444637,0.27017418298681745
2023-09-09 22:00:00,0.31675827807471796,0.3258884390451689,0.31531650323888427,0.31528745759705057
2023-09-09 23:00:00,0.3355972984002334,0.3144103660693627,0.3290817679843393,0.3243848003669698
2023-09-10 00:00:00,0.19686267381235958,0.18771259304506646,0.1983492717172308,0.1945319554433976
2023-09-10 01:00:00,0.13678996741064076,0.12724536869640793,0.12413816031038523,0.11488975003681913
2023-09-10 02:00:00,0.10702677992065666,0.10125695120606627,0.09609061540147718,0.09297216376156144
2023-09-10 03:00:00,0.10337291456897324,0.11044172250278138,0.10775737430933677,0.08193207077886604
2023-09-10 04:00:00,0.03712660401088262,0.06862367713310079,0.047041253135944296,0.03627023696255927
2023-09-10 05:00:00,0.002013088346965461,0.005443245744077682,0.003019632520448191,0.002848266556533894
2023-09-10 06:00:00,0.0,0.0,0.0,0.0
2023-09-10 07:00:00,0.0,0.0,0.0,0.0
2023-09-10 08:00:00,0.0,0.0,0.0,0.0
2023-09-10 09:00:00,0.0,0.0,0.0,0.0
2023-09-10 10:00:00,0.0,0.0,0.0,0.0
2023-09-10 11:00:00,0.0,0.0,0.0,0.0
2023-09-10 12:00:00,0.0,0.0,0.0,0.0
2023-09-10 13:00:00,0.0,0.0,0.0,0.0
2023-09-10 14:00:00,0.0,0.0,0.0,0.0
2023-09-10 15:00:00,0.0,0.0,0.0,0.0
2023-09-10 16:00:00,0.0,0.0,0.0,0.0
2023-09-10 17:00:00,0.02709966568027238,0.09767495545526994,0.03646936424844641,0.032793186511976276
2023-09-10 18:00:00,0.06703851476399642,0.12753045423188628,0.06848144036967888,0.07315561011761096
2023-09-10 19:00:00,0.09818701839430889,0.19921385553527812,0.0998537144408318,0.10202026281458437
2023-09-10 20:00:00,0.20522437978614158,0.2926440869967355,0.21208375458808418,0.20810150097020408
2023-09-10 21:00:00,0.43078123811913827,0.42562429044192124,0.43406281051035295,0.40599457951282175
2023-09-10 22:00:00,0.48509091592460885,0.3983913342712073,0.46800306063265507,0.4174210083621113
2023-09-10 23:00:00,0.48904429884303674,0.3463834289016572,0.45596486646291645,0.42505789170904734
2023-09-11 00:00:00,0.4001960473785297,0.39225822872987576,0.4074798630836448,0.3307190929088591
2023-09-11 01:00:00,0.2535406943344784,0.2157063280752587,0.24143470391446512,0.21402231753005033
2023-09-11 02:00:00,0.2570917787424955,0.2028941759357108,0.23707522689199895,0.20193489325257988
2023-09-11 03:00:00,0.22389181145120077,0.14630153728780865,0.21046669252306194,0.18019210820670253
2023-09-11 04:00:00,0.14152181022424662,0.14042753604005237,0.1357658458096248,0.1338547294316816
2023-09-11 05:00:00,0.12869669242616052,0.14657933472585405,0.1286112333399918,0.1423036558298205
2023-09-11 06:00:00,0.0,0.0,0.0,0.0
2023-09-11 07:00:00,0.0,0.0,0.0,0.0
2023-09-11 08:00:00,0.0,0.0,0.0,0.0
2023-09-11 09:00:00,0.0,0.0,0.0,0.0
2023-09-11 10:00:00,0.0,0.0,0.0,0.0
2023-09-11 11:00:00,0.0,0.0,0.0,0.0
2023-09-11 12:00:00,0.0,0.0,0.0,0.0
2023-09-11 13:00:00,0.0,0.0,0.0,0.0
2023-09-11 14:00:00,0.0,0.0,0.0,0.0
2023-09-11 15:00:00,0.0,0.0,0.0,0.0
2023-09-11 16:00:00,0.0,0.0,0.0,0.0
2023-09-11 17:00:00,0.2140980903177457,0.23336677311283696,0.21461572919274424,0.2100699371913095
2023-09-11 18:00:00,0.31143521746734576,0.2995233643204874,0.2963641119115782,0.2968497541883005
2023-09-11 19:00:00,0.47803358784017963,0.46796399699172325,0.4825297525223508,0.441568469919253
2023-09-11 20:00:00,0.6098868704926953,0.6110180447629534,0.6150412370084399,0.5864890138875811
2023-09-11 21:00:00,0.6401199061079432,0.674514800545914,0.6486282983592412,0.6064151776867465
2023-09-11 22:00:00,0.556931290965172,0.5756036890488202,0.5583825251213557,0.47497510494013206
2023-09-11 23:00:00,0.6439803058537317,0.5815737094453772,0.6314895769577941,0.5523123218708169
2023-09-12 00:00:00,0.5967052928573429,0.6500105971088734,0.6254603195827086,0.5770554314226526
2023-09-12 01:00:00,0.5961347505152953,0.5788746137023811,0.6042195751217121,0.5460263439836032
2023-09-12 02:00:00,0.43510332409358,0.5104111443970615,0.4634543073496663,0.4475771297721925
2023-09-12 03:00:00,0.36425112980757274,0.4342211663983678,0.4018595433286476,0.3610577931032711
2023-09-12 04:00:00,0.2877960487159245,0.1527592079335527,0.2582534058073633,0.20029420017250832
2023-09-12 05:00:00,0.13355791176377896,0.04812427724058536,0.09938363863614619,0.07215728640816262
2023-09-12 06:00:00,0.0,0.0,0.0,0.0
2023-09-12 07:00:00,0.0,0.0,0.0,0.0
2023-09-12 08:00:00,0.0,0.0,0.0,0.0
2023-09-12 09:00:00,0.0,0.0,0.0,0.0
2023-09-12 10:00:00,0.0,0.0,0.0,0.0
2023-09-12 11:00:00,0.0,0.0,0.0,0.0
2023-09-12 12:00:00,0.0,0.0,0.0,0.0
2023-09-12 13:00:00,0.0,0.0,0.0,0.0
2023-09-12 14:00:00,0.0,0.0,0.0,0.0
2023-09-12 15:00:00,0.0,0.0,0.0,0.0
2023-09-12 16:00:00,0.0,0.0,0.0,0.0
2023-09-12 17:00:00,0.0,0.0,0.0,0.0
2023-09-12 18:00:00,0.011819930071368952,0.011713687014262097,0.01100115982459892,0.010512666871715046
2023-09-12 19:00:00,0.061174528953033935,0.09698624676717586,0.06629282263598732,0.07670062693690369
2023-09-12 20:00:00,0.17770951582021266,0.2029446069442964,0.17728615723969365,0.20408131012533917
2023-09-12 21:00:00,0.2797600441214594,0.3819676669102037,0.30369682566973466,0.3237967905753343
2023-09-12 22:00:00,0.42465146314881835,0.5350499211894099,0.4673418670622377,0.4879710075122365
2023-09-12 23:00:00,0.5035567129128643,0.4290136643562441,0.48284626010836534,0.5120306688820602
2023-09-13 00:00:00,0.39044630097906824,0.39877890778491887,0.3945192819453275,0.3993957556584829
2023-09-13 01:00:00,0.35853114796071717,0.41181093805253505,0.37088187989600885,0.391692788115924
2023-09-13 02:00:00,0.2859283941029033,0.39860434775133663,0.3125373439537312,0.3267300815148727
2023-09-13 03:00:00,0.3495899896353695,0.41943922132777994,0.3866488970546634,0.4044709238188136
2023-09-13 04:00:00,0.24039007216584293,0.2922264227257188,0.25784653247723943,0.2623929604995094
2023-09-13 05:00:00,0.13490147149969997,0.23653082560856284,0.20235220724954994,0.19179225387926682
2023-09-13 06:00:00,0.0,0.0,0.0,0.0
2023-09-13 07:00:00,0.0,0.0,0.0,0.0
2023-09-13 08:00:00,0.0,0.0,0.0,0.0
2023-09-13 09:00:00,0.0,0.0,0.0,0.0
2023-09-13 10:00:00,0.0,0.0,0.0,0.0
2023-09-13 11:00:00,0.0,0.0,0.0,0.0
2023-09-13 12:00:00,0.0,0.0,0.0,0.0
2023-09-13 13:00:00,0.0,0.0,0.0,0.0
2023-09-13 14:00:00,0.0,0.0,0.0,0.0
2023-09-13 15:00:00,0.0,0.0,0.0,0.0
2023-09-13 16:00:00,0.0,0.0,0.0,0.0
2023-09-13 17:00:00,0.24796243040920296,0.2629051862747152,0.24686023393580797,0.22007117472251791
2023-09-13 18:00:00,0.44935874170953966,0.4691479921483881,0.4557139612943115,0.4160785719151203
2023-09-13 19:00:00,0.5742519227517456,0.6009756046382949,0.5875100790052146,0.5515953855475507
2023-09-13 20:00:00,0.5898446378223974,0.5948207915319037,0.593366581275415,0.5516031184154543
2023-09-13 21:00:00,0.5816329648576776,0.5872581956593906,0.589225551159421,0.5312803246392137
2023-09-13 22:00:00,0.5441146378776786,0.5832270362014449,0.5688234743746061,0.49168921823446216
2023-09-13 23:00:00,0.561743647458926,0.5266384669468553,0.5517857073063532,0.5163841059818359
2023-09-14 00:00:00,0.4151926538142317,0.33612660328468963,0.4038263313360285,0.39417146632381533
2023-09-14 01:00:00,0.456139704743945,0.31256417781090745,0.42267342590363816,0.4596158239628562
2023-09-14 02:00:00,0.3934780100852125,0.2500867801453925,0.3512625180553174,0.4161113720318499
2023-09-14 03:00:00,0.33617700939284356,0.1774453527369536,0.29834094788840776,0.3648334118284338
2023-09-14 04:00:00,0.3672048425238174,0.3141573177844631,0.35586218134963366,0.40116482804098846
2023-09-14 05:00:00,0.11569044659269402,0.30833573220894844,0.173535669889041,0.12434565539314445
2023-09-14 06:00:00,0.0,0.0,0.0,0.0
2023-09-14 07:00:00,0.0,0.0,0.0,0.0
2023-09-14 08:00:00,0.0,0.0,0.0,0.0
2023-09-14 09:00:00,0.0,0.0,0.0,0.0
2023-09-14 10:00:00,0.0,0.0,0.0,0.0
2023-09-14 11:00:00,0.0,0.0,0.0,0.0
2023-09-14 12:00:00,0.0,0.0,0.0,0.0
2023-09-14 13:00:00,0.0,0.0,0.0,0.0
2023-09-14 14:00:00,0.0,0.0,0.0,0.0
2023-09-14 15:00:00,0.0,0.0,0.0,0.0
2023-09-14 16:00:00,0.0,0.0,0.0,0.0
2023-09-14 17:00:00,0.3148917472016416,0.30065454022347504,0.30967759424989644,0.3102275406930573
2023-09-14 18:00:00,0.5205624570964691,0.4979141249262353,0.516007433271018,0.515251881653963
2023-09-14 19:00:00,0.6533028877467396,0.6332319395703979,0.6465976357675352,0.6480064877790799
2023-09-14 20:00:00,0.7164375889445339,0.6993907425982457,0.7086814088154166,0.7031732013777119
2023-09-14 21:00:00,0.7205139952533344,0.65594824050089,0.6966125223141868,0.7153195994979673
2023-09-14 22:00:00,0.6643646751473876,0.5281427096167789,0.6107369262234725,0.623632920888903
2023-09-14 23:00:00,0.5887798301051276,0.36489212137331767,0.512284507699908,0.5607001825862717
2023-09-15 00:00:00,0.5012738103960888,0.4012973143170954,0.4869931125523199,0.5083370519675764
2023-09-15 01:00:00,0.361382067237418,0.3052490763078786,0.3563030418444604,0.40169635195704956
2023-09-15 02:00:00,0.4281922502420233,0.4057818796545774,0.43923919965976765,0.44145668809227173
2023-09-15 03:00:00,0.31588321318579166,0.3477608384798259,0.317422303706863,0.3661078115859772
2023-09-15 04:00:00,0.41605742978199417,0.34925162588921616,0.3979763569613888,0.42754493980965264
2023-09-15 05:00:00,0.0,0.13648887385651529,0.0,0.0
2023-09-15 06:00:00,0.0,0.0,0.0,0.0
2023-09-15 07:00:00,0.0,0.0,0.0,0.0
2023-09-15 08:00:00,0.0,0.0,0.0,0.0
2023-09-15 09:00:00,0.0,0.0,0.0,0.0
2023-09-15 10:00:00,0.0,0.0,0.0,0.0
2023-09-15 11:00:00,0.0,0.0,0.0,0.0
2023-09-15 12:00:00,0.0,0.0,0.0,0.0
2023-09-15 13:00:00,0.0,0.0,0.0,0.0
2023-09-15 14:00:00,0.0,0.0,0.0,0.0
2023-09-15 15:00:00,0.0,0.0,0.0,0.0
2023-09-15 16:00:00,0.0,0.0,0.0,0.0
2023-09-15 17:00:00,0.3426610309906599,0.3305498561106921,0.3392638057759849,0.34863251437952814
2023-09-15 18:00:00,0.5486781094762117,0.5218006823286777,0.5443569844307092,0.553738638861531
2023-09-15 19:00:00,0.6731304750405694,0.6548141923369885,0.6704062380716238,0.6786651774553606
2023-09-15 20:00:00,0.7354942543505646,0.7158421712950012,0.7335880114251332,0.7423790315695649
2023-09-15 21:00:00,0.7692980115489609,0.7288036930715527,0.7678932510023551,0.7708173346823844
2023-09-15 22:00:00,0.7846458980492789,0.7170487873219388,0.7837019758909207,0.7833622077246644
2023-09-15 23:00:00,0.7865463671370332,0.7071381716129087,0.7839720415251867,0.7896046606728472
2023-09-16 00:00:00,0.7810689066283638,0.7267611026807494,0.7826102047526464,0.7875623388396393
2023-09-16 01:00:00,0.7392669820459931,0.6679994050902472,0.7318847759173099,0.7415310832836077
2023-09-16 02:00:00,0.7074763580980541,0.6360213058333176,0.7056794893156755,0.71593698568619
2023-09-16 03:00:00,0.6217697969585773,0.562526190169477,0.6162296509809153,0.6142246500673164
2023-09-16 04:00:00,0.46510602335705187,0.4014117095412326,0.46326546449150663,0.4689009721423993
2023-09-16 05:00:00,0.0,0.0,0.0,0.0
2023-09-16 06:00:00,0.0,0.0,0.0,0.0
2023-09-16 07:00:00,0.0,0.0,0.0,0.0
2023-09-16 08:00:00,0.0,0.0,0.0,0.0
2023-09-16 09:00:00,0.0,0.0,0.0,0.0
2023-09-16 10:00:00,0.0,0.0,0.0,0.0
2023-09-16 11:00:00,0.0,0.0,0.0,0.0
2023-09-16 12:00:00,0.0,0.0,0.0,0.0
2023-09-16 13:00:00,0.0,0.0,0.0,0.0
2023-09-16 14:00:00,0.0,0.0,0.0,0.0
2023-09-16 15:00:00,0.0,0.0,0.0,0.0
2023-09-16 16:00:00,0.0,0.0,0.0,0.0
2023-09-16 17:00:00,0.3334903533820348,0.3183997233262113,0.3290474945163754,0.33479253530814646
2023-09-16 18:00:00,0.5393270493983883,0.5223652414279651,0.536407203296819,0.5415344994130554
2023-09-16 19:00:00,0.6653346415247917,0.6479866453929283,0.6636652707576732,0.663474463455746
2023-09-16 20:00:00,0.7213506446783047,0.7132955189481093,0.7212158862241593,0.7234860554195955
2023-09-16 21:00:00,0.7579587079099704,0.7429230893396799,0.7561540558997558,0.7576017616527894
2023-09-16 22:00:00,0.7277552051417203,0.6541563697163874,0.7092929801279275,0.714223870017224
2023-09-16 23:00:00,0.6721373868081022,0.6001127658512347,0.6513783110407785,0.6083726784482267
2023-09-17 00:00:00,0.5631916208906184,0.49941833157474774,0.5472174562790626,0.49381159979613565
2023-09-17 01:00:00,0.4970208986797182,0.4460451148564461,0.49488958967236146,0.46875483984224586
2023-09-17 02:00:00,0.45862489309107274,0.5007384621612915,0.48354834717815987,0.4325038349236825
2023-09-17 03:00:00,0.40054775244373086,0.330473861531684,0.3983453438533836,0.40404690941573157
2023-09-17 04:00:00,0.17309830011461366,0.10841338047721383,0.1559626985254583,0.15976155306552117
2023-09-17 05:00:00,0.0,0.0,0.0,0.0
2023-09-17 06:00:00,0.0,0.0,0.0,0.0
2023-09-17 07:00:00,0.0,0.0,0.0,0.0
2023-09-17 08:00:00,0.0,0.0,0.0,0.0
2023-09-17 09:00:00,0.0,0.0,0.0,0.0
2023-09-17 10:00:00,0.0,0.0,0.0,0.0
2023-09-17 11:00:00,0.0,0.0,0.0,0.0
2023-09-17 12:00:00,0.0,0.0,0.0,0.0
2023-09-17 13:00:00,0.0,0.0,0.0,0.0
2023-09-17 14:00:00,0.0,0.0,0.0,0.0
2023-09-17 15:00:00,0.0,0.0,0.0,0.0
2023-09-17 16:00:00,0.0,0.0,0.0,0.0
2023-09-17 17:00:00,0.11003574326374647,0.16375081879003708,0.12606884658381196,0.10211401221598787
2023-09-17 18:00:00,0.373562679767731,0.4164896760980177,0.3811224719189049,0.3763114394558745
2023-09-17 19:00:00,0.45724454485766636,0.5216828854509666,0.4617130689840665,0.4162060077147414
2023-09-17 20:00:00,0.5179467186580274,0.5726976548051527,0.519202187690255,0.4557710363496748
2023-09-17 21:00:00,0.6575436695714028,0.6652839749940433,0.6650761064057612,0.5868693263445761
2023-09-17 22:00:00,0.5894249839852782,0.5658831690879196,0.586340900863676,0.5295504181420969
2023-09-17 23:00:00,0.6098592588295474,0.5794681033121704,0.5937540439995965,0.5532026180474411
2023-09-18 00:00:00,0.5825168145041418,0.5564817463243751,0.5757526969194012,0.5059843979028597
2023-09-18 01:00:00,0.5569957116331287,0.49489564557914667,0.5354773023896233,0.4623009612274151
2023-09-18 02:00:00,0.49963188820726523,0.4481134941899069,0.4708207795811872,0.42720219056547354
2023-09-18 03:00:00,0.37585978782229995,0.38310719181036434,0.3939356283098431,0.279026892258133
2023-09-18 04:00:00,0.20026359032770932,0.11460544705694563,0.1796475225731496,0.12631805932982895
2023-09-18 05:00:00,0.0,0.0,0.0,0.0
2023-09-18 06:00:00,0.0,0.0,0.0,0.0
2023-09-18 07:00:00,0.0,0.0,0.0,0.0
2023-09-18 08:00:00,0.0,0.0,0.0,0.0
2023-09-18 09:00:00,0.0,0.0,0.0,0.0
2023-09-18 10:00:00,0.0,0.0,0.0,0.0
2023-09-18 11:00:00,0.0,0.0,0.0,0.0
2023-09-18 12:00:00,0.0,0.0,0.0,0.0
2023-09-18 13:00:00,0.0,0.0,0.0,0.0
2023-09-18 14:00:00,0.0,0.0,0.0,0.0
2023-09-18 15:00:00,0.0,0.0,0.0,0.0
2023-09-18 16:00:00,0.0,0.0,0.0,0.0
2023-09-18 17:00:00,0.28583748143127535,0.3094392186932505,0.29140944660420254,0.27680277923597124
2023-09-18 18:00:00,0.4778125626222063,0.4921105152437977,0.480585409992525,0.4502988072473406
2023-09-18 19:00:00,0.56421412058181,0.6015633784814546,0.5724812984823333,0.5071677275466965
2023-09-18 20:00:00,0.627474715119873,0.6541083101643316,0.6353600070724092,0.5895254492035011
2023-09-18 21:00:00,0.5896779049167148,0.5668738056587062,0.5760806487455352,0.5726312728857788
2023-09-18 22:00:00,0.6164288803105119,0.5991343604191853,0.60237878597584,0.6058022868195687
2023-09-18 23:00:00,0.6426188965204878,0.6473034123199574,0.6614252283780393,0.624623042592385
2023-09-19 00:00:00,0.6136829795849554,0.5483803583939896,0.5950964771021551,0.613676053841147
2023-09-19 01:00:00,0.48819787059461367,0.5319545948399661,0.5066196818633935,0.5094499209911437
2023-09-19 02:00:00,0.522420382872264,0.43877008175348603,0.4973243874332882,0.537847315251069
2023-09-19 03:00:00,0.40616459641435293,0.4010904806019076,0.4186769439054138,0.4367611663852478
2023-09-19 04:00:00,0.3096280668484021,0.2705163634898334,0.3048430750426543,0.31321523390500544
2023-09-19 05:00:00,0.0,0.0,0.0,0.0
2023-09-19 06:00:00,0.0,0.0,0.0,0.0
2023-09-19 07:00:00,0.0,0.0,0.0,0.0
2023-09-19 08:00:00,0.0,0.0,0.0,0.0
2023-09-19 09:00:00,0.0,0.0,0.0,0.0
2023-09-19 10:00:00,0.0,0.0,0.0,0.0
2023-09-19 11:00:00,0.0,0.0,0.0,0.0
2023-09-19 12:00:00,0.0,0.0,0.0,0.0
2023-09-19 13:00:00,0.0,0.0,0.0,0.0
2023-09-19 14:00:00,0.0,0.0,0.0,0.0
2023-09-19 15:00:00,0.0,0.0,0.0,0.0
2023-09-19 16:00:00,0.0,0.0,0.0,0.0
2023-09-19 17:00:00,0.29032609934108494,0.29064087353592016,0.2879344505258947,0.2956295534854163
2023-09-19 18:00:00,0.5045967148567488,0.46339106149955533,0.49291238365342893,0.5096599080453174
2023-09-19 19:00:00,0.6353116210309263,0.6002030038714203,0.6293060370965193,0.6479226309756543
2023-09-19 20:00:00,0.7099379055116182,0.7025237284887161,0.7087449755558077,0.7048792390315759
2023-09-19 21:00:00,0.6774167852099963,0.6082089926207529,0.6582412202749675,0.6716342441007684
2023-09-19 22:00:00,0.6502680812677348,0.5750240079934467,0.6381645301605778,0.6577401389744645
2023-09-19 23:00:00,0.5694532183609583,0.3775862552236564,0.5223175241441593,0.5869532473087594
2023-09-20 00:00:00,0.5570613479756795,0.43508309901696857,0.5289999523908173,0.5368222133849795
2023-09-20 01:00:00,0.5206691743105163,0.3608598397662886,0.4799076799115436,0.5378883186430755
2023-09-20 02:00:00,0.5073994134515324,0.3867678850016661,0.4948889395894906,0.5187489888676841
2023-09-20 03:00:00,0.3725639182343281,0.2896210231642586,0.36697808999605275,0.3810602730185759
2023-09-20 04:00:00,0.19737043388566225,0.14646094371698645,0.1978391006337052,0.24686726780397453
2023-09-20 05:00:00,0.0,0.0,0.0,0.0
2023-09-20 06:00:00,0.0,0.0,0.0,0.0
2023-09-20 07:00:00,0.0,0.0,0.0,0.0
2023-09-20 08:00:00,0.0,0.0,0.0,0.0
2023-09-20 09:00:00,0.0,0.0,0.0,0.0
2023-09-20 10:00:00,0.0,0.0,0.0,0.0
2023-09-20 11:00:00,0.0,0.0,0.0,0.0
2023-09-20 12:00:00,0.0,0.0,0.0,0.0
2023-09-20 13:00:00,0.0,0.0,0.0,0.0
2023-09-20 14:00:00,0.0,0.0,0.0,0.0
2023-09-20 15:00:00,0.0,0.0,0.0,0.0
2023-09-20 16:00:00,0.0,0.0,0.0,0.0
2023-09-20 17:00:00,0.08580916991279619,0.017536537917365678,0.05603144370361522,0.09423061443427934
2023-09-20 18:00:00,0.11278601258752756,0.03830754399896357,0.07589653236282325,0.09624047055937225
2023-09-20 19:00:00,0.30172887765221407,0.25559095503811996,0.27731249069202724,0.27081946449026906
2023-09-20 20:00:00,0.25418509270830014,0.337439865918342,0.24542402176440814,0.23157320713524707
2023-09-20 21:00:00,0.47696201792589327,0.5601045872453945,0.4983683031031362,0.5010181019915355
2023-09-20 22:00:00,0.6416154514941123,0.676637052583549,0.6559590743518422,0.6598868879048557
2023-09-20 23:00:00,0.7347398325865401,0.7433899728007459,0.7378778124131327,0.7377968711501586
2023-09-21 00:00:00,0.7247495848039481,0.7018230624856979,0.7267257537400391,0.709197540036279
2023-09-21 01:00:00,0.6583456499326222,0.6645992870633459,0.6603590417157283,0.6244884973687697
2023-09-21 02:00:00,0.5205132931887485,0.6230717061540884,0.5535503818425667,0.474842462996975
2023-09-21 03:00:00,0.48008253018648933,0.5190353434545609,0.4855611255164731,0.41695954021614723
2023-09-21 04:00:00,0.28232355046129026,0.28187711925075903,0.268648457031158,0.2644989255042803
2023-09-21 05:00:00,0.0,0.0,0.0,0.0
2023-09-21 06:00:00,0.0,0.0,0.0,0.0
2023-09-21 07:00:00,0.0,0.0,0.0,0.0
2023-09-21 08:00:00,0.0,0.0,0.0,0.0
2023-09-21 09:00:00,0.0,0.0,0.0,0.0
2023-09-21 10:00:00,0.0,0.0,0.0,0.0
2023-09-21 11:00:00,0.0,0.0,0.0,0.0
2023-09-21 12:00:00,0.0,0.0,0.0,0.0
2023-09-21 13:00:00,0.0,0.0,0.0,0.0
2023-09-21 14:00:00,0.0,0.0,0.0,0.0
2023-09-21 15:00:00,0.0,0.0,0.0,0.0
2023-09-21 16:00:00,0.0,0.0,0.0,0.0
2023-09-21 17:00:00,0.1843456610623461,0.26680466544020115,0.20960714310399675,0.1880284743417572
2023-09-21 18:00:00,0.33426387893403414,0.44184245915461107,0.377870222679099,0.31824176764944795
2023-09-21 19:00:00,0.41799434312448214,0.5867829420528657,0.4796933236715202,0.42198917208792236
2023-09-21 20:00:00,0.494739253758733,0.6607770375472928,0.558933557476375,0.5215016417930795
2023-09-21 21:00:00,0.5121162751750057,0.6246268044563664,0.5444737375311226,0.5066439561084862
2023-09-21 22:00:00,0.5082071019186097,0.663893017715484,0.5534473906690542,0.5130008483419032
2023-09-21 23:00:00,0.6401306601911889,0.6899302281213783,0.6580046988281315,0.6319189535354193
2023-09-22 00:00:00,0.688800897651621,0.7021726225721227,0.691067956271842,0.6759719204140701
2023-09-22 01:00:00,0.5996362080470756,0.6275899287301073,0.6125127707587108,0.5621533824272911
2023-09-22 02:00:00,0.5917242361263421,0.6095395168202548,0.6003151382719663,0.5752112004510699
2023-09-22 03:00:00,0.489322313877311,0.5116979421103942,0.4942493936722382,0.4827375951742581
2023-09-22 04:00:00,0.3425940741229072,0.35973729597655346,0.35279260985117095,0.3462134062981461
2023-09-22 05:00:00,0.0,0.0,0.0,0.0
2023-09-22 06:00:00,0.0,0.0,0.0,0.0
2023-09-22 07:00:00,0.0,0.0,0.0,0.0
2023-09-22 08:00:00,0.0,0.0,0.0,0.0
2023-09-22 09:00:00,0.0,0.0,0.0,0.0
2023-09-22 10:00:00,0.0,0.0,0.0,0.0
2023-09-22 11:00:00,0.0,0.0,0.0,0.0
2023-09-22 12:00:00,0.0,0.0,0.0,0.0
2023-09-22 13:00:00,0.0,0.0,0.0,0.0
2023-09-22 14:00:00,0.0,0.0,0.0,0.0
2023-09-22 15:00:00,0.0,0.0,0.0,0.0
2023-09-22 16:00:00,0.0,0.0,0.0,0.0
2023-09-22 17:00:00,0.06059618257532079,0.032873694803738196,0.05429229892522924,0.09260707816009843
2023-09-22 18:00:00,0.24918308743658132,0.1798996336150734,0.24049236706152788,0.28810481492161477
2023-09-22 19:00:00,0.4672475772908172,0.36236371431486974,0.44892493239319786,0.48138630232012874
2023-09-22 20:00:00,0.44795860310714825,0.4061057365801853,0.43904715879180134,0.45833671986485797
2023-09-22 21:00:00,0.5640463964768928,0.4954420039477365,0.5455963392465033,0.5385311485952803
2023-09-22 22:00:00,0.5355544649195063,0.4351511290070098,0.5093035654798492,0.5092896656560671
2023-09-22 23:00:00,0.6385787398922514,0.5570924635321689,0.6318743312206148,0.6216780848791706
2023-09-23 00:00:00,0.6988397753339907,0.6633940759272398,0.6896225918109309,0.6920274689579888
2023-09-23 01:00:00,0.7127155412324967,0.689010889450667,0.7129904018988082,0.7031283837031728
2023-09-23 02:00:00,0.6617297213339876,0.635600332679903,0.6632142335136495,0.6564625606776278
2023-09-23 03:00:00,0.5778727008964591,0.5729876423089514,0.5748241950146,0.5605802713430649
2023-09-23 04:00:00,0.3891718804283079,0.40842513311354267,0.3948503971209303,0.3973661454585838
2023-09-23 05:00:00,0.0,0.0,0.0,0.0
2023-09-23 06:00:00,0.0,0.0,0.0,0.0
2023-09-23 07:00:00,0.0,0.0,0.0,0.0
2023-09-23 08:00:00,0.0,0.0,0.0,0.0
2023-09-23 09:00:00,0.0,0.0,0.0,0.0
2023-09-23 10:00:00,0.0,0.0,0.0,0.0
2023-09-23 11:00:00,0.0,0.0,0.0,0.0
2023-09-23 12:00:00,0.0,0.0,0.0,0.0
2023-09-23 13:00:00,0.0,0.0,0.0,0.0
2023-09-23 14:00:00,0.0,0.0,0.0,0.0
2023-09-23 15:00:00,0.0,0.0,0.0,0.0
2023-09-23 16:00:00,0.0,0.0,0.0,0.0
2023-09-23 17:00:00,0.34247294868788364,0.36622508319081454,0.349661069637039,0.35158526287405545
2023-09-23 18:00:00,0.5101033381041186,0.4984254298698039,0.5099006939194068,0.514876098682974
2023-09-23 19:00:00,0.6480441434062548,0.6403726788527256,0.649225846021138,0.6539721980574646
2023-09-23 20:00:00,0.7030712811075966,0.70705914126949,0.7061914974075896,0.7139397435209064
2023-09-23 21:00:00,0.7517617628598968,0.7464393729077741,0.7521333436723814,0.7546431483516581
2023-09-23 22:00:00,0.770326059515054,0.7675620131325672,0.7743221117955247,0.7731077201540958
2023-09-23 23:00:00,0.7684115005851097,0.7573061874879631,0.7736361003912382,0.7765585841593197
2023-09-24 00:00:00,0.7620327256319878,0.76096148922365,0.7623081384882425,0.7574591478190372
2023-09-24 01:00:00,0.7316050170882095,0.7325193386676588,0.733699830558643,0.7281787180836532
2023-09-24 02:00:00,0.6626932327162023,0.6884264725975456,0.6717801320118972,0.6683080715116357
2023-09-24 03:00:00,0.5638369028043385,0.6040188674366356,0.5750602111188772,0.5810280141795179
2023-09-24 04:00:00,0.39207161891591974,0.43131547616512433,0.404694211678588,0.4165571812881286
2023-09-24 05:00:00,0.0,0.0,0.0,0.0
2023-09-24 06:00:00,0.0,0.0,0.0,0.0
2023-09-24 07:00:00,0.0,0.0,0.0,0.0
2023-09-24 08:00:00,0.0,0.0,0.0,0.0
2023-09-24 09:00:00,0.0,0.0,0.0,0.0
2023-09-24 10:00:00,0.0,0.0,0.0,0.0
2023-09-24 11:00:00,0.0,0.0,0.0,0.0
2023-09-24 12:00:00,0.0,0.0,0.0,0.0
2023-09-24 13:00:00,0.0,0.0,0.0,0.0
2023-09-24 14:00:00,0.0,0.0,0.0,0.0
2023-09-24 15:00:00,0.0,0.0,0.0,0.0
2023-09-24 16:00:00,0.0,0.0,0.0,0.0
2023-09-24 17:00:00,0.32175924663867883,0.3674881890541255,0.33152026342603225,0.34587860832369727
2023-09-24 18:00:00,0.47801509435993506,0.47203077632558726,0.47445965256077627,0.48893279428263076
2023-09-24 19:00:00,0.6215415351797117,0.6108465699772113,0.6163105375823497,0.6290449586588158
2023-09-24 20:00:00,0.6642267181497185,0.6286778811066972,0.6513862768042655,0.6781383715697528
2023-09-24 21:00:00,0.7115258076428498,0.6907453542274572,0.705507476853933,0.7253523937664621
2023-09-24 22:00:00,0.6438236340307596,0.6715882611854944,0.6555631423924378,0.6777834302044603
2023-09-24 23:00:00,0.538492193177275,0.6658484355575397,0.5783731688327334,0.6083898593918445
2023-09-25 00:00:00,0.3483414411275451,0.31213185542313626,0.3235939903938082,0.41830706835861675
2023-09-25 01:00:00,0.16632848476001125,0.15517262690307085,0.14097645485180038,0.1838311714603272
2023-09-25 02:00:00,0.04359998711594093,0.07672118003382601,0.03871119951839734,0.04359446940738341
2023-09-25 03:00:00,0.015411429225699146,0.042093830860817145,0.015386674525791625,0.014362469644526149
2023-09-25 04:00:00,0.0019927767144825117,0.0060207231390723955,0.0026666624295347205,0.000844424390755137
2023-09-25 05:00:00,0.0,0.0,0.0,0.0
2023-09-25 06:00:00,0.0,0.0,0.0,0.0
2023-09-25 07:00:00,0.0,0.0,0.0,0.0
2023-09-25 08:00:00,0.0,0.0,0.0,0.0
2023-09-25 09:00:00,0.0,0.0,0.0,0.0
2023-09-25 10:00:00,0.0,0.0,0.0,0.0
2023-09-25 11:00:00,0.0,0.0,0.0,0.0
2023-09-25 12:00:00,0.0,0.0,0.0,0.0
2023-09-25 13:00:00,0.0,0.0,0.0,0.0
2023-09-25 14:00:00,0.0,0.0,0.0,0.0
2023-09-25 15:00:00,0.0,0.0,0.0,0.0
2023-09-25 16:00:00,0.0,0.0,0.0,0.0
2023-09-25 17:00:00,0.004402407798492048,0.0,0.0,0.005348151995153968
2023-09-25 18:00:00,0.02354531810747401,0.00532526525187695,0.01163981585646574,0.02394189615207644
2023-09-25 19:00:00,0.10934135654028405,0.03776093582460884,0.07575520779451499,0.1040057305025061
2023-09-25 20:00:00,0.2571694454116268,0.19770652431921887,0.2302754299286311,0.2325326624048215
2023-09-25 21:00:00,0.2663808702339547,0.26496717006301124,0.2539762299040287,0.27606571406742214
2023-09-25 22:00:00,0.4750127342075683,0.445049018384754,0.47452854244638465,0.49911888251334324
2023-09-25 23:00:00,0.4115682300216503,0.3541181413700795,0.3829353232794854,0.4125327515068686
2023-09-26 00:00:00,0.5062793797134318,0.3824470725885267,0.47669882282506437,0.4896145249479766
2023-09-26 01:00:00,0.44121178481252515,0.32767817853708797,0.41829993922810405,0.44006000334689327
2023-09-26 02:00:00,0.22333190249133886,0.15839181885581707,0.2051735984219445,0.2359257684541495
2023-09-26 03:00:00,0.05639441690448938,0.041634599188586856,0.04724052257060679,0.05782305828082335
2023-09-26 04:00:00,0.022094451231451772,0.018950258669627865,0.02239606856280941,0.028261913514273245
2023-09-26 05:00:00,0.0,0.0,0.0,0.0
2023-09-26 06:00:00,0.0,0.0,0.0,0.0
2023-09-26 07:00:00,0.0,0.0,0.0,0.0
2023-09-26 08:00:00,0.0,0.0,0.0,0.0
2023-09-26 09:00:00,0.0,0.0,0.0,0.0
2023-09-26 10:00:00,0.0,0.0,0.0,0.0
2023-09-26 11:00:00,0.0,0.0,0.0,0.0
2023-09-26 12:00:00,0.0,0.0,0.0,0.0
2023-09-26 13:00:00,0.0,0.0,0.0,0.0
2023-09-26 14:00:00,0.0,0.0,0.0,0.0
2023-09-26 15:00:00,0.0,0.0,0.0,0.0
2023-09-26 16:00:00,0.0,0.0,0.0,0.0
2023-09-26 17:00:00,0.025634397940867738,0.009511247534836634,0.021740350365586993,0.038884880308766384
2023-09-26 18:00:00,0.1287289709987056,0.02891530257769448,0.09690976085847014,0.1320875122801994
2023-09-26 19:00:00,0.2941775598250791,0.1635534325537191,0.267520316848015,0.3160128790872145
2023-09-26 20:00:00,0.4721286409562408,0.3066323197888248,0.4393790179363375,0.47818110423458693
2023-09-26 21:00:00,0.5492518587280023,0.3463133584140656,0.5123770501820892,0.5127868384513352
2023-09-26 22:00:00,0.5921434011796386,0.4105075218301604,0.5526804016019633,0.5725337252057471
2023-09-26 23:00:00,0.5808767280726681,0.5460810783180109,0.5880754936158965,0.5514674803922165
2023-09-27 00:00:00,0.5336752488432356,0.5893074415219635,0.5700966943899022,0.5500334810336464
2023-09-27 01:00:00,0.3231499956438297,0.42067133168091947,0.36787013812236274,0.3622658250638208
2023-09-27 02:00:00,0.3360078581506613,0.4600293883972834,0.389531022330312,0.3421657683264711
2023-09-27 03:00:00,0.16994096368049813,0.2868029489590997,0.20513621600579646,0.15633272499302234
2023-09-27 04:00:00,0.050823417148603584,0.11049414259432855,0.06662654165437118,0.05452392653344349
2023-09-27 05:00:00,0.0,0.0,0.0,0.0
2023-09-27 06:00:00,0.0,0.0,0.0,0.0
2023-09-27 07:00:00,0.0,0.0,0.0,0.0
2023-09-27 08:00:00,0.0,0.0,0.0,0.0
2023-09-27 09:00:00,0.0,0.0,0.0,0.0
2023-09-27 10:00:00,0.0,0.0,0.0,0.0
2023-09-27 11:00:00,0.0,0.0,0.0,0.0
2023-09-27 12:00:00,0.0,0.0,0.0,0.0
2023-09-27 13:00:00,0.0,0.0,0.0,0.0
2023-09-27 14:00:00,0.0,0.0,0.0,0.0
2023-09-27 15:00:00,0.0,0.0,0.0,0.0
2023-09-27 16:00:00,0.0,0.0,0.0,0.0
2023-09-27 17:00:00,0.0,0.0,0.0,0.0
2023-09-27 18:00:00,0.009245410097584858,0.007357341212955205,0.008914572961603862,0.010863268182931887
2023-09-27 19:00:00,0.049827947947490424,0.04414063869137183,0.053873289266453364,0.06640705569968992
2023-09-27 20:00:00,0.08576798247258006,0.07084536465360708,0.09027751514939328,0.11421912565828045
2023-09-27 21:00:00,0.12124591116332793,0.09803739563557627,0.11411455047752504,0.12505979804066183
2023-09-27 22:00:00,0.18299350252829694,0.18930302294583803,0.19555602362582336,0.20713141978961794
2023-09-27 23:00:00,0.24241423143346055,0.2707936052392282,0.2623571058053188,0.26087971789777104
2023-09-28 00:00:00,0.45753354296918314,0.47792722682738925,0.4841282125101187,0.39527821492205223
2023-09-28 01:00:00,0.46436085688953854,0.36676815073429686,0.45223008515357954,0.3729710058561351
2023-09-28 02:00:00,0.4621215002660306,0.2305523008840152,0.4019386245142109,0.38431527739999827
2023-09-28 03:00:00,0.3718666235133592,0.240596075642613,0.3420505827455259,0.31104095682352484
2023-09-28 04:00:00,0.1419911469637048,0.028367133638700096,0.1097931791837447,0.11268628885630265
2023-09-28 05:00:00,0.0,0.0,0.0,0.0
2023-09-28 06:00:00,0.0,0.0,0.0,0.0
2023-09-28 07:00:00,0.0,0.0,0.0,0.0
2023-09-28 08:00:00,0.0,0.0,0.0,0.0
2023-09-28 09:00:00,0.0,0.0,0.0,0.0
2023-09-28 10:00:00,0.0,0.0,0.0,0.0
2023-09-28 11:00:00,0.0,0.0,0.0,0.0
2023-09-28 12:00:00,0.0,0.0,0.0,0.0
2023-09-28 13:00:00,0.0,0.0,0.0,0.0
2023-09-28 14:00:00,0.0,0.0,0.0,0.0
2023-09-28 15:00:00,0.0,0.0,0.0,0.0
2023-09-28 16:00:00,0.0,0.0,0.0,0.0
2023-09-28 17:00:00,0.015219325013806401,0.0,0.005776473113460775,0.008143028511654927
2023-09-28 18:00:00,0.04005405754875296,0.01290258258035717,0.026051421557438434,0.033621595004040716
2023-09-28 19:00:00,0.13112713356105543,0.07709375295808553,0.11801603617086279,0.18428416282877805
2023-09-28 20:00:00,0.13517682532974382,0.1472534924717294,0.14931908599754423,0.20352101761808647
2023-09-28 21:00:00,0.2368473469765419,0.26123222870447727,0.24956902582846227,0.20077526872611387
2023-09-28 22:00:00,0.39437821307741844,0.23836872782662147,0.3491277939089674,0.31419343909571446
2023-09-28 23:00:00,0.5126234664978119,0.43366861889810226,0.49917321894456684,0.4491017080650334
2023-09-29 00:00:00,0.5511967829439229,0.5110076592998091,0.5505900741817041,0.48082090795892496
2023-09-29 01:00:00,0.3565331130510101,0.2987790640556179,0.3481212928302113,0.3854794805880575
2023-09-29 02:00:00,0.1292047985843843,0.10817837009904004,0.11837939961807509,0.1671090598820596
2023-09-29 03:00:00,0.0741510394436457,0.1572439159838505,0.10405792090806584,0.10306616096970488
2023-09-29 04:00:00,0.04524887852102141,0.09611912360143238,0.06428905738968581,0.05656565269083769
2023-09-29 05:00:00,0.0,0.0,0.0,0.0
2023-09-29 06:00:00,0.0,0.0,0.0,0.0
2023-09-29 07:00:00,0.0,0.0,0.0,0.0
2023-09-29 08:00:00,0.0,0.0,0.0,0.0
2023-09-29 09:00:00,0.0,0.0,0.0,0.0
2023-09-29 10:00:00,0.0,0.0,0.0,0.0
2023-09-29 11:00:00,0.0,0.0,0.0,0.0
2023-09-29 12:00:00,0.0,0.0,0.0,0.0
2023-09-29 13:00:00,0.0,0.0,0.0,0.0
2023-09-29 14:00:00,0.0,0.0,0.0,0.0
2023-09-29 15:00:00,0.0,0.0,0.0,0.0
2023-09-29 16:00:00,0.0,0.0,0.0,0.0
2023-09-29 17:00:00,0.12009718666984426,0.0,0.0903652726295197,0.02515183542434957
2023-09-29 18:00:00,0.23748400666247452,0.16466225702258852,0.22066565524504334,0.15319912109631703
2023-09-29 19:00:00,0.3111421336379177,0.24547550764185755,0.2884978658358125,0.20509530481777286
2023-09-29 20:00:00,0.3292287835816132,0.17282880607168194,0.26519573042822836,0.2674284726007208
2023-09-29 21:00:00,0.4122262104199856,0.2963869407192707,0.3694687513464176,0.3677023455326121
2023-09-29 22:00:00,0.4605948824505131,0.4483152821531749,0.43869373496187347,0.4465566443028337
2023-09-29 23:00:00,0.4113196152532786,0.42070902624389506,0.4142394292031163,0.3533593102741521
2023-09-30 00:00:00,0.2893549172907288,0.21542197080620537,0.27009029057541944,0.21129134379007505
2023-09-30 01:00:00,0.33798337169062376,0.29121448823176693,0.3298766207465454,0.26804050154015074
2023-09-30 02:00:00,0.34312383756443343,0.31374226489689344,0.33077945757728133,0.23069551936338714
2023-09-30 03:00:00,0.2975260190050193,0.2823940162227546,0.3002762839949702,0.20575135791194463
2023-09-30 04:00:00,0.23833069388452952,0.2482502932387369,0.2507688823905375,0.17803409881102902
2023-09-30 05:00:00,0.0,0.0,0.0,0.0
2023-09-30 06:00:00,0.0,0.0,0.0,0.0
2023-09-30 07:00:00,0.0,0.0,0.0,0.0
2023-09-30 08:00:00,0.0,0.0,0.0,0.0
2023-09-30 09:00:00,0.0,0.0,0.0,0.0
2023-09-30 10:00:00,0.0,0.0,0.0,0.0
2023-09-30 11:00:00,0.0,0.0,0.0,0.0
2023-09-30 12:00:00,0.0,0.0,0.0,0.0
2023-09-30 13:00:00,0.0,0.0,0.0,0.0
2023-09-30 14:00:00,0.0,0.0,0.0,0.0
2023-09-30 15:00:00,0.0,0.0,0.0,0.0
2023-09-30 16:00:00,0.0,0.0,0.0,0.0
2023-09-30 17:00:00,0.0914311681411033,0.0,0.0,0.0
2023-09-30 18:00:00,0.3502958809330525,0.3346519505287617,0.350480120233969,0.3093765601103853
2023-09-30 19:00:00,0.48014209122407253,0.4773681988617433,0.48315551992374506,0.41367045665963165
2023-09-30 20:00:00,0.5879658462788411,0.5445721045430781,0.5781354484365933,0.5480890694370811
2023-09-30 21:00:00,0.7080878033674001,0.6634084845511674,0.7014785028864854,0.7014591360162715
2023-09-30 22:00:00,0.7226242236083017,0.6645229811377197,0.7123950370555693,0.7263474963928819
2023-09-30 23:00:00,0.6652591425792943,0.5860433973873165,0.6320852662668639,0.6471227126261212
2023-10-01 00:00:00,0.5387372998618184,0.45023495246186257,0.5005097499178514,0.46944790855948143
2023-10-01 01:00:00,0.47043953058012633,0.37019962715868987,0.4325733982910227,0.4001312338661355
2023-10-01 02:00:00,0.48534255341268223,0.4156055214197502,0.4647940509741324,0.47448893014198984
2023-10-01 03:00:00,0.4178996498526321,0.4017003188316806,0.4064434090518817,0.4167603822823609
2023-10-01 04:00:00,0.3076277278696242,0.337806947317306,0.31812592559987873,0.30964638906945874
2023-10-01 05:00:00,0.0,0.0,0.0,0.0
2023-10-01 06:00:00,0.0,0.0,0.0,0.0
2023-10-01 07:00:00,0.0,0.0,0.0,0.0
2023-10-01 08:00:00,0.0,0.0,0.0,0.0
2023-10-01 09:00:00,0.0,0.0,0.0,0.0
2023-10-01 10:00:00,0.0,0.0,0.0,0.0
2023-10-01 11:00:00,0.0,0.0,0.0,0.0
2023-10-01 12:00:00,0.0,0.0,0.0,0.0
2023-10-01 13:00:00,0.0,0.0,0.0,0.0
2023-10-01 14:00:00,0.0,0.0,0.0,0.0
2023-10-01 15:00:00,0.0,0.0,0.0,0.0
2023-10-01 16:00:00,0.0,0.0,0.0,0.0
2023-10-01 17:00:00,0.0,0.0,0.0,0.0
2023-10-01 18:00:00,0.42467100607873903,0.3247008693143088,0.4116784485210769,0.42362763975515133
2023-10-01 19:00:00,0.6033407538840333,0.5155062954530588,0.6056767561076037,0.612863130996973
2023-10-01 20:00:00,0.6681526603758012,0.6260379952956271,0.6700540893287563,0.6677217419846219
2023-10-01 21:00:00,0.690800797013626,0.6702569956276108,0.6925703890870454,0.6883562814813678
2023-10-01 22:00:00,0.6976277052246004,0.6980774499423955,0.7017307530051917,0.7091065116870929
2023-10-01 23:00:00,0.7079883581786132,0.6990841896463343,0.702910527243638,0.6984565813274549
2023-10-02 00:00:00,0.6983059320766672,0.701920907590441,0.6981889593930464,0.6852158473686667
2023-10-02 01:00:00,0.6234763495308999,0.6619519009198201,0.6397782552129425,0.5939605825821646
2023-10-02 02:00:00,0.5614554846848726,0.5840279363078325,0.5647708222626415,0.5252037596234281
2023-10-02 03:00:00,0.4533907359482683,0.4860483102417585,0.4590534609438013,0.43416929364054413
2023-10-02 04:00:00,0.26853764910823014,0.2887198886357811,0.2640102835956557,0.22128616804113657
2023-10-02 05:00:00,0.0,0.0,0.0,0.0
2023-10-02 06:00:00,0.0,0.0,0.0,0.0
2023-10-02 07:00:00,0.0,0.0,0.0,0.0
2023-10-02 08:00:00,0.0,0.0,0.0,0.0
2023-10-02 09:00:00,0.0,0.0,0.0,0.0
2023-10-02 10:00:00,0.0,0.0,0.0,0.0
2023-10-02 11:00:00,0.0,0.0,0.0,0.0
2023-10-02 12:00:00,0.0,0.0,0.0,0.0
2023-10-02 13:00:00,0.0,0.0,0.0,0.0
2023-10-02 14:00:00,0.0,0.0,0.0,0.0
2023-10-02 15:00:00,0.0,0.0,0.0,0.0
2023-10-02 16:00:00,0.0,0.0,0.0,0.0
2023-10-02 17:00:00,0.0,0.0,0.0,0.0
2023-10-02 18:00:00,0.3795454528486088,0.3675197449437364,0.3906106030028939,0.38625636998579965
2023-10-02 19:00:00,0.5304411291933276,0.502182407709018,0.5441807775914727,0.5397482100360804
2023-10-02 20:00:00,0.6412892351304901,0.6204245238149094,0.649029712845673,0.6465090249295878
2023-10-02 21:00:00,0.6785100786088525,0.6865797049819983,0.6868714713943704,0.6788089284552629
2023-10-02 22:00:00,0.7057315702770867,0.6825775715255596,0.7036527674946811,0.7059249027532785
2023-10-02 23:00:00,0.7122111211517878,0.7137970969828719,0.7130195103273098,0.7127075445888252
2023-10-03 00:00:00,0.694848712519082,0.7020995079946695,0.6964131306379717,0.6982773614180887
2023-10-03 01:00:00,0.6718097200314599,0.6746000043797696,0.6722303346616663,0.6719008295875913
2023-10-03 02:00:00,0.6170184012552488,0.6203828974454938,0.6169913640217654,0.6165472663140975
2023-10-03 03:00:00,0.5118223619911445,0.5201493961132581,0.5132643722757528,0.5126786481876042
2023-10-03 04:00:00,0.32608301899518977,0.33379196992932925,0.3276169833780201,0.3291782292815963
2023-10-03 05:00:00,0.0,0.0,0.0,0.0
2023-10-03 06:00:00,0.0,0.0,0.0,0.0
2023-10-03 07:00:00,0.0,0.0,0.0,0.0
2023-10-03 08:00:00,0.0,0.0,0.0,0.0
2023-10-03 09:00:00,0.0,0.0,0.0,0.0
2023-10-03 10:00:00,0.0,0.0,0.0,0.0
2023-10-03 11:00:00,0.0,0.0,0.0,0.0
2023-10-03 12:00:00,0.0,0.0,0.0,0.0
2023-10-03 13:00:00,0.0,0.0,0.0,0.0
2023-10-03 14:00:00,0.0,0.0,0.0,0.0
2023-10-03 15:00:00,0.0,0.0,0.0,0.0
2023-10-03 16:00:00,0.0,0.0,0.0,0.0
2023-10-03 17:00:00,0.0,0.0,0.0,0.0
2023-10-03 18:00:00,0.43269576770573365,0.3936306861126333,0.43486373956191127,0.43800295661856187
2023-10-03 19:00:00,0.575731996182638,0.5334250623394846,0.5798931385593873,0.5837788208607929
2023-10-03 20:00:00,0.6599011262517681,0.6279336732128838,0.6616451324950793,0.6627778262840915
2023-10-03 21:00:00,0.6981199628920169,0.6759384279016821,0.6992278258597753,0.6994827950892085
2023-10-03 22:00:00,0.7131891340262285,0.7121879996710044,0.7135330759572164,0.7126701752718537
2023-10-03 23:00:00,0.7159663655787475,0.7151095620640365,0.7164524873106775,0.7147249918672749
2023-10-04 00:00:00,0.7070261742592067,0.7057444420503622,0.7074661397256135,0.70500200948794
2023-10-04 01:00:00,0.6791668461694735,0.6788228845959766,0.6796686469757333,0.6770875748527652
2023-10-04 02:00:00,0.6233028418227285,0.6243771778735849,0.6239850720893182,0.6217104501156554
2023-10-04 03:00:00,0.5184742280849118,0.5237406836902471,0.5198534925981431,0.5181023328885163
2023-10-04 04:00:00,0.3314874048964349,0.33777119598289657,0.33343718026344144,0.3339436580866492
2023-10-04 05:00:00,0.0,0.0,0.0,0.0
2023-10-04 06:00:00,0.0,0.0,0.0,0.0
2023-10-04 07:00:00,0.0,0.0,0.0,0.0
2023-10-04 08:00:00,0.0,0.0,0.0,0.0
2023-10-04 09:00:00,0.0,0.0,0.0,0.0
2023-10-04 10:00:00,0.0,0.0,0.0,0.0
2023-10-04 11:00:00,0.0,0.0,0.0,0.0
2023-10-04 12:00:00,0.0,0.0,0.0,0.0
2023-10-04 13:00:00,0.0,0.0,0.0,0.0
2023-10-04 14:00:00,0.0,0.0,0.0,0.0
2023-10-04 15:00:00,0.0,0.0,0.0,0.0
2023-10-04 16:00:00,0.0,0.0,0.0,0.0
2023-10-04 17:00:00,0.0,0.0,0.0,0.0
2023-10-04 18:00:00,0.4247396086137074,0.4262587318427267,0.4243614182210477,0.42745932675734183
2023-10-04 19:00:00,0.5902342612100143,0.5851615498354866,0.5894045375050048,0.5881320742228735
2023-10-04 20:00:00,0.6660631787592056,0.6587884182868456,0.6655021046163181,0.6630713110389314
2023-10-04 21:00:00,0.7059183834199761,0.7067382053793551,0.7051323270487645,0.7025396509869578
2023-10-04 22:00:00,0.7267147393194006,0.7154523881000898,0.7266883875358459,0.7238051042116593
2023-10-04 23:00:00,0.6973507573401575,0.6733715896361244,0.7056353706998246,0.6951989249191816
2023-10-05 00:00:00,0.6793397224891917,0.5812685867910106,0.6615900790388412,0.6605141835316454
2023-10-05 01:00:00,0.547654491920622,0.40906995655379547,0.5106597683938295,0.49152361949290596
2023-10-05 02:00:00,0.35048753764792456,0.2948725124135556,0.32834444579638883,0.29916809001926087
2023-10-05 03:00:00,0.22188436682260596,0.22448857757396723,0.21777483259504982,0.1876410164892033
2023-10-05 04:00:00,0.05004416839496103,0.0708974470924284,0.046288680511013945,0.028999100037958636
2023-10-05 05:00:00,0.0,0.0,0.0,0.0
2023-10-05 06:00:00,0.0,0.0,0.0,0.0
2023-10-05 07:00:00,0.0,0.0,0.0,0.0
2023-10-05 08:00:00,0.0,0.0,0.0,0.0
2023-10-05 09:00:00,0.0,0.0,0.0,0.0
2023-10-05 10:00:00,0.0,0.0,0.0,0.0
2023-10-05 11:00:00,0.0,0.0,0.0,0.0
2023-10-05 12:00:00,0.0,0.0,0.0,0.0
2023-10-05 13:00:00,0.0,0.0,0.0,0.0
2023-10-05 14:00:00,0.0,0.0,0.0,0.0
2023-10-05 15:00:00,0.0,0.0,0.0,0.0
2023-10-05 16:00:00,0.0,0.0,0.0,0.0
2023-10-05 17:00:00,0.0,0.0,0.0,0.0
2023-10-05 18:00:00,0.08370696541497902,0.06508051262563107,0.07826023459774992,0.06320552887443597
2023-10-05 19:00:00,0.1840144512984959,0.15127143824836628,0.1763476931893615,0.15786326885694338
2023-10-05 20:00:00,0.21288370169909368,0.1646195906898351,0.20003169597150633,0.1848116023365914
2023-10-05 21:00:00,0.34096658292127335,0.25576634185527564,0.320678046662057,0.3033578798284726
2023-10-05 22:00:00,0.29545185222481973,0.22240906801691415,0.2666785150344377,0.2544964525976532
2023-10-05 23:00:00,0.328723170240651,0.2263834589042546,0.29861102560706587,0.2841441967835812
2023-10-06 00:00:00,0.3261297183850334,0.15345242572431184,0.27958414728154757,0.26018445533848583
2023-10-06 01:00:00,0.17382924939561586,0.08399358037581922,0.1467814644092462,0.1365587408951393
2023-10-06 02:00:00,0.0440255488521231,0.028508343692395504,0.037314391300841854,0.0366700573638195
2023-10-06 03:00:00,0.015059479392140902,0.005678402832019609,0.012077569825511197,0.010903423046517959
2023-10-06 04:00:00,9.867780017469459e-05,0.0,0.0,0.0
2023-10-06 05:00:00,0.0,0.0,0.0,0.0
2023-10-06 06:00:00,0.0,0.0,0.0,0.0
2023-10-06 07:00:00,0.0,0.0,0.0,0.0
2023-10-06 08:00:00,0.0,0.0,0.0,0.0
2023-10-06 09:00:00,0.0,0.0,0.0,0.0
2023-10-06 10:00:00,0.0,0.0,0.0,0.0
2023-10-06 11:00:00,0.0,0.0,0.0,0.0
2023-10-06 12:00:00,0.0,0.0,0.0,0.0
2023-10-06 13:00:00,0.0,0.0,0.0,0.0
2023-10-06 14:00:00,0.0,0.0,0.0,0.0
2023-10-06 15:00:00,0.0,0.0,0.0,0.0
2023-10-06 16:00:00,0.0,0.0,0.0,0.0
2023-10-06 17:00:00,0.0,0.0,0.0,0.0
2023-10-06 18:00:00,0.2913647318926438,0.3258737647435352,0.30145069755074994,0.29402186989234586
2023-10-06 19:00:00,0.4554559048232169,0.508299638732815,0.4715468866997524,0.4527911590125879
2023-10-06 20:00:00,0.5038953668731833,0.5258678225393324,0.4961572740654109,0.4979023153222622
2023-10-06 21:00:00,0.5431152532564384,0.6387554034512227,0.5655797516772267,0.5535990149099937
2023-10-06 22:00:00,0.6282407984954596,0.7220447588998433,0.6530284193213001,0.6355028990188287
2023-10-06 23:00:00,0.632829640934601,0.7100382195793821,0.6564395752728807,0.642402076080737
2023-10-07 00:00:00,0.653642794463371,0.6730653799754411,0.6585878680236528,0.6271820130334252
2023-10-07 01:00:00,0.6765384397076043,0.6703410270021792,0.6878604767522378,0.6445372958302161
2023-10-07 02:00:00,0.6384014129742647,0.6543475230407215,0.6424644749376656,0.6104317645281123
2023-10-07 03:00:00,0.5174015542065363,0.5314565465814948,0.5296578885554708,0.5037439560729
2023-10-07 04:00:00,0.33458652622436863,0.33426862034103055,0.34167755074706446,0.3215327681740268
2023-10-07 05:00:00,0.0,0.0,0.0,0.0
2023-10-07 06:00:00,0.0,0.0,0.0,0.0
2023-10-07 07:00:00,0.0,0.0,0.0,0.0
2023-10-07 08:00:00,0.0,0.0,0.0,0.0
2023-10-07 09:00:00,0.0,0.0,0.0,0.0
2023-10-07 10:00:00,0.0,0.0,0.0,0.0
2023-10-07 11:00:00,0.0,0.0,0.0,0.0
2023-10-07 12:00:00,0.0,0.0,0.0,0.0
2023-10-07 13:00:00,0.0,0.0,0.0,0.0
2023-10-07 14:00:00,0.0,0.0,0.0,0.0
2023-10-07 15:00:00,0.0,0.0,0.0,0.0
2023-10-07 16:00:00,0.0,0.0,0.0,0.0
2023-10-07 17:00:00,0.0,0.0,0.0,0.0
2023-10-07 18:00:00,0.29097598316125106,0.31745208941577135,0.3017228905549599,0.25707745002741744
2023-10-07 19:00:00,0.4253920600181494,0.38569573421911946,0.4009219880913666,0.3667112857316186
2023-10-07 20:00:00,0.41598945593185516,0.42821616223025855,0.3998585879455214,0.41721590685939497
2023-10-07 21:00:00,0.4303179876644469,0.4058208394484771,0.436877807384168,0.48386112538907594
2023-10-07 22:00:00,0.48874664144036756,0.45195779362118943,0.49806760285779816,0.5070098857605593
2023-10-07 23:00:00,0.5433470251933232,0.5697873614394804,0.5707444686238414,0.569896482984613
2023-10-08 00:00:00,0.5273475760308609,0.3123227464731318,0.48221005710701265,0.490778093386717
2023-10-08 01:00:00,0.42068740044241926,0.33711052066911157,0.38153863341568744,0.3605265732779566
2023-10-08 02:00:00,0.49286517937988394,0.4773174594731599,0.4870959832198352,0.48367946713483406
2023-10-08 03:00:00,0.33406092958189837,0.3571882752851321,0.34835590105858527,0.34512731642878536
2023-10-08 04:00:00,0.26553145963766484,0.26407585336858613,0.2685999508022567,0.25982996842731115
2023-10-08 05:00:00,0.0,0.0,0.0,0.0
2023-10-08 06:00:00,0.0,0.0,0.0,0.0
2023-10-08 07:00:00,0.0,0.0,0.0,0.0
2023-10-08 08:00:00,0.0,0.0,0.0,0.0
2023-10-08 09:00:00,0.0,0.0,0.0,0.0
2023-10-08 10:00:00,0.0,0.0,0.0,0.0
2023-10-08 11:00:00,0.0,0.0,0.0,0.0
2023-10-08 12:00:00,0.0,0.0,0.0,0.0
2023-10-08 13:00:00,0.0,0.0,0.0,0.0
2023-10-08 14:00:00,0.0,0.0,0.0,0.0
2023-10-08 15:00:00,0.0,0.0,0.0,0.0
2023-10-08 16:00:00,0.0,0.0,0.0,0.0
2023-10-08 17:00:00,0.0,0.0,0.0,0.0
2023-10-08 18:00:00,0.25198869461460016,0.38190763002064054,0.28655924415681483,0.2422535414137208
2023-10-08 19:00:00,0.2441489515227604,0.4573102316108028,0.2757576874716092,0.21167536863132827
2023-10-08 20:00:00,0.3730047189552634,0.5221266375682937,0.41061140899282306,0.3789927900705172
2023-10-08 21:00:00,0.4232232528492344,0.42539823103762736,0.4220595496558853,0.4270454342529784
2023-10-08 22:00:00,0.5312366343253752,0.552278739889186,0.5429851601717062,0.5123803948257262
2023-10-08 23:00:00,0.6509498184705387,0.5883533074539767,0.6416178647374388,0.6551136313903829
2023-10-09 00:00:00,0.5962157233283812,0.5483503662030106,0.5828302326205625,0.5702346974310327
2023-10-09 01:00:00,0.46128018904595597,0.360673352641385,0.44687976213267483,0.42539608238794907
2023-10-09 02:00:00,0.19912879175229325,0.15999356814899635,0.17162952258372016,0.12630604090984265
2023-10-09 03:00:00,0.23331152372401834,0.35540207938629537,0.2772227965339962,0.22501290818459216
2023-10-09 04:00:00,0.09999448926820782,0.13813804071575383,0.11088926203688128,0.0719100140527294
2023-10-09 05:00:00,0.0,0.0,0.0,0.0
2023-10-09 06:00:00,0.0,0.0,0.0,0.0
2023-10-09 07:00:00,0.0,0.0,0.0,0.0
2023-10-09 08:00:00,0.0,0.0,0.0,0.0
2023-10-09 09:00:00,0.0,0.0,0.0,0.0
2023-10-09 10:00:00,0.0,0.0,0.0,0.0
2023-10-09 11:00:00,0.0,0.0,0.0,0.0
2023-10-09 12:00:00,0.0,0.0,0.0,0.0
2023-10-09 13:00:00,0.0,0.0,0.0,0.0
2023-10-09 14:00:00,0.0,0.0,0.0,0.0
2023-10-09 15:00:00,0.0,0.0,0.0,0.0
2023-10-09 16:00:00,0.0,0.0,0.0,0.0
2023-10-09 17:00:00,0.0,0.0,0.0,0.0
2023-10-09 18:00:00,0.2182352839309171,0.29430647555881845,0.23795348870835475,0.1781970727471566
2023-10-09 19:00:00,0.4590677469128568,0.5569909653754211,0.47876677350316965,0.41378180255628455
2023-10-09 20:00:00,0.6555363369610401,0.7140912776688938,0.6765732846332828,0.6209775719869745
2023-10-09 21:00:00,0.6693470867089681,0.7418627871423036,0.6960478405004734,0.6146783482017522
2023-10-09 22:00:00,0.6253711150760503,0.6717906194132056,0.6448844925246314,0.5308350333545294
2023-10-09 23:00:00,0.6049863004889384,0.6021380776915318,0.6081249637310363,0.48852894721103524
2023-10-10 00:00:00,0.4293899749786123,0.4625861385571048,0.43398022141780446,0.3621370468527181
2023-10-10 01:00:00,0.30204487230825056,0.3596723211021109,0.3152962856237307,0.25558363103375986
2023-10-10 02:00:00,0.22153173822037373,0.29184178849152914,0.2416774336610259,0.20278375924639624
2023-10-10 03:00:00,0.25192913806864203,0.260918263044358,0.2692160141263245,0.2527297416553569
2023-10-10 04:00:00,0.11644652537816717,0.04901167303395818,0.0997221185786271,0.09744892058487568
2023-10-10 05:00:00,0.0,0.0,0.0,0.0
2023-10-10 06:00:00,0.0,0.0,0.0,0.0
2023-10-10 07:00:00,0.0,0.0,0.0,0.0
2023-10-10 08:00:00,0.0,0.0,0.0,0.0
2023-10-10 09:00:00,0.0,0.0,0.0,0.0
2023-10-10 10:00:00,0.0,0.0,0.0,0.0
2023-10-10 11:00:00,0.0,0.0,0.0,0.0
2023-10-10 12:00:00,0.0,0.0,0.0,0.0
2023-10-10 13:00:00,0.0,0.0,0.0,0.0
2023-10-10 14:00:00,0.0,0.0,0.0,0.0
2023-10-10 15:00:00,0.0,0.0,0.0,0.0
2023-10-10 16:00:00,0.0,0.0,0.0,0.0
2023-10-10 17:00:00,0.0,0.0,0.0,0.0
2023-10-10 18:00:00,0.026385887581357598,0.04595483665366772,0.027753783970198936,0.03577110422883448
2023-10-10 19:00:00,0.18018480001758533,0.21601747177303185,0.18377228289829386,0.1636628298143832
2023-10-10 20:00:00,0.31474875780719075,0.32644709725893334,0.31437960882533206,0.3180825122262685
2023-10-10 21:00:00,0.4541164384178799,0.48147003185053977,0.45937348453622984,0.4143980037768407
2023-10-10 22:00:00,0.39555487329554323,0.3810713809149098,0.39430427909580834,0.3035264234707646
2023-10-10 23:00:00,0.35783453682583205,0.2977654196739889,0.35491029074794567,0.29860285134746656
2023-10-11 00:00:00,0.1150254556971864,0.11439818818305307,0.11739852319042213,0.10623911099556242
2023-10-11 01:00:00,0.048328703543567275,0.03254638364369985,0.04190075369975447,0.04833395633048484
2023-10-11 02:00:00,0.0344130193128857,0.030415313512130338,0.03302617460854479,0.03414515396222439
2023-10-11 03:00:00,0.014073859827453974,0.01295643636223947,0.014497587054285298,0.016539389940257148
2023-10-11 04:00:00,0.0,0.0,0.0,0.0
2023-10-11 05:00:00,0.0,0.0,0.0,0.0
2023-10-11 06:00:00,0.0,0.0,0.0,0.0
2023-10-11 07:00:00,0.0,0.0,0.0,0.0
2023-10-11 08:00:00,0.0,0.0,0.0,0.0
2023-10-11 09:00:00,0.0,0.0,0.0,0.0
2023-10-11 10:00:00,0.0,0.0,0.0,0.0
2023-10-11 11:00:00,0.0,0.0,0.0,0.0
2023-10-11 12:00:00,0.0,0.0,0.0,0.0
2023-10-11 13:00:00,0.0,0.0,0.0,0.0
2023-10-11 14:00:00,0.0,0.0,0.0,0.0
2023-10-11 15:00:00,0.0,0.0,0.0,0.0
2023-10-11 16:00:00,0.0,0.0,0.0,0.0
2023-10-11 17:00:00,0.0,0.0,0.0,0.0
2023-10-11 18:00:00,0.03779462394907086,0.008807108954565481,0.023390994089840564,0.038344544776587254
2023-10-11 19:00:00,0.07390448693912248,0.06672553706354568,0.07451747325028779,0.10159493828516065
2023-10-11 20:00:00,0.1267486366341848,0.19820383499557995,0.1369583643569915,0.15612914963290456
2023-10-11 21:00:00,0.3060071905115475,0.42230818523523644,0.34100108343740115,0.38192778723714177
2023-10-11 22:00:00,0.37819940643937744,0.4511759135293212,0.39858971830893575,0.44110358010848977
2023-10-11 23:00:00,0.26649094272332546,0.4514518693171264,0.30557782118450655,0.28417465666333835
2023-10-12 00:00:00,0.3782474059468866,0.3789867890499748,0.38006420334737767,0.3611625993641681
2023-10-12 01:00:00,0.17505310289470297,0.2627577374528966,0.18856454424431124,0.1706169733738756
2023-10-12 02:00:00,0.13411105079236627,0.23445027558911483,0.16398205956071354,0.09711861365010559
2023-10-12 03:00:00,0.19781390925618345,0.2541891580705135,0.2226295824079721,0.14894441889639007
2023-10-12 04:00:00,0.14573272415742342,0.16344598428939325,0.14956846661726722,0.09215057669827233
2023-10-12 05:00:00,0.0,0.0,0.0,0.0
2023-10-12 06:00:00,0.0,0.0,0.0,0.0
2023-10-12 07:00:00,0.0,0.0,0.0,0.0
2023-10-12 08:00:00,0.0,0.0,0.0,0.0
2023-10-12 09:00:00,0.0,0.0,0.0,0.0
2023-10-12 10:00:00,0.0,0.0,0.0,0.0
2023-10-12 11:00:00,0.0,0.0,0.0,0.0
2023-10-12 12:00:00,0.0,0.0,0.0,0.0
2023-10-12 13:00:00,0.0,0.0,0.0,0.0
2023-10-12 14:00:00,0.0,0.0,0.0,0.0
2023-10-12 15:00:00,0.0,0.0,0.0,0.0
2023-10-12 16:00:00,0.0,0.0,0.0,0.0
2023-10-12 17:00:00,0.0,0.0,0.0,0.0
2023-10-12 18:00:00,0.32420101358965825,0.3031722073644067,0.31502122027218127,0.32212967031097123
2023-10-12 19:00:00,0.560448271408661,0.5500357055252539,0.5542807165424086,0.5274172204941797
2023-10-12 20:00:00,0.6847654276512659,0.6695263744420027,0.6828537712017235,0.6811210905451285
2023-10-12 21:00:00,0.7303510842574331,0.7196270581578714,0.7352277543105953,0.7279317612087449
2023-10-12 22:00:00,0.7078394796754374,0.6783188521654407,0.7040869843554725,0.7048641892532422
2023-10-12 23:00:00,0.689020521828092,0.6140319141026463,0.6677348009918181,0.6894291417813142
2023-10-13 00:00:00,0.5000941553335146,0.501634202514179,0.5011523614703708,0.5482329507795728
2023-10-13 01:00:00,0.5525112372393428,0.5496404248931909,0.5572973589486448,0.5495805479737853
2023-10-13 02:00:00,0.5163413390049908,0.43624802039070115,0.4881167834520793,0.5310510555360521
2023-10-13 03:00:00,0.322642188966848,0.3606847992864272,0.3251019879897357,0.35859631230481176
2023-10-13 04:00:00,0.3206588005184269,0.3218574799301212,0.3244712355297419,0.33574193154469567
2023-10-13 05:00:00,0.0,0.0,0.0,0.0
2023-10-13 06:00:00,0.0,0.0,0.0,0.0
2023-10-13 07:00:00,0.0,0.0,0.0,0.0
2023-10-13 08:00:00,0.0,0.0,0.0,0.0
2023-10-13 09:00:00,0.0,0.0,0.0,0.0
2023-10-13 10:00:00,0.0,0.0,0.0,0.0
2023-10-13 11:00:00,0.0,0.0,0.0,0.0
2023-10-13 12:00:00,0.0,0.0,0.0,0.0
2023-10-13 13:00:00,0.0,0.0,0.0,0.0
2023-10-13 14:00:00,0.0,0.0,0.0,0.0
2023-10-13 15:00:00,0.0,0.0,0.0,0.0
2023-10-13 16:00:00,0.0,0.0,0.0,0.0
2023-10-13 17:00:00,0.0,0.0,0.0,0.0
2023-10-13 18:00:00,0.023642620584561055,0.01019062453963464,0.015352677620136913,0.026806975915860898
2023-10-13 19:00:00,0.1029108621667495,0.03909964230060711,0.08570528178416242,0.10905483025025382
2023-10-13 20:00:00,0.20428182733946468,0.07783358061892749,0.16508428666517344,0.17285275839351763
2023-10-13 21:00:00,0.40054456583067594,0.2602995415817944,0.3689707206943974,0.3645463642797868
2023-10-13 22:00:00,0.5780093428282663,0.33670733162727173,0.5274788237248182,0.5884921081674478
2023-10-13 23:00:00,0.42118264110019316,0.17234592114671266,0.35037772447980575,0.3511405991383531
2023-10-14 00:00:00,0.16895996347638134,0.23131970336686505,0.17928131356864652,0.1467120625053257
2023-10-14 01:00:00,0.1383073252513269,0.14373016931748825,0.13506189967792598,0.10131930775121938
2023-10-14 02:00:00,0.1008196791056394,0.16497199829650025,0.11358500742310038,0.07169460851588437
2023-10-14 03:00:00,0.04916632199766321,0.08018832145007367,0.057004061294727945,0.02666628002245233
2023-10-14 04:00:00,0.006496632666427121,0.013666375950590079,0.009744948999640683,6.0444014663269994e-05
2023-10-14 05:00:00,0.0,0.0,0.0,0.0
2023-10-14 06:00:00,0.0,0.0,0.0,0.0
2023-10-14 07:00:00,0.0,0.0,0.0,0.0
2023-10-14 08:00:00,0.0,0.0,0.0,0.0
2023-10-14 09:00:00,0.0,0.0,0.0,0.0
2023-10-14 10:00:00,0.0,0.0,0.0,0.0
2023-10-14 11:00:00,0.0,0.0,0.0,0.0
2023-10-14 12:00:00,0.0,0.0,0.0,0.0
2023-10-14 13:00:00,0.0,0.0,0.0,0.0
2023-10-14 14:00:00,0.0,0.0,0.0,0.0
2023-10-14 15:00:00,0.0,0.0,0.0,0.0
2023-10-14 16:00:00,0.0,0.0,0.0,0.0
2023-10-14 17:00:00,0.0,0.0,0.0,0.0
2023-10-14 18:00:00,0.002320882304837082,0.015582939964365066,0.00243836972195522,0.004851054135162121
2023-10-14 19:00:00,0.005687862145976756,0.024015293992914345,0.0048516043136105375,0.006426597520198665
2023-10-14 20:00:00,0.050636554470297544,0.06842228961603056,0.05701854629716512,0.07049116748790779
2023-10-14 21:00:00,0.064760752016628,0.07028855973928744,0.0642453853485912,0.06750855375561983
2023-10-14 22:00:00,0.08340772150808273,0.0901391910119036,0.07864743294928347,0.06399998818524368
2023-10-14 23:00:00,0.11108930017491643,0.1144168564428573,0.10983790130341073,0.08772896152588139
2023-10-15 00:00:00,0.05382896306453302,0.05112997016900614,0.05204323592527178,0.06216141340802676
2023-10-15 01:00:00,0.06669676735141108,0.052202259337687545,0.06455265930041523,0.07014310292925481
2023-10-15 02:00:00,0.021609554015929344,0.021537237884484292,0.018066957087250538,0.020900886388309448
2023-10-15 03:00:00,0.019867251216024114,0.014329960959133718,0.015193462336828244,0.022545273285959806
2023-10-15 04:00:00,0.005593904899115472,0.020496178232670016,0.008390857348673206,0.02220327055525109
2023-10-15 05:00:00,0.0,0.0,0.0,0.0
2023-10-15 06:00:00,0.0,0.0,0.0,0.0
2023-10-15 07:00:00,0.0,0.0,0.0,0.0
2023-10-15 08:00:00,0.0,0.0,0.0,0.0
2023-10-15 09:00:00,0.0,0.0,0.0,0.0
2023-10-15 10:00:00,0.0,0.0,0.0,0.0
2023-10-15 11:00:00,0.0,0.0,0.0,0.0
2023-10-15 12:00:00,0.0,0.0,0.0,0.0
2023-10-15 13:00:00,0.0,0.0,0.0,0.0
2023-10-15 14:00:00,0.0,0.0,0.0,0.0
2023-10-15 15:00:00,0.0,0.0,0.0,0.0
2023-10-15 16:00:00,0.0,0.0,0.0,0.0
2023-10-15 17:00:00,0.0,0.0,0.0,0.0
2023-10-15 18:00:00,0.34967224712553974,0.2514270223525473,0.3192593534593644,0.3140532217193041
2023-10-15 19:00:00,0.3636066281771048,0.3451716363259165,0.35066558872426157,0.3307952293613748
2023-10-15 20:00:00,0.42591733737868137,0.43030525055439556,0.4245540669309673,0.3469085824473242
2023-10-15 21:00:00,0.37888127299819035,0.4684624365506711,0.4031067905884954,0.39026990588910837
2023-10-15 22:00:00,0.30909338977012535,0.3567761747093554,0.3105257463473168,0.30715898108109146
2023-10-15 23:00:00,0.2458435131499446,0.3432075282534766,0.2560805499215391,0.24648560685259135
2023-10-16 00:00:00,0.2301716786689486,0.2150329381088664,0.20821429557252114,0.17181773352775342
2023-10-16 01:00:00,0.10934954291155978,0.16679546642178925,0.11809066474608317,0.11342445186920315
2023-10-16 02:00:00,0.06153580106040415,0.09207126591009769,0.05709257216716654,0.060559807511958406
2023-10-16 03:00:00,0.040490761164872824,0.02566311812184371,0.03350992234895735,0.044446712418138544
2023-10-16 04:00:00,0.02289909077174247,0.0032418331433091293,0.0159473548519175,0.015349431595482738
2023-10-16 05:00:00,0.0,0.0,0.0,0.0
2023-10-16 06:00:00,0.0,0.0,0.0,0.0
2023-10-16 07:00:00,0.0,0.0,0.0,0.0
2023-10-16 08:00:00,0.0,0.0,0.0,0.0
2023-10-16 09:00:00,0.0,0.0,0.0,0.0
2023-10-16 10:00:00,0.0,0.0,0.0,0.0
2023-10-16 11:00:00,0.0,0.0,0.0,0.0
2023-10-16 12:00:00,0.0,0.0,0.0,0.0
2023-10-16 13:00:00,0.0,0.0,0.0,0.0
2023-10-16 14:00:00,0.0,0.0,0.0,0.0
2023-10-16 15:00:00,0.0,0.0,0.0,0.0
2023-10-16 16:00:00,0.0,0.0,0.0,0.0
2023-10-16 17:00:00,0.0,0.0,0.0,0.0
2023-10-16 18:00:00,0.1114281666651298,0.022372876708244168,0.08230423812723323,0.13474255128009352
2023-10-16 19:00:00,0.26885830824483364,0.1604084465899667,0.2433384027895434,0.22937106152158962
2023-10-16 20:00:00,0.2732123348677318,0.28882640750664273,0.28496250911193494,0.2517053165007393
2023-10-16 21:00:00,0.26356597693837097,0.24673897062770114,0.2666724182483242,0.22461549381137513
2023-10-16 22:00:00,0.23324188559746975,0.12026093813880286,0.20553902558604437,0.20894613803946183
2023-10-16 23:00:00,0.18646044500607087,0.13772571853277674,0.1764127741413709,0.15557607597312637
2023-10-17 00:00:00,0.13662804937525377,0.13543024917713134,0.13530766023642338,0.13350672134893707
2023-10-17 01:00:00,0.10356978253270248,0.12010228149082595,0.10919270678155438,0.11979815142055987
2023-10-17 02:00:00,0.12576999830348143,0.14173168739893513,0.13427639676911812,0.13946598003654076
2023-10-17 03:00:00,0.07549795633632082,0.09263833143290216,0.0848350079961349,0.07599979149183875
2023-10-17 04:00:00,0.022751255464802753,0.0048792484452928496,0.017634379537684555,0.018445294818225794
2023-10-17 05:00:00,0.0,0.0,0.0,0.0
2023-10-17 06:00:00,0.0,0.0,0.0,0.0
2023-10-17 07:00:00,0.0,0.0,0.0,0.0
2023-10-17 08:00:00,0.0,0.0,0.0,0.0
2023-10-17 09:00:00,0.0,0.0,0.0,0.0
2023-10-17 10:00:00,0.0,0.0,0.0,0.0
2023-10-17 11:00:00,0.0,0.0,0.0,0.0
2023-10-17 12:00:00,0.0,0.0,0.0,0.0
2023-10-17 13:00:00,0.0,0.0,0.0,0.0
2023-10-17 14:00:00,0.0,0.0,0.0,0.0
2023-10-17 15:00:00,0.0,0.0,0.0,0.0
2023-10-17 16:00:00,0.0,0.0,0.0,0.0
2023-10-17 17:00:00,0.0,0.0,0.0,0.0
2023-10-17 18:00:00,0.025127250258953574,0.011741407035572462,0.01882736130731043,0.019267287014932254
2023-10-17 19:00:00,0.10652995747380518,0.08507908055985654,0.09164430842941812,0.08715185044408075
2023-10-17 20:00:00,0.2729705013419887,0.13607818931648985,0.23186000765399037,0.2139570218394822
2023-10-17 21:00:00,0.17057796326589844,0.18246237420533826,0.13880253504407164,0.11379821790506
2023-10-17 22:00:00,0.2769663870976102,0.21238630312066822,0.2505165191473988,0.2101732441895728
2023-10-17 23:00:00,0.3027153829310405,0.3030471384832676,0.30151575715022194,0.298417424277809
2023-10-18 00:00:00,0.2615845880028709,0.25182480436139426,0.2576235173747601,0.22729754559412238
2023-10-18 01:00:00,0.24480650861007044,0.18568157709369407,0.22670344491311667,0.20726136927389746
2023-10-18 02:00:00,0.15729500995066428,0.12372432755708469,0.1492775124958195,0.13932463602796372
2023-10-18 03:00:00,0.08460148222669162,0.051510230234660594,0.07715182691860645,0.0625966510957847
2023-10-18 04:00:00,0.01169311242983241,0.018054295817716556,0.017539668644748613,0.02750475965325315
2023-10-18 05:00:00,0.0,0.0,0.0,0.0
2023-10-18 06:00:00,0.0,0.0,0.0,0.0
2023-10-18 07:00:00,0.0,0.0,0.0,0.0
2023-10-18 08:00:00,0.0,0.0,0.0,0.0
2023-10-18 09:00:00,0.0,0.0,0.0,0.0
2023-10-18 10:00:00,0.0,0.0,0.0,0.0
2023-10-18 11:00:00,0.0,0.0,0.0,0.0
2023-10-18 12:00:00,0.0,0.0,0.0,0.0
2023-10-18 13:00:00,0.0,0.0,0.0,0.0
2023-10-18 14:00:00,0.0,0.0,0.0,0.0
2023-10-18 15:00:00,0.0,0.0,0.0,0.0
2023-10-18 16:00:00,0.0,0.0,0.0,0.0
2023-10-18 17:00:00,0.0,0.0,0.0,0.0
2023-10-18 18:00:00,0.12201260246037593,0.0811842621773917,0.09952211157093557,0.11706892468579518
2023-10-18 19:00:00,0.2218497595851708,0.22714180146088095,0.2093090408743561,0.19930353456134717
2023-10-18 20:00:00,0.25178535051424894,0.2118026628940768,0.2054291626318292,0.20604946652064235
2023-10-18 21:00:00,0.40524251884405055,0.3970122738904717,0.3801268422394181,0.39235288672573176
2023-10-18 22:00:00,0.41930950642421444,0.45319055663857327,0.4212932005758751,0.44059247821744285
2023-10-18 23:00:00,0.4449505464722383,0.5701637170425863,0.4795586345036156,0.46285199914676606
2023-10-19 00:00:00,0.5397791060961632,0.5789662990491006,0.5445463087790007,0.5765615130972609
2023-10-19 01:00:00,0.46385364301185567,0.5160240846380312,0.4826453455628258,0.4462069079370692
2023-10-19 02:00:00,0.5226933697962158,0.5296053664963485,0.5462874569433802,0.5154309677123096
2023-10-19 03:00:00,0.2931107765331433,0.26047616247382477,0.2978944118688157,0.2897771984467539
2023-10-19 04:00:00,0.05112238374994064,0.1068802859182829,0.07668357562491096,0.0
2023-10-19 05:00:00,0.0,0.0,0.0,0.0
2023-10-19 06:00:00,0.0,0.0,0.0,0.0
2023-10-19 07:00:00,0.0,0.0,0.0,0.0
2023-10-19 08:00:00,0.0,0.0,0.0,0.0
2023-10-19 09:00:00,0.0,0.0,0.0,0.0
2023-10-19 10:00:00,0.0,0.0,0.0,0.0
2023-10-19 11:00:00,0.0,0.0,0.0,0.0
2023-10-19 12:00:00,0.0,0.0,0.0,0.0
2023-10-19 13:00:00,0.0,0.0,0.0,0.0
2023-10-19 14:00:00,0.0,0.0,0.0,0.0
2023-10-19 15:00:00,0.0,0.0,0.0,0.0
2023-10-19 16:00:00,0.0,0.0,0.0,0.0
2023-10-19 17:00:00,0.0,0.0,0.0,0.0
2023-10-19 18:00:00,0.10026158022232323,0.08355044843152885,0.09562407927430593,0.11419463112099748
2023-10-19 19:00:00,0.2102280500046451,0.1723090463152015,0.19585363717572488,0.22613146425817218
2023-10-19 20:00:00,0.2867518757042643,0.31763137966910504,0.29507825310183655,0.3018838554316244
2023-10-19 21:00:00,0.220964134196891,0.30803049851931225,0.24212179218802632,0.25187894131211047
2023-10-19 22:00:00,0.28303071308516187,0.32950788829761796,0.2998016915306231,0.3024356248050913
2023-10-19 23:00:00,0.2932479732090367,0.25513990186807595,0.2898119408380218,0.2706655836497826
2023-10-20 00:00:00,0.22991209092792345,0.18972825564312737,0.2217090233589119,0.22030718952965642
2023-10-20 01:00:00,0.1681172801010508,0.15964653763482684,0.17306212947370192,0.15652077093037264
2023-10-20 02:00:00,0.0643977474144715,0.04251006561979545,0.05794316944624158,0.05626162760388942
2023-10-20 03:00:00,0.013098726961323184,0.007802413990495735,0.011843088537959717,0.012370247170115931
2023-10-20 04:00:00,0.0,0.0,0.0,0.0
2023-10-20 05:00:00,0.0,0.0,0.0,0.0
2023-10-20 06:00:00,0.0,0.0,0.0,0.0
2023-10-20 07:00:00,0.0,0.0,0.0,0.0
2023-10-20 08:00:00,0.0,0.0,0.0,0.0
2023-10-20 09:00:00,0.0,0.0,0.0,0.0
2023-10-20 10:00:00,0.0,0.0,0.0,0.0
2023-10-20 11:00:00,0.0,0.0,0.0,0.0
2023-10-20 12:00:00,0.0,0.0,0.0,0.0
2023-10-20 13:00:00,0.0,0.0,0.0,0.0
2023-10-20 14:00:00,0.0,0.0,0.0,0.0
2023-10-20 15:00:00,0.0,0.0,0.0,0.0
2023-10-20 16:00:00,0.0,0.0,0.0,0.0
2023-10-20 17:00:00,0.0,0.0,0.0,0.0
2023-10-20 18:00:00,0.02710164670387207,0.028584173562074797,0.02568455336649035,0.017196633975433376
2023-10-20 19:00:00,0.13515224725117703,0.10883713733530914,0.12360238635896972,0.11328218214767272
2023-10-20 20:00:00,0.20594291434294484,0.23184547556378932,0.21059920212277072,0.18441768953678858
2023-10-20 21:00:00,0.17516089634433776,0.24640002401968256,0.1779645635122389,0.1767833406329061
2023-10-20 22:00:00,0.33715256788302234,0.4695425398381583,0.3923450583344479,0.3620258993310661
2023-10-20 23:00:00,0.42694776981428517,0.46156597697271357,0.4510549396498695,0.3950526640236003
2023-10-21 00:00:00,0.384907975898267,0.259026819237677,0.36246880365388723,0.35291394515374946
2023-10-21 01:00:00,0.25384345461067953,0.11914313821310434,0.20613352929548487,0.20692454037564892
2023-10-21 02:00:00,0.22782894437236023,0.13094969727930897,0.18733305777483414,0.15582922007906996
2023-10-21 03:00:00,0.18139205800562616,0.07539723943939537,0.14833781503790483,0.12007519624608103
2023-10-21 04:00:00,0.0,0.0,0.0,0.0
2023-10-21 05:00:00,0.0,0.0,0.0,0.0
2023-10-21 06:00:00,0.0,0.0,0.0,0.0
2023-10-21 07:00:00,0.0,0.0,0.0,0.0
2023-10-21 08:00:00,0.0,0.0,0.0,0.0
2023-10-21 09:00:00,0.0,0.0,0.0,0.0
2023-10-21 10:00:00,0.0,0.0,0.0,0.0
2023-10-21 11:00:00,0.0,0.0,0.0,0.0
2023-10-21 12:00:00,0.0,0.0,0.0,0.0
2023-10-21 13:00:00,0.0,0.0,0.0,0.0
2023-10-21 14:00:00,0.0,0.0,0.0,0.0
2023-10-21 15:00:00,0.0,0.0,0.0,0.0
2023-10-21 16:00:00,0.0,0.0,0.0,0.0
2023-10-21 17:00:00,0.0,0.0,0.0,0.0
2023-10-21 18:00:00,0.015089930899931674,0.026650177775379164,0.011049276873973194,0.006987255602636404
2023-10-21 19:00:00,0.06138223662062934,0.09381834282809208,0.06422270946202849,0.043929766827200366
2023-10-21 20:00:00,0.12577912637926472,0.10269754460118552,0.12203016791150584,0.09317470611829294
2023-10-21 21:00:00,0.1807934957913,0.10529808743733841,0.16020600574368427,0.12956579204404092
2023-10-21 22:00:00,0.11788372916292313,0.13586431854348002,0.10156379017965068,0.09834207406159268
2023-10-21 23:00:00,0.15075524780728733,0.2295659777320818,0.15077013875991258,0.12230610277744254
2023-10-22 00:00:00,0.12861168454802022,0.2255933736081288,0.12682190428439769,0.10222507950007327
2023-10-22 01:00:00,0.10004128005599322,0.20616027741808796,0.09274407494533915,0.08817565891324515
2023-10-22 02:00:00,0.0698763218137793,0.17143894521806904,0.0680231258355461,0.04660153490580075
2023-10-22 03:00:00,0.03549213710735465,0.09894514009296085,0.038864299551393706,0.04059932711632182
2023-10-22 04:00:00,0.0,0.0,0.0,0.0
2023-10-22 05:00:00,0.0,0.0,0.0,0.0
2023-10-22 06:00:00,0.0,0.0,0.0,0.0
2023-10-22 07:00:00,0.0,0.0,0.0,0.0
2023-10-22 08:00:00,0.0,0.0,0.0,0.0
2023-10-22 09:00:00,0.0,0.0,0.0,0.0
2023-10-22 10:00:00,0.0,0.0,0.0,0.0
2023-10-22 11:00:00,0.0,0.0,0.0,0.0
2023-10-22 12:00:00,0.0,0.0,0.0,0.0
2023-10-22 13:00:00,0.0,0.0,0.0,0.0
2023-10-22 14:00:00,0.0,0.0,0.0,0.0
2023-10-22 15:00:00,0.0,0.0,0.0,0.0
2023-10-22 16:00:00,0.0,0.0,0.0,0.0
2023-10-22 17:00:00,0.0,0.0,0.0,0.0
2023-10-22 18:00:00,0.12835891081072834,0.09115124857813757,0.10824265331737598,0.08508751813589084
2023-10-22 19:00:00,0.16628787911789245,0.1356705770171173,0.1333968551313126,0.13530059895189891
2023-10-22 20:00:00,0.250244515225868,0.3035784627127282,0.24056199136151435,0.2126661422490467
2023-10-22 21:00:00,0.301925906989887,0.31811342011332183,0.2895451927638932,0.2794705661541487
2023-10-22 22:00:00,0.3347449223094028,0.328604888728563,0.2902529229138278,0.2787406335991461
2023-10-22 23:00:00,0.3407821075168556,0.4349547608936472,0.3280758793198091,0.31148363530965023
2023-10-23 00:00:00,0.34131777258318713,0.3208909016529672,0.30923714070719444,0.30871291080759916
2023-10-23 01:00:00,0.2691425942530076,0.3138092853252195,0.24268875789382266,0.23612862585334757
2023-10-23 02:00:00,0.2659364933729375,0.2461549694608649,0.21264526086672458,0.21907477356425975
2023-10-23 03:00:00,0.2708616082161409,0.3115035080690456,0.25004890947219527,0.20549388819400774
2023-10-23 04:00:00,0.0,0.0,0.0,0.0
2023-10-23 05:00:00,0.0,0.0,0.0,0.0
2023-10-23 06:00:00,0.0,0.0,0.0,0.0
2023-10-23 07:00:00,0.0,0.0,0.0,0.0
2023-10-23 08:00:00,0.0,0.0,0.0,0.0
2023-10-23 09:00:00,0.0,0.0,0.0,0.0
2023-10-23 10:00:00,0.0,0.0,0.0,0.0
2023-10-23 11:00:00,0.0,0.0,0.0,0.0
2023-10-23 12:00:00,0.0,0.0,0.0,0.0
2023-10-23 13:00:00,0.0,0.0,0.0,0.0
2023-10-23 14:00:00,0.0,0.0,0.0,0.0
2023-10-23 15:00:00,0.0,0.0,0.0,0.0
2023-10-23 16:00:00,0.0,0.0,0.0,0.0
2023-10-23 17:00:00,0.0,0.0,0.0,0.0
2023-10-23 18:00:00,0.3984158951891213,0.40999319225926145,0.40092941431828133,0.39099935500072175
2023-10-23 19:00:00,0.6083134635908807,0.5776886190666335,0.6065574380456903,0.6041585598447113
2023-10-23 20:00:00,0.7007086292603018,0.6313109887230901,0.6940812753011765,0.6968556641039766
2023-10-23 21:00:00,0.6963278609297366,0.7031080981466903,0.6996909984986988,0.710080665904293
2023-10-23 22:00:00,0.72994915924022,0.7374806386475341,0.7311246333283027,0.7406529806228043
2023-10-23 23:00:00,0.7322007028355224,0.6878410295257127,0.715836261607195,0.7259556391478444
2023-10-24 00:00:00,0.6116861327633197,0.6783125526147806,0.6206665139561561,0.6697827807815968
2023-10-24 01:00:00,0.624584317151017,0.6238939682569021,0.6184645547900838,0.6444149073669456
2023-10-24 02:00:00,0.5389908822107515,0.49208876358976167,0.5440027520419098,0.4849427258318862
2023-10-24 03:00:00,0.3020011977867371,0.2415623582179347,0.28924246579339064,0.21050476908745244
2023-10-24 04:00:00,0.0,0.0,0.0,0.0
2023-10-24 05:00:00,0.0,0.0,0.0,0.0
2023-10-24 06:00:00,0.0,0.0,0.0,0.0
2023-10-24 07:00:00,0.0,0.0,0.0,0.0
2023-10-24 08:00:00,0.0,0.0,0.0,0.0
2023-10-24 09:00:00,0.0,0.0,0.0,0.0
2023-10-24 10:00:00,0.0,0.0,0.0,0.0
2023-10-24 11:00:00,0.0,0.0,0.0,0.0
2023-10-24 12:00:00,0.0,0.0,0.0,0.0
2023-10-24 13:00:00,0.0,0.0,0.0,0.0
2023-10-24 14:00:00,0.0,0.0,0.0,0.0
2023-10-24 15:00:00,0.0,0.0,0.0,0.0
2023-10-24 16:00:00,0.0,0.0,0.0,0.0
2023-10-24 17:00:00,0.0,0.0,0.0,0.0
2023-10-24 18:00:00,0.3437943316678109,0.3537632555006927,0.3465153200182468,0.34073363259259776
2023-10-24 19:00:00,0.5575041799256387,0.5571591203280272,0.5573624625503152,0.5500003016489852
2023-10-24 20:00:00,0.6466099481260116,0.6537776326691028,0.6481555837041167,0.6351752294549035
2023-10-24 21:00:00,0.7061311637403421,0.7064005895872253,0.7065757858906061,0.7018640438370324
2023-10-24 22:00:00,0.7313317169012247,0.7267261516429722,0.7306768968971207,0.7282435775050488
2023-10-24 23:00:00,0.7338996926761053,0.7290161267555887,0.7325789018268525,0.7292962251699718
2023-10-25 00:00:00,0.7129914206197053,0.7075633030176253,0.7129693614661856,0.7100868990700079
2023-10-25 01:00:00,0.6572285652162435,0.649682914945981,0.651686687895423,0.6252889523329076
2023-10-25 02:00:00,0.5429066528915386,0.5436083235161946,0.5381166462919669,0.4987538762465187
2023-10-25 03:00:00,0.3586443628433201,0.4009585489387772,0.37422423292681506,0.3490148968098335
2023-10-25 04:00:00,0.0,0.0,0.0,0.0
2023-10-25 05:00:00,0.0,0.0,0.0,0.0
2023-10-25 06:00:00,0.0,0.0,0.0,0.0
2023-10-25 07:00:00,0.0,0.0,0.0,0.0
2023-10-25 08:00:00,0.0,0.0,0.0,0.0
2023-10-25 09:00:00,0.0,0.0,0.0,0.0
2023-10-25 10:00:00,0.0,0.0,0.0,0.0
2023-10-25 11:00:00,0.0,0.0,0.0,0.0
2023-10-25 12:00:00,0.0,0.0,0.0,0.0
2023-10-25 13:00:00,0.0,0.0,0.0,0.0
2023-10-25 14:00:00,0.0,0.0,0.0,0.0
2023-10-25 15:00:00,0.0,0.0,0.0,0.0
2023-10-25 16:00:00,0.0,0.0,0.0,0.0
2023-10-25 17:00:00,0.0,0.0,0.0,0.0
2023-10-25 18:00:00,0.0040868853759495625,0.005033764767275164,0.004007575064664699,0.0036773425237452886
2023-10-25 19:00:00,0.060427085558493965,0.04599024016993975,0.05743515921756821,0.04903771422707926
2023-10-25 20:00:00,0.22132927831382596,0.11816751265070384,0.1855093697091894,0.20957871944762807
2023-10-25 21:00:00,0.20658156084430965,0.15946889883125706,0.19669427729966318,0.1839019648895784
2023-10-25 22:00:00,0.15033880846426861,0.10072036883124175,0.13548638621434816,0.14101497070329758
2023-10-25 23:00:00,0.09785556842603943,0.10042217303563161,0.0951714418145928,0.09783025185153126
2023-10-26 00:00:00,0.17709318326568368,0.11069215924265723,0.1617224617878309,0.18097719515433028
2023-10-26 01:00:00,0.08116544144231572,0.07469142362922776,0.0795264536697701,0.0921234882842249
2023-10-26 02:00:00,0.05354251394448789,0.09046324450750161,0.060339180572369616,0.04665304348088085
2023-10-26 03:00:00,0.030907416169277113,0.045381691013325016,0.03581662867679074,0.022454985928712423
2023-10-26 04:00:00,0.0,0.0,0.0,0.0
2023-10-26 05:00:00,0.0,0.0,0.0,0.0
2023-10-26 06:00:00,0.0,0.0,0.0,0.0
2023-10-26 07:00:00,0.0,0.0,0.0,0.0
2023-10-26 08:00:00,0.0,0.0,0.0,0.0
2023-10-26 09:00:00,0.0,0.0,0.0,0.0
2023-10-26 10:00:00,0.0,0.0,0.0,0.0
2023-10-26 11:00:00,0.0,0.0,0.0,0.0
2023-10-26 12:00:00,0.0,0.0,0.0,0.0
2023-10-26 13:00:00,0.0,0.0,0.0,0.0
2023-10-26 14:00:00,0.0,0.0,0.0,0.0
2023-10-26 15:00:00,0.0,0.0,0.0,0.0
2023-10-26 16:00:00,0.0,0.0,0.0,0.0
2023-10-26 17:00:00,0.0,0.0,0.0,0.0
2023-10-26 18:00:00,0.011517016466529391,0.030035609331780427,0.014018170265074618,0.00377748994621597
2023-10-26 19:00:00,0.18094140776657355,0.16836609477851097,0.17181353291702478,0.09987356987045463
2023-10-26 20:00:00,0.21832058873996432,0.25590464951312664,0.2293645370519578,0.1466712927917674
2023-10-26 21:00:00,0.3164685445783459,0.2809982278388244,0.3088902873328563,0.2216305232802417
2023-10-26 22:00:00,0.32976600955011975,0.3130634619593317,0.3259706013947167,0.3207206106739962
2023-10-26 23:00:00,0.2835531105749463,0.269793549643998,0.2808631913656588,0.2784303565507903
2023-10-27 00:00:00,0.31677901367322564,0.3757090440635514,0.3211122384095869,0.2826660621596495
2023-10-27 01:00:00,0.38602718416331866,0.4566690139369134,0.4000374591646899,0.3222076436673305
2023-10-27 02:00:00,0.2578362350681298,0.28107972471401177,0.26174027037653597,0.24028538111028394
2023-10-27 03:00:00,0.09828274991406415,0.1210874744149459,0.10176402933171413,0.087958712177157
2023-10-27 04:00:00,0.0,0.0,0.0,0.0
2023-10-27 05:00:00,0.0,0.0,0.0,0.0
2023-10-27 06:00:00,0.0,0.0,0.0,0.0
2023-10-27 07:00:00,0.0,0.0,0.0,0.0
2023-10-27 08:00:00,0.0,0.0,0.0,0.0
2023-10-27 09:00:00,0.0,0.0,0.0,0.0
2023-10-27 10:00:00,0.0,0.0,0.0,0.0
2023-10-27 11:00:00,0.0,0.0,0.0,0.0
2023-10-27 12:00:00,0.0,0.0,0.0,0.0
2023-10-27 13:00:00,0.0,0.0,0.0,0.0
2023-10-27 14:00:00,0.0,0.0,0.0,0.0
2023-10-27 15:00:00,0.0,0.0,0.0,0.0
2023-10-27 16:00:00,0.0,0.0,0.0,0.0
2023-10-27 17:00:00,0.0,0.0,0.0,0.0
2023-10-27 18:00:00,0.07727324230947823,0.09560795956785507,0.08205977930626611,0.04336982574296783
2023-10-27 19:00:00,0.0566972746747979,0.0679231040255226,0.054744924430061896,0.03680981589487924
2023-10-27 20:00:00,0.08697520713740725,0.17368027707290135,0.10360017587318243,0.11256030345148366
2023-10-27 21:00:00,0.20631034737695286,0.335038208886326,0.23917746140932733,0.27612096168005834
2023-10-27 22:00:00,0.42880554155763634,0.5491540836210302,0.4817988408519054,0.5083567731999513
2023-10-27 23:00:00,0.5912102967952121,0.6697816616260454,0.6157126232559296,0.647620716071525
2023-10-28 00:00:00,0.5420910597433898,0.6098366468276216,0.5714681866177314,0.45910977475879955
2023-10-28 01:00:00,0.5462418551313103,0.5458228856097586,0.5643516416688032,0.5388715830766087
2023-10-28 02:00:00,0.4612998523843492,0.4599135266853979,0.47582290593343934,0.41073930607895975
2023-10-28 03:00:00,0.2357305268784972,0.20362902639997096,0.2358042086825105,0.20877170066693207
2023-10-28 04:00:00,0.0,0.0,0.0,0.0
2023-10-28 05:00:00,0.0,0.0,0.0,0.0
2023-10-28 06:00:00,0.0,0.0,0.0,0.0
2023-10-28 07:00:00,0.0,0.0,0.0,0.0
2023-10-28 08:00:00,0.0,0.0,0.0,0.0
2023-10-28 09:00:00,0.0,0.0,0.0,0.0
2023-10-28 10:00:00,0.0,0.0,0.0,0.0
2023-10-28 11:00:00,0.0,0.0,0.0,0.0
2023-10-28 12:00:00,0.0,0.0,0.0,0.0
2023-10-28 13:00:00,0.0,0.0,0.0,0.0
2023-10-28 14:00:00,0.0,0.0,0.0,0.0
2023-10-28 15:00:00,0.0,0.0,0.0,0.0
2023-10-28 16:00:00,0.0,0.0,0.0,0.0
2023-10-28 17:00:00,0.0,0.0,0.0,0.0
2023-10-28 18:00:00,0.17077886169067025,0.04397645226418667,0.1298634526587972,0.14167302086872313
2023-10-28 19:00:00,0.2338761932314309,0.1146389781984327,0.18840329978440515,0.15087528173836082
2023-10-28 20:00:00,0.21387475897680155,0.11749587324045559,0.16522611440486182,0.12035935500275714
2023-10-28 21:00:00,0.34915534597997205,0.19633994472609975,0.29678259586033934,0.2372145247150562
2023-10-28 22:00:00,0.35756671405715595,0.2339130571693987,0.30423415183185964,0.2997985259514475
2023-10-28 23:00:00,0.46969362816227767,0.3264584089499771,0.4160299481907978,0.4168613067601912
2023-10-29 00:00:00,0.27818627464434015,0.18902053309112396,0.23013567388138126,0.26494113563944227
2023-10-29 01:00:00,0.32013397755124573,0.3269337819712718,0.3016198104411106,0.29127426447925475
2023-10-29 02:00:00,0.44543530957942973,0.44704562313355195,0.4398964281096358,0.36426123935093396
2023-10-29 03:00:00,0.13755571016057666,0.12107678159906982,0.1298338276350276,0.10799667307627218
2023-10-29 04:00:00,0.0,0.0,0.0,0.0
2023-10-29 05:00:00,0.0,0.0,0.0,0.0
2023-10-29 06:00:00,0.0,0.0,0.0,0.0
2023-10-29 07:00:00,0.0,0.0,0.0,0.0
2023-10-29 08:00:00,0.0,0.0,0.0,0.0
2023-10-29 09:00:00,0.0,0.0,0.0,0.0
2023-10-29 10:00:00,0.0,0.0,0.0,0.0
2023-10-29 11:00:00,0.0,0.0,0.0,0.0
2023-10-29 12:00:00,0.0,0.0,0.0,0.0
2023-10-29 13:00:00,0.0,0.0,0.0,0.0
2023-10-29 14:00:00,0.0,0.0,0.0,0.0
2023-10-29 15:00:00,0.0,0.0,0.0,0.0
2023-10-29 16:00:00,0.0,0.0,0.0,0.0
2023-10-29 17:00:00,0.0,0.0,0.0,0.0
2023-10-29 18:00:00,0.00012753260793330108,0.0003656894217437469,0.00019129891189995164,0.0
2023-10-29 19:00:00,0.04909253248994047,0.048363126868097434,0.05419459289819366,0.04835117889728088
2023-10-29 20:00:00,0.025655985609436948,0.02161437650599063,0.024891739457973787,0.024270648350774915
2023-10-29 21:00:00,0.037756553424008105,0.035784015579524486,0.036783033995668714,0.03679374535401605
2023-10-29 22:00:00,0.04968550022480942,0.07387350434040836,0.049078644981120564,0.052880183822377545
2023-10-29 23:00:00,0.09295559362653087,0.09004735514039026,0.09596419496035032,0.08882531276780425
2023-10-30 00:00:00,0.04366689568834445,0.03511068118348381,0.03874629641973775,0.03271358002560521
2023-10-30 01:00:00,0.059721864026936106,0.04728614394554886,0.05784891438395299,0.04720500289504903
2023-10-30 02:00:00,0.02170941159510885,0.016602383628543008,0.019014349244351185,0.017127040060354412
2023-10-30 03:00:00,0.003967230982301729,0.0022076029437460894,0.003671403771851072,0.003614803204449122
2023-10-30 04:00:00,0.0,0.0,0.0,0.0
2023-10-30 05:00:00,0.0,0.0,0.0,0.0
2023-10-30 06:00:00,0.0,0.0,0.0,0.0
2023-10-30 07:00:00,0.0,0.0,0.0,0.0
2023-10-30 08:00:00,0.0,0.0,0.0,0.0
2023-10-30 09:00:00,0.0,0.0,0.0,0.0
2023-10-30 10:00:00,0.0,0.0,0.0,0.0
2023-10-30 11:00:00,0.0,0.0,0.0,0.0
2023-10-30 12:00:00,0.0,0.0,0.0,0.0
2023-10-30 13:00:00,0.0,0.0,0.0,0.0
2023-10-30 14:00:00,0.0,0.0,0.0,0.0
2023-10-30 15:00:00,0.0,0.0,0.0,0.0
2023-10-30 16:00:00,0.0,0.0,0.0,0.0
2023-10-30 17:00:00,0.0,0.0,0.0,0.0
2023-10-30 18:00:00,0.009900068362204298,0.0006878905569624151,0.006983873248292477,0.011376008489690571
2023-10-30 19:00:00,0.010639793060981438,0.017891650971860972,0.008972264022241279,0.009804938357593171
2023-10-30 20:00:00,0.059341555276565504,0.09195958196571742,0.06317346403085644,0.05531884664816376
2023-10-30 21:00:00,0.11369580622692681,0.18102057926464488,0.11898757839057728,0.1226879530288207
2023-10-30 22:00:00,0.2560954589221278,0.5004645293930228,0.30856812169544406,0.24307964368292487
2023-10-30 23:00:00,0.5032631660118551,0.712938480802514,0.5596893118397603,0.5007289397046489
2023-10-31 00:00:00,0.43669137197084346,0.6715971108198094,0.4960089322614728,0.4292228767385378
2023-10-31 01:00:00,0.5070526070571073,0.6662026148785337,0.5598265631703611,0.5454304209407106
2023-10-31 02:00:00,0.4326639448420013,0.4545489435026438,0.4622467084452886,0.4451558229726335
2023-10-31 03:00:00,0.3440021495001028,0.2745901105465332,0.33994402166919185,0.3503288240458862
2023-10-31 04:00:00,0.0,0.0,0.0,0.0
2023-10-31 05:00:00,0.0,0.0,0.0,0.0
2023-10-31 06:00:00,0.0,0.0,0.0,0.0
2023-10-31 07:00:00,0.0,0.0,0.0,0.0
2023-10-31 08:00:00,0.0,0.0,0.0,0.0
2023-10-31 09:00:00,0.0,0.0,0.0,0.0
2023-10-31 10:00:00,0.0,0.0,0.0,0.0
2023-10-31 11:00:00,0.0,0.0,0.0,0.0
2023-10-31 12:00:00,0.0,0.0,0.0,0.0
2023-10-31 13:00:00,0.0,0.0,0.0,0.0
2023-10-31 14:00:00,0.0,0.0,0.0,0.0
2023-10-31 15:00:00,0.0,0.0,0.0,0.0
2023-10-31 16:00:00,0.0,0.0,0.0,0.0
2023-10-31 17:00:00,0.0,0.0,0.0,0.0
2023-10-31 18:00:00,0.2881887214371377,0.33607303789545684,0.30452488857503024,0.3399277521992996
2023-10-31 19:00:00,0.47457361838717155,0.4882705916712579,0.49269571105013465,0.5666946975824783
2023-10-31 20:00:00,0.6044174607175841,0.5538126528771267,0.6069216314127455,0.6842825798554156
2023-10-31 21:00:00,0.4944696257643602,0.43160829836079007,0.4758846855836939,0.5847369265013777
2023-10-31 22:00:00,0.43718560886213015,0.3699690502309987,0.38502892100281483,0.4763029855585743
2023-10-31 23:00:00,0.3670664808357085,0.3587961588375473,0.3438637513566367,0.39916847143042816
2023-11-01 00:00:00,0.42693981309522977,0.5254311572087728,0.4494641749529082,0.3978065993249312
2023-11-01 01:00:00,0.47099498817020385,0.43459924836433056,0.4774739313988948,0.48150168138018995
2023-11-01 02:00:00,0.4114127774223671,0.422992776295904,0.4339211431620529,0.42173784783160045
2023-11-01 03:00:00,0.13574020863223568,0.15926067852109885,0.13886297985734108,0.13558044897856958
2023-11-01 04:00:00,0.0,0.0,0.0,0.0
2023-11-01 05:00:00,0.0,0.0,0.0,0.0
2023-11-01 06:00:00,0.0,0.0,0.0,0.0
2023-11-01 07:00:00,0.0,0.0,0.0,0.0
2023-11-01 08:00:00,0.0,0.0,0.0,0.0
2023-11-01 09:00:00,0.0,0.0,0.0,0.0
2023-11-01 10:00:00,0.0,0.0,0.0,0.0
2023-11-01 11:00:00,0.0,0.0,0.0,0.0
2023-11-01 12:00:00,0.0,0.0,0.0,0.0
2023-11-01 13:00:00,0.0,0.0,0.0,0.0
2023-11-01 14:00:00,0.0,0.0,0.0,0.0
2023-11-01 15:00:00,0.0,0.0,0.0,0.0
2023-11-01 16:00:00,0.0,0.0,0.0,0.0
2023-11-01 17:00:00,0.0,0.0,0.0,0.0
2023-11-01 18:00:00,0.3076973545768675,0.3732971629874145,0.31340764765383067,0.3018538543876695
2023-11-01 19:00:00,0.5383955640621675,0.5850428416233151,0.5371579816657479,0.5161615596497736
2023-11-01 20:00:00,0.7182187779185818,0.7244335173502384,0.7112206894988686,0.6942884010167619
2023-11-01 21:00:00,0.7534374770266837,0.7430674344156465,0.7331616242646597,0.7031625906736844
2023-11-01 22:00:00,0.6751273902008371,0.6393267111093902,0.6430519230171171,0.6161588661234584
2023-11-01 23:00:00,0.5549054639514704,0.6641951959679245,0.5660484232917562,0.5037849476543329
2023-11-02 00:00:00,0.48357264086566926,0.5971845654103632,0.5168614970939527,0.49516433172472873
2023-11-02 01:00:00,0.4972534511410159,0.5905242427962865,0.5370130036755792,0.5499221519422873
2023-11-02 02:00:00,0.4520182989522221,0.5154094198311574,0.5056349462625459,0.5085012343257255
2023-11-02 03:00:00,0.20313401627276476,0.21950757351170644,0.21397434071544785,0.2327327054854291
2023-11-02 04:00:00,0.0,0.0,0.0,0.0
2023-11-02 05:00:00,0.0,0.0,0.0,0.0
2023-11-02 06:00:00,0.0,0.0,0.0,0.0
2023-11-02 07:00:00,0.0,0.0,0.0,0.0
2023-11-02 08:00:00,0.0,0.0,0.0,0.0
2023-11-02 09:00:00,0.0,0.0,0.0,0.0
2023-11-02 10:00:00,0.0,0.0,0.0,0.0
2023-11-02 11:00:00,0.0,0.0,0.0,0.0
2023-11-02 12:00:00,0.0,0.0,0.0,0.0
2023-11-02 13:00:00,0.0,0.0,0.0,0.0
2023-11-02 14:00:00,0.0,0.0,0.0,0.0
2023-11-02 15:00:00,0.0,0.0,0.0,0.0
2023-11-02 16:00:00,0.0,0.0,0.0,0.0
2023-11-02 17:00:00,0.0,0.0,0.0,0.0
2023-11-02 18:00:00,0.2007694595604023,0.1578424670950895,0.18713993169194704,0.22136290440112183
2023-11-02 19:00:00,0.34866968599705034,0.36792621417801713,0.3414746164108727,0.38846347337733705
2023-11-02 20:00:00,0.4839890119065218,0.5380563346136834,0.49030811610461267,0.5598698283354536
2023-11-02 21:00:00,0.6731508662128244,0.6676855304745096,0.6694876981912978,0.6898164443272389
2023-11-02 22:00:00,0.4717446317359775,0.5730118541215758,0.4891392911175153,0.5182572856682522
2023-11-02 23:00:00,0.4892458885286777,0.5379207847444153,0.5038134154021832,0.5190832629426428
2023-11-03 00:00:00,0.556649154914106,0.6571774873815858,0.5911942668712329,0.5706519513776372
2023-11-03 01:00:00,0.4829070748032924,0.5730014235590035,0.5164698493025105,0.5077461455823726
2023-11-03 02:00:00,0.452558482096632,0.49828259454150176,0.47006944838954706,0.41225265634601466
2023-11-03 03:00:00,0.21596878865915928,0.16398745677316687,0.20813544675595874,0.16036103857049314
2023-11-03 04:00:00,0.0,0.0,0.0,0.0
2023-11-03 05:00:00,0.0,0.0,0.0,0.0
2023-11-03 06:00:00,0.0,0.0,0.0,0.0
2023-11-03 07:00:00,0.0,0.0,0.0,0.0
2023-11-03 08:00:00,0.0,0.0,0.0,0.0
2023-11-03 09:00:00,0.0,0.0,0.0,0.0
2023-11-03 10:00:00,0.0,0.0,0.0,0.0
2023-11-03 11:00:00,0.0,0.0,0.0,0.0
2023-11-03 12:00:00,0.0,0.0,0.0,0.0
2023-11-03 13:00:00,0.0,0.0,0.0,0.0
2023-11-03 14:00:00,0.0,0.0,0.0,0.0
2023-11-03 15:00:00,0.0,0.0,0.0,0.0
2023-11-03 16:00:00,0.0,0.0,0.0,0.0
2023-11-03 17:00:00,0.0,0.0,0.0,0.0
2023-11-03 18:00:00,0.36483801904945995,0.35978871181984856,0.3629345037718338,0.35966452111556696
2023-11-03 19:00:00,0.56362040763373,0.5536418235637312,0.557540674827094,0.538096549762531
2023-11-03 20:00:00,0.6908065347604962,0.688027687510405,0.6909349670674438,0.6930368722407186
2023-11-03 21:00:00,0.7367168920547863,0.7357173348787468,0.7333027510349295,0.7185043344506706
2023-11-03 22:00:00,0.7606695407623056,0.761876176099242,0.7588419898987602,0.7456256436009693
2023-11-03 23:00:00,0.7593540840521064,0.7431771157863895,0.7550362318593217,0.7337979522473073
2023-11-04 00:00:00,0.5021600321909815,0.3474828062286779,0.45568931456668405,0.4316634220106595
2023-11-04 01:00:00,0.2122206938000133,0.21876167031422558,0.20407962069415847,0.18518758810789201
2023-11-04 02:00:00,0.07667820240285945,0.08777202079540862,0.07482785264207303,0.0668897310868614
2023-11-04 03:00:00,0.020684471302740058,0.025073984179298004,0.021039555153170804,0.017033850247816475
2023-11-04 04:00:00,0.0,0.0,0.0,0.0
2023-11-04 05:00:00,0.0,0.0,0.0,0.0
2023-11-04 06:00:00,0.0,0.0,0.0,0.0
2023-11-04 07:00:00,0.0,0.0,0.0,0.0
2023-11-04 08:00:00,0.0,0.0,0.0,0.0
2023-11-04 09:00:00,0.0,0.0,0.0,0.0
2023-11-04 10:00:00,0.0,0.0,0.0,0.0
2023-11-04 11:00:00,0.0,0.0,0.0,0.0
2023-11-04 12:00:00,0.0,0.0,0.0,0.0
2023-11-04 13:00:00,0.0,0.0,0.0,0.0
2023-11-04 14:00:00,0.0,0.0,0.0,0.0
2023-11-04 15:00:00,0.0,0.0,0.0,0.0
2023-11-04 16:00:00,0.0,0.0,0.0,0.0
2023-11-04 17:00:00,0.0,0.0,0.0,0.0
2023-11-04 18:00:00,0.002810723012774454,0.0020241071050181372,0.003450386875253816,0.0
2023-11-04 19:00:00,0.02889981483804242,0.09035344371696419,0.0366732742490669,0.06881824325154122
2023-11-04 20:00:00,0.15605759670258523,0.21512494742009078,0.1688231627455732,0.26231568154901924
2023-11-04 21:00:00,0.3553438818633778,0.3794466412524076,0.3737764875662952,0.488900850526627
2023-11-04 22:00:00,0.3288975040888246,0.30098826605277323,0.3307137527386348,0.45362392218877706
2023-11-04 23:00:00,0.31713836298237785,0.42203366935357717,0.33499051941841085,0.3596497231808055
2023-11-05 00:00:00,0.39801679549028957,0.46421786737610793,0.4189932218196525,0.33863916394820426
2023-11-05 01:00:00,0.27782167453598045,0.2913548830966651,0.29582843014495797,0.2711311004608974
2023-11-05 02:00:00,0.07726670247435308,0.08199814840499729,0.0886615190401479,0.11293140211980712
2023-11-05 03:00:00,0.010390473520350519,0.021357707284194994,0.011085986880303468,0.007228064640856765
2023-11-05 04:00:00,0.0,0.0,0.0,0.0
2023-11-05 05:00:00,0.0,0.0,0.0,0.0
2023-11-05 06:00:00,0.0,0.0,0.0,0.0
2023-11-05 07:00:00,0.0,0.0,0.0,0.0
2023-11-05 08:00:00,0.0,0.0,0.0,0.0
2023-11-05 09:00:00,0.0,0.0,0.0,0.0
2023-11-05 10:00:00,0.0,0.0,0.0,0.0
2023-11-05 11:00:00,0.0,0.0,0.0,0.0
2023-11-05 12:00:00,0.0,0.0,0.0,0.0
2023-11-05 13:00:00,0.0,0.0,0.0,0.0
2023-11-05 14:00:00,0.0,0.0,0.0,0.0
2023-11-05 15:00:00,0.0,0.0,0.0,0.0
2023-11-05 16:00:00,0.0,0.0,0.0,0.0
2023-11-05 17:00:00,0.0,0.0,0.0,0.0
2023-11-05 18:00:00,0.17545795873570888,0.13640833579130576,0.16559497255961786,0.15193072213168932
2023-11-05 19:00:00,0.4092199151529145,0.341329112276805,0.4008241322680124,0.4005284782925474
2023-11-05 20:00:00,0.5392107324557046,0.40386032883685913,0.5006098412486749,0.5359199869473055
2023-11-05 21:00:00,0.6711977858036052,0.5535383138736053,0.6576009584658019,0.6673954038448104
2023-11-05 22:00:00,0.5771574042856528,0.5678779928876764,0.5765854037519477,0.5232449715077286
2023-11-05 23:00:00,0.504081919332645,0.37714358483132643,0.4551128681724301,0.3916788263939075
2023-11-06 00:00:00,0.35577969062884723,0.29920572351470154,0.32453269694703935,0.25522765161525623
2023-11-06 01:00:00,0.35282074983272205,0.3663335497229639,0.3595823339916294,0.3259170612810287
2023-11-06 02:00:00,0.23501206344726855,0.3093394163588495,0.24689855415475392,0.20739629676148422
2023-11-06 03:00:00,0.0974188049695105,0.09923294407485649,0.09729307711159474,0.08182813755119217
2023-11-06 04:00:00,0.0,0.0,0.0,0.0
2023-11-06 05:00:00,0.0,0.0,0.0,0.0
2023-11-06 06:00:00,0.0,0.0,0.0,0.0
2023-11-06 07:00:00,0.0,0.0,0.0,0.0
2023-11-06 08:00:00,0.0,0.0,0.0,0.0
2023-11-06 09:00:00,0.0,0.0,0.0,0.0
2023-11-06 10:00:00,0.0,0.0,0.0,0.0
2023-11-06 11:00:00,0.0,0.0,0.0,0.0
2023-11-06 12:00:00,0.0,0.0,0.0,0.0
2023-11-06 13:00:00,0.0,0.0,0.0,0.0
2023-11-06 14:00:00,0.0,0.0,0.0,0.0
2023-11-06 15:00:00,0.0,0.0,0.0,0.0
2023-11-06 16:00:00,0.0,0.0,0.0,0.0
2023-11-06 17:00:00,0.0,0.0,0.0,0.0
2023-11-06 18:00:00,0.0412818848417292,0.060480943408807164,0.04621978096915402,0.03934445716152958
2023-11-06 19:00:00,0.047732397090115446,0.1086696540548332,0.06086285566891435,0.04172871500713157
2023-11-06 20:00:00,0.2266960084551359,0.2555962958115419,0.2326877488996725,0.18772378008840776
2023-11-06 21:00:00,0.2962876989368761,0.39465374711385043,0.31504979624005836,0.2662494030880719
2023-11-06 22:00:00,0.47810904992678843,0.5207377533078702,0.504645082868914,0.46813049718968713
2023-11-06 23:00:00,0.3891601640777553,0.31587155022238084,0.37098085043558493,0.3457715085033532
2023-11-07 00:00:00,0.33232925397968954,0.33884172636060256,0.3358195249466396,0.2820151393944697
2023-11-07 01:00:00,0.30371522010916446,0.18339761299478372,0.2638833400158092,0.29392144202961695
2023-11-07 02:00:00,0.10387147325692368,0.1255493013592409,0.10908247712156037,0.09426128162561583
2023-11-07 03:00:00,0.06876468964436407,0.12230709262453014,0.08720730115152582,0.0730184039321621
2023-11-07 04:00:00,0.0,0.0,0.0,0.0
2023-11-07 05:00:00,0.0,0.0,0.0,0.0
2023-11-07 06:00:00,0.0,0.0,0.0,0.0
2023-11-07 07:00:00,0.0,0.0,0.0,0.0
2023-11-07 08:00:00,0.0,0.0,0.0,0.0
2023-11-07 09:00:00,0.0,0.0,0.0,0.0
2023-11-07 10:00:00,0.0,0.0,0.0,0.0
2023-11-07 11:00:00,0.0,0.0,0.0,0.0
2023-11-07 12:00:00,0.0,0.0,0.0,0.0
2023-11-07 13:00:00,0.0,0.0,0.0,0.0
2023-11-07 14:00:00,0.0,0.0,0.0,0.0
2023-11-07 15:00:00,0.0,0.0,0.0,0.0
2023-11-07 16:00:00,0.0,0.0,0.0,0.0
2023-11-07 17:00:00,0.0,0.0,0.0,0.0
2023-11-07 18:00:00,0.010793613282668417,0.02111157076057893,0.01183141149146289,0.0012917571421276076
2023-11-07 19:00:00,0.03399668260702817,0.051158534952791705,0.03516762675242737,0.019829662744158
2023-11-07 20:00:00,0.04294054820480921,0.05589641841780842,0.04401415600971284,0.03125190781209636
2023-11-07 21:00:00,0.14316352444790567,0.16698263400745827,0.14969643291661022,0.1251537782151657
2023-11-07 22:00:00,0.09555753999079512,0.10922928897387683,0.09198570163777287,0.07722626350289531
2023-11-07 23:00:00,0.15849595642421507,0.1516296461676873,0.14982653972107138,0.1277708085042249
2023-11-08 00:00:00,0.17619382660924052,0.17444951473416317,0.16981549967021853,0.1445895247360819
2023-11-08 01:00:00,0.1002556362360707,0.12790082076452236,0.1048405520437008,0.0961388711346625
2023-11-08 02:00:00,0.05762871250622017,0.07496051273742256,0.0582225143743237,0.055072442095877035
2023-11-08 03:00:00,0.03451805723710117,0.036482874221296195,0.03444578037165503,0.032693937677482424
2023-11-08 04:00:00,0.0,0.0,0.0,0.0
2023-11-08 05:00:00,0.0,0.0,0.0,0.0
2023-11-08 06:00:00,0.0,0.0,0.0,0.0
2023-11-08 07:00:00,0.0,0.0,0.0,0.0
2023-11-08 08:00:00,0.0,0.0,0.0,0.0
2023-11-08 09:00:00,0.0,0.0,0.0,0.0
2023-11-08 10:00:00,0.0,0.0,0.0,0.0
2023-11-08 11:00:00,0.0,0.0,0.0,0.0
2023-11-08 12:00:00,0.0,0.0,0.0,0.0
2023-11-08 13:00:00,0.0,0.0,0.0,0.0
2023-11-08 14:00:00,0.0,0.0,0.0,0.0
2023-11-08 15:00:00,0.0,0.0,0.0,0.0
2023-11-08 16:00:00,0.0,0.0,0.0,0.0
2023-11-08 17:00:00,0.0,0.0,0.0,0.0
2023-11-08 18:00:00,0.0037501099907317867,0.0012364580242634129,0.002147277342730596,0.002077715686344988
2023-11-08 19:00:00,0.030174249092257438,0.028676070125254763,0.025667274153282835,0.02649988649500661
2023-11-08 20:00:00,0.08996954308673351,0.0791132758614214,0.0846464539998173,0.08242498394196786
2023-11-08 21:00:00,0.12674212612060434,0.1235985726210297,0.1268536229228133,0.14265368547983634
2023-11-08 22:00:00,0.10951161206432714,0.06955501274549791,0.09842896644127669,0.12593770696655238
2023-11-08 23:00:00,0.07104854467461504,0.04329355846464755,0.06001605513855593,0.0783701394602604
2023-11-09 00:00:00,0.04265371016964553,0.05339413051832692,0.042632054484515465,0.03489673591698881
2023-11-09 01:00:00,0.08839845658337252,0.09360116639406783,0.09421784832608977,0.08432177269762749
2023-11-09 02:00:00,0.03214889975960099,0.04714561219240535,0.0333268111923616,0.023474382132238635
2023-11-09 03:00:00,0.0093609471677354,0.0215536388359034,0.01306465095982573,0.0016899396375647435
2023-11-09 04:00:00,0.0,0.0,0.0,0.0
2023-11-09 05:00:00,0.0,0.0,0.0,0.0
2023-11-09 06:00:00,0.0,0.0,0.0,0.0
2023-11-09 07:00:00,0.0,0.0,0.0,0.0
2023-11-09 08:00:00,0.0,0.0,0.0,0.0
2023-11-09 09:00:00,0.0,0.0,0.0,0.0
2023-11-09 10:00:00,0.0,0.0,0.0,0.0
2023-11-09 11:00:00,0.0,0.0,0.0,0.0
2023-11-09 12:00:00,0.0,0.0,0.0,0.0
2023-11-09 13:00:00,0.0,0.0,0.0,0.0
2023-11-09 14:00:00,0.0,0.0,0.0,0.0
2023-11-09 15:00:00,0.0,0.0,0.0,0.0
2023-11-09 16:00:00,0.0,0.0,0.0,0.0
2023-11-09 17:00:00,0.0,0.0,0.0,0.0
2023-11-09 18:00:00,0.1447404753438546,0.22900456806203898,0.17050702413455038,0.12256629273240417
2023-11-09 19:00:00,0.132202454533545,0.20715373547553795,0.16124794953805588,0.1240825083707811
2023-11-09 20:00:00,0.12152546401584192,0.10547145792932504,0.11478537254475102,0.10733653364099709
2023-11-09 21:00:00,0.11395496073947693,0.1357556576598465,0.1052429174424098,0.09170227142269789
2023-11-09 22:00:00,0.3101092889346219,0.37287304484356554,0.3197219732790393,0.3477590481178435
2023-11-09 23:00:00,0.2668788145300636,0.4171548315487154,0.2869646520286368,0.3190605180194194
2023-11-10 00:00:00,0.49731716573105017,0.6954908620453703,0.5475425165241895,0.5849445548581751
2023-11-10 01:00:00,0.6400445845382522,0.6943194177439832,0.6549557452727541,0.6571333978987789
2023-11-10 02:00:00,0.6038834461045551,0.610535667713308,0.6068768151843632,0.6099188291151464
2023-11-10 03:00:00,0.3935308108965802,0.41991104687487085,0.40146437862112555,0.3999425879997509
2023-11-10 04:00:00,0.0,0.0,0.0,0.0
2023-11-10 05:00:00,0.0,0.0,0.0,0.0
2023-11-10 06:00:00,0.0,0.0,0.0,0.0
2023-11-10 07:00:00,0.0,0.0,0.0,0.0
2023-11-10 08:00:00,0.0,0.0,0.0,0.0
2023-11-10 09:00:00,0.0,0.0,0.0,0.0
2023-11-10 10:00:00,0.0,0.0,0.0,0.0
2023-11-10 11:00:00,0.0,0.0,0.0,0.0
2023-11-10 12:00:00,0.0,0.0,0.0,0.0
2023-11-10 13:00:00,0.0,0.0,0.0,0.0
2023-11-10 14:00:00,0.0,0.0,0.0,0.0
2023-11-10 15:00:00,0.0,0.0,0.0,0.0
2023-11-10 16:00:00,0.0,0.0,0.0,0.0
2023-11-10 17:00:00,0.0,0.0,0.0,0.0
2023-11-10 18:00:00,0.17968959864413034,0.21434672239242372,0.17846159337756184,0.11229750101371953
2023-11-10 19:00:00,0.22503359717192925,0.2683950960882033,0.2269922788853807,0.13823530398773387
2023-11-10 20:00:00,0.2272848704077468,0.4319590220004838,0.2620743353282159,0.17356045746520918
2023-11-10 21:00:00,0.37402282464116626,0.597601079027188,0.4423838624400474,0.43845633038439763
2023-11-10 22:00:00,0.7054819849104169,0.7389842865539039,0.7254974192204752,0.7230385051700264
2023-11-10 23:00:00,0.7142921874763782,0.6697817929414774,0.7087893834910746,0.7293845668829905
2023-11-11 00:00:00,0.6193426890275066,0.5269693767216261,0.5898460526569915,0.5833318920561724
2023-11-11 01:00:00,0.571779193194206,0.5676947945568428,0.5771899320704656,0.5321653426694751
2023-11-11 02:00:00,0.40768744345503816,0.3455367550430431,0.38852580400676595,0.3416632800058344
2023-11-11 03:00:00,0.2835987076781595,0.3053823608208949,0.2879757272218733,0.268957117642409
2023-11-11 04:00:00,0.0,0.0,0.0,0.0
2023-11-11 05:00:00,0.0,0.0,0.0,0.0
2023-11-11 06:00:00,0.0,0.0,0.0,0.0
2023-11-11 07:00:00,0.0,0.0,0.0,0.0
2023-11-11 08:00:00,0.0,0.0,0.0,0.0
2023-11-11 09:00:00,0.0,0.0,0.0,0.0
2023-11-11 10:00:00,0.0,0.0,0.0,0.0
2023-11-11 11:00:00,0.0,0.0,0.0,0.0
2023-11-11 12:00:00,0.0,0.0,0.0,0.0
2023-11-11 13:00:00,0.0,0.0,0.0,0.0
2023-11-11 14:00:00,0.0,0.0,0.0,0.0
2023-11-11 15:00:00,0.0,0.0,0.0,0.0
2023-11-11 16:00:00,0.0,0.0,0.0,0.0
2023-11-11 17:00:00,0.0,0.0,0.0,0.0
2023-11-11 18:00:00,0.2543778836670165,0.32640787269631827,0.26610499763271955,0.22673629640933537
2023-11-11 19:00:00,0.4171779752455462,0.5067795949379297,0.4390124094139688,0.3749023861931187
2023-11-11 20:00:00,0.5077507045767612,0.6520593674191191,0.544503045341459,0.4756326318105721
2023-11-11 21:00:00,0.6121889578819961,0.7055276038463595,0.6278480838858835,0.5390218247346793
2023-11-11 22:00:00,0.5382577648156261,0.5065370942609697,0.49880391351995157,0.4265545839774108
2023-11-11 23:00:00,0.5086668314084638,0.565597286758159,0.5080573240984086,0.4128639221066374
2023-11-12 00:00:00,0.3484871402093057,0.3908542926131214,0.3348843408230956,0.31437482911046594
2023-11-12 01:00:00,0.38935259504696634,0.44125115752551797,0.39773747413279215,0.3594462078261534
2023-11-12 02:00:00,0.18999358265453467,0.3591946415322062,0.22995619960355734,0.17361705995728094
2023-11-12 03:00:00,0.23075751545086334,0.32523006538164884,0.2597393393300526,0.2335860720098497
2023-11-12 04:00:00,0.0,0.0,0.0,0.0
2023-11-12 05:00:00,0.0,0.0,0.0,0.0
2023-11-12 06:00:00,0.0,0.0,0.0,0.0
2023-11-12 07:00:00,0.0,0.0,0.0,0.0
2023-11-12 08:00:00,0.0,0.0,0.0,0.0
2023-11-12 09:00:00,0.0,0.0,0.0,0.0
2023-11-12 10:00:00,0.0,0.0,0.0,0.0
2023-11-12 11:00:00,0.0,0.0,0.0,0.0
2023-11-12 12:00:00,0.0,0.0,0.0,0.0
2023-11-12 13:00:00,0.0,0.0,0.0,0.0
2023-11-12 14:00:00,0.0,0.0,0.0,0.0
2023-11-12 15:00:00,0.0,0.0,0.0,0.0
2023-11-12 16:00:00,0.0,0.0,0.0,0.0
2023-11-12 17:00:00,0.0,0.0,0.0,0.0
2023-11-12 18:00:00,0.27494071114957963,0.27303142568816613,0.2783072948846952,0.329444335883728
2023-11-12 19:00:00,0.43911382556016426,0.33248715720712646,0.40941401422617274,0.4252753341463431
2023-11-12 20:00:00,0.494651901190438,0.4902164522210814,0.4823013403158338,0.4801513378630467
2023-11-12 21:00:00,0.4001059361867934,0.5499371099088012,0.4258036050240449,0.4103801181443881
2023-11-12 22:00:00,0.4579357983736352,0.6410780558478004,0.5078922438720791,0.5147735972143123
2023-11-12 23:00:00,0.578742225434786,0.7352443015390472,0.6266296321230097,0.6649151885496467
2023-11-13 00:00:00,0.6639152799742956,0.7245032455704422,0.6822508013119895,0.7116686495470376
2023-11-13 01:00:00,0.6112576317443458,0.6573030416763589,0.629525924010639,0.6549418103367689
2023-11-13 02:00:00,0.4791749175787721,0.4623629095829119,0.4696475878459886,0.46068452840323326
2023-11-13 03:00:00,0.28632601228953575,0.3604923403334423,0.30164943431718294,0.25995475913832006
2023-11-13 04:00:00,0.0,0.0,0.0,0.0
2023-11-13 05:00:00,0.0,0.0,0.0,0.0
2023-11-13 06:00:00,0.0,0.0,0.0,0.0
2023-11-13 07:00:00,0.0,0.0,0.0,0.0
2023-11-13 08:00:00,0.0,0.0,0.0,0.0
2023-11-13 09:00:00,0.0,0.0,0.0,0.0
2023-11-13 10:00:00,0.0,0.0,0.0,0.0
2023-11-13 11:00:00,0.0,0.0,0.0,0.0
2023-11-13 12:00:00,0.0,0.0,0.0,0.0
2023-11-13 13:00:00,0.0,0.0,0.0,0.0
2023-11-13 14:00:00,0.0,0.0,0.0,0.0
2023-11-13 15:00:00,0.0,0.0,0.0,0.0
2023-11-13 16:00:00,0.0,0.0,0.0,0.0
2023-11-13 17:00:00,0.0,0.0,0.0,0.0
2023-11-13 18:00:00,0.3546776436028442,0.40346645902812767,0.36524252168968474,0.3710120607146314
2023-11-13 19:00:00,0.5114729304334457,0.5218904477924734,0.5170829726826542,0.5131534781653938
2023-11-13 20:00:00,0.6664463540071514,0.6673491955758913,0.6677128780079822,0.6717341508512141
2023-11-13 21:00:00,0.7335111479066869,0.7358272855810709,0.7368240441693787,0.736807816542839
2023-11-13 22:00:00,0.7573588248141078,0.7572461288372456,0.7570212904747249,0.7565801069062199
2023-11-13 23:00:00,0.7595088927630207,0.7598610795561972,0.7595528005460489,0.7585802705617707
2023-11-14 00:00:00,0.7432916854677543,0.7425745388745475,0.74320328547291,0.7414290882362491
2023-11-14 01:00:00,0.6900392510881552,0.6915521269134906,0.6904614011738703,0.6885395127772641
2023-11-14 02:00:00,0.5836531923029379,0.5899387034743436,0.5852931640424774,0.5844503593486866
2023-11-14 03:00:00,0.3876529600064593,0.3963412488455414,0.390062188126976,0.3893235843790089
2023-11-14 04:00:00,0.0,0.0,0.0,0.0
2023-11-14 05:00:00,0.0,0.0,0.0,0.0
2023-11-14 06:00:00,0.0,0.0,0.0,0.0
2023-11-14 07:00:00,0.0,0.0,0.0,0.0
2023-11-14 08:00:00,0.0,0.0,0.0,0.0
2023-11-14 09:00:00,0.0,0.0,0.0,0.0
2023-11-14 10:00:00,0.0,0.0,0.0,0.0
2023-11-14 11:00:00,0.0,0.0,0.0,0.0
2023-11-14 12:00:00,0.0,0.0,0.0,0.0
2023-11-14 13:00:00,0.0,0.0,0.0,0.0
2023-11-14 14:00:00,0.0,0.0,0.0,0.0
2023-11-14 15:00:00,0.0,0.0,0.0,0.0
2023-11-14 16:00:00,0.0,0.0,0.0,0.0
2023-11-14 17:00:00,0.0,0.0,0.0,0.0
2023-11-14 18:00:00,0.24512820020721415,0.40939555893494545,0.2754602672101697,0.24316442172163197
2023-11-14 19:00:00,0.34033695543099013,0.48205432628564227,0.3713480506874196,0.37169176624497374
2023-11-14 20:00:00,0.6015930590161623,0.6512707036880255,0.6101668675119458,0.5704739870696661
2023-11-14 21:00:00,0.6728133343968333,0.7323243039092282,0.6908284803704008,0.6591379106099438
2023-11-14 22:00:00,0.7135395269356604,0.7286431037479462,0.7131902055080627,0.7094975078211624
2023-11-14 23:00:00,0.7598183809781033,0.7612050709507,0.7606838256967221,0.7561531475776054
2023-11-15 00:00:00,0.744336548392374,0.7490944154061591,0.7448672605561362,0.7426565687997813
2023-11-15 01:00:00,0.6942985736838286,0.7000663060575102,0.6949680372037781,0.6934531094760251
2023-11-15 02:00:00,0.5856430314925835,0.5956991322899613,0.587710582198517,0.5862015579248516
2023-11-15 03:00:00,0.38710408298038695,0.40233709630922654,0.3908927730120437,0.3893646990835622
2023-11-15 04:00:00,0.0,0.0,0.0,0.0
2023-11-15 05:00:00,0.0,0.0,0.0,0.0
2023-11-15 06:00:00,0.0,0.0,0.0,0.0
2023-11-15 07:00:00,0.0,0.0,0.0,0.0
2023-11-15 08:00:00,0.0,0.0,0.0,0.0
2023-11-15 09:00:00,0.0,0.0,0.0,0.0
2023-11-15 10:00:00,0.0,0.0,0.0,0.0
2023-11-15 11:00:00,0.0,0.0,0.0,0.0
2023-11-15 12:00:00,0.0,0.0,0.0,0.0
2023-11-15 13:00:00,0.0,0.0,0.0,0.0
2023-11-15 14:00:00,0.0,0.0,0.0,0.0
2023-11-15 15:00:00,0.0,0.0,0.0,0.0
2023-11-15 16:00:00,0.0,0.0,0.0,0.0
2023-11-15 17:00:00,0.0,0.0,0.0,0.0
2023-11-15 18:00:00,0.2165187723450056,0.19500407291081492,0.24076993665814278,0.18715346341886838
2023-11-15 19:00:00,0.3378980592514765,0.3625737886005774,0.3459595387154106,0.3159781353645567
2023-11-15 20:00:00,0.4767596977342557,0.5272033724394931,0.4908250819697918,0.4910045954730316
2023-11-15 21:00:00,0.6022191599030805,0.6001557525881914,0.5994357384349537,0.589744774808277
2023-11-15 22:00:00,0.6200173591174064,0.621375024438402,0.6241934510799921,0.6077586037175834
2023-11-15 23:00:00,0.6211152398468639,0.6618440350609315,0.6294665152490714,0.6025827031413064
2023-11-16 00:00:00,0.6604944251039241,0.6845251177031862,0.6651903501270005,0.6792104061349153
2023-11-16 01:00:00,0.6734895957686526,0.6937188399769231,0.6796515780275532,0.6827685166825543
2023-11-16 02:00:00,0.5852193560701477,0.5831490285620188,0.5850816923222403,0.577934970418862
2023-11-16 03:00:00,0.38110880582042445,0.3821051917509997,0.3809989790070137,0.37367920741890764
2023-11-16 04:00:00,0.0,0.0,0.0,0.0
2023-11-16 05:00:00,0.0,0.0,0.0,0.0
2023-11-16 06:00:00,0.0,0.0,0.0,0.0
2023-11-16 07:00:00,0.0,0.0,0.0,0.0
2023-11-16 08:00:00,0.0,0.0,0.0,0.0
2023-11-16 09:00:00,0.0,0.0,0.0,0.0
2023-11-16 10:00:00,0.0,0.0,0.0,0.0
2023-11-16 11:00:00,0.0,0.0,0.0,0.0
2023-11-16 12:00:00,0.0,0.0,0.0,0.0
2023-11-16 13:00:00,0.0,0.0,0.0,0.0
2023-11-16 14:00:00,0.0,0.0,0.0,0.0
2023-11-16 15:00:00,0.0,0.0,0.0,0.0
2023-11-16 16:00:00,0.0,0.0,0.0,0.0
2023-11-16 17:00:00,0.0,0.0,0.0,0.0
2023-11-16 18:00:00,0.2931736433831724,0.0,0.2263863754301673,0.32387748688881984
2023-11-16 19:00:00,0.5186590514398159,0.5036843929659934,0.5142499703084435,0.511585798318133
2023-11-16 20:00:00,0.5905695003034609,0.6092696143490405,0.5965792300520059,0.5508547165589978
2023-11-16 21:00:00,0.5735565112808696,0.5512443073574552,0.5753491038467089,0.5541644800786542
2023-11-16 22:00:00,0.5779115526333884,0.5573720985946409,0.5737221668139101,0.5489943652034437
2023-11-16 23:00:00,0.49900057346245336,0.4879254177842725,0.4927052280267651,0.4856258674868104
2023-11-17 00:00:00,0.4944596031562762,0.5583193868911204,0.5066777276656528,0.5225643465667542
2023-11-17 01:00:00,0.5332559275578513,0.5940287316025105,0.5514045257468768,0.5474866503192758
2023-11-17 02:00:00,0.3727880342916068,0.36535876870888306,0.3640837769217467,0.3457967539063885
2023-11-17 03:00:00,0.20947813649277522,0.2617356220404457,0.22007078417518727,0.19890768473952047
2023-11-17 04:00:00,0.0,0.0,0.0,0.0
2023-11-17 05:00:00,0.0,0.0,0.0,0.0
2023-11-17 06:00:00,0.0,0.0,0.0,0.0
2023-11-17 07:00:00,0.0,0.0,0.0,0.0
2023-11-17 08:00:00,0.0,0.0,0.0,0.0
2023-11-17 09:00:00,0.0,0.0,0.0,0.0
2023-11-17 10:00:00,0.0,0.0,0.0,0.0
2023-11-17 11:00:00,0.0,0.0,0.0,0.0
2023-11-17 12:00:00,0.0,0.0,0.0,0.0
2023-11-17 13:00:00,0.0,0.0,0.0,0.0
2023-11-17 14:00:00,0.0,0.0,0.0,0.0
2023-11-17 15:00:00,0.0,0.0,0.0,0.0
2023-11-17 16:00:00,0.0,0.0,0.0,0.0
2023-11-17 17:00:00,0.0,0.0,0.0,0.0
2023-11-17 18:00:00,0.006096803553752964,0.0,0.0,0.0
2023-11-17 19:00:00,0.009837478088610525,0.010375157574461316,0.010297918736567858,0.012971854657250655
2023-11-17 20:00:00,0.028177733148053417,0.021240762317080497,0.02397007177401511,0.028186360187899596
2023-11-17 21:00:00,0.035975704803710824,0.03924859127117002,0.03735378335455219,0.03303845973549945
2023-11-17 22:00:00,0.050536015615024917,0.03355695162454154,0.05127629506727044,0.06246784106874007
2023-11-17 23:00:00,0.03284791383059755,0.0195812889881628,0.029076852705215657,0.029043612399992928
2023-11-18 00:00:00,0.04663994927247452,0.030639748616012902,0.04296688024902319,0.039608665702633335
2023-11-18 01:00:00,0.03744309221554753,0.054808978967854055,0.03469935765224529,0.03609304780137638
2023-11-18 02:00:00,0.040661932030214724,0.10209342623790862,0.04737945220256891,0.08373325988727588
2023-11-18 03:00:00,0.1431188798017422,0.2021483913183566,0.15199550386480723,0.1761553667157836
2023-11-18 04:00:00,0.0,0.0,0.0,0.0
2023-11-18 05:00:00,0.0,0.0,0.0,0.0
2023-11-18 06:00:00,0.0,0.0,0.0,0.0
2023-11-18 07:00:00,0.0,0.0,0.0,0.0
2023-11-18 08:00:00,0.0,0.0,0.0,0.0
2023-11-18 09:00:00,0.0,0.0,0.0,0.0
2023-11-18 10:00:00,0.0,0.0,0.0,0.0
2023-11-18 11:00:00,0.0,0.0,0.0,0.0
2023-11-18 12:00:00,0.0,0.0,0.0,0.0
2023-11-18 13:00:00,0.0,0.0,0.0,0.0
2023-11-18 14:00:00,0.0,0.0,0.0,0.0
2023-11-18 15:00:00,0.0,0.0,0.0,0.0
2023-11-18 16:00:00,0.0,0.0,0.0,0.0
2023-11-18 17:00:00,0.0,0.0,0.0,0.0
2023-11-18 18:00:00,0.0,0.0,0.0,0.0
2023-11-18 19:00:00,0.531826507493011,0.522865254969171,0.5250199294619532,0.5181136526339626
2023-11-18 20:00:00,0.679933186977319,0.6793912288511322,0.6775172243407162,0.6763848004978352
2023-11-18 21:00:00,0.7509507194500546,0.7507629460965844,0.7490811458508956,0.7536631696467224
2023-11-18 22:00:00,0.7663582139230242,0.7808634524750744,0.771002484123746,0.766624365108529
2023-11-18 23:00:00,0.7609311637811293,0.7765244480536292,0.7664708319610499,0.7547182843451846
2023-11-19 00:00:00,0.7535891079476239,0.7553683430150526,0.7555740441062695,0.7533166869669804
2023-11-19 01:00:00,0.6984660292985465,0.7012002584973754,0.7011553728316777,0.6994464077986113
2023-11-19 02:00:00,0.5695636930260565,0.5739282180064406,0.5684475261325237,0.5620290404207998
2023-11-19 03:00:00,0.35861683454821036,0.3820732015040322,0.36517928151765555,0.3581024764167593
2023-11-19 04:00:00,0.0,0.0,0.0,0.0
2023-11-19 05:00:00,0.0,0.0,0.0,0.0
2023-11-19 06:00:00,0.0,0.0,0.0,0.0
2023-11-19 07:00:00,0.0,0.0,0.0,0.0
2023-11-19 08:00:00,0.0,0.0,0.0,0.0
2023-11-19 09:00:00,0.0,0.0,0.0,0.0
2023-11-19 10:00:00,0.0,0.0,0.0,0.0
2023-11-19 11:00:00,0.0,0.0,0.0,0.0
2023-11-19 12:00:00,0.0,0.0,0.0,0.0
2023-11-19 13:00:00,0.0,0.0,0.0,0.0
2023-11-19 14:00:00,0.0,0.0,0.0,0.0
2023-11-19 15:00:00,0.0,0.0,0.0,0.0
2023-11-19 16:00:00,0.0,0.0,0.0,0.0
2023-11-19 17:00:00,0.0,0.0,0.0,0.0
2023-11-19 18:00:00,0.0,0.0,0.0,0.0
2023-11-19 19:00:00,0.4732209448784162,0.5092898803683091,0.4866543571533557,0.45506504939436027
2023-11-19 20:00:00,0.5887529456573848,0.6512962782153814,0.6047473420846525,0.5388027931289868
2023-11-19 21:00:00,0.6116716235161495,0.7081095451790126,0.6330280081116,0.5175968932175
2023-11-19 22:00:00,0.60476055087952,0.7354180251645404,0.6409716155933709,0.5263031338435106
2023-11-19 23:00:00,0.5593175598865923,0.673837494574656,0.5782301398443064,0.49621139660810726
2023-11-20 00:00:00,0.620850780983085,0.6537116397153493,0.6242080526770755,0.584810247206122
2023-11-20 01:00:00,0.6634000171718683,0.6896157264866248,0.6694110542201153,0.6364890185409187
2023-11-20 02:00:00,0.5498783236163413,0.56915112125459,0.5471295335483161,0.4995153129607859
2023-11-20 03:00:00,0.37470453141713844,0.3754018384389884,0.36659937566359835,0.3427812950892845
2023-11-20 04:00:00,0.0,0.0,0.0,0.0
2023-11-20 05:00:00,0.0,0.0,0.0,0.0
2023-11-20 06:00:00,0.0,0.0,0.0,0.0
2023-11-20 07:00:00,0.0,0.0,0.0,0.0
2023-11-20 08:00:00,0.0,0.0,0.0,0.0
2023-11-20 09:00:00,0.0,0.0,0.0,0.0
2023-11-20 10:00:00,0.0,0.0,0.0,0.0
2023-11-20 11:00:00,0.0,0.0,0.0,0.0
2023-11-20 12:00:00,0.0,0.0,0.0,0.0
2023-11-20 13:00:00,0.0,0.0,0.0,0.0
2023-11-20 14:00:00,0.0,0.0,0.0,0.0
2023-11-20 15:00:00,0.0,0.0,0.0,0.0
2023-11-20 16:00:00,0.0,0.0,0.0,0.0
2023-11-20 17:00:00,0.0,0.0,0.0,0.0
2023-11-20 18:00:00,0.0,0.0,0.0,0.0
2023-11-20 19:00:00,0.29884908529644943,0.2753218923723708,0.2929868654751149,0.30037843343036336
2023-11-20 20:00:00,0.4854581830633185,0.3854127611954823,0.4704353278045944,0.48063313211959463
2023-11-20 21:00:00,0.48681905911818246,0.3587087630193693,0.45748647291822553,0.504776772492468
2023-11-20 22:00:00,0.40698157523409034,0.31249953496241917,0.3688540999472081,0.4202927800453335
2023-11-20 23:00:00,0.428256379674029,0.3957200214187117,0.40735269325064527,0.4466292849849947
2023-11-21 00:00:00,0.32860250210333525,0.29080459188702384,0.31168732125531795,0.3300584590924647
2023-11-21 01:00:00,0.179644869200312,0.20778699942167675,0.17328677876820084,0.189930586497384
2023-11-21 02:00:00,0.10733691208439167,0.11233266134048281,0.10810413798674712,0.11294771670478687
2023-11-21 03:00:00,0.026253952434956693,0.005788810430570991,0.017924017597211243,0.02705165781550527
2023-11-21 04:00:00,0.0,0.0,0.0,0.0
2023-11-21 05:00:00,0.0,0.0,0.0,0.0
2023-11-21 06:00:00,0.0,0.0,0.0,0.0
2023-11-21 07:00:00,0.0,0.0,0.0,0.0
2023-11-21 08:00:00,0.0,0.0,0.0,0.0
2023-11-21 09:00:00,0.0,0.0,0.0,0.0
2023-11-21 10:00:00,0.0,0.0,0.0,0.0
2023-11-21 11:00:00,0.0,0.0,0.0,0.0
2023-11-21 12:00:00,0.0,0.0,0.0,0.0
2023-11-21 13:00:00,0.0,0.0,0.0,0.0
2023-11-21 14:00:00,0.0,0.0,0.0,0.0
2023-11-21 15:00:00,0.0,0.0,0.0,0.0
2023-11-21 16:00:00,0.0,0.0,0.0,0.0
2023-11-21 17:00:00,0.0,0.0,0.0,0.0
2023-11-21 18:00:00,0.0,0.0,0.0,0.0
2023-11-21 19:00:00,0.0029495427860288786,0.0009372634569650389,0.002273059804084272,0.0032200814574254674
2023-11-21 20:00:00,0.01120081372853174,0.009057991162092422,0.010814089218420586,0.011470622444318276
2023-11-21 21:00:00,0.007538636352621334,0.0050981854553624195,0.006312200140457959,0.0073040560373884055
2023-11-21 22:00:00,0.008173455629563954,0.007689053465201244,0.007522242104256841,0.007773674174556262
2023-11-21 23:00:00,0.005286206249907982,0.008857503211383363,0.0055735639850379,0.005488562105888563
2023-11-22 00:00:00,0.020696665173317825,0.015352366751677506,0.019205759795928173,0.017581100601162466
2023-11-22 01:00:00,0.012250157253619123,0.010251260414846516,0.011464544158267274,0.011756365161644793
2023-11-22 02:00:00,0.0022687950911232913,0.0039035515401649027,0.0022171780227591142,0.0015810442590313903
2023-11-22 03:00:00,0.00015724565722171133,4.932647367407873e-05,5.81444053273359e-05,0.0
2023-11-22 04:00:00,0.0,0.0,0.0,0.0
2023-11-22 05:00:00,0.0,0.0,0.0,0.0
2023-11-22 06:00:00,0.0,0.0,0.0,0.0
2023-11-22 07:00:00,0.0,0.0,0.0,0.0
2023-11-22 08:00:00,0.0,0.0,0.0,0.0
2023-11-22 09:00:00,0.0,0.0,0.0,0.0
2023-11-22 10:00:00,0.0,0.0,0.0,0.0
2023-11-22 11:00:00,0.0,0.0,0.0,0.0
2023-11-22 12:00:00,0.0,0.0,0.0,0.0
2023-11-22 13:00:00,0.0,0.0,0.0,0.0
2023-11-22 14:00:00,0.0,0.0,0.0,0.0
2023-11-22 15:00:00,0.0,0.0,0.0,0.0
2023-11-22 16:00:00,0.0,0.0,0.0,0.0
2023-11-22 17:00:00,0.0,0.0,0.0,0.0
2023-11-22 18:00:00,0.0,0.0,0.0,0.0
2023-11-22 19:00:00,0.017846559543193433,0.004332587047545323,0.01270582755466114,0.011059726014825194
2023-11-22 20:00:00,0.03652448953632484,0.03259870643808359,0.03468241282940388,0.03347639490262108
2023-11-22 21:00:00,0.10088211953222025,0.06828364556170888,0.09301545362814455,0.0925157674761334
2023-11-22 22:00:00,0.17257022357212368,0.10954522695227757,0.1495372301611575,0.14284673870211864
2023-11-22 23:00:00,0.1703362168006349,0.18046630354820925,0.1712605116168187,0.15449623052603778
2023-11-23 00:00:00,0.11229136343299999,0.18625468848338259,0.12379650346354475,0.1277906940140002
2023-11-23 01:00:00,0.07757565184933148,0.1640786877668509,0.08203755077356036,0.07566595470014731
2023-11-23 02:00:00,0.05619119482171533,0.08924370684122186,0.0644764151388019,0.05608973930370206
2023-11-23 03:00:00,0.02093435664909421,0.05074874409665773,0.028448679344954104,0.019345077933948657
2023-11-23 04:00:00,0.0,0.0,0.0,0.0
2023-11-23 05:00:00,0.0,0.0,0.0,0.0
2023-11-23 06:00:00,0.0,0.0,0.0,0.0
2023-11-23 07:00:00,0.0,0.0,0.0,0.0
2023-11-23 08:00:00,0.0,0.0,0.0,0.0
2023-11-23 09:00:00,0.0,0.0,0.0,0.0
2023-11-23 10:00:00,0.0,0.0,0.0,0.0
2023-11-23 11:00:00,0.0,0.0,0.0,0.0
2023-11-23 12:00:00,0.0,0.0,0.0,0.0
2023-11-23 13:00:00,0.0,0.0,0.0,0.0
2023-11-23 14:00:00,0.0,0.0,0.0,0.0
2023-11-23 15:00:00,0.0,0.0,0.0,0.0
2023-11-23 16:00:00,0.0,0.0,0.0,0.0
2023-11-23 17:00:00,0.0,0.0,0.0,0.0
2023-11-23 18:00:00,0.0,0.0,0.0,0.0
2023-11-23 19:00:00,0.2542257281418671,0.4032954023499172,0.29374548868770606,0.32635944746174256
2023-11-23 20:00:00,0.36014077655542454,0.5558542900530691,0.40923467307913686,0.42681863644070056
2023-11-23 21:00:00,0.5240364302915439,0.6283320182170719,0.5613341026677793,0.5583454759369711
2023-11-23 22:00:00,0.5467195764480652,0.7173291392847402,0.6026671193712805,0.5593712656047284
2023-11-23 23:00:00,0.4329978630342264,0.6476579401729832,0.48988673823983203,0.39854792136999073
2023-11-24 00:00:00,0.17572975596149013,0.3052864651464499,0.199245400801761,0.15584815772294172
2023-11-24 01:00:00,0.112402526394887,0.22065947006033448,0.13476732755400478,0.12670253200103762
2023-11-24 02:00:00,0.05775518585434156,0.09123265680011082,0.06399029480175605,0.09199182517628085
2023-11-24 03:00:00,0.01750379720129219,0.03104517000317944,0.015825233227543464,0.013938502097224184
2023-11-24 04:00:00,0.0,0.0,0.0,0.0
2023-11-24 05:00:00,0.0,0.0,0.0,0.0
2023-11-24 06:00:00,0.0,0.0,0.0,0.0
2023-11-24 07:00:00,0.0,0.0,0.0,0.0
2023-11-24 08:00:00,0.0,0.0,0.0,0.0
2023-11-24 09:00:00,0.0,0.0,0.0,0.0
2023-11-24 10:00:00,0.0,0.0,0.0,0.0
2023-11-24 11:00:00,0.0,0.0,0.0,0.0
2023-11-24 12:00:00,0.0,0.0,0.0,0.0
2023-11-24 13:00:00,0.0,0.0,0.0,0.0
2023-11-24 14:00:00,0.0,0.0,0.0,0.0
2023-11-24 15:00:00,0.0,0.0,0.0,0.0
2023-11-24 16:00:00,0.0,0.0,0.0,0.0
2023-11-24 17:00:00,0.0,0.0,0.0,0.0
2023-11-24 18:00:00,0.0,0.0,0.0,0.0
2023-11-24 19:00:00,0.22545363495219772,0.39929403058828905,0.2582819092037381,0.2186022721733755
2023-11-24 20:00:00,0.23581879136260211,0.5208211936099139,0.2932149097369818,0.2267478616397334
2023-11-24 21:00:00,0.311061791802375,0.6477839587343139,0.39459668333713477,0.31851308247760135
2023-11-24 22:00:00,0.2819967283580514,0.5562928902749102,0.33838053468974105,0.2790271804087516
2023-11-24 23:00:00,0.21971104206721215,0.4354693228528041,0.2509801824463492,0.20895740635277948
2023-11-25 00:00:00,0.29249126002879905,0.5064947329344851,0.34079432148308364,0.2743871666745477
2023-11-25 01:00:00,0.1799549209722795,0.2992468650125922,0.2075533199135064,0.1768521042140623
2023-11-25 02:00:00,0.0804483217513061,0.1303905051496538,0.0907407193628305,0.07607482688611565
2023-11-25 03:00:00,0.03978894784558162,0.07814749183525242,0.04894230293161811,0.03444920713455063
2023-11-25 04:00:00,0.0,0.0,0.0,0.0
2023-11-25 05:00:00,0.0,0.0,0.0,0.0
2023-11-25 06:00:00,0.0,0.0,0.0,0.0
2023-11-25 07:00:00,0.0,0.0,0.0,0.0
2023-11-25 08:00:00,0.0,0.0,0.0,0.0
2023-11-25 09:00:00,0.0,0.0,0.0,0.0
2023-11-25 10:00:00,0.0,0.0,0.0,0.0
2023-11-25 11:00:00,0.0,0.0,0.0,0.0
2023-11-25 12:00:00,0.0,0.0,0.0,0.0
2023-11-25 13:00:00,0.0,0.0,0.0,0.0
2023-11-25 14:00:00,0.0,0.0,0.0,0.0
2023-11-25 15:00:00,0.0,0.0,0.0,0.0
2023-11-25 16:00:00,0.0,0.0,0.0,0.0
2023-11-25 17:00:00,0.0,0.0,0.0,0.0
2023-11-25 18:00:00,0.0,0.0,0.0,0.0
2023-11-25 19:00:00,0.27401083208445326,0.316628488746552,0.272920782745595,0.24814697656382112
2023-11-25 20:00:00,0.5962751587444469,0.6581467123769112,0.6150540273952092,0.5831404311036442
2023-11-25 21:00:00,0.6176270897226376,0.6984168159846109,0.640748776789255,0.6427441575279874
2023-11-25 22:00:00,0.5217561604956652,0.5786517680154059,0.5260990058725963,0.5564369689938734
2023-11-25 23:00:00,0.46230153323602163,0.5092952519737239,0.4626994799986454,0.5582914790859862
2023-11-26 00:00:00,0.356521335006695,0.49303241231170186,0.37704246090206245,0.4073928020709871
2023-11-26 01:00:00,0.35113376358444987,0.506365301339703,0.3999435870744419,0.3880717596202796
2023-11-26 02:00:00,0.17334759862204063,0.1643603400278101,0.16892556882046317,0.1974214074220241
2023-11-26 03:00:00,0.03318778626263236,0.0654972621579314,0.03949420203945038,0.03853003382438379
2023-11-26 04:00:00,0.0,0.0,0.0,0.0
2023-11-26 05:00:00,0.0,0.0,0.0,0.0
2023-11-26 06:00:00,0.0,0.0,0.0,0.0
2023-11-26 07:00:00,0.0,0.0,0.0,0.0
2023-11-26 08:00:00,0.0,0.0,0.0,0.0
2023-11-26 09:00:00,0.0,0.0,0.0,0.0
2023-11-26 10:00:00,0.0,0.0,0.0,0.0
2023-11-26 11:00:00,0.0,0.0,0.0,0.0
2023-11-26 12:00:00,0.0,0.0,0.0,0.0
2023-11-26 13:00:00,0.0,0.0,0.0,0.0
2023-11-26 14:00:00,0.0,0.0,0.0,0.0
2023-11-26 15:00:00,0.0,0.0,0.0,0.0
2023-11-26 16:00:00,0.0,0.0,0.0,0.0
2023-11-26 17:00:00,0.0,0.0,0.0,0.0
2023-11-26 18:00:00,0.0,0.0,0.0,0.0
2023-11-26 19:00:00,0.28048777208875225,0.17188281140783265,0.2554499164584602,0.31909692730016664
2023-11-26 20:00:00,0.34511568843843965,0.23470679168704237,0.31570369498130774,0.3252778103009506
2023-11-26 21:00:00,0.29222393126258356,0.15657962750223028,0.24485619399687383,0.24783691649543357
2023-11-26 22:00:00,0.16675580841161172,0.08562747857840634,0.13209228775846993,0.10974611997764223
2023-11-26 23:00:00,0.15409402357499988,0.16780591812829326,0.1549704847385616,0.15415520565437343
2023-11-27 00:00:00,0.06936088882472961,0.04463771166292461,0.05530415099405287,0.06746897417767872
2023-11-27 01:00:00,0.03144812881404568,0.01753135620521284,0.027605282191196803,0.027827451833122924
2023-11-27 02:00:00,0.004090375975561969,0.004881323126798309,0.004151654351605783,0.003905308111161882
2023-11-27 03:00:00,0.0,0.0,0.0,0.0
2023-11-27 04:00:00,0.0,0.0,0.0,0.0
2023-11-27 05:00:00,0.0,0.0,0.0,0.0
2023-11-27 06:00:00,0.0,0.0,0.0,0.0
2023-11-27 07:00:00,0.0,0.0,0.0,0.0
2023-11-27 08:00:00,0.0,0.0,0.0,0.0
2023-11-27 09:00:00,0.0,0.0,0.0,0.0
2023-11-27 10:00:00,0.0,0.0,0.0,0.0
2023-11-27 11:00:00,0.0,0.0,0.0,0.0
2023-11-27 12:00:00,0.0,0.0,0.0,0.0
2023-11-27 13:00:00,0.0,0.0,0.0,0.0
2023-11-27 14:00:00,0.0,0.0,0.0,0.0
2023-11-27 15:00:00,0.0,0.0,0.0,0.0
2023-11-27 16:00:00,0.0,0.0,0.0,0.0
2023-11-27 17:00:00,0.0,0.0,0.0,0.0
2023-11-27 18:00:00,0.0,0.0,0.0,0.0
2023-11-27 19:00:00,0.26492855357899675,0.3021209529317119,0.28151869215494646,0.2323038572884314
2023-11-27 20:00:00,0.3441690605263387,0.4321410506935832,0.37483384441494527,0.28332270542844357
2023-11-27 21:00:00,0.2910268245843704,0.3363117179401273,0.3093865501994807,0.26102522979864307
2023-11-27 22:00:00,0.2308497932095778,0.3410425509411609,0.25320081770340874,0.22067945404908526
2023-11-27 23:00:00,0.19271764531458482,0.1856232446043661,0.19360784950099763,0.17143122395300217
2023-11-28 00:00:00,0.1716010384429452,0.14205120575000849,0.1591405807947301,0.1840936724263634
2023-11-28 01:00:00,0.06013307250021016,0.05970839398211727,0.05998668752159488,0.05897464461114702
2023-11-28 02:00:00,0.055156991678822896,0.029988999696962688,0.04749144581868671,0.0588539605537113
2023-11-28 03:00:00,0.018728525001218545,0.03578342492370802,0.006670212099824203,0.02057185438218574
2023-11-28 04:00:00,0.0,0.0,0.0,0.0
2023-11-28 05:00:00,0.0,0.0,0.0,0.0
2023-11-28 06:00:00,0.0,0.0,0.0,0.0
2023-11-28 07:00:00,0.0,0.0,0.0,0.0
2023-11-28 08:00:00,0.0,0.0,0.0,0.0
2023-11-28 09:00:00,0.0,0.0,0.0,0.0
2023-11-28 10:00:00,0.0,0.0,0.0,0.0
2023-11-28 11:00:00,0.0,0.0,0.0,0.0
2023-11-28 12:00:00,0.0,0.0,0.0,0.0
2023-11-28 13:00:00,0.0,0.0,0.0,0.0
2023-11-28 14:00:00,0.0,0.0,0.0,0.0
2023-11-28 15:00:00,0.0,0.0,0.0,0.0
2023-11-28 16:00:00,0.0,0.0,0.0,0.0
2023-11-28 17:00:00,0.0,0.0,0.0,0.0
2023-11-28 18:00:00,0.0,0.0,0.0,0.0
2023-11-28 19:00:00,0.38578064124110595,0.46859946066598135,0.406232124696956,0.34431401824312347
2023-11-28 20:00:00,0.4719520058141458,0.6087022548484873,0.512053696504378,0.4408160170493079
2023-11-28 21:00:00,0.562673670494385,0.6970320520559303,0.5978901499980002,0.5269519356319511
2023-11-28 22:00:00,0.6817324102822621,0.754911723152849,0.6966128730867743,0.642717131666826
2023-11-28 23:00:00,0.6624258745538741,0.7903865754437532,0.6923951031673125,0.6443543031573178
2023-11-29 00:00:00,0.464049793801627,0.41165840408973237,0.45087470391790335,0.473759072385511
2023-11-29 01:00:00,0.4589176191664776,0.2925627810291418,0.42439180680533084,0.47625080573182715
2023-11-29 02:00:00,0.2648054122408276,0.1433965895495383,0.23761891009431452,0.2628395309320731
2023-11-29 03:00:00,0.16781463045575554,0.1751229167038545,0.17267758890327406,0.18401550398015445
2023-11-29 04:00:00,0.0,0.0,0.0,0.0
2023-11-29 05:00:00,0.0,0.0,0.0,0.0
2023-11-29 06:00:00,0.0,0.0,0.0,0.0
2023-11-29 07:00:00,0.0,0.0,0.0,0.0
2023-11-29 08:00:00,0.0,0.0,0.0,0.0
2023-11-29 09:00:00,0.0,0.0,0.0,0.0
2023-11-29 10:00:00,0.0,0.0,0.0,0.0
2023-11-29 11:00:00,0.0,0.0,0.0,0.0
2023-11-29 12:00:00,0.0,0.0,0.0,0.0
2023-11-29 13:00:00,0.0,0.0,0.0,0.0
2023-11-29 14:00:00,0.0,0.0,0.0,0.0
2023-11-29 15:00:00,0.0,0.0,0.0,0.0
2023-11-29 16:00:00,0.0,0.0,0.0,0.0
2023-11-29 17:00:00,0.0,0.0,0.0,0.0
2023-11-29 18:00:00,0.0,0.0,0.0,0.0
2023-11-29 19:00:00,0.20075417941912585,0.22574658053108584,0.21052849708011967,0.183988924663491
2023-11-29 20:00:00,0.09361994488967011,0.0639060666190586,0.08570955163432478,0.0637751501713299
2023-11-29 21:00:00,0.16468263722364423,0.13806400869547888,0.1585739840863469,0.1623523659930982
2023-11-29 22:00:00,0.14954767736764335,0.1005379705001843,0.12351086268187032,0.1245459673462731
2023-11-29 23:00:00,0.11797421997128049,0.24499091093945302,0.11572072294308411,0.10587560891133256
2023-11-30 00:00:00,0.19568466025153894,0.5056186006266614,0.2654700020661503,0.24739584139258688
2023-11-30 01:00:00,0.24750105341799544,0.5712234780375463,0.3361616326082707,0.3279801785049518
2023-11-30 02:00:00,0.2706435265474177,0.528044850382193,0.3429610421922106,0.3616112310693171
2023-11-30 03:00:00,0.2069322691553955,0.35185528070733224,0.25009312106500736,0.26990216810482726
2023-11-30 04:00:00,0.0,0.0,0.0,0.0
2023-11-30 05:00:00,0.0,0.0,0.0,0.0
2023-11-30 06:00:00,0.0,0.0,0.0,0.0
2023-11-30 07:00:00,0.0,0.0,0.0,0.0
2023-11-30 08:00:00,0.0,0.0,0.0,0.0
2023-11-30 09:00:00,0.0,0.0,0.0,0.0
2023-11-30 10:00:00,0.0,0.0,0.0,0.0
2023-11-30 11:00:00,0.0,0.0,0.0,0.0
2023-11-30 12:00:00,0.0,0.0,0.0,0.0
2023-11-30 13:00:00,0.0,0.0,0.0,0.0
2023-11-30 14:00:00,0.0,0.0,0.0,0.0
2023-11-30 15:00:00,0.0,0.0,0.0,0.0
2023-11-30 16:00:00,0.0,0.0,0.0,0.0
2023-11-30 17:00:00,0.0,0.0,0.0,0.0
2023-11-30 18:00:00,0.0,0.0,0.0,0.0
2023-11-30 19:00:00,0.4513578431327252,0.4053036317196576,0.4430651439897959,0.4609588831356161
2023-11-30 20:00:00,0.623276509828009,0.5893607737180543,0.6174011838899922,0.6370239622449755
2023-11-30 21:00:00,0.6837859423556508,0.612163700357998,0.6732446847624977,0.6995922702386673
2023-11-30 22:00:00,0.6813024887471258,0.6054770265698682,0.6650303923275127,0.6968469889430207
2023-11-30 23:00:00,0.6626444912872965,0.6117672223623422,0.6446498124091422,0.6653015841424404
2023-12-01 00:00:00,0.6203504260671728,0.5854943194765508,0.6068505873909774,0.6455576296666221
2023-12-01 01:00:00,0.5923171787614491,0.5660359908425435,0.584641758669963,0.5907953018001781
2023-12-01 02:00:00,0.36995880391111663,0.33493588574804756,0.354456990850713,0.3442105681645367
2023-12-01 03:00:00,0.09317667558130416,0.07421461235614975,0.08293281110628045,0.07942721737888425
2023-12-01 04:00:00,0.0,0.0,0.0,0.0
2023-12-01 05:00:00,0.0,0.0,0.0,0.0
2023-12-01 06:00:00,0.0,0.0,0.0,0.0
2023-12-01 07:00:00,0.0,0.0,0.0,0.0
2023-12-01 08:00:00,0.0,0.0,0.0,0.0
2023-12-01 09:00:00,0.0,0.0,0.0,0.0
2023-12-01 10:00:00,0.0,0.0,0.0,0.0
2023-12-01 11:00:00,0.0,0.0,0.0,0.0
2023-12-01 12:00:00,0.0,0.0,0.0,0.0
2023-12-01 13:00:00,0.0,0.0,0.0,0.0
2023-12-01 14:00:00,0.0,0.0,0.0,0.0
2023-12-01 15:00:00,0.0,0.0,0.0,0.0
2023-12-01 16:00:00,0.0,0.0,0.0,0.0
2023-12-01 17:00:00,0.0,0.0,0.0,0.0
2023-12-01 18:00:00,0.0,0.0,0.0,0.0
2023-12-01 19:00:00,0.0,0.0,0.0,0.0
2023-12-01 20:00:00,0.007620826204954217,0.007522782605318737,0.007628510092325425,0.005046291905544759
2023-12-01 21:00:00,0.009500997046763375,0.008300371463787568,0.008933714821288456,0.007550283042378574
2023-12-01 22:00:00,0.012431658690801132,0.017077739409341593,0.012683242809401755,0.007735381751833341
2023-12-01 23:00:00,0.04151174584947168,0.04214340669174684,0.04330518290658798,0.026128807410037657
2023-12-02 00:00:00,0.020607263765424492,0.020910997378954025,0.023281374826637856,0.016919189054497134
2023-12-02 01:00:00,0.011604303630107088,0.013933681864166802,0.012929231553818869,0.009382414672221848
2023-12-02 02:00:00,0.009539571852293168,0.010307078240057025,0.010404651050424136,0.009660082283185238
2023-12-02 03:00:00,0.002855953431966834,0.0030609119087791296,0.004283930147950251,0.009545905064691293
2023-12-02 04:00:00,0.0,0.0,0.0,0.0
2023-12-02 05:00:00,0.0,0.0,0.0,0.0
2023-12-02 06:00:00,0.0,0.0,0.0,0.0
2023-12-02 07:00:00,0.0,0.0,0.0,0.0
2023-12-02 08:00:00,0.0,0.0,0.0,0.0
2023-12-02 09:00:00,0.0,0.0,0.0,0.0
2023-12-02 10:00:00,0.0,0.0,0.0,0.0
2023-12-02 11:00:00,0.0,0.0,0.0,0.0
2023-12-02 12:00:00,0.0,0.0,0.0,0.0
2023-12-02 13:00:00,0.0,0.0,0.0,0.0
2023-12-02 14:00:00,0.0,0.0,0.0,0.0
2023-12-02 15:00:00,0.0,0.0,0.0,0.0
2023-12-02 16:00:00,0.0,0.0,0.0,0.0
2023-12-02 17:00:00,0.0,0.0,0.0,0.0
2023-12-02 18:00:00,0.0,0.0,0.0,0.0
2023-12-02 19:00:00,0.014414914405742543,0.006210579031027012,0.013288553697109119,0.01470440778989771
2023-12-02 20:00:00,0.01779857923124531,0.036322130110528796,0.021625324482240478,0.021912047552224992
2023-12-02 21:00:00,0.07644135179225818,0.1474686888852148,0.09774221057092253,0.08540376393237914
2023-12-02 22:00:00,0.07164843639242546,0.1223490901667012,0.08593907208462562,0.0761885663412164
2023-12-02 23:00:00,0.07596949863999218,0.09122270076239218,0.08254920733194211,0.07779658769686494
2023-12-03 00:00:00,0.03404898472636112,0.038170324811441864,0.03617590839998039,0.04075681041013684
2023-12-03 01:00:00,0.029606976415374655,0.03929291740711566,0.03413033821221367,0.03862082588944888
2023-12-03 02:00:00,0.007844917874410478,0.00977823315020263,0.008678487701007558,0.008867609398555631
2023-12-03 03:00:00,0.0,0.003184057856913683,0.0,0.0
2023-12-03 04:00:00,0.0,0.0,0.0,0.0
2023-12-03 05:00:00,0.0,0.0,0.0,0.0
2023-12-03 06:00:00,0.0,0.0,0.0,0.0
2023-12-03 07:00:00,0.0,0.0,0.0,0.0
2023-12-03 08:00:00,0.0,0.0,0.0,0.0
2023-12-03 09:00:00,0.0,0.0,0.0,0.0
2023-12-03 10:00:00,0.0,0.0,0.0,0.0
2023-12-03 11:00:00,0.0,0.0,0.0,0.0
2023-12-03 12:00:00,0.0,0.0,0.0,0.0
2023-12-03 13:00:00,0.0,0.0,0.0,0.0
2023-12-03 14:00:00,0.0,0.0,0.0,0.0
2023-12-03 15:00:00,0.0,0.0,0.0,0.0
2023-12-03 16:00:00,0.0,0.0,0.0,0.0
2023-12-03 17:00:00,0.0,0.0,0.0,0.0
2023-12-03 18:00:00,0.0,0.0,0.0,0.0
2023-12-03 19:00:00,0.021232545264838004,0.017807789880767293,0.02249695816800589,0.022511112244012105
2023-12-03 20:00:00,0.0922086129745825,0.07200700888567758,0.09107385640921359,0.08317125158664421
2023-12-03 21:00:00,0.07151898073150605,0.07030018648934473,0.0718204384693365,0.06893641542880727
2023-12-03 22:00:00,0.07039624719525563,0.05613652094308887,0.06888524553709499,0.06980071652715543
2023-12-03 23:00:00,0.07053455333908391,0.07872402808103138,0.07467756116299559,0.06641492151372809
2023-12-04 00:00:00,0.1002779616166382,0.06352584195455462,0.08583835438553547,0.08097018218683609
2023-12-04 01:00:00,0.03976962304607327,0.03874031034514342,0.03744479928349356,0.027588674020757067
2023-12-04 02:00:00,0.010784666003268441,0.011051534065847789,0.010472911696514882,0.008115930458934622
2023-12-04 03:00:00,0.0,0.0,0.0,0.0
2023-12-04 04:00:00,0.0,0.0,0.0,0.0
2023-12-04 05:00:00,0.0,0.0,0.0,0.0
2023-12-04 06:00:00,0.0,0.0,0.0,0.0
2023-12-04 07:00:00,0.0,0.0,0.0,0.0
2023-12-04 08:00:00,0.0,0.0,0.0,0.0
2023-12-04 09:00:00,0.0,0.0,0.0,0.0
2023-12-04 10:00:00,0.0,0.0,0.0,0.0
2023-12-04 11:00:00,0.0,0.0,0.0,0.0
2023-12-04 12:00:00,0.0,0.0,0.0,0.0
2023-12-04 13:00:00,0.0,0.0,0.0,0.0
2023-12-04 14:00:00,0.0,0.0,0.0,0.0
2023-12-04 15:00:00,0.0,0.0,0.0,0.0
2023-12-04 16:00:00,0.0,0.0,0.0,0.0
2023-12-04 17:00:00,0.0,0.0,0.0,0.0
2023-12-04 18:00:00,0.0,0.0,0.0,0.0
2023-12-04 19:00:00,0.013356843073759499,0.014413572004081117,0.009144381237953799,0.006684496042099202
2023-12-04 20:00:00,0.03517892410531425,0.026861322523321362,0.029250548630682577,0.022902558459243962
2023-12-04 21:00:00,0.22146377561472397,0.15853514351526737,0.2122918840687275,0.17076314108019675
2023-12-04 22:00:00,0.3004792851966049,0.2040048460820059,0.28089815736220647,0.26748051904873077
2023-12-04 23:00:00,0.32710304016942743,0.15578153182759172,0.27874414905222933,0.26230928153539096
2023-12-05 00:00:00,0.4216593442863581,0.2700339993434677,0.3650252958838788,0.3365329279610328
2023-12-05 01:00:00,0.37391595400550653,0.30026927173953283,0.35437070236139767,0.3606357438932489
2023-12-05 02:00:00,0.2227934031413775,0.14285065958552257,0.18526087582415726,0.18389221389182228
2023-12-05 03:00:00,0.12858600013542634,0.10127370615049804,0.12217026203526281,0.11972514030653138
2023-12-05 04:00:00,0.0,0.0,0.0,0.0
2023-12-05 05:00:00,0.0,0.0,0.0,0.0
2023-12-05 06:00:00,0.0,0.0,0.0,0.0
2023-12-05 07:00:00,0.0,0.0,0.0,0.0
2023-12-05 08:00:00,0.0,0.0,0.0,0.0
2023-12-05 09:00:00,0.0,0.0,0.0,0.0
2023-12-05 10:00:00,0.0,0.0,0.0,0.0
2023-12-05 11:00:00,0.0,0.0,0.0,0.0
2023-12-05 12:00:00,0.0,0.0,0.0,0.0
2023-12-05 13:00:00,0.0,0.0,0.0,0.0
2023-12-05 14:00:00,0.0,0.0,0.0,0.0
2023-12-05 15:00:00,0.0,0.0,0.0,0.0
2023-12-05 16:00:00,0.0,0.0,0.0,0.0
2023-12-05 17:00:00,0.0,0.0,0.0,0.0
2023-12-05 18:00:00,0.0,0.0,0.0,0.0
2023-12-05 19:00:00,0.007301656154449475,0.012002421338371509,0.007579014627665949,0.007095849354912542
2023-12-05 20:00:00,0.05085672725535572,0.09157029055652215,0.056989447634610294,0.04826059770133312
2023-12-05 21:00:00,0.1220077207985741,0.22542050081516132,0.14648111807303055,0.11610374734318836
2023-12-05 22:00:00,0.183582544921119,0.28691571688470324,0.2061611677959552,0.18482446470286176
2023-12-05 23:00:00,0.1874009960303178,0.24944357325334135,0.20192313662334171,0.16972158716663255
2023-12-06 00:00:00,0.1355919036743013,0.15237203349659018,0.14539588164396308,0.12891807895428936
2023-12-06 01:00:00,0.10368952113386391,0.09406630433419542,0.1054259109709304,0.09508134292443193
2023-12-06 02:00:00,0.03699408419752473,0.04906941031384962,0.04108217631207086,0.03936545462981927
2023-12-06 03:00:00,0.010378505682170516,0.02081239343747526,0.011130926653912916,0.007256036304968197
2023-12-06 04:00:00,0.0,0.0,0.0,0.0
2023-12-06 05:00:00,0.0,0.0,0.0,0.0
2023-12-06 06:00:00,0.0,0.0,0.0,0.0
2023-12-06 07:00:00,0.0,0.0,0.0,0.0
2023-12-06 08:00:00,0.0,0.0,0.0,0.0
2023-12-06 09:00:00,0.0,0.0,0.0,0.0
2023-12-06 10:00:00,0.0,0.0,0.0,0.0
2023-12-06 11:00:00,0.0,0.0,0.0,0.0
2023-12-06 12:00:00,0.0,0.0,0.0,0.0
2023-12-06 13:00:00,0.0,0.0,0.0,0.0
2023-12-06 14:00:00,0.0,0.0,0.0,0.0
2023-12-06 15:00:00,0.0,0.0,0.0,0.0
2023-12-06 16:00:00,0.0,0.0,0.0,0.0
2023-12-06 17:00:00,0.0,0.0,0.0,0.0
2023-12-06 18:00:00,0.0,0.0,0.0,0.0
2023-12-06 19:00:00,0.28456932325887146,0.2775767518900219,0.26525066261269986,0.2803931179187343
2023-12-06 20:00:00,0.5088927411433753,0.5593395142489879,0.5109695104842726,0.5090799837937033
2023-12-06 21:00:00,0.620180379353384,0.6737742543428622,0.6243224821539333,0.5461366200396505
2023-12-06 22:00:00,0.5937573029495452,0.7149827540102054,0.6263706461661842,0.5596430613317532
2023-12-06 23:00:00,0.36763154847036167,0.5120927154661165,0.3789474994171088,0.33395933713743503
2023-12-07 00:00:00,0.23769752110295594,0.2863739707097925,0.2219480297342506,0.20578416637260286
2023-12-07 01:00:00,0.1454506028576017,0.14187306999352553,0.1312682529807782,0.12588035301828812
2023-12-07 02:00:00,0.07347574541524952,0.16711110139637464,0.09621634640247217,0.08626788774880113
2023-12-07 03:00:00,0.04222276530178418,0.06066091126029959,0.04433682276297518,0.023732761202673456
2023-12-07 04:00:00,0.0,0.0,0.0,0.0
2023-12-07 05:00:00,0.0,0.0,0.0,0.0
2023-12-07 06:00:00,0.0,0.0,0.0,0.0
2023-12-07 07:00:00,0.0,0.0,0.0,0.0
2023-12-07 08:00:00,0.0,0.0,0.0,0.0
2023-12-07 09:00:00,0.0,0.0,0.0,0.0
2023-12-07 10:00:00,0.0,0.0,0.0,0.0
2023-12-07 11:00:00,0.0,0.0,0.0,0.0
2023-12-07 12:00:00,0.0,0.0,0.0,0.0
2023-12-07 13:00:00,0.0,0.0,0.0,0.0
2023-12-07 14:00:00,0.0,0.0,0.0,0.0
2023-12-07 15:00:00,0.0,0.0,0.0,0.0
2023-12-07 16:00:00,0.0,0.0,0.0,0.0
2023-12-07 17:00:00,0.0,0.0,0.0,0.0
2023-12-07 18:00:00,0.0,0.0,0.0,0.0
2023-12-07 19:00:00,0.2523603514634176,0.3033116581285741,0.27508287802546033,0.24367586778374695
2023-12-07 20:00:00,0.4184476272128404,0.5500666706558567,0.4750465620223895,0.42336004164954727
2023-12-07 21:00:00,0.505240381496727,0.6151185492571372,0.5484147539887685,0.4955759828419255
2023-12-07 22:00:00,0.5335395770131799,0.6869432764648487,0.5910477328302595,0.5320212481737534
2023-12-07 23:00:00,0.6230403438997802,0.6809663197019459,0.651675484059918,0.6358300339769192
2023-12-08 00:00:00,0.5497927774972693,0.6719731103804006,0.5940280362936771,0.4948273633461701
2023-12-08 01:00:00,0.4066350114365011,0.5772801102832479,0.45688281908261874,0.35017467408619
2023-12-08 02:00:00,0.22758327545572474,0.3637035554893819,0.26335374049356236,0.19261225258732503
2023-12-08 03:00:00,0.13068896671915609,0.243963656180195,0.15634021147150018,0.12018892153451366
2023-12-08 04:00:00,0.0,0.0,0.0,0.0
2023-12-08 05:00:00,0.0,0.0,0.0,0.0
2023-12-08 06:00:00,0.0,0.0,0.0,0.0
2023-12-08 07:00:00,0.0,0.0,0.0,0.0
2023-12-08 08:00:00,0.0,0.0,0.0,0.0
2023-12-08 09:00:00,0.0,0.0,0.0,0.0
2023-12-08 10:00:00,0.0,0.0,0.0,0.0
2023-12-08 11:00:00,0.0,0.0,0.0,0.0
2023-12-08 12:00:00,0.0,0.0,0.0,0.0
2023-12-08 13:00:00,0.0,0.0,0.0,0.0
2023-12-08 14:00:00,0.0,0.0,0.0,0.0
2023-12-08 15:00:00,0.0,0.0,0.0,0.0
2023-12-08 16:00:00,0.0,0.0,0.0,0.0
2023-12-08 17:00:00,0.0,0.0,0.0,0.0
2023-12-08 18:00:00,0.0,0.0,0.0,0.0
2023-12-08 19:00:00,0.3171010371152602,0.34857253257665205,0.3216992364851017,0.3246070080751995
2023-12-08 20:00:00,0.5986027375796587,0.5941585353256499,0.5990024687120981,0.5986609513930978
2023-12-08 21:00:00,0.6840139112073181,0.6824582835634541,0.683954696139148,0.6803814437912697
2023-12-08 22:00:00,0.7215368681191654,0.7206475237960451,0.7208353676738117,0.7189292516679839
2023-12-08 23:00:00,0.7287468085208699,0.7149257046902888,0.7288570298694754,0.7272720285871532
2023-12-09 00:00:00,0.4836357967164188,0.2078685840057041,0.4073700232324353,0.4090444961168114
2023-12-09 01:00:00,0.21228529513861472,0.09931825152391249,0.16508599519920936,0.14543964042346477
2023-12-09 02:00:00,0.01786704394681549,0.05536151164323432,0.01874098346645057,0.017684898566185697
2023-12-09 03:00:00,0.007846556390193223,0.046757478156998156,0.011769834585289834,0.015988403600845028
2023-12-09 04:00:00,0.0,0.0,0.0,0.0
2023-12-09 05:00:00,0.0,0.0,0.0,0.0
2023-12-09 06:00:00,0.0,0.0,0.0,0.0
2023-12-09 07:00:00,0.0,0.0,0.0,0.0
2023-12-09 08:00:00,0.0,0.0,0.0,0.0
2023-12-09 09:00:00,0.0,0.0,0.0,0.0
2023-12-09 10:00:00,0.0,0.0,0.0,0.0
2023-12-09 11:00:00,0.0,0.0,0.0,0.0
2023-12-09 12:00:00,0.0,0.0,0.0,0.0
2023-12-09 13:00:00,0.0,0.0,0.0,0.0
2023-12-09 14:00:00,0.0,0.0,0.0,0.0
2023-12-09 15:00:00,0.0,0.0,0.0,0.0
2023-12-09 16:00:00,0.0,0.0,0.0,0.0
2023-12-09 17:00:00,0.0,0.0,0.0,0.0
2023-12-09 18:00:00,0.0,0.0,0.0,0.0
2023-12-09 19:00:00,0.09066805519574572,0.15210578676458644,0.11659446559318434,0.12545262326254655
2023-12-09 20:00:00,0.08085981166765373,0.08327457463054717,0.0751715621423685,0.08455419154213596
2023-12-09 21:00:00,0.11803134297003286,0.14747804093759534,0.11989845476639657,0.09488215254804433
2023-12-09 22:00:00,0.08614075298418618,0.10148155564404819,0.08833182335451852,0.07021700783408187
2023-12-09 23:00:00,0.0707301658979067,0.07252989504485381,0.06908461148011963,0.06144540492224212
2023-12-10 00:00:00,0.43964596884794965,0.628551916919128,0.509495420055377,0.46634818067948186
2023-12-10 01:00:00,0.46857016981201477,0.4741051169599004,0.48266134464117283,0.43157625837097663
2023-12-10 02:00:00,0.28826434849657295,0.21068826376242655,0.27306191008556063,0.25838397358732085
2023-12-10 03:00:00,0.07505756534117407,0.024552346959767657,0.05193642908458566,0.046509768435298256
2023-12-10 04:00:00,0.0,0.0,0.0,0.0
2023-12-10 05:00:00,0.0,0.0,0.0,0.0
2023-12-10 06:00:00,0.0,0.0,0.0,0.0
2023-12-10 07:00:00,0.0,0.0,0.0,0.0
2023-12-10 08:00:00,0.0,0.0,0.0,0.0
2023-12-10 09:00:00,0.0,0.0,0.0,0.0
2023-12-10 10:00:00,0.0,0.0,0.0,0.0
2023-12-10 11:00:00,0.0,0.0,0.0,0.0
2023-12-10 12:00:00,0.0,0.0,0.0,0.0
2023-12-10 13:00:00,0.0,0.0,0.0,0.0
2023-12-10 14:00:00,0.0,0.0,0.0,0.0
2023-12-10 15:00:00,0.0,0.0,0.0,0.0
2023-12-10 16:00:00,0.0,0.0,0.0,0.0
2023-12-10 17:00:00,0.0,0.0,0.0,0.0
2023-12-10 18:00:00,0.0,0.0,0.0,0.0
2023-12-10 19:00:00,0.3050024149040876,0.2614775097247602,0.3010374822278974,0.23498069904787874
2023-12-10 20:00:00,0.4816057759052536,0.48733604373189854,0.4942407394843768,0.42871460920867827
2023-12-10 21:00:00,0.3919982845603121,0.4636164050585078,0.40928103420656026,0.33902166112779003
2023-12-10 22:00:00,0.3613494920423547,0.3252527439952346,0.3613512596797416,0.30873363604898446
2023-12-10 23:00:00,0.27341729704129697,0.24853020717901053,0.26734622650864426,0.241102001398764
2023-12-11 00:00:00,0.28383195965667446,0.2051100893031769,0.2600538238876657,0.2306134973424996
2023-12-11 01:00:00,0.1464185832309388,0.10176718167550458,0.1343645392663257,0.11059211130145315
2023-12-11 02:00:00,0.07655487870555593,0.11056803617986867,0.08705986665490675,0.08912762619703135
2023-12-11 03:00:00,0.1378482722951013,0.15196081176819687,0.15019579751927828,0.13205610268332305
2023-12-11 04:00:00,0.0,0.0,0.0,0.0
2023-12-11 05:00:00,0.0,0.0,0.0,0.0
2023-12-11 06:00:00,0.0,0.0,0.0,0.0
2023-12-11 07:00:00,0.0,0.0,0.0,0.0
2023-12-11 08:00:00,0.0,0.0,0.0,0.0
2023-12-11 09:00:00,0.0,0.0,0.0,0.0
2023-12-11 10:00:00,0.0,0.0,0.0,0.0
2023-12-11 11:00:00,0.0,0.0,0.0,0.0
2023-12-11 12:00:00,0.0,0.0,0.0,0.0
2023-12-11 13:00:00,0.0,0.0,0.0,0.0
2023-12-11 14:00:00,0.0,0.0,0.0,0.0
2023-12-11 15:00:00,0.0,0.0,0.0,0.0
2023-12-11 16:00:00,0.0,0.0,0.0,0.0
2023-12-11 17:00:00,0.0,0.0,0.0,0.0
2023-12-11 18:00:00,0.0,0.0,0.0,0.0
2023-12-11 19:00:00,0.3215724484070465,0.4072802410620587,0.343248671917249,0.2881806883805129
2023-12-11 20:00:00,0.42728892627544796,0.5174352802123239,0.4432346354730865,0.3969727362627051
2023-12-11 21:00:00,0.5586871124316963,0.6522750426859812,0.5900261032170215,0.5156639669928956
2023-12-11 22:00:00,0.528395089940327,0.5237093794871851,0.547576673125296,0.5018584732876866
2023-12-11 23:00:00,0.47656366631352326,0.22064371855983325,0.4133176802373042,0.38895803376716104
2023-12-12 00:00:00,0.4158637548640372,0.3898771241400009,0.4097659105278564,0.3542585666099294
2023-12-12 01:00:00,0.38255879975575197,0.3399849503166834,0.36465863344424776,0.31863166064177
2023-12-12 02:00:00,0.08504701132134562,0.06299119472959107,0.07097775646062801,0.05322497711840599
2023-12-12 03:00:00,0.09367876226326105,0.06455611390839719,0.06296571671935021,0.08045899948438882
2023-12-12 04:00:00,0.0,0.0,0.0,0.0
2023-12-12 05:00:00,0.0,0.0,0.0,0.0
2023-12-12 06:00:00,0.0,0.0,0.0,0.0
2023-12-12 07:00:00,0.0,0.0,0.0,0.0
2023-12-12 08:00:00,0.0,0.0,0.0,0.0
2023-12-12 09:00:00,0.0,0.0,0.0,0.0
2023-12-12 10:00:00,0.0,0.0,0.0,0.0
2023-12-12 11:00:00,0.0,0.0,0.0,0.0
2023-12-12 12:00:00,0.0,0.0,0.0,0.0
2023-12-12 13:00:00,0.0,0.0,0.0,0.0
2023-12-12 14:00:00,0.0,0.0,0.0,0.0
2023-12-12 15:00:00,0.0,0.0,0.0,0.0
2023-12-12 16:00:00,0.0,0.0,0.0,0.0
2023-12-12 17:00:00,0.0,0.0,0.0,0.0
2023-12-12 18:00:00,0.0,0.0,0.0,0.0
2023-12-12 19:00:00,0.4216570419469918,0.4018885187693639,0.41626233062912066,0.4162104081394866
2023-12-12 20:00:00,0.5318412196094119,0.5468761577548441,0.5183419021331079,0.42560756717719195
2023-12-12 21:00:00,0.5446408247480449,0.6360816405057094,0.5650424630506828,0.43576556729398147
2023-12-12 22:00:00,0.39867978357261596,0.48553555079284144,0.41357906579377407,0.34314238736216723
2023-12-12 23:00:00,0.4605275885386369,0.554547097061678,0.492299711060738,0.4587649283564675
2023-12-13 00:00:00,0.487909657598013,0.608428996544759,0.5183317883541659,0.4362518522323509
2023-12-13 01:00:00,0.436579933925318,0.5522830554653454,0.46093518989439064,0.3568393678510962
2023-12-13 02:00:00,0.3414980317969282,0.507083843969292,0.3951926167652194,0.393485745878516
2023-12-13 03:00:00,0.290904682561659,0.34459898676483885,0.3055218852832652,0.30583926503360576
2023-12-13 04:00:00,0.0,0.0,0.0,0.0
2023-12-13 05:00:00,0.0,0.0,0.0,0.0
2023-12-13 06:00:00,0.0,0.0,0.0,0.0
2023-12-13 07:00:00,0.0,0.0,0.0,0.0
2023-12-13 08:00:00,0.0,0.0,0.0,0.0
2023-12-13 09:00:00,0.0,0.0,0.0,0.0
2023-12-13 10:00:00,0.0,0.0,0.0,0.0
2023-12-13 11:00:00,0.0,0.0,0.0,0.0
2023-12-13 12:00:00,0.0,0.0,0.0,0.0
2023-12-13 13:00:00,0.0,0.0,0.0,0.0
2023-12-13 14:00:00,0.0,0.0,0.0,0.0
2023-12-13 15:00:00,0.0,0.0,0.0,0.0
2023-12-13 16:00:00,0.0,0.0,0.0,0.0
2023-12-13 17:00:00,0.0,0.0,0.0,0.0
2023-12-13 18:00:00,0.0,0.0,0.0,0.0
2023-12-13 19:00:00,0.40782937398347646,0.38244646468111126,0.39971472663810087,0.40384956268234634
2023-12-13 20:00:00,0.6219353651792189,0.6336323172305685,0.620271638205804,0.6050364860853255
2023-12-13 21:00:00,0.7120689197025527,0.7452077158173686,0.7246500197323695,0.7054962046617984
2023-12-13 22:00:00,0.7260534279492467,0.7782011588694457,0.7442351845918271,0.7065413317427693
2023-12-13 23:00:00,0.7556017263787114,0.7787586587260211,0.770153888454998,0.7544493862191436
2023-12-14 00:00:00,0.6318862093849834,0.7569560523499131,0.6745180839932498,0.5878443894373301
2023-12-14 01:00:00,0.5632248935325405,0.7061685537355106,0.6148097177303545,0.5466769068878748
2023-12-14 02:00:00,0.48587615205206497,0.5943466727801913,0.5317365828092282,0.4680114139786964
2023-12-14 03:00:00,0.3768112714174765,0.38981445557343647,0.38658016955937063,0.37628082265265467
2023-12-14 04:00:00,0.0,0.0,0.0,0.0
2023-12-14 05:00:00,0.0,0.0,0.0,0.0
2023-12-14 06:00:00,0.0,0.0,0.0,0.0
2023-12-14 07:00:00,0.0,0.0,0.0,0.0
2023-12-14 08:00:00,0.0,0.0,0.0,0.0
2023-12-14 09:00:00,0.0,0.0,0.0,0.0
2023-12-14 10:00:00,0.0,0.0,0.0,0.0
2023-12-14 11:00:00,0.0,0.0,0.0,0.0
2023-12-14 12:00:00,0.0,0.0,0.0,0.0
2023-12-14 13:00:00,0.0,0.0,0.0,0.0
2023-12-14 14:00:00,0.0,0.0,0.0,0.0
2023-12-14 15:00:00,0.0,0.0,0.0,0.0
2023-12-14 16:00:00,0.0,0.0,0.0,0.0
2023-12-14 17:00:00,0.0,0.0,0.0,0.0
2023-12-14 18:00:00,0.0,0.0,0.0,0.0
2023-12-14 19:00:00,0.39963164376260446,0.4093752390779275,0.4016033324102194,0.3844874865648864
2023-12-14 20:00:00,0.6105106934919142,0.6072887628804041,0.6099003401450125,0.610259646132029
2023-12-14 21:00:00,0.7066706651978988,0.7053978196283354,0.7060981186913903,0.7072289418055551
2023-12-14 22:00:00,0.741648795015764,0.745495812329731,0.7426857369061262,0.7412498211257125
2023-12-14 23:00:00,0.7407486547714422,0.743789630073962,0.7403597269715909,0.7350610625709496
2023-12-15 00:00:00,0.7267146774428829,0.7383782435886639,0.7326521651349662,0.7333262218206001
2023-12-15 01:00:00,0.6741588377619973,0.6815553574437264,0.6772844080530673,0.6775384665956574
2023-12-15 02:00:00,0.534511415705535,0.5620641821258677,0.5441329139002338,0.5359521162510635
2023-12-15 03:00:00,0.3649867962675284,0.3700962023215511,0.36694907966313084,0.3697897116856101
2023-12-15 04:00:00,0.0,0.0,0.0,0.0
2023-12-15 05:00:00,0.0,0.0,0.0,0.0
2023-12-15 06:00:00,0.0,0.0,0.0,0.0
2023-12-15 07:00:00,0.0,0.0,0.0,0.0
2023-12-15 08:00:00,0.0,0.0,0.0,0.0
2023-12-15 09:00:00,0.0,0.0,0.0,0.0
2023-12-15 10:00:00,0.0,0.0,0.0,0.0
2023-12-15 11:00:00,0.0,0.0,0.0,0.0
2023-12-15 12:00:00,0.0,0.0,0.0,0.0
2023-12-15 13:00:00,0.0,0.0,0.0,0.0
2023-12-15 14:00:00,0.0,0.0,0.0,0.0
2023-12-15 15:00:00,0.0,0.0,0.0,0.0
2023-12-15 16:00:00,0.0,0.0,0.0,0.0
2023-12-15 17:00:00,0.0,0.0,0.0,0.0
2023-12-15 18:00:00,0.0,0.0,0.0,0.0
2023-12-15 19:00:00,0.4228832791313795,0.4165257450718784,0.4215242662990074,0.4212042711951168
2023-12-15 20:00:00,0.6104761794689174,0.6044943158070905,0.6091253427514203,0.6082451748307507
2023-12-15 21:00:00,0.6990419580598101,0.6974019465399369,0.6988836848715891,0.6971789393060037
2023-12-15 22:00:00,0.736227243049798,0.7335637738020081,0.7359960590560799,0.734672963568907
2023-12-15 23:00:00,0.744961665893416,0.7419911206622141,0.7445159112827527,0.7427741218690059
2023-12-16 00:00:00,0.7241850056112874,0.7216073247043351,0.723734043027673,0.7191371093749419
2023-12-16 01:00:00,0.667010306017748,0.6641150448926857,0.6663550640471947,0.6589683452809507
2023-12-16 02:00:00,0.5290680273609522,0.5254403540677443,0.5262156482995336,0.5038115261776296
2023-12-16 03:00:00,0.33427163644389907,0.3067595983579286,0.3286160987182225,0.3045982388922697
2023-12-16 04:00:00,0.0,0.0,0.0,0.0
2023-12-16 05:00:00,0.0,0.0,0.0,0.0
2023-12-16 06:00:00,0.0,0.0,0.0,0.0
2023-12-16 07:00:00,0.0,0.0,0.0,0.0
2023-12-16 08:00:00,0.0,0.0,0.0,0.0
2023-12-16 09:00:00,0.0,0.0,0.0,0.0
2023-12-16 10:00:00,0.0,0.0,0.0,0.0
2023-12-16 11:00:00,0.0,0.0,0.0,0.0
2023-12-16 12:00:00,0.0,0.0,0.0,0.0
2023-12-16 13:00:00,0.0,0.0,0.0,0.0
2023-12-16 14:00:00,0.0,0.0,0.0,0.0
2023-12-16 15:00:00,0.0,0.0,0.0,0.0
2023-12-16 16:00:00,0.0,0.0,0.0,0.0
2023-12-16 17:00:00,0.0,0.0,0.0,0.0
2023-12-16 18:00:00,0.0,0.0,0.0,0.0
2023-12-16 19:00:00,0.05103864892566832,0.053613799141529195,0.05299643084472337,0.04221761816316063
2023-12-16 20:00:00,0.07329880787715437,0.08415431469225325,0.07524986493734208,0.05653572001671886
2023-12-16 21:00:00,0.14062888224847872,0.19124389011925355,0.14879523422666488,0.11077624499111179
2023-12-16 22:00:00,0.17252953972047202,0.3109123541050798,0.18239651189442893,0.13212239246323246
2023-12-16 23:00:00,0.2797633803438123,0.5582648091877922,0.33614593942268006,0.24510154090469574
2023-12-17 00:00:00,0.24743344755290506,0.4327190607295665,0.2911480562775888,0.2557431912217151
2023-12-17 01:00:00,0.5039466103149352,0.4907651789063748,0.5235747397779829,0.48381129170315057
2023-12-17 02:00:00,0.20421924528520397,0.12987724909659257,0.18183091971407084,0.1688085192800978
2023-12-17 03:00:00,0.009766322581374323,0.01058319188232317,0.009893212367919157,0.005067289675429792
2023-12-17 04:00:00,0.0,0.0,0.0,0.0
2023-12-17 05:00:00,0.0,0.0,0.0,0.0
2023-12-17 06:00:00,0.0,0.0,0.0,0.0
2023-12-17 07:00:00,0.0,0.0,0.0,0.0
2023-12-17 08:00:00,0.0,0.0,0.0,0.0
2023-12-17 09:00:00,0.0,0.0,0.0,0.0
2023-12-17 10:00:00,0.0,0.0,0.0,0.0
2023-12-17 11:00:00,0.0,0.0,0.0,0.0
2023-12-17 12:00:00,0.0,0.0,0.0,0.0
2023-12-17 13:00:00,0.0,0.0,0.0,0.0
2023-12-17 14:00:00,0.0,0.0,0.0,0.0
2023-12-17 15:00:00,0.0,0.0,0.0,0.0
2023-12-17 16:00:00,0.0,0.0,0.0,0.0
2023-12-17 17:00:00,0.0,0.0,0.0,0.0
2023-12-17 18:00:00,0.0,0.0,0.0,0.0
2023-12-17 19:00:00,0.0,0.0,0.0,3.5329239482477895e-05
2023-12-17 20:00:00,0.00256433756720499,0.001952183967606786,0.0020501653322912076,0.00279182316534843
2023-12-17 21:00:00,0.009242432282918623,0.009561304485010346,0.00808610196928092,0.009783382703098496
2023-12-17 22:00:00,0.013424980890380444,0.013460138700113056,0.013000285395856827,0.014926916102656418
2023-12-17 23:00:00,0.013245368045878218,0.014360502678325731,0.01299676007155252,0.014766673189731001
2023-12-18 00:00:00,0.011629961008365228,0.019111751149565093,0.012362571896364982,0.013314285216883846
2023-12-18 01:00:00,0.010113503305349474,0.017392396622385623,0.01219887859374256,0.009690235477235281
2023-12-18 02:00:00,0.009636362878433528,0.014975127866941593,0.010299800384521576,0.009551622039746627
2023-12-18 03:00:00,0.0,0.0,0.0,0.0
2023-12-18 04:00:00,0.0,0.0,0.0,0.0
2023-12-18 05:00:00,0.0,0.0,0.0,0.0
2023-12-18 06:00:00,0.0,0.0,0.0,0.0
2023-12-18 07:00:00,0.0,0.0,0.0,0.0
2023-12-18 08:00:00,0.0,0.0,0.0,0.0
2023-12-18 09:00:00,0.0,0.0,0.0,0.0
2023-12-18 10:00:00,0.0,0.0,0.0,0.0
2023-12-18 11:00:00,0.0,0.0,0.0,0.0
2023-12-18 12:00:00,0.0,0.0,0.0,0.0
2023-12-18 13:00:00,0.0,0.0,0.0,0.0
2023-12-18 14:00:00,0.0,0.0,0.0,0.0
2023-12-18 15:00:00,0.0,0.0,0.0,0.0
2023-12-18 16:00:00,0.0,0.0,0.0,0.0
2023-12-18 17:00:00,0.0,0.0,0.0,0.0
2023-12-18 18:00:00,0.0,0.0,0.0,0.0
2023-12-18 19:00:00,0.133212447640276,0.04604149952649294,0.11870516289044294,0.0839706310163917
2023-12-18 20:00:00,0.03571107181432181,0.023829932688959526,0.03212801846463419,0.02227154048262189
2023-12-18 21:00:00,0.05503814108511218,0.07784096881299503,0.058476337750094726,0.03582319290364935
2023-12-18 22:00:00,0.08495983700949594,0.09352998357361914,0.0857804552996791,0.05322610790159962
2023-12-18 23:00:00,0.06860064043880193,0.06836884545306622,0.06841421620196914,0.047418183018151684
2023-12-19 00:00:00,0.07392605419843828,0.032082723014372865,0.0599354776944422,0.03705632304706978
2023-12-19 01:00:00,0.04488825620517058,0.04876853929913035,0.040208474604739086,0.03678307852220772
2023-12-19 02:00:00,0.031118340596603178,0.06829583906962988,0.030701621882671858,0.030632385813483168
2023-12-19 03:00:00,0.0035156807203850604,0.012676800298873988,0.004203004541080994,0.0028526978929900512
2023-12-19 04:00:00,0.0,0.0,0.0,0.0
2023-12-19 05:00:00,0.0,0.0,0.0,0.0
2023-12-19 06:00:00,0.0,0.0,0.0,0.0
2023-12-19 07:00:00,0.0,0.0,0.0,0.0
2023-12-19 08:00:00,0.0,0.0,0.0,0.0
2023-12-19 09:00:00,0.0,0.0,0.0,0.0
2023-12-19 10:00:00,0.0,0.0,0.0,0.0
2023-12-19 11:00:00,0.0,0.0,0.0,0.0
2023-12-19 12:00:00,0.0,0.0,0.0,0.0
2023-12-19 13:00:00,0.0,0.0,0.0,0.0
2023-12-19 14:00:00,0.0,0.0,0.0,0.0
2023-12-19 15:00:00,0.0,0.0,0.0,0.0
2023-12-19 16:00:00,0.0,0.0,0.0,0.0
2023-12-19 17:00:00,0.0,0.0,0.0,0.0
2023-12-19 18:00:00,0.0,0.0,0.0,0.0
2023-12-19 19:00:00,0.09744911632134963,0.08696448749283152,0.09071787016534039,0.09518639033595623
2023-12-19 20:00:00,0.13843095351276638,0.10294255934349666,0.11700824031497367,0.13767595291029908
2023-12-19 21:00:00,0.1430386819536281,0.3176660521678743,0.15595098922877845,0.12780610816285967
2023-12-19 22:00:00,0.3923347753592374,0.5643265480564179,0.43105445824392363,0.4404912113753936
2023-12-19 23:00:00,0.47828711923394174,0.7010298664216137,0.5210064621212973,0.4850188596511851
2023-12-20 00:00:00,0.3754092321144215,0.6416827152496237,0.444166216222058,0.35279087342542614
2023-12-20 01:00:00,0.26120632890955864,0.45804779154455516,0.30272235699371375,0.29720328619304315
2023-12-20 02:00:00,0.4329058101020115,0.5834055258085268,0.48463550633907937,0.4855755226209897
2023-12-20 03:00:00,0.3901261498788191,0.3921395819802916,0.3904419123638274,0.3999285631977771
2023-12-20 04:00:00,0.0,0.0,0.0,0.0
2023-12-20 05:00:00,0.0,0.0,0.0,0.0
2023-12-20 06:00:00,0.0,0.0,0.0,0.0
2023-12-20 07:00:00,0.0,0.0,0.0,0.0
2023-12-20 08:00:00,0.0,0.0,0.0,0.0
2023-12-20 09:00:00,0.0,0.0,0.0,0.0
2023-12-20 10:00:00,0.0,0.0,0.0,0.0
2023-12-20 11:00:00,0.0,0.0,0.0,0.0
2023-12-20 12:00:00,0.0,0.0,0.0,0.0
2023-12-20 13:00:00,0.0,0.0,0.0,0.0
2023-12-20 14:00:00,0.0,0.0,0.0,0.0
2023-12-20 15:00:00,0.0,0.0,0.0,0.0
2023-12-20 16:00:00,0.0,0.0,0.0,0.0
2023-12-20 17:00:00,0.0,0.0,0.0,0.0
2023-12-20 18:00:00,0.0,0.0,0.0,0.0
2023-12-20 19:00:00,0.3776346889668519,0.4004563050749759,0.3847924191259085,0.38476367485582835
2023-12-20 20:00:00,0.5826947135282988,0.6058090781995046,0.5895244812387881,0.5852516854436149
2023-12-20 21:00:00,0.7026836264472159,0.7112898068936785,0.7051615985306919,0.705106402625611
2023-12-20 22:00:00,0.7298828698340606,0.7387641309529087,0.7318279235990388,0.723796781902368
2023-12-20 23:00:00,0.7171158659258948,0.6937935034584437,0.7069884057986096,0.6897823330417352
2023-12-21 00:00:00,0.6233061305342865,0.6047274392598193,0.6184303569978704,0.6087742934175834
2023-12-21 01:00:00,0.5245605670318869,0.5668954638664429,0.5226508438924053,0.50875261540507
2023-12-21 02:00:00,0.43342687080610914,0.5115578378483688,0.45366453939961277,0.4140227659351716
2023-12-21 03:00:00,0.2219699976757187,0.3318759489214506,0.24885935229577152,0.24008686297127246
2023-12-21 04:00:00,0.0,0.0,0.0,0.0
2023-12-21 05:00:00,0.0,0.0,0.0,0.0
2023-12-21 06:00:00,0.0,0.0,0.0,0.0
2023-12-21 07:00:00,0.0,0.0,0.0,0.0
2023-12-21 08:00:00,0.0,0.0,0.0,0.0
2023-12-21 09:00:00,0.0,0.0,0.0,0.0
2023-12-21 10:00:00,0.0,0.0,0.0,0.0
2023-12-21 11:00:00,0.0,0.0,0.0,0.0
2023-12-21 12:00:00,0.0,0.0,0.0,0.0
2023-12-21 13:00:00,0.0,0.0,0.0,0.0
2023-12-21 14:00:00,0.0,0.0,0.0,0.0
2023-12-21 15:00:00,0.0,0.0,0.0,0.0
2023-12-21 16:00:00,0.0,0.0,0.0,0.0
2023-12-21 17:00:00,0.0,0.0,0.0,0.0
2023-12-21 18:00:00,0.0,0.0,0.0,0.0
2023-12-21 19:00:00,0.08090326076606626,0.05525072119623493,0.07789007857911136,0.10607239514633808
2023-12-21 20:00:00,0.11174677975099441,0.07568281847680704,0.11473482734484794,0.15316920418366686
2023-12-21 21:00:00,0.1647260394283945,0.17619776733767342,0.18557693706643136,0.21212028454099852
2023-12-21 22:00:00,0.15753580347766186,0.1362805485596171,0.15185189840387964,0.16045739729172578
2023-12-21 23:00:00,0.17797139815872662,0.19512766846927798,0.17463614350570555,0.20407055775639915
2023-12-22 00:00:00,0.20390413647395048,0.23527231911947558,0.21470359268921585,0.21790952320428866
2023-12-22 01:00:00,0.17844208268732742,0.15272366916289745,0.17426961212897038,0.20437641143009574
2023-12-22 02:00:00,0.10802999658723599,0.060604301032996244,0.09396139057536251,0.118538995754379
2023-12-22 03:00:00,0.12389338225072322,0.06075199470967608,0.10602169699010275,0.12898635080698106
2023-12-22 04:00:00,0.0,0.0,0.0,0.0
2023-12-22 05:00:00,0.0,0.0,0.0,0.0
2023-12-22 06:00:00,0.0,0.0,0.0,0.0
2023-12-22 07:00:00,0.0,0.0,0.0,0.0
2023-12-22 08:00:00,0.0,0.0,0.0,0.0
2023-12-22 09:00:00,0.0,0.0,0.0,0.0
2023-12-22 10:00:00,0.0,0.0,0.0,0.0
2023-12-22 11:00:00,0.0,0.0,0.0,0.0
2023-12-22 12:00:00,0.0,0.0,0.0,0.0
2023-12-22 13:00:00,0.0,0.0,0.0,0.0
2023-12-22 14:00:00,0.0,0.0,0.0,0.0
2023-12-22 15:00:00,0.0,0.0,0.0,0.0
2023-12-22 16:00:00,0.0,0.0,0.0,0.0
2023-12-22 17:00:00,0.0,0.0,0.0,0.0
2023-12-22 18:00:00,0.0,0.0,0.0,0.0
2023-12-22 19:00:00,0.1087694675225903,0.04704359227265764,0.09350940527079238,0.11340496357167325
2023-12-22 20:00:00,0.12556988017788565,0.06559754847848491,0.10272384770799808,0.1335758343425392
2023-12-22 21:00:00,0.17091432720403646,0.07542507873207348,0.14654216216869104,0.17968834810221326
2023-12-22 22:00:00,0.15675810498689158,0.05524490052272987,0.12814411639942958,0.16409333865691944
2023-12-22 23:00:00,0.12855270647726588,0.03933262798089077,0.09559999710277961,0.12680816323916966
2023-12-23 00:00:00,0.19274418211202674,0.04273531120168952,0.14807583545967723,0.22753982250264823
2023-12-23 01:00:00,0.09472112493810676,0.02065794439568523,0.0661533110639621,0.11162656636609086
2023-12-23 02:00:00,0.018086533619962052,0.006829430794543914,0.008478968108809415,0.017024099271974995
2023-12-23 03:00:00,0.014725069513111672,0.002298569120276338,0.008578039760001512,0.013998549479454609
2023-12-23 04:00:00,0.0,0.0,0.0,0.0
2023-12-23 05:00:00,0.0,0.0,0.0,0.0
2023-12-23 06:00:00,0.0,0.0,0.0,0.0
2023-12-23 07:00:00,0.0,0.0,0.0,0.0
2023-12-23 08:00:00,0.0,0.0,0.0,0.0
2023-12-23 09:00:00,0.0,0.0,0.0,0.0
2023-12-23 10:00:00,0.0,0.0,0.0,0.0
2023-12-23 11:00:00,0.0,0.0,0.0,0.0
2023-12-23 12:00:00,0.0,0.0,0.0,0.0
2023-12-23 13:00:00,0.0,0.0,0.0,0.0
2023-12-23 14:00:00,0.0,0.0,0.0,0.0
2023-12-23 15:00:00,0.0,0.0,0.0,0.0
2023-12-23 16:00:00,0.0,0.0,0.0,0.0
2023-12-23 17:00:00,0.0,0.0,0.0,0.0
2023-12-23 18:00:00,0.0,0.0,0.0,0.0
2023-12-23 19:00:00,0.009264562512356495,0.0018315590941749167,0.007878879414568898,0.006455898518512342
2023-12-23 20:00:00,0.01897535727461984,0.018456581920225243,0.021907092841468356,0.028022847103279905
2023-12-23 21:00:00,0.05627618067972393,0.020875969245095993,0.04802543601587608,0.058730964561825305
2023-12-23 22:00:00,0.026003651959777944,0.011269712644162518,0.019617055007192213,0.028863956137150995
2023-12-23 23:00:00,0.0167723735558906,0.013103868242253491,0.01637101106316796,0.017428907931924188
2023-12-24 00:00:00,0.023232068087896962,0.023719811983588555,0.0232910631600494,0.025456427564565277
2023-12-24 01:00:00,0.011130896518612945,0.01138935607985657,0.009844324787315702,0.009169530368643384
2023-12-24 02:00:00,0.010372779131039367,0.013567118937341235,0.011740783264702792,0.010451769990593301
2023-12-24 03:00:00,0.0,0.0020006705874689675,0.0,0.0
2023-12-24 04:00:00,0.0,0.0,0.0,0.0
2023-12-24 05:00:00,0.0,0.0,0.0,0.0
2023-12-24 06:00:00,0.0,0.0,0.0,0.0
2023-12-24 07:00:00,0.0,0.0,0.0,0.0
2023-12-24 08:00:00,0.0,0.0,0.0,0.0
2023-12-24 09:00:00,0.0,0.0,0.0,0.0
2023-12-24 10:00:00,0.0,0.0,0.0,0.0
2023-12-24 11:00:00,0.0,0.0,0.0,0.0
2023-12-24 12:00:00,0.0,0.0,0.0,0.0
2023-12-24 13:00:00,0.0,0.0,0.0,0.0
2023-12-24 14:00:00,0.0,0.0,0.0,0.0
2023-12-24 15:00:00,0.0,0.0,0.0,0.0
2023-12-24 16:00:00,0.0,0.0,0.0,0.0
2023-12-24 17:00:00,0.0,0.0,0.0,0.0
2023-12-24 18:00:00,0.0,0.0,0.0,0.0
2023-12-24 19:00:00,0.05925758248195956,0.019532083599294047,0.05195319593323487,0.05068824126027449
2023-12-24 20:00:00,0.0956484987090992,0.03325152119980305,0.07870554672211943,0.07302835824147828
2023-12-24 21:00:00,0.09669054788938493,0.06693392172085404,0.0894077774189912,0.0838162633710315
2023-12-24 22:00:00,0.10893490168980159,0.06358015060918969,0.09018913840145246,0.09373553950688664
2023-12-24 23:00:00,0.1343347031965056,0.07107315771826754,0.12017572319689677,0.11947857459743405
2023-12-25 00:00:00,0.11878388746587532,0.055443063344653605,0.10771333182276682,0.12266189203959754
2023-12-25 01:00:00,0.05135629727888725,0.039092050234881943,0.045282238514061324,0.046951510399987795
2023-12-25 02:00:00,0.012048693240001325,0.020750535421639148,0.01008069182601965,0.008196327960692468
2023-12-25 03:00:00,0.0003386549891475519,2.000823368154124e-06,0.0,0.0
2023-12-25 04:00:00,0.0,0.0,0.0,0.0
2023-12-25 05:00:00,0.0,0.0,0.0,0.0
2023-12-25 06:00:00,0.0,0.0,0.0,0.0
2023-12-25 07:00:00,0.0,0.0,0.0,0.0
2023-12-25 08:00:00,0.0,0.0,0.0,0.0
2023-12-25 09:00:00,0.0,0.0,0.0,0.0
2023-12-25 10:00:00,0.0,0.0,0.0,0.0
2023-12-25 11:00:00,0.0,0.0,0.0,0.0
2023-12-25 12:00:00,0.0,0.0,0.0,0.0
2023-12-25 13:00:00,0.0,0.0,0.0,0.0
2023-12-25 14:00:00,0.0,0.0,0.0,0.0
2023-12-25 15:00:00,0.0,0.0,0.0,0.0
2023-12-25 16:00:00,0.0,0.0,0.0,0.0
2023-12-25 17:00:00,0.0,0.0,0.0,0.0
2023-12-25 18:00:00,0.0,0.0,0.0,0.0
2023-12-25 19:00:00,0.14043917990491891,0.13488060005049896,0.14951457664445833,0.11816858554562404
2023-12-25 20:00:00,0.2610236449546192,0.23459677420742733,0.25562120014302525,0.21754020498237692
2023-12-25 21:00:00,0.3656805223651924,0.33780728891739326,0.3572471374357812,0.34066426815753514
2023-12-25 22:00:00,0.4125291110976108,0.3861229631666685,0.39582758214934555,0.3873205150862799
2023-12-25 23:00:00,0.5059860182442094,0.4728592789602602,0.4918865511761741,0.49062550214605044
2023-12-26 00:00:00,0.5048909575573354,0.4615978884082251,0.5071371477011312,0.5020499057113892
2023-12-26 01:00:00,0.4459493591612287,0.36360716090157386,0.4223940698657402,0.43428149273522615
2023-12-26 02:00:00,0.2663911449000735,0.3055394410014185,0.27220020112334653,0.267188232220225
2023-12-26 03:00:00,0.09294436591514656,0.12415302038277759,0.10319079343825122,0.11522146702090841
2023-12-26 04:00:00,0.0,0.0,0.0,0.0
2023-12-26 05:00:00,0.0,0.0,0.0,0.0
2023-12-26 06:00:00,0.0,0.0,0.0,0.0
2023-12-26 07:00:00,0.0,0.0,0.0,0.0
2023-12-26 08:00:00,0.0,0.0,0.0,0.0
2023-12-26 09:00:00,0.0,0.0,0.0,0.0
2023-12-26 10:00:00,0.0,0.0,0.0,0.0
2023-12-26 11:00:00,0.0,0.0,0.0,0.0
2023-12-26 12:00:00,0.0,0.0,0.0,0.0
2023-12-26 13:00:00,0.0,0.0,0.0,0.0
2023-12-26 14:00:00,0.0,0.0,0.0,0.0
2023-12-26 15:00:00,0.0,0.0,0.0,0.0
2023-12-26 16:00:00,0.0,0.0,0.0,0.0
2023-12-26 17:00:00,0.0,0.0,0.0,0.0
2023-12-26 18:00:00,0.0,0.0,0.0,0.0
2023-12-26 19:00:00,0.0006694836067184834,0.0019518606435699334,0.0010042254100777251,0.0
2023-12-26 20:00:00,0.02011227110704124,0.015584786456746871,0.020107176710800173,0.015056382714588512
2023-12-26 21:00:00,0.023230756510998013,0.021175960958744716,0.021842161147787795,0.017671542187779773
2023-12-26 22:00:00,0.054044253821642546,0.054662510400249026,0.056003118117263356,0.047806786722349316
2023-12-26 23:00:00,0.03200231405210864,0.03438656734167624,0.0305236374736561,0.02740731881598987
2023-12-27 00:00:00,0.028624713645640135,0.023333032418567767,0.021682810173049523,0.02566417540209073
2023-12-27 01:00:00,0.017511613021399513,0.041270641433193644,0.01600450982311088,0.01661364809104429
2023-12-27 02:00:00,0.00550955538959988,0.02340680001885143,0.004938335754321234,0.005393198407072831
2023-12-27 03:00:00,0.0,0.020521414739748913,0.0,0.0
2023-12-27 04:00:00,0.0,0.0,0.0,0.0
2023-12-27 05:00:00,0.0,0.0,0.0,0.0
2023-12-27 06:00:00,0.0,0.0,0.0,0.0
2023-12-27 07:00:00,0.0,0.0,0.0,0.0
2023-12-27 08:00:00,0.0,0.0,0.0,0.0
2023-12-27 09:00:00,0.0,0.0,0.0,0.0
2023-12-27 10:00:00,0.0,0.0,0.0,0.0
2023-12-27 11:00:00,0.0,0.0,0.0,0.0
2023-12-27 12:00:00,0.0,0.0,0.0,0.0
2023-12-27 13:00:00,0.0,0.0,0.0,0.0
2023-12-27 14:00:00,0.0,0.0,0.0,0.0
2023-12-27 15:00:00,0.0,0.0,0.0,0.0
2023-12-27 16:00:00,0.0,0.0,0.0,0.0
2023-12-27 17:00:00,0.0,0.0,0.0,0.0
2023-12-27 18:00:00,0.0,0.0,0.0,0.0
2023-12-27 19:00:00,0.0,0.0,0.0,0.0
2023-12-27 20:00:00,0.011665452674117721,0.011938203869273377,0.011827321740942568,0.008017378496487905
2023-12-27 21:00:00,0.028111643157052852,0.03513474953296991,0.030404253605913797,0.019551975281281265
2023-12-27 22:00:00,0.04576014424772092,0.0643865312217539,0.05187190758138317,0.037750760027491906
2023-12-27 23:00:00,0.028607407387461276,0.053455738653691985,0.03478312242488074,0.02872059714421824
2023-12-28 00:00:00,0.028888911759533786,0.03961729241494986,0.030211209309112065,0.026587060275500497
2023-12-28 01:00:00,0.010739863188893034,0.014366671867438894,0.010431858323783549,0.011150907096109464
2023-12-28 02:00:00,0.006170928097511497,0.008603618424039708,0.0064639222078384595,0.005160122212930021
2023-12-28 03:00:00,0.0,0.0,0.0,0.0
2023-12-28 04:00:00,0.0,0.0,0.0,0.0
2023-12-28 05:00:00,0.0,0.0,0.0,0.0
2023-12-28 06:00:00,0.0,0.0,0.0,0.0
2023-12-28 07:00:00,0.0,0.0,0.0,0.0
2023-12-28 08:00:00,0.0,0.0,0.0,0.0
2023-12-28 09:00:00,0.0,0.0,0.0,0.0
2023-12-28 10:00:00,0.0,0.0,0.0,0.0
2023-12-28 11:00:00,0.0,0.0,0.0,0.0
2023-12-28 12:00:00,0.0,0.0,0.0,0.0
2023-12-28 13:00:00,0.0,0.0,0.0,0.0
2023-12-28 14:00:00,0.0,0.0,0.0,0.0
2023-12-28 15:00:00,0.0,0.0,0.0,0.0
2023-12-28 16:00:00,0.0,0.0,0.0,0.0
2023-12-28 17:00:00,0.0,0.0,0.0,0.0
2023-12-28 18:00:00,0.0,0.0,0.0,0.0
2023-12-28 19:00:00,0.0014468707767838916,0.0038618978275479134,0.002117251229045393,0.00020473228556891626
2023-12-28 20:00:00,0.022695909239476304,0.015386363743977484,0.022117533631174358,0.021807451796830208
2023-12-28 21:00:00,0.053253979464745145,0.03315039706672474,0.04980118252376685,0.0383428534925031
2023-12-28 22:00:00,0.03479740231190502,0.03935199268475726,0.03632030175795689,0.025974917908627146
2023-12-28 23:00:00,0.02113416454215561,0.02940234129153481,0.02354285656000976,0.015990829254700457
2023-12-29 00:00:00,0.02764040439577027,0.03265794621928319,0.031191346346403213,0.025131639416515833
2023-12-29 01:00:00,0.011784482155455888,0.019589507142191712,0.014137791895370174,0.008902323673768153
2023-12-29 02:00:00,0.0025090125679461273,0.005232900450925357,0.00257244797468912,0.001059868879385522
2023-12-29 03:00:00,0.0027411088526852413,0.0027411088526852413,0.004111663279027862,0.0
2023-12-29 04:00:00,0.0,0.0,0.0,0.0
2023-12-29 05:00:00,0.0,0.0,0.0,0.0
2023-12-29 06:00:00,0.0,0.0,0.0,0.0
2023-12-29 07:00:00,0.0,0.0,0.0,0.0
2023-12-29 08:00:00,0.0,0.0,0.0,0.0
2023-12-29 09:00:00,0.0,0.0,0.0,0.0
2023-12-29 10:00:00,0.0,0.0,0.0,0.0
2023-12-29 11:00:00,0.0,0.0,0.0,0.0
2023-12-29 12:00:00,0.0,0.0,0.0,0.0
2023-12-29 13:00:00,0.0,0.0,0.0,0.0
2023-12-29 14:00:00,0.0,0.0,0.0,0.0
2023-12-29 15:00:00,0.0,0.0,0.0,0.0
2023-12-29 16:00:00,0.0,0.0,0.0,0.0
2023-12-29 17:00:00,0.0,0.0,0.0,0.0
2023-12-29 18:00:00,0.0,0.0,0.0,0.0
2023-12-29 19:00:00,0.08079223371915206,0.023340763380959532,0.06550730151907211,0.0387225737106055
2023-12-29 20:00:00,0.13997461781118103,0.10204476579015027,0.1292351451065655,0.09232020333814235
2023-12-29 21:00:00,0.1967598244162685,0.2033621721705794,0.2012452649218933,0.1531760708619698
2023-12-29 22:00:00,0.22693476582536856,0.2819882541410204,0.24697740724934594,0.1747693080903638
2023-12-29 23:00:00,0.14452502459053732,0.10942656230935799,0.12965797616066954,0.09255555181336657
2023-12-30 00:00:00,0.10078215701870254,0.07323723493339078,0.08352227732534201,0.06351761166801774
2023-12-30 01:00:00,0.06894920585437511,0.05440370521044543,0.05849193959887054,0.03634206569177396
2023-12-30 02:00:00,0.05752158304062439,0.02102060838562221,0.04369621006817469,0.022970869660539583
2023-12-30 03:00:00,0.036813666091106124,0.011722918397354697,0.029466330311791397,0.01304895365011062
2023-12-30 04:00:00,0.0,0.0,0.0,0.0
2023-12-30 05:00:00,0.0,0.0,0.0,0.0
2023-12-30 06:00:00,0.0,0.0,0.0,0.0
2023-12-30 07:00:00,0.0,0.0,0.0,0.0
2023-12-30 08:00:00,0.0,0.0,0.0,0.0
2023-12-30 09:00:00,0.0,0.0,0.0,0.0
2023-12-30 10:00:00,0.0,0.0,0.0,0.0
2023-12-30 11:00:00,0.0,0.0,0.0,0.0
2023-12-30 12:00:00,0.0,0.0,0.0,0.0
2023-12-30 13:00:00,0.0,0.0,0.0,0.0
2023-12-30 14:00:00,0.0,0.0,0.0,0.0
2023-12-30 15:00:00,0.0,0.0,0.0,0.0
2023-12-30 16:00:00,0.0,0.0,0.0,0.0
2023-12-30 17:00:00,0.0,0.0,0.0,0.0
2023-12-30 18:00:00,0.0,0.0,0.0,0.0
2023-12-30 19:00:00,0.03812569913690967,0.10032734257264209,0.03473787843624723,0.010657286233588614
2023-12-30 20:00:00,0.07393194941079156,0.2270513650638001,0.09186575623517544,0.06012659939932435
2023-12-30 21:00:00,0.1318815401179523,0.25397660343437717,0.15100028385034986,0.11809397060597598
2023-12-30 22:00:00,0.12046195454099369,0.1940351818697914,0.12004227901682375,0.09251771301099115
2023-12-30 23:00:00,0.13790792150187653,0.1969708157579638,0.15473125149935607,0.13871728038249173
2023-12-31 00:00:00,0.12985333741557337,0.16773954505121402,0.1459413661785556,0.17003818814935898
2023-12-31 01:00:00,0.06930439899637551,0.07279447133052434,0.06878168170308768,0.07203810450734192
2023-12-31 02:00:00,0.059607572398553,0.05068106143184184,0.05566450752574441,0.040270622839440606
2023-12-31 03:00:00,0.008063445239685925,0.026696912767380936,0.011558376696618149,0.0013836767702713221
2023-12-31 04:00:00,0.0,0.0,0.0,0.0
2023-12-31 05:00:00,0.0,0.0,0.0,0.0
2023-12-31 06:00:00,0.0,0.0,0.0,0.0
2023-12-31 07:00:00,0.0,0.0,0.0,0.0
2023-12-31 08:00:00,0.0,0.0,0.0,0.0
2023-12-31 09:00:00,0.0,0.0,0.0,0.0
2023-12-31 10:00:00,0.0,0.0,0.0,0.0
2023-12-31 11:00:00,0.0,0.0,0.0,0.0
2023-12-31 12:00:00,0.0,0.0,0.0,0.0
2023-12-31 13:00:00,0.0,0.0,0.0,0.0
2023-12-31 14:00:00,0.0,0.0,0.0,0.0
2023-12-31 15:00:00,0.0,0.0,0.0,0.0
2023-12-31 16:00:00,0.0,0.0,0.0,0.0
2023-12-31 17:00:00,0.0,0.0,0.0,0.0
2023-12-31 18:00:00,0.0,0.0,0.0,0.0
2023-12-31 19:00:00,0.11419673299442867,0.01800192171378495,0.08751518599495371,0.08735554075719222
2023-12-31 20:00:00,0.03488376130562814,0.014072361569375219,0.023497011556008182,0.0264092679473547
2023-12-31 21:00:00,0.07686928976976831,0.048495066282758424,0.0665511929120739,0.07573544878901123
2023-12-31 22:00:00,0.0555310545918515,0.05281233798751789,0.05785706722214572,0.06958276271131104
2023-12-31 23:00:00,0.056127729627981855,0.03210504570688406,0.04683160086782725,0.05452626487628585
2024-01-01 00:00:00,0.07799867070170446,0.044340867107464106,0.07094469079032134,0.06817426043976392
2024-01-01 01:00:00,0.030547592099021557,0.053816942156844044,0.03237935660152932,0.02863474841271831
2024-01-01 02:00:00,0.006607953020845834,0.013118990029381569,0.007110739107450784,0.005892652222416045
2024-01-01 03:00:00,0.0009058873062261606,0.00419589289410753,0.0012049100850185855,0.0006785861768364357
2024-01-01 04:00:00,0.0,0.0,0.0,0.0
2024-01-01 05:00:00,0.0,0.0,0.0,0.0
2024-01-01 06:00:00,0.0,0.0,0.0,0.0
2024-01-01 07:00:00,0.0,0.0,0.0,0.0
2024-01-01 08:00:00,0.0,0.0,0.0,0.0
2024-01-01 09:00:00,0.0,0.0,0.0,0.0
2024-01-01 10:00:00,0.0,0.0,0.0,0.0
2024-01-01 11:00:00,0.0,0.0,0.0,0.0
