time,DivisionNo.4_1,DivisionNo.3_1,DivisionNo.4_2,DivisionNo.4_4
2023-01-01 14:00:00,0.2156035939976573,0.810409590574828,0.11479090929962692,0.04805149735417217
2023-01-01 15:00:00,0.2090539232268929,0.8061504580080509,0.0969967450853437,0.04171920052263886
2023-01-01 16:00:00,0.20386463727802034,0.805245089801875,0.09416587376035748,0.04746088445186614
2023-01-01 17:00:00,0.23984170556068415,0.718283549222079,0.1168120121397078,0.06040594728197903
2023-01-01 18:00:00,0.2423668975941837,0.7041817045482722,0.12917573831044135,0.07063867344055326
2023-01-01 19:00:00,0.23725220644846554,0.6843133498863739,0.13553498934954403,0.07555570113938301
2023-01-01 20:00:00,0.24602876225486395,0.658673987876285,0.14056219805032014,0.08449170358944684
2023-01-01 21:00:00,0.3338781734742224,0.6161332832818681,0.17196622471325096,0.1015535483928397
2023-01-01 22:00:00,0.4387652163393795,0.5714370986819266,0.2332131933327764,0.12363617700990288
2023-01-01 23:00:00,0.495909209139645,0.5290099031410433,0.2842945999838412,0.14020200841128824
2023-01-02 00:00:00,0.5371379944123328,0.43315906288948924,0.3364907332882284,0.1618107419740408
2023-01-02 01:00:00,0.6208101112209258,0.3350189428979701,0.42699474059045306,0.19206476093269884
2023-01-02 02:00:00,0.6099960293062029,0.27718703213740475,0.4435040802136063,0.17580457992851733
2023-01-02 03:00:00,0.5813188291341067,0.2741990164667367,0.40011685600504276,0.13663661571219562
2023-01-02 04:00:00,0.4727092443592847,0.284933505681428,0.32854333987459544,0.103138683992438
2023-01-02 05:00:00,0.6621712563373148,0.18221213075247678,0.439265802744776,0.16648869959637524
2023-01-02 06:00:00,0.6776556026376782,0.28272214621305464,0.48274981956928975,0.20076309048570692
2023-01-02 07:00:00,0.6331666069105268,0.5058064346015453,0.4979111985117196,0.22172814133577048
2023-01-02 08:00:00,0.5699010733701289,0.6437167673083866,0.4329586436040699,0.1783212627377361
2023-01-02 09:00:00,0.48955055516213175,0.6693603212995961,0.33238009013235564,0.12341771905310452
2023-01-02 10:00:00,0.4937892446666955,0.6167729497904125,0.2660978279821575,0.09106155783403665
2023-01-02 11:00:00,0.532793190665543,0.5975423858653413,0.27652668719179924,0.10274224162101746
2023-01-02 12:00:00,0.5762500357069075,0.5763104126263746,0.32480011101812123,0.1301541176624596
2023-01-02 13:00:00,0.6483922106027602,0.564186244647611,0.3828827953431755,0.14904443089850242
2023-01-02 14:00:00,0.7462484967149792,0.5979358819398011,0.4641261732205748,0.1854579043481499
2023-01-02 15:00:00,0.7713782277703283,0.6276444432003929,0.49619669767096625,0.21753600751049817
2023-01-02 16:00:00,0.8180379656329748,0.6595820816674014,0.5421205814369022,0.25745665796101086
2023-01-02 17:00:00,0.8926281132176518,0.5710758826136587,0.6582107800617812,0.34153564190492025
2023-01-02 18:00:00,0.8750042987801133,0.5532931467348878,0.618443391174078,0.2916875166539103
2023-01-02 19:00:00,0.8510640644654631,0.5054488787461411,0.5764319057017563,0.265096074566245
2023-01-02 20:00:00,0.8251162349432705,0.5044872820648281,0.5684099626913668,0.2754574063699692
2023-01-02 21:00:00,0.8079502738825975,0.4475555636259642,0.620527986306697,0.30658219961449495
2023-01-02 22:00:00,0.7541449313797056,0.34023760990663005,0.6631191507913172,0.33104032134637235
2023-01-02 23:00:00,0.7023712386377154,0.2714208890362219,0.6859214025177061,0.34713563323020935
2023-01-03 00:00:00,0.7156667125038803,0.19261164207350123,0.672613859772682,0.32538029238581656
2023-01-03 01:00:00,0.762604953087866,0.1291897121884606,0.6679095055349171,0.31348613940179354
2023-01-03 02:00:00,0.7400904875434935,0.07555851470340381,0.646661656089127,0.30429021352902047
2023-01-03 03:00:00,0.717287307102233,0.04290476242588325,0.5866942336410284,0.2691790908202528
2023-01-03 04:00:00,0.7221112953498958,0.035738040977580994,0.5220565161481499,0.22365202915854748
2023-01-03 05:00:00,0.7421022066660223,0.07108863705938512,0.49010974043980227,0.20002129723317916
2023-01-03 06:00:00,0.7591901029832658,0.12599006008695474,0.4844728575274348,0.2255287357419729
2023-01-03 07:00:00,0.7882494280487298,0.15476592577993864,0.5567594509944319,0.3534016312099993
2023-01-03 08:00:00,0.8536253274977207,0.20621939716013998,0.6961600952222942,0.5498202451691031
2023-01-03 09:00:00,0.9447598691843451,0.36810273855247283,0.800410027205944,0.6359635733626782
2023-01-03 10:00:00,0.9794244571961462,0.47664457139643746,0.8600255366042254,0.6697115472331643
2023-01-03 11:00:00,0.9887387315742672,0.5274008103798735,0.8992520254850388,0.6896526438184082
2023-01-03 12:00:00,0.987908889017999,0.5260692153193732,0.8939026316441594,0.6726529691927132
2023-01-03 13:00:00,0.9926747571118175,0.5131833059814842,0.9082408131845295,0.7070258611626921
2023-01-03 14:00:00,0.9965444369241596,0.5140653815323657,0.9182690183259548,0.7373636756837366
2023-01-03 15:00:00,0.9978369831666349,0.5322815112363206,0.9173239727690815,0.7602057960443198
2023-01-03 16:00:00,0.9979512905329465,0.549709048162807,0.9110539412498473,0.7753496279194951
2023-01-03 17:00:00,0.9968845395743847,0.6144285205819388,0.8765658007003365,0.7221893291920422
2023-01-03 18:00:00,0.9968451489880681,0.6833708009394731,0.8631714677996932,0.6992471570707857
2023-01-03 19:00:00,0.9977208689972759,0.7978285039148546,0.8667191914655268,0.6876807315833865
2023-01-03 20:00:00,0.9978176137059926,0.8572896048562092,0.9016504463739693,0.7125503432191908
2023-01-03 21:00:00,0.9968737766519189,0.9030533863604068,0.9362628294341266,0.7682438412867484
2023-01-03 22:00:00,0.9988259162008762,0.9159433322603051,0.9516957297176122,0.8006972166523336
2023-01-03 23:00:00,0.9986813282594085,0.93181768019091,0.9401283188164234,0.7632394289597867
2023-01-04 00:00:00,0.994878462459892,0.9060326114703309,0.9313028416968882,0.7197144127078352
2023-01-04 01:00:00,0.9815874212235213,0.8935662858594547,0.9093805217556653,0.6563173809833824
2023-01-04 02:00:00,0.9459383519366382,0.8871713311292908,0.875455287862569,0.5807081516273318
2023-01-04 03:00:00,0.887970196697861,0.9459752052751454,0.835385974664241,0.5025012994557618
2023-01-04 04:00:00,0.8328672925010322,0.965877842848951,0.7786107024550435,0.425032864222303
2023-01-04 05:00:00,0.740751813724637,0.984860509579832,0.6344931897521018,0.3023854561615735
2023-01-04 06:00:00,0.6561694386787711,0.9846106778356163,0.5868534531071782,0.27357405785471206
2023-01-04 07:00:00,0.5777198553644121,0.9894759960201653,0.5600959253683686,0.2555063686333597
2023-01-04 08:00:00,0.4856356628797948,0.9911778623407536,0.5259877837914974,0.2376420256728306
2023-01-04 09:00:00,0.4476461909338832,0.9861927097493953,0.5659465431421994,0.26474312813486905
2023-01-04 10:00:00,0.46834834465757,0.9822254348072139,0.6267464584764093,0.2976579426694661
2023-01-04 11:00:00,0.43237000815570353,0.9894497866251251,0.5954479178693144,0.2730055679474026
2023-01-04 12:00:00,0.327573062069714,0.9914816496995361,0.4769037538487462,0.2465915013104677
2023-01-04 13:00:00,0.28197487619705497,0.9888818234476177,0.3859431221988051,0.3170249614398926
2023-01-04 14:00:00,0.3535212606191635,0.9855865997617896,0.35466618958860635,0.4380257249064743
2023-01-04 15:00:00,0.4437826695479453,0.9778560093045235,0.31682125573046505,0.4674675707612186
2023-01-04 16:00:00,0.4819515192322433,0.9837763427739794,0.31309038733132183,0.4765162838436663
2023-01-04 17:00:00,0.774525686930865,0.9903485376455567,0.5281615065503865,0.6345854987204073
2023-01-04 18:00:00,0.8790750863403081,0.9854863318665462,0.6905419305339453,0.6266634326800702
2023-01-04 19:00:00,0.9119803966768084,0.9847286615588449,0.759806736074388,0.6487326010130344
2023-01-04 20:00:00,0.9068857172876593,0.9843159617348151,0.7783773963339625,0.6921061877347527
2023-01-04 21:00:00,0.8993840567953884,0.97909452075308,0.7504338992200789,0.7026391527056691
2023-01-04 22:00:00,0.9002944531105458,0.9658968783644113,0.7085069246962665,0.6928207008726893
2023-01-04 23:00:00,0.9308585810102521,0.9367791924964298,0.7174471606314181,0.6759355097077786
2023-01-05 00:00:00,0.9312682860903441,0.8565985558520662,0.7156670474447308,0.6232434886135161
2023-01-05 01:00:00,0.8981521913036704,0.7003724215382878,0.6596784365922211,0.5102906028367578
2023-01-05 02:00:00,0.8485697805136441,0.6183612180027093,0.5856008311919868,0.4170815816521644
2023-01-05 03:00:00,0.842978235632181,0.5583276418257842,0.590633676405996,0.42726503999903787
2023-01-05 04:00:00,0.8789175369217991,0.4537075033783912,0.65540858278051,0.44391287500038734
2023-01-05 05:00:00,0.9701563295163214,0.4441408584199168,0.8576472838409245,0.530289954766631
2023-01-05 06:00:00,0.947907156571746,0.44640765293077983,0.8467057440057397,0.4731364648602902
2023-01-05 07:00:00,0.9240978025645018,0.5832131164317779,0.864810897745192,0.5084158829972147
2023-01-05 08:00:00,0.8969737163372337,0.5259740300341086,0.845253845527768,0.4661941032856702
2023-01-05 09:00:00,0.8348147344589233,0.4158434720743785,0.7344389473646878,0.3257113235816359
2023-01-05 10:00:00,0.7646069649048148,0.4210787065056238,0.6364257663488387,0.23870480148121712
2023-01-05 11:00:00,0.5931835803203285,0.30216021186926145,0.5083265737164766,0.18647442460060118
2023-01-05 12:00:00,0.44822979478165503,0.17349706729027356,0.3901774945016949,0.15270514141768216
2023-01-05 13:00:00,0.41362385369837273,0.14060708547857675,0.32801204727031286,0.11392013105563818
2023-01-05 14:00:00,0.33549471621401605,0.09101562837308105,0.2475818426068872,0.07500041796825827
2023-01-05 15:00:00,0.24409554171375925,0.038580375025895515,0.1891673276480287,0.05604553031735122
2023-01-05 16:00:00,0.14498458285816015,0.02370925425467166,0.12522110097110273,0.041624353700317446
2023-01-05 17:00:00,0.09403043027035891,0.026058417016809634,0.09451788363978264,0.032940906104631726
2023-01-05 18:00:00,0.03824489685706794,0.02710894806141203,0.05259684728458523,0.025144008677452798
2023-01-05 19:00:00,0.00981878207065165,0.034147622700441964,0.02502238245680928,0.028560129944235086
2023-01-05 20:00:00,0.013136172681115567,0.0470901961218227,0.021590493144467468,0.04469536919146777
2023-01-05 21:00:00,0.05440698669292032,0.07806594321673567,0.04654288973659277,0.09608709195163101
2023-01-05 22:00:00,0.13313448444940146,0.1531535368785262,0.08014618852641432,0.1448869906365871
2023-01-05 23:00:00,0.24023180803284044,0.21335961998186326,0.13123920192476363,0.18896167840342962
2023-01-06 00:00:00,0.35972126063890747,0.19476739814335647,0.19593776918947695,0.2539647560101002
2023-01-06 01:00:00,0.5096831557061523,0.1777332981167869,0.275270080100745,0.2897386555559933
2023-01-06 02:00:00,0.6214591806940735,0.164632750549777,0.3328397488128394,0.3170112528931349
2023-01-06 03:00:00,0.6710019095987081,0.18275875551795415,0.37301977868191893,0.35676889091730113
2023-01-06 04:00:00,0.7267827840335666,0.18712289647622543,0.44411412007175377,0.45014900713227685
2023-01-06 05:00:00,0.8545690574124455,0.22018453402952715,0.6053305101767181,0.6028433069400488
2023-01-06 06:00:00,0.9411971133574842,0.27071822702546017,0.7464928168617189,0.6878495608456433
2023-01-06 07:00:00,0.9777244814299046,0.3805691120231693,0.8501159378513694,0.7712125462852418
2023-01-06 08:00:00,0.9967497057095169,0.4714444086429749,0.9266434042528271,0.8004717685654759
2023-01-06 09:00:00,0.99832341786474,0.5238874011486768,0.9458917299471795,0.8168226159550248
2023-01-06 10:00:00,0.9992290688678622,0.569004715125669,0.9423989908210935,0.852184731401503
2023-01-06 11:00:00,0.9998814216628671,0.6005243160778826,0.9269793848134577,0.8569363596104084
2023-01-06 12:00:00,1.0,0.636120165762576,0.9248095063678918,0.8664355315826832
2023-01-06 13:00:00,1.0,0.7097309489277275,0.9297509698756038,0.8653549558110533
2023-01-06 14:00:00,1.0,0.8207791594619102,0.9198164886981248,0.8371366010606289
2023-01-06 15:00:00,1.0,0.8431575408442452,0.9299406628496943,0.837935995850712
2023-01-06 16:00:00,1.0,0.9004746817187829,0.9481205678358674,0.848972329441458
2023-01-06 17:00:00,1.0,0.9445112932812083,0.9749736541695893,0.8704022928886114
2023-01-06 18:00:00,0.9996439116075635,0.9596705725653604,0.9639086678251625,0.7910044468566775
2023-01-06 19:00:00,0.9971492124721407,0.9625453429059547,0.9554666172526777,0.726130902264267
2023-01-06 20:00:00,0.9893593310378492,0.9807062699578025,0.9203401160985231,0.6311814978718757
2023-01-06 21:00:00,0.9723526713624595,0.9942804986509409,0.875748148970306,0.5447844260558485
2023-01-06 22:00:00,0.9296657286956905,0.9975612424991347,0.8256624963879586,0.46345176978036756
2023-01-06 23:00:00,0.8898170788772404,0.9988825393806805,0.7983079973980785,0.4406174789369106
2023-01-07 00:00:00,0.8071964342705905,0.9947851432453502,0.7396647853218018,0.41778227331116796
2023-01-07 01:00:00,0.7208704596199096,0.9846856627681038,0.6848933947645127,0.41688750078901654
2023-01-07 02:00:00,0.6583378993906079,0.9720142122154886,0.6366337548755109,0.4176414292678237
2023-01-07 03:00:00,0.6177880707569419,0.9886891949583184,0.60808339336887,0.4189982039108872
2023-01-07 04:00:00,0.5859690636023878,0.9979038398509676,0.5859993408806621,0.4297405177913606
2023-01-07 05:00:00,0.5510453757643698,1.0,0.6655733142606913,0.5866619735769926
2023-01-07 06:00:00,0.6156486724875866,1.0,0.7453714737109838,0.6465377607382832
2023-01-07 07:00:00,0.60482754945755,1.0,0.7278049051389097,0.6262307579070329
2023-01-07 08:00:00,0.520887388586998,1.0,0.6575093222036957,0.634425230771303
2023-01-07 09:00:00,0.4511608329415322,1.0,0.6397427915036676,0.7123223136551677
2023-01-07 10:00:00,0.40329834917560214,1.0,0.659631743133068,0.7831376169621943
2023-01-07 11:00:00,0.3941532766260206,0.9971895865147765,0.686690889056772,0.8259815584123135
2023-01-07 12:00:00,0.3662498984858394,0.9856587826121935,0.6746352653577923,0.7899675529263912
2023-01-07 13:00:00,0.2742124041542411,0.9945502638545903,0.5899720142781734,0.68796508686617
2023-01-07 14:00:00,0.22417450467124578,0.9996738448468122,0.5430074666626751,0.6554034374840557
2023-01-07 15:00:00,0.2409572331979871,1.0,0.591265069283545,0.7502345038205386
2023-01-07 16:00:00,0.32236893273890016,1.0,0.6963093749433755,0.7650936230272053
2023-01-07 17:00:00,0.5587582100182771,1.0,0.8215306323207915,0.9055440388247371
2023-01-07 18:00:00,0.5895551388897001,1.0,0.7915562334470451,0.8442499482631683
2023-01-07 19:00:00,0.7070907940529285,0.9975429868969051,0.7683670314773916,0.7020178773440418
2023-01-07 20:00:00,0.667166219037026,0.982967909560962,0.7190165342204273,0.6092356558889149
2023-01-07 21:00:00,0.48426997020840645,0.9798975623602216,0.6270052682049572,0.6150032423809167
2023-01-07 22:00:00,0.3757603240571916,0.9894461164284837,0.534624761659652,0.5117513347975908
2023-01-07 23:00:00,0.28983045859262346,0.9922256928682327,0.39895433584228146,0.40489773031324144
2023-01-08 00:00:00,0.2236349692754447,0.9811621299115093,0.32651397163048385,0.3737333800643682
2023-01-08 01:00:00,0.20056445473805068,0.9519442112472923,0.337948759123683,0.3122240482270718
2023-01-08 02:00:00,0.3230827727168798,0.8767418156157841,0.4287607835419477,0.2883529623784125
2023-01-08 03:00:00,0.547803210299462,0.6809667139297181,0.4547137883864344,0.1912725072726607
2023-01-08 04:00:00,0.5012471687234938,0.4850184902684255,0.323942415062338,0.09825838393066076
2023-01-08 05:00:00,0.3347937227785587,0.6144289533387529,0.24297850494273004,0.08744682826567443
2023-01-08 06:00:00,0.148005615696311,0.5987260739369824,0.11626918599475174,0.04608495554886757
2023-01-08 07:00:00,0.023122929544188084,0.616821648803624,0.04261040904093533,0.03765885327011348
2023-01-08 08:00:00,0.006438657399266959,0.508029492998665,0.08309561611618844,0.11890730665996671
2023-01-08 09:00:00,0.18643030029721558,0.48754612231796446,0.24754269045311952,0.17208079992793499
2023-01-08 10:00:00,0.5385855972580611,0.5430198423428968,0.30990928284823893,0.1298101207567379
2023-01-08 11:00:00,0.5159407044574618,0.5553141437470912,0.27676009723916645,0.1527770990040153
2023-01-08 12:00:00,0.49171201735734926,0.5820275081694124,0.3414768839254975,0.2651586382463574
2023-01-08 13:00:00,0.4578283683583141,0.5837022242762824,0.43165550053119656,0.3443135803006589
2023-01-08 14:00:00,0.4524329451657833,0.5321811087429522,0.47855923980474474,0.3947140945959836
2023-01-08 15:00:00,0.38218145405873655,0.5316546822000632,0.5119995634444058,0.486637750621885
2023-01-08 16:00:00,0.5082761245407164,0.5541717995838683,0.6316906356066465,0.5821943580918013
2023-01-08 17:00:00,0.8156296423450111,0.5897230671481651,0.7950725297629831,0.7068261387571692
2023-01-08 18:00:00,0.8657660070247948,0.5772367914833806,0.8368773935362694,0.7324837177805601
2023-01-08 19:00:00,0.8455872982181607,0.5596925171667877,0.818530128430575,0.7221352874673903
2023-01-08 20:00:00,0.8831597135402262,0.45170734672383817,0.8671573240123688,0.7940483728796242
2023-01-08 21:00:00,0.9492626881226894,0.4805194658853791,0.8947714296914636,0.7324409581534563
2023-01-08 22:00:00,0.8714456488564608,0.5423461526767773,0.8417551463283597,0.6693488885834811
2023-01-08 23:00:00,0.8426924407482146,0.4044874147528951,0.8717318204045297,0.7371712440438567
2023-01-09 00:00:00,0.9242268882878124,0.26010083400390366,0.9358549179881812,0.7862172264978288
2023-01-09 01:00:00,0.9489618875458836,0.25929351388053457,0.9219898425787687,0.6646004895865916
2023-01-09 02:00:00,0.8851596315763891,0.2193251640552824,0.8223281188309194,0.525516474917531
2023-01-09 03:00:00,0.7072740395925939,0.13423048655417832,0.7148177410848436,0.48327141730114825
2023-01-09 04:00:00,0.5788223423063754,0.13430948482318358,0.667729728296399,0.4699431697651744
2023-01-09 05:00:00,0.2908979775570333,0.19422143770889794,0.4183662689849734,0.3078665182460099
2023-01-09 06:00:00,0.22760489078238605,0.3124247043241154,0.43687218084000046,0.4137934211455285
2023-01-09 07:00:00,0.2400690971314907,0.5425645858049393,0.4646527782455086,0.44919833511114116
2023-01-09 08:00:00,0.2129474122263491,0.7449168548123403,0.43597314258106057,0.42234797514975064
2023-01-09 09:00:00,0.17060905322432518,0.8684602615779095,0.3906922850571573,0.38257794272154566
2023-01-09 10:00:00,0.17142189410515124,0.9338105186684565,0.43422610351815827,0.41732072154991323
2023-01-09 11:00:00,0.21371031310409302,0.9592011207342147,0.5213720515929163,0.4365010803565383
2023-01-09 12:00:00,0.22615813858807085,0.984899490191178,0.5445914260577409,0.40904858622234314
2023-01-09 13:00:00,0.16343411890789863,0.9937841332500629,0.5183424082724378,0.3968557806266471
2023-01-09 14:00:00,0.10157029944006354,0.9993757169896906,0.502641181256622,0.43033092156983904
2023-01-09 15:00:00,0.053637038846500215,1.0,0.45950597018934775,0.4604533873405307
2023-01-09 16:00:00,0.03680352239403873,1.0,0.4354599947202951,0.4813289064494892
2023-01-09 17:00:00,0.009785287943668664,0.9996780812740326,0.3419430171465501,0.4421326778223737
2023-01-09 18:00:00,0.012666201926767826,0.9990344206853347,0.3128763398015872,0.4469584458135068
2023-01-09 19:00:00,0.04321701872628182,0.9987436285073108,0.31125969279091803,0.43381820753216727
2023-01-09 20:00:00,0.10073428692296145,0.9991301147504287,0.3027840790431946,0.40928774896077813
2023-01-09 21:00:00,0.2052470715157687,1.0,0.3104939917474985,0.41124936396256084
2023-01-09 22:00:00,0.3114084602333605,0.9997188081795518,0.30113633269444107,0.36799827581271527
2023-01-09 23:00:00,0.3305976348370313,1.0,0.28949945984408254,0.3259553173370659
2023-01-10 00:00:00,0.23230221556499592,0.9861020095375452,0.22326457655988632,0.22239821472205218
2023-01-10 01:00:00,0.1373674680572003,0.584719679057598,0.14729428532533348,0.1305961933080107
2023-01-10 02:00:00,0.05560868136119097,0.20397168549624353,0.08907091858796776,0.07169803161639719
2023-01-10 03:00:00,0.007637433782219886,0.2716930954632434,0.03521052698604763,0.0250780613720417
2023-01-10 04:00:00,0.004641582579351961,0.18895720303735947,0.013955670990981162,0.011257043206132949
2023-01-10 05:00:00,0.03345560839399696,0.08883300114084373,0.02605996479280293,0.004527199491858483
2023-01-10 06:00:00,0.002849185331724584,0.04595830474387516,0.002210363810881972,0.0008359104627743364
2023-01-10 07:00:00,0.0,0.07790592801841821,0.011045573041774333,0.009086037673987449
2023-01-10 08:00:00,0.0,0.08294568334113467,0.006081423927098513,0.005431796973571182
2023-01-10 09:00:00,7.788357324898242e-06,0.11302195366810666,0.0031075715925544503,0.003714754898101092
2023-01-10 10:00:00,7.295580580830572e-05,0.1689342718706889,0.002543210526928306,0.003993816985748708
2023-01-10 11:00:00,0.0,0.24763955396684725,0.0007647899352014064,0.004185607898980379
2023-01-10 12:00:00,0.0,0.2912786852229725,0.0030547463428229095,0.007800021646544339
2023-01-10 13:00:00,0.0,0.23530271035026426,0.003597696088254452,0.010485902312211694
2023-01-10 14:00:00,0.0002974171657115221,0.22919618105346504,0.005855934699065983,0.01293355505913496
2023-01-10 15:00:00,0.0012504019541665912,0.318568229675293,0.004890377670526504,0.007366804433986545
2023-01-10 16:00:00,0.0011333279265090823,0.5733258485523135,0.0024055870622396473,0.00275463845115155
2023-01-10 17:00:00,0.00016057881526648996,0.715757489028302,0.0014902993664145472,0.0013494774792343377
2023-01-10 18:00:00,0.0005837786104530095,0.9506642908535222,0.0022310219984501604,0.002396000549197197
2023-01-10 19:00:00,0.0012750140624120832,0.9608652693439615,0.002907278444617987,0.0030500013101845986
2023-01-10 20:00:00,0.0005232712812721728,0.9329517436840317,0.0019449665397405626,0.0017709620390087366
2023-01-10 21:00:00,0.0,0.8963895180821417,5.2548465318977827e-05,2.267769072204828e-05
2023-01-10 22:00:00,0.0,0.9037637996673584,0.0003126286622136831,0.00025316600687801837
2023-01-10 23:00:00,0.0,0.9569303108751774,0.0013356132619082926,0.0008556671347469092
2023-01-11 00:00:00,0.0003697069035843015,0.9683894046057354,0.0004275849834084511,0.000445290352217853
2023-01-11 01:00:00,0.0,0.8187485073371366,0.00013965824153274297,9.581546299159526e-05
2023-01-11 02:00:00,0.0,0.5612042109126393,0.0002360706916078925,0.0001849100552499294
2023-01-11 03:00:00,0.0,0.3582636303115974,0.0003071571374312043,0.0004644321743398905
2023-01-11 04:00:00,0.0,0.25811041464859785,0.00012292878702282905,5.728505551815032e-05
2023-01-11 05:00:00,0.000383842559531331,0.21015804285352874,0.002358791129663586,0.004012447246350348
2023-01-11 06:00:00,0.0026153095904737707,0.16012721268968147,0.008263667984865606,0.015290262503549458
2023-01-11 07:00:00,0.013694247859530152,0.17062025633725256,0.0285215624095872,0.043529348322190346
2023-01-11 08:00:00,0.05133354130201041,0.15913582432676446,0.0393703541904688,0.03721642652526498
2023-01-11 09:00:00,0.08897692193277183,0.14997057236053724,0.03949862173758447,0.009976229243911804
2023-01-11 10:00:00,0.062296899287030104,0.13943775583058596,0.028161898935213685,0.0031145037198439247
2023-01-11 11:00:00,0.014828394530341028,0.11798183704641728,0.00998009678442031,0.0016190585307776927
2023-01-11 12:00:00,0.0015636351238936183,0.08963805730369956,0.004914290690794587,0.004938259832561016
2023-01-11 13:00:00,0.0,0.060958034243773336,0.003943978305906057,0.008142705946229399
2023-01-11 14:00:00,0.00022728703450411558,0.026478298380970957,0.006277971751987934,0.011720804572105406
2023-01-11 15:00:00,0.0002042013918980956,0.003674721816046672,0.007072417568415403,0.01167126290034503
2023-01-11 16:00:00,0.001800327650271356,0.0016659321500496432,0.004932766049169004,0.00488907212857157
2023-01-11 17:00:00,0.001886327560059726,0.015747355314140968,0.0058317720284685485,0.0014424657030031084
2023-01-11 18:00:00,0.006208016145974398,0.030770055685531008,0.014490073150955142,0.0032095964951440693
2023-01-11 19:00:00,0.008064275202341379,0.01733841915360906,0.0187078727548942,0.0043251372221857305
2023-01-11 20:00:00,0.005769650642760098,0.009408495741134339,0.01431929413229227,0.0034216075669974088
2023-01-11 21:00:00,0.003892089808359742,0.0025221787088296633,0.004218455534428358,0.0004233420267701149
2023-01-11 22:00:00,0.003526355866342783,0.001605241840535944,0.0011850758036598562,0.00011596715077757834
2023-01-11 23:00:00,0.007498372048139573,0.003387978205626661,0.0014794570254161952,0.0007712438004091381
2023-01-12 00:00:00,0.021608165879733864,0.0036004877192052933,0.0030555241461843255,0.004479055204428733
2023-01-12 01:00:00,0.009242437686771155,0.008263385634530674,0.0008892684895545244,0.0013442912185564638
2023-01-12 02:00:00,0.0037225534161552786,0.014385729835114693,0.0011996180191636086,0.0022694991715252397
2023-01-12 03:00:00,0.002973454487510025,0.024648438505828384,0.003879513563588262,0.008011940056458115
2023-01-12 04:00:00,0.012237908402457833,0.051974037387831636,0.012682026643306017,0.018647065381519494
2023-01-12 05:00:00,0.020609024548903107,0.14587880771945824,0.010960997859947384,0.018165148748084906
2023-01-12 06:00:00,0.03258517574518919,0.33082176210528064,0.017249842109158635,0.03691293569281697
2023-01-12 07:00:00,0.06822199736256153,0.5452336989478629,0.05016776907257735,0.0868643767153844
2023-01-12 08:00:00,0.1521302906051278,0.6944627512720496,0.12395298633724451,0.16226997507736088
2023-01-12 09:00:00,0.29279957998543976,0.7922691812704908,0.2195585753489285,0.2179567896481603
2023-01-12 10:00:00,0.3838016630522906,0.8282975663380189,0.2815556483156979,0.24190978020429613
2023-01-12 11:00:00,0.4257791554927826,0.8607938663119618,0.3009886108525097,0.24699020108208058
2023-01-12 12:00:00,0.43883460134267804,0.9206255740469154,0.2943458659946918,0.23369862576946612
2023-01-12 13:00:00,0.4462388056516647,0.9454739474301989,0.3091407457925378,0.24694779388606547
2023-01-12 14:00:00,0.41864290326833725,0.9205661371756684,0.3275709812529385,0.2580642981268465
2023-01-12 15:00:00,0.3777035951614379,0.90691831309687,0.3343225942924618,0.2604601980745792
2023-01-12 16:00:00,0.4253772211074829,0.9584292656996034,0.3726583858765661,0.25980901230126613
2023-01-12 17:00:00,0.29432594124227757,0.8996022356369278,0.2671453069336712,0.15386844971217215
2023-01-12 18:00:00,0.2915625666640699,0.8022336234558711,0.25684237947687505,0.12328182074707
2023-01-12 19:00:00,0.28797570701688524,0.6874495077539572,0.2030133518762886,0.0764128814637661
2023-01-12 20:00:00,0.20345401888713244,0.7601881822537291,0.13755064965225755,0.05101491916924714
2023-01-12 21:00:00,0.16594734111800785,0.7952844220264392,0.11031886474229396,0.03945990410167723
2023-01-12 22:00:00,0.2108450615871697,0.86698096413504,0.15115604868158697,0.06722175878938287
2023-01-12 23:00:00,0.25507543917745346,0.918727885335684,0.19004221722483636,0.0942700270237401
2023-01-13 00:00:00,0.18694288418628274,0.8218081626431508,0.1285966818872839,0.06402975437697023
2023-01-13 01:00:00,0.14309819679707286,0.5901514183662154,0.13320978204719722,0.09544441121630372
2023-01-13 02:00:00,0.1808077399618923,0.6152087712558832,0.1550938142556697,0.08473536346107721
2023-01-13 03:00:00,0.1979647519718855,0.8568832260776649,0.13699442021548747,0.060085466322489074
2023-01-13 04:00:00,0.17075478536076844,0.9429919240691447,0.14503820724785327,0.06374038111418484
2023-01-13 05:00:00,0.23213163856416935,0.9864836739545517,0.21753259290941057,0.07508517799433319
2023-01-13 06:00:00,0.243826128616929,0.9993840461427514,0.2808716020546853,0.1332082496397197
2023-01-13 07:00:00,0.19679945377632974,1.0,0.3057024561986327,0.19706738555803893
2023-01-13 08:00:00,0.2654885165765882,1.0,0.31990100191906085,0.223526949416846
2023-01-13 09:00:00,0.30301972225308416,1.0,0.34710517534986135,0.24057208602782337
2023-01-13 10:00:00,0.2849678096361458,1.0,0.3594182910211384,0.2719048014516011
2023-01-13 11:00:00,0.2661516287364065,1.0,0.42891175391152503,0.39672436990775156
2023-01-13 12:00:00,0.25681714713573456,1.0,0.4464677412994205,0.4094854448083788
2023-01-13 13:00:00,0.24598741214722394,1.0,0.383500607330352,0.34998715634457755
2023-01-13 14:00:00,0.34704521354287865,1.0,0.5346620582602918,0.5146200871840119
2023-01-13 15:00:00,0.5056158854626118,1.0,0.756309710536152,0.7135403267666696
2023-01-13 16:00:00,0.500025514513254,1.0,0.7381658117659389,0.6810446589440106
2023-01-13 17:00:00,0.2558054272085428,1.0,0.5813173901848495,0.5826925720646977
2023-01-13 18:00:00,0.1146163123520091,0.9983171656456858,0.4491893030703068,0.5066847012937068
2023-01-13 19:00:00,0.13762375474441793,0.9116001612489874,0.43447012582328165,0.4618588105216621
2023-01-13 20:00:00,0.08909582522232085,0.8591545968435025,0.3456260083150119,0.3117613581102341
2023-01-13 21:00:00,0.03875542590860277,0.8965662018683822,0.23953812588937576,0.23865299041382967
2023-01-13 22:00:00,0.028074510693550107,0.8035670228844338,0.3118368309829384,0.27083209387958046
2023-01-13 23:00:00,0.01901779015082866,0.7617306379838422,0.3476126426830887,0.27925776145420966
2023-01-14 00:00:00,0.014857551129534841,0.796420161209323,0.25705099737737325,0.21024176169186826
2023-01-14 01:00:00,0.011537546697072685,0.7659165022048081,0.16639808049891142,0.14182029003277416
2023-01-14 02:00:00,0.010761747695505619,0.6313801132142541,0.18731686074752357,0.21265933402813972
2023-01-14 03:00:00,0.0285839343862608,0.5888405210998924,0.2852386547159403,0.3248653940018266
2023-01-14 04:00:00,0.03162497579120099,0.6091667723791165,0.25659682660829275,0.3101959758251905
2023-01-14 05:00:00,0.03383970386348665,0.7954066503860734,0.21472284748684614,0.330629556379281
2023-01-14 06:00:00,0.06902433179784564,0.8458587429062887,0.29278406596276907,0.5328915251698345
2023-01-14 07:00:00,0.08535245753824708,0.8158639626746825,0.26704146691597996,0.527458722461015
2023-01-14 08:00:00,0.07889727712608874,0.812363641411066,0.24300334546715022,0.5526384630613029
2023-01-14 09:00:00,0.15569660713896152,0.7559313707595519,0.2874434215947986,0.5512063433788716
2023-01-14 10:00:00,0.22870592077262697,0.6915879929336634,0.3548249297309667,0.5610898749902845
2023-01-14 11:00:00,0.28747460838407274,0.7008816167102618,0.41346176551654923,0.5704025563318281
2023-01-14 12:00:00,0.25846773412078616,0.7004359187321229,0.47018972966819994,0.5737165317498146
2023-01-14 13:00:00,0.17452308757230636,0.6728289126266133,0.49304791735485193,0.5888615963049232
2023-01-14 14:00:00,0.1307771421736106,0.6166514301977375,0.5759719848446548,0.6543637949414551
2023-01-14 15:00:00,0.111151418145746,0.6008173144134608,0.5611682063993066,0.6308607454039156
2023-01-14 16:00:00,0.0957334238383919,0.6059970879148355,0.505280579254031,0.6121883947215974
2023-01-14 17:00:00,0.061377902477979654,0.6591876833547244,0.26469199110288166,0.32434380866587165
2023-01-14 18:00:00,0.03895474664866924,0.7587004096399652,0.21866051228251301,0.2967307601403445
2023-01-14 19:00:00,0.02623306228313595,0.8217507889460433,0.1613534147571772,0.24691004249267276
2023-01-14 20:00:00,0.04778243053704499,0.9249650621549648,0.129410043223761,0.19186172403395174
2023-01-14 21:00:00,0.10955374260433016,0.9831717753139411,0.117425451381132,0.15922521925996985
2023-01-14 22:00:00,0.2066817932249978,0.9987596498294309,0.12027706081513315,0.11931594585999845
2023-01-14 23:00:00,0.2514722927939147,1.0,0.14270651548169552,0.1468785714451223
2023-01-15 00:00:00,0.2188404288515448,1.0,0.16837582387495784,0.19196719354018565
2023-01-15 01:00:00,0.21665048674214626,1.0,0.2506465571373701,0.237590517392382
2023-01-15 02:00:00,0.3085556308552623,0.9933060131967065,0.25739327467977996,0.1892513350956142
2023-01-15 03:00:00,0.29950882798060774,0.9792571899972177,0.20638573374599217,0.14225441434420644
2023-01-15 04:00:00,0.18385824467055492,0.9249974596635862,0.2137764026969671,0.13104401817545294
2023-01-15 05:00:00,0.11645629051141439,0.7949457688494164,0.27485607393085953,0.16617709967773409
2023-01-15 06:00:00,0.12958062230609355,0.6455207502164622,0.29645941268652676,0.16176653776783495
2023-01-15 07:00:00,0.20249264323152597,0.48632635665888135,0.3562230594083667,0.18348519884981213
2023-01-15 08:00:00,0.2788978746719658,0.47045101867480704,0.33965650276280934,0.1547391488868743
2023-01-15 09:00:00,0.25246249611489474,0.5034882143275302,0.23463368699885906,0.0828995635313913
2023-01-15 10:00:00,0.15762493398971855,0.4163210866058415,0.11927440783474591,0.028930960013531144
2023-01-15 11:00:00,0.06479269945062696,0.3032463712143627,0.050690610203891984,0.009148594303987921
2023-01-15 12:00:00,0.00721478576771915,0.21617110759019847,0.015510416035540403,0.006539434106089174
2023-01-15 13:00:00,0.00014351509511470792,0.1027824005620046,0.007738162456080318,0.006503391191363336
2023-01-15 14:00:00,0.0004288467532023787,0.04610956624150275,0.00785946600139141,0.006063508386723697
2023-01-15 15:00:00,0.0041476264735683804,0.02786557606336745,0.00765410345979035,0.004399287952110171
2023-01-15 16:00:00,0.01699479012284428,0.007713855616748333,0.017198853343725205,0.006929549877531827
2023-01-15 17:00:00,0.01761828133836389,0.0012046064436435698,0.03480945009738207,0.012050114921294153
2023-01-15 18:00:00,0.012704852139577269,0.0013183894753456117,0.03507853801827878,0.008990973262116312
2023-01-15 19:00:00,0.007779125873930752,0.001433386765420437,0.019253960424102844,0.005160460169427096
2023-01-15 20:00:00,0.0035224790638312695,0.0016023536263541742,0.007511055185459553,0.00493483648635447
2023-01-15 21:00:00,0.006644297102466227,0.0016759175536307422,0.010549955712631346,0.017115568425506354
2023-01-15 22:00:00,0.01766662172507495,0.001351778083904223,0.022102806740440427,0.03064933751244098
2023-01-15 23:00:00,0.04253565515391529,0.0010049080442298543,0.030455408645793793,0.03504929202143103
2023-01-16 00:00:00,0.06436441658996045,0.0018626430867747827,0.02596954813227058,0.026061460231430834
2023-01-16 01:00:00,0.07465497974306344,0.0011269071461124853,0.023468426349572837,0.023893735334277143
2023-01-16 02:00:00,0.06415887298993765,0.0006265125999396497,0.01781390979886055,0.01821129399817437
2023-01-16 03:00:00,0.027418930423445998,0.0005344416404312307,0.009372862838208674,0.013437522356398404
2023-01-16 04:00:00,0.008845268078148364,0.0008114267445423387,0.00855296168010682,0.012126657045446342
2023-01-16 05:00:00,0.02944454402197152,0.0068841161578893665,0.013643627613782882,0.019958083997480572
2023-01-16 06:00:00,0.06279558729380369,0.024915187585760244,0.02691882763057947,0.04110983141697943
2023-01-16 07:00:00,0.10716493713203813,0.051663735126229855,0.0781923002237454,0.10566240387968719
2023-01-16 08:00:00,0.23113170474767686,0.0595527669685808,0.1979905073717236,0.19860076909884808
2023-01-16 09:00:00,0.4300378281436859,0.07413327822631055,0.32931954026222227,0.2516864571347832
2023-01-16 10:00:00,0.508830471932888,0.10059099078517067,0.3732427015714347,0.28156444355845445
2023-01-16 11:00:00,0.5004629686102272,0.11214535492726346,0.35612783439457407,0.2997048755921423
2023-01-16 12:00:00,0.5341117429733276,0.12093798218802974,0.3859076029434799,0.32526011435315
2023-01-16 13:00:00,0.5485521034337579,0.10426128406416288,0.42888294424861656,0.33845395524054767
2023-01-16 14:00:00,0.5930632425285874,0.09016851754689759,0.48334952678531407,0.37707341076806183
2023-01-16 15:00:00,0.6589907206967471,0.07821176783943719,0.4902252746932208,0.3880172824859619
2023-01-16 16:00:00,0.6191787408664822,0.0742575613680211,0.42543077278882263,0.3448725741542875
2023-01-16 17:00:00,0.5219100660271943,0.08028302798216992,0.31893641082569957,0.23129330180585386
2023-01-16 18:00:00,0.44087103862315413,0.1077133473618464,0.29080067433416845,0.1973718731943518
2023-01-16 19:00:00,0.4521052348613739,0.1396774452281269,0.34766004309058185,0.23395075024105602
2023-01-16 20:00:00,0.5843736010044812,0.15143438462506642,0.44072487905621527,0.3123962873220443
2023-01-16 21:00:00,0.7079658260941503,0.16875098109583964,0.4979287745803595,0.3375936645269394
2023-01-16 22:00:00,0.7589951772056518,0.20613853810524396,0.5562423674389719,0.30109173614531753
2023-01-16 23:00:00,0.7348784405365585,0.24921801467849444,0.617233436629176,0.3297828622255474
2023-01-17 00:00:00,0.6799117409810422,0.24557498167861586,0.6222700501792132,0.3678769809007645
2023-01-17 01:00:00,0.6683286641165612,0.21304775153032757,0.5700675401836633,0.33487583972513674
2023-01-17 02:00:00,0.6470668748393652,0.15266843467273497,0.4793678776547312,0.24031698062084608
2023-01-17 03:00:00,0.5883573098480699,0.1578937167674303,0.4204292994551361,0.1946139227412641
2023-01-17 04:00:00,0.5493361622840166,0.17798837410794058,0.3891305502690375,0.16745232961140571
2023-01-17 05:00:00,0.4135015067271889,0.045328109894286504,0.33818286735564473,0.14029149594716728
2023-01-17 06:00:00,0.466203284189105,0.07948812644928693,0.41686074396595363,0.18118628062307834
2023-01-17 07:00:00,0.47076389327645307,0.10962684690274972,0.40878440115600834,0.19097961538471286
2023-01-17 08:00:00,0.4433067037165164,0.12569739614020695,0.34925527226179837,0.1893257256038487
2023-01-17 09:00:00,0.4279983982443809,0.133940545882691,0.3385861177928745,0.19382469660602508
2023-01-17 10:00:00,0.4238372912816704,0.16629015419970858,0.3581254022195935,0.17986332242377095
2023-01-17 11:00:00,0.3860113425925374,0.191101000549441,0.38024618638679386,0.1669118614029139
2023-01-17 12:00:00,0.35443995038047427,0.23015300804579802,0.34904542968608443,0.1464359159953892
2023-01-17 13:00:00,0.32059578656218946,0.24432735106484452,0.3040881135221571,0.13775061662308868
2023-01-17 14:00:00,0.29520944418385625,0.25060309617356813,0.24572912530042226,0.1131490168813616
2023-01-17 15:00:00,0.2612122504413128,0.2316625053435564,0.22183865766040975,0.10371676395647222
2023-01-17 16:00:00,0.20846081871539351,0.2038905640623786,0.20136823079548774,0.0913079096050933
2023-01-17 17:00:00,0.1736114540416747,0.2097656121511351,0.16058779180049895,0.06819937279447914
2023-01-17 18:00:00,0.13769208622165025,0.21759904696182764,0.12009843180887399,0.050754129574634134
2023-01-17 19:00:00,0.11477850914001465,0.22734981997785236,0.09881041892338542,0.042147949584759765
2023-01-17 20:00:00,0.10466479839757084,0.25511406752534893,0.10528666330967096,0.04496389965526759
2023-01-17 21:00:00,0.0939578576758504,0.2968495392630046,0.1100527822226286,0.04659256866201759
2023-01-17 22:00:00,0.07026556790806351,0.3028185004639355,0.09177745793014765,0.03782470895443111
2023-01-17 23:00:00,0.04826766525395214,0.28267287856475876,0.05403493830468505,0.022700388659723104
2023-01-18 00:00:00,0.054185543954372396,0.20347922424362463,0.025194679819978773,0.00864951734431088
2023-01-18 01:00:00,0.053926440132781854,0.13016057714481247,0.01580353170633316,0.006829681796953081
2023-01-18 02:00:00,0.04265936419367791,0.13450413035059516,0.011577704218216241,0.0042281354079023
2023-01-18 03:00:00,0.022759362668730323,0.18836671280251308,0.004583883532322943,0.00204457052052021
2023-01-18 04:00:00,0.014771674531511965,0.24365692234174777,0.0021256884792819615,0.0017122609075158834
2023-01-18 05:00:00,0.007550491606816649,0.12645843963392756,0.0009601336624473333,0.0010284927533939481
2023-01-18 06:00:00,0.00771353674121201,0.2331551489674232,0.0012430728739127516,0.001115262801758945
2023-01-18 07:00:00,0.01647025272715837,0.37009857784618033,0.004792061182670295,0.0035883761709555985
2023-01-18 08:00:00,0.06439489913173019,0.5294926901771263,0.020528583987616002,0.02151617946568877
2023-01-18 09:00:00,0.14923089792020616,0.6856539389355615,0.060481507666409015,0.05229104756843298
2023-01-18 10:00:00,0.18889590884558852,0.8060876755145462,0.08690679654013364,0.07308736278209835
2023-01-18 11:00:00,0.18813438995741308,0.901295414837924,0.08300727575086057,0.08093996512703598
2023-01-18 12:00:00,0.20291360280476506,0.9356408866427159,0.08162531167734413,0.08770328389480708
2023-01-18 13:00:00,0.2367424146644771,0.9321486115862023,0.08686078549362719,0.10331588719040155
2023-01-18 14:00:00,0.25801480515860015,0.9491767699881034,0.09712736756075172,0.1263181290309876
2023-01-18 15:00:00,0.2705129214003682,0.962244508564472,0.10443748580757527,0.1468905626516789
2023-01-18 16:00:00,0.26770623078569766,0.9749811789393426,0.10497875547967851,0.15537866520229726
2023-01-18 17:00:00,0.1937665425892919,0.9639571127972819,0.06569763007573783,0.0914578790264204
2023-01-18 18:00:00,0.2010980870854109,0.9747565135630691,0.07590125842019914,0.1005389572540298
2023-01-18 19:00:00,0.2016687183547765,0.9768284657868471,0.08522138807922601,0.1012233332544565
2023-01-18 20:00:00,0.22809053327888246,0.9838378848677333,0.11214324710890648,0.11435496238991616
2023-01-18 21:00:00,0.305029957164079,0.9880796190148048,0.16516688510775562,0.15129219408147038
2023-01-18 22:00:00,0.3567633151449263,0.9875276110930874,0.20302365669980643,0.1733363597281277
2023-01-18 23:00:00,0.38942271970212455,0.9824602302367036,0.22339530624449253,0.19061354140751063
2023-01-19 00:00:00,0.43801523160189393,0.9624434479258277,0.2370015069376677,0.18829653238877653
2023-01-19 01:00:00,0.4066147876158356,0.8823316438631577,0.2068962058983743,0.13077018611133098
2023-01-19 02:00:00,0.3682726233080029,0.8844192580878734,0.16952546222135426,0.08905251552350818
2023-01-19 03:00:00,0.3240037272311747,0.8475556251271203,0.1333486111648381,0.06492921641096472
2023-01-19 04:00:00,0.28203096069395533,0.8080631668730216,0.11181654918007553,0.05188352349679918
2023-01-19 05:00:00,0.23291652352549136,0.7123906332931734,0.08989013342186807,0.04947118925862016
2023-01-19 06:00:00,0.26035213228315107,0.8534990450333464,0.12270046161487697,0.06785974430851638
2023-01-19 07:00:00,0.37544809238985183,0.9360352683202787,0.22539866469800468,0.11115438465029
2023-01-19 08:00:00,0.45629128864035007,0.9520104684477503,0.2983168209902942,0.13245307622477415
2023-01-19 09:00:00,0.518424701374024,0.9530118215625937,0.3420023608952761,0.15849947255104782
2023-01-19 10:00:00,0.5442311305180191,0.9536309443414214,0.38308260718360543,0.17861067747697235
2023-01-19 11:00:00,0.5317099949531257,0.984917342947288,0.4016229443065821,0.20068742271512743
2023-01-19 12:00:00,0.46693995267152777,0.9922180576216092,0.38539357047528033,0.2151607339642942
2023-01-19 13:00:00,0.4152678741887211,0.9923130606792191,0.33681591879576445,0.19683118675835432
2023-01-19 14:00:00,0.33372970255091783,0.9918016261675142,0.25873214885592455,0.13100396523252128
2023-01-19 15:00:00,0.2578832049295306,0.9860585097697648,0.19022785847075283,0.0707803577929735
2023-01-19 16:00:00,0.14480040041729808,0.9839166868139396,0.10159325459040701,0.033169656246900554
2023-01-19 17:00:00,0.032379876049235465,0.9631909000060773,0.01275584709830582,0.013228761861100793
2023-01-19 18:00:00,0.01157630853820592,0.956924706697464,0.010156018268316984,0.03509016859810799
2023-01-19 19:00:00,0.016342079103924333,0.9491854877499016,0.033005682281218474,0.0862214184878394
2023-01-19 20:00:00,0.051529584936797615,0.9311332584104753,0.08374630726873873,0.19767981533426787
2023-01-19 21:00:00,0.11531927915755658,0.8796565315533766,0.12802747992333027,0.2920953998155891
2023-01-19 22:00:00,0.20080618741922074,0.8554551366513425,0.19016874113585797,0.4082044369587674
2023-01-19 23:00:00,0.27554519672878086,0.8033464535528961,0.2647880223626271,0.478643065104261
2023-01-20 00:00:00,0.37596547583118084,0.6661580144546249,0.3476190068479627,0.4757066688872873
2023-01-20 01:00:00,0.3791171965189277,0.4563806396993724,0.3761365841981022,0.4561706051044166
2023-01-20 02:00:00,0.5711689999327062,0.3434460415217009,0.4530440651066602,0.48441066365689034
2023-01-20 03:00:00,0.7731325286254286,0.32389804472977474,0.6550345210172236,0.5581820669956504
2023-01-20 04:00:00,0.8263678615167738,0.37113682091236117,0.7555623969249426,0.5712318318709732
2023-01-20 05:00:00,0.9819009688496589,0.16135335364802314,0.919312008321285,0.7190333052165803
2023-01-20 06:00:00,0.8875155515410005,0.1006023053621704,0.8273072850704193,0.5341600690968334
2023-01-20 07:00:00,0.7354856855608523,0.0625582003356381,0.625674805548042,0.36909178370609874
2023-01-20 08:00:00,0.6016901742480694,0.051848638481037164,0.4460833123698831,0.2287310847174376
2023-01-20 09:00:00,0.48013218440115446,0.08558874411677769,0.3136308598332107,0.13626101912930608
2023-01-20 10:00:00,0.42499268876388663,0.2239670777591792,0.24488159217871724,0.1264525402802974
2023-01-20 11:00:00,0.46966727297753097,0.43967943727970127,0.26425646176561707,0.17979027532972394
2023-01-20 12:00:00,0.6539813185110687,0.6935967515679922,0.3944324121065438,0.24819025509059425
2023-01-20 13:00:00,0.794144964404404,0.8767411135814407,0.5811862908490001,0.3745943396538496
2023-01-20 14:00:00,0.9146832290291785,0.958635300424966,0.7407685064338146,0.4948062505573034
2023-01-20 15:00:00,0.9531414745375513,0.9795167646353895,0.8151029735431076,0.524330983273685
2023-01-20 16:00:00,0.9371887814998626,0.9868233110958878,0.7551732883416116,0.4943364452384411
2023-01-20 17:00:00,0.9105885718762876,0.9853838590193881,0.6854767018556593,0.4519696086272596
2023-01-20 18:00:00,0.8895034513249994,0.9949400063536383,0.6154758148640395,0.30655001846142105
2023-01-20 19:00:00,0.8699808940477667,0.9929853829470546,0.5795252060331404,0.23871682224795213
2023-01-20 20:00:00,0.8609972403757272,0.9896896852417426,0.5681946345046163,0.3007223083265126
2023-01-20 21:00:00,0.8889810744673013,0.9815679326111618,0.6125054753944277,0.46648884374648325
2023-01-20 22:00:00,0.8922666729055345,0.9533480412445283,0.6579258819483219,0.5322448166273535
2023-01-20 23:00:00,0.9232439467497169,0.9340319362689148,0.7013914763182402,0.5793788944557309
2023-01-21 00:00:00,0.9442506536282599,0.9069524043256586,0.7769917178340254,0.5955774125643074
2023-01-21 01:00:00,0.8970110573619603,0.7725239836627786,0.7301123515143988,0.47567227846011517
2023-01-21 02:00:00,0.8909722963161766,0.7423234229738062,0.7006264820136129,0.3939534039422869
2023-01-21 03:00:00,0.9368740078061819,0.7096043373644352,0.745515000540763,0.3827349981665612
2023-01-21 04:00:00,0.9434866568818687,0.6981521613354031,0.793096384704113,0.39103617344051594
2023-01-21 05:00:00,0.9577617788687348,0.6535216445001688,0.8292911714687943,0.4316220279410481
2023-01-21 06:00:00,0.9578820483013988,0.8263234982978213,0.8539862867072224,0.5270723854377866
2023-01-21 07:00:00,0.9635229572281241,0.9692460084367883,0.8871561914309858,0.6301175371557473
2023-01-21 08:00:00,0.9578568591363729,0.9882975119894201,0.8997146054543554,0.6482135304249822
2023-01-21 09:00:00,0.9679337385296822,0.9896751324426044,0.9151503031142056,0.6804956006817517
2023-01-21 10:00:00,0.9615317045524715,0.9915532585843043,0.9228024718910455,0.6995877269841729
2023-01-21 11:00:00,0.9674445617198943,0.9890119107338514,0.9356143510341642,0.741346033643931
2023-01-21 12:00:00,0.9608148475177586,0.9849978772889483,0.9337152759730815,0.7369744047708806
2023-01-21 13:00:00,0.9266114374436436,0.9855218723958189,0.8796563453227281,0.6573266015201805
2023-01-21 14:00:00,0.9757898427173494,0.9877383710714903,0.912206437010318,0.7032158245705067
2023-01-21 15:00:00,0.9680049765296279,0.9891587436063723,0.9283547351136804,0.7056911665387449
2023-01-21 16:00:00,0.9809251102805138,0.9912797133353624,0.9144112629629672,0.6599032785743474
2023-01-21 17:00:00,0.9234507975354791,0.988324971849268,0.8060331438481807,0.4624048049934208
2023-01-21 18:00:00,0.8860086998529731,0.991049325709993,0.7730472499132156,0.41847852254286405
2023-01-21 19:00:00,0.8249312860146163,0.9896877132220702,0.7335918911732733,0.37926142496988174
2023-01-21 20:00:00,0.7181351864896713,0.9879152080552145,0.6691094992309807,0.32411848945543165
2023-01-21 21:00:00,0.6512590813636779,0.9869496483152563,0.6009740504808724,0.3339879085868596
2023-01-21 22:00:00,0.7463052571192382,0.9865984241799874,0.6187344218418002,0.43926082998514177
2023-01-21 23:00:00,0.8758354880660773,0.9870151042938232,0.7538037031330168,0.5565473425015807
2023-01-22 00:00:00,0.9334617834724485,0.9873723431608894,0.8510725793801247,0.5634483684413134
2023-01-22 01:00:00,0.8992352338135243,0.9438078888979824,0.8196782711334526,0.4720356333442032
2023-01-22 02:00:00,0.8654023260250686,0.9207868904146278,0.7736158206127584,0.4121802863478661
2023-01-22 03:00:00,0.7909189692139623,0.9112349731271916,0.7177008009329437,0.370178127773106
2023-01-22 04:00:00,0.6594330518133937,0.9051129813221368,0.6440608663484453,0.3417883637174964
2023-01-22 05:00:00,0.5070417815633118,0.8784620498798109,0.599075196813792,0.3419169057626277
2023-01-22 06:00:00,0.45639069637283675,0.9455492502992802,0.6176287791505455,0.4343254298716783
2023-01-22 07:00:00,0.46834572963416565,0.9823413823138584,0.6802399846352636,0.5728348250500856
2023-01-22 08:00:00,0.6234899279475211,0.993199142827229,0.7840466282330454,0.6738895033113658
2023-01-22 09:00:00,0.7567303686030209,0.9926361548358744,0.8118914183229209,0.6395181422680615
2023-01-22 10:00:00,0.7994523188471792,0.9966331979767843,0.7890207121707499,0.5724403664469718
2023-01-22 11:00:00,0.7151566729322074,1.0,0.754296244047582,0.5712162178382277
2023-01-22 12:00:00,0.689443304426968,1.0,0.7629900618828832,0.6232104942761361
2023-01-22 13:00:00,0.7517273447848858,1.0,0.828126490600407,0.6860715347714722
2023-01-22 14:00:00,0.7267365317977964,1.0,0.8531550963409243,0.7700691431201994
2023-01-22 15:00:00,0.6841821307316421,1.0,0.8505728043988346,0.878091546613723
2023-01-22 16:00:00,0.7754153691232205,1.0,0.8516545606590806,0.9268633827380833
2023-01-22 17:00:00,0.9436570315621794,1.0,0.8992629439383746,0.9668224642798305
2023-01-22 18:00:00,1.0,0.999956481971524,0.9793745856545865,0.9758621656149628
2023-01-22 19:00:00,1.0,0.9985950951684605,0.9986490812897683,0.9894193227961658
2023-01-22 20:00:00,1.0,0.9881090363182804,1.0,0.9977731123939158
2023-01-22 21:00:00,1.0,0.9564684954014692,1.0,0.9977965039387345
2023-01-22 22:00:00,1.0,0.8787601232528687,1.0,0.9979359621554613
2023-01-22 23:00:00,1.0,0.6789852042089807,1.0,0.9973807511478663
2023-01-23 00:00:00,1.0,0.5236575569483366,1.0,0.9992383232712746
2023-01-23 01:00:00,1.0,0.4226845915751023,1.0,1.0
2023-01-23 02:00:00,1.0,0.3868576075204393,1.0,1.0
2023-01-23 03:00:00,1.0,0.3505984221466562,1.0,1.0
2023-01-23 04:00:00,1.0,0.3641185492819007,1.0,1.0
2023-01-23 05:00:00,1.0,0.3842345914921977,1.0,0.995006212964654
2023-01-23 06:00:00,1.0,0.261588671833954,0.9993283632397651,0.9564156157709657
2023-01-23 07:00:00,1.0,0.1960095139389688,0.9979962725192308,0.9478398449532687
2023-01-23 08:00:00,1.0,0.20828719236633997,0.9987314399704337,0.9642882166430353
2023-01-23 09:00:00,1.0,0.2696985222331503,0.997473924048245,0.9354348923265932
2023-01-23 10:00:00,1.0,0.33744446820833474,0.9961737763136626,0.940742304250598
2023-01-23 11:00:00,1.0,0.4247374045848847,0.9979402977228164,0.9523593629710375
2023-01-23 12:00:00,1.0,0.5143668092109938,0.9951923136785628,0.9235123235359788
2023-01-23 13:00:00,0.9929775132238864,0.631852867955511,0.9845001671276987,0.8637423611618579
2023-01-23 14:00:00,0.9149503412842749,0.7428659748760134,0.9328766608610749,0.7322419382631777
2023-01-23 15:00:00,0.7186289625428615,0.8582241610234433,0.7683209696225821,0.4998332299105822
2023-01-23 16:00:00,0.5680572537146509,0.9148454336280171,0.644884281065315,0.3572454649209975
2023-01-23 17:00:00,0.24434458699077366,0.9688793828947978,0.30069356834515926,0.20132066535763438
2023-01-23 18:00:00,0.3098723389022052,0.9948124907233499,0.30438660809770224,0.42191530894488094
2023-01-23 19:00:00,0.5105193435959519,0.9989291552792896,0.5154160942882299,0.7381493219733237
2023-01-23 20:00:00,0.6170655650272966,0.9997621078924699,0.6370179066434501,0.7770809787139296
2023-01-23 21:00:00,0.7025402556732298,1.0,0.7068580917827785,0.6864917743578552
2023-01-23 22:00:00,0.7741732342168687,0.9985031801733103,0.7371160344965755,0.5658919214457274
2023-01-23 23:00:00,0.7862864974886178,0.9981099054217338,0.7513680967874824,0.5045436098240315
2023-01-24 00:00:00,0.7208670142292974,0.997949963022362,0.7150763121061026,0.5978157471120354
2023-01-24 01:00:00,0.6974020590819417,1.0,0.6867226928286253,0.6659281743504106
2023-01-24 02:00:00,0.7749196225032209,0.99961184322834,0.7138457781262693,0.6376097159087657
2023-01-24 03:00:00,0.9436616504192353,1.0,0.8377936619147658,0.6167124052345753
2023-01-24 04:00:00,0.9893714861758053,0.9997870000113142,0.9174884615093468,0.595303456466645
2023-01-24 05:00:00,0.9774085763283074,1.0,0.8934007602743804,0.4764847288280725
2023-01-24 06:00:00,0.9857832866907119,1.0,0.9154230410233141,0.5222394491732121
2023-01-24 07:00:00,0.9919117093086244,1.0,0.905886043421924,0.5428705291450024
2023-01-24 08:00:00,0.9989943934604526,1.0,0.9306457098387182,0.6787621332518754
2023-01-24 09:00:00,1.0,1.0,0.9821046953089536,0.8901888457499445
2023-01-24 10:00:00,1.0,1.0,0.9956894505023957,0.936060791313648
2023-01-24 11:00:00,1.0,0.9990802724794908,0.9958790945261717,0.9317899869568645
2023-01-24 12:00:00,0.9995715064927935,0.9986662701856006,0.9883345776237548,0.9174097700230777
2023-01-24 13:00:00,0.9963322848081588,0.9992194873365489,0.9817553522065282,0.9353571166098117
2023-01-24 14:00:00,0.9932642534375191,0.9996711545911702,0.9917871491983534,0.9484806510992347
2023-01-24 15:00:00,0.9906944874301553,1.0,0.9975572687759995,0.9506628135964272
2023-01-24 16:00:00,0.968931917734444,1.0,0.9910035168752074,0.8988542832992971
2023-01-24 17:00:00,0.7632586234621703,1.0,0.9316775041818619,0.8026324218511579
2023-01-24 18:00:00,0.5628299592249095,1.0,0.8207403977401555,0.7472561297379432
2023-01-24 19:00:00,0.40397133365273474,0.9999977947365154,0.675821667741984,0.6433270998299119
2023-01-24 20:00:00,0.30195895998738703,0.9984512804855,0.525522444071248,0.5894216752797365
2023-01-24 21:00:00,0.28034892047755416,0.9975896566835317,0.4520006826240569,0.5830715541914104
2023-01-24 22:00:00,0.34312616817187513,0.9902510823173954,0.4207554760342464,0.5575908213481305
2023-01-24 23:00:00,0.5087945441342889,0.9791707696291533,0.46061590250581497,0.5914892929978669
2023-01-25 00:00:00,0.6856418517325074,0.945008108128201,0.5542033091839402,0.6509136016853153
2023-01-25 01:00:00,0.8210701172426343,0.8841461989283563,0.6675652766413986,0.7113564704172314
2023-01-25 02:00:00,0.9176292851939797,0.8395876408165148,0.8065107226371764,0.7963605185970664
2023-01-25 03:00:00,0.9766884317807853,0.7956766128675503,0.9147333641164004,0.8770433066785335
2023-01-25 04:00:00,0.9997914956882596,0.7363300460712476,0.9726336391083896,0.9630154037475586
2023-01-25 05:00:00,1.0,0.24546381528743286,0.9801067769154906,0.9008516188524662
2023-01-25 06:00:00,0.9990513676032423,0.3221828761154955,0.9859615131281316,0.8676192776300012
2023-01-25 07:00:00,0.9956315084174275,0.3840745108303698,0.9841509615071117,0.8602437863871454
2023-01-25 08:00:00,0.9909384105727076,0.4105928067930719,0.9770292590185998,0.8200718874670563
2023-01-25 09:00:00,0.9870677018538117,0.4464688389003277,0.9703067797608673,0.7806798204407094
2023-01-25 10:00:00,0.9816687772795557,0.5511902533877978,0.950421389453113,0.7217552036233243
2023-01-25 11:00:00,0.9889085037074983,0.7424900176037442,0.9519541971944272,0.7605761934816836
2023-01-25 12:00:00,0.995710311383009,0.8779980974983086,0.9689836597442627,0.8282715051993725
2023-01-25 13:00:00,0.9972969960421323,0.9402019709619609,0.9736457750201225,0.8215032040327788
2023-01-25 14:00:00,0.9967773834243417,0.9602129533345046,0.978470849506557,0.8238417045213281
2023-01-25 15:00:00,0.9960833791643381,0.9511483195017685,0.9755654884688556,0.8305137179419396
2023-01-25 16:00:00,0.9962604097649456,0.9415541070699692,0.976174789518118,0.8499416576884686
2023-01-25 17:00:00,0.993666219636798,0.9273279602825641,0.92899626115337,0.7961186414025723
2023-01-25 18:00:00,1.0,0.903956689997153,0.9681356903165579,0.8783081144280733
2023-01-25 19:00:00,1.0,0.8689907487007704,0.982562148924917,0.8994343781098723
2023-01-25 20:00:00,0.9966154494136572,0.8189566385204141,0.9824041363410652,0.8754531935043633
2023-01-25 21:00:00,0.9905656838417053,0.781633384823799,0.9785660647414625,0.8463177267648281
2023-01-25 22:00:00,0.9867899252101778,0.6829187801480292,0.9663705296069384,0.8226384259201585
2023-01-25 23:00:00,0.9821292965486647,0.5996583116325463,0.9562893480435015,0.7859602479077874
2023-01-26 00:00:00,0.9869991558790208,0.6126184436272492,0.9554249731265008,0.7885508595407008
2023-01-26 01:00:00,0.9642898353748023,0.5260661241141231,0.9138061094470321,0.7385727248899635
2023-01-26 02:00:00,0.9165510216355323,0.4627752092345194,0.8548053649067879,0.6909840564429757
2023-01-26 03:00:00,0.8977535995282232,0.42821179877627974,0.8169128384627401,0.6782845778763291
2023-01-26 04:00:00,0.8871587780863047,0.4089054000648584,0.7945857867226003,0.5865660921670495
2023-01-26 05:00:00,0.8098274361342191,0.384614476764744,0.7447530567087232,0.5242025884240865
2023-01-26 06:00:00,0.5804112774878738,0.5481432887640866,0.6160932071134446,0.41187730792909855
2023-01-26 07:00:00,0.47508460730314267,0.6573741145431993,0.5504460084252059,0.38825695369392627
2023-01-26 08:00:00,0.4616293790005147,0.7338579285551199,0.5550421331450341,0.4230828287266195
2023-01-26 09:00:00,0.5036313913948833,0.8468564033914693,0.618224394135177,0.48771170962601884
2023-01-26 10:00:00,0.7426980766840279,0.9577036998624152,0.7615159351751207,0.7264170808717607
2023-01-26 11:00:00,0.9933237601444125,0.9906239197335459,0.9695728848688303,0.8966308844275771
2023-01-26 12:00:00,0.9981863079220057,0.9983509783040393,0.9906225686706602,0.905281153693795
2023-01-26 13:00:00,0.9993016810715198,0.9999100180647589,0.9938465474918483,0.9105025336891412
2023-01-26 14:00:00,1.0,1.0,0.9978454016149044,0.9610858443938195
2023-01-26 15:00:00,1.0,1.0,1.0,0.9919984596595168
2023-01-26 16:00:00,1.0,1.0,1.0,0.9991411092877388
2023-01-26 17:00:00,1.0,1.0,1.0,1.0
2023-01-26 18:00:00,1.0,1.0,1.0,1.0
2023-01-26 19:00:00,0.9375,0.9545454545454546,1.0,1.0
2023-01-26 20:00:00,0.8125,0.9545454545454546,1.0,0.9998955493047833
2023-01-26 21:00:00,0.5625,0.9545454545454546,0.9375,1.0
2023-01-26 22:00:00,0.375,1.0,0.8125,1.0
2023-01-26 23:00:00,0.375,1.0,0.625,0.9375
2023-01-27 00:00:00,0.375,1.0,0.5625,0.9375
2023-01-27 01:00:00,0.1875,0.9998760796676983,0.5625,0.9375
2023-01-27 02:00:00,0.1875,1.0,0.5625,0.9375
2023-01-27 03:00:00,0.1875,1.0,0.5,0.9375
2023-01-27 04:00:00,0.25,0.9984605478427627,0.5625,0.9375
2023-01-27 05:00:00,0.1875,0.9493855178356171,0.375,0.875
2023-01-27 06:00:00,0.875,0.8717227143455635,0.75,0.9375
2023-01-27 07:00:00,1.0,0.6709346885775977,1.0,1.0
2023-01-27 08:00:00,1.0,0.4667496108229864,1.0,0.9962808697670698
2023-01-27 09:00:00,0.9906105362437665,0.4134737809002399,0.9950398376956582,0.8906368697062136
2023-01-27 10:00:00,0.7364983531460165,0.5388642485168845,0.8115978243947028,0.5756475590728223
2023-01-27 11:00:00,0.42294758647680275,0.5998489142141558,0.44705194504931567,0.33445142701268193
2023-01-27 12:00:00,0.37996360361576076,0.5913649479367517,0.3128072296082974,0.33549500621855255
2023-01-27 13:00:00,0.496184669304639,0.5742020587216724,0.3541294183954596,0.4181357991416007
2023-01-27 14:00:00,0.6618852376192809,0.5166383623399516,0.5195444754697383,0.521639862395823
2023-01-27 15:00:00,0.7608655632846055,0.47906409036706776,0.6927414615545422,0.6195677655562757
2023-01-27 16:00:00,0.7553138203453273,0.4015293854542754,0.7660735548939555,0.6381214798986911
2023-01-27 17:00:00,0.7472371773235499,0.11764574759047139,0.8063952992297709,0.7164607195183633
2023-01-27 18:00:00,0.6813947406783699,0.12699511078270997,0.7680657326243817,0.7376144065242258
2023-01-27 19:00:00,0.671175310704857,0.17650419639592818,0.7329930910840627,0.7680794309824703
2023-01-27 20:00:00,0.7768512714654205,0.17044676009226925,0.7452798841707406,0.7595662329159676
2023-01-27 21:00:00,0.8831669580377637,0.23304889127612108,0.7851949256472288,0.7394628423266113
2023-01-27 22:00:00,0.9495233610272408,0.3408246123655276,0.7641512308642266,0.6171430648490784
2023-01-27 23:00:00,0.8780547023192049,0.48298204802654005,0.7416918755136429,0.513180937319994
2023-01-28 00:00:00,0.7179574104212225,0.5049589240009135,0.7026025816611944,0.5412758800573647
2023-01-28 01:00:00,0.7111880259774622,0.37069143323735754,0.6644121581688521,0.5146363851428031
2023-01-28 02:00:00,0.757466203868389,0.3162058726088567,0.716874880287796,0.5447936947457491
2023-01-28 03:00:00,0.6888315968587992,0.24026854764331465,0.7216236505098641,0.5668469349667428
2023-01-28 04:00:00,0.6022380794212221,0.20616423052142963,0.68984876120463,0.5657802125811576
2023-01-28 05:00:00,0.7126749663986263,0.27776827235113494,0.7638538502342999,0.6770679283328352
2023-01-28 06:00:00,0.7312619121186436,0.4890810762752185,0.777895314004272,0.6762261738441881
2023-01-28 07:00:00,0.7033402098529038,0.732374159680171,0.7664706663414834,0.6711250743642447
2023-01-28 08:00:00,0.7309047280065715,0.8188648991693147,0.7689614900760353,0.6634614210017024
2023-01-28 09:00:00,0.7398044415377079,0.8063394654068077,0.7688195175863801,0.6695912015065548
2023-01-28 10:00:00,0.719395110514015,0.7878729360889303,0.7129425503686071,0.603020616751164
2023-01-28 11:00:00,0.7015549813769756,0.7472269443354822,0.6617183143645523,0.5372718165814875
2023-01-28 12:00:00,0.6376875904761253,0.6325128846683282,0.605066426321864,0.4765096864104271
2023-01-28 13:00:00,0.6387996278144417,0.5391284925016487,0.6023642767593264,0.46909380421042446
2023-01-28 14:00:00,0.6259370783716438,0.5209673562916841,0.5926619662344453,0.4607064935564995
2023-01-28 15:00:00,0.6452324069477615,0.5098230556737293,0.5869603721797464,0.45723998427391055
2023-01-28 16:00:00,0.7292708992958068,0.5021515636010604,0.5935593736916779,0.44341086499392984
2023-01-28 17:00:00,0.8873538658767939,0.6552649133178318,0.7378306038677692,0.45609013589099034
2023-01-28 18:00:00,0.9330904393084347,0.63557980294932,0.8169788566417993,0.5259143959544599
2023-01-28 19:00:00,0.9324098726175726,0.5185006422617218,0.8529709140025078,0.5827868680283426
2023-01-28 20:00:00,0.9185417774505912,0.4470404048399492,0.8498679145798086,0.5981871425919234
2023-01-28 21:00:00,0.900729823615402,0.3495284603807059,0.8078343717567622,0.5249269977211951
2023-01-28 22:00:00,0.8681719181314109,0.25950259371237316,0.7293171533197162,0.418263083267957
2023-01-28 23:00:00,0.8538690721429884,0.17887624854391265,0.6576526277884841,0.3604300924763083
2023-01-29 00:00:00,0.873964765239507,0.17620974545451726,0.6093997215107082,0.3392911152727902
2023-01-29 01:00:00,0.9497322572767735,0.2129824382608587,0.6453092595934866,0.437120145317167
2023-01-29 02:00:00,0.9929689705744387,0.25422228062694724,0.8341216284967958,0.6132273369096218
2023-01-29 03:00:00,0.9965084661543369,0.28942174194888637,0.9188242863491177,0.7271143605560062
2023-01-29 04:00:00,0.9969374251365661,0.29872456980022516,0.9327741312421858,0.7549749471992254
2023-01-29 05:00:00,1.0,0.3371359425105831,0.9987348027899862,0.9735201514139771
2023-01-29 06:00:00,1.0,0.33770695512945,0.9963158848881722,0.9506890521012247
2023-01-29 07:00:00,1.0,0.20268190040507097,0.9806257016956808,0.8929854588396845
2023-01-29 08:00:00,1.0,0.1536804626340216,0.9811842404678466,0.8655092044547198
2023-01-29 09:00:00,1.0,0.1189529203860597,0.9855539017543197,0.8809441820345818
2023-01-29 10:00:00,1.0,0.08473582860082386,0.9867427697777746,0.8873504890128969
2023-01-29 11:00:00,1.0,0.06173892486840486,0.9862329942919313,0.8937824767082929
2023-01-29 12:00:00,1.0,0.05697610047730531,0.9890710251033307,0.9214622690901161
2023-01-29 13:00:00,1.0,0.08166617372157897,0.9918291942030192,0.9450530175305903
2023-01-29 14:00:00,1.0,0.164749049202285,0.9946278164535761,0.9585752391628921
2023-01-29 15:00:00,1.0,0.27119839042763805,0.993342731911689,0.9652098712697624
2023-01-29 16:00:00,1.0,0.3650650454481894,0.9963343423977494,0.9680028342269361
2023-01-29 17:00:00,1.0,0.5387917530502785,0.9999675117433071,0.9921889662370086
2023-01-29 18:00:00,1.0,0.47429372097958206,0.9996471642330289,0.9742284347489477
2023-01-29 19:00:00,1.0,0.4073770070888779,0.9992162483558059,0.9769647948071362
2023-01-29 20:00:00,1.0,0.36303491266952315,0.9972415095195175,0.9477537222392859
2023-01-29 21:00:00,0.9887008761614561,0.2869086550311608,0.9650947095453738,0.814313859026879
2023-01-29 22:00:00,0.8914157618209719,0.274443114599721,0.8246782751195132,0.6126652006804943
2023-01-29 23:00:00,0.7082631480507551,0.23594378292899235,0.6148085680790244,0.40177371270954615
2023-01-30 00:00:00,0.44294662486761804,0.1822053949230096,0.3849145096912979,0.2585740168578923
2023-01-30 01:00:00,0.2998169323801994,0.14159133007241917,0.3478656178340315,0.23427850013598794
2023-01-30 02:00:00,0.2669628373533487,0.10304430182007224,0.27724298974499106,0.16094411480240522
2023-01-30 03:00:00,0.2846202265284955,0.09856269587508658,0.27594356385990976,0.15282748013734818
2023-01-30 04:00:00,0.3081512867845594,0.12057287598875434,0.283976740129292,0.16324074552394452
2023-01-30 05:00:00,0.36309997124597426,0.14466255808418446,0.2912914863601327,0.1589388677664101
2023-01-30 06:00:00,0.48230057135224325,0.20781778548251498,0.3469974459521472,0.2153277694992721
2023-01-30 07:00:00,0.7125908092968164,0.4446556700495156,0.47231214644387354,0.314751258995384
2023-01-30 08:00:00,0.9313681606389581,0.7717996428365056,0.6827866964414715,0.4502424753457307
2023-01-30 09:00:00,0.9784048617817461,0.8986629896678706,0.8037019108608365,0.5286185599677264
2023-01-30 10:00:00,0.992183426078409,0.9327853702550581,0.879511773828417,0.6377687658742068
2023-01-30 11:00:00,0.9967244674637914,0.958267987126654,0.9336807622946798,0.7305594730935989
2023-01-30 12:00:00,0.9968409483134747,0.9722378926791926,0.9491725973784924,0.74748038129881
2023-01-30 13:00:00,0.9993416625261307,0.9721808130226353,0.9790627099387347,0.8335006694868204
2023-01-30 14:00:00,0.9998566298931837,0.9549622613868928,0.991803727708757,0.8939688422717155
2023-01-30 15:00:00,0.9992484573274851,0.916606413261457,0.9827948169782758,0.7673288877680897
2023-01-30 16:00:00,0.9992176485806704,0.9289578002013943,0.9730412237159909,0.6807932490482929
2023-01-30 17:00:00,0.999971326738596,0.919174260686744,0.9797351866587996,0.6385950716584922
2023-01-30 18:00:00,0.9997763705998659,0.9235494010963219,0.9628756388649344,0.6135427175369113
2023-01-30 19:00:00,0.9990661621093749,0.90571163601496,0.9466903694160281,0.6294676643330603
2023-01-30 20:00:00,0.9927316246181728,0.8475589513643219,0.9292351111769676,0.6337950031645596
2023-01-30 21:00:00,0.9698341485112905,0.7825911460274999,0.9145455307140945,0.6288701190613211
2023-01-30 22:00:00,0.8738808639161288,0.6787442108040506,0.830245446320623,0.5113056696392595
2023-01-30 23:00:00,0.7153604196757077,0.5983404113216833,0.6798956072330473,0.3703897748701274
2023-01-31 00:00:00,0.5180142156779766,0.5600095197422937,0.48397224113345144,0.23107528978027397
2023-01-31 01:00:00,0.3129687222279608,0.4649660654907876,0.27495955273509026,0.12170882610604165
2023-01-31 02:00:00,0.19701911910437042,0.49774375746195965,0.20649388842284677,0.107927874783054
2023-01-31 03:00:00,0.20810586856678123,0.5571890664642507,0.21377487759105862,0.13721350418403744
2023-01-31 04:00:00,0.2814246893115342,0.6916989869556643,0.24418067494407286,0.18732260482385754
2023-01-31 05:00:00,0.4043141715787351,0.7431612809137864,0.33812856830656535,0.20857746105641126
2023-01-31 06:00:00,0.2745188103243708,0.7779820072786375,0.23722508057951924,0.1345403542369604
2023-01-31 07:00:00,0.19493956003338092,0.904936373260888,0.15577209799550473,0.08511589436791837
2023-01-31 08:00:00,0.20595822485163806,0.9822849335182796,0.1274906122405082,0.07865981250070035
2023-01-31 09:00:00,0.3009573887474835,0.995609627149322,0.16872771576978263,0.11974521162919696
2023-01-31 10:00:00,0.44252592980861655,0.9986427570473064,0.24441635197028513,0.16945571024902165
2023-01-31 11:00:00,0.5256499306857586,0.9999930581179531,0.3378803391754627,0.21274625010788437
2023-01-31 12:00:00,0.4449375223368406,1.0,0.3324363825656474,0.2207768006250262
2023-01-31 13:00:00,0.3751430664770305,1.0,0.3142231392301619,0.22906621906906366
2023-01-31 14:00:00,0.29183896571397777,1.0,0.2674899069778621,0.19111748866736888
2023-01-31 15:00:00,0.1946097414568066,1.0,0.1939740867912769,0.14817696802318092
2023-01-31 16:00:00,0.12366268853656945,1.0,0.11906929628923534,0.09790239480324088
2023-01-31 17:00:00,0.12592325991485265,0.9999878268350254,0.12618005898315457,0.09300135511904956
2023-01-31 18:00:00,0.13376175563782453,0.9997492010214113,0.11701638738624749,0.07239325669594107
2023-01-31 19:00:00,0.17809218125417828,0.998750010783022,0.1399490559007972,0.0965954875294119
2023-01-31 20:00:00,0.2274443198554218,0.9960113040154629,0.19479042514227327,0.22436694120988243
2023-01-31 21:00:00,0.3090353200025856,0.9939583724195308,0.26984022762626403,0.43187825053930284
2023-01-31 22:00:00,0.38893531586043534,0.9954553499005055,0.3605412230454385,0.5441779054049402
2023-01-31 23:00:00,0.49840272008907044,0.9833670789003374,0.45460396382026375,0.5899720005039125
2023-02-01 00:00:00,0.5639665750879794,0.9498783521083269,0.5126454946259035,0.5437421521916985
2023-02-01 01:00:00,0.5143558078678324,0.7885783637518231,0.4876238333340732,0.3879058129061014
2023-02-01 02:00:00,0.36925099866464733,0.7089093171601946,0.43171299234963945,0.28814817873761056
2023-02-01 03:00:00,0.25244582797866316,0.7028026576475663,0.40632107371464365,0.28951407535932955
2023-02-01 04:00:00,0.17675761647522448,0.6932113048027861,0.30997815028764303,0.2018691373616457
2023-02-01 05:00:00,0.1431344472058117,0.5729815443401987,0.24457625862210985,0.11674535371363161
2023-02-01 06:00:00,0.0809896658360958,0.6720817696912723,0.141168313533999,0.05693043000530451
2023-02-01 07:00:00,0.02787592640612274,0.8018745838783002,0.07227264045272022,0.03493548656348138
2023-02-01 08:00:00,0.01358520939014852,0.8394457426396282,0.05318594783544541,0.03438378168269991
2023-02-01 09:00:00,0.002828881912864745,0.8821804861047052,0.04190224939491599,0.04305954466573894
2023-02-01 10:00:00,0.00036631701514124867,0.9254515674574808,0.021946254316717387,0.04010853533167393
2023-02-01 11:00:00,0.008084978396072983,0.9638276929476043,0.010020271101966502,0.03724395351484418
2023-02-01 12:00:00,0.030488634570501744,0.9909312219240448,0.013718326855450868,0.04594354737550021
2023-02-01 13:00:00,0.07335683473851531,0.9968889148668808,0.029166537434794006,0.07031881563365458
2023-02-01 14:00:00,0.12702896085567772,0.9992698698694056,0.04838667166419327,0.09612564284354445
2023-02-01 15:00:00,0.20109484994783994,1.0,0.07822531902696936,0.12802516288124025
2023-02-01 16:00:00,0.2788625075854361,1.0,0.1147224453696981,0.13481033587828278
2023-02-01 17:00:00,0.30508825523778793,0.9998214289275082,0.12917006379924711,0.08662099714856594
2023-02-01 18:00:00,0.3412847474217414,0.9998879944465376,0.14196693300269544,0.05071409833151847
2023-02-01 19:00:00,0.38519585330039263,1.0,0.17235154486261312,0.038387326588854194
2023-02-01 20:00:00,0.33405596687458455,1.0,0.1785142656229436,0.04174167895689607
2023-02-01 21:00:00,0.3253950084373354,1.0,0.16360950082540512,0.06339004521723836
2023-02-01 22:00:00,0.6282202652655541,1.0,0.24325582099147136,0.14098152022343124
2023-02-01 23:00:00,0.8733592483587562,1.0,0.4119590768963098,0.30745754210278387
2023-02-02 00:00:00,0.9776131935045123,1.0,0.6826598810777067,0.4796788109093903
2023-02-02 01:00:00,0.996838121265173,0.9527389279143375,0.8220635133609174,0.601425816528499
2023-02-02 02:00:00,1.0,0.8710087424787608,0.9541677206009627,0.8504279018752277
2023-02-02 03:00:00,1.0,0.7503426112234592,0.9967664609104395,0.9590790751390158
2023-02-02 04:00:00,0.9962436678633093,0.52683228678324,0.9919290123693645,0.9249593911133708
2023-02-02 05:00:00,0.9963862305134534,0.32978350373154336,0.9949274013936519,0.9456791935861109
2023-02-02 06:00:00,0.9459315044991672,0.3145617265796119,0.929655396901071,0.755263085849583
2023-02-02 07:00:00,0.7701618853211402,0.356159766123376,0.7646489112079143,0.514112598709762
2023-02-02 08:00:00,0.5997386629320681,0.3057416193864562,0.574715289045125,0.31779253961518406
2023-02-02 09:00:00,0.43946227528154835,0.21301905102350496,0.4385539304278791,0.2342600386217236
2023-02-02 10:00:00,0.2683320282772183,0.1576254498552192,0.3121009586099535,0.18423634331673377
2023-02-02 11:00:00,0.16587477741762996,0.12083046690984202,0.20490798314101993,0.1338936573360115
2023-02-02 12:00:00,0.11940145275555551,0.08100156130438502,0.15156593535095453,0.10820060721598565
2023-02-02 13:00:00,0.08312684969976543,0.08517626799643038,0.10395711204037071,0.09100602480582891
2023-02-02 14:00:00,0.054179543815553184,0.14153357237916095,0.0649259841721505,0.10151217278093098
2023-02-02 15:00:00,0.07243383876979351,0.1733276282995939,0.08604844639077784,0.18524638115428388
2023-02-02 16:00:00,0.15215298944152889,0.1673631116239862,0.15877483558841052,0.24989877011626951
2023-02-02 17:00:00,0.21433641367591916,0.18870932528579773,0.20023129861801858,0.27974410506896674
2023-02-02 18:00:00,0.3200373313762247,0.21493833219463168,0.2874843082483858,0.34603129795752463
2023-02-02 19:00:00,0.4227120395563543,0.21675262507389892,0.3633574905619025,0.37019528008997443
2023-02-02 20:00:00,0.5795861941203475,0.19810077324848277,0.5047504794597625,0.4485478804819285
2023-02-02 21:00:00,0.7630472627095877,0.20619763563641091,0.6535917220823465,0.548529628254473
2023-02-02 22:00:00,0.9203920103982091,0.26153972013430166,0.8082425514608621,0.6203723052889107
2023-02-02 23:00:00,0.9794397775642573,0.4114819171144202,0.8619961214996873,0.6465476781502365
2023-02-03 00:00:00,0.9582264587841929,0.5800888697938487,0.824460275582969,0.5701605251990259
2023-02-03 01:00:00,0.963167944829911,0.6746511129730126,0.8059775891713798,0.540497488155961
2023-02-03 02:00:00,0.9620956563390792,0.766998178464445,0.8102912040241061,0.5226323471404611
2023-02-03 03:00:00,0.9437349073588849,0.8588561158017679,0.7489902888610958,0.44046556144952775
2023-02-03 04:00:00,0.9285078790225089,0.9291769475422121,0.6869005453214049,0.36439098354429
2023-02-03 05:00:00,0.8859089443273842,0.9462045747989958,0.654635471906513,0.34224810708314174
2023-02-03 06:00:00,0.7898255360499024,0.9541614835777065,0.5606430300325156,0.27726263613440094
2023-02-03 07:00:00,0.7460069612413643,0.9320640513029967,0.5795064466446637,0.27696259032003584
2023-02-03 08:00:00,0.7239730018749831,0.8623368024013259,0.507351485826075,0.2431782792881131
2023-02-03 09:00:00,0.6402083311975002,0.8251896506818859,0.37855325539596374,0.17296668205410243
2023-02-03 10:00:00,0.5356408574990928,0.8030262651633131,0.29067643721587955,0.12159278665669261
2023-02-03 11:00:00,0.5364165910705923,0.7630181605301118,0.2665622210036963,0.1094184448942542
2023-02-03 12:00:00,0.555871349480003,0.7202195318856021,0.23710604871623214,0.09333166572265326
2023-02-03 13:00:00,0.554318097103387,0.8070489315688608,0.21536447368562217,0.09546680842526255
2023-02-03 14:00:00,0.5843462053500115,0.9295401762019503,0.23930309372954062,0.146679495414719
2023-02-03 15:00:00,0.7016762380488215,0.9880758346210825,0.3242996860202402,0.24941923955455425
2023-02-03 16:00:00,0.8097958272509275,0.996193799511953,0.45040235912427307,0.41854857251048094
2023-02-03 17:00:00,0.771715932637453,0.995524998916821,0.6175965772382915,0.7494955856911837
2023-02-03 18:00:00,0.8253263039514424,0.9962967194074934,0.7781428920477628,0.8467310906946659
2023-02-03 19:00:00,0.7787851697579024,0.9922054152055219,0.8124759314581751,0.8741910480894147
2023-02-03 20:00:00,0.7964012636616826,0.9841462876309048,0.8700782128609715,0.8750441106781364
2023-02-03 21:00:00,0.7711758987605569,0.9855699179660189,0.8689751289784907,0.8175405892543495
2023-02-03 22:00:00,0.7029847167804836,0.9750581043145874,0.8550441232882439,0.8460100159794091
2023-02-03 23:00:00,0.7098837274126707,0.946810451082208,0.8591076956689356,0.8318128768727183
2023-02-04 00:00:00,0.7282908289134501,0.8910545037144965,0.8088077612780032,0.6999598440714178
2023-02-04 01:00:00,0.8510715048387646,0.817377111844041,0.7997628797776997,0.5783586356788872
2023-02-04 02:00:00,0.9346689900197087,0.7316159910776396,0.7701558607071639,0.43093819567002345
2023-02-04 03:00:00,0.9312434648908675,0.7791909184374591,0.7131462224759161,0.34338361191563305
2023-02-04 04:00:00,0.8671326776966451,0.7423843851279127,0.5983343599177896,0.2684365626890212
2023-02-04 05:00:00,0.5333018314652144,0.6680706924200057,0.41966898079961534,0.27194107951596375
2023-02-04 06:00:00,0.4014084087125957,0.86067578563636,0.6133918506279589,0.48903915129601955
2023-02-04 07:00:00,0.3799303556326775,0.9037990283017808,0.6811742928996681,0.5389330723322928
2023-02-04 08:00:00,0.20827605655416845,0.9835659085078672,0.47119103349745267,0.3936836593691259
2023-02-04 09:00:00,0.07184932674281298,0.9997624049674382,0.354906407110393,0.4972163590602577
2023-02-04 10:00:00,0.028481016117148098,1.0,0.40614909767173224,0.6663871719595044
2023-02-04 11:00:00,0.07247764954343437,1.0,0.5115998883731663,0.7830971557181328
2023-02-04 12:00:00,0.13442199639044702,1.0,0.5968202297855169,0.8411277386546134
2023-02-04 13:00:00,0.1572478297073394,1.0,0.6368168452847749,0.8734515099599957
2023-02-04 14:00:00,0.19990674247965212,1.0,0.6715827824920416,0.9052312672883273
2023-02-04 15:00:00,0.27916387864388525,1.0,0.7257689555454998,0.934316940959543
2023-02-04 16:00:00,0.35728384080342945,1.0,0.7550464370287955,0.9576841859333218
2023-02-04 17:00:00,0.35979039424099024,1.0,0.7470474910689517,0.951051470078528
2023-02-04 18:00:00,0.33735677320975804,0.9545454545454546,0.7303278251411393,0.9244781997054815
2023-02-04 19:00:00,0.3408984191389754,1.0,0.7048323234124109,0.9087774184532463
2023-02-04 20:00:00,0.4657987620215863,0.9545454545454546,0.7716648649470881,0.9239000383019447
2023-02-04 21:00:00,0.5935910395160315,0.9545454545454546,0.8479428065381945,0.9486502019688487
2023-02-04 22:00:00,0.6169110397063194,1.0,0.8564620160497725,0.9403481813892722
2023-02-04 23:00:00,0.6647871242277325,1.0,0.8271653458103536,0.888017934411764
2023-02-05 00:00:00,0.7973381979018449,1.0,0.8097244605794548,0.7777749517932535
2023-02-05 01:00:00,0.7987785905227065,0.9981736632368782,0.693991988748312,0.6178650851175187
2023-02-05 02:00:00,0.7774660344980656,0.9984843014045196,0.593801908046007,0.4637348254024983
2023-02-05 03:00:00,0.7977065979503094,1.0,0.556518427375704,0.4200528994016349
2023-02-05 04:00:00,0.790309371370822,0.9989932018789376,0.5382599258050322,0.3455290543846785
2023-02-05 05:00:00,0.6571043265610931,0.9878739265420221,0.4587033442594111,0.24720701409503812
2023-02-05 06:00:00,0.5851108440570534,0.9954211572625419,0.5059677524678409,0.2895470675081014
2023-02-05 07:00:00,0.4823999183252453,0.9958823848041619,0.5224302746355532,0.33459231103770437
2023-02-05 08:00:00,0.3746419201232493,0.9961847546154803,0.46335049556568253,0.3526915316842496
2023-02-05 09:00:00,0.2468637712113559,0.9944670289483938,0.3652641540206969,0.39482077399268745
2023-02-05 10:00:00,0.21645580613985652,0.9842166321927851,0.31164989016950123,0.4094155362434685
2023-02-05 11:00:00,0.23686893527396014,0.9746397669206968,0.2922008736990392,0.36590867558494206
2023-02-05 12:00:00,0.2888781570922583,0.9494728961180556,0.3096286088693887,0.4021011620946228
2023-02-05 13:00:00,0.4826954926922918,0.9381143636595118,0.4569991058297455,0.484254699703306
2023-02-05 14:00:00,0.7681318585388361,0.9521696545319126,0.6414668911136686,0.44374389952048654
2023-02-05 15:00:00,0.8408969783969222,0.9078042182055384,0.6157388864830136,0.33404299590736625
2023-02-05 16:00:00,0.7515816423110663,0.8697610017792745,0.6082952316664159,0.4266508821398018
2023-02-05 17:00:00,0.840310260951519,0.6907692818208172,0.7619407917372882,0.484607797358185
2023-02-05 18:00:00,0.9399046330340206,0.5126081785695117,0.8089127228781581,0.4824317879043519
2023-02-05 19:00:00,0.9504361631348727,0.6233364101702515,0.8342063454352318,0.5387794717587528
2023-02-05 20:00:00,0.9179598536342382,0.6182541576705194,0.8086297704465687,0.5197420246526598
2023-02-05 21:00:00,0.8348894448019565,0.5398435146971181,0.8230456393584608,0.6907083476148544
2023-02-05 22:00:00,0.9800625221803783,0.5131142307005145,0.9621999062038957,0.8085440875217317
2023-02-05 23:00:00,0.9950358564406634,0.5651616598936643,0.9503592526726424,0.7881704162806272
2023-02-06 00:00:00,0.9876596736907959,0.6992916621538724,0.9444278204999863,0.7757271172478795
2023-02-06 01:00:00,0.9770568437874317,0.7923590426011519,0.9305825348384679,0.7300963139533995
2023-02-06 02:00:00,0.9600438232161105,0.820638552159071,0.9333761811628938,0.6961697942391039
2023-02-06 03:00:00,0.9548172407597302,0.9183989838849412,0.9132172001339496,0.629073233269155
2023-02-06 04:00:00,0.8748332643881439,0.9693696470965036,0.811533741429448,0.5256249678693712
2023-02-06 05:00:00,0.6707866470701992,0.9662209179726513,0.7015391744300721,0.43891151798889033
2023-02-06 06:00:00,0.7306685837358234,0.9989189621535214,0.7878491611033677,0.5750526769831776
2023-02-06 07:00:00,0.7959302479587494,1.0,0.8563627938926218,0.7427716012671588
2023-02-06 08:00:00,0.8714303823374211,1.0,0.9025113824568687,0.853605976793915
2023-02-06 09:00:00,0.9387315029092131,1.0,0.9255278373323379,0.8903566906414925
2023-02-06 10:00:00,0.9945994257926941,1.0,0.9616592680290342,0.9367700777575373
2023-02-06 11:00:00,0.9996054405719041,1.0,0.9863861906901001,0.9542911252938212
2023-02-06 12:00:00,1.0,1.0,0.9950306209549308,0.967369903344661
2023-02-06 13:00:00,1.0,1.0,0.9994173240661621,0.9822992577031257
2023-02-06 14:00:00,1.0,1.0,1.0,0.9978378780186176
2023-02-06 15:00:00,1.0,0.9988710529424926,1.0,0.9994851675257087
2023-02-06 16:00:00,1.0,0.9959101787480441,1.0,0.9940337552502752
2023-02-06 17:00:00,0.9375,0.9810073127394372,1.0,0.9987214750051499
2023-02-06 18:00:00,0.9375,0.9280719434402207,1.0,0.9974306709691881
2023-02-06 19:00:00,1.0,0.8615991801971737,1.0,0.9881677434220911
2023-02-06 20:00:00,0.9976126413047314,0.8374199725281106,0.9926149703189731,0.8797679618746042
2023-02-06 21:00:00,0.9602434924431146,0.8146070465851913,0.9497648640722035,0.6932198856398462
2023-02-06 22:00:00,0.8790908141247927,0.8090517806464976,0.8251928521133958,0.554788288231939
2023-02-06 23:00:00,0.8142205857671796,0.8364509908177635,0.6973334242776035,0.4334639915078878
2023-02-07 00:00:00,0.8529239216074347,0.8640995618836445,0.6323702768050133,0.39926771776750686
2023-02-07 01:00:00,0.9033501900732515,0.8890388713641602,0.6500844937376676,0.3712164061702787
2023-02-07 02:00:00,0.9437268703058364,0.9781258919699625,0.7137420913018285,0.45889203332364553
2023-02-07 03:00:00,0.9841765111312271,0.9971024547652765,0.790774400755763,0.5514953063987196
2023-02-07 04:00:00,0.9917769075185061,0.9997977499799294,0.8680055545084179,0.5904534845985473
2023-02-07 05:00:00,0.9804897860996423,1.0,0.8839772248826921,0.5813064362108707
2023-02-07 06:00:00,0.9751873808354139,1.0,0.9156206682510674,0.6628986604884266
2023-02-07 07:00:00,0.9866407812014221,1.0,0.9542203428596256,0.7790848895721137
2023-02-07 08:00:00,0.9859997048042716,1.0,0.9420277229510248,0.789469495061785
2023-02-07 09:00:00,0.9769052480719984,0.9545454545454546,0.9303081352263688,0.8528323901072145
2023-02-07 10:00:00,0.9945686702430249,0.9545454545454546,0.9703486020490525,0.9454120490327477
2023-02-07 11:00:00,0.9983693668991328,0.9545454545454546,0.9863850162364542,0.9590070674195884
2023-02-07 12:00:00,1.0,0.9545454545454546,0.9958437507227063,0.9757437538169323
2023-02-07 13:00:00,1.0,0.9545454545454546,0.9994911503046751,0.9849985740333795
2023-02-07 14:00:00,1.0,0.9545454545454546,1.0,0.9879980615898967
2023-02-07 15:00:00,1.0,0.8636363636363636,0.9988242081925273,0.9725109799578786
2023-02-07 16:00:00,0.9999287424236536,0.8636363636363636,0.9995198444649578,0.9807892092876134
2023-02-07 17:00:00,1.0,0.9090909090909091,1.0,0.9877286239899695
2023-02-07 18:00:00,1.0,0.9545454545454546,1.0,0.9974213310703635
2023-02-07 19:00:00,1.0,0.9090909090909091,1.0,0.9911287633515895
2023-02-07 20:00:00,1.0,0.9090909090909091,1.0,0.9972402175888418
2023-02-07 21:00:00,0.9999761524796486,1.0,0.9992622866854072,0.992807945422828
2023-02-07 22:00:00,0.9977125284448266,1.0,0.98928330918774,0.9789186835661531
2023-02-07 23:00:00,0.9848952958919108,1.0,0.9534997991286218,0.9358669857122002
2023-02-08 00:00:00,0.9095497826859353,1.0,0.7471848161891101,0.6507003411091863
2023-02-08 01:00:00,0.691551861744374,1.0,0.5205950018763542,0.35884469828568394
2023-02-08 02:00:00,0.326743122274056,1.0,0.3282848184043541,0.2231269638985395
2023-02-08 03:00:00,0.10985025520436466,1.0,0.19682114785071464,0.1386099169636145
2023-02-08 04:00:00,0.04720903221517801,0.9998209701884876,0.10170577071607112,0.0795880330260843
2023-02-08 05:00:00,0.037394900689832866,0.9973263252865184,0.08483710881322622,0.08278389897197484
2023-02-08 06:00:00,0.021843599658459424,0.997918053025549,0.06248187844641506,0.11241919725202025
2023-02-08 07:00:00,0.034747966406866906,0.9983929473974488,0.09069299775175749,0.17453816018998616
2023-02-08 08:00:00,0.044886774430051436,0.9988696131652052,0.11616524616256353,0.21676677156239746
2023-02-08 09:00:00,0.05867507459130138,1.0,0.17956054624635723,0.3028817530116066
2023-02-08 10:00:00,0.12085839018691327,1.0,0.2610414452571422,0.37907372177578497
2023-02-08 11:00:00,0.2129498997842893,1.0,0.2748902047146111,0.39598723716102546
2023-02-08 12:00:00,0.33780806080438197,1.0,0.27231837817467747,0.3793722933065146
2023-02-08 13:00:00,0.384896358847618,1.0,0.2762812292017043,0.36254822705406686
2023-02-08 14:00:00,0.31071032494306555,1.0,0.23763784552458672,0.3193379200901836
2023-02-08 15:00:00,0.2403407683130354,1.0,0.19587474917992947,0.2666421573841944
2023-02-08 16:00:00,0.28921757115051144,1.0,0.20461958712898198,0.2951966151269152
2023-02-08 17:00:00,0.6230459926463662,1.0,0.33165421970188613,0.27088205817621197
2023-02-08 18:00:00,0.6427844469062981,1.0,0.4214757499657571,0.29835520470514887
2023-02-08 19:00:00,0.6906834588013588,1.0,0.5869622160680591,0.43147721547633405
2023-02-08 20:00:00,0.8211224281229078,1.0,0.7072744704596697,0.6092008494026958
2023-02-08 21:00:00,0.9621686380542814,0.9964656990766525,0.8966289681941271,0.8441765148192644
2023-02-08 22:00:00,0.9984669532626866,0.9741251339831137,0.9966650173813105,0.9885339479893445
2023-02-08 23:00:00,0.9984592624753713,0.9097485945847903,0.9998528642952442,0.9988556667044759
2023-02-09 00:00:00,0.9850709803216159,0.7403666927326807,0.9981010670959949,0.9935819108597934
2023-02-09 01:00:00,0.9644926123879849,0.7361081664196469,0.9874406159482896,0.9618556338176131
2023-02-09 02:00:00,0.9100620354339479,0.6556975806030358,0.9442187217436732,0.849408924691379
2023-02-09 03:00:00,0.7536324485018849,0.5389684602279553,0.8399951723404228,0.5673454234004021
2023-02-09 04:00:00,0.5275469107553363,0.45257374185052784,0.6697431026957928,0.36976304646581415
2023-02-09 05:00:00,0.5792230665870011,0.24363055004653597,0.6047517298720775,0.36195368269458406
2023-02-09 06:00:00,0.6583704176358878,0.09741580012169747,0.5785234650876373,0.25545995379798114
2023-02-09 07:00:00,0.7086985502578318,0.04495159564370459,0.6381987380981445,0.24206169366370883
2023-02-09 08:00:00,0.6320481674000619,0.043175558732314545,0.5605327240843325,0.21627900955267249
2023-02-09 09:00:00,0.5746302029304204,0.09228108326819809,0.4330243111215532,0.21188903192989525
2023-02-09 10:00:00,0.7126651148125529,0.2266793515465476,0.4274469248950481,0.35021650800481435
2023-02-09 11:00:00,0.927772325761616,0.3999776698513464,0.6600784820318221,0.5404388194717467
2023-02-09 12:00:00,0.972767459452152,0.5592952168123286,0.8172338773682714,0.6448706680350004
2023-02-09 13:00:00,0.9863112999126314,0.6860867477411572,0.886184027157724,0.7150616754032669
2023-02-09 14:00:00,0.9957058523222804,0.7691971013085408,0.9319198834896087,0.7635356773249805
2023-02-09 15:00:00,0.9904112571664155,0.8264788776500659,0.923905627913773,0.6964704588986931
2023-02-09 16:00:00,0.9803427053615451,0.9285141834616659,0.8816985397972165,0.622160397544503
2023-02-09 17:00:00,0.9651620177924631,0.9648421998457476,0.9047775309905409,0.6312145554833113
2023-02-09 18:00:00,0.8770968465134501,0.966938553858887,0.7983539393357931,0.47687211973592636
2023-02-09 19:00:00,0.7960717132873831,0.9630732192776421,0.7077989488653839,0.40977627163752905
2023-02-09 20:00:00,0.7573734099976719,0.9396382362056862,0.706819680891931,0.4353493173792958
2023-02-09 21:00:00,0.7291334797814488,0.9279117934947664,0.7302071461267768,0.503978093434125
2023-02-09 22:00:00,0.7830214164592325,0.9379112834551117,0.7569867824576795,0.5345699381269513
2023-02-09 23:00:00,0.8692147099599241,0.9461156841299748,0.7840690201334656,0.546281486544758
2023-02-10 00:00:00,0.8331698767282067,0.8926153938201341,0.719502978362143,0.45983538530766965
2023-02-10 01:00:00,0.8636668700538574,0.9399938315288587,0.6669772301800548,0.34677290328778326
2023-02-10 02:00:00,0.8242022308707234,0.9609946015477181,0.5954935155063866,0.28051435242407025
2023-02-10 03:00:00,0.6942164662852882,0.9755335221371868,0.4712813278846442,0.2478055323008448
2023-02-10 04:00:00,0.618800874724984,0.9631643217666582,0.4183529510721564,0.24989712584763765
2023-02-10 05:00:00,0.6698944062180816,0.9357511622526431,0.39904073370620596,0.21859683918766676
2023-02-10 06:00:00,0.7685029421187934,0.8842418623376975,0.46516747510060663,0.23508977984078228
2023-02-10 07:00:00,0.8350105891190468,0.9532568869536573,0.5660941831953822,0.36390620812773705
2023-02-10 08:00:00,0.9135282129049299,0.9866398519819432,0.730538073349744,0.5714171720109881
2023-02-10 09:00:00,0.9526610012724995,0.9958572537790644,0.821424655728042,0.6557663525640963
2023-02-10 10:00:00,0.9585563185997306,0.9986209793795239,0.8547805417887867,0.701722011566162
2023-02-10 11:00:00,0.9704579900950193,0.995966796157035,0.8774386250413952,0.6965032993257043
2023-02-10 12:00:00,0.939293833579868,0.9968425077199936,0.8309834741614759,0.6433069472201168
2023-02-10 13:00:00,0.8634640054032204,0.9964086907424711,0.7921011244691907,0.6596680863015352
2023-02-10 14:00:00,0.8134112913161514,0.9950320912762121,0.81746884284541,0.7207870692200956
2023-02-10 15:00:00,0.8657754153199493,0.9913506936485117,0.8734358901903033,0.7617379119992254
2023-02-10 16:00:00,0.9135543546639381,0.9886092258041557,0.9085665956139564,0.793507581911981
2023-02-10 17:00:00,0.8743387467972932,0.98785710031336,0.8867286991886796,0.721341343075037
2023-02-10 18:00:00,0.8975399914197623,0.9938250896470112,0.93738456254825,0.875639212373644
2023-02-10 19:00:00,0.99415671935305,0.9769579322229731,0.9942693838477135,0.9710057957097887
2023-02-10 20:00:00,0.9997411331906915,0.9449753475731071,0.995622910503298,0.972784604113549
2023-02-10 21:00:00,0.9996660321205855,0.9268606955625794,0.9989984820410609,0.9924452928826213
2023-02-10 22:00:00,1.0,0.9012086478823964,1.0,1.0
2023-02-10 23:00:00,1.0,0.8818987057832153,1.0,1.0
2023-02-11 00:00:00,1.0,0.8005236046558075,1.0,1.0
2023-02-11 01:00:00,1.0,0.9019185973974791,1.0,1.0
2023-02-11 02:00:00,1.0,0.98916530278596,1.0,1.0
2023-02-11 03:00:00,1.0,0.9997706664150411,1.0,1.0
2023-02-11 04:00:00,0.9375,0.9998005728829991,1.0,1.0
2023-02-11 05:00:00,0.9375,0.9959040065651589,1.0,1.0
2023-02-11 06:00:00,1.0,0.9727221611413089,1.0,1.0
2023-02-11 07:00:00,0.9971734798699617,0.9893118783289736,0.9967482950538397,0.9825283461250365
2023-02-11 08:00:00,0.9949002309516073,0.9902623771672899,0.9947801592946053,0.9905974159389733
2023-02-11 09:00:00,1.0,0.994211292591962,1.0,0.991110338512808
2023-02-11 10:00:00,1.0,0.9970603561401368,0.9983759823441505,0.9817236064746976
2023-02-11 11:00:00,1.0,0.9986011582612991,0.9979865374416114,0.978114728294313
2023-02-11 12:00:00,1.0,0.9996265118230473,0.9992220069468021,0.9797602777741851
2023-02-11 13:00:00,1.0,1.0,1.0,0.9820399184897539
2023-02-11 14:00:00,1.0,1.0,0.9998147048428655,0.9601348598115145
2023-02-11 15:00:00,1.0,1.0,0.9923372855782508,0.8996960872225462
2023-02-11 16:00:00,0.9966963584721088,0.9973636503382163,0.9519223348051309,0.7826077349111437
2023-02-11 17:00:00,0.994170506708324,0.9707216225564482,0.9277503081597388,0.7092183369211851
2023-02-11 18:00:00,0.9530816534906624,0.9473973638767546,0.835944852810353,0.571639603935182
2023-02-11 19:00:00,0.8780879892222581,0.9050564758885989,0.7505612220615147,0.4409288293123246
2023-02-11 20:00:00,0.7372784575819967,0.878168023242192,0.6265356426313519,0.2874634650442749
2023-02-11 21:00:00,0.5784593086130917,0.8573354699259453,0.49995063735172146,0.22049940229393541
2023-02-11 22:00:00,0.5462997958064079,0.8781203998896209,0.38761960007250307,0.21673896538093682
2023-02-11 23:00:00,0.7007454378530383,0.8664278737523337,0.3472722632810473,0.198647954184562
2023-02-12 00:00:00,0.8042555852606892,0.7545785205743528,0.39104798762127757,0.18241438310593364
2023-02-12 01:00:00,0.8428824706375598,0.8738391455330632,0.43581684800796205,0.15428456705994903
2023-02-12 02:00:00,0.8225321272388098,0.9108393636616793,0.4362718809675425,0.14711245116777716
2023-02-12 03:00:00,0.8027123875170945,0.9349451759051193,0.4647444313392043,0.18286024602130052
2023-02-12 04:00:00,0.7859799388051031,0.959815908182751,0.5126389160193503,0.2283383950963616
2023-02-12 05:00:00,0.7476227682270109,0.9588350677896629,0.5481515599694103,0.231329752728343
2023-02-12 06:00:00,0.7417777172476052,0.9538179441338236,0.6057288160640745,0.2797821633890271
2023-02-12 07:00:00,0.7956404258869588,0.9924471099674701,0.7108835971541702,0.37933745292946686
2023-02-12 08:00:00,0.7857818996347485,0.9994161661646582,0.738715053219348,0.43209407767280933
2023-02-12 09:00:00,0.786825160589069,1.0,0.7251932178065179,0.49615121535956863
2023-02-12 10:00:00,0.8030497616715728,1.0,0.76058416262269,0.6312619180791079
2023-02-12 11:00:00,0.8027505728602409,0.9998394150896506,0.778580108694732,0.7560371516644954
2023-02-12 12:00:00,0.9721730749495328,0.999517564069141,0.8803525370359421,0.8671925898268817
2023-02-12 13:00:00,1.0,0.9964975661581214,0.9908962916024028,0.9450573494471608
2023-02-12 14:00:00,0.9922470447607339,0.9936351770568979,0.9943061900697648,0.9436548913456498
2023-02-12 15:00:00,0.966095039844513,0.9895125677368859,0.9733835595101118,0.8712075676582751
2023-02-12 16:00:00,0.9157170982658863,0.9862002102624284,0.8721402416191995,0.6286167238838969
2023-02-12 17:00:00,0.9797997966781258,0.9732985687797719,0.8934829615056515,0.6250033543817699
2023-02-12 18:00:00,0.9470590173453093,0.9609396793896501,0.7850359137170015,0.46572325520217406
2023-02-12 19:00:00,0.8661375987529752,0.9816916053403507,0.636228327360004,0.3274852890148759
2023-02-12 20:00:00,0.768266071807593,0.9871894350918857,0.58505230454728,0.3007819507084787
2023-02-12 21:00:00,0.6478138303756715,0.9818955072896048,0.5881691742502152,0.3633090332522988
2023-02-12 22:00:00,0.8711974524706602,0.972224223586646,0.7069254668802023,0.41353630295023314
2023-02-12 23:00:00,0.9529602789320051,0.9755511841719801,0.7538778621144591,0.4153948224894702
2023-02-13 00:00:00,0.8937902111560105,0.9593634198199618,0.636359625440091,0.291697637680918
2023-02-13 01:00:00,0.8299367867037653,0.9854172630608082,0.5393180206604301,0.2002323964051902
2023-02-13 02:00:00,0.7936683515273033,0.9959951626035299,0.5284842254035174,0.22191090651787812
2023-02-13 03:00:00,0.7543560944497584,0.9997627130963586,0.5486133908107875,0.2770163313299417
2023-02-13 04:00:00,0.716762604061514,1.0,0.4857174643874168,0.2756769629381597
2023-02-13 05:00:00,0.8006138837523757,0.9975906886837699,0.5735951080545784,0.3560245384648442
2023-02-13 06:00:00,0.8616077428497373,1.0,0.6688295674696564,0.5109492799825966
2023-02-13 07:00:00,0.8812877609953285,1.0,0.7449595394358036,0.6483454727940259
2023-02-13 08:00:00,0.9037730244733394,0.9545454545454546,0.7381678095459938,0.7264199306257069
2023-02-13 09:00:00,0.9715945063717665,0.9545454545454546,0.8787829433381558,0.877475921474397
2023-02-13 10:00:00,0.9952103798091412,1.0,0.9777999202720821,0.965766866672784
2023-02-13 11:00:00,0.9988132400810719,1.0,0.991464630458504,0.9786791012063623
2023-02-13 12:00:00,1.0,0.9545454545454546,0.9977338737994432,0.9943727027997374
2023-02-13 13:00:00,1.0,0.9545454545454546,1.0,0.9997821063920855
2023-02-13 14:00:00,1.0,0.9545454545454546,1.0,1.0
2023-02-13 15:00:00,1.0,0.9545454545454546,1.0,1.0
2023-02-13 16:00:00,1.0,0.9545454545454546,1.0,1.0
2023-02-13 17:00:00,1.0,0.9090909090909091,1.0,1.0
2023-02-13 18:00:00,1.0,1.0,1.0,0.9848544977046549
2023-02-13 19:00:00,1.0,1.0,1.0,0.9959176947921514
2023-02-13 20:00:00,1.0,1.0,0.9996501109749079,0.9939139387756585
2023-02-13 21:00:00,0.9883777076005936,0.9992444402521307,0.9843519826605915,0.8923643201775847
2023-02-13 22:00:00,0.950018643606454,0.9985741313479164,0.9006781855225562,0.6913039544969797
2023-02-13 23:00:00,0.9191428792849182,0.9952397299625656,0.8113515543937682,0.5048205760307609
2023-02-14 00:00:00,0.8715658180229366,0.9531520104679195,0.6667761294916271,0.307324430719018
2023-02-14 01:00:00,0.8828261448815464,0.9552332318235529,0.6011923021078109,0.23617980295792218
2023-02-14 02:00:00,0.8958805085346102,0.9280463673851707,0.6162645383179187,0.22775238019414243
2023-02-14 03:00:00,0.9128780820220708,0.9041543367640539,0.6300235653854906,0.24918923168443144
2023-02-14 04:00:00,0.9506630952470005,0.8444396554610946,0.6751689579710364,0.28938286873511965
2023-02-14 05:00:00,0.9529131685569883,0.6449183282289993,0.7572947145439684,0.3924481398705392
2023-02-14 06:00:00,0.9521261283010244,0.4310122688724236,0.7628109218738972,0.4390633607283234
2023-02-14 07:00:00,0.9706244053319096,0.21776560914787374,0.8636146199703215,0.6279254534840583
2023-02-14 08:00:00,0.972232796754688,0.12889544188976287,0.8910395555011928,0.6844181068614124
2023-02-14 09:00:00,0.9802013543993233,0.04746672948314384,0.9011180533468723,0.7521142114326356
2023-02-14 10:00:00,0.9975773506984115,0.020502170259979635,0.943325004633516,0.8166518574766815
2023-02-14 11:00:00,1.0,0.024207383858209308,0.9813247068971396,0.8565931837819515
2023-02-14 12:00:00,1.0,0.09211188121275468,0.9980478091537952,0.957762865871191
2023-02-14 13:00:00,1.0,0.24011542612856085,1.0,0.996698258370161
2023-02-14 14:00:00,1.0,0.3667945812168446,1.0,0.998180720321834
2023-02-14 15:00:00,1.0,0.5443721877986732,1.0,0.9954360591992736
2023-02-14 16:00:00,0.998969958871603,0.7968150787868283,1.0,0.9898408235423266
2023-02-14 17:00:00,0.991630585398525,0.9355216662721199,0.9949402225762606,0.9445112130232154
2023-02-14 18:00:00,0.9709837524965405,0.7529116223752497,0.9640397838689386,0.7723155464790759
2023-02-14 19:00:00,0.9346425287425518,0.5059207160499961,0.8661103966273368,0.5808330805599689
2023-02-14 20:00:00,0.8886286160908639,0.3970266253162513,0.8064356297068297,0.5109294761531054
2023-02-14 21:00:00,0.8000400121137498,0.36348981257189406,0.72948510479182,0.4450629832968115
2023-02-14 22:00:00,0.635932600814849,0.3088452559912747,0.6601084102690219,0.4051148645579814
2023-02-14 23:00:00,0.42387902399525046,0.2547044417465275,0.579252710044384,0.38246287913993
2023-02-15 00:00:00,0.3287375471647829,0.24739906073293902,0.5647981659416108,0.3767672508396207
2023-02-15 01:00:00,0.22068307567387813,0.23319145313718093,0.3897876509279012,0.2128538599424064
2023-02-15 02:00:00,0.09884032865520566,0.21079638702625572,0.21282045711297543,0.11215166066773234
2023-02-15 03:00:00,0.03263556387275457,0.1783819830485365,0.11290524840820582,0.07103303965181113
2023-02-15 04:00:00,0.0437223497312516,0.13266077422621578,0.08733785356860609,0.058315969668328756
2023-02-15 05:00:00,0.12542881226167082,0.02994727026671171,0.14614822479896245,0.10146911058574913
2023-02-15 06:00:00,0.1561266503855586,0.01570773894475265,0.15183637038804587,0.1033737902995199
2023-02-15 07:00:00,0.18906233336776493,0.0012989834492856804,0.1316584440693259,0.0682394784875214
2023-02-15 08:00:00,0.25861037548631427,0.011837231394919484,0.09782912268303334,0.05342141102999448
2023-02-15 09:00:00,0.39064170109108093,0.06543115998872301,0.14261196334846318,0.11971425978932529
2023-02-15 10:00:00,0.536804497335106,0.17444473617456174,0.2954166596382856,0.2785465403739363
2023-02-15 11:00:00,0.5998519985750317,0.2773718075996095,0.5150546830706298,0.43512334117665874
2023-02-15 12:00:00,0.6065789564885199,0.296376187002117,0.6808738218806683,0.5251803505048155
2023-02-15 13:00:00,0.519176292847842,0.29079626715996043,0.7015684189088641,0.4992561876773832
2023-02-15 14:00:00,0.36811508788727226,0.30944549892436374,0.6325591550208627,0.44446315649896845
2023-02-15 15:00:00,0.24309534178115424,0.38824040116234265,0.5120081592723726,0.3658192858472466
2023-02-15 16:00:00,0.12775735939852892,0.5205772490934891,0.34788027320988474,0.24858871508855368
2023-02-15 17:00:00,0.19206385448575017,0.7565910195626995,0.3388717493042349,0.23677023109979925
2023-02-15 18:00:00,0.18947537977248427,0.8343248786574061,0.2584912517201155,0.15784649196080863
2023-02-15 19:00:00,0.1407604861538857,0.9022440020740029,0.18993026418611408,0.09973423813469708
2023-02-15 20:00:00,0.09099144199397415,0.9425445825674317,0.11590799800585956,0.04857630756217986
2023-02-15 21:00:00,0.06938799147494137,0.9672102762623266,0.08718584985472262,0.023778407201170925
2023-02-15 22:00:00,0.032317463709041476,0.9659011646698822,0.050670366585254666,0.010438468623906372
2023-02-15 23:00:00,0.006196639752015472,0.9317824362218378,0.017251700051128867,0.0030900308303534988
2023-02-16 00:00:00,0.0006832110183313488,0.771817060912197,0.0019535515503957867,6.924964487552642e-05
2023-02-16 01:00:00,0.0011015088576823472,0.7910902616110714,0.00028394993394613264,0.0002594767836853862
2023-02-16 02:00:00,0.0011355207348242402,0.7749544538692994,0.0005611694650724529,0.0012723419489338995
2023-02-16 03:00:00,0.0018512662593275309,0.7662439531223338,0.001792380097322166,0.00289522462990135
2023-02-16 04:00:00,0.0037260992871597405,0.7711069374734703,0.001476563634350896,0.0019733377639204264
2023-02-16 05:00:00,0.001892356276512146,0.571355712156404,0.00027359733823686835,0.0004027866711840033
2023-02-16 06:00:00,0.002214533374644816,0.6117727678675543,0.0005331786535680294,0.000354973510839045
2023-02-16 07:00:00,0.005250045489519835,0.7393500567159869,0.0031614680541679264,0.003034677524119615
2023-02-16 08:00:00,0.009210549131967128,0.8913177180967549,0.014925623880699278,0.029278179765678945
2023-02-16 09:00:00,0.019541508168913424,0.9473653302003037,0.021677499627694486,0.05421463568229229
2023-02-16 10:00:00,0.035518578444607554,0.9703187632018868,0.02529936740640551,0.057577305692248046
2023-02-16 11:00:00,0.08315009782090782,0.953273755867373,0.04216559255961328,0.08024008952546866
2023-02-16 12:00:00,0.12632756833918393,0.9385474512387405,0.06402259870897978,0.11044706516433507
2023-02-16 13:00:00,0.15033304709009823,0.9453009652414106,0.09391414125449955,0.13134499751497059
2023-02-16 14:00:00,0.20653107015416022,0.9545527796582746,0.13602273744530974,0.165461343890056
2023-02-16 15:00:00,0.35321875052526586,0.9548845581845803,0.23201254236511887,0.24937148923054336
2023-02-16 16:00:00,0.5865546013228595,0.9659730514748531,0.3841834212094545,0.3394548328872769
2023-02-16 17:00:00,0.8878452869690953,0.9798376111415298,0.6085653414577245,0.422057875879109
2023-02-16 18:00:00,0.9434687620773909,0.9806318989125166,0.6641263234615326,0.410228418726474
2023-02-16 19:00:00,0.9674563314951957,0.986546269668774,0.7014840037561951,0.388602782562375
2023-02-16 20:00:00,0.9657153999991716,0.9879919271306559,0.6967222090624273,0.3551136147975922
2023-02-16 21:00:00,0.9583356629870832,0.9924172685363075,0.709478122871369,0.37760032277554256
2023-02-16 22:00:00,0.955959708057344,0.9949222719804806,0.7215961099043486,0.4068123474717139
2023-02-16 23:00:00,0.9616791793517768,0.9969417355412786,0.7529533702507614,0.4319866453297436
2023-02-17 00:00:00,0.9467599568888545,0.9746385089104824,0.7030048912018536,0.3451689649000763
2023-02-17 01:00:00,0.9361878112331031,0.9830710784819993,0.6581004191376267,0.3177793780434876
2023-02-17 02:00:00,0.8929267478175461,0.9948924930664625,0.6165767078287899,0.3235103957727551
2023-02-17 03:00:00,0.8913426676020023,0.9992887431112204,0.6241110139340161,0.4047019040957092
2023-02-17 04:00:00,0.9314513891935348,1.0,0.7176489324122665,0.5234045441262425
2023-02-17 05:00:00,0.8214558721892535,0.9999384585022927,0.641785611398518,0.4358249928615986
2023-02-17 06:00:00,0.8436794757656751,1.0,0.7393400640785693,0.5459845625981689
2023-02-17 07:00:00,0.9074772060289977,1.0,0.8433033731020985,0.6863273176550863
2023-02-17 08:00:00,0.7324559624493122,1.0,0.777271574549377,0.7686502193287014
2023-02-17 09:00:00,0.5211605304665863,1.0,0.7570595019310713,0.8631149615347384
2023-02-17 10:00:00,0.5421219393983483,1.0,0.8191710851341486,0.9163623357936739
2023-02-17 11:00:00,0.7824828506633638,1.0,0.8502654315903782,0.9329295222833752
2023-02-17 12:00:00,0.926695682350546,0.9545454545454546,0.9198611831665039,0.9740875200368464
2023-02-17 13:00:00,0.9749601612612604,0.9545454545454546,0.9408385238423943,0.9714614280126989
2023-02-17 14:00:00,0.9288957112841306,1.0,0.9463305890746415,0.9112900390289724
2023-02-17 15:00:00,0.7247450993768871,1.0,0.8213139409013093,0.636429600715637
2023-02-17 16:00:00,0.6321764215640723,0.9994368425824426,0.5501918828487395,0.33661563010886303
2023-02-17 17:00:00,0.7749408562667666,0.997323758006096,0.4689158913865684,0.21385184518061576
2023-02-17 18:00:00,0.9065587443858384,0.9990274359692226,0.49470001618377857,0.21977590627968305
2023-02-17 19:00:00,0.9321238632500171,0.9998384022712709,0.6340098208747803,0.29283097331412133
2023-02-17 20:00:00,0.9282239981926975,0.9987381457469678,0.6784810216538608,0.3685578312724828
2023-02-17 21:00:00,0.9237351338937878,0.9974222848767584,0.6642809429019689,0.4109667010605334
2023-02-17 22:00:00,0.9524371478892864,0.9936158799583261,0.6906488578766584,0.40249091222882266
2023-02-17 23:00:00,0.9696794817037879,0.9817936423827299,0.7339138691686093,0.40099115759134285
2023-02-18 00:00:00,0.9495814912952483,0.9572292003035546,0.7013209439069032,0.33508393414318566
2023-02-18 01:00:00,0.9106020687334239,0.9512745262276042,0.645653454940766,0.28770638106390833
2023-02-18 02:00:00,0.7616368130408225,0.9573996175012808,0.5580831609480083,0.2895718911290169
2023-02-18 03:00:00,0.5538018247298896,0.9634412021664058,0.4170300886780023,0.2010923511907458
2023-02-18 04:00:00,0.5122746269963682,0.9608894785561344,0.3410643790103495,0.1478966215904802
2023-02-18 05:00:00,0.4985242848657071,0.8564992407099769,0.26437141042202705,0.07800041531678288
2023-02-18 06:00:00,0.5152771259471773,0.9008978974277322,0.24302825817838306,0.07475933420006185
2023-02-18 07:00:00,0.6757011922448871,0.9481096565317023,0.33012332834769037,0.14985707296058534
2023-02-18 08:00:00,0.8563729805871843,0.9886055901511149,0.48065645811147983,0.3559079011902213
2023-02-18 09:00:00,0.9653670230507849,0.9906460212306542,0.6693328976817429,0.5550427235104143
2023-02-18 10:00:00,0.9870995865575969,0.987640360363505,0.8130119649507104,0.629522174336016
2023-02-18 11:00:00,0.9836521762982011,0.9878398268602111,0.8326495502516627,0.5852378266863524
2023-02-18 12:00:00,0.9672348242066799,0.9848664975437251,0.8284279923141002,0.569003563094884
2023-02-18 13:00:00,0.9400285318121313,0.9793286383016543,0.8265215297788381,0.630504824053496
2023-02-18 14:00:00,0.9260115656629204,0.9811252895268527,0.8248072823695838,0.6771507193148134
2023-02-18 15:00:00,0.9299470702558754,0.974872625117952,0.833323272690177,0.6371058200858533
2023-02-18 16:00:00,0.8386848246678709,0.964596778384664,0.7433138365112244,0.45795707795768975
2023-02-18 17:00:00,0.5280543968826532,0.8817517025497824,0.4890141844190657,0.2980522762238979
2023-02-18 18:00:00,0.44924194583669297,0.9174268728359177,0.38933414235711095,0.2501861807517707
2023-02-18 19:00:00,0.41716456651687617,0.9342865539816294,0.3241764898039401,0.2128869827091694
2023-02-18 20:00:00,0.4171136939711868,0.8607910382341255,0.2931420480646193,0.19754405703395606
2023-02-18 21:00:00,0.4113464176096021,0.774338293725794,0.2601903254911303,0.1488360044546425
2023-02-18 22:00:00,0.3912705235555767,0.7779608933085744,0.24343310594558712,0.13422367087565365
2023-02-18 23:00:00,0.3670950712822376,0.6050677329843692,0.22602036377415055,0.1355773108545691
2023-02-19 00:00:00,0.37042532542720435,0.686552300615744,0.19154622791334985,0.08275623003952205
2023-02-19 01:00:00,0.32761631065979596,0.6460179730301552,0.15082487809937445,0.0494323460292071
2023-02-19 02:00:00,0.2027582251653075,0.47566764129833744,0.10695289760828017,0.030877319835126402
2023-02-19 03:00:00,0.13597055058926344,0.38307902268388044,0.09916737159714102,0.03968597099650651
2023-02-19 04:00:00,0.1318139023147523,0.33831249493089594,0.1125390500295907,0.07252326012589036
2023-02-19 05:00:00,0.3371737128868699,0.13387857987799429,0.2582301525585353,0.16681342086754739
2023-02-19 06:00:00,0.242006847821176,0.12228886822407893,0.227238613255322,0.14327740628272295
2023-02-19 07:00:00,0.16744167044758793,0.056334902667863784,0.1811207322590053,0.1038210130482912
2023-02-19 08:00:00,0.18580195566639304,0.01899565653367476,0.178223061831668,0.09938554744701832
2023-02-19 09:00:00,0.16212070029228923,0.01927093822847713,0.1579234068840742,0.08832682589534671
2023-02-19 10:00:00,0.12234224935062231,0.05170921995897184,0.11015944319777189,0.06523695707321166
2023-02-19 11:00:00,0.08668168888427318,0.13801323450424452,0.07741017558611929,0.041975102131254965
2023-02-19 12:00:00,0.06517697868868709,0.30254432529888375,0.06469952085055411,0.03826063766144217
2023-02-19 13:00:00,0.04110069943591952,0.5853749807178974,0.04833032507449388,0.03804804237093777
2023-02-19 14:00:00,0.034913808759301904,0.8381812511790883,0.04114406970329584,0.06092934464104473
2023-02-19 15:00:00,0.05482128910720349,0.9494632816585628,0.05977579926606268,0.10830497877206652
2023-02-19 16:00:00,0.1140049082878977,0.9834678634594787,0.10785775672644377,0.18474452447146172
2023-02-19 17:00:00,0.215516738994047,0.9320604713802987,0.21585346377454698,0.2678030627407133
2023-02-19 18:00:00,0.30901441892608994,0.9741778431561862,0.28727944009006023,0.3124681218154728
2023-02-19 19:00:00,0.38467775152996175,0.9912450432641939,0.35298712380230424,0.32861296098679293
2023-02-19 20:00:00,0.47590074397623533,0.9972296608036214,0.3813454818539321,0.2940750137716531
2023-02-19 21:00:00,0.5654528810828924,0.9994085209748961,0.4006172885000705,0.23082242646254597
2023-02-19 22:00:00,0.6650392635352909,1.0,0.4074639473482966,0.17510025963187215
2023-02-19 23:00:00,0.6251231307163834,1.0,0.34146156560629604,0.12579361776821313
2023-02-20 00:00:00,0.44454020768404,1.0,0.21075658546760678,0.07133461114019155
2023-02-20 01:00:00,0.3344045275449753,1.0,0.1359047709032893,0.08761381817515938
2023-02-20 02:00:00,0.37179412450641397,1.0,0.1488259317260235,0.16451802264433352
2023-02-20 03:00:00,0.5070486004464326,1.0,0.2567003992851823,0.31432155296206465
2023-02-20 04:00:00,0.6984469435177743,1.0,0.3943727868795395,0.4333602738846093
2023-02-20 05:00:00,0.9264138772897422,1.0,0.6332595533132552,0.5757150811888276
2023-02-20 06:00:00,0.9699501693621276,1.0,0.7846063226833939,0.5445965475216508
2023-02-20 07:00:00,0.9429350441321729,1.0,0.8691072014905511,0.6388195470906792
2023-02-20 08:00:00,0.8407426273263989,0.978685248751532,0.8622005172446369,0.6588699091784653
2023-02-20 09:00:00,0.7317599941045045,0.8754086900028315,0.7950959226116537,0.606929751653224
2023-02-20 10:00:00,0.664504270236939,0.6955484388904136,0.7200939481519162,0.525021255724132
2023-02-20 11:00:00,0.5756421024166047,0.4515588410198689,0.645904452819377,0.44480482617393124
2023-02-20 12:00:00,0.45766299327835447,0.16873830336061385,0.5574865142256019,0.36282415021210906
2023-02-20 13:00:00,0.46613346610218287,0.0765209115398201,0.49666171677410603,0.3176906800083815
2023-02-20 14:00:00,0.5124845465831459,0.05535031669519164,0.4719535357132553,0.27261951468884943
2023-02-20 15:00:00,0.635676687862724,0.09224694925275716,0.5085805598273873,0.29151745000854135
2023-02-20 16:00:00,0.6833572537824509,0.15654773605140765,0.5562038875184953,0.3503987268544734
2023-02-20 17:00:00,0.7918282457813619,0.3082364462790164,0.6821138377860189,0.46043259838595985
2023-02-20 18:00:00,0.8431017990224062,0.18084744290533392,0.7831774832122027,0.5630723832175134
2023-02-20 19:00:00,0.8372988630272449,0.11359357493506238,0.8433033484406768,0.676339134182781
2023-02-20 20:00:00,0.7802021010406314,0.07150810738856142,0.7686213042214513,0.6393078784830867
2023-02-20 21:00:00,0.7338757491856812,0.07548188171942123,0.6277077779173849,0.5301474826596676
2023-02-20 22:00:00,0.6915711570903658,0.06710968650877476,0.4906273606978357,0.357175821904093
2023-02-20 23:00:00,0.5680406498350202,0.058512189540673366,0.3266858108527958,0.19097203018143774
2023-02-21 00:00:00,0.39173560492694376,0.06476501202718778,0.20561507951468228,0.10969836915843188
2023-02-21 01:00:00,0.250804169550538,0.08960115913301706,0.18668745785951607,0.10078148835338652
2023-02-21 02:00:00,0.1894787802454084,0.11964901930906553,0.1878908980172127,0.0942607911862433
2023-02-21 03:00:00,0.1274619725625962,0.17299770155413577,0.15270657050423322,0.07210535398684441
2023-02-21 04:00:00,0.09930569019634276,0.1997606066343459,0.12869809700176119,0.05772935640532523
2023-02-21 05:00:00,0.09506506371777501,0.32914824050258507,0.12111383089795708,0.05070494577288627
2023-02-21 06:00:00,0.06251537800766528,0.4328843335807322,0.07280069783329962,0.027825880171731113
2023-02-21 07:00:00,0.012009839545935392,0.6183427589183501,0.026335712014697494,0.044026444167830046
2023-02-21 08:00:00,0.005838971277698874,0.7269151257520372,0.040132212284952395,0.13666363176889718
2023-02-21 09:00:00,0.03898342422675341,0.68257096351209,0.1177212652284652,0.29784567781724036
2023-02-21 10:00:00,0.08835472051054238,0.619189051999287,0.209766297256574,0.3926912075001746
2023-02-21 11:00:00,0.2214721334725618,0.5480318140780384,0.34114660766907035,0.4488493465818463
2023-02-21 12:00:00,0.4014258670806885,0.4893689229948954,0.4889739517122507,0.5737376561015844
2023-02-21 13:00:00,0.5744327209331094,0.4754535102844237,0.666174700949341,0.7290853578224776
2023-02-21 14:00:00,0.7338374187424777,0.61795126109638,0.8264785293489691,0.8581478077918289
2023-02-21 15:00:00,0.8118789696879685,0.845385068817572,0.9017682665586472,0.9162567536346614
2023-02-21 16:00:00,0.7685486711002886,0.9554609447988597,0.8951421819068492,0.9138330898433922
2023-02-21 17:00:00,0.6470353922620414,0.9978457353060897,0.8220867690443993,0.7925163177587091
2023-02-21 18:00:00,0.575480159204453,0.9776579743081872,0.7618298255093394,0.733267872966826
2023-02-21 19:00:00,0.6288126488588749,0.8730753429640422,0.8037628262303769,0.7870297270640731
2023-02-21 20:00:00,0.7187910837121306,0.6953448347340928,0.8297346026636659,0.7210865386947989
2023-02-21 21:00:00,0.7257713107205926,0.6046078933504494,0.7647946161404251,0.6243440727144478
2023-02-21 22:00:00,0.671274104285985,0.6308668993548912,0.7208996432647108,0.6606745863892136
2023-02-21 23:00:00,0.6350644057989118,0.6854030567678536,0.6681592894531784,0.6354353664815425
2023-02-22 00:00:00,0.5782353066839276,0.6531156813827426,0.552985218130052,0.5038387122750281
2023-02-22 01:00:00,0.4421849914081395,0.6317497143149374,0.41557591523975124,0.40005149155855185
2023-02-22 02:00:00,0.30650758123025296,0.6423087960075247,0.30589318264275783,0.32646613037213684
2023-02-22 03:00:00,0.22781132612377397,0.6484314192831515,0.24333075858652584,0.2691934525594115
2023-02-22 04:00:00,0.21658680893480772,0.6302538919719781,0.2312648466043174,0.24225966531783344
2023-02-22 05:00:00,0.30413019280880677,0.39217518481341274,0.2774621322005987,0.2435050930082798
2023-02-22 06:00:00,0.2921533118002117,0.4347416525808247,0.23419385261833664,0.18317863840609788
2023-02-22 07:00:00,0.30780448894947765,0.473245565498417,0.2374256769567728,0.1717016356997192
2023-02-22 08:00:00,0.32527497343719003,0.4152003061500462,0.25139741303399205,0.19132873972877856
2023-02-22 09:00:00,0.3929343069344759,0.3695201455463062,0.29054746357724065,0.22409394979476932
2023-02-22 10:00:00,0.41999754443764686,0.320047631480477,0.3452111024595797,0.268010206092149
2023-02-22 11:00:00,0.4137650068104267,0.2873113214021379,0.38721282143145797,0.29699693843722336
2023-02-22 12:00:00,0.4000096110999583,0.2575794680145653,0.39098759947344663,0.29359313463792197
2023-02-22 13:00:00,0.3901467654109001,0.23615691086108026,0.36929619880393144,0.2825007511302829
2023-02-22 14:00:00,0.3743186792731285,0.25509812169454305,0.3469756342284381,0.2602806102484464
2023-02-22 15:00:00,0.39706277100369336,0.32418196110562847,0.31220449332147837,0.20853126483038065
2023-02-22 16:00:00,0.3336072082258761,0.34492275584827764,0.21433875513263043,0.1310125849302858
2023-02-22 17:00:00,0.32251721698790786,0.47464679608290833,0.23909133769571778,0.1635177074186504
2023-02-22 18:00:00,0.3076728315465152,0.4335060554065487,0.24865476753562682,0.1448591235093772
2023-02-22 19:00:00,0.3064175180345774,0.32703283813866696,0.24177678186446427,0.1401881197839975
2023-02-22 20:00:00,0.26576999522745604,0.24871280624107878,0.21493864096701143,0.13698122410103677
2023-02-22 21:00:00,0.18695269078016277,0.15206470337103714,0.1960812575742602,0.14421975029632447
2023-02-22 22:00:00,0.1584706231858581,0.1356386440992355,0.24900575146079063,0.19634444252587854
2023-02-22 23:00:00,0.1676428108848631,0.14197898822074584,0.19324751082807776,0.14428529118187725
2023-02-23 00:00:00,0.15813571373000737,0.17756935994733464,0.1613441238179803,0.1370502250548452
2023-02-23 01:00:00,0.16434575146064156,0.1916398075764829,0.179873087760061,0.16806342009454964
2023-02-23 02:00:00,0.17890697646886108,0.21350213841958485,0.18988013530150052,0.1833698895946145
2023-02-23 03:00:00,0.18703258130699393,0.2851464688506993,0.18477915128692984,0.1885782892629504
2023-02-23 04:00:00,0.16584787879139187,0.34524284286932505,0.16542085733264683,0.1822108370717615
2023-02-23 05:00:00,0.1018042806535959,0.280457620234652,0.13204249874688684,0.15054562341421843
2023-02-23 06:00:00,0.1416062479652464,0.30183579733425914,0.14491988911293446,0.14581012870185078
2023-02-23 07:00:00,0.15784647468477483,0.30381749238480216,0.18195950923487542,0.18764411879703394
2023-02-23 08:00:00,0.21067485162988298,0.31114281052892856,0.21937321057543158,0.196608483120799
2023-02-23 09:00:00,0.20696364730596542,0.2840308801423419,0.1797027454525232,0.16905776837840678
2023-02-23 10:00:00,0.1653493143059313,0.2587875778024846,0.1885553815960884,0.20001571206375954
2023-02-23 11:00:00,0.1752067015878856,0.2213589470088482,0.22322171367704866,0.19365550927817815
2023-02-23 12:00:00,0.2077844489738345,0.2240778739750385,0.2451127027906477,0.17541478574275965
2023-02-23 13:00:00,0.1900400565005838,0.2177258684824813,0.22488698618486525,0.15009396948851644
2023-02-23 14:00:00,0.15787055930122731,0.1855087496678937,0.20141757592558857,0.13614243876188992
2023-02-23 15:00:00,0.1282192231528461,0.15517119984735137,0.1720652367733419,0.12232476842589676
2023-02-23 16:00:00,0.09637728588655589,0.13006609275259753,0.15804696135222912,0.11982350984588264
2023-02-23 17:00:00,0.067557567441836,0.2489304533465342,0.10304382300004364,0.07019895931705832
2023-02-23 18:00:00,0.10332959893159566,0.2463591236824339,0.11644455244764686,0.0696790736913681
2023-02-23 19:00:00,0.11466837422922255,0.2347077463973652,0.09535491598770021,0.05678131372667848
2023-02-23 20:00:00,0.08074385615065692,0.21467206389389257,0.06870452621951699,0.04906254303641618
2023-02-23 21:00:00,0.08066948512569071,0.16804628872058605,0.07911211712285877,0.05640516966581345
2023-02-23 22:00:00,0.0811405145563185,0.12595806305381385,0.08378862783312796,0.06434910759329797
2023-02-23 23:00:00,0.0586847370583564,0.08763207625259052,0.0676639222446829,0.0700127567909658
2023-02-24 00:00:00,0.04387543083168567,0.06310003413056785,0.06978446029126645,0.07308733211830258
2023-02-24 01:00:00,0.058614930212497716,0.06238468860360708,0.07864383099600672,0.07032662450335919
2023-02-24 02:00:00,0.06746406053192913,0.07829713262278924,0.0791941441874951,0.06363921164534986
2023-02-24 03:00:00,0.064605645686388,0.1059787298468026,0.07343507700599732,0.05582982583902777
2023-02-24 04:00:00,0.06458267354406416,0.1294827935641462,0.07352248674258591,0.05315187960863114
2023-02-24 05:00:00,0.0404017498716712,0.2048849720711058,0.03860830974765122,0.024706386774778374
2023-02-24 06:00:00,0.02868377897888422,0.25027173354544424,0.027239324534311892,0.023413649662397798
2023-02-24 07:00:00,0.023518133517354732,0.25320469157262276,0.025500965816900135,0.027692063441500072
2023-02-24 08:00:00,0.026362540232948962,0.2425088881836695,0.02684932311065496,0.03713622532319277
2023-02-24 09:00:00,0.035308772996068,0.2294254537197676,0.03615824827458709,0.05409598674625157
2023-02-24 10:00:00,0.04355053137522191,0.17754865513606502,0.04524492118973285,0.06264137665275483
2023-02-24 11:00:00,0.050422026026062654,0.10765527085147118,0.05519635409582405,0.06579277782235295
2023-02-24 12:00:00,0.07494439444039015,0.06105715164745396,0.07874006101861596,0.08112124475650488
2023-02-24 13:00:00,0.10105093874037265,0.05232823675329035,0.08905211473815142,0.08816052527166901
2023-02-24 14:00:00,0.1212673642206937,0.05559236712076447,0.09592765568755567,0.09270431854296475
2023-02-24 15:00:00,0.16203238847665488,0.052328926318071095,0.11073602518998082,0.098297334369272
2023-02-24 16:00:00,0.20996811971068374,0.048709400726312954,0.1427354047168046,0.11723011366091668
2023-02-24 17:00:00,0.41727794406935576,0.14457590912214735,0.29793296432122585,0.24567801279015838
2023-02-24 18:00:00,0.5609562491253018,0.1931943867355585,0.34894538355991234,0.26656044099479903
2023-02-24 19:00:00,0.6531668312288819,0.25748057788068596,0.3779234814457595,0.2684642393328249
2023-02-24 20:00:00,0.6875957121513783,0.2544120794094421,0.4057010675221682,0.3067712854221463
2023-02-24 21:00:00,0.7135054329410194,0.28749312405220484,0.4508855553343893,0.3449227586388588
2023-02-24 22:00:00,0.6917175870947538,0.3315740011801773,0.4406998463906348,0.33931210771203035
2023-02-24 23:00:00,0.6702952681295573,0.3413508367843249,0.3706185807660223,0.281496515898034
2023-02-25 00:00:00,0.4991199069842695,0.2212698981436816,0.3001348848827183,0.2772861253935843
2023-02-25 01:00:00,0.3158726932480931,0.1597670756043358,0.23649973511695854,0.2847968642879277
2023-02-25 02:00:00,0.3788651120662688,0.23620469414375042,0.25662644069641827,0.30390580615028734
2023-02-25 03:00:00,0.42245827374979855,0.3629064122621309,0.29801758144050833,0.2873361206054687
2023-02-25 04:00:00,0.44949068110436197,0.49290329751304607,0.2911499110795557,0.22279059621505437
2023-02-25 05:00:00,0.5442812720872461,0.7299089842357418,0.3518605466000735,0.25538799576461313
2023-02-25 06:00:00,0.3840331758931279,0.8955567107146435,0.2051454539597034,0.12108611222356555
2023-02-25 07:00:00,0.23348573099821807,0.9654108539900996,0.1084563492797315,0.048337965901009736
2023-02-25 08:00:00,0.20577089297585188,0.9931719855964185,0.08603323418181388,0.028689477290026844
2023-02-25 09:00:00,0.28617148655466734,1.0,0.10480338872876019,0.04313403132837266
2023-02-25 10:00:00,0.3438833218440413,1.0,0.12839415567927062,0.05824519348330796
2023-02-25 11:00:00,0.4115997378341853,1.0,0.17935947909951208,0.09244259833358232
2023-02-25 12:00:00,0.5137576131522654,1.0,0.2634652370028197,0.13212542004883288
2023-02-25 13:00:00,0.6167821556329725,1.0,0.34526313040405504,0.1574216417595744
2023-02-25 14:00:00,0.7512593151442706,1.0,0.41947139088995744,0.16860146949533372
2023-02-25 15:00:00,0.8673240298777818,1.0,0.5117295898962766,0.19636734003666786
2023-02-25 16:00:00,0.9123771695420144,0.9995756567337296,0.5764644381310791,0.2378849005280062
2023-02-25 17:00:00,0.9792715341039002,0.9961615434830839,0.7974459044635295,0.43077464713715014
2023-02-25 18:00:00,0.972816702798009,0.9687317192960869,0.7863075798377394,0.41382611995562907
2023-02-25 19:00:00,0.9460305944643914,0.93215592215007,0.7387408127821982,0.34309240295551713
2023-02-25 20:00:00,0.8432643915154038,0.8791915639964016,0.6192828690819443,0.25811882219277316
2023-02-25 21:00:00,0.7628979836404322,0.8543664513528347,0.5147297051176428,0.1989423561934382
2023-02-25 22:00:00,0.725794002022594,0.891631254323504,0.4641925734467804,0.14806730954907835
2023-02-25 23:00:00,0.5866829767264424,0.8962994537299328,0.34561126630287614,0.08764347833581268
2023-02-26 00:00:00,0.37053869064897305,0.8054075519605116,0.18424587435089046,0.038089270172640674
2023-02-26 01:00:00,0.19230821350123734,0.7460182769732042,0.06659475895110517,0.01267158115748316
2023-02-26 02:00:00,0.11489178432151673,0.8155894625322383,0.04383051104377955,0.031273875734768815
2023-02-26 03:00:00,0.06368737660348416,0.8554098513316024,0.051345367622561755,0.08226558002643286
2023-02-26 04:00:00,0.0789703902322799,0.8395992025462063,0.09284973710775375,0.12870277979411182
2023-02-26 05:00:00,0.16492396902292966,0.7571390546993775,0.1559939089603722,0.18140930746681985
2023-02-26 06:00:00,0.2816523365303874,0.7237190305238419,0.21539438229985533,0.19856031562201681
2023-02-26 07:00:00,0.5227207294851542,0.8575780538943679,0.3805443862266838,0.24392958274111146
2023-02-26 08:00:00,0.7819434560462831,0.9346973236040635,0.5892791882902382,0.3767303927615285
2023-02-26 09:00:00,0.9211139622889459,0.9704469904439016,0.7613885165192186,0.5730781029164791
2023-02-26 10:00:00,0.9484873990342022,0.9960690699517727,0.8687478077411651,0.7026912572234868
2023-02-26 11:00:00,0.942238810714334,1.0,0.840314436815679,0.615577149093151
2023-02-26 12:00:00,0.9384535965695979,0.9998786966909062,0.8313844133540987,0.5752706522867083
2023-02-26 13:00:00,0.9398153203353286,0.996614275276661,0.8185219410434366,0.5337374671176076
2023-02-26 14:00:00,0.9227807261608543,0.986719098795544,0.7687773358635605,0.4793636457808315
2023-02-26 15:00:00,0.8532842571474613,0.966624077260494,0.6836606500856577,0.4230036102514713
2023-02-26 16:00:00,0.7507661630026994,0.9431026271256534,0.5966071921959518,0.37405619814060626
2023-02-26 17:00:00,0.8236253092624246,0.9496929562904618,0.6987066965550184,0.4372994485497474
2023-02-26 18:00:00,0.6438868981041015,0.9307710007104005,0.6233839456178247,0.40077140076085915
2023-02-26 19:00:00,0.4935753921885043,0.9107058143344792,0.5605269095394759,0.32264259016141295
2023-02-26 20:00:00,0.4790907579660416,0.8955214474824341,0.5287435256596654,0.2665438413619995
2023-02-26 21:00:00,0.4017168809473515,0.8582154491001909,0.49481347016990174,0.24868459218647326
2023-02-26 22:00:00,0.23185611118096855,0.8536974174461581,0.412209532847628,0.24113363512791694
2023-02-26 23:00:00,0.10951555010396986,0.9017099727690219,0.3452487444132566,0.2288934818888083
2023-02-27 00:00:00,0.05892712531611323,0.8194876550408927,0.29394221958704286,0.2037477179104462
2023-02-27 01:00:00,0.04739585236646235,0.9972840922799978,0.2641874135006219,0.17198133481666444
2023-02-27 02:00:00,0.034704116666689516,0.9993029750748115,0.2784609980508685,0.19489405789412553
2023-02-27 03:00:00,0.04420677131041885,0.9946690726009283,0.27817118315957484,0.28559904331807046
2023-02-27 04:00:00,0.07743196304887533,0.9909917126460509,0.2670553456293419,0.3011536941304803
2023-02-27 05:00:00,0.13144334938377142,0.9108226246725429,0.1676662730611861,0.12072716070339083
2023-02-27 06:00:00,0.18080527883023023,0.933979330984029,0.1949687096755951,0.09929993679746986
2023-02-27 07:00:00,0.20641102958470578,0.9841354787078771,0.2168173762597143,0.1238984075654298
2023-02-27 08:00:00,0.21291708806529633,0.9971071751551194,0.24987165886908766,0.2354389611445367
2023-02-27 09:00:00,0.2689262083172798,0.9982824783433567,0.29143068967387076,0.2920921952091157
2023-02-27 10:00:00,0.4158578862994909,0.9981018539992246,0.2923372592777013,0.23136270011775195
2023-02-27 11:00:00,0.553468125257641,0.9994636263088746,0.30320149321109063,0.18091608343645926
2023-02-27 12:00:00,0.6249881006032229,1.0,0.2954687298089266,0.15255794448312374
2023-02-27 13:00:00,0.6381291413679717,1.0,0.35119574472308157,0.17557429911568762
2023-02-27 14:00:00,0.7715251175500452,1.0,0.5045615224167704,0.2863404268585145
2023-02-27 15:00:00,0.9474209745787084,1.0,0.7113140164688226,0.459147143214941
2023-02-27 16:00:00,0.9862553121708333,1.0,0.8408893051743507,0.6011340442672373
2023-02-27 17:00:00,0.9948884344846011,1.0,0.9439031167887151,0.7668794354796408
2023-02-27 18:00:00,0.9831508515030146,1.0,0.8710377683863044,0.6399724856391548
2023-02-27 19:00:00,0.9745660976693036,1.0,0.8042437091283499,0.5292021128907801
2023-02-27 20:00:00,0.9572355786524713,0.9993291978131641,0.7668698238767683,0.48970297669991847
2023-02-27 21:00:00,0.9363818885758519,0.9789318787780676,0.7099527442269027,0.3978668180294334
2023-02-27 22:00:00,0.8748093094862998,0.9232675028524615,0.605559656843543,0.2432011443423107
2023-02-27 23:00:00,0.7169509174488484,0.7826429673622953,0.4129539354192093,0.12304553940892218
2023-02-28 00:00:00,0.5620917985588312,0.75024355200204,0.2608677618019283,0.06809082227759064
2023-02-28 01:00:00,0.4843610646016895,0.7620990657061337,0.2593354267161339,0.06583243443630635
2023-02-28 02:00:00,0.4246580076683312,0.8247475864535029,0.2797644159989431,0.07741231449414043
2023-02-28 03:00:00,0.4407986602000892,0.7845256427201357,0.33615853466093537,0.12384570807218553
2023-02-28 04:00:00,0.4477784181386232,0.7101636906780978,0.3801869231741875,0.21319209381937979
2023-02-28 05:00:00,0.5158291307277977,0.5875106372345577,0.4184619296900928,0.21530713642016047
2023-02-28 06:00:00,0.35660933806560935,0.30498999651182784,0.25159686929546293,0.13680573856458067
2023-02-28 07:00:00,0.1801742628822103,0.18425629629330204,0.12886864005587995,0.10489545614458622
2023-02-28 08:00:00,0.10526455526705829,0.07576034415851939,0.07444830908440053,0.04914727590978145
2023-02-28 09:00:00,0.055561934225261206,0.02210766290737824,0.03610130390152334,0.010375419477932158
2023-02-28 10:00:00,0.026940325242467224,0.01674477817998691,0.032099706893786786,0.04114076985046267
2023-02-28 11:00:00,0.05341229281388222,0.10341992019929669,0.10123922265134751,0.1832661853497848
2023-02-28 12:00:00,0.19294617658480998,0.18894957131282852,0.23028137724846595,0.2829910270497203
2023-02-28 13:00:00,0.3457171680405736,0.23586506688459344,0.3356380261294543,0.3207622081972658
2023-02-28 14:00:00,0.4731362996064126,0.27448107871819627,0.5085888442024589,0.4945952069945632
2023-02-28 15:00:00,0.5778257582522928,0.3093265794488515,0.6691742184013127,0.6470312154479324
2023-02-28 16:00:00,0.6115733980014919,0.2649110339311036,0.7097067452222107,0.7049188368581233
2023-02-28 17:00:00,0.6150897637568412,0.12287463097409765,0.7121393933705985,0.7014830219186842
2023-02-28 18:00:00,0.6164585852995514,0.07498997009274634,0.6982211439684031,0.6973888822086154
2023-02-28 19:00:00,0.6418938440456986,0.10247675021602348,0.7171863884665071,0.7004276712983845
2023-02-28 20:00:00,0.7028582628257573,0.10899014640260828,0.7800312769785523,0.7142051775753495
2023-02-28 21:00:00,0.7395989738032223,0.05768358646130019,0.806122819315642,0.732955177016556
2023-02-28 22:00:00,0.7963281262479722,0.058408704054626545,0.8517477493174374,0.8600459583103657
2023-02-28 23:00:00,0.7837566556781528,0.05740389043295926,0.8442869833298027,0.7829723061062394
2023-03-01 00:00:00,0.7293160044215619,0.04875820910727435,0.8122334343008695,0.78566415945068
2023-03-01 01:00:00,0.608724729772657,0.04047988221049308,0.7296866787597537,0.8021800157614052
2023-03-01 02:00:00,0.6184613011404873,0.03644749829376286,0.7705894256196916,0.8678148666024208
2023-03-01 03:00:00,0.703852640595287,0.03337482397529213,0.8022275804542003,0.8492283607646822
2023-03-01 04:00:00,0.6507569400034843,0.03428969301622023,0.7903285451047121,0.8176837541349232
2023-03-01 05:00:00,0.5137608425319194,0.13237099406394093,0.7014054894261061,0.7033415597118436
2023-03-01 06:00:00,0.5204033246636389,0.16622327431359077,0.6516174752451478,0.6214093171805142
2023-03-01 07:00:00,0.4805098587274552,0.1351162356138229,0.5322905506193636,0.5034552673250436
2023-03-01 08:00:00,0.4856117883324624,0.122292136692188,0.52886019423604,0.44054621763527385
2023-03-01 09:00:00,0.5211105182766914,0.13263094562698494,0.6067084189318119,0.5087850259430706
2023-03-01 10:00:00,0.5857094792090355,0.11088023279200897,0.6349052308499812,0.5253892767056823
2023-03-01 11:00:00,0.6867035771161316,0.1016578312218189,0.6482681570015847,0.5265890787728129
2023-03-01 12:00:00,0.7113733568415045,0.08199506511065094,0.615254671052098,0.43129892177879803
2023-03-01 13:00:00,0.6603758570365605,0.05475891443816099,0.5909930954314767,0.3418704582750797
2023-03-01 14:00:00,0.5768725406751035,0.0199867451868274,0.5507769696041941,0.289875701488927
2023-03-01 15:00:00,0.5382356318086384,0.00705373493446545,0.5306419124826788,0.2910416150465608
2023-03-01 16:00:00,0.5166388130187988,0.0030764128809625453,0.5201208543218672,0.30853951283730574
2023-03-01 17:00:00,0.46538577573373907,0.006822390627454627,0.38935883497819296,0.22130692721344528
2023-03-01 18:00:00,0.5357066261954605,0.015471140755848451,0.3697206449508667,0.22391178781166673
2023-03-01 19:00:00,0.5523623387515545,0.03838899456303228,0.3527661635912954,0.2183487959206104
2023-03-01 20:00:00,0.5276292602717875,0.0607160257073966,0.33483315527439117,0.20593611838296055
2023-03-01 21:00:00,0.6688822559826074,0.08300588766620919,0.366368876537308,0.22635704223066563
2023-03-01 22:00:00,0.805347554720938,0.13976121225817636,0.4283194730151444,0.23924335187301035
2023-03-01 23:00:00,0.7773740061372516,0.12193991358307275,0.4116545998211949,0.18999467384070154
2023-03-02 00:00:00,0.5690698064677415,0.12879481992260977,0.2732910459209233,0.1703388313297182
2023-03-02 01:00:00,0.39318134063854804,0.3474579347941008,0.2064944198634475,0.18924077283591026
2023-03-02 02:00:00,0.4270985018461943,0.537946476475759,0.2354977224208415,0.23381722068414088
2023-03-02 03:00:00,0.5152806334197519,0.7142354070462962,0.3196645465213805,0.29138448183424764
2023-03-02 04:00:00,0.6162509680725633,0.8969168847392903,0.33012978313490743,0.26816028419882054
2023-03-02 05:00:00,0.48065708495676507,0.9264622271196409,0.29749773131683466,0.2483713974803686
2023-03-02 06:00:00,0.45130503918975584,0.9951168568567798,0.3770403789915144,0.3498573859781026
2023-03-02 07:00:00,0.35136954257264735,0.9995627622983672,0.3455097757652401,0.33645145064219834
2023-03-02 08:00:00,0.3731647049635648,1.0,0.36385895909741517,0.32992773894220584
2023-03-02 09:00:00,0.4425867121852935,1.0,0.3908526221290231,0.3552234754897654
2023-03-02 10:00:00,0.5948245078511535,1.0,0.4817528982460499,0.42569135792553425
2023-03-02 11:00:00,0.7098964712768793,1.0,0.5568451105803252,0.4755997473746538
2023-03-02 12:00:00,0.8197955117933452,1.0,0.6142431211099026,0.48854960940778247
2023-03-02 13:00:00,0.8206218478269874,1.0,0.5818800743855534,0.5059689122065901
2023-03-02 14:00:00,0.8349441104382275,1.0,0.5440572220645845,0.5320096694491803
2023-03-02 15:00:00,0.781604333668947,1.0,0.603533311393112,0.6196547580137849
2023-03-02 16:00:00,0.7750455854274332,1.0,0.6831401770934461,0.6677248924598097
2023-03-02 17:00:00,0.8103158023580909,0.9545454545454546,0.7723806586675346,0.7210988302342591
2023-03-02 18:00:00,0.7463775967806576,0.9090909090909091,0.708235683850944,0.5936338794603943
2023-03-02 19:00:00,0.6988053440861401,0.8636363636363636,0.6034192564338444,0.518734884057194
2023-03-02 20:00:00,0.7512380736134944,0.8636363636363636,0.6324112448282537,0.5020230317674576
2023-03-02 21:00:00,0.7586620051227508,0.8636363636363636,0.6666886818967758,0.593629635721445
2023-03-02 22:00:00,0.9563156764395533,0.8636363636363636,0.8619640501774847,0.7185727106221018
2023-03-02 23:00:00,0.9903280578926206,0.9545454545454546,0.9512472307495772,0.7816202813200651
2023-03-03 00:00:00,0.9908512373641133,0.9545454545454546,0.963729873318225,0.6997669346630573
2023-03-03 01:00:00,0.979865757804364,0.9545454545454546,0.9603787636756898,0.7518024041503668
2023-03-03 02:00:00,0.9926376954838634,1.0,0.9619783023372293,0.7548022742196915
2023-03-03 03:00:00,0.9436889847554266,0.9965847547352314,0.9353380543179809,0.6950916135311124
2023-03-03 04:00:00,0.749630562160164,0.9858165878734805,0.7802125915512441,0.5678212892077863
2023-03-03 05:00:00,0.3626863640733063,0.9990506727587093,0.40353275231085717,0.3677968879044056
2023-03-03 06:00:00,0.2242443816550076,0.9937956583364443,0.25778866601176553,0.44704048156738285
2023-03-03 07:00:00,0.3098205290827899,0.9902888708900324,0.29612319417297844,0.5363679092749952
2023-03-03 08:00:00,0.5040258274599909,0.9969815825874156,0.38252563459798694,0.4781067803129554
2023-03-03 09:00:00,0.5969991800375283,0.9969063799218698,0.4893352129496633,0.5000018592178819
2023-03-03 10:00:00,0.5835058028250932,0.9999266501177441,0.6201577251031994,0.5087580378353596
2023-03-03 11:00:00,0.7430511749908327,1.0,0.6594245641864834,0.5976935374736787
2023-03-03 12:00:00,0.9693355696089565,1.0,0.8612074510008096,0.7636406475119292
2023-03-03 13:00:00,0.9948756025731563,1.0,0.9645436191372573,0.8846144792623817
2023-03-03 14:00:00,0.9993523836508393,1.0,0.9886799200065435,0.9458580678328872
2023-03-03 15:00:00,0.996851260960102,1.0,0.9882058132998646,0.9320769727788866
2023-03-03 16:00:00,0.9534816407784819,0.9956754098968073,0.9444751224480568,0.7897087412327527
2023-03-03 17:00:00,0.9669196482002735,0.8218362433666531,0.9559605363197625,0.7973789449408649
2023-03-03 18:00:00,0.8920445272140204,0.6800577160174194,0.8192817407101393,0.70741413814947
2023-03-03 19:00:00,0.9253751821257175,0.6428957199508493,0.7634503453597425,0.5997027864307165
2023-03-03 20:00:00,0.9076493300311266,0.7073403936759991,0.7530749171599745,0.5226005137152969
2023-03-03 21:00:00,0.8446032870933413,0.8225291858884419,0.7488519360870122,0.6075261860527096
2023-03-03 22:00:00,0.8094390645436941,0.8665024118531832,0.7723592463508248,0.6140002985484896
2023-03-03 23:00:00,0.7940642774850128,0.8202937954664229,0.7237776345387099,0.4449530236050486
2023-03-04 00:00:00,0.7052270179614423,0.9585855543477968,0.5463016077131032,0.2334483233373612
2023-03-04 01:00:00,0.5841201125830412,0.9774738869748331,0.40183439746499056,0.17457886151969426
2023-03-04 02:00:00,0.435459540085867,0.9692645205692809,0.2777797078993171,0.15887521738186478
2023-03-04 03:00:00,0.3200255764555185,0.9687207549539477,0.19072313397191462,0.1505485628265887
2023-03-04 04:00:00,0.25848327664658427,0.97919479790059,0.15848068946972488,0.16584852511994536
2023-03-04 05:00:00,0.39405395603738724,0.9868696723878384,0.22354086925275618,0.15455466486513614
2023-03-04 06:00:00,0.4230727521702647,0.9926971346275374,0.25590488629415625,0.15606938054785133
2023-03-04 07:00:00,0.30180633488111197,0.9650015966187824,0.2437950970558449,0.11762874634005129
2023-03-04 08:00:00,0.2598007884901017,0.9104269170896575,0.23197089608758686,0.1092821210529655
2023-03-04 09:00:00,0.2479760613013059,0.9241372190551324,0.16706300074700267,0.06371654435526578
2023-03-04 10:00:00,0.26711108344607054,0.9470306476137853,0.12365369571838528,0.04874739966820925
2023-03-04 11:00:00,0.29962821599096057,0.9426127885417503,0.12186457553412766,0.057461627284064884
2023-03-04 12:00:00,0.3728413674607872,0.8877970625731076,0.1597543799364939,0.07190351367462426
2023-03-04 13:00:00,0.42905338168144214,0.801942605918104,0.20036554530262946,0.08899062796030192
2023-03-04 14:00:00,0.4460789543762803,0.7234108269214627,0.23087834205478425,0.10072337477467953
2023-03-04 15:00:00,0.40367605686187735,0.6027247201448137,0.2378789529949426,0.12364388130605218
2023-03-04 16:00:00,0.35373699020594357,0.5148029518127442,0.21221904692240057,0.145562387984246
2023-03-04 17:00:00,0.503563977498561,0.5987593241848729,0.2760830039065331,0.2641622516047209
2023-03-04 18:00:00,0.6387546414136884,0.46992894095453347,0.34634956789202986,0.2900922491215169
2023-03-04 19:00:00,0.6938444556109608,0.3717773622545329,0.4364196504093707,0.3231564093660563
2023-03-04 20:00:00,0.6056140858680009,0.2687383502179925,0.4990374182909726,0.34693015339784317
2023-03-04 21:00:00,0.4703453803062439,0.18213056309656664,0.4762890472449362,0.3689344790764153
2023-03-04 22:00:00,0.41130910813808436,0.09242931105873799,0.42865007895976304,0.36418931609019634
2023-03-04 23:00:00,0.3596620573103428,0.016572474955835127,0.3276529808342456,0.2140381617285311
2023-03-05 00:00:00,0.2808296582475304,0.0014487118748101322,0.2529898095689713,0.14649193068966262
2023-03-05 01:00:00,0.25754122037440536,0.0006649600714445114,0.1937720909994095,0.13092612856067717
2023-03-05 02:00:00,0.23241855295374986,0.0021057164059443906,0.21186426075175402,0.1464846123475581
2023-03-05 03:00:00,0.19593498740345233,0.02127428223802285,0.20590165786445136,0.1707846384402364
2023-03-05 04:00:00,0.14843327306210993,0.05641681912609121,0.20334201145917172,0.18408692076802252
2023-03-05 05:00:00,0.2699640514887869,0.09568477233025159,0.4046961520239711,0.42426407421007756
2023-03-05 06:00:00,0.31896881900727747,0.20699688706208355,0.4149275435693562,0.3769180871546269
2023-03-05 07:00:00,0.38932664146646856,0.4171154018017379,0.43013826757669443,0.36310782428830857
2023-03-05 08:00:00,0.4770612688362599,0.5853746289827606,0.5095026403665542,0.4290696573443712
2023-03-05 09:00:00,0.4944237375259398,0.6626470025561071,0.5916196035034953,0.5493226873688399
2023-03-05 10:00:00,0.537141979280859,0.6525896424461491,0.6567596476897595,0.635046689454466
2023-03-05 11:00:00,0.6572539415583014,0.5683418064767664,0.661338922511786,0.5364861044287681
2023-03-05 12:00:00,0.6701361164823173,0.5057221723009239,0.5692592830210924,0.42168803453445436
2023-03-05 13:00:00,0.5593253794126213,0.505700603059747,0.501489586532116,0.4144024426303804
2023-03-05 14:00:00,0.45655618086457256,0.516307719796896,0.5071489457786084,0.4994247719645501
2023-03-05 15:00:00,0.5212146842479706,0.5917494737153701,0.5688440628163516,0.5723687225580213
2023-03-05 16:00:00,0.6379070350341496,0.5795230419662865,0.5984973286651073,0.5628845064342021
2023-03-05 17:00:00,0.697578515205532,0.6329811037264084,0.5956328153051434,0.5020769399404525
2023-03-05 18:00:00,0.6961052359640597,0.4405693050948056,0.6200080064311622,0.46141384810209285
2023-03-05 19:00:00,0.7269035574421285,0.3275253818929195,0.6331071777455507,0.4460546483285725
2023-03-05 20:00:00,0.7358011567406355,0.37208882105621427,0.6365822968818244,0.4492801282741129
2023-03-05 21:00:00,0.6868067560158668,0.4026529578051783,0.6125417053326964,0.46713031843304637
2023-03-05 22:00:00,0.6176309994608163,0.37297737346454096,0.5907556657306849,0.49866307601332666
2023-03-05 23:00:00,0.43605308957397926,0.3789015465026552,0.5478366793878374,0.48808860929682846
2023-03-06 00:00:00,0.36009662874042986,0.4728967576135288,0.5002390917763113,0.42770954333245753
2023-03-06 01:00:00,0.3077352304384112,0.5469406256756998,0.4365629987604915,0.3942688869871199
2023-03-06 02:00:00,0.2568909585103393,0.4447426602921702,0.36306073648855086,0.398017025720328
2023-03-06 03:00:00,0.24825191413983694,0.3467245144871147,0.35526494020596144,0.43361791446805
2023-03-06 04:00:00,0.23318343799561259,0.36059128312902017,0.3595320768281817,0.45859974071383464
2023-03-06 05:00:00,0.21880233506672078,0.23009360475973642,0.4292172648012637,0.5257268504425882
2023-03-06 06:00:00,0.2536181311868131,0.32720446620475163,0.45656184203922745,0.44016948420554397
2023-03-06 07:00:00,0.22931853564456106,0.320991023345427,0.36965487141162157,0.3126795128546655
2023-03-06 08:00:00,0.1704253807477653,0.2911556997759775,0.24273532105609769,0.2590001971647143
2023-03-06 09:00:00,0.21288949370384214,0.24977919075976712,0.2530199279822409,0.3129263707064092
2023-03-06 10:00:00,0.3638721089623868,0.2589550198750062,0.39540032360702754,0.36693487169221045
2023-03-06 11:00:00,0.48414344310760493,0.2766253599930893,0.5284085038304328,0.4135149498842655
2023-03-06 12:00:00,0.5391085022315382,0.22840448531914842,0.6191054266877472,0.4999889398179948
2023-03-06 13:00:00,0.5471428126469254,0.15343607652593744,0.6756469124928116,0.5659783067740498
2023-03-06 14:00:00,0.5898817707598208,0.1151553931425918,0.7383472412638364,0.6049192467518147
2023-03-06 15:00:00,0.6306835252046584,0.0903625133565881,0.7641238281503318,0.6017522105760872
2023-03-06 16:00:00,0.6941048601083455,0.07342116511003537,0.7817111681960522,0.6146931873261927
2023-03-06 17:00:00,0.8383292693458498,0.08171292116357522,0.8759760010056197,0.6462587990425527
2023-03-06 18:00:00,0.8856523826904593,0.0700779757208445,0.9026859384961424,0.6427252888679502
2023-03-06 19:00:00,0.897467374652624,0.06204162879423662,0.9028636886551975,0.6073748664930463
2023-03-06 20:00:00,0.8992048554867503,0.0349053561755202,0.8929620427079499,0.5876525808870793
2023-03-06 21:00:00,0.9279250221513211,0.030056230696764864,0.8931164745241403,0.577440118510276
2023-03-06 22:00:00,0.9572093679010867,0.03129416778006337,0.8917406404763459,0.581074051335454
2023-03-06 23:00:00,0.9063203121908009,0.021956445930356335,0.8217994230799377,0.5109522912092507
2023-03-07 00:00:00,0.8897654402256012,0.022489878369325946,0.7647810296714305,0.4641836469247937
2023-03-07 01:00:00,0.8794586213864385,0.017974222597073427,0.7446949887461959,0.4329086014069616
2023-03-07 02:00:00,0.8726380305364728,0.009420782723887399,0.7506780413910746,0.42190371816977856
2023-03-07 03:00:00,0.8580959017574786,0.00519685167141936,0.7557749670743941,0.43294606672599906
2023-03-07 04:00:00,0.854967443756759,0.00927077453583479,0.7670973248407243,0.43973411001265045
2023-03-07 05:00:00,0.769831585921347,0.02302736728706143,0.722144190147519,0.39382043639197933
2023-03-07 06:00:00,0.7306881244294345,0.030602024871517308,0.6996446175873279,0.3676621624827385
2023-03-07 07:00:00,0.6214216994866727,0.02877195411785083,0.5914492913894356,0.31821477750316257
2023-03-07 08:00:00,0.4948920230567455,0.02259853130375797,0.5711085970699786,0.32200720347464085
2023-03-07 09:00:00,0.5554750399477781,0.013663750575347381,0.6486489187553526,0.39034059336408966
2023-03-07 10:00:00,0.6932414847798645,0.022614631188864056,0.7201676992699504,0.43915968021377916
2023-03-07 11:00:00,0.7771106783859432,0.02595993456854061,0.7396036476269363,0.4188159210793673
2023-03-07 12:00:00,0.8144065570645033,0.012913792973214933,0.7571602313965557,0.41663294982165083
2023-03-07 13:00:00,0.8284110547974706,0.0024272420291196212,0.7813975702412427,0.42943051006644956
2023-03-07 14:00:00,0.8484336357191203,0.0014472471008246592,0.7942486572824418,0.4248241261020302
2023-03-07 15:00:00,0.8203989079967142,0.0014293301037766716,0.7601248234324156,0.3734702791832388
2023-03-07 16:00:00,0.7745125170424579,0.0002996076372536746,0.7222252037748695,0.33050050871446723
2023-03-07 17:00:00,0.7252624872513114,0.00022354497489604082,0.6547805747389792,0.2746197642851621
2023-03-07 18:00:00,0.7015822338312864,0.0016754489798437465,0.6246582350134848,0.2607941477466374
2023-03-07 19:00:00,0.6919305967353283,0.0012794109501621939,0.6077509303763508,0.2536477172840386
2023-03-07 20:00:00,0.6917899283207952,0.000678951811384071,0.6245474807173014,0.26594620560295873
2023-03-07 21:00:00,0.7064912004768847,0.0011589255319400266,0.6512594634667039,0.28615172144025564
2023-03-07 22:00:00,0.7558572179637849,0.0014876146885481744,0.6679808193817732,0.29037932080216705
2023-03-07 23:00:00,0.711709275972098,0.0006642852114005523,0.6051037148758769,0.26327568374574184
2023-03-08 00:00:00,0.744136198889464,0.0011561006070538002,0.597348022069782,0.25309176170267167
2023-03-08 01:00:00,0.7628874315880239,0.004276725981723179,0.5953713714145124,0.2533982007298618
2023-03-08 02:00:00,0.7463288684003052,0.009525000405582516,0.5624047393538057,0.2510288861673325
2023-03-08 03:00:00,0.7221072922274467,0.011538520492613315,0.5702864438854158,0.26980052530765525
2023-03-08 04:00:00,0.7835380485467611,0.010658682181753898,0.6415229756198824,0.3081462273746729
2023-03-08 05:00:00,0.8385274994559586,0.04796644238585776,0.7396350253373384,0.43226683449000114
2023-03-08 06:00:00,0.8912996110506355,0.05205596604807809,0.7915974595583977,0.4996724895946681
2023-03-08 07:00:00,0.924113212917,0.09406072376803919,0.8017285805754362,0.5400779852271079
2023-03-08 08:00:00,0.8416342869959772,0.1290734546563842,0.7650274482183157,0.548123057913035
2023-03-08 09:00:00,0.8481705128215253,0.15967863519083367,0.7853455940634011,0.5775802746601403
2023-03-08 10:00:00,0.8803464354388415,0.11006334439936008,0.8094285889342426,0.5567092541605233
2023-03-08 11:00:00,0.9144316421635449,0.05757834496823223,0.8109429500624536,0.5077955844998359
2023-03-08 12:00:00,0.9041608738340434,0.031106441000645812,0.7927486332692204,0.4567313143610955
2023-03-08 13:00:00,0.8646477529406547,0.026433855064890596,0.7768862183205781,0.4480797240883111
2023-03-08 14:00:00,0.8472370759211479,0.027540514675731008,0.7773313259333372,0.4788021493703126
2023-03-08 15:00:00,0.8361303921975196,0.025269150625575675,0.753316050581634,0.47749500587582583
2023-03-08 16:00:00,0.8238800661079583,0.02462044275619767,0.7209793388284742,0.4427805791050195
2023-03-08 17:00:00,0.6725374970398842,0.03223830436779695,0.5651413550414144,0.30403248019516466
2023-03-08 18:00:00,0.6559269633889198,0.019516561082140966,0.5435947779938578,0.2778671838343143
2023-03-08 19:00:00,0.6773495344817637,0.015158302482556217,0.550817255526781,0.27526718871667977
2023-03-08 20:00:00,0.6795543190464377,0.021324143551967358,0.5740739825740456,0.30446547671221197
2023-03-08 21:00:00,0.6548457743041216,0.0252325810898434,0.5814060942828654,0.32560925455763934
2023-03-08 22:00:00,0.629792844299227,0.022856565757908606,0.5708072046004234,0.3238655051402747
2023-03-08 23:00:00,0.5244895387627184,0.023534900254823944,0.5008401549980044,0.3055484307184815
2023-03-09 00:00:00,0.44381520533934227,0.045572237589142535,0.4449274839274585,0.2936783718690276
2023-03-09 01:00:00,0.41250488951802244,0.0741435011950406,0.4233397436700761,0.2959257623180746
2023-03-09 02:00:00,0.4253634214773774,0.07615988950160418,0.4392366041429341,0.3220007682591676
2023-03-09 03:00:00,0.43102831795811647,0.09616840445182538,0.4594935840182006,0.3463376824185252
2023-03-09 04:00:00,0.4309681387245654,0.14855926116081797,0.47107605464756486,0.35246355440467586
2023-03-09 05:00:00,0.4311401410400868,0.3757772692496127,0.5217298591695726,0.43187399927526704
2023-03-09 06:00:00,0.38774964030832054,0.35831115457144647,0.4539518184959888,0.369318878762424
2023-03-09 07:00:00,0.3394758637435734,0.31250952308828184,0.4058387093618511,0.34079890374094235
2023-03-09 08:00:00,0.3006310577318072,0.3116159251874144,0.3820630872063338,0.3423943873867393
2023-03-09 09:00:00,0.38110845414921635,0.28040582468563857,0.45020723385736344,0.35868763504549855
2023-03-09 10:00:00,0.5001361983828244,0.22088320096785366,0.536293042115867,0.4017107006348669
2023-03-09 11:00:00,0.6073236662894488,0.17803715168075127,0.5989072048291562,0.4206451920419931
2023-03-09 12:00:00,0.6681936310417947,0.16176691726527434,0.6358953793719408,0.4053277460671961
2023-03-09 13:00:00,0.6817749557830393,0.1220277351140976,0.6252202267572281,0.369537772797048
2023-03-09 14:00:00,0.6374792514927684,0.07382605296644298,0.5741438346728682,0.33390288213267916
2023-03-09 15:00:00,0.5384789878875017,0.04700536445460537,0.5131929806061087,0.2987277000397443
2023-03-09 16:00:00,0.44112595077604055,0.03817825766788287,0.4247534541413188,0.2540357744414359
2023-03-09 17:00:00,0.41940469179302453,0.13414499681781636,0.39379077568650245,0.22536698889918622
2023-03-09 18:00:00,0.3275257376953959,0.09069387562572954,0.2948186062276363,0.17180749282240862
2023-03-09 19:00:00,0.3243258817493915,0.030629765804518358,0.2728847890347242,0.16272981966845687
2023-03-09 20:00:00,0.4180169966816902,0.017979744303632868,0.3681693720258773,0.21838403836823997
2023-03-09 21:00:00,0.5932135331071913,0.0068452060256492,0.4785150426253676,0.2869177840836346
2023-03-09 22:00:00,0.7163400416634974,0.004462256387553431,0.5047807393036783,0.2895131625141948
2023-03-09 23:00:00,0.6300059631466863,0.007247500091113826,0.45861857626587155,0.26069144540466366
2023-03-10 00:00:00,0.6489651202596722,0.03044421855021606,0.5193867893330751,0.2987936413846909
2023-03-10 01:00:00,0.7492393641918896,0.0892480732365088,0.5758496411517261,0.3456573051027953
2023-03-10 02:00:00,0.8370281633175908,0.15036684742028059,0.6017075296677648,0.38436028791591514
2023-03-10 03:00:00,0.9116209829412399,0.17002747801894488,0.6619685751013458,0.4290196333639324
2023-03-10 04:00:00,0.9459261930547653,0.17185159797018226,0.7388378731533884,0.5118538045510649
2023-03-10 05:00:00,0.986178575325757,0.16593571715056898,0.8593542170524596,0.6731272144056855
2023-03-10 06:00:00,0.9908489067666232,0.11527949844571675,0.8732111577503382,0.6648795156180858
2023-03-10 07:00:00,0.9890495185554028,0.11025159636004402,0.8922345987521111,0.6697260474227367
2023-03-10 08:00:00,0.9939037363231181,0.2404815921593796,0.8993967253901064,0.6861282956600188
2023-03-10 09:00:00,0.9991873376071453,0.43268075937574557,0.9296994779072701,0.7253090792521832
2023-03-10 10:00:00,0.9990185810625553,0.49000861453061745,0.941379002034664,0.716394275613129
2023-03-10 11:00:00,0.9980630292370916,0.49486498617990454,0.9439410583674908,0.7083556909672916
2023-03-10 12:00:00,0.9976130459830165,0.4534415183961391,0.9398541283793747,0.7158104079030453
2023-03-10 13:00:00,0.9983651263266802,0.41304587218910455,0.9480067241936921,0.7507991700433193
2023-03-10 14:00:00,0.9964121014252305,0.3402068698880347,0.9172511324845253,0.6567542134970424
2023-03-10 15:00:00,0.9763843182846904,0.3087139395455068,0.8596969416737557,0.5599902408383786
2023-03-10 16:00:00,0.9686305571906269,0.28355883765288376,0.8514474741742013,0.5480638503096998
2023-03-10 17:00:00,0.974606460314244,0.2748992532390085,0.9204759711213409,0.6876686087623237
2023-03-10 18:00:00,0.9706537655927241,0.21977310301227995,0.9217084244266152,0.6655713298916816
2023-03-10 19:00:00,0.9653473362699151,0.1577550907602364,0.9027281979098917,0.5817202436551452
2023-03-10 20:00:00,0.9377466088905929,0.12676873752677983,0.8964706642366945,0.5902105523459613
2023-03-10 21:00:00,0.9551939349994062,0.05431206927042114,0.9132424657419324,0.5973996648192405
2023-03-10 22:00:00,0.9616862707585097,0.10323357405310327,0.8967174385488033,0.5498558273911477
2023-03-10 23:00:00,0.9527437068521976,0.10679509888657114,0.8978931089118124,0.5435123436339199
2023-03-11 00:00:00,0.9761252610385418,0.09048571031879295,0.927962033599615,0.6039995820075272
2023-03-11 01:00:00,0.9870400448516011,0.2304130844636397,0.9493969442509115,0.6673554074577986
2023-03-11 02:00:00,0.9859586768038571,0.2659866094318302,0.9596139074116945,0.6987341616675257
2023-03-11 03:00:00,0.9853817654959858,0.3278011930666186,0.9736199381947517,0.7974950056709348
2023-03-11 04:00:00,0.9921796171553433,0.3870446346564726,0.9806923453696071,0.8411094624176619
2023-03-11 05:00:00,0.9820116584189236,0.5241569457541813,0.9888880500011146,0.9310842683352529
2023-03-11 06:00:00,0.9859112121723591,0.5136416336352174,0.9938237695395946,0.9345093285478651
2023-03-11 07:00:00,0.9651810507848858,0.41525034361264906,0.982862986717373,0.9005521442182362
2023-03-11 08:00:00,0.9751039360463619,0.45183611341498114,0.9811785085685552,0.8731720690615474
2023-03-11 09:00:00,0.9908830257877708,0.4825774100287394,0.9871218135580421,0.8789968470856547
2023-03-11 10:00:00,0.9948986780457197,0.5730783013593064,0.9826404545083642,0.8526893631555139
2023-03-11 11:00:00,0.9915906694345176,0.6346877192096275,0.9794929679855704,0.8647360837087036
2023-03-11 12:00:00,0.9845216409675777,0.688870865011757,0.9839580173790454,0.8821060363948345
2023-03-11 13:00:00,0.9747650353424252,0.7494277847625992,0.9776608005724847,0.8617980564013124
2023-03-11 14:00:00,0.9570073533430696,0.776399159472097,0.9638970855996012,0.8247991156764328
2023-03-11 15:00:00,0.9201129161007701,0.7621001984585415,0.9432494072429836,0.7865322251431643
2023-03-11 16:00:00,0.8621176354400814,0.7050908706675876,0.9138353178277613,0.7587043108232318
2023-03-11 17:00:00,0.675687053296715,0.69976776254448,0.8700828897580505,0.773091070894152
2023-03-11 18:00:00,0.5798054524697361,0.571112908612598,0.7904082539677618,0.7039694060757755
2023-03-11 19:00:00,0.4989655674621462,0.4743528846820647,0.66969491828233,0.594896509926766
2023-03-11 20:00:00,0.4960618962720036,0.4462651975859295,0.6122864579595625,0.5201274550706149
2023-03-11 21:00:00,0.5161025519482789,0.40718214342201287,0.6034717141278086,0.4804331638291478
2023-03-11 22:00:00,0.49157808959484095,0.3227543799613009,0.5776318745873867,0.4403084199875593
2023-03-11 23:00:00,0.363756738845259,0.20292832658033477,0.450889797564596,0.29751860257238144
2023-03-12 00:00:00,0.2914186794776469,0.10422211606394165,0.35507279435172673,0.21691226799972355
2023-03-12 01:00:00,0.21372791335918004,0.048592151620171276,0.25578125867992635,0.14859251209534702
2023-03-12 02:00:00,0.1329134172108024,0.01845108258453282,0.1516509631741792,0.09029228213243186
2023-03-12 03:00:00,0.07267702761106191,0.006393105658617886,0.07511780509725212,0.04951094252057373
2023-03-12 04:00:00,0.042484078500419846,0.0062820928137410775,0.04170885538682342,0.03181891516782343
2023-03-12 05:00:00,0.03651841624639928,0.015413225310092623,0.05590473427437246,0.04997536459006369
2023-03-12 06:00:00,0.046367226643487816,0.029762145087800243,0.053181153219193214,0.040706784306094056
2023-03-12 07:00:00,0.06588541021570563,0.057842281758785245,0.05856608537957072,0.03840320822782815
2023-03-12 08:00:00,0.09240099553950129,0.12485185791145673,0.07244464183226229,0.052765121012926096
2023-03-12 09:00:00,0.1073873660713434,0.18970044679939743,0.0885123936831951,0.06439961194992067
2023-03-12 10:00:00,0.1256279009766877,0.21709597693248223,0.1008682947140187,0.07459664705209434
2023-03-12 11:00:00,0.14529541907832022,0.21138153860176156,0.11354991909116505,0.09081209768541156
2023-03-12 12:00:00,0.18074608406051987,0.22766349720345297,0.1471672186814248,0.12207085988484323
2023-03-12 13:00:00,0.2382663959264755,0.21328898799690332,0.2077161871641874,0.17435738788917657
2023-03-12 14:00:00,0.3075161870196461,0.1985517604412003,0.2743935202248394,0.22176402209326618
2023-03-12 15:00:00,0.37233485221862794,0.19964584220878098,0.31665384488180276,0.24730938972905278
2023-03-12 16:00:00,0.44611034125089644,0.22239626108245414,0.36786710856482385,0.27664221372455355
2023-03-12 17:00:00,0.4131056261062622,0.2780294710600918,0.3477162955887615,0.2713795093260705
2023-03-12 18:00:00,0.4035537576675415,0.26974802818487986,0.3421389518305659,0.2788321433775126
2023-03-12 19:00:00,0.43917905330657947,0.24660811664028603,0.40804602071642876,0.3449120352603494
2023-03-12 20:00:00,0.5013688251376153,0.21931905872781166,0.47494539365172384,0.3984824668243528
2023-03-12 21:00:00,0.5821249146945773,0.19915757375345988,0.5200950030982493,0.4159901496581734
2023-03-12 22:00:00,0.6735275437496602,0.18940143285827202,0.5551925129070877,0.4323903729021549
2023-03-12 23:00:00,0.6397739029861984,0.14684747679667035,0.5188202979415655,0.3949338517151773
2023-03-13 00:00:00,0.6319748588278887,0.12387595367702565,0.4348721013218163,0.2970647538267075
2023-03-13 01:00:00,0.6788905963674186,0.11814739923585545,0.43264246696606273,0.2530671807657927
2023-03-13 02:00:00,0.6938814275339245,0.11312940269031312,0.41390122230164705,0.23302140622399745
2023-03-13 03:00:00,0.6599447027966379,0.118731251321733,0.39591156446374953,0.24258161350153382
2023-03-13 04:00:00,0.6403200777433811,0.14416526210579003,0.4192287960462271,0.2988908586092293
2023-03-13 05:00:00,0.6627267118915913,0.204666282673451,0.48968228299170713,0.3771776379272342
2023-03-13 06:00:00,0.7444141393154858,0.2744372595541856,0.5659649869799612,0.39786361988633867
2023-03-13 07:00:00,0.7576511678844691,0.3622198242084545,0.5749511128477751,0.38517439825460315
2023-03-13 08:00:00,0.7064286189153789,0.5199322350187734,0.5531402799673377,0.3948971038870513
2023-03-13 09:00:00,0.7195167486928401,0.5852706547691062,0.6363297721743583,0.44587963007390496
2023-03-13 10:00:00,0.7895856372825799,0.5416418618234721,0.6894607496634125,0.5059352217428387
2023-03-13 11:00:00,0.785136812571436,0.5377594544738531,0.7119322510808705,0.5354396494291721
2023-03-13 12:00:00,0.7462589332461357,0.5621513870730994,0.6956368146277963,0.5275949493423103
2023-03-13 13:00:00,0.7677649421244859,0.5718338431587273,0.7236840054951608,0.5627214411273598
2023-03-13 14:00:00,0.8154676933400331,0.5837587404691361,0.7733522363752124,0.6153127804212271
2023-03-13 15:00:00,0.7553989662788808,0.6018719906495374,0.7597892979718743,0.5876923777349293
2023-03-13 16:00:00,0.7154468063078819,0.6363368759372018,0.6983337096497416,0.5424224456213415
2023-03-13 17:00:00,0.7620215384662151,0.679959442270073,0.7376998668350278,0.5894105399958789
2023-03-13 18:00:00,0.7537002740055322,0.7017899248681284,0.7089984573051332,0.5571477616019547
2023-03-13 19:00:00,0.7521422565914688,0.7302859768135981,0.6990477466769515,0.5530036000721156
2023-03-13 20:00:00,0.7706506085023284,0.7827797036008399,0.7229495885409414,0.5658505195379256
2023-03-13 21:00:00,0.8484139069542289,0.8540365281159228,0.7670273178443312,0.5884824059344826
2023-03-13 22:00:00,0.7626175732910633,0.9120249511572447,0.7348583202064037,0.4959638081490993
2023-03-13 23:00:00,0.6081557131744919,0.9090259033306078,0.6018917737528681,0.4069693470932542
2023-03-14 00:00:00,0.6799320988915859,0.8179589908502318,0.5559372756257651,0.35020061763003457
2023-03-14 01:00:00,0.6241491605527698,0.8276174567368895,0.5779109214805065,0.331798504795879
2023-03-14 02:00:00,0.5283022372052072,0.9011834694174202,0.547510426826775,0.33875189388170834
2023-03-14 03:00:00,0.5223231950215994,0.9261666025898674,0.5659962609037755,0.41269389863125977
2023-03-14 04:00:00,0.5546921016089617,0.9064250703426925,0.6145162113383411,0.5261802526470273
2023-03-14 05:00:00,0.40546499860472973,0.888060366538438,0.5601858641766011,0.5393530469294636
2023-03-14 06:00:00,0.4533735525794327,0.9695732965523546,0.6603632985055445,0.6703648643102497
2023-03-14 07:00:00,0.4951800776645542,0.9916421267796646,0.7261310790479182,0.7592904959619045
2023-03-14 08:00:00,0.5923672089166938,0.9939660100367935,0.8019249283708632,0.8281758170947432
2023-03-14 09:00:00,0.7101397922262549,0.9938659835132685,0.9018161465227604,0.8812902040593326
2023-03-14 10:00:00,0.6521317016985266,0.9924410791966047,0.9313478355854748,0.8771351497620344
2023-03-14 11:00:00,0.507269999193959,0.9884343324195254,0.899303561951965,0.8690103865973651
2023-03-14 12:00:00,0.44244378153234715,0.9890914629670707,0.8693685557693241,0.8637618897855281
2023-03-14 13:00:00,0.4285791474767029,0.9873247128047726,0.8441638689860701,0.8702288394607604
2023-03-14 14:00:00,0.5141384897381068,0.9761376804248854,0.8524376224353909,0.9086861887015403
2023-03-14 15:00:00,0.7141713140346109,0.9896693595972927,0.9195061003789305,0.9077200021408498
2023-03-14 16:00:00,0.8502201736904679,0.9997205422683195,0.9101123454608022,0.8951838259771465
2023-03-14 17:00:00,0.9925678524747491,1.0,0.9536794713512062,0.9377040195465087
2023-03-14 18:00:00,1.0,1.0,0.9894728939794003,0.9668851646222173
2023-03-14 19:00:00,1.0,1.0,1.0,0.9920780489221215
2023-03-14 20:00:00,1.0,0.9667728105322883,1.0,0.9969893702492119
2023-03-14 21:00:00,1.0,0.8752074385231192,1.0,0.9624054366350172
2023-03-14 22:00:00,1.0,0.6999870229783384,0.9996304869279266,0.9011431348882615
2023-03-14 23:00:00,1.0,0.5697313561087305,0.993775113709271,0.8318538326770065
2023-03-15 00:00:00,1.0,0.5740912478518756,0.9757052728720009,0.6771388936974108
2023-03-15 01:00:00,0.997504597902298,0.5864506628906185,0.9435102319158614,0.5946289667673408
2023-03-15 02:00:00,0.9836340768262744,0.5874794449792667,0.8985618036054076,0.5306814297288656
2023-03-15 03:00:00,0.9423122270032764,0.5689261149005456,0.8360506637208165,0.4443261534906924
2023-03-15 04:00:00,0.8548543612658976,0.5366571080278265,0.7182432576268911,0.3334393213223666
2023-03-15 05:00:00,0.764840681888163,0.4896415194801307,0.6815670781675724,0.30556089988909657
2023-03-15 06:00:00,0.7082886580936609,0.4546061336858705,0.5960221576504409,0.2545870448462665
2023-03-15 07:00:00,0.5623944127745926,0.29537094152786514,0.5510681530088186,0.3487176218535751
2023-03-15 08:00:00,0.4809959770925342,0.15116330488838933,0.5714973664656281,0.4883627102337778
2023-03-15 09:00:00,0.49048606548458334,0.10658926691859961,0.5393855984881518,0.44297768712043767
2023-03-15 10:00:00,0.398800497557968,0.06950266673822295,0.41021180108189587,0.36105812372639773
2023-03-15 11:00:00,0.2722625452280044,0.09092616011811928,0.2673610478639602,0.2895489490218461
2023-03-15 12:00:00,0.1508205751283094,0.12385304761542515,0.15637612541206178,0.21101371037773786
2023-03-15 13:00:00,0.09976567770820109,0.13865852801637216,0.13232070459984244,0.2008281651092693
2023-03-15 14:00:00,0.0848699351819232,0.16916733378375115,0.1611679296242073,0.22922633124515412
2023-03-15 15:00:00,0.05558614021632819,0.1769815964184024,0.1904224482551217,0.2791227204166352
2023-03-15 16:00:00,0.05099056397099047,0.15940175433389164,0.22487318996340033,0.32460999758914116
2023-03-15 17:00:00,0.02205947785638273,0.12220276830887253,0.14951017844956366,0.23313757671974597
2023-03-15 18:00:00,0.0428171560773626,0.06790652950040318,0.14347231408581135,0.21861162964720277
2023-03-15 19:00:00,0.0990147664025426,0.04022012371231208,0.13014226072467863,0.16676234443671997
2023-03-15 20:00:00,0.16577490212395787,0.037276146222244615,0.1429859909135848,0.1293223689869046
2023-03-15 21:00:00,0.23504726723767813,0.046043065061623395,0.18724671553820368,0.11597801227122542
2023-03-15 22:00:00,0.36014794813469053,0.0300364931368015,0.2674924359470605,0.12403187935706227
2023-03-15 23:00:00,0.41586266463622457,0.004927887097001074,0.31572292643599215,0.12531234268099067
2023-03-16 00:00:00,0.35249484328553077,0.010273822403766893,0.28273035923950374,0.10202749686781316
2023-03-16 01:00:00,0.26311883141286674,0.07402327478609301,0.21569616532884536,0.07197695760056375
2023-03-16 02:00:00,0.1782672119885683,0.10374395310201426,0.1432367230951786,0.05037082482129335
2023-03-16 03:00:00,0.18229928945191204,0.1172378740764477,0.12017264349386093,0.04518022526986898
2023-03-16 04:00:00,0.1684822986833751,0.14399994193491608,0.08699497384484857,0.029743193816393614
2023-03-16 05:00:00,0.06584785972721875,0.07422296589409762,0.04591499090194703,0.009581308322958646
2023-03-16 06:00:00,0.0301102973241359,0.07650237826122479,0.04332219049800188,0.009263509903103114
2023-03-16 07:00:00,0.008403432830236852,0.08293422898785632,0.025638630818575623,0.007922470457851888
2023-03-16 08:00:00,0.0004752101795747876,0.05175423793156039,0.014184229196980595,0.007245998103171588
2023-03-16 09:00:00,0.0002015275880694389,0.04203607770190997,0.011600144328549505,0.011124491766095163
2023-03-16 10:00:00,0.0006615471560508013,0.04248563532124866,0.014419741206802426,0.01646352991927415
2023-03-16 11:00:00,9.093685541301965e-05,0.0728030120039528,0.020040379688143727,0.01826815400738269
2023-03-16 12:00:00,0.00010532109532505273,0.17797131957655601,0.023497201004065566,0.018358502276241775
2023-03-16 13:00:00,0.009404993331991136,0.34727458273822615,0.02897706620395183,0.019626471642404792
2023-03-16 14:00:00,0.05006760938558728,0.5136377817121418,0.06862565459683538,0.04697000813670457
2023-03-16 15:00:00,0.06996377747505904,0.5827207034555345,0.1301478585647419,0.1040058205090463
2023-03-16 16:00:00,0.06160246397834271,0.5729667562788182,0.15079793420620263,0.1662771924678236
2023-03-16 17:00:00,0.26070278083905574,0.7203205880929121,0.3492948844283818,0.3999353065900504
2023-03-16 18:00:00,0.21222312011756,0.5979622899808664,0.20265423482283945,0.2495624696835875
2023-03-16 19:00:00,0.2764229261130094,0.47810180214995684,0.15589838731102645,0.17197947569191452
2023-03-16 20:00:00,0.5093242017924786,0.37649328867142845,0.3162192271091044,0.24247699759900565
2023-03-16 21:00:00,0.7660389686748386,0.2690376883338798,0.5526330679282544,0.35716287309303885
2023-03-16 22:00:00,0.8929583391919731,0.15245506960559974,0.6532568756304681,0.3825684911385179
2023-03-16 23:00:00,0.953623363841325,0.07206663315607743,0.6547050007246433,0.372144765574485
2023-03-17 00:00:00,0.9750965811498464,0.03775154619393024,0.6769354601576922,0.3449639958702027
2023-03-17 01:00:00,0.9774190393276511,0.033068475665693924,0.7618772888742387,0.38350755762308825
2023-03-17 02:00:00,0.9717398030869664,0.024002651768651875,0.7881042110919951,0.40529290290549397
2023-03-17 03:00:00,0.9542506689205764,0.01649165094237436,0.8006172981858253,0.44358451927080755
2023-03-17 04:00:00,0.9299083218537271,0.007842252532189543,0.8092612038739024,0.4758742197044193
2023-03-17 05:00:00,0.9304353148676454,0.002131260128861124,0.8190479071065783,0.4980195143818855
2023-03-17 06:00:00,0.9031351685710247,0.0028682416609742425,0.8221140770800411,0.4237342747859656
2023-03-17 07:00:00,0.8667066228017212,0.009130084836347536,0.7957181573472916,0.3692795492336154
2023-03-17 08:00:00,0.863573755286634,0.11420345827259802,0.7944325221143663,0.35001826163846994
2023-03-17 09:00:00,0.7864832822792232,0.20935443117537283,0.7699635620787738,0.34419442789629096
2023-03-17 10:00:00,0.6276544658280907,0.16595068713480776,0.7276973400451241,0.3580298320017755
2023-03-17 11:00:00,0.32157032062299545,0.16601554293185475,0.5729050215892493,0.32766318511217823
2023-03-17 12:00:00,0.08650565860792994,0.16071203990077432,0.30721492601558564,0.21475648016668855
2023-03-17 13:00:00,0.011116468007676303,0.10212042723867025,0.11792748701293021,0.09335038946941494
2023-03-17 14:00:00,0.00015247879084199665,0.04643590903417631,0.03326334855053573,0.026329389517195528
2023-03-17 15:00:00,0.0010593125596642494,0.019778122989968817,0.0037539934925734995,0.002512625930830836
2023-03-17 16:00:00,0.014924986981786787,0.01148461928083138,0.0009341569058597088,0.0022453630808740854
2023-03-17 17:00:00,0.07654865108430386,0.029788676496933807,0.011367759825661777,0.012432715878821908
2023-03-17 18:00:00,0.15813324917107818,0.023858810087496584,0.03580412091687322,0.035676756417378774
2023-03-17 19:00:00,0.2387312777061015,0.008941971625794064,0.05699915958568455,0.05190838004928082
2023-03-17 20:00:00,0.29847430527210234,0.006083137494596567,0.06909933839924634,0.05296050851698965
2023-03-17 21:00:00,0.2821615363284945,0.007582157514989377,0.061017527570948006,0.0419642235385254
2023-03-17 22:00:00,0.2275908056925982,0.025885747694833715,0.04905838156584651,0.03257620258722453
2023-03-17 23:00:00,0.20985149493440983,0.052064849399030215,0.06754889589734375,0.05862739572301507
2023-03-18 00:00:00,0.2491357745416462,0.05996816981922497,0.12232497081160544,0.09349996181204914
2023-03-18 01:00:00,0.3698436311818659,0.10063324152745982,0.2088217014074325,0.13510573437437415
2023-03-18 02:00:00,0.48187757328152653,0.13142379923638978,0.2582898744381964,0.17224014914594596
2023-03-18 03:00:00,0.5525285062007607,0.17895477775822985,0.2714608409535139,0.21648720344528552
2023-03-18 04:00:00,0.6329563129507005,0.20954004213891245,0.29936115107499056,0.28051950816996396
2023-03-18 05:00:00,0.7467381699196992,0.2908114709976044,0.3981173408217727,0.4106592939794064
2023-03-18 06:00:00,0.8723669711127876,0.3161182300340046,0.5362911348603666,0.49886054999195045
2023-03-18 07:00:00,0.9520645108632743,0.3641562514616684,0.6787983729131519,0.6147350083850324
2023-03-18 08:00:00,0.9867543396167457,0.5277907906540417,0.8114218719303605,0.7472726069018245
2023-03-18 09:00:00,0.9989671090245247,0.6850249119644815,0.9286900828219952,0.8571001269854606
2023-03-18 10:00:00,1.0,0.7249193050780077,0.9769844619370998,0.918313046414405
2023-03-18 11:00:00,1.0,0.7514857406372374,0.9913783188909292,0.9446962918154895
2023-03-18 12:00:00,1.0,0.7747557737881483,0.9939300728961826,0.9401955185458065
2023-03-18 13:00:00,1.0,0.7945449437471951,0.9937834364548326,0.9209433770179749
2023-03-18 14:00:00,1.0,0.8108655654842202,0.9936314435303211,0.9045550063811244
2023-03-18 15:00:00,1.0,0.8048591223359107,0.9895336494967341,0.869553045425564
2023-03-18 16:00:00,0.9996686539798975,0.7941678783026608,0.982273570522666,0.8395050986483693
2023-03-18 17:00:00,0.9967660353332758,0.8831178128177467,0.9614571066573261,0.7795631053484975
2023-03-18 18:00:00,0.9829481758736074,0.8581824388693676,0.9376820880360901,0.698939022850245
2023-03-18 19:00:00,0.9553487915545703,0.8486923436685043,0.9096858998388051,0.6341092763282357
2023-03-18 20:00:00,0.9075269000977276,0.8247378160059451,0.8745350057445465,0.5482800201047211
2023-03-18 21:00:00,0.8317280019447206,0.7618745310333643,0.8355618020147084,0.48974011030048126
2023-03-18 22:00:00,0.6702835443429648,0.6118716064095495,0.7631047667004168,0.4345537741389124
2023-03-18 23:00:00,0.48442738413810726,0.32546396464109417,0.6336930839717387,0.352965359063819
2023-03-19 00:00:00,0.3410875500366092,0.2095793771879239,0.45821266928687693,0.2397488257009536
2023-03-19 01:00:00,0.23569153387099503,0.20437824174084443,0.2631338761560619,0.1490463340980932
2023-03-19 02:00:00,0.1697235321719199,0.18322476101869886,0.16277737154625357,0.09620558145456015
2023-03-19 03:00:00,0.14137306983582673,0.1477327179366892,0.12316110934130844,0.06528338341508061
2023-03-19 04:00:00,0.15465150494128466,0.13169499959119338,0.12338778301142156,0.05621036273427308
2023-03-19 05:00:00,0.3480974168516695,0.1050607692721215,0.21343988194130362,0.0778020933130756
2023-03-19 06:00:00,0.3542931751534343,0.10321363407102496,0.23636778441257777,0.07231058853212743
2023-03-19 07:00:00,0.388866700604558,0.08755817215212365,0.2629651733487844,0.07785792080685495
2023-03-19 08:00:00,0.42975330858491356,0.12852161824025887,0.3030268679419532,0.08742531961295753
2023-03-19 09:00:00,0.4569933049567044,0.21892587912692268,0.346371312616393,0.1028377495612949
2023-03-19 10:00:00,0.449336746269837,0.31117570271546185,0.34592489175498486,0.10257666004355996
2023-03-19 11:00:00,0.43713114021345967,0.3960247797586701,0.3379630289506167,0.09965963088441639
2023-03-19 12:00:00,0.4238279542420059,0.42424825678494854,0.32724716824479394,0.09435625948943197
2023-03-19 13:00:00,0.4125570781901479,0.40131030481647356,0.3166296990169212,0.08845535708125679
2023-03-19 14:00:00,0.40116212736815215,0.3742248994179747,0.30868302813265475,0.0847959589958191
2023-03-19 15:00:00,0.3880359815247356,0.33285521413792263,0.3054452852066606,0.08199666056782007
2023-03-19 16:00:00,0.3525897054001689,0.2819129115207628,0.27966623210348185,0.07441671257372945
2023-03-19 17:00:00,0.19096003025770183,0.34066085231236437,0.1739224265888333,0.04738245045766234
2023-03-19 18:00:00,0.13970453890971835,0.30112626377831797,0.142446040562354,0.04788464193698018
2023-03-19 19:00:00,0.12771298669278622,0.22981958605349062,0.1381021102145314,0.05428335172589868
2023-03-19 20:00:00,0.14424223789013918,0.1727992086586627,0.16387242302298544,0.0727081838203594
2023-03-19 21:00:00,0.15403259286656976,0.13885335073213684,0.19805985953658814,0.10102072557434441
2023-03-19 22:00:00,0.1176041927281767,0.08306633969599549,0.17753568600863212,0.094153210981749
2023-03-19 23:00:00,0.07204202742781489,0.04103534436022693,0.12301215066574513,0.05948667873162776
2023-03-20 00:00:00,0.035093726115301246,0.020667605925012714,0.06439805969595909,0.02299778714310378
2023-03-20 01:00:00,0.015161631018854678,0.01002297574823553,0.027864976469427344,0.005867253732867539
2023-03-20 02:00:00,0.0025696442509070038,0.008361419408836149,0.005586973577737808,0.0006098330160602926
2023-03-20 03:00:00,3.997200168669223e-05,0.019015370454977865,0.0006496815290302038,7.660391740500926e-05
2023-03-20 04:00:00,0.0,0.03461121767081998,0.00024474114179611205,0.0017107146931812165
2023-03-20 05:00:00,0.0,0.06386068392206322,0.0016782906465232373,0.009513279553502799
2023-03-20 06:00:00,0.0013610711926594376,0.12943151795728636,0.003924443731084466,0.013756316476501525
2023-03-20 07:00:00,0.008256702218204735,0.1964209471507505,0.008992539951577783,0.026106659518554804
2023-03-20 08:00:00,0.01997780330013484,0.27816798278553917,0.019643784211948512,0.05837419250514358
2023-03-20 09:00:00,0.03838309841230512,0.32867880599065263,0.03790492782369255,0.09181106509640816
2023-03-20 10:00:00,0.09584966073743997,0.2637320754067463,0.10340907657984645,0.15779183538630603
2023-03-20 11:00:00,0.22104004798457022,0.1532925191115249,0.2651917759887874,0.26416685754433267
2023-03-20 12:00:00,0.41874771296977986,0.08280736814168364,0.4866618342511355,0.35511084258556364
2023-03-20 13:00:00,0.6207218551263213,0.03944540833207694,0.6005414556339381,0.3650296688266098
2023-03-20 14:00:00,0.7172230976261198,0.017045063020830805,0.5821118020452558,0.32468619568273427
2023-03-20 15:00:00,0.722561253942549,0.014091153642670674,0.519581041317433,0.27943573552183804
2023-03-20 16:00:00,0.6780992685072122,0.010511907000433317,0.46272931057959804,0.2582347982563078
2023-03-20 17:00:00,0.5949895130842924,0.003649216731163588,0.3563667658530176,0.1901980714872479
2023-03-20 18:00:00,0.5177931447327138,0.0040724566138603474,0.29801613049581643,0.16876773686148228
2023-03-20 19:00:00,0.47782337121665475,0.0035880815102295443,0.29367250863462685,0.167327378001064
2023-03-20 20:00:00,0.4044803168810904,0.0038122137060219584,0.255502227563411,0.13905637430027126
2023-03-20 21:00:00,0.3337851138040423,0.0037364027276635165,0.21344757008366286,0.1084928262932226
2023-03-20 22:00:00,0.27080553252249956,0.0014286647838625043,0.1817794841714203,0.08546087431255728
2023-03-20 23:00:00,0.2192601660918444,0.0015320821038701318,0.13684943350963294,0.04986613951623439
2023-03-21 00:00:00,0.20921123666688796,0.007781162410974502,0.12201781522482631,0.036593270683661104
2023-03-21 01:00:00,0.2029395951889455,0.019773011349818924,0.10637100739404559,0.032845640652813014
2023-03-21 02:00:00,0.19597626699134701,0.052808914435180744,0.0956010723300278,0.033660650732927025
2023-03-21 03:00:00,0.2073895548842847,0.09464407471093263,0.09316247758921234,0.0357902848534286
2023-03-21 04:00:00,0.22531556458212432,0.11523151313039391,0.09396730561275035,0.03857725682202726
2023-03-21 05:00:00,0.15801632021553813,0.11716296686367554,0.06627948521636426,0.026516775214113292
2023-03-21 06:00:00,0.17511403867974873,0.12007531279190019,0.08785204207990319,0.03410822990350425
2023-03-21 07:00:00,0.22945389613509182,0.10389273771846835,0.1161793801933527,0.043593584089539936
2023-03-21 08:00:00,0.2969922908581793,0.12255319261076773,0.1416844723932445,0.062272447058930994
2023-03-21 09:00:00,0.3909494883753359,0.17071968671950424,0.16928960327990353,0.08621744462288916
2023-03-21 10:00:00,0.4444049945287406,0.11879158227281138,0.17375441229902208,0.0903726081550121
2023-03-21 11:00:00,0.4771949464827776,0.05846172064881434,0.16502525633201,0.08961358007043599
2023-03-21 12:00:00,0.4791603630967437,0.02163227877156301,0.13416827783919869,0.07246861649677157
2023-03-21 13:00:00,0.5070121036283672,0.007018927386538549,0.11687481738161294,0.06313156642019747
2023-03-21 14:00:00,0.47173251084983336,0.006832868751477112,0.10749633368570356,0.05273942820727825
2023-03-21 15:00:00,0.3745657396689056,0.014627832601016222,0.09131443940568713,0.042559437947347754
2023-03-21 16:00:00,0.32163198175840074,0.028051693500442933,0.0921171845216304,0.04510169088374824
2023-03-21 17:00:00,0.2298146458622068,0.13740598369051107,0.05829036662820726,0.032272433121688655
2023-03-21 18:00:00,0.15847165823914108,0.21920760857788002,0.044890292263589794,0.03121019569225609
2023-03-21 19:00:00,0.13485593329183754,0.2446005458249287,0.039844038477167484,0.050415089889429505
2023-03-21 20:00:00,0.1862273209914565,0.22452750856903458,0.08034088770858941,0.13444115723948927
2023-03-21 21:00:00,0.26141427739057693,0.1976893429390408,0.12543674552347508,0.23102331198751927
2023-03-21 22:00:00,0.3184537130128592,0.15754833558404988,0.15453324462287124,0.28169111676048486
2023-03-21 23:00:00,0.4040984064945951,0.12361011827872553,0.1754737930651754,0.29893490011338136
2023-03-22 00:00:00,0.529027489516884,0.1339397729797797,0.21500724546145644,0.31551851141732185
2023-03-22 01:00:00,0.6084928295388817,0.14730550239709286,0.2902181022241711,0.2937353250570594
2023-03-22 02:00:00,0.6037862037122248,0.14205503907393324,0.3567404800467193,0.26933168544434005
2023-03-22 03:00:00,0.5739293081499635,0.12353832691230554,0.3996186496131123,0.24417274204082784
2023-03-22 04:00:00,0.5239597378298639,0.09929936310107057,0.43538191948086014,0.22975851150229565
2023-03-22 05:00:00,0.6177483910508453,0.05547534261914817,0.5871562650799752,0.29234254697337747
2023-03-22 06:00:00,0.4863608282245696,0.04106743742457846,0.5352269173786043,0.25697771344333886
2023-03-22 07:00:00,0.3664854027703405,0.039677736173299234,0.4326033662259578,0.21772853005677462
2023-03-22 08:00:00,0.2326484998501837,0.05969760654324834,0.300236241267994,0.15130740697495637
2023-03-22 09:00:00,0.1669800625555217,0.12107828093861989,0.22924524608068167,0.12944924240931865
2023-03-22 10:00:00,0.10218393386807291,0.1277789884670214,0.16568170340731736,0.11719454337842763
2023-03-22 11:00:00,0.0375837229937315,0.0847626592591405,0.10256874463986607,0.09857165477704255
2023-03-22 12:00:00,0.0066260350542142995,0.06327382889660922,0.05489084940869361,0.06428892451804132
2023-03-22 13:00:00,0.0018729839893057941,0.07295724352313714,0.028907989733852446,0.038166568176820875
2023-03-22 14:00:00,0.00668074737302959,0.07652267167175356,0.02073934179265052,0.032045355993323026
2023-03-22 15:00:00,0.022361488826572896,0.0704290038076314,0.023017061734572047,0.04696408765856176
2023-03-22 16:00:00,0.05284417832270264,0.05057819527319885,0.03988807446788996,0.08939734776504336
2023-03-22 17:00:00,0.13292006788775323,0.029577232931147925,0.0721758644329384,0.1085145587893203
2023-03-22 18:00:00,0.24324740941636264,0.026985806087878615,0.09144268264062702,0.1295669141365215
2023-03-22 19:00:00,0.34523093160241825,0.015242370763285594,0.11348404828924685,0.1620276944292709
2023-03-22 20:00:00,0.4245963001810014,0.009949744838205252,0.13098019391298293,0.1837396509200335
2023-03-22 21:00:00,0.5361204549390823,0.009771912490779704,0.16226088236551728,0.21552919851616026
2023-03-22 22:00:00,0.6916796055249869,0.02345223655077544,0.2497799575747922,0.27007017684634776
2023-03-22 23:00:00,0.862830772679299,0.05121935111555185,0.432071354277432,0.30830996158532786
2023-03-23 00:00:00,0.9310827293992041,0.0452093206108971,0.528421717416495,0.3446673732064664
2023-03-23 01:00:00,0.9629203483276069,0.04010710733180696,0.6038775925338267,0.374997345842421
2023-03-23 02:00:00,0.9786567839607596,0.039035763754086066,0.6263143286295234,0.3645965696126222
2023-03-23 03:00:00,0.9527996690012513,0.037477162829176944,0.5740506683290005,0.30385671691969035
2023-03-23 04:00:00,0.9304895797744392,0.04261377050118012,0.5583281057141721,0.27567137001082304
2023-03-23 05:00:00,0.728631623648107,0.06638340122320431,0.343806309401989,0.1576186983846128
2023-03-23 06:00:00,0.7549317999184129,0.09442079376090655,0.38407509174197907,0.1820658780261874
2023-03-23 07:00:00,0.8074918640591202,0.18975871085443277,0.41695443067699656,0.2279833177477121
2023-03-23 08:00:00,0.8661380431801082,0.4082970126853748,0.5058054200746119,0.32498883566819126
2023-03-23 09:00:00,0.9403400073386728,0.5662540089000355,0.6792470177076756,0.5476173646748065
2023-03-23 10:00:00,0.9855439924821258,0.5862727361307901,0.8375629805400968,0.7030515115149318
2023-03-23 11:00:00,0.994311904720962,0.5931386014006353,0.922943635713309,0.7747512076236306
2023-03-23 12:00:00,0.9927778472378851,0.6162452254986219,0.9445641627162693,0.8055460871942339
2023-03-23 13:00:00,0.9922885645925998,0.6393235235187141,0.9548304106295108,0.8363351704180239
2023-03-23 14:00:00,0.9938105273246765,0.6330223279649562,0.9610601795092224,0.8474299196898938
2023-03-23 15:00:00,0.9976436856389046,0.6175034417618405,0.9652462928742169,0.8435825432650744
2023-03-23 16:00:00,0.9986833953484893,0.6230830226974053,0.9668970259092748,0.8232375314831734
2023-03-23 17:00:00,0.9844216081500053,0.6558481311256235,0.9139921796321868,0.6479455447383224
2023-03-23 18:00:00,0.9758710447326302,0.6815037707442584,0.9169834536500275,0.6468455709144473
2023-03-23 19:00:00,0.9471826002933084,0.7522918879173016,0.9040010138880461,0.6326389651279896
2023-03-23 20:00:00,0.9052710838243364,0.8215939428047702,0.8796119834296405,0.5829053556174038
2023-03-23 21:00:00,0.8475766182877121,0.8598237501084806,0.8455522600840777,0.5131711359601469
2023-03-23 22:00:00,0.7352552136778829,0.8162218400835992,0.7724644163344054,0.4081722703482955
2023-03-23 23:00:00,0.5392212763242423,0.64079286172986,0.6149422554764896,0.2907806204399094
2023-03-24 00:00:00,0.30157494380138816,0.7918233977258203,0.37751672580838197,0.18867641318589448
2023-03-24 01:00:00,0.1020383115625009,0.8676504195278342,0.15511754549108445,0.09330263781361281
2023-03-24 02:00:00,0.019076479114592072,0.869013393602588,0.06000954578630627,0.04044343583285808
2023-03-24 03:00:00,0.0006009110901504754,0.8639266949892043,0.01801192963030189,0.014648550259880723
2023-03-24 04:00:00,4.372839350253343e-05,0.8782287373867902,0.008845906327478588,0.00830359681043774
2023-03-24 05:00:00,0.0,0.8722960553521459,0.004057681127451361,0.01797035966068506
2023-03-24 06:00:00,0.00019122661557048558,0.9120101980458606,0.003031089552678168,0.012894114106893539
2023-03-24 07:00:00,0.0009550673235207796,0.7931374100663444,0.0025371833145618437,0.01458406722638756
2023-03-24 08:00:00,0.0020004218677058816,0.7160007828474043,0.006025074627250433,0.04245076012331993
2023-03-24 09:00:00,0.0036970409704372292,0.8212089618227697,0.012428083438426257,0.06315567016601562
2023-03-24 10:00:00,0.008407488656230271,0.8850975912944835,0.019402276002801956,0.06532301670871674
2023-03-24 11:00:00,0.01892274847254157,0.9071607228571718,0.029430789398029445,0.06150683979038149
2023-03-24 12:00:00,0.02515932324808091,0.9233283901485531,0.036417361106723556,0.05730248310603201
2023-03-24 13:00:00,0.022073908895254138,0.93844941819256,0.04202288734726608,0.06632009075954556
2023-03-24 14:00:00,0.015866749421693385,0.961327843300321,0.045504055111668995,0.07647173075936735
2023-03-24 15:00:00,0.02392626848537475,0.9820653676851232,0.049374706679955124,0.06666103468276562
2023-03-24 16:00:00,0.04267854648642243,0.9879860592836682,0.05417514673434198,0.04406706079374999
2023-03-24 17:00:00,0.12075829370878637,0.9699136820164594,0.08304429505951703,0.045717322998680185
2023-03-24 18:00:00,0.1824880437739193,0.9232348432459616,0.10580360294319688,0.03222070828080177
2023-03-24 19:00:00,0.28022573595866557,0.9099478944052349,0.14383587607648224,0.03193198149558157
2023-03-24 20:00:00,0.3623282680567353,0.9028021392497152,0.18048592415638268,0.05316114367451518
2023-03-24 21:00:00,0.4529033442027866,0.8820940088412978,0.2500886757299303,0.11424987482838332
2023-03-24 22:00:00,0.6440259776450691,0.7858196370980957,0.3617233707010745,0.1854822220280766
2023-03-24 23:00:00,0.7171081885695456,0.5848289762301877,0.3818161190114915,0.14565434555057433
2023-03-25 00:00:00,0.6146586382016538,0.5738167273998259,0.3042117716558277,0.11069119915366171
2023-03-25 01:00:00,0.49083111226558673,0.4498007827387614,0.2720553839206695,0.1461938484292477
2023-03-25 02:00:00,0.3564086361415684,0.33741049392656836,0.23876972453668707,0.16913400668650866
2023-03-25 03:00:00,0.28220364525914193,0.26359361590309577,0.21121117496863007,0.17359814526513215
2023-03-25 04:00:00,0.2543166167289018,0.19290759773078286,0.20002702061086888,0.1803381588961929
2023-03-25 05:00:00,0.28601048029959203,0.12807079548862846,0.2580452525988221,0.222933772355318
2023-03-25 06:00:00,0.30086705090478055,0.1420462529632178,0.3059951540827751,0.23743311252444982
2023-03-25 07:00:00,0.24161583151668303,0.12357151225209236,0.30329111639410256,0.24291416967287655
2023-03-25 08:00:00,0.1679408597480506,0.07751315456222405,0.2624872612394392,0.2163278425764292
2023-03-25 09:00:00,0.1393389733508229,0.06356444082815539,0.23389340014196927,0.15798405319452283
2023-03-25 10:00:00,0.11228917272761466,0.05469802954996173,0.2126517020817846,0.12394569089636207
2023-03-25 11:00:00,0.09096503246109933,0.050290783325379555,0.1913682268373668,0.09565062716603279
2023-03-25 12:00:00,0.06703322503715753,0.05157663440501147,0.15030525458045305,0.059255464072339246
2023-03-25 13:00:00,0.03784649442881345,0.04403351230038838,0.10181273621041328,0.03984966325573624
2023-03-25 14:00:00,0.015732140243053437,0.02464183249934154,0.07131972636096179,0.04395970395766198
2023-03-25 15:00:00,0.005881214383989573,0.007264413102106615,0.05231827111449093,0.044752901368774474
2023-03-25 16:00:00,0.0023384091537445783,0.011468172882768241,0.03327345368918032,0.03413861840497702
2023-03-25 17:00:00,0.0036305010458454485,0.04333938010036945,0.01496141941752285,0.024095742022618653
2023-03-25 18:00:00,0.0046430374821648,0.058570884069935845,0.010007946277037263,0.02039818338584155
2023-03-25 19:00:00,0.006120095881633462,0.06129309251565824,0.006362634864635766,0.017439196701161563
2023-03-25 20:00:00,0.015597960404120386,0.07004063725471496,0.005392630989663303,0.01557599303778261
2023-03-25 21:00:00,0.03031944010872394,0.06781171849166805,0.008642078619450329,0.02163256961386651
2023-03-25 22:00:00,0.051115039647556836,0.05273680746893991,0.009028347195126116,0.0152131568826735
2023-03-25 23:00:00,0.04514492897782476,0.04816432830623604,0.011023197183385491,0.011528566889464856
2023-03-26 00:00:00,0.05857828944921492,0.0486172898655588,0.018181751058436932,0.01994531624950469
2023-03-26 01:00:00,0.10750054586678742,0.040150722109458664,0.04102461074478924,0.025196870500221846
2023-03-26 02:00:00,0.18698106784373517,0.02629878935150125,0.08141130295116455,0.03666573008988053
2023-03-26 03:00:00,0.27316051520407203,0.012451418844813654,0.126439241124317,0.043727295189164565
2023-03-26 04:00:00,0.3943276491202414,0.009800593626092782,0.18626865996047853,0.06551589536014944
2023-03-26 05:00:00,0.12184963226318354,0.016934777396646415,0.039835486044175916,0.008790106214582922
2023-03-26 06:00:00,0.11872825843282042,0.02502508813345974,0.047257728660479184,0.010628057927824557
2023-03-26 07:00:00,0.11285107336007057,0.029749571681022643,0.04401376010850072,0.008767029736191036
2023-03-26 08:00:00,0.16049995088018473,0.019726191413673492,0.05762769080232828,0.007672100877389312
2023-03-26 09:00:00,0.21737712884321803,0.012636596235361962,0.09350698510650546,0.014413906964473425
2023-03-26 10:00:00,0.25972273876890534,0.007223960425366055,0.15115873551927506,0.027969964304938907
2023-03-26 11:00:00,0.2850794747285545,0.016336545856161552,0.19111241066828366,0.0572260376624763
2023-03-26 12:00:00,0.290196042470634,0.0358564417199655,0.21080994143150747,0.08479327730834484
2023-03-26 13:00:00,0.23878333249129352,0.05578356357460672,0.2402419434767216,0.11207845843862743
2023-03-26 14:00:00,0.1612600175105035,0.07512219195000151,0.23675292388536032,0.13898717643693087
2023-03-26 15:00:00,0.0997028848621994,0.09995848852802408,0.1895010725036263,0.1286567831598222
2023-03-26 16:00:00,0.05292399112135171,0.12864176931706336,0.13321672371122986,0.09056897019967435
2023-03-26 17:00:00,0.023248183787800372,0.07700442646714775,0.09462392685934899,0.06470190869644284
2023-03-26 18:00:00,0.013754865247756244,0.07164801895618439,0.05401183915790171,0.03529259331058711
2023-03-26 19:00:00,0.012146976073272527,0.10109978495673701,0.048152037095278516,0.035162344323471185
2023-03-26 20:00:00,0.028683808357454835,0.12399855837225914,0.062240595454350116,0.07506151584442704
2023-03-26 21:00:00,0.049763317024335264,0.10529712777923451,0.06742417787201702,0.10775745839346197
2023-03-26 22:00:00,0.05879398669116199,0.05382630944929339,0.07336734651587903,0.13767680460121484
2023-03-26 23:00:00,0.06874559429008513,0.05870408112352545,0.07026018187403679,0.12292951685842125
2023-03-27 00:00:00,0.07089077835902571,0.1082643712447448,0.0633257827349007,0.1420194047037512
2023-03-27 01:00:00,0.046692586126737295,0.1335270831598477,0.06215603735763579,0.1674126963317394
2023-03-27 02:00:00,0.020215942482464017,0.1749674027819525,0.06598051824141295,0.1757168070366606
2023-03-27 03:00:00,0.00592855378985405,0.19989820262925181,0.060171559979207805,0.1541421388275921
2023-03-27 04:00:00,0.0010643895203247666,0.21605678915977478,0.04318390630651266,0.11222211556509137
2023-03-27 05:00:00,0.022649082802236084,0.14218615322627803,0.0886228551249951,0.1633569492120296
2023-03-27 06:00:00,0.029655888457782564,0.14847199932418084,0.07204486580565572,0.10171111076138914
2023-03-27 07:00:00,0.015974606121890247,0.15032444976270198,0.050997533360496165,0.06643644792027772
2023-03-27 08:00:00,0.0018946766713634133,0.12967035585506392,0.0322666519973427,0.04000037051737308
2023-03-27 09:00:00,0.003047052253969014,0.17187844384800302,0.02603151698131114,0.0332672826666385
2023-03-27 10:00:00,0.011272806036286057,0.1875989207659255,0.02490531334653496,0.027312238137237727
2023-03-27 11:00:00,0.02389172712340951,0.15570029175078326,0.03374947537668049,0.03311203921679407
2023-03-27 12:00:00,0.031159023046493525,0.11460479726845564,0.0370322093181312,0.03269044915214181
2023-03-27 13:00:00,0.02411472256295383,0.08218134382908993,0.030042659174650908,0.026467590630054483
2023-03-27 14:00:00,0.014090826082974673,0.05238529489121653,0.02058493406511843,0.02882939336355776
2023-03-27 15:00:00,0.012420253516174852,0.03282787071710284,0.008989181909710169,0.025815944494679575
2023-03-27 16:00:00,0.04312031139619648,0.028249955319545484,0.0036736118840053674,0.025987368780188265
2023-03-27 17:00:00,0.1240989295905456,0.010685831525109032,0.07339634392876178,0.09340124633163213
2023-03-27 18:00:00,0.16541782109998163,0.018981776098636063,0.15878017848823214,0.14739704284816973
2023-03-27 19:00:00,0.18867638301104303,0.015800253284925764,0.22302704381756486,0.14993720771744845
2023-03-27 20:00:00,0.22475922530516976,0.005483541055159137,0.26494706664234396,0.1713245516549796
2023-03-27 21:00:00,0.22215169046074149,0.00902441480620341,0.298086268203333,0.2543341487739235
2023-03-27 22:00:00,0.15898059390485286,0.017488663867115974,0.28175611115992066,0.2819371230807155
2023-03-27 23:00:00,0.07734965965617446,0.021702400117435242,0.17658202507533133,0.22475000308826562
2023-03-28 00:00:00,0.02484461469575763,0.0384291089055213,0.09558625211007893,0.13987987838685514
2023-03-28 01:00:00,0.008824988761916756,0.08261071235280147,0.06494529442396015,0.100895152175799
2023-03-28 02:00:00,0.003907615593634546,0.16293296697464854,0.03935706587973982,0.057637581648305056
2023-03-28 03:00:00,0.009460619599558413,0.19828841101716863,0.03145725145470351,0.03718767959624529
2023-03-28 04:00:00,0.038523934287950395,0.14356856444342572,0.038168927757069475,0.030685105542652313
2023-03-28 05:00:00,0.1264576425217092,0.14576909081502396,0.08464087303727866,0.05486537567339837
2023-03-28 06:00:00,0.13150155391544102,0.10432617211883714,0.0667148063890636,0.024893059181049466
2023-03-28 07:00:00,0.1741258813813328,0.10174458578906274,0.06528179559390991,0.013481783405877648
2023-03-28 08:00:00,0.16047883166931565,0.08850626213984057,0.05476338985841721,0.007025474170222879
2023-03-28 09:00:00,0.1477707757148891,0.06592061575163494,0.06502031186129897,0.01744847176130861
2023-03-28 10:00:00,0.15082541555166243,0.06386568806388161,0.09839353560470043,0.06588627820368856
2023-03-28 11:00:00,0.11703466972801832,0.057170837992294256,0.11151998312212527,0.09447931421454996
2023-03-28 12:00:00,0.05441027567721903,0.04967863681980155,0.09305872929282485,0.10557241276372223
2023-03-28 13:00:00,0.024618573603220284,0.052260039066049174,0.07426013742573559,0.11267530716955661
2023-03-28 14:00:00,0.06695498244371263,0.06593021308156577,0.09694186421111226,0.13195993446744977
2023-03-28 15:00:00,0.1917249029129744,0.06129808695817534,0.14919561253860592,0.1519527802057564
2023-03-28 16:00:00,0.34427644982933997,0.0709087968041951,0.20912976561114188,0.16834272735752162
2023-03-28 17:00:00,0.5192348638176918,0.07934090465645897,0.30500578758306796,0.15199776090681552
2023-03-28 18:00:00,0.5542347113974392,0.11140012192455204,0.33062347896397115,0.1633996902965009
2023-03-28 19:00:00,0.5475519628077745,0.10245676723054863,0.316019328571856,0.15363202593289316
2023-03-28 20:00:00,0.5929938123375176,0.07544426576319067,0.3106887556053698,0.14594687446951865
2023-03-28 21:00:00,0.6360027041286229,0.06798603474755177,0.34229077721014617,0.1669544368330389
2023-03-28 22:00:00,0.5379355170205234,0.035269196443259716,0.33586958436295394,0.15115036592818792
2023-03-28 23:00:00,0.3261784954927861,0.01501589628105814,0.25877975625917315,0.0900749472435564
2023-03-29 00:00:00,0.1342906090337783,0.0070654473894021744,0.1453931705933064,0.05220173802226781
2023-03-29 01:00:00,0.03635538063012064,0.017301034344868228,0.07898118646815419,0.05730198114644736
2023-03-29 02:00:00,0.01904015720356256,0.038959647806530655,0.04421038712840527,0.04560845064930618
2023-03-29 03:00:00,0.03690282729454339,0.06939428912645038,0.029097167323343456,0.02645291247405112
2023-03-29 04:00:00,0.07600752980913966,0.07611482686617156,0.02959421014878899,0.016592257441952824
2023-03-29 05:00:00,0.19568563268519934,0.14590290950780566,0.06039891996886581,0.01513698473572731
2023-03-29 06:00:00,0.2672516199760139,0.1772459436140277,0.07085451344028115,0.01081628014333546
2023-03-29 07:00:00,0.3006546861398965,0.1787933046844872,0.07845477694645524,0.007118463115766644
2023-03-29 08:00:00,0.3699567150324583,0.1578807549788193,0.10983228396624325,0.023129981183446943
2023-03-29 09:00:00,0.42863032992929206,0.18253876200453797,0.1606166647886857,0.11132165629416704
2023-03-29 10:00:00,0.5611015407554805,0.21266105168922375,0.2642474823305383,0.22390985688194634
2023-03-29 11:00:00,0.7760391033999622,0.23225145673209963,0.43112582656554876,0.3302107936888932
2023-03-29 12:00:00,0.9583818758092819,0.24292622066018257,0.6196690927818418,0.4121858182549476
2023-03-29 13:00:00,0.987869788687676,0.21303624605251983,0.7094332417286933,0.43471218494698405
2023-03-29 14:00:00,0.9880685832537711,0.1903456007316708,0.7071559325978158,0.40518284901976576
2023-03-29 15:00:00,0.9804325573146343,0.19037741120227364,0.6945004876330494,0.40293556887656456
2023-03-29 16:00:00,0.9668598467111588,0.1497539373114705,0.7028774374350905,0.44939130485057827
2023-03-29 17:00:00,0.9415613101609052,0.04520263669843023,0.6381231513805686,0.36456292126327744
2023-03-29 18:00:00,0.943109839875251,0.047050880556079464,0.6967317162826655,0.41097112340852615
2023-03-29 19:00:00,0.9479984425567088,0.10616694832051343,0.697607172317803,0.37538579644635317
2023-03-29 20:00:00,0.9434507046081125,0.19219757844101296,0.6479960075952111,0.30624197755008936
2023-03-29 21:00:00,0.93368820335716,0.23056040076708248,0.6129647346958518,0.2862678018398583
2023-03-29 22:00:00,0.8949992428161204,0.1592238234152848,0.6068771431036294,0.3230354207195341
2023-03-29 23:00:00,0.8551492443867027,0.050082439438185904,0.6214883592538535,0.3034813354164362
2023-03-30 00:00:00,0.8570553238503633,0.027880740775303406,0.6437408155389129,0.2823230716399849
2023-03-30 01:00:00,0.8240915354341267,0.04437821571461179,0.574540975652635,0.2375641971454024
2023-03-30 02:00:00,0.7346854566596448,0.07870391151444478,0.49476432546973226,0.21678598217666148
2023-03-30 03:00:00,0.573150168582797,0.11338463630188594,0.3854714184440672,0.1673702815175056
2023-03-30 04:00:00,0.45206359898671505,0.12160662407224829,0.28916128123179075,0.10352852668613195
2023-03-30 05:00:00,0.4052418887987733,0.129556349251758,0.21539728731848293,0.06534466539509594
2023-03-30 06:00:00,0.3151762398518621,0.12707185876640403,0.14087135148700325,0.04659363014623523
2023-03-30 07:00:00,0.1721296739671379,0.17165353022515772,0.08638638898730276,0.061024410203099254
2023-03-30 08:00:00,0.09811554896645247,0.245218882642009,0.10104148683138192,0.16554525322746486
2023-03-30 09:00:00,0.08113888130988926,0.3995439541204408,0.11355381522327661,0.2561569346208125
2023-03-30 10:00:00,0.09730281801894307,0.3426534823531455,0.10626754908356816,0.27248762253206216
2023-03-30 11:00:00,0.11394368533045053,0.2237625480714169,0.10779999840073287,0.22775176851078865
2023-03-30 12:00:00,0.08825216113589704,0.16075568434189666,0.10083676538895817,0.16541014789137992
2023-03-30 13:00:00,0.035127058676443994,0.11043668761510736,0.06748895192518828,0.11042403531260787
2023-03-30 14:00:00,0.01404554325621575,0.06293720226734877,0.04463728228118271,0.05634114672895521
2023-03-30 15:00:00,0.025123311318457124,0.02844044272533872,0.01695209669880569,0.006314151086844503
2023-03-30 16:00:00,0.05738468210212885,0.012878102687272158,0.010582330534234642,0.0
2023-03-30 17:00:00,0.031647760975174605,0.00827510686760599,0.00716910575516522,0.002175536807626486
2023-03-30 18:00:00,0.06259017166215927,0.01355958369983868,0.03823364407755434,0.02666547209955751
2023-03-30 19:00:00,0.15616002762690184,0.0254291166161949,0.10772730769589542,0.06865043724887074
2023-03-30 20:00:00,0.30488063577562563,0.04379396840929985,0.18708213493227957,0.09109922759700566
2023-03-30 21:00:00,0.4061300043575465,0.08819690848616037,0.26018503258004777,0.09728788512293247
2023-03-30 22:00:00,0.3998863590136169,0.09079423541372472,0.26677332027815276,0.09751723520923403
2023-03-30 23:00:00,0.2668884567171335,0.058992546681653366,0.17639964512549342,0.0634288210934028
2023-03-31 00:00:00,0.21478199354372918,0.03739186482673341,0.1584749988745898,0.055904519590549165
2023-03-31 01:00:00,0.20268794815987348,0.035769973600452594,0.15746733631007376,0.05941164700314403
2023-03-31 02:00:00,0.20795293569564818,0.0457075724953955,0.14587294423952696,0.06513483733870089
2023-03-31 03:00:00,0.23095054595731196,0.06129971771755002,0.13919935641810297,0.07383884701877833
2023-03-31 04:00:00,0.23209884748794132,0.05390188347209582,0.1347642102651298,0.08108702462166549
2023-03-31 05:00:00,0.3672628806345165,0.030070520622486416,0.259663867726922,0.17319857262074945
2023-03-31 06:00:00,0.39552881222218267,0.033514074452898716,0.2757171093858778,0.18582133749499913
2023-03-31 07:00:00,0.409233706202358,0.03686123266816139,0.3156598699092864,0.21968120493926108
2023-03-31 08:00:00,0.4941629594005645,0.0782392432913184,0.38972669363021856,0.2793822514079511
2023-03-31 09:00:00,0.6273775655031202,0.2579598003693601,0.4942388321645557,0.41533154765143976
2023-03-31 10:00:00,0.8131714028492568,0.3417283080924641,0.6675640072673558,0.5299751362204551
2023-03-31 11:00:00,0.8696363951452075,0.354099446657029,0.7450546868145465,0.5432361211255192
2023-03-31 12:00:00,0.8475898699648677,0.36105813218111343,0.7410782839916648,0.5095204207673668
2023-03-31 13:00:00,0.8655003123544154,0.36571973090822046,0.7408681220188735,0.48286670971661805
2023-03-31 14:00:00,0.8696079861931502,0.35929136662320654,0.731801581736654,0.4809392867237329
2023-03-31 15:00:00,0.8098882560990749,0.3755820582603866,0.67400448102504,0.4734808963537216
2023-03-31 16:00:00,0.7382766844332216,0.39411975450136444,0.6107764450460671,0.4609072972089052
2023-03-31 17:00:00,0.7016818882711229,0.5643014864759011,0.4781112008541822,0.3574466602690517
2023-03-31 18:00:00,0.5826256115548313,0.70522671027617,0.32478514386340973,0.2473165776394307
2023-03-31 19:00:00,0.510691349748522,0.8520641361176969,0.29142491381615404,0.2391173410788178
2023-03-31 20:00:00,0.5624842353910208,0.9349017748101193,0.41045367930084464,0.32647637208923697
2023-03-31 21:00:00,0.7973750646784902,0.9619968901710078,0.6238290557637809,0.4512928016670048
2023-03-31 22:00:00,0.8542825830541549,0.9609984702684663,0.5846987460553645,0.3559992782212793
2023-03-31 23:00:00,0.7181984875164925,0.9624365259300579,0.4025241567939519,0.20091452356427908
2023-04-01 00:00:00,0.5296530458517371,0.9983648482506925,0.24466419689357277,0.12814309212379155
2023-04-01 01:00:00,0.4574838658235966,1.0,0.19859724429436024,0.09616574063897133
2023-04-01 02:00:00,0.40305532908067104,0.9993347123536196,0.18226776362396774,0.07942762951366604
2023-04-01 03:00:00,0.39276601381599896,0.9993704097108407,0.15584152374416585,0.05978609493933618
2023-04-01 04:00:00,0.32840860566124325,0.9985194764624943,0.12456202318891882,0.05033870025072247
2023-04-01 05:00:00,0.2317513696290552,0.9998318541862748,0.09325359631795435,0.027470944547094405
2023-04-01 06:00:00,0.22725357407703992,0.9992133206129075,0.10319285910110917,0.038845783257856974
2023-04-01 07:00:00,0.22787107261829073,0.9993279763514344,0.10821657205000519,0.06684884923044593
2023-04-01 08:00:00,0.23096341216936705,1.0,0.1262564913323149,0.1171834860369563
2023-04-01 09:00:00,0.275029623825103,1.0,0.15581737026572226,0.22944731648080047
2023-04-01 10:00:00,0.29081769624724985,0.9998396251147443,0.25896664149127896,0.4135162489581854
2023-04-01 11:00:00,0.3275876684300601,0.9992823843251575,0.3757188146933913,0.639868213776499
2023-04-01 12:00:00,0.3961255334317684,0.9986692492257465,0.4822301573120057,0.7950778684578835
2023-04-01 13:00:00,0.39423124326393,0.9953223944252187,0.5809687595255673,0.8223368630558253
2023-04-01 14:00:00,0.2835131396446377,0.9901616645536638,0.661590525098145,0.8265616001933812
2023-04-01 15:00:00,0.21771549137309193,0.9850639294494282,0.7091340844519437,0.8391880470141769
2023-04-01 16:00:00,0.2168929504137486,0.9802425851605157,0.7427278767619282,0.8568886865675449
2023-04-01 17:00:00,0.1862726228358224,0.9589850573512638,0.7259627424180507,0.8711930098198354
2023-04-01 18:00:00,0.2565238215308636,0.9620164251192048,0.7531259761564433,0.8809763049334287
2023-04-01 19:00:00,0.29323307504411783,0.9460771812904963,0.7429896843107416,0.7961907401308415
2023-04-01 20:00:00,0.2928262605238705,0.8598287372832949,0.6786633476242422,0.6745094064064322
2023-04-01 21:00:00,0.22671833903528749,0.7273772453042593,0.572620224924758,0.5968114015646279
2023-04-01 22:00:00,0.135362167423591,0.4065019647032022,0.5001772287394851,0.5220675031468271
2023-04-01 23:00:00,0.10232726863585412,0.33221955896101213,0.47764641006477165,0.41524153585545726
2023-04-02 00:00:00,0.12742743677925317,0.5130536059899763,0.457862100219354,0.3467152691725641
2023-04-02 01:00:00,0.10844468561001121,0.7863585055280815,0.32233716689515857,0.1911449384735897
2023-04-02 02:00:00,0.05141446884721517,0.8362408802319656,0.13634054142516105,0.07595614666119216
2023-04-02 03:00:00,0.027357788542285558,0.9413898523558271,0.06293623321689665,0.05459339000750332
2023-04-02 04:00:00,0.012882035025395453,0.9944939234581862,0.046614138502627606,0.07115602649748326
2023-04-02 05:00:00,0.005732171102426947,0.9915481738068841,0.02577447188552469,0.07142677968367935
2023-04-02 06:00:00,0.013953448343090716,0.9993852717497131,0.04127794280182571,0.06181847754865884
2023-04-02 07:00:00,0.02351684843190014,1.0,0.09097806487698108,0.09748931808397174
2023-04-02 08:00:00,0.0378310101153329,1.0,0.1555100681586191,0.17534530089236797
2023-04-02 09:00:00,0.09864077370613812,1.0,0.22801252252422272,0.23708884142339226
2023-04-02 10:00:00,0.27105142638087265,1.0,0.2850913317687809,0.27575724565889687
2023-04-02 11:00:00,0.39317596314474945,1.0,0.3132780055701732,0.29484378195833416
2023-04-02 12:00:00,0.3226641427725553,1.0,0.28615571434609594,0.25767983972094954
2023-04-02 13:00:00,0.2284481726773083,1.0,0.29168128377757957,0.28094118279870595
2023-04-02 14:00:00,0.16630824232473967,1.0,0.3383306513354181,0.3769439090043306
2023-04-02 15:00:00,0.13297122086398303,1.0,0.3755549388565123,0.4423491392377764
2023-04-02 16:00:00,0.1396205648500472,1.0,0.3648967005871237,0.4152300561778247
2023-04-02 17:00:00,0.28425572613254185,1.0,0.4569844826310873,0.4748298593610525
2023-04-02 18:00:00,0.4890706456266344,0.9958955991132693,0.5701099075004458,0.5345639120973646
2023-04-02 19:00:00,0.6879010738432406,0.989104101671414,0.7111293530836701,0.6135485977306961
2023-04-02 20:00:00,0.7436141031235457,0.9808589332076635,0.7547302358411251,0.6364107006788252
2023-04-02 21:00:00,0.7267573260143397,0.9771753621507774,0.6902365945093332,0.5600019999966025
2023-04-02 22:00:00,0.7974531250447036,0.9713176269693808,0.8469695391878483,0.6828908118233084
2023-04-02 23:00:00,0.7181737394444643,0.9785858021812005,0.8248286560550332,0.7449231253564356
2023-04-03 00:00:00,0.6862154015712438,0.9594124061275612,0.8048864427022634,0.6608018935099241
2023-04-03 01:00:00,0.6289903697930275,0.8941042678058145,0.7725687051191924,0.6122416482679544
2023-04-03 02:00:00,0.5726954104192553,0.8214843624017457,0.7347141188941896,0.5788196022994815
2023-04-03 03:00:00,0.49970092145726086,0.6800413291291756,0.6713869220763442,0.5248685107938945
2023-04-03 04:00:00,0.3974694214202463,0.528188821829178,0.551344174724072,0.43155480058863754
2023-04-03 05:00:00,0.4515503918379546,0.3690287858383222,0.6888462088815865,0.5628950896300376
2023-04-03 06:00:00,0.3656342651695013,0.31152022502639076,0.556911612227559,0.41288582043722266
2023-04-03 07:00:00,0.24940107617527246,0.18683379844508385,0.40974482066929335,0.23543278705328702
2023-04-03 08:00:00,0.14247813415713606,0.08959210238334805,0.20741855162195855,0.09322726138867436
2023-04-03 09:00:00,0.1126405963394791,0.06235554988411338,0.12858007692731918,0.048862737375311556
2023-04-03 10:00:00,0.09404438659548758,0.05903207241134212,0.08818571249488742,0.0315551235107705
2023-04-03 11:00:00,0.06783424962311983,0.06200065789913591,0.06238227980677037,0.027955506574362517
2023-04-03 12:00:00,0.03823813773691654,0.040930388911881235,0.04783633198589087,0.02958399272989482
2023-04-03 13:00:00,0.01611590415239334,0.009537220932543278,0.049489797963760795,0.036197333671152604
2023-04-03 14:00:00,0.010355975297279656,0.0022660126367753204,0.05832153728231788,0.04500207056291401
2023-04-03 15:00:00,0.016181402411311864,0.003296489312567494,0.06359093704726547,0.046130766337737446
2023-04-03 16:00:00,0.02695525176823139,0.00909083101559769,0.06652083486318587,0.04237992153503001
2023-04-03 17:00:00,0.07690281825140118,0.03460313707928766,0.1232413242291659,0.09832313608378172
2023-04-03 18:00:00,0.1367181081790477,0.032673670148307625,0.14858280970714982,0.12387817409820852
2023-04-03 19:00:00,0.16301639517769212,0.024930008487267927,0.15337715559639034,0.12230538313277066
2023-04-03 20:00:00,0.13443694280460475,0.0307824844494462,0.11911816155537963,0.104770832573995
2023-04-03 21:00:00,0.09481633354909719,0.035822403048249817,0.07669616744853555,0.06778147980570794
2023-04-03 22:00:00,0.04606068778783084,0.052253206284208716,0.06194965368136764,0.04817833162844181
2023-04-03 23:00:00,0.03341029250994325,0.14025383895771068,0.06940629222430288,0.05131261946633459
2023-04-04 00:00:00,0.047839742479845876,0.14329905192283066,0.08403670863248407,0.07133915400132537
2023-04-04 01:00:00,0.06833934787660836,0.1456200794198296,0.09199284286238252,0.09750735096633432
2023-04-04 02:00:00,0.07101311150938273,0.196319719187238,0.07835435981862246,0.09165573120117186
2023-04-04 03:00:00,0.050988930668681855,0.2840704660524021,0.058811357999220486,0.0737573435995728
2023-04-04 04:00:00,0.030943314060568803,0.3542992780831727,0.04211386168375611,0.055065221171826134
2023-04-04 05:00:00,0.002876271558925509,0.19671690775589504,0.03725563041865825,0.07442753643263131
2023-04-04 06:00:00,0.0011981968814507127,0.20779516423967753,0.022219678182154895,0.05842845841776578
2023-04-04 07:00:00,0.0015963173285126685,0.19945673395964236,0.01182654227130115,0.03897966015152634
2023-04-04 08:00:00,0.009856815501116216,0.13292151105674826,0.016395973386242983,0.04387331003323198
2023-04-04 09:00:00,0.07015910936519504,0.10488502005961807,0.05791625096462667,0.11965712927281852
2023-04-04 10:00:00,0.15302107914350926,0.061240404796871276,0.11121004200540482,0.205248857922852
2023-04-04 11:00:00,0.19080585334450004,0.03651325714520432,0.139526867037639,0.20530063589103514
2023-04-04 12:00:00,0.2030899256840348,0.02214772913604975,0.17728866329416626,0.17660984573885793
2023-04-04 13:00:00,0.1966910985857248,0.009475096105174587,0.24533051190897823,0.1705510703101754
2023-04-04 14:00:00,0.21257750241085882,0.0021045578677545895,0.2059919514413923,0.11696784828789533
2023-04-04 15:00:00,0.18968820105306805,0.00024001961404627016,0.07763802951667459,0.057477147928439075
2023-04-04 16:00:00,0.10453909094911068,0.0007909043471921573,0.02836835734546184,0.034167966726236045
2023-04-04 17:00:00,0.08538766666315495,0.02362325114960021,0.022567063858732583,0.02561174008529633
2023-04-04 18:00:00,0.05560071527492255,0.023622809472409165,0.023229974461719392,0.03752005412243306
2023-04-04 19:00:00,0.0483364490699023,0.010892025144262749,0.03513654476497322,0.06755136316642164
2023-04-04 20:00:00,0.057767260773107405,0.005921000696041367,0.05361733452882618,0.08420583005063234
2023-04-04 21:00:00,0.08700795928947626,0.004854588979347186,0.06174205913674086,0.0651441761944443
2023-04-04 22:00:00,0.10368710668757557,0.018331240764395757,0.044016803177073606,0.028812408396042884
2023-04-04 23:00:00,0.10475676241330802,0.06694451456720178,0.02602806377224624,0.017568129892461003
2023-04-05 00:00:00,0.07412093675229699,0.1096126556464217,0.012249347302131352,0.013579569132998584
2023-04-05 01:00:00,0.06437007112894207,0.12889546903696927,0.012514092740602794,0.010114422352053225
2023-04-05 02:00:00,0.08210890406742691,0.13103109273043545,0.016741182287223638,0.0072023706790059795
2023-04-05 03:00:00,0.1120506497938186,0.12908921797167172,0.023222937174141405,0.009244720726273954
2023-04-05 04:00:00,0.13016426233574746,0.11514992287890476,0.029712969968095426,0.01660396287217736
2023-04-05 05:00:00,0.08960915983654558,0.07822130011563949,0.029311366281472153,0.04245084140915424
2023-04-05 06:00:00,0.11043084703385826,0.04072039755230599,0.026659227274358273,0.03020426934584975
2023-04-05 07:00:00,0.14348086530342696,0.04067694451659918,0.0331440814351663,0.0355681601120159
2023-04-05 08:00:00,0.20208839992061256,0.03336933951486241,0.04526885782368481,0.044225731096230445
2023-04-05 09:00:00,0.241869893623516,0.07604025560346518,0.07727944155689329,0.11031249246094375
2023-04-05 10:00:00,0.3008545293565839,0.10046255354854193,0.14861726877279577,0.21283740712795401
2023-04-05 11:00:00,0.47869290102273226,0.1270044243234125,0.26322377548553044,0.27566855032462617
2023-04-05 12:00:00,0.6241616785526274,0.14628787131133403,0.30548182560130954,0.25966128403320904
2023-04-05 13:00:00,0.6507376934774218,0.1458136810328472,0.28136277985759073,0.21126231061760334
2023-04-05 14:00:00,0.6453607354685663,0.13381111634048548,0.25875109513290223,0.1818835965916515
2023-04-05 15:00:00,0.6369460852257907,0.1016632045161995,0.2623811475466936,0.17649482168257233
2023-04-05 16:00:00,0.63619772285223,0.08522518318485127,0.30098853961564603,0.20182472510263325
2023-04-05 17:00:00,0.5522354934364556,0.10876604144546119,0.23448240806348622,0.1563410545885563
2023-04-05 18:00:00,0.5643689171783625,0.1538167758082801,0.21990269728936257,0.1517424233909696
2023-04-05 19:00:00,0.6097192086838185,0.18948149368166922,0.22508554382249707,0.15311437760479743
2023-04-05 20:00:00,0.6325370700098574,0.23942308477380056,0.23327742642723023,0.1364012249559164
2023-04-05 21:00:00,0.5829015348292887,0.29839479384774514,0.2404153768997639,0.12312272002920506
2023-04-05 22:00:00,0.45258780760690565,0.25014190582389184,0.2021029761340469,0.08802015895023942
2023-04-05 23:00:00,0.35324666706845154,0.30388136541640215,0.15419849175959824,0.053806457743048666
2023-04-06 00:00:00,0.2915309822745621,0.4490264218774707,0.11722122042439878,0.04877628153190017
2023-04-06 01:00:00,0.24664194234646852,0.4440866210988977,0.07919577871449293,0.03979209686163813
2023-04-06 02:00:00,0.2433455834910273,0.504537541324442,0.06602005534805357,0.026695831008255483
2023-04-06 03:00:00,0.2363442211039364,0.5946646002747795,0.057844073716551064,0.013809004598297175
2023-04-06 04:00:00,0.2179051809664815,0.6936609744754706,0.06260816344525663,0.018380037616007032
2023-04-06 05:00:00,0.1549275820888579,0.4092014113915237,0.07894016360864044,0.042573696258477865
2023-04-06 06:00:00,0.2255506213195622,0.5590913022986866,0.12343534703366457,0.06514260551426558
2023-04-06 07:00:00,0.27389000467956065,0.5043527482720939,0.15815401201136406,0.10436835154891012
2023-04-06 08:00:00,0.401840017400682,0.3667408612302758,0.26427300542592996,0.17005156611092387
2023-04-06 09:00:00,0.4292832189798355,0.45502959081056443,0.3394482848420739,0.28172751175239685
2023-04-06 10:00:00,0.4615411673486232,0.6970172930034724,0.37014877889305353,0.3901637533865869
2023-04-06 11:00:00,0.5136212127655744,0.8770839175311,0.36532039215788237,0.3736566631868481
2023-04-06 12:00:00,0.512161139883101,0.9653653091869572,0.3408242808096111,0.3081768580153583
2023-04-06 13:00:00,0.44629434145987024,0.9809419469670817,0.3124114178773016,0.25679963247850535
2023-04-06 14:00:00,0.38980123724788424,0.9767895210060206,0.2948432468436658,0.237006706232205
2023-04-06 15:00:00,0.3976535096764564,0.9754896803877571,0.296245616134256,0.23254229092039164
2023-04-06 16:00:00,0.4727610160410404,0.9703951629996301,0.34064607933163643,0.26152693582698705
2023-04-06 17:00:00,0.6876862272992728,0.9702122574096376,0.47768637154251326,0.34329352006316183
2023-04-06 18:00:00,0.7943263437226413,0.9547375219924884,0.5798738598264752,0.386882922835648
2023-04-06 19:00:00,0.8593583286367356,0.9299173768542031,0.6749870460294187,0.4216757555864751
2023-04-06 20:00:00,0.8685618577897548,0.9030831027843734,0.7237903080135585,0.4202983772195875
2023-04-06 21:00:00,0.9122113109380006,0.8825561268627642,0.7532451282069087,0.40506440983153874
2023-04-06 22:00:00,0.9479148498736322,0.6447601939195935,0.7462931987270712,0.3453581229969858
2023-04-06 23:00:00,0.9215538153611124,0.6467043561556122,0.6721491133794188,0.2887893966957927
2023-04-07 00:00:00,0.8466862830892204,0.5780876213447613,0.5897699729911983,0.3024258242174982
2023-04-07 01:00:00,0.7636891156807541,0.5578051898289811,0.5363825590349733,0.359489452689886
2023-04-07 02:00:00,0.7793418903835115,0.5873401918600906,0.5506358361989259,0.415350061673671
2023-04-07 03:00:00,0.8199598627537488,0.596260972470045,0.5933461633883417,0.4513654146529734
2023-04-07 04:00:00,0.8530001546628772,0.5461735485358671,0.6365423749200998,0.48071796653792265
2023-04-07 05:00:00,0.8526868478395043,0.39576184518635266,0.6604021760821341,0.5091048772633077
2023-04-07 06:00:00,0.9127330545522271,0.4847840375588698,0.7868738740123808,0.5786652694270015
2023-04-07 07:00:00,0.9861520305089653,0.4954788666015321,0.9296559042856096,0.7712694872729479
2023-04-07 08:00:00,0.999538738951087,0.42170842136849046,0.988065998405218,0.9097635914571582
2023-04-07 09:00:00,1.0,0.5196789468283002,0.9981756684929133,0.9663713411986828
2023-04-07 10:00:00,1.0,0.5664938051727684,0.9994201758131385,0.9873360941559076
2023-04-07 11:00:00,1.0,0.5692944792590355,0.999412481226027,0.9916151362285018
2023-04-07 12:00:00,1.0,0.6159618038751861,0.9989799390360713,0.9875515477173029
2023-04-07 13:00:00,1.0,0.6888757594200696,0.9973459906131029,0.9753961430862547
2023-04-07 14:00:00,1.0,0.7469148309935221,0.9937736494652928,0.9565292582288385
2023-04-07 15:00:00,1.0,0.7286764387921852,0.9896448019891978,0.92182939523831
2023-04-07 16:00:00,1.0,0.7276100592992522,0.9860027878545224,0.8849842419847846
2023-04-07 17:00:00,1.0,0.7178900703923268,0.9767192058078944,0.8322360248863696
2023-04-07 18:00:00,1.0,0.7039327750151806,0.9771102650277317,0.8354919251613317
2023-04-07 19:00:00,1.0,0.7320242962647566,0.9819534076936544,0.8584457500092684
2023-04-07 20:00:00,1.0,0.7304198727282608,0.985238667782396,0.8681249054148792
2023-04-07 21:00:00,1.0,0.6803716018931432,0.9830442526191472,0.8571261459402739
2023-04-07 22:00:00,1.0,0.5127548951587892,0.971884521357715,0.8132449099048971
2023-04-07 23:00:00,0.9998632966354489,0.3355479224838993,0.9213458913378417,0.672255675010383
2023-04-08 00:00:00,0.9994902136549354,0.516874772527001,0.9217296479828654,0.7046249728836119
2023-04-08 01:00:00,0.999371293336153,0.5878115681626578,0.9492420677281916,0.7960959908738731
2023-04-08 02:00:00,0.9993712135404348,0.5639517704600636,0.9721916374005377,0.8811507411487399
2023-04-08 03:00:00,0.9993231670185924,0.5675243735584344,0.9826928713917732,0.9284014187194406
2023-04-08 04:00:00,0.9996572412922978,0.6237251119722018,0.9920412168651819,0.9559286444447933
2023-04-08 05:00:00,1.0,0.4879537695917215,0.9943189172446727,0.9666273745708168
2023-04-08 06:00:00,1.0,0.5161834314194593,0.9957889500632882,0.9699086322262883
2023-04-08 07:00:00,1.0,0.48899913667277856,0.9897003952600063,0.9612052808701992
2023-04-08 08:00:00,1.0,0.5361868688870559,0.9914659682661294,0.9739271496608852
2023-04-08 09:00:00,1.0,0.7858915787257931,0.9962042588926852,0.9874002641625703
2023-04-08 10:00:00,1.0,0.8933341801843858,0.9979367601126433,0.9907602041773498
2023-04-08 11:00:00,1.0,0.8516801607337862,0.9972219044715166,0.9859350356087088
2023-04-08 12:00:00,1.0,0.817877325645902,0.9957410596683621,0.9754593505337834
2023-04-08 13:00:00,1.0,0.8657732408155092,0.9915332786180079,0.9463504705391824
2023-04-08 14:00:00,0.9988378152623772,0.9324782658571548,0.9818733735382557,0.8873874143697321
2023-04-08 15:00:00,0.9866167553327978,0.9722558771073817,0.9353647524863482,0.8052516940422356
2023-04-08 16:00:00,0.9718757150135933,0.9952296862277116,0.8866270162165164,0.792756458558142
2023-04-08 17:00:00,0.8369948326423764,0.9899291343445128,0.7068739295192062,0.6569932872615755
2023-04-08 18:00:00,0.8892245323769747,0.9962477497079155,0.806973382141441,0.6997214457765221
2023-04-08 19:00:00,0.8813861405476926,0.9994248946417463,0.8589209597557783,0.7226368305645882
2023-04-08 20:00:00,0.8501748406700789,1.0,0.8731419058516621,0.7423124255239962
2023-04-08 21:00:00,0.8214278962649404,1.0,0.8709200181812047,0.728075521122664
2023-04-08 22:00:00,0.7799602008797227,0.9990267160805789,0.8397408488206565,0.6881716321595012
2023-04-08 23:00:00,0.7409078997187315,1.0,0.7695861410349608,0.5757216691039502
2023-04-09 00:00:00,0.6697454016283155,1.0,0.7322298123128711,0.5807983526028692
2023-04-09 01:00:00,0.5556108768098056,1.0,0.6411312033422291,0.5238425650168209
2023-04-09 02:00:00,0.42410287596285334,1.0,0.522645436823368,0.4226961507461965
2023-04-09 03:00:00,0.29605574215762315,1.0,0.4252494998369366,0.40453993948176503
2023-04-09 04:00:00,0.17631565043702718,1.0,0.368706175610423,0.44618740390986195
2023-04-09 05:00:00,0.1516369403898716,1.0,0.3458709732443093,0.42432063367217765
2023-04-09 06:00:00,0.05417992917355151,1.0,0.28794874193146824,0.4888383862841873
2023-04-09 07:00:00,0.0769964060932398,1.0,0.3627549589704721,0.5805140231084077
2023-04-09 08:00:00,0.26099955289624627,1.0,0.5568831181526183,0.6943078655749559
2023-04-09 09:00:00,0.6200722802057862,1.0,0.8054307512193917,0.925300845131278
2023-04-09 10:00:00,0.8744269314967095,1.0,0.9232570969685913,0.9956582173705101
2023-04-09 11:00:00,0.9777808031812311,1.0,0.9787945633381605,1.0
2023-04-09 12:00:00,1.0,1.0,0.9990161263942718,1.0
2023-04-09 13:00:00,1.0,1.0,1.0,1.0
2023-04-09 14:00:00,1.0,1.0,1.0,0.9983414801955223
2023-04-09 15:00:00,1.0,1.0,0.9999282636493445,0.993306972645223
2023-04-09 16:00:00,1.0,1.0,0.9998993244022131,0.9940533057972788
2023-04-09 17:00:00,0.9985688124969602,1.0,0.9946321515366434,0.9622828133776782
2023-04-09 18:00:00,0.9705741862580181,0.9999130869182674,0.9638449188135564,0.8341519338823854
2023-04-09 19:00:00,0.8310383776761592,0.9978088399767876,0.8314704165793956,0.602644298635423
2023-04-09 20:00:00,0.704947770088911,0.9913708647814663,0.6557527468912302,0.4271986127737909
2023-04-09 21:00:00,0.5321189267374574,0.9831705671819773,0.510242344746366,0.31293547846376885
2023-04-09 22:00:00,0.2702788547193632,0.9674711196260017,0.30407818824984123,0.19818927295506
2023-04-09 23:00:00,0.0887141443789005,0.9168146144937385,0.12791934521868822,0.09557527541182934
2023-04-10 00:00:00,0.1457309521269053,0.9806034318696369,0.12137828867882491,0.10594053648412229
2023-04-10 01:00:00,0.4052085331268609,0.991794461526654,0.2507353493478149,0.30899560738354914
2023-04-10 02:00:00,0.7103250569477676,0.9925836073810405,0.46144860805943616,0.5631276179756969
2023-04-10 03:00:00,0.8863037990033626,0.9977988389134407,0.6689581624045967,0.748777997419238
2023-04-10 04:00:00,0.9306976091861725,0.9997470676086166,0.8086754560656845,0.8691163667291402
2023-04-10 05:00:00,0.9284271511435509,1.0,0.8489685010537502,0.8829306583292782
2023-04-10 06:00:00,0.9263912934064865,1.0,0.8828442988172174,0.9071755586378276
2023-04-10 07:00:00,0.9509317429363726,1.0,0.9111192710325122,0.9384611283056438
2023-04-10 08:00:00,0.9449823670461772,0.9980989841168576,0.90260171437636,0.933324554786086
2023-04-10 09:00:00,0.993775090519339,1.0,0.971571708470583,0.978158393651247
2023-04-10 10:00:00,1.0,0.9545454545454546,1.0,0.999388867393136
2023-04-10 11:00:00,1.0,0.8181818181818182,1.0,1.0
2023-04-10 12:00:00,1.0,0.7272727272727273,1.0,1.0
2023-04-10 13:00:00,1.0,0.9545454545454546,1.0,1.0
2023-04-10 14:00:00,1.0,0.9545454545454546,1.0,1.0
2023-04-10 15:00:00,1.0,0.8636363636363636,1.0,1.0
2023-04-10 16:00:00,1.0,0.8181818181818182,1.0,1.0
2023-04-10 17:00:00,1.0,0.8181818181818182,0.9998889110609889,0.9972120990976692
2023-04-10 18:00:00,0.9945977549813688,0.9090909090909091,0.9882436818256974,0.9442451617121697
2023-04-10 19:00:00,0.9855835773423314,0.952057362659411,0.9457409886084497,0.8235588222928345
2023-04-10 20:00:00,0.9940426647104323,0.920968892994252,0.9735250283777713,0.7586519110389053
2023-04-10 21:00:00,0.9428636648505925,0.8595423676209015,0.9716715426556766,0.7021924288012087
2023-04-10 22:00:00,0.6120984459295868,0.5654049311510541,0.7918581676855683,0.6812384628318249
2023-04-10 23:00:00,0.16321641189977526,0.3145575533502481,0.514264069162309,0.6777577369753272
2023-04-11 00:00:00,0.020850344151258467,0.29502286402339284,0.2650681345537304,0.47148279540240756
2023-04-11 01:00:00,0.016835789666511114,0.3900749879872257,0.20352916057687256,0.42119043409824364
2023-04-11 02:00:00,0.03857149343937635,0.3789736873182383,0.21998072514776143,0.4583509825076907
2023-04-11 03:00:00,0.0768906238861382,0.43955855968323604,0.2568291847826913,0.4770482562202959
2023-04-11 04:00:00,0.1575456456001848,0.7470174576883967,0.3276599044818431,0.5879770354926587
2023-04-11 05:00:00,0.24160250822082158,0.6793428007310087,0.4253052149154245,0.7003625234402716
2023-04-11 06:00:00,0.4127377622015774,0.7174600293419577,0.6004461544938384,0.8134009497612713
2023-04-11 07:00:00,0.5111442995257676,0.6600798026810991,0.6996915817074477,0.7966518905386327
2023-04-11 08:00:00,0.5439467919804154,0.5341618115793574,0.7876521500386298,0.8025342822447419
2023-04-11 09:00:00,0.5984178627096115,0.31900664005428553,0.8270411708764731,0.7503678296133873
2023-04-11 10:00:00,0.6906380765885115,0.24233335210857065,0.8530979768000542,0.7225453702360389
2023-04-11 11:00:00,0.8329816431738436,0.21011214070022105,0.8924143084324895,0.774417320936918
2023-04-11 12:00:00,0.9239652956835925,0.26232093904506076,0.9238271594233809,0.8071666978113352
2023-04-11 13:00:00,0.9613497957400978,0.26638570396060285,0.9598435851745307,0.8517649839445948
2023-04-11 14:00:00,0.9837092581205071,0.2129663930088281,0.9739356172271071,0.8644846927560863
2023-04-11 15:00:00,0.9941048443317413,0.1783295224539258,0.9727384569495916,0.8068818156048653
2023-04-11 16:00:00,0.9882899906486273,0.21413461174477225,0.9496511054970322,0.744150959458202
2023-04-11 17:00:00,0.9920358610525727,0.24993524736301473,0.9373062464781104,0.6872397115826605
2023-04-11 18:00:00,0.9219856557063759,0.2270011005686088,0.8196500997804105,0.585995191540569
2023-04-11 19:00:00,0.9018015255965293,0.14395167809318415,0.7448670464009045,0.4673281918279827
2023-04-11 20:00:00,0.9082013462483882,0.1437514541772279,0.7026654135435819,0.3388105213176459
2023-04-11 21:00:00,0.7874070306122303,0.2707063387266614,0.5029395502060652,0.15985412745736538
2023-04-11 22:00:00,0.43642796335741874,0.5094017481736159,0.23288699204102156,0.04738840482663364
2023-04-11 23:00:00,0.1865637192875147,0.702168874754147,0.07641280035022646,0.02837166024837643
2023-04-12 00:00:00,0.10423156139440833,0.9630824706229297,0.03821423617191612,0.021289569684304295
2023-04-12 01:00:00,0.04474413271062075,0.9992363197424197,0.051230822391808026,0.06368137688376009
2023-04-12 02:00:00,0.02034879476763308,0.9999464159662073,0.1309643845632672,0.15739292573649435
2023-04-12 03:00:00,0.02543663661926985,1.0,0.21586075047962366,0.26987376293167464
2023-04-12 04:00:00,0.06802363880444319,1.0,0.331467285673134,0.6079532556002959
2023-04-12 05:00:00,0.1322828278131783,1.0,0.5308600181713701,0.6599198057409376
2023-04-12 06:00:00,0.1773846904095262,1.0,0.5543703059386462,0.7872989625670016
2023-04-12 07:00:00,0.512423505038023,1.0,0.6737398318666963,0.8936432567425072
2023-04-12 08:00:00,0.6368003093637525,0.9994596593217415,0.878704984281212,0.8823577371239661
2023-04-12 09:00:00,0.652629368212074,1.0,0.9201755173876881,0.932211726810783
2023-04-12 10:00:00,0.6718489303626117,1.0,0.8197295363992452,0.7732485350780188
2023-04-12 11:00:00,0.6926577333360909,0.9998562336780807,0.7585151888616384,0.6105006659589707
2023-04-12 12:00:00,0.6899131719581781,1.0,0.7656821888871488,0.5546021687239409
2023-04-12 13:00:00,0.6264566734060644,1.0,0.6888011382520198,0.4470198135264217
2023-04-12 14:00:00,0.5442622444778681,1.0,0.5443952534161509,0.3266970287822186
2023-04-12 15:00:00,0.45423337846994394,0.9916808260164477,0.4128523131087422,0.2460251650679856
2023-04-12 16:00:00,0.36169781923294064,0.929123072827404,0.2966653437726199,0.177957503804937
2023-04-12 17:00:00,0.29967414600774644,0.5718606145950877,0.2668998549412936,0.1670357312913984
2023-04-12 18:00:00,0.2657259036786854,0.3966155176677487,0.20236025483347472,0.10861157331615685
2023-04-12 19:00:00,0.2960656087473034,0.24736080645837566,0.17176428928039963,0.07667352601885796
2023-04-12 20:00:00,0.3338414032757282,0.26746801907365975,0.177157670520246,0.08573621161282063
2023-04-12 21:00:00,0.2660148992016911,0.14438627847555005,0.13889601572416724,0.0662154735904187
2023-04-12 22:00:00,0.17421933194622397,0.04852966781366955,0.09070944293402135,0.03535636191722006
2023-04-12 23:00:00,0.08092863591853527,0.04758559425784783,0.030003610602580003,0.005444342694245279
2023-04-13 00:00:00,0.04794414218980819,0.021048676124350588,0.016335892281495033,0.0007252711430191993
2023-04-13 01:00:00,0.028340841266326612,0.004905981861732223,0.00913674066774547,0.00013414430432021616
2023-04-13 02:00:00,0.012719918764196338,0.009068749889054083,0.006454034419730306,6.87756109982729e-05
2023-04-13 03:00:00,0.004663240429945289,0.027589683471755545,0.004563430515117943,0.00010286974254995584
2023-04-13 04:00:00,0.001957100429572165,0.05404217413541946,0.003093323572538793,7.086924277245997e-05
2023-04-13 05:00:00,0.0025776236318051813,0.10914669661698016,0.0018906641425564888,7.091658189892768e-05
2023-04-13 06:00:00,0.0007180877448990941,0.08922184681011869,0.0005248369509354233,0.0003914671577513218
2023-04-13 07:00:00,0.00041530262213200324,0.10437238422984425,0.0003799626789987086,0.0005603087926283479
2023-04-13 08:00:00,0.00021754909772425887,0.03395458821207286,0.0006934840371832251,0.0023649877216666932
2023-04-13 09:00:00,0.0035512968711555004,0.007652800130573186,0.004989630277268588,0.0034838930470868948
2023-04-13 10:00:00,0.04547301120590419,0.005439953499219634,0.04449116311501711,0.03074257877655327
2023-04-13 11:00:00,0.20405719379428772,0.002779849710112268,0.11229994885157792,0.0750038968399167
2023-04-13 12:00:00,0.29080415522679687,0.0012751343439925801,0.09510885565076023,0.05581233666278422
2023-04-13 13:00:00,0.2822086295951157,0.0043283538351004775,0.06898640802130102,0.02630452584009617
2023-04-13 14:00:00,0.24032104623503983,0.0006178483129902319,0.05622071022633462,0.01362486849538982
2023-04-13 15:00:00,0.17750033654738218,0.0010256310145963321,0.04410447939764708,0.00816370424348861
2023-04-13 16:00:00,0.1259471487253904,0.001292629919268868,0.030235316604375836,0.005132718794047833
2023-04-13 17:00:00,0.09978797258343548,0.007504892738705331,0.020942510087043044,0.008825651044026018
2023-04-13 18:00:00,0.05428059358615429,0.0076853630183772595,0.009276949386112392,0.0038730930304154763
2023-04-13 19:00:00,0.01387125204317272,0.009959758245809512,0.0013633548468351363,0.000302741639316082
2023-04-13 20:00:00,0.0009182679885998367,0.023287028964947575,0.0026476253895089032,0.004861414898186923
2023-04-13 21:00:00,0.0,0.014667098339308392,0.016780073074623942,0.01991574582643807
2023-04-13 22:00:00,0.0,0.013198236420073289,0.005791289820335805,0.0024951583798974754
2023-04-13 23:00:00,0.0,0.010961830907247283,0.0006590590672567486,0.0003188390843570232
2023-04-14 00:00:00,0.0,0.009473703696646475,0.0010562793212011456,0.0010740111442282796
2023-04-14 01:00:00,0.0,0.0073930609564889565,0.0018917488865554334,0.0016105047753080723
2023-04-14 02:00:00,0.0009369252808392048,0.008056912327354605,0.007146578612737358,0.0054539038194343446
2023-04-14 03:00:00,0.008006197563372553,0.009050950407981873,0.01751849576830864,0.010518633788451554
2023-04-14 04:00:00,0.023672106470912703,0.014270646843043243,0.03305934492964298,0.01783364811912179
2023-04-14 05:00:00,0.020296082552522424,0.008066977431828326,0.028854545908980074,0.023865942265838384
2023-04-14 06:00:00,0.022730313916690652,0.002382221452214501,0.026149527621455494,0.018998420629650355
2023-04-14 07:00:00,0.025087810158729552,0.00304628578776663,0.02689854316413403,0.01708000340033322
2023-04-14 08:00:00,0.046577599681913856,0.0038344194909388364,0.045364459506236014,0.0418106064433232
2023-04-14 09:00:00,0.08944970531389117,0.042505869265984396,0.08482965359929949,0.09794054446741939
2023-04-14 10:00:00,0.14474260125774888,0.0813615458594127,0.14522530800662933,0.1174009383516386
2023-04-14 11:00:00,0.1714877819083631,0.07136000889268788,0.21742953972890972,0.13842594718560572
2023-04-14 12:00:00,0.1887145685125142,0.04122412969781594,0.22950376696884628,0.1552547471784055
2023-04-14 13:00:00,0.1691262395214289,0.013364666785028846,0.17132686801254748,0.1392758389469236
2023-04-14 14:00:00,0.14910663584247227,0.0052070526169105,0.12007331906817852,0.0967076425999403
2023-04-14 15:00:00,0.11901935650035736,0.002295274063944817,0.07778549758717418,0.0561893914733082
2023-04-14 16:00:00,0.08545108769088981,0.0024810980971563946,0.059089450752362604,0.03476064848247916
2023-04-14 17:00:00,0.05286909694783389,0.00020754952999678522,0.03836474020034075,0.014124167412519456
2023-04-14 18:00:00,0.03846613112371415,0.0007574990086934782,0.04828632289543748,0.01743943959474564
2023-04-14 19:00:00,0.041184563059359795,0.004868941764262589,0.04309133441187442,0.012289579380303622
2023-04-14 20:00:00,0.06569954712875187,0.012875539511442184,0.03302169931586832,0.007858218168839812
2023-04-14 21:00:00,0.07197541530244052,0.014629854078997266,0.02138020193204284,0.004887730339542032
2023-04-14 22:00:00,0.014530954561196272,0.002861246798526157,0.0022819478949531913,0.0006445797206833958
2023-04-14 23:00:00,0.010241828435100617,0.0010555229369889605,0.00374081137124449,0.0027709547476842994
2023-04-15 00:00:00,0.050708584706299006,8.161748336120085e-05,0.0418558058468625,0.026083068018779156
2023-04-15 01:00:00,0.09813844696618614,0.0,0.08786263544112442,0.04745573517400771
2023-04-15 02:00:00,0.09677518967539071,7.773805071007121e-05,0.07255491279996931,0.03984242096077651
2023-04-15 03:00:00,0.05930062816478312,0.0002405640042640946,0.040505329323932526,0.026933001209981745
2023-04-15 04:00:00,0.030740074012428526,0.0002761866287751631,0.022982786521315572,0.015115094655193388
2023-04-15 05:00:00,0.004593101972714066,0.0017994075166908178,0.004688599887304007,0.0031348467478528614
2023-04-15 06:00:00,0.0019548626942560076,0.0071678651835430755,0.0022391430381685493,0.004818621585145593
2023-04-15 07:00:00,0.0005731584737077355,0.021857883913273157,0.0020382196130231023,0.00591439531184733
2023-04-15 08:00:00,0.0017402533581480383,0.06567613113332879,0.006996782994829118,0.013094874448142946
2023-04-15 09:00:00,0.024340341659262774,0.154207116663456,0.05945794650819153,0.08016322367358952
2023-04-15 10:00:00,0.10321529504377396,0.24367343290962948,0.20633854553103448,0.23261716357432305
2023-04-15 11:00:00,0.18756248791702093,0.25079136245630007,0.3831606944603844,0.3834086679155006
2023-04-15 12:00:00,0.24336420902051029,0.21482243927364994,0.4968946047173813,0.4591777074616402
2023-04-15 13:00:00,0.33319644794333725,0.21481409884989267,0.592529381904751,0.5051721595227717
2023-04-15 14:00:00,0.42975646624341596,0.24330230218443,0.6447309764008967,0.4925484885275363
2023-04-15 15:00:00,0.5451023405604063,0.3155035277930173,0.6727748180553315,0.4781204150617124
2023-04-15 16:00:00,0.5982468296587466,0.4032081059840593,0.6418124062195418,0.468798201456666
2023-04-15 17:00:00,0.5577297398261725,0.6045776355131104,0.5595614803396165,0.43478433031588787
2023-04-15 18:00:00,0.5386158655211327,0.6280206767537376,0.5172913513146341,0.39999305760487913
2023-04-15 19:00:00,0.5013481726311148,0.6069054943458597,0.47219368716701865,0.3513239534571767
2023-04-15 20:00:00,0.46692217055708174,0.5995844157311048,0.425929241515696,0.2920312629640102
2023-04-15 21:00:00,0.31654699731618163,0.5232617250897668,0.2859374800883233,0.18566756211221216
2023-04-15 22:00:00,0.12129362351261078,0.26603178087960583,0.12780615290626882,0.07983244596980513
2023-04-15 23:00:00,0.09661009986884891,0.3376656024699861,0.1256412853114307,0.08290392456576227
2023-04-16 00:00:00,0.14354788823053238,0.4338250534642825,0.18222797397524115,0.1174400738812983
2023-04-16 01:00:00,0.2712600986845791,0.4384216174889694,0.30777651844546194,0.1899014145135879
2023-04-16 02:00:00,0.33125519447028634,0.43245167548006225,0.3657064056955277,0.24209908416494721
2023-04-16 03:00:00,0.29306916447356335,0.41096587756817987,0.32602667411789293,0.24446495905518525
2023-04-16 04:00:00,0.2851789700798689,0.39666626355864787,0.29400361061096186,0.22697991155087943
2023-04-16 05:00:00,0.28074675187468523,0.3822530272738499,0.28877026489004487,0.22757056575268506
2023-04-16 06:00:00,0.2288212500140071,0.37906857306307007,0.25551772095263003,0.21435774546116587
2023-04-16 07:00:00,0.2349527489766478,0.34412277002226216,0.259867672342807,0.22295414026826618
2023-04-16 08:00:00,0.2183827126026153,0.2550339388170026,0.2276066854782402,0.23381208637729284
2023-04-16 09:00:00,0.363591080084443,0.3310961501977659,0.4049332412518561,0.5419116094708443
2023-04-16 10:00:00,0.6610302628763017,0.4030039156296036,0.7660373989306389,0.8741185483895242
2023-04-16 11:00:00,0.857936204560101,0.43999472745440227,0.9307962979748845,0.9727136020176113
2023-04-16 12:00:00,0.9500008449144659,0.4702394720099188,0.9793287922441958,0.9791883813031016
2023-04-16 13:00:00,0.9885825246572495,0.47928652610291134,0.9903317094966769,0.954013170544058
2023-04-16 14:00:00,0.9920695633441209,0.4579381881112402,0.9800900377891959,0.8865500381216403
2023-04-16 15:00:00,0.9860241713374852,0.4525321878357365,0.9600944177806376,0.8289681345224379
2023-04-16 16:00:00,0.9563599428348242,0.45245640342885785,0.9239944153279066,0.7830333819985389
2023-04-16 17:00:00,0.8761075910925863,0.4671435032378543,0.8615210668928921,0.6873038443736732
2023-04-16 18:00:00,0.8366817811690269,0.4665531528402458,0.8173535611480474,0.6375564270466565
2023-04-16 19:00:00,0.7905638959631323,0.3546704052253203,0.7757619485817849,0.6113305384106933
2023-04-16 20:00:00,0.7631493326649069,0.33103008403019474,0.7351616648584602,0.5655645615421235
2023-04-16 21:00:00,0.6728411912173031,0.3617940317365257,0.597842870336026,0.41892065852880467
2023-04-16 22:00:00,0.3406432579644024,0.2338539854166182,0.3066014397144318,0.22610129684209823
2023-04-16 23:00:00,0.2956609553378075,0.17784829902377994,0.2586956718377769,0.15601679241284724
2023-04-17 00:00:00,0.28579988497309383,0.3128241269425912,0.22432964023202656,0.12304810214787718
2023-04-17 01:00:00,0.2942506130132824,0.3962176745046268,0.22020346764475104,0.14327084381133318
2023-04-17 02:00:00,0.358819125443697,0.4558472347936847,0.29268917443230746,0.20722583367489278
2023-04-17 03:00:00,0.426837755087763,0.4287152362140741,0.36290866700932384,0.24879210952669378
2023-04-17 04:00:00,0.476290086954832,0.442684752290899,0.4498224630206823,0.31415730945765974
2023-04-17 05:00:00,0.4846202808246015,0.5596249490840867,0.4309334236569703,0.33389204597100614
2023-04-17 06:00:00,0.37618161365389824,0.47681443620811803,0.3454124889336526,0.28714344371110195
2023-04-17 07:00:00,0.3536665087938309,0.3232487637481906,0.3272077205963432,0.3169862489774823
2023-04-17 08:00:00,0.42998465100303296,0.27747785134748976,0.4306993225216865,0.4379327665455639
2023-04-17 09:00:00,0.7881044667214153,0.17558266364037986,0.7946589652635156,0.8172752655297515
2023-04-17 10:00:00,0.9879835084266961,0.20289526423947377,0.9833448014780879,0.9607060077041386
2023-04-17 11:00:00,0.9996873584762216,0.5461990755186839,0.9971269589662553,0.9267577680386602
2023-04-17 12:00:00,0.9985932033881545,0.9571993042935024,0.9738726247660815,0.8171794380247592
2023-04-17 13:00:00,0.9985598145797848,0.9971702669696374,0.9269482197053731,0.7455418762378393
2023-04-17 14:00:00,0.9996836384758353,1.0,0.9177723046764732,0.8177898060716687
2023-04-17 15:00:00,0.9991527100652456,1.0,0.8874383331462739,0.7272085096687078
2023-04-17 16:00:00,0.9876248062960803,1.0,0.8421528928168117,0.7385753712989389
2023-04-17 17:00:00,0.9789127192646264,0.98584959148006,0.8522040632925927,0.8705336600728333
2023-04-17 18:00:00,0.964665805865079,0.9427459714629435,0.8827137487009167,0.9154249455034732
2023-04-17 19:00:00,0.9313124587200582,0.9234700949219139,0.8939610852301122,0.931826179344207
2023-04-17 20:00:00,0.9172884621657431,0.9406105360117825,0.9202179186046121,0.9493306910805404
2023-04-17 21:00:00,0.8977057418413459,0.938954774127765,0.932912432849407,0.9629314699955284
2023-04-17 22:00:00,0.8758475386723874,0.9391335208849475,0.9127896240353585,0.9445797915942967
2023-04-17 23:00:00,0.8994900594837963,0.9977074636248026,0.9442053898237646,0.9831780377961696
2023-04-18 00:00:00,0.9577221758849919,0.9998006267710167,0.9762964049726724,0.9989369424432516
2023-04-18 01:00:00,0.9839382299035787,1.0,0.9978012441843748,0.9918991111405193
2023-04-18 02:00:00,0.951497720107436,1.0,0.9985587335377931,0.983726405557245
2023-04-18 03:00:00,0.9686994797363878,0.9997121191566639,1.0,0.9961391457170248
2023-04-18 04:00:00,0.9966878179833293,0.9988338950818235,1.0,0.9998927013576031
2023-04-18 05:00:00,1.0,0.9958995961059223,1.0,0.9992991865053773
2023-04-18 06:00:00,1.0,0.9210335893793541,1.0,1.0
2023-04-18 07:00:00,1.0,0.7873470270091837,1.0,0.9994957480579614
2023-04-18 08:00:00,0.9807439381442964,0.5879066983271728,0.961223298944533,0.8148752295225857
2023-04-18 09:00:00,0.8970551175065338,0.35293018426407474,0.792166211362928,0.49271537633612744
2023-04-18 10:00:00,0.6717848638631403,0.2425531819124113,0.5626347216777503,0.3013318907562643
2023-04-18 11:00:00,0.4099685360025614,0.16332588703117581,0.318320247628726,0.21100068203173575
2023-04-18 12:00:00,0.26997871083207425,0.11910463109612467,0.18260884091258045,0.16982342819683252
2023-04-18 13:00:00,0.22685041990596796,0.13229980990629298,0.12831230316776782,0.14522689626552163
2023-04-18 14:00:00,0.18768419160507613,0.1389597516676242,0.0990125658828765,0.1338982324209064
2023-04-18 15:00:00,0.14776822584681212,0.09122379141775042,0.09094168125651778,0.1520061922399327
2023-04-18 16:00:00,0.11954039773438124,0.05678629459305244,0.09740157005842774,0.19341168296523392
2023-04-18 17:00:00,0.0654778349911794,0.07641632828861472,0.13264520192984489,0.26562389027327293
2023-04-18 18:00:00,0.0854413093207404,0.03396274294026873,0.10261815892066807,0.19473138220608233
2023-04-18 19:00:00,0.11199961535632612,0.03246892965991388,0.0695084453932941,0.11591235561296342
2023-04-18 20:00:00,0.08042014960199595,0.045868864428590644,0.046408710717223585,0.06228860478848217
2023-04-18 21:00:00,0.033985163988545536,0.038526316796514117,0.0806530404323712,0.08962311354465782
2023-04-18 22:00:00,0.008030110546387732,0.017814369648694994,0.07159578311722725,0.0650186631223187
2023-04-18 23:00:00,0.020651650694198907,0.05416738579219038,0.14654971696902067,0.11912412761710583
2023-04-19 00:00:00,0.07451098474208265,0.18703703724525186,0.3015779412537813,0.25382782483473415
2023-04-19 01:00:00,0.1423762784525752,0.24446237650784577,0.4308268483169377,0.46066990006715064
2023-04-19 02:00:00,0.20100328243337567,0.15150801393796096,0.446455876044929,0.4536266917735339
2023-04-19 03:00:00,0.2841115964576601,0.12190300026400522,0.42961997639387844,0.38379491329193116
2023-04-19 04:00:00,0.35965117033571004,0.044265702478587625,0.459879487901926,0.3802596042118966
2023-04-19 05:00:00,0.4101827504113317,0.00664513683454557,0.5388492143712936,0.40678134489804507
2023-04-19 06:00:00,0.40746579587459564,0.010729207806289196,0.573699543122202,0.48001375615596775
2023-04-19 07:00:00,0.48214423807337875,0.011495701582594352,0.6022473451681433,0.5525654854439197
2023-04-19 08:00:00,0.5079704207181931,0.022801553139632395,0.5721697895601391,0.4940249103307724
2023-04-19 09:00:00,0.6271131883375346,0.0695081135935404,0.6779911174252629,0.5206694073602557
2023-04-19 10:00:00,0.7835362493060528,0.24271390081129288,0.7450585770606994,0.5763190883398054
2023-04-19 11:00:00,0.8049458927661179,0.3967381457578052,0.6983413875289259,0.6359545801021156
2023-04-19 12:00:00,0.632030003350228,0.34261631045151836,0.580522912312299,0.6170964109152554
2023-04-19 13:00:00,0.5417531255446373,0.34996801685880524,0.5474057453498243,0.5715682554990053
2023-04-19 14:00:00,0.5865409161895513,0.43206525467336176,0.5220866094902158,0.46497920297086237
2023-04-19 15:00:00,0.4133723659813404,0.5078392260453918,0.46549686571583143,0.348873380497098
2023-04-19 16:00:00,0.39018889382481575,0.5072329512848096,0.4335462132841348,0.2987480660900473
2023-04-19 17:00:00,0.39065747683867813,0.5439555766365743,0.5386503354273736,0.44284365506842727
2023-04-19 18:00:00,0.44651678230613456,0.49662662637504645,0.5962180473655462,0.5182355385646223
2023-04-19 19:00:00,0.4460583076439797,0.4203105842728505,0.6357016032934187,0.5011003383249044
2023-04-19 20:00:00,0.6079022769629953,0.3206076817417687,0.6665763916261492,0.5397411382757127
2023-04-19 21:00:00,0.5734214217402038,0.2567945813048969,0.6471169805899262,0.5352281754650176
2023-04-19 22:00:00,0.48228995354846116,0.23745036925104523,0.6896899495087563,0.6015766708552835
2023-04-19 23:00:00,0.4800558646954595,0.27973792418837545,0.7156013206019997,0.6196306635439396
2023-04-20 00:00:00,0.5005047871358692,0.3088096265359358,0.7301084055379031,0.6323998638987539
2023-04-20 01:00:00,0.5676868454925715,0.3016666174070402,0.7532790240086615,0.6427186030149458
2023-04-20 02:00:00,0.6221758233942091,0.29086401472037493,0.8000337442196904,0.6689592820405958
2023-04-20 03:00:00,0.6905120714753865,0.2612702847373756,0.8368791520968079,0.7123801824450491
2023-04-20 04:00:00,0.7358713478967547,0.2499136483398351,0.8563722598738968,0.7473174923844634
2023-04-20 05:00:00,0.8487180837243794,0.3735645661435342,0.9416902947612106,0.8890999902039765
2023-04-20 06:00:00,0.753272541873157,0.36633477618071164,0.8984329199790955,0.8167912767082453
2023-04-20 07:00:00,0.7061624157242476,0.34671963488513763,0.8339187354780733,0.7433149816840887
2023-04-20 08:00:00,0.5890496199019252,0.2535748876631259,0.6554328370280562,0.6277089896611868
2023-04-20 09:00:00,0.5033196687698364,0.15378224727782333,0.5404351611435412,0.4721291182935238
2023-04-20 10:00:00,0.44801962673664103,0.12291365831413054,0.49081034973263743,0.4132153932750225
2023-04-20 11:00:00,0.4068940838053822,0.11115750902417028,0.42407711356878286,0.35475095853209493
2023-04-20 12:00:00,0.33528923336416483,0.09679030671377074,0.36663323266431685,0.2931953074224293
2023-04-20 13:00:00,0.26298335673287504,0.10806732587854971,0.27021758843213317,0.21203959081321952
2023-04-20 14:00:00,0.21695799201726912,0.11916945644400333,0.21511289779096837,0.1567439406737685
2023-04-20 15:00:00,0.19379808491095896,0.13144628059118982,0.20068262500688433,0.13337858299724756
2023-04-20 16:00:00,0.18295631739310916,0.15629837936298416,0.20770983866415915,0.13921844276599585
2023-04-20 17:00:00,0.2843716114014387,0.198124775710431,0.3529489890299737,0.2640940329246222
2023-04-20 18:00:00,0.3054594152607023,0.173216903866692,0.3552422026917338,0.2899031611345708
2023-04-20 19:00:00,0.3236492716148495,0.16266079271381556,0.3642446185462176,0.29814955933019516
2023-04-20 20:00:00,0.3729881351627409,0.14287401401183825,0.47496858861297375,0.3535501193068921
2023-04-20 21:00:00,0.48299483498558404,0.10917108045382933,0.6326913301646708,0.4689641566202044
2023-04-20 22:00:00,0.4681553492881356,0.11034130185165188,0.6092815829254686,0.48181698715314264
2023-04-20 23:00:00,0.4184299728833139,0.13325515218756412,0.527591403387487,0.42764497432857745
2023-04-21 00:00:00,0.3509316160529851,0.18194389618933202,0.4535166531056166,0.35159895272925495
2023-04-21 01:00:00,0.27791631918400517,0.23639725233343506,0.3659552451595664,0.27733444245532146
2023-04-21 02:00:00,0.2169434730708599,0.28664461187341,0.2806452050060034,0.20206585813313718
2023-04-21 03:00:00,0.17668032536283135,0.3479626599766992,0.23789273099973796,0.16634290783666072
2023-04-21 04:00:00,0.1319384026248008,0.31372654918242576,0.18253476324491202,0.1228855979721993
2023-04-21 05:00:00,0.13687006351538003,0.25748855573209845,0.23321904420852663,0.17193064197897912
2023-04-21 06:00:00,0.09186736501753329,0.1776784031160853,0.14701417838223277,0.10381411389447746
2023-04-21 07:00:00,0.05548416909761727,0.12158306098119778,0.08786090832203626,0.06071195002645255
2023-04-21 08:00:00,0.027833749335259204,0.13466819262640042,0.05549676354043186,0.03463845662772656
2023-04-21 09:00:00,0.03473418693989516,0.2502007117054678,0.05613297280855477,0.034256851677782835
2023-04-21 10:00:00,0.08111282370984554,0.342314667620442,0.0948250943981111,0.08242262179963289
2023-04-21 11:00:00,0.13100746415555475,0.33921939935196527,0.1437706804089248,0.1572818479593843
2023-04-21 12:00:00,0.11938024463132026,0.32420675997706977,0.14322955075651406,0.13569826753810046
2023-04-21 13:00:00,0.09561561255715788,0.24594346020032057,0.12727605348452925,0.0931452631857246
2023-04-21 14:00:00,0.08862564481794835,0.19029795756732873,0.12450846379622815,0.09904359714128076
2023-04-21 15:00:00,0.07579556995071472,0.15859602257948027,0.1030907968431711,0.12634002238512035
2023-04-21 16:00:00,0.05404667280614377,0.13957062919031488,0.07283019738271831,0.13947965928819028
2023-04-21 17:00:00,0.05665063176769763,0.0879314916309985,0.06145817121490836,0.1435932110715657
2023-04-21 18:00:00,0.06844950036145747,0.0744855651699684,0.05650720391422509,0.09848184996750206
2023-04-21 19:00:00,0.08300330952741204,0.07265580347654493,0.08310087140649558,0.0934614931512624
2023-04-21 20:00:00,0.10496293321251869,0.05630431071262468,0.14395830610767005,0.13407316389493643
2023-04-21 21:00:00,0.08289689948782324,0.04420554256574674,0.13333835523575543,0.1117021638713777
2023-04-21 22:00:00,0.24896828331053256,0.032142918275838546,0.2824752766266465,0.19449499128386377
2023-04-21 23:00:00,0.27508520467206826,0.048553308275612925,0.2641770275868475,0.18820404729805884
2023-04-22 00:00:00,0.23010212767869226,0.08013967244462533,0.2275692501291632,0.16162823347374794
2023-04-22 01:00:00,0.16295454179868102,0.1131500515274026,0.16186835106462238,0.13468438362702723
2023-04-22 02:00:00,0.09122848290018737,0.12819364119659768,0.08891803208738563,0.08596800684928893
2023-04-22 03:00:00,0.03853802272118628,0.1277958841757341,0.03755821009166539,0.03464151461608708
2023-04-22 04:00:00,0.012751230737194419,0.1166636153784665,0.01262242719065398,0.00988619453739375
2023-04-22 05:00:00,0.009085779278539123,0.08189333382655276,0.012885530614294113,0.010204854141920806
2023-04-22 06:00:00,0.005850793453864753,0.07930134236812593,0.007871310929767788,0.0064674527384340754
2023-04-22 07:00:00,0.0030373328691348424,0.07797484319318423,0.004376029288396239,0.0033613797929137944
2023-04-22 08:00:00,0.003555252044461667,0.0677027860080654,0.0034549173014238477,0.002740067145787179
2023-04-22 09:00:00,0.00872448814101517,0.0930587374418974,0.006474987072870135,0.010078437011688948
2023-04-22 10:00:00,0.025824023182503878,0.18347751204940402,0.015087082209065556,0.02780181436333805
2023-04-22 11:00:00,0.04593717426527292,0.21092582019892603,0.02753681702539324,0.04899593316949903
2023-04-22 12:00:00,0.0629125212971121,0.22105824614113026,0.03944743159692734,0.07024180281907319
2023-04-22 13:00:00,0.08079256376717238,0.22587108767845415,0.05231073228176683,0.09118081559892745
2023-04-22 14:00:00,0.10267658929806203,0.22802157354964445,0.06679119511041791,0.11194990227930247
2023-04-22 15:00:00,0.1286730091227218,0.21404730720276177,0.07764353560749442,0.12015507602132855
2023-04-22 16:00:00,0.15454907382372765,0.21027098483998666,0.0891534106247127,0.12317804619669911
2023-04-22 17:00:00,0.21940089140087363,0.24085751152174042,0.12378332645632327,0.15281583575997498
2023-04-22 18:00:00,0.20180838571861384,0.2291533361239867,0.11235748675651848,0.13646593953017144
2023-04-22 19:00:00,0.18104083837941284,0.24139440215785388,0.0968215155880898,0.13210904893931
2023-04-22 20:00:00,0.1480120551213622,0.22646679643202913,0.08323404664173722,0.13752574650570748
2023-04-22 21:00:00,0.0858548938576132,0.13509849985214795,0.05906021356582641,0.10199119342025367
2023-04-22 22:00:00,0.10136599226854742,0.06898691540075973,0.08187423268333074,0.12040811017621306
2023-04-22 23:00:00,0.19289086496457453,0.08882779413326218,0.14200538784265515,0.18528040648438035
2023-04-23 00:00:00,0.1738200159370899,0.10307721926068719,0.1217340489756316,0.1531253513880074
2023-04-23 01:00:00,0.17443142261356115,0.07090524279935793,0.11521418301388621,0.1352097755111754
2023-04-23 02:00:00,0.17795914361253376,0.08063318260352716,0.12038313375785946,0.10300440269522367
2023-04-23 03:00:00,0.15985521482303733,0.11287067373706536,0.10886689259670673,0.06714460307732223
2023-04-23 04:00:00,0.16075174353085456,0.10919175672937524,0.1083824604935944,0.05807485386729239
2023-04-23 05:00:00,0.14100266695022584,0.23374507630751887,0.09329238010104746,0.0463924592733383
2023-04-23 06:00:00,0.08838874963112174,0.2754842412031509,0.05742591139860451,0.023056239942088722
2023-04-23 07:00:00,0.07879735336638986,0.2561896651644598,0.05201963923405856,0.02849897190462798
2023-04-23 08:00:00,0.13511956312693654,0.23960139034823938,0.1216424217727035,0.12474443968385457
2023-04-23 09:00:00,0.5174579516611992,0.3565293078124523,0.4552479393221438,0.5068802429549396
2023-04-23 10:00:00,0.9424316015280783,0.5814836605299601,0.8595231413282453,0.8677860123850403
2023-04-23 11:00:00,0.994188559539616,0.7331480725515973,0.967472481932491,0.9383572342246772
2023-04-23 12:00:00,0.9977115784958005,0.7957617847215044,0.9902058735489847,0.9586881526000799
2023-04-23 13:00:00,0.9921505692973731,0.7949956298416307,0.9774159973300993,0.9361400666087866
2023-04-23 14:00:00,0.9866163138113917,0.7604188303784888,0.9288354412280024,0.8645210358127952
2023-04-23 15:00:00,0.9702062987722455,0.6510707428780466,0.8518801710568368,0.777798414826393
2023-04-23 16:00:00,0.9264171215333045,0.5445165238055314,0.7950765394978223,0.725587774850428
2023-04-23 17:00:00,0.9614678208157419,0.5386661442707884,0.8899912796542048,0.7937312151305377
2023-04-23 18:00:00,0.9173156621679662,0.5247366302934557,0.8656037004105747,0.7717762375622987
2023-04-23 19:00:00,0.8853790505789219,0.4495312253047119,0.8196005172096191,0.7380186744593082
2023-04-23 20:00:00,0.8974459612369539,0.4177986891296777,0.7981227612309157,0.6946075495518743
2023-04-23 21:00:00,0.8143416571244597,0.35937121381813825,0.661785755921155,0.5704069907590748
2023-04-23 22:00:00,0.7109816993400453,0.1515364129705862,0.5393641292303799,0.4136964558437466
2023-04-23 23:00:00,0.7063911135867237,0.13441722078079524,0.5103536148183048,0.38203268375247706
2023-04-24 00:00:00,0.8054938796721397,0.13125892306593331,0.5884853540547191,0.4484686325490474
2023-04-24 01:00:00,0.9021552034281194,0.1504192488505082,0.7035199539549648,0.5652969926036894
2023-04-24 02:00:00,0.9555641632154583,0.1688582123883746,0.78832587916404,0.6930278245918451
2023-04-24 03:00:00,0.9701776808686554,0.19437022899362166,0.8156991853937504,0.7558642282895744
2023-04-24 04:00:00,0.9796465875767171,0.23180757996033538,0.8411071893572805,0.7973571409471332
2023-04-24 05:00:00,0.9987202913686634,0.43322867990894737,0.9730689894035458,0.9358578530699015
2023-04-24 06:00:00,0.9989546361938119,0.5038577116213061,0.9767389951646327,0.9461104388721288
2023-04-24 07:00:00,1.0,0.5295275530760938,0.9881359490007161,0.9621912607178091
2023-04-24 08:00:00,0.999815854281187,0.5990918887067923,0.9873909265734256,0.9597983776591719
2023-04-24 09:00:00,1.0,0.5720696197585625,0.9992894381284713,0.9851129773259162
2023-04-24 10:00:00,1.0,0.5006931498646735,1.0,0.9965947633236647
2023-04-24 11:00:00,1.0,0.4631789113039319,1.0,0.9986087787523865
2023-04-24 12:00:00,1.0,0.5431380260126155,1.0,0.9991864978522063
2023-04-24 13:00:00,1.0,0.6165180474113332,1.0,0.9982612152025104
2023-04-24 14:00:00,1.0,0.6255572576278987,0.9999976992234588,0.9953684446029366
2023-04-24 15:00:00,1.0,0.6339622604711488,0.9984779992699623,0.9859116739034652
2023-04-24 16:00:00,1.0,0.6306459196182812,0.996268604490906,0.9752068910002707
2023-04-24 17:00:00,1.0,0.47816093671050913,0.997090530321002,0.9753236970305443
2023-04-24 18:00:00,1.0,0.5888276138495313,0.9898257207311689,0.9025092887319623
2023-04-24 19:00:00,0.9995936479046941,0.6391378034651276,0.9783632967434823,0.8207081132009624
2023-04-24 20:00:00,0.998284452855587,0.577758047743277,0.9658940026909112,0.7615138783119617
2023-04-24 21:00:00,0.9863527044467628,0.5112643682008439,0.9195915968902407,0.6625476436130701
2023-04-24 22:00:00,0.8848927713744341,0.3117403129149567,0.735552678257227,0.4166726624034344
2023-04-24 23:00:00,0.7459225614555178,0.404998585703698,0.6105725796893238,0.32024942554533475
2023-04-25 00:00:00,0.5695566427707672,0.40965162568471647,0.5089071735553442,0.2500614320114255
2023-04-25 01:00:00,0.4532230923138558,0.28124261073090806,0.4630383480153977,0.22415209698490796
2023-04-25 02:00:00,0.3860689273010939,0.19106500809842883,0.4562192627601325,0.19316384518984706
2023-04-25 03:00:00,0.3604908819124102,0.1499363252520561,0.41509083811193703,0.1709196320269257
2023-04-25 04:00:00,0.31789213286712764,0.11928552123633299,0.3774330797418952,0.16727885385975239
2023-04-25 05:00:00,0.25768056376837195,0.13666760933331465,0.48090889589395375,0.21808341098949313
2023-04-25 06:00:00,0.18179602758027605,0.20521661658856,0.4051322763646021,0.20977415403351185
2023-04-25 07:00:00,0.1281024222075939,0.20883357504552055,0.27705595260486005,0.15948244780302048
2023-04-25 08:00:00,0.13903780537657437,0.1827507609467614,0.2260687665827572,0.11214807078707961
2023-04-25 09:00:00,0.2803611766826361,0.26457805943082674,0.3392992278095334,0.16064275459386407
2023-04-25 10:00:00,0.4956527392333373,0.46699126461690116,0.537295991545543,0.2176680286508053
2023-04-25 11:00:00,0.6853944086004048,0.7114768601005728,0.6200713704898954,0.23612699729856101
2023-04-25 12:00:00,0.7432382000051437,0.824663622677326,0.601018449133262,0.2574899982381612
2023-04-25 13:00:00,0.6302484396100043,0.7813711471584708,0.5221536501869558,0.2452379465149715
2023-04-25 14:00:00,0.5029872423969209,0.7476967833258888,0.4060521819069981,0.17315393484663216
2023-04-25 15:00:00,0.4000807081535458,0.7551990612122144,0.2662730158120393,0.0917677910765633
2023-04-25 16:00:00,0.29015872824937106,0.7933695939047769,0.16068389961961654,0.04070379464421421
2023-04-25 17:00:00,0.21672310805879533,0.7946759500422259,0.17127088837325574,0.04558424591552466
2023-04-25 18:00:00,0.11530839154496787,0.8460426424714651,0.10112591916229574,0.03501475911587477
2023-04-25 19:00:00,0.041682949382811786,0.8780194752460176,0.06628447220660746,0.03554882241878658
2023-04-25 20:00:00,0.013017104230821131,0.9400376581061972,0.06322969482745974,0.0458269979385659
2023-04-25 21:00:00,0.0027930775703862306,0.9435539327832781,0.05232749358285218,0.054408948938362296
2023-04-25 22:00:00,6.670350674539805e-05,0.8075636087628927,0.02445058889687061,0.02848590126261115
2023-04-25 23:00:00,0.0,0.8653863606805152,0.020428807516582312,0.02163182568736374
2023-04-26 00:00:00,0.0,0.8822353990646927,0.012816490111872554,0.01831347009632736
2023-04-26 01:00:00,0.0,0.9271862965686755,0.010675433240830898,0.016980909956619144
2023-04-26 02:00:00,0.00035135528072714804,0.9629913235388018,0.012555703995749354,0.038965436769649385
2023-04-26 03:00:00,0.031495212586596606,0.9764455820755525,0.06415572130121291,0.10999274861067534
2023-04-26 04:00:00,0.11367917992174627,0.9893416610360144,0.1678766785934567,0.1864777317456901
2023-04-26 05:00:00,0.12199106683488932,0.9811574732715432,0.27868412189651276,0.3649530354049056
2023-04-26 06:00:00,0.2175265248212963,0.9728207548639993,0.36780410943552844,0.4835946566797793
2023-04-26 07:00:00,0.30866395885124803,0.9710476532443001,0.2954181128926574,0.4483761746715754
2023-04-26 08:00:00,0.772182482033968,0.9974965271353722,0.35183248496614394,0.4176680363714695
2023-04-26 09:00:00,1.0,1.0,0.7998980936408043,0.588566738013178
2023-04-26 10:00:00,0.975086460467428,1.0,0.9718529743142427,0.8784520251676441
2023-04-26 11:00:00,0.8374695167317985,1.0,0.9914440921507776,0.9812516513094306
2023-04-26 12:00:00,0.5211645466275512,0.9918063880232247,0.9154652673192323,0.9419146832823753
2023-04-26 13:00:00,0.2507974812854081,0.9615285177799788,0.7287281714566051,0.8443072596937418
2023-04-26 14:00:00,0.24425436004996298,0.8540308021686293,0.46905937381088736,0.486053944043815
2023-04-26 15:00:00,0.5463632148876785,0.6214485794847661,0.33050629368051876,0.28430336358025665
2023-04-26 16:00:00,0.7811426210962235,0.3529534785754302,0.43906089339405296,0.2990596149116755
2023-04-26 17:00:00,0.8806533474102615,0.12386475986039093,0.6803292441554366,0.4416398838162421
2023-04-26 18:00:00,0.8265048970282078,0.033035483069040555,0.699921971298754,0.4501716957613825
2023-04-26 19:00:00,0.7437202726677059,0.025261290269819173,0.6336036255955694,0.4067184953019022
2023-04-26 20:00:00,0.7007812703028319,0.083769933110611,0.5647509923763573,0.36311555830761794
2023-04-26 21:00:00,0.4673487696610391,0.19115452404049307,0.33737806839868417,0.1671279976610094
2023-04-26 22:00:00,0.24422896108590064,0.1688512227548794,0.1671884801145643,0.06551529737655075
2023-04-26 23:00:00,0.26256002553738644,0.3251569004085931,0.1932989204116166,0.10402790529653429
2023-04-27 00:00:00,0.25293191796168685,0.5698360806432636,0.24228283037431533,0.1831089349556714
2023-04-27 01:00:00,0.18876248611137267,0.8008018673956393,0.23896752147935327,0.25859337512403724
2023-04-27 02:00:00,0.17557033931836485,0.9410263363068755,0.24513414375483988,0.3176154345832765
2023-04-27 03:00:00,0.2290867069177329,0.9861662441085687,0.29656928831711404,0.3390378569066524
2023-04-27 04:00:00,0.22252324225381012,0.9978427873551845,0.28889042174443597,0.32248714756220576
2023-04-27 05:00:00,0.25008530482649804,0.9987341151996092,0.2419403175078332,0.28682179755531245
2023-04-27 06:00:00,0.15251602062024172,1.0,0.1559703994449228,0.21389189135283226
2023-04-27 07:00:00,0.06923505211248994,1.0,0.08154944888781755,0.1272041938640177
2023-04-27 08:00:00,0.051098792040720584,1.0,0.038158398354426026,0.02961891793180257
2023-04-27 09:00:00,0.14439992369152604,1.0,0.2566640593018382,0.16803141070064154
2023-04-27 10:00:00,0.3747300574183464,1.0,0.5010340624209493,0.48480653304606675
2023-04-27 11:00:00,0.39032452991232275,1.0,0.5458702308032661,0.6967382718622684
2023-04-27 12:00:00,0.31202709192410105,1.0,0.4268934392090886,0.7418538211099802
2023-04-27 13:00:00,0.38517742292955515,1.0,0.3411456645000726,0.6792993850260972
2023-04-27 14:00:00,0.5986587230302394,0.9403385078907012,0.35567357779480513,0.6480275226477532
2023-04-27 15:00:00,0.7978542764671146,0.8690795537016608,0.5574019449483602,0.717737679509446
2023-04-27 16:00:00,0.8736413616500794,0.8899515547129241,0.8395655052550137,0.8188070495612919
2023-04-27 17:00:00,0.9417461736686527,0.9978316719152711,0.9554245579056441,0.9713962067477404
2023-04-27 18:00:00,0.9453624745644629,0.9609402518109842,0.9586456368863583,0.9991886238381267
2023-04-27 19:00:00,0.9621013975329697,0.8127442575178363,0.9644304830022156,0.9985462265089154
2023-04-27 20:00:00,0.972001852337271,0.734391164434227,0.9692835810966789,0.9957589911110699
2023-04-27 21:00:00,0.999313838519156,0.5900632943754845,0.9949004132300615,0.9990018429607153
2023-04-27 22:00:00,1.0,0.5193572872132062,0.9966179349832237,1.0
2023-04-27 23:00:00,0.9990412696450949,0.7068468120355499,0.9955779001861811,0.9982314722985028
2023-04-28 00:00:00,0.993090018760413,0.6883093705366956,0.9834474224410952,0.9864586871489882
2023-04-28 01:00:00,0.9979727536812425,0.6730127812786535,0.9914388278499245,0.9893347760848701
2023-04-28 02:00:00,0.998488142825663,0.5351691848513754,0.9962155701965094,0.9961162493005394
2023-04-28 03:00:00,0.9919182901084422,0.35024733814326203,0.9913434671796858,0.993613407202065
2023-04-28 04:00:00,0.9868919049575926,0.15770146069201554,0.9854941906221211,0.9776366004534065
2023-04-28 05:00:00,0.9548484471812843,0.10366778805513271,0.972761843893677,0.8961731637455523
2023-04-28 06:00:00,0.8097141509316861,0.0900692964514548,0.8992952511832119,0.7486991436593233
2023-04-28 07:00:00,0.5633427830971776,0.08032228599556467,0.6832696216925978,0.5293722609244286
2023-04-28 08:00:00,0.2790382134541869,0.03899283111434091,0.36372740881517535,0.25161341773346063
2023-04-28 09:00:00,0.08020395211875438,0.055125933475792414,0.12987255610525605,0.08057403385639192
2023-04-28 10:00:00,0.01784199234098196,0.10576706976037133,0.04869074373971671,0.026068468475714323
2023-04-28 11:00:00,0.0347164166579023,0.1380222551524639,0.024934968990273775,0.0176432061381638
2023-04-28 12:00:00,0.15604652403388167,0.19750237221744926,0.06307223073206841,0.08710832474287598
2023-04-28 13:00:00,0.44409478334709995,0.26406045115806837,0.21090729466639452,0.2537750702770426
2023-04-28 14:00:00,0.6896321973390875,0.35008111533793534,0.4425341040827334,0.4344929516222329
2023-04-28 15:00:00,0.7739651579223572,0.4771333167634227,0.5620028750970958,0.4823006690852344
2023-04-28 16:00:00,0.8644394971430301,0.6425475806810638,0.6524151868186889,0.4966109135001898
2023-04-28 17:00:00,0.9669918469525871,0.8498725487291812,0.8259382640197872,0.6368416896648701
2023-04-28 18:00:00,0.9744358243606984,0.8371840303458948,0.8335955803841354,0.6085085560567676
2023-04-28 19:00:00,0.954957588855177,0.8171073357760904,0.8585101889260114,0.6525366602279243
2023-04-28 20:00:00,0.9399697680957616,0.80399259542877,0.8587554753199219,0.6765426653623579
2023-04-28 21:00:00,0.9362412506900725,0.717844104617834,0.8181772385165096,0.6498728151433171
2023-04-28 22:00:00,0.8229178118146956,0.444169037938118,0.6690599506534635,0.4961405058950186
2023-04-28 23:00:00,0.9910181894898414,0.16360420614480967,0.8149249635636804,0.6186260015517473
2023-04-29 00:00:00,0.9993997025117278,0.12232092661613764,0.9496941897086799,0.7684413747861981
2023-04-29 01:00:00,0.9990894016623497,0.07694453835826026,0.9887293968908488,0.8722491074912249
2023-04-29 02:00:00,0.9987829272076487,0.032486144118011,0.9952670114673674,0.8785503547638653
2023-04-29 03:00:00,0.9977894439175725,0.009895578805695884,0.9907876508682966,0.8306488266400992
2023-04-29 04:00:00,0.9942290815897286,0.009388321465389295,0.9812979097664355,0.760753229483962
2023-04-29 05:00:00,0.9501712079532443,0.028220856487751002,0.9161146413907406,0.5703265040926636
2023-04-29 06:00:00,0.9365895066969095,0.06490809920836577,0.8748553761467337,0.49793122594244776
2023-04-29 07:00:00,0.9062213387526571,0.14837951969016683,0.8404746965691448,0.4582644255924969
2023-04-29 08:00:00,0.6433686280064284,0.20717555183578618,0.6107105604559182,0.3362225898727774
2023-04-29 09:00:00,0.47764501258730885,0.24788475854152983,0.4909620388038456,0.3854692249186337
2023-04-29 10:00:00,0.3869767881184816,0.2564516691795804,0.47617584692314263,0.5000575530529021
2023-04-29 11:00:00,0.3605470190942288,0.2000954199751669,0.47835394417867055,0.5264196703769265
2023-04-29 12:00:00,0.3007279361411929,0.13427911104803736,0.4538084349408745,0.5066115439869462
2023-04-29 13:00:00,0.2239882560819387,0.06863752968947995,0.36521374391391875,0.408607912082225
2023-04-29 14:00:00,0.18124672611244022,0.03413877391002395,0.26221832620911295,0.29359936889261007
2023-04-29 15:00:00,0.16656223167665302,0.04753795691511848,0.19771641028113662,0.21253038043156258
2023-04-29 16:00:00,0.1649913075007498,0.06971932764757763,0.17093931078910826,0.1799392334744334
2023-04-29 17:00:00,0.16537089620716866,0.04819359266961162,0.11956458124332128,0.12008789701387289
2023-04-29 18:00:00,0.17483122224919495,0.03850390039045703,0.11898283253423868,0.06778150048106908
2023-04-29 19:00:00,0.1700902991648763,0.026273318911817944,0.12171500515658408,0.04333702942356467
2023-04-29 20:00:00,0.12176293741911647,0.009322853813117201,0.09329819059930743,0.043711238298565144
2023-04-29 21:00:00,0.06958229534327984,0.0005281145938418126,0.05823415799066425,0.05826684583909809
2023-04-29 22:00:00,0.015798669746145605,0.0008903524144129319,0.012304599764756858,0.01740729188080877
2023-04-29 23:00:00,0.03207704550586642,0.01006551032377915,0.020725152292288843,0.020909761255607014
2023-04-30 00:00:00,0.05674859745427967,0.03930727902461181,0.032671261844225225,0.029443582496605808
2023-04-30 01:00:00,0.08475511557422577,0.08385402202267538,0.04891667190939188,0.0497290487214923
2023-04-30 02:00:00,0.10263033735565841,0.1153480438312346,0.06281463335268199,0.07929587345570326
2023-04-30 03:00:00,0.11088110323064028,0.12244073282588608,0.07519671015441418,0.11111780124716458
2023-04-30 04:00:00,0.12718918581493197,0.10888967633247376,0.09458839683793484,0.15368776746094226
2023-04-30 05:00:00,0.14388535293750462,0.36559757186946534,0.11680158630013462,0.20675076705403622
2023-04-30 06:00:00,0.16664986987598235,0.49461808465421186,0.13612565997987983,0.22041127871721977
2023-04-30 07:00:00,0.24663164574652907,0.6734338943321595,0.21278249784372744,0.29466254446655504
2023-04-30 08:00:00,0.4159272716380655,0.7666215909204699,0.3863884138129652,0.4501422295719385
2023-04-30 09:00:00,0.7654022220522165,0.7588902119750326,0.7299122349917888,0.80187593344599
2023-04-30 10:00:00,0.9654028297029436,0.7070094951513138,0.9315625880472361,0.9481724122725428
2023-04-30 11:00:00,0.9922058525308965,0.6540005165270784,0.9751616848818957,0.9677752650715411
2023-04-30 12:00:00,0.9952571401000022,0.5986572042480112,0.9854239061474799,0.9706493657268583
2023-04-30 13:00:00,0.9978930719569326,0.5502823237363587,0.9908200269937515,0.9758558058552443
2023-04-30 14:00:00,0.9991462390124798,0.4879419889436527,0.9940498365834356,0.9793502135016025
2023-04-30 15:00:00,0.9981783739477397,0.4310374954207377,0.9920704315975308,0.9759989730082452
2023-04-30 16:00:00,0.9958841159567238,0.37648003090511656,0.9890694204717873,0.9700220451690256
2023-04-30 17:00:00,0.9984048037976027,0.38175686318765983,0.9945145877450704,0.9779995020851492
2023-04-30 18:00:00,0.994055969454348,0.36546380296349523,0.9806829394958911,0.9431842966750265
2023-04-30 19:00:00,0.9878820887766779,0.3508892783048478,0.9439787244051694,0.877022664938122
2023-04-30 20:00:00,0.9669954510591924,0.3323874453455209,0.8826032624579966,0.7895888320729135
2023-04-30 21:00:00,0.9050553778931498,0.2574321716989983,0.7549902622774242,0.658876976985484
2023-04-30 22:00:00,0.6582999090477821,0.11022936341098764,0.4879324136674404,0.42126028489321465
2023-04-30 23:00:00,0.5887627686560154,0.06704884136603638,0.4343211155757307,0.404574046190828
2023-05-01 00:00:00,0.5813375873491168,0.057628150616179805,0.4456416479870676,0.43213824579492205
2023-05-01 01:00:00,0.6930053503438829,0.06704214819114315,0.5573845277167857,0.5429524995014071
2023-05-01 02:00:00,0.8075453896448016,0.08506554277444427,0.6914363743923602,0.6936089399270711
2023-05-01 03:00:00,0.8657713186554609,0.11219143095002933,0.7803098886087536,0.8108512582257389
2023-05-01 04:00:00,0.9039118252508341,0.14788059370761564,0.8344656175747512,0.8540995932929216
2023-05-01 05:00:00,0.9392489411495626,0.38076243251562114,0.8830085157230496,0.8852725841663777
2023-05-01 06:00:00,0.9403692336566747,0.46695195733823547,0.8709936707653104,0.8504990101605652
2023-05-01 07:00:00,0.970032520480454,0.6261443940482354,0.9210029054433108,0.8628803025186059
2023-05-01 08:00:00,0.9707369631156326,0.7811962128362873,0.95695178758353,0.9045995680242775
2023-05-01 09:00:00,0.9964786035567522,0.8336038982190868,0.996130823418498,0.9841607114113867
2023-05-01 10:00:00,1.0,0.8162675999917767,1.0,0.9995658124983312
2023-05-01 11:00:00,1.0,0.7805818019671872,1.0,0.9998395840078592
2023-05-01 12:00:00,1.0,0.7461337266185066,0.9999337714537978,0.9941847217455507
2023-05-01 13:00:00,1.0,0.7087670589780264,0.996132243629545,0.9667156605608762
2023-05-01 14:00:00,1.0,0.6653239411725239,0.9817403041943906,0.9187695590779186
2023-05-01 15:00:00,0.9997485256940126,0.5927071661163459,0.9574140590988097,0.8600225772894918
2023-05-01 16:00:00,0.9981524232402443,0.5214745445041493,0.9424528964050113,0.8347790453396738
2023-05-01 17:00:00,0.9962815119326114,0.4340691837770017,0.9380866616033018,0.7880056288838384
2023-05-01 18:00:00,0.9858426922187209,0.3911526164988226,0.9109318983554839,0.7325181262008843
2023-05-01 19:00:00,0.9618149501271546,0.39731435367668216,0.8796514462120832,0.692562714628875
2023-05-01 20:00:00,0.9148231882415713,0.39464214274829074,0.8090615293569864,0.6389393961057066
2023-05-01 21:00:00,0.7715660670399663,0.33349270703440365,0.6119255102984607,0.46308233968913554
2023-05-01 22:00:00,0.5309387032687664,0.18993020610037178,0.36697598528116937,0.25519332056865096
2023-05-01 23:00:00,0.48427610445767644,0.1352364606613462,0.32914059983566396,0.24547503839246929
2023-05-02 00:00:00,0.47828762229532,0.13584694954820653,0.3416290897876023,0.26073550555855035
2023-05-02 01:00:00,0.5489946312271057,0.1916995939883319,0.41537815697491165,0.315870934203267
2023-05-02 02:00:00,0.6722487848065791,0.2706039539724588,0.538876307103783,0.40861847978085275
2023-05-02 03:00:00,0.7579608108475804,0.3619303362206978,0.6385852795280514,0.49674281224608413
2023-05-02 04:00:00,0.7627642808854579,0.4692503752220761,0.6729580602422355,0.5484362268261611
2023-05-02 05:00:00,0.8231682966463267,0.746383242566477,0.7330092901922762,0.6137473266012965
2023-05-02 06:00:00,0.7727241409942505,0.8344940042089332,0.6992355129495261,0.5796944609656929
2023-05-02 07:00:00,0.7951123135536908,0.7893409677933559,0.7507659779302776,0.5951620236597953
2023-05-02 08:00:00,0.8348999930918216,0.7670381426540286,0.8082633454725147,0.6237366638891398
2023-05-02 09:00:00,0.9601782740466295,0.738828447379849,0.9325783516839147,0.8322487398795783
2023-05-02 10:00:00,0.9948561324179173,0.7116192683035676,0.9853968269005418,0.9580744861625136
2023-05-02 11:00:00,0.9984693927317857,0.6440830332853577,0.9872166271507739,0.9589470351859926
2023-05-02 12:00:00,0.9949587098136543,0.5628987169943072,0.9746459626033901,0.9079983971826731
2023-05-02 13:00:00,0.9812510019354521,0.4772962535816159,0.9313620720617473,0.8096480177529156
2023-05-02 14:00:00,0.9515451778843997,0.37886743977665893,0.8660712806507944,0.7063696086592971
2023-05-02 15:00:00,0.9081499706581234,0.28324872789735145,0.7829592335224151,0.5999085820652543
2023-05-02 16:00:00,0.8502083368785678,0.22336112769151278,0.6762539161741732,0.4843134893849492
2023-05-02 17:00:00,0.5972928953915834,0.09850456893782723,0.4602484389208257,0.27619516066275535
2023-05-02 18:00:00,0.5662069252692163,0.06686888036741451,0.39345278030261394,0.22636110027320677
2023-05-02 19:00:00,0.5201851861178874,0.05546102854338559,0.31529685839079313,0.16847470277920362
2023-05-02 20:00:00,0.44715838238596906,0.0356905017860911,0.26677464273758233,0.15287941229529678
2023-05-02 21:00:00,0.30790493575856087,0.012758904228156261,0.1807719411794096,0.1224235456995666
2023-05-02 22:00:00,0.09644084647297857,0.00931140896948901,0.048032621424645185,0.02631595823913812
2023-05-02 23:00:00,0.048428722722455866,0.0077141271362250515,0.03146829430945218,0.018974316343665122
2023-05-03 00:00:00,0.014093994977883995,0.023775509358807043,0.016956540723331276,0.008789390404708684
2023-05-03 01:00:00,0.0009037618665024639,0.036389801343056284,0.003501496221870184,0.0014408082980662585
2023-05-03 02:00:00,0.0,0.042419743896885354,0.0001823672372847795,3.082259092479944e-05
2023-05-03 03:00:00,0.0,0.051659958267753776,0.0,0.0
2023-05-03 04:00:00,0.0,0.06740381282838909,0.0,9.541618637740611e-06
2023-05-03 05:00:00,0.00044245503842830656,0.12424459148537027,0.0,0.00013582612853497265
2023-05-03 06:00:00,0.010164140365086496,0.2118743303282694,0.00015795256476849317,0.0016593677503988148
2023-05-03 07:00:00,0.037199183502234515,0.23339557519013224,0.0019483296666294337,0.004667030666023493
2023-05-03 08:00:00,0.10313686290290205,0.20171015146103774,0.016619287803769114,0.014395263814367351
2023-05-03 09:00:00,0.31386214751750224,0.18529094138606028,0.08731518788263201,0.06875316743738949
2023-05-03 10:00:00,0.6345726693049073,0.13753875876692204,0.22037460101768375,0.13016105723567303
2023-05-03 11:00:00,0.7942169466428458,0.06875988761471077,0.3099134299624711,0.1587350369337946
2023-05-03 12:00:00,0.8047792577557265,0.03094767251475291,0.30466842034831637,0.15395310427993542
2023-05-03 13:00:00,0.8275181877613068,0.0174059920758009,0.2895170918060467,0.12894721616990862
2023-05-03 14:00:00,0.8708649560622871,0.018127402592111718,0.3242269864398986,0.12905632898677136
2023-05-03 15:00:00,0.9033481178618966,0.01394713168455796,0.4209252772573382,0.1416127651464194
2023-05-03 16:00:00,0.9137081859447062,0.0074752565473318105,0.5685956482868642,0.19399634364061052
2023-05-03 17:00:00,0.9162655106931926,0.01440305780958046,0.6843202928872779,0.31472820091526954
2023-05-03 18:00:00,0.8390570851787924,0.008948362175036563,0.6581135199405252,0.38619499726220957
2023-05-03 19:00:00,0.7258237159252164,0.001880636855282567,0.6204719483852384,0.43649161666631703
2023-05-03 20:00:00,0.630129003189504,0.0007740402458743616,0.5600780864432454,0.4631502989679575
2023-05-03 21:00:00,0.39683983026072384,0.005980254882438618,0.3216271168924868,0.2822223503515124
2023-05-03 22:00:00,0.21686479117721316,0.016017631187357693,0.12454117667861282,0.07964544326066968
2023-05-03 23:00:00,0.16800771903246642,0.0040317102690989315,0.08288763656280934,0.05485769863240422
2023-05-04 00:00:00,0.15630622658878565,0.017215664931996305,0.08023182618431747,0.06120525179430842
2023-05-04 01:00:00,0.15773931842297315,0.042518714486875324,0.09523610618896783,0.07911299525760113
2023-05-04 02:00:00,0.16690351556055244,0.04409257918934931,0.11382975845597681,0.10883780725300311
2023-05-04 03:00:00,0.22005210105329748,0.03300641652196647,0.1421514781937003,0.15368295110762117
2023-05-04 04:00:00,0.27916199333965774,0.02083253365010023,0.17317553561180832,0.18932522866874935
2023-05-04 05:00:00,0.4555452718585731,0.0474531764029102,0.26950442854315043,0.31895978077314796
2023-05-04 06:00:00,0.385554243568331,0.07447736349972811,0.22015474386513226,0.24613385419361292
2023-05-04 07:00:00,0.32755933823063965,0.13259019944139502,0.2259999116230756,0.22250387193635104
2023-05-04 08:00:00,0.2949447856284677,0.1607722726904533,0.23706803926266723,0.2183328679297119
2023-05-04 09:00:00,0.4733469538390637,0.2170211220092394,0.41664507837966086,0.3018688425607978
2023-05-04 10:00:00,0.7902636811137198,0.24816249165006654,0.7426623102650046,0.4568141352385282
2023-05-04 11:00:00,0.9668838598579168,0.26349421223456204,0.894687882643193,0.5789284909889102
2023-05-04 12:00:00,0.9961562155559659,0.2465575464171442,0.9246980561502277,0.6698940453864635
2023-05-04 13:00:00,0.9977625717595219,0.21851299769837748,0.925444770399481,0.6840007091499863
2023-05-04 14:00:00,0.9790831010602413,0.20415762321854175,0.9066527823917566,0.6265219118632376
2023-05-04 15:00:00,0.9014742940850555,0.1786827828768979,0.8401599127054213,0.5412185726873576
2023-05-04 16:00:00,0.7996347911842168,0.14865808981047432,0.7675894158892334,0.49911790871992695
2023-05-04 17:00:00,0.7564754809439181,0.10486066776243125,0.7249109215103089,0.5060488441959023
2023-05-04 18:00:00,0.7412223703972992,0.08359600247984585,0.6662508545070885,0.48142944699153306
2023-05-04 19:00:00,0.7120092212781307,0.06597953888841648,0.6153690925799309,0.42412356041371824
2023-05-04 20:00:00,0.6568614551611243,0.049111998142166595,0.5746008807420729,0.39609391262754795
2023-05-04 21:00:00,0.47192284017801284,0.029086705175313077,0.42594532217830405,0.30289924181997785
2023-05-04 22:00:00,0.23701023720204828,0.01599745255640962,0.19611237799748776,0.13472702546976503
2023-05-04 23:00:00,0.24048819109797473,0.006132453737611121,0.20333299115300174,0.14953727526590224
2023-05-05 00:00:00,0.27790897369384765,0.029965401698242543,0.25841823805123565,0.19333388470113277
2023-05-05 01:00:00,0.41111288979649546,0.1353437174314802,0.42474079072475435,0.3050523977912962
2023-05-05 02:00:00,0.7164028608612715,0.31840759353204195,0.693955710697919,0.5132020472362637
2023-05-05 03:00:00,0.739093930851668,0.5140623266182162,0.7348569607548414,0.6421605960465965
2023-05-05 04:00:00,0.7578098388388752,0.6599382672120221,0.7739228500239551,0.6919353826530276
2023-05-05 05:00:00,0.8241722612082957,0.7445652093535117,0.8651716773584485,0.8336432051844895
2023-05-05 06:00:00,0.8708279999345541,0.870799550197341,0.9397662968933582,0.9576738576218485
2023-05-05 07:00:00,0.9618045091442763,0.804499627595598,0.9835629107803107,0.9946542625501752
2023-05-05 08:00:00,0.981080279033631,0.733328032967719,0.9893299238756299,0.9952725976705551
2023-05-05 09:00:00,0.9927637993916869,0.7982568152926184,0.9942188182473182,0.9981323470175266
2023-05-05 10:00:00,0.9978101395070553,0.8247064866125583,0.9973595235869288,0.9998683351650834
2023-05-05 11:00:00,0.9998133825138211,0.7494755942577664,0.9992422617599368,1.0
2023-05-05 12:00:00,1.0,0.6461774869534103,0.9998930319398641,0.999734242260456
2023-05-05 13:00:00,1.0,0.585185295133428,1.0,0.9982285236567259
2023-05-05 14:00:00,1.0,0.5159448414228178,1.0,0.9973979832231998
2023-05-05 15:00:00,0.9985979018360377,0.4193632062118162,0.9969471640139819,0.9941009468398989
2023-05-05 16:00:00,0.9917188288643956,0.3398620018972592,0.990791282672435,0.9863231348246336
2023-05-05 17:00:00,0.9967684862017632,0.5080435870994221,0.9978852576762437,0.9950702068768442
2023-05-05 18:00:00,0.9909330443292856,0.40022154267538673,0.9923239482939245,0.9844084319286048
2023-05-05 19:00:00,0.9854353473335503,0.2933556055480783,0.987769960388541,0.9741655056364834
2023-05-05 20:00:00,0.9626873058266937,0.25066049060022294,0.9686991945840416,0.9551338380947708
2023-05-05 21:00:00,0.8098257102444767,0.1945875164798715,0.8356424431875348,0.8622630298696456
2023-05-05 22:00:00,0.7054350705258546,0.07896317318081855,0.7612203446589411,0.7545655171014367
2023-05-05 23:00:00,0.7442789392173289,0.1039775339751081,0.8071422244235872,0.7542667531408369
2023-05-06 00:00:00,0.9223024922050534,0.12046075262806633,0.9341014656051992,0.8735932124592363
2023-05-06 01:00:00,0.9777837645076214,0.14480068469589405,0.9834610669128596,0.9777712562121449
2023-05-06 02:00:00,0.9778967760317027,0.21035922771827736,0.9797972706332803,0.9795871283672749
2023-05-06 03:00:00,0.9863820874318481,0.31555222637274044,0.9834427215345204,0.9736758385598658
2023-05-06 04:00:00,0.996512986011803,0.4705339375002817,0.9905660163238645,0.9776553142629563
2023-05-06 05:00:00,1.0,0.8607859959250145,1.0,0.9999252903088927
2023-05-06 06:00:00,1.0,0.8391596780717372,1.0,1.0
2023-05-06 07:00:00,1.0,0.7379503337497062,1.0,1.0
2023-05-06 08:00:00,1.0,0.6318641599199988,1.0,1.0
2023-05-06 09:00:00,0.9997481666132808,0.5964581997828049,0.9973309358209371,0.9988736720383167
2023-05-06 10:00:00,0.9994409056007862,0.6385028390586376,0.998399068005383,0.9994715946540237
2023-05-06 11:00:00,1.0,0.7437102166292342,1.0,1.0
2023-05-06 12:00:00,1.0,0.7912249044667591,1.0,1.0
2023-05-06 13:00:00,1.0,0.7641048264368012,1.0,1.0
2023-05-06 14:00:00,1.0,0.6706611496481028,1.0,1.0
2023-05-06 15:00:00,1.0,0.5976925500042058,1.0,0.9998432337120176
2023-05-06 16:00:00,1.0,0.5618154496225443,1.0,0.9993464046716689
2023-05-06 17:00:00,1.0,0.4699221605875275,1.0,0.999328066855669
2023-05-06 18:00:00,0.9989400050789118,0.39711849711158054,0.9994259040057659,0.9966193309053778
2023-05-06 19:00:00,0.9980828888714313,0.42457115109671234,0.9989318640157581,0.9943131358548999
2023-05-06 20:00:00,0.9951234993711116,0.4889728573235596,0.9968711528927088,0.9867287029325962
2023-05-06 21:00:00,0.9716777070984245,0.41616209650581537,0.9816678437031805,0.9411825895123183
2023-05-06 22:00:00,0.9777134402468801,0.33975130335851145,0.9828034244477748,0.9651861044205725
2023-05-06 23:00:00,0.9825693578831852,0.4390185037255287,0.9868424590490756,0.9601350289955735
2023-05-07 00:00:00,1.0,0.4813052675263449,1.0,0.9841252145357431
2023-05-07 01:00:00,1.0,0.5252081974528052,1.0,0.999208468273282
2023-05-07 02:00:00,1.0,0.55511533933607,0.999365361854434,0.9943435104563831
2023-05-07 03:00:00,0.9972595167532563,0.5228303905373269,0.9902923911064863,0.977806334476918
2023-05-07 04:00:00,0.986919686384499,0.45967511733824556,0.9854747436195611,0.9745718741230667
2023-05-07 05:00:00,0.9989939260855317,0.28656271318143056,0.9995854403451085,0.9966151416301726
2023-05-07 06:00:00,0.9999690601602197,0.19066242778165773,1.0,0.9934727577492595
2023-05-07 07:00:00,0.9989667176455259,0.17704520926556805,0.9950580763816833,0.9731289349496365
2023-05-07 08:00:00,0.9873069084063171,0.17752465405924753,0.9570678515732289,0.8825185106694697
2023-05-07 09:00:00,0.8763272878713904,0.1615683476999402,0.8302608058974146,0.7610991669259964
2023-05-07 10:00:00,0.7660955142416058,0.18453953563489697,0.7224370064027605,0.6737044402956959
2023-05-07 11:00:00,0.7004534596018492,0.2003581837700172,0.6873408342711625,0.5855263062007725
2023-05-07 12:00:00,0.6713333122804759,0.20237221306020564,0.7169956947490571,0.5917241480760277
2023-05-07 13:00:00,0.6927797959558665,0.1976292405345223,0.7802266356535255,0.6690728938952087
2023-05-07 14:00:00,0.7575525969639418,0.17811883683909066,0.844643056243658,0.7562278098240494
2023-05-07 15:00:00,0.8133719645626841,0.16492452312599523,0.892649013120681,0.8252747327461837
2023-05-07 16:00:00,0.8605628608167171,0.14859208718619563,0.9298622676543892,0.8799186047911642
2023-05-07 17:00:00,0.8297689433395861,0.14262000312859358,0.8805335290171206,0.7302420645952223
2023-05-07 18:00:00,0.8169628499634563,0.11171855280345132,0.8565165533311665,0.6650893233716486
2023-05-07 19:00:00,0.8220863958261907,0.09093464352190495,0.803132777661085,0.5913699554279446
2023-05-07 20:00:00,0.8755288450047372,0.08092186532575975,0.7642128783464431,0.49153605001047257
2023-05-07 21:00:00,0.8718352394364772,0.06226784391498022,0.7795147407613694,0.4709869118034839
2023-05-07 22:00:00,0.9243793679028749,0.022977155555378305,0.8937317494675517,0.49750149729661647
2023-05-07 23:00:00,0.9767679260857403,0.009850001619620756,0.8649124431237578,0.39750114527996633
2023-05-08 00:00:00,0.9851812255196273,0.013078059323809364,0.8171081983204931,0.3151410160632804
2023-05-08 01:00:00,0.970583469402045,0.015079609934579243,0.7846839691698551,0.2877842458337545
2023-05-08 02:00:00,0.9399003798328339,0.017634402100335466,0.7273631515726448,0.2519814021326602
2023-05-08 03:00:00,0.85397539595142,0.011672176305543293,0.6746472029387951,0.24518398089334364
2023-05-08 04:00:00,0.796531788241118,0.012861995707181363,0.6817438470944761,0.2719406824372708
2023-05-08 05:00:00,0.9160816939547656,0.05072621024467727,0.8017345436848702,0.386265119574964
2023-05-08 06:00:00,0.9661172764375804,0.0670332411642779,0.787238887604326,0.3701727645844221
2023-05-08 07:00:00,0.9703352096490561,0.10583052685992284,0.798527023810893,0.41018217952921976
2023-05-08 08:00:00,0.9735932989418505,0.08386171033436601,0.8535111241787672,0.5686385899037122
2023-05-08 09:00:00,0.9786685036681593,0.03784828256477009,0.8947117318026719,0.6086977274157107
2023-05-08 10:00:00,0.9609313234873116,0.03549570250917565,0.8778835637681184,0.5759227329492569
2023-05-08 11:00:00,0.9091297814436257,0.0822162198580124,0.8427399720437824,0.5446584068425
2023-05-08 12:00:00,0.8762096826918424,0.19312457548623732,0.8313111614249645,0.5790195493027568
2023-05-08 13:00:00,0.8626653767004608,0.2784923513775521,0.7874211216531694,0.605850266497582
2023-05-08 14:00:00,0.830387212447822,0.32511189746585767,0.7383907685987651,0.5712941128574311
2023-05-08 15:00:00,0.7370299043878912,0.4076463739573955,0.6619742584787307,0.46655801912769673
2023-05-08 16:00:00,0.6931916421651838,0.5347399406406009,0.6015574231557548,0.3792229147255421
2023-05-08 17:00:00,0.6456989703141152,0.3506420758163387,0.5713094961456954,0.3631921867094933
2023-05-08 18:00:00,0.5663605465181172,0.3088196142017841,0.48032215708866705,0.28932162281125784
2023-05-08 19:00:00,0.485622220877558,0.3822833446345546,0.4582875033840536,0.25068151321262117
2023-05-08 20:00:00,0.4447615766897798,0.4558325342292134,0.4453124846704304,0.22818170228973023
2023-05-08 21:00:00,0.2747958959080279,0.3462242629040371,0.2751244723889976,0.12825781102292239
2023-05-08 22:00:00,0.23171290382742882,0.16754632123491978,0.18208797719329595,0.07241204794030634
2023-05-08 23:00:00,0.20596921041607855,0.16264472261748533,0.1485828472673893,0.05895707011688501
2023-05-09 00:00:00,0.21507824248634277,0.0784899373047731,0.15643360356800257,0.06068834114354103
2023-05-09 01:00:00,0.25171078937128183,0.0338216846537861,0.19706915907561776,0.09563135012052952
2023-05-09 02:00:00,0.23651406729593874,0.028371961875395337,0.18723835425451396,0.11002242557704447
2023-05-09 03:00:00,0.19063603481277822,0.03532147805799137,0.15266160304658113,0.10904443468898534
2023-05-09 04:00:00,0.17937348527833819,0.04542329281229865,0.13163183635100723,0.10532460488379
2023-05-09 05:00:00,0.11334236576221882,0.14856231524863026,0.08543496619910002,0.08422863071784377
2023-05-09 06:00:00,0.14648869228549297,0.11951553568921304,0.08497806101106106,0.06450768335256725
2023-05-09 07:00:00,0.09299803220666944,0.07848289699717001,0.07282930253539234,0.0677251296630129
2023-05-09 08:00:00,0.03488534718751908,0.05629267421974377,0.03887531388085336,0.09460512810386718
2023-05-09 09:00:00,0.06219617449678481,0.04410349742594089,0.059882735246792426,0.0853202196769416
2023-05-09 10:00:00,0.17213768643327057,0.05431379231200975,0.16268508554436265,0.17482959252782165
2023-05-09 11:00:00,0.198103831410408,0.08378186839886687,0.21244969458319246,0.2360385468229651
2023-05-09 12:00:00,0.2215372814424336,0.11552376836538314,0.2601274225115776,0.2699992977082729
2023-05-09 13:00:00,0.2735535894706845,0.11635299542749472,0.31533016555011273,0.2904390324093401
2023-05-09 14:00:00,0.2996686912886798,0.1272366280989213,0.30876831544563177,0.24736925557255743
2023-05-09 15:00:00,0.27231427572667594,0.1588576086881486,0.24168296726420518,0.16406270710751414
2023-05-09 16:00:00,0.23502847284078596,0.1667652954533696,0.1585367635544389,0.0701671907864511
2023-05-09 17:00:00,0.21650418692268425,0.16170325013385578,0.13410586111247536,0.0377314351592213
2023-05-09 18:00:00,0.09255582458805292,0.09801917383277957,0.07173203503247351,0.017686934615485365
2023-05-09 19:00:00,0.019931018855422734,0.06290429135276515,0.02578867777250707,0.020886738314293322
2023-05-09 20:00:00,0.004275460639037192,0.05411417042328554,0.010630472167395055,0.019808635506778954
2023-05-09 21:00:00,0.0018409101245924827,0.030019521733576603,0.004297925373539329,0.00558915477246046
2023-05-09 22:00:00,0.0018278241902589798,0.004022478410466151,0.002324011023156345,0.0005781415756791829
2023-05-09 23:00:00,0.004612336498685181,0.0013569970598275012,0.0041988381696864965,0.001327939098700881
2023-05-10 00:00:00,0.025582659868523476,5.69591535763307e-05,0.014842046480625868,0.0037889500195160512
2023-05-10 01:00:00,0.042569668274372814,0.0,0.015816053324379024,0.003589279903098941
2023-05-10 02:00:00,0.02573323822580278,0.0,0.009564475980587303,0.00201166161801666
2023-05-10 03:00:00,0.009424574025906622,5.5213194679130206e-05,0.004541324176825582,0.0016616669436916708
2023-05-10 04:00:00,0.001540130604989827,6.413156674666838e-05,0.0020465029077604414,0.0006302167940884828
2023-05-10 05:00:00,0.0,0.0007584514875303615,0.0010157412337139249,0.0012677641911432148
2023-05-10 06:00:00,0.002563404478132725,0.0007328190248120914,0.007080800281837582,0.02046116296201944
2023-05-10 07:00:00,0.009355643219314516,0.004748389131643556,0.013101141732186081,0.03269036123063415
2023-05-10 08:00:00,0.04523903268389404,0.000732005282559178,0.07344761529006064,0.06656986090820283
2023-05-10 09:00:00,0.12036820929963139,0.010753022994507443,0.11077166013885288,0.09183371015824376
2023-05-10 10:00:00,0.09548963983077555,0.0326958869736303,0.050994381224736575,0.031259263502433896
2023-05-10 11:00:00,0.014533379934728145,0.06112967091527852,0.011164579573087396,0.05063389484770595
2023-05-10 12:00:00,0.004804174965247511,0.06309379450299522,0.019455482694320382,0.08378891075961291
2023-05-10 13:00:00,0.05862101274076848,0.028678416660563512,0.02637936866376549,0.04176243435125799
2023-05-10 14:00:00,0.1243565226625651,0.008676709569990636,0.03822675039526076,0.027024248652160167
2023-05-10 15:00:00,0.1148295412119478,0.019686109420250765,0.049809192186221485,0.026154687386006115
2023-05-10 16:00:00,0.07547406390309333,0.1194395824420181,0.04360003407113255,0.019505842756479982
2023-05-10 17:00:00,0.025020610117353497,0.1381596450473774,0.03514877412933856,0.020699861277826134
2023-05-10 18:00:00,0.0022542322240769862,0.11473001583394676,0.00474623192101717,0.01637612926773727
2023-05-10 19:00:00,0.013240542560815813,0.07970559509640389,0.0028220523009076714,0.010151561507955195
2023-05-10 20:00:00,0.06461224243510516,0.03962993402372707,0.016287203263491392,0.013493447271175683
2023-05-10 21:00:00,0.051925705596804615,0.027686918926509943,0.03071016270667315,0.011752614886499943
2023-05-10 22:00:00,0.006705027408897877,0.0023011116683483122,0.004891985654830932,0.0027181889675557615
2023-05-10 23:00:00,0.009663385492749513,0.0032555379278280516,0.0060323097556829455,0.002038987264968455
2023-05-11 00:00:00,0.0047409462975338094,0.0014964593066410586,0.0039425067929551,0.001886964640580118
2023-05-11 01:00:00,0.0021457725018262865,0.00022090706974267963,0.001890226323157549,0.0008416991261765361
2023-05-11 02:00:00,0.00042896060273051257,0.000305721258575266,0.0012728832336142658,0.0005672382982447742
2023-05-11 03:00:00,0.00019093594048172235,0.0005817730555480176,0.0004483754280954599,0.0004020918998867273
2023-05-11 04:00:00,0.00019865532405674457,0.0009611104801297187,0.00022920737508684395,0.0006073317537084222
2023-05-11 05:00:00,0.00017306167166680097,0.0073555457862940704,0.0003423497080802917,0.0001524897152557969
2023-05-11 06:00:00,0.001994358994998038,0.0025424734062769187,0.011245473911985755,0.006852077036164701
2023-05-11 07:00:00,0.0045351871103048325,0.005007502561943098,0.009094565380364657,0.031167148966342213
2023-05-11 08:00:00,0.0003869123198091984,0.0022541462257504464,0.006110156634822488,0.04294559281319379
2023-05-11 09:00:00,0.0017024829378351567,0.01129331536591053,0.01912671714089811,0.027661088644526897
2023-05-11 10:00:00,0.005632646656595171,0.02936832310462539,0.054750134707428504,0.0476249005785212
2023-05-11 11:00:00,0.005131743089295924,0.019488400315696545,0.0631868480797857,0.06415321843232959
2023-05-11 12:00:00,0.008083563204854727,0.01570383483374661,0.06530722023453564,0.09991020713001489
2023-05-11 13:00:00,0.012831913609988988,0.021596607437187974,0.07574244912713765,0.1431650693435222
2023-05-11 14:00:00,0.010297079528681934,0.01969163649800149,0.07020305016543715,0.1543074096739292
2023-05-11 15:00:00,0.00783024264499545,0.012211061113260008,0.06692373158875853,0.1344566892646253
2023-05-11 16:00:00,0.010812640143558384,0.008012941500002686,0.06549100434407591,0.11773119469173252
2023-05-11 17:00:00,0.002586497659794986,0.01858487828211351,0.020039677098393438,0.025361436679959295
2023-05-11 18:00:00,0.001028793603181839,0.009330768310888247,0.012039707768708469,0.01000322845298797
2023-05-11 19:00:00,0.0010946465050801634,0.007640935216437686,0.013170782416127623,0.007216909341514111
2023-05-11 20:00:00,0.0026270211115479464,0.007293934026225048,0.016889933082275092,0.008189617926254868
2023-05-11 21:00:00,0.004053428438492119,0.005583963695574889,0.014499971619807183,0.010443486371077596
2023-05-11 22:00:00,0.0007602153904736041,0.0010472277822819623,0.0028672654507681727,0.0025397939374670383
2023-05-11 23:00:00,0.0,9.739241478118029e-05,0.0002865379489958286,0.00014390698168426753
2023-05-12 00:00:00,0.00019867588765919207,0.0,0.0009897271497175098,0.00047804667148739096
2023-05-12 01:00:00,0.0016693946952000263,0.0,0.0029142520762979987,0.0017317929118871689
2023-05-12 02:00:00,0.002541441489011049,0.0003414686667648228,0.006548145790584384,0.004455170258879661
2023-05-12 03:00:00,0.00700356745161116,0.002137208774008534,0.020198260480538015,0.012229934870265427
2023-05-12 04:00:00,0.014860116951167585,0.004308572293005206,0.026238925606012348,0.016176925692707303
2023-05-12 05:00:00,0.008431400600820779,0.004086363633925265,0.011924399039708078,0.015416313433088363
2023-05-12 06:00:00,0.017232351317070425,0.023638645437630737,0.012857620394788681,0.005233605657704175
2023-05-12 07:00:00,0.03972009846940637,0.027440550235862074,0.01804968709591776,0.012221714868210255
2023-05-12 08:00:00,0.03711820554919541,0.02346369440921329,0.014843508023768662,0.006484762611798941
2023-05-12 09:00:00,0.007909180084243416,0.021348459849303416,0.0043635562108829615,0.014579990385100246
2023-05-12 10:00:00,0.0030050722789019347,0.046427197845822034,0.00782107531093061,0.05382548643741756
2023-05-12 11:00:00,0.005720820319838822,0.068900935084305,0.006961723160929977,0.025591081790626045
2023-05-12 12:00:00,0.008251500292681159,0.03949573082341389,0.004046839866787196,0.0034273735014721746
2023-05-12 13:00:00,0.0077822466008365156,0.02126617933200164,0.0023356600338593123,0.0006477211322635411
2023-05-12 14:00:00,0.0015546549344435333,0.008514457135037942,0.00043489448726177207,8.600405417382717e-05
2023-05-12 15:00:00,2.1062055602669715e-05,0.0022842524742538277,5.8406949974596494e-05,0.0
2023-05-12 16:00:00,0.0005959901772439478,0.0018370302631096408,0.0008249769220128655,0.00013088625855743884
2023-05-12 17:00:00,0.028265529414638873,0.010042329894548114,0.02207210811320693,0.004915793081745504
2023-05-12 18:00:00,0.05040987772401422,0.02443511277098547,0.02702937141060829,0.006349185854196548
2023-05-12 19:00:00,0.08531908797565846,0.04376889060166748,0.04794194432441145,0.012368007944896816
2023-05-12 20:00:00,0.10652100495994092,0.04464008625935424,0.0776603436563164,0.025540630295872686
2023-05-12 21:00:00,0.053247709963470696,0.018871943781321697,0.05686509267427028,0.019201089520938696
2023-05-12 22:00:00,0.005081496126949787,0.00327903423119675,0.006443902421742678,0.001016365154646337
2023-05-12 23:00:00,0.0025891559012234206,0.0032351195101033557,0.0028297358052805067,0.0003836381016299128
2023-05-13 00:00:00,0.00027736261952668426,0.006548700695010749,0.0009262571623548865,0.0002605554088950157
2023-05-13 01:00:00,6.276525557041168e-05,0.011882795498452404,0.0006690416019409895,0.000782843492925167
2023-05-13 02:00:00,0.00010375633370131254,0.019336941763758657,0.0042453758046031,0.004762126579880715
2023-05-13 03:00:00,0.0003536479081958532,0.021844670020721175,0.00650883857626468,0.007665975205600262
2023-05-13 04:00:00,0.00046175033785402766,0.019088817848400632,0.008013190049678086,0.008311776025220752
2023-05-13 05:00:00,0.0041957098338752975,0.056218414614823735,0.02031127743888646,0.013779606972821054
2023-05-13 06:00:00,0.0057463301578536624,0.07105302150276574,0.025627283784560858,0.023050967208109795
2023-05-13 07:00:00,0.01288611710537225,0.08417300054295497,0.053316139951348304,0.045446714232675725
2023-05-13 08:00:00,0.028746526576578616,0.10467181805182585,0.10012163763400166,0.06217582725454121
2023-05-13 09:00:00,0.0458601063163951,0.17546128585257306,0.17600491460412734,0.08762788226362317
2023-05-13 10:00:00,0.11735684509854762,0.2850481114197861,0.3094318946637213,0.12395604297053069
2023-05-13 11:00:00,0.29269396801479164,0.2730553034963933,0.40773990191519266,0.1924864342343062
2023-05-13 12:00:00,0.48281744137406346,0.17517849525606086,0.3972556945122778,0.2897736249305308
2023-05-13 13:00:00,0.553741167951375,0.08499426780776544,0.3502028281614184,0.3627001895383
2023-05-13 14:00:00,0.5163815483637153,0.03048836689103734,0.3068352723680436,0.3613455926999449
2023-05-13 15:00:00,0.44299396829679605,0.007497214031490412,0.27654710279777645,0.30481056975200777
2023-05-13 16:00:00,0.39898193232715123,0.004585055996748535,0.26427756456658247,0.2564288781955838
2023-05-13 17:00:00,0.46686668366193773,0.006963222683830695,0.2972177005931735,0.24383141448721285
2023-05-13 18:00:00,0.3206438826024532,0.008359136801551688,0.16984420115128157,0.12118253308348356
2023-05-13 19:00:00,0.19925730790942903,0.012393732358786193,0.09224107270129023,0.05532016957644373
2023-05-13 20:00:00,0.1481762006320059,0.017385429872030563,0.06972499680705369,0.04127596419304609
2023-05-13 21:00:00,0.08231174245476724,0.01771690343252637,0.044203395880758764,0.03223161055706441
2023-05-13 22:00:00,0.03819571145344526,0.0062207980860363365,0.014117547553032636,0.01367599538061768
2023-05-13 23:00:00,0.10099256927147507,0.03267781334167177,0.06043093535117805,0.06068647632841019
2023-05-14 00:00:00,0.1788213676959276,0.1223164033483375,0.12622847595252096,0.14387468588538466
2023-05-14 01:00:00,0.19458887510001655,0.20875002608380536,0.15417102552019057,0.17126999350264666
2023-05-14 02:00:00,0.20011161765083665,0.25052085753191594,0.16766116596758365,0.1863866123370826
2023-05-14 03:00:00,0.20098249061033124,0.298334668698636,0.1728345874790102,0.193438344085589
2023-05-14 04:00:00,0.2224569208733737,0.3558031815154985,0.18413476542569696,0.21327414786443108
2023-05-14 05:00:00,0.3197589958272874,0.32211678705432195,0.27235706200823184,0.30218602742999784
2023-05-14 06:00:00,0.3058492221683264,0.40972151572054083,0.2601280787587165,0.2924857899732887
2023-05-14 07:00:00,0.33563396338373414,0.4913012447275898,0.2845716613903641,0.31099898873828347
2023-05-14 08:00:00,0.41192996365949514,0.5386525018242271,0.330226786956191,0.3415327704511582
2023-05-14 09:00:00,0.4874327260442078,0.5610771171477705,0.3403410375956446,0.3428064187057316
2023-05-14 10:00:00,0.7037041622027751,0.574228954735127,0.44870002110488705,0.4428718987852335
2023-05-14 11:00:00,0.7992388530820608,0.5890437350218947,0.524045735448599,0.5269799513928591
2023-05-14 12:00:00,0.8161438855342567,0.5465614043718033,0.5412711361050605,0.5619684590213
2023-05-14 13:00:00,0.7953537392616269,0.4534579080817373,0.5116865436919033,0.5330702658090739
2023-05-14 14:00:00,0.7987837514653799,0.35560357197441833,0.5269845352228731,0.5287915582675485
2023-05-14 15:00:00,0.8021428224071858,0.23072695870291104,0.5090321440994738,0.45900661671534176
2023-05-14 16:00:00,0.7672055236808955,0.1521103926138444,0.42429879585281016,0.34138363739475597
2023-05-14 17:00:00,0.5643838441185652,0.1421899419379505,0.27220404235646123,0.24061113972216847
2023-05-14 18:00:00,0.3908989392407237,0.0681221038780429,0.18415831929072737,0.18207087127026175
2023-05-14 19:00:00,0.23056257683783762,0.02292594247920947,0.09079659146256744,0.11293049258179963
2023-05-14 20:00:00,0.13059431615285574,0.03118814841590144,0.04000571633223444,0.059081836855039
2023-05-14 21:00:00,0.07350126410834493,0.03387476850301028,0.02160995192360133,0.028361074216663836
2023-05-14 22:00:00,0.03399742507375777,0.05961766438050702,0.011576810884289442,0.016517879706807438
2023-05-14 23:00:00,0.062490489492192866,0.3045592880316756,0.03258793970104307,0.04922755364794284
2023-05-15 00:00:00,0.22328338640742001,0.5033992652324112,0.14001774294301864,0.16183136117644606
2023-05-15 01:00:00,0.30112032130360605,0.5823527441918848,0.22010064059868453,0.2541578243207186
2023-05-15 02:00:00,0.29606129704043266,0.6754067767885598,0.24917114971205587,0.28982946596108383
2023-05-15 03:00:00,0.30136853368952865,0.7466776236214421,0.2936792458035052,0.34830845039337865
2023-05-15 04:00:00,0.33979819340631356,0.7820683001794596,0.36493104932829745,0.43092300262302163
2023-05-15 05:00:00,0.5122619123011827,0.7478258604217658,0.5055246323905884,0.5893096459843218
2023-05-15 06:00:00,0.4238814936578273,0.7872034248574212,0.44803241312503805,0.6240952711738645
2023-05-15 07:00:00,0.3460152038000524,0.767072045301849,0.42394682180136434,0.61855541491881
2023-05-15 08:00:00,0.294007874187082,0.735756501352245,0.3916375908069313,0.5191229583509267
2023-05-15 09:00:00,0.2546593213640153,0.7492300271852449,0.3745221669320017,0.4363933862186968
2023-05-15 10:00:00,0.44355089088901867,0.7731657238711008,0.4728401222452522,0.5206315808370708
2023-05-15 11:00:00,0.667428177911788,0.6835633875836022,0.5547940716706217,0.6145099607482553
2023-05-15 12:00:00,0.731058799382299,0.5470927665856752,0.5653986080177129,0.5689186505414544
2023-05-15 13:00:00,0.6620970400609074,0.5088904788548295,0.5422554995119572,0.5002790827676654
2023-05-15 14:00:00,0.5513656018115579,0.4676244073022495,0.5777517082169652,0.5504203642532228
2023-05-15 15:00:00,0.4974453243613243,0.38693508023565476,0.6308863453567026,0.627168244253844
2023-05-15 16:00:00,0.576012773811817,0.3223124181953343,0.6641007246077059,0.6460590908303856
2023-05-15 17:00:00,0.7535682971775531,0.3405851800130172,0.7572394836321471,0.7546173144318162
2023-05-15 18:00:00,0.7775719985365868,0.34632465774024074,0.6959616086073217,0.6922835216484964
2023-05-15 19:00:00,0.7588464329391718,0.3443486446785656,0.6465233812294899,0.6494541476480662
2023-05-15 20:00:00,0.6836382937431336,0.29846469128335057,0.5962653109617531,0.5952880070172248
2023-05-15 21:00:00,0.49792842427268624,0.13470037730580028,0.4378424898535013,0.4113061710074543
2023-05-15 22:00:00,0.45082594202831383,0.07541544807566837,0.36266562422737475,0.3780254714936019
2023-05-15 23:00:00,0.6333520655892789,0.04831919296898624,0.5104403970204294,0.4853743222542107
2023-05-16 00:00:00,0.7535912542790172,0.03399206337942319,0.6025573617592453,0.5098141359910369
2023-05-16 01:00:00,0.6936125708930192,0.03877248432148586,0.5387758971937,0.47240097373723977
2023-05-16 02:00:00,0.6376568353734909,0.052423119680448015,0.4763655499927699,0.44304966315627103
2023-05-16 03:00:00,0.632755591329187,0.08385893908413973,0.47628051988780495,0.46352895170450203
2023-05-16 04:00:00,0.61491864182055,0.09966394369236448,0.4781614638492465,0.4807612304575741
2023-05-16 05:00:00,0.6507564329542218,0.15492471018975432,0.5257811525836587,0.5678438495099544
2023-05-16 06:00:00,0.5599549202807248,0.09916336809030986,0.4274157841317355,0.45896692642942066
2023-05-16 07:00:00,0.5121986915916203,0.1091412649235942,0.36329244805499916,0.3810167490504681
2023-05-16 08:00:00,0.42443312749266615,0.1385459951954809,0.2980944533459843,0.32994121162220835
2023-05-16 09:00:00,0.4109321077913045,0.28423013254322793,0.3513820642605423,0.39182590488344426
2023-05-16 10:00:00,0.6015829550102352,0.5564317624541844,0.5671205779537557,0.5852823225967586
2023-05-16 11:00:00,0.7253356647677717,0.6936382800747045,0.6964570485614238,0.6893230169266461
2023-05-16 12:00:00,0.725022337771952,0.7205731259015471,0.70956064324826,0.6846549718268214
2023-05-16 13:00:00,0.7052209902368484,0.704068153934045,0.6643809641897678,0.5813480653986334
2023-05-16 14:00:00,0.614438181761652,0.8108851558376441,0.606485212165862,0.5154858213849363
2023-05-16 15:00:00,0.5151051529310643,0.9110379765115,0.5430038258247077,0.44921699102967977
2023-05-16 16:00:00,0.45326649755239484,0.9310169851509006,0.45215036302804945,0.3589538095518947
2023-05-16 17:00:00,0.4085388009622693,0.9297052901441402,0.3592687609791755,0.2576391099579632
2023-05-16 18:00:00,0.3208473103307187,0.9490024981715461,0.2919156054966152,0.19314878466539084
2023-05-16 19:00:00,0.20470634579658503,0.9617642002349549,0.22248853366822002,0.12692091728094965
2023-05-16 20:00:00,0.12244378886185583,0.9544544410299171,0.13496072539128362,0.05982972020749002
2023-05-16 21:00:00,0.03328513886779547,0.9046290832351556,0.021892448775470256,0.010907613546587527
2023-05-16 22:00:00,0.026534101464785634,0.6924182555079459,0.011081928955391047,0.032517951419576994
2023-05-16 23:00:00,0.1942237115046009,0.6135392507097935,0.08229406940750776,0.18531882958952337
2023-05-17 00:00:00,0.5273181585874407,0.7046853552487762,0.20289687116164715,0.3557567978138104
2023-05-17 01:00:00,0.866333605274558,0.7324430731751701,0.36087894628290085,0.5401471955282614
2023-05-17 02:00:00,0.9867371015436947,0.7492251975698903,0.6284669580403714,0.718271228224039
2023-05-17 03:00:00,1.0,0.6465506595237686,0.8617394229397175,0.8215279001556337
2023-05-17 04:00:00,1.0,0.4697318531572817,0.9856933285109698,0.9283832493424414
2023-05-17 05:00:00,1.0,0.5284147910096426,1.0,1.0
2023-05-17 06:00:00,1.0,0.6875756027617236,1.0,1.0
2023-05-17 07:00:00,1.0,0.6621290832080624,1.0,0.9976741467043757
2023-05-17 08:00:00,0.9982359750568867,0.37274485768242316,0.9995368998497723,0.9842847141809763
2023-05-17 09:00:00,0.9511525701917707,0.29829772537404836,0.9460343284904955,0.8676779436878859
2023-05-17 10:00:00,0.8684472994878888,0.3965993984720923,0.882539772875607,0.7542078405246138
2023-05-17 11:00:00,0.8058314603567123,0.365583038804206,0.8679894340038298,0.7361580293625593
2023-05-17 12:00:00,0.7621104149334132,0.15412220560691575,0.8250762632116673,0.6546795232407746
2023-05-17 13:00:00,0.7583125561848282,0.08729135445573112,0.8127511933073399,0.6176570103131234
2023-05-17 14:00:00,0.6721609813533723,0.07831783783029427,0.7597283272258937,0.5888800191693007
2023-05-17 15:00:00,0.48497071469202624,0.08882632550190794,0.5700207410193979,0.44350652337074276
2023-05-17 16:00:00,0.3150463743880391,0.0734756954860958,0.34642668526619663,0.29771782970055943
2023-05-17 17:00:00,0.21759423346258694,0.1454609734768217,0.17413030562922358,0.12596468472853303
2023-05-17 18:00:00,0.30648880370892584,0.11371271631934426,0.19383626550436017,0.09649899986106902
2023-05-17 19:00:00,0.49660872792825095,0.059800284874032834,0.3054582169651984,0.10814432865940034
2023-05-17 20:00:00,0.5107056878320874,0.03279137833890589,0.3547302651312201,0.13531077718362214
2023-05-17 21:00:00,0.3220317317172885,0.010092127489095383,0.2251696234755218,0.07037132729776203
2023-05-17 22:00:00,0.5257815112359822,0.0010534996031360193,0.3575787709653377,0.11018727062735705
2023-05-17 23:00:00,0.7551170554384588,0.0006348248909820209,0.5305270020663737,0.2022913725767284
2023-05-18 00:00:00,0.8184440471604465,0.00025930897417393594,0.6034500768408179,0.269804954836145
2023-05-18 01:00:00,0.836129060909152,0.0002995200082659721,0.6399843663536012,0.35691674374043936
2023-05-18 02:00:00,0.8888368901796638,0.0002915552732619372,0.7044980307295917,0.4087689425051212
2023-05-18 03:00:00,0.9186940631642938,0.0,0.8083543632552027,0.47873652392998334
2023-05-18 04:00:00,0.9404444545879959,0.0013799649409272454,0.8359213609993457,0.528620963897556
2023-05-18 05:00:00,0.9777740525081754,0.02966520457443866,0.9184817743115127,0.7018932229094206
2023-05-18 06:00:00,0.9826417110860346,0.054328369755636555,0.938883067201823,0.7369025837630032
2023-05-18 07:00:00,0.9801158075779676,0.08010348888960751,0.9524963688664136,0.7885855367220937
2023-05-18 08:00:00,0.9544335663877426,0.08713550462980162,0.9406034408323466,0.8159194892458616
2023-05-18 09:00:00,0.8680685081891715,0.10199617479335177,0.8741396232508121,0.7195764438062904
2023-05-18 10:00:00,0.8375711753964423,0.11720575180920685,0.8593599971570074,0.7230824830755591
2023-05-18 11:00:00,0.7335743926279246,0.1079728005081415,0.787648446280509,0.793340831492096
2023-05-18 12:00:00,0.5585794380307196,0.07820111934095621,0.6103323618695139,0.687000992167741
2023-05-18 13:00:00,0.3874652099609375,0.07024210025641052,0.43348464444279666,0.4770675829425453
2023-05-18 14:00:00,0.2629566838964819,0.09184577975083479,0.31422362666577086,0.3213903670758009
2023-05-18 15:00:00,0.2003054359741509,0.12217515826225278,0.2526245054602622,0.2362856600619852
2023-05-18 16:00:00,0.17952708968892694,0.09957995462823996,0.22889398148283358,0.19631366427987812
2023-05-18 17:00:00,0.11808966410346329,0.036344338008625944,0.163818705054,0.11437648801133034
2023-05-18 18:00:00,0.10997695671394465,0.014106456227600572,0.15945179150439798,0.11785693393088877
2023-05-18 19:00:00,0.07860960972495377,0.005819183323871006,0.1370011319220066,0.11965919640846549
2023-05-18 20:00:00,0.03115897611249238,0.0027218648825179446,0.07030755651183426,0.06744019813835621
2023-05-18 21:00:00,0.018147913692519068,0.00039825404232198545,0.04325447626411915,0.031899343305267405
2023-05-18 22:00:00,0.00691818669438362,0.0015755896846001796,0.01971021072473377,0.0136104294937104
2023-05-18 23:00:00,0.0035169714083895082,0.003732781874185258,0.012063946714624765,0.009316196301952006
2023-05-19 00:00:00,0.0021486450871452687,0.010041033134541726,0.007911572470329703,0.0069465113570913685
2023-05-19 01:00:00,0.002543145483359694,0.018978894759308206,0.006124567966908217,0.0058258603513240805
2023-05-19 02:00:00,0.004204914937727153,0.01973812295970592,0.004797734585590661,0.005436051818542182
2023-05-19 03:00:00,0.006571759469807146,0.02067470602352511,0.004850102900527417,0.005765941780991852
2023-05-19 04:00:00,0.011108445981517437,0.023420986824414954,0.007123303934931755,0.0109862514026463
2023-05-19 05:00:00,0.056458547422662375,0.06143712006509303,0.04002554608974607,0.0513292139256373
2023-05-19 06:00:00,0.08355357737280428,0.05910104849121788,0.05480106107890606,0.06709709364920854
2023-05-19 07:00:00,0.10674518532119691,0.089544701366262,0.07208295381627977,0.08939293041825293
2023-05-19 08:00:00,0.14719155247323215,0.14135928793386976,0.10843027723953128,0.14730444178450855
2023-05-19 09:00:00,0.22391528107225891,0.2827718153460459,0.1757620855979621,0.23657488635741172
2023-05-19 10:00:00,0.3773755373619497,0.4560775618390603,0.3102120250277221,0.38653989847749465
2023-05-19 11:00:00,0.630634130295366,0.5119718897004017,0.5013419467210769,0.6099193129409104
2023-05-19 12:00:00,0.7961460447683929,0.5197923422130671,0.6393770629540084,0.7178343613445759
2023-05-19 13:00:00,0.866097172331065,0.4951071709766983,0.7217727326415476,0.7537562341988084
2023-05-19 14:00:00,0.8953239442966878,0.4690995157679373,0.7843334051221608,0.777115318365395
2023-05-19 15:00:00,0.928934047613293,0.4487977560609578,0.8479496588744223,0.7982900409959256
2023-05-19 16:00:00,0.9572468477860092,0.455022722039033,0.8936399097554385,0.8113458075933158
2023-05-19 17:00:00,0.9507209461554885,0.4352005719461225,0.8850573063082993,0.7734737676754592
2023-05-19 18:00:00,0.9424339728988708,0.4080242914841934,0.8766602664440871,0.7483549541980027
2023-05-19 19:00:00,0.9062078330852092,0.41593709682876406,0.8206668544746933,0.6847580538131295
2023-05-19 20:00:00,0.8572596959397196,0.45793648687275984,0.7366285701468586,0.619335451554507
2023-05-19 21:00:00,0.6200358077324926,0.44164697834036565,0.48776004152372465,0.4165259370952844
2023-05-19 22:00:00,0.5964063762128352,0.2540301411666653,0.4696205493621528,0.40015691859647634
2023-05-19 23:00:00,0.5644778279960155,0.17701655257831914,0.4652795659564434,0.34710649365559226
2023-05-20 00:00:00,0.5207661700248719,0.24925690989602692,0.46402256950736054,0.29435570735484357
2023-05-20 01:00:00,0.46135653357952844,0.3189075969701463,0.4546576625667512,0.2509097957331687
2023-05-20 02:00:00,0.3510770823992788,0.3297665001316503,0.4192105985060335,0.2165556451585144
2023-05-20 03:00:00,0.2298692052159458,0.34495884376493363,0.3615446137450636,0.1894922650931403
2023-05-20 04:00:00,0.13525528278201818,0.35496663839979603,0.27824740724638103,0.15306054432410748
2023-05-20 05:00:00,0.09380817903671412,0.29727661635388025,0.25209235000889746,0.15289666264783588
2023-05-20 06:00:00,0.04329821829218418,0.30408217770132145,0.17708309084642676,0.11749713070690632
2023-05-20 07:00:00,0.019714993750676514,0.2696418231183832,0.10925383552908895,0.07616657071746885
2023-05-20 08:00:00,0.04757601090706885,0.1926948046074672,0.05531432072632016,0.03433123874478042
2023-05-20 09:00:00,0.17604944946244358,0.13841143423183394,0.20872519724071023,0.14871872563380747
2023-05-20 10:00:00,0.24639427904039618,0.1891235848516226,0.48281126914545885,0.514243133123964
2023-05-20 11:00:00,0.14612229648977515,0.2941642578013918,0.5459983172547073,0.6538451878540217
2023-05-20 12:00:00,0.08655854779295623,0.4746180590716273,0.4860863035917282,0.6190234745293856
2023-05-20 13:00:00,0.13924058052711188,0.6048282333395696,0.39254340464249254,0.46655952660366884
2023-05-20 14:00:00,0.30385924579575657,0.6010060428963465,0.3161755664087832,0.32229516154155136
2023-05-20 15:00:00,0.5562837651744484,0.5737426587736064,0.34676957067102193,0.2935159068740904
2023-05-20 16:00:00,0.7020924174599348,0.49686085461215546,0.4822792255878448,0.3835984319262207
2023-05-20 17:00:00,0.7676853765174747,0.3174544169889255,0.7373308735713362,0.4565236598066985
2023-05-20 18:00:00,0.6320609406009315,0.23161291173235937,0.7037313586659729,0.44235317545011643
2023-05-20 19:00:00,0.5536427122354506,0.20739066652614957,0.5958083277195692,0.38764454340562227
2023-05-20 20:00:00,0.39178965074941513,0.16526385827836662,0.40020029468461865,0.24174168895930048
2023-05-20 21:00:00,0.15376590844243768,0.07857087727974764,0.16619810631498694,0.07398400572128594
2023-05-20 22:00:00,0.0950942830555141,0.004786229729652403,0.10472610703669487,0.03331372851971536
2023-05-20 23:00:00,0.07186081240419298,3.982250663367184e-06,0.07557376876473426,0.01969356124754995
2023-05-21 00:00:00,0.07727078196592628,0.00013793036341667173,0.07841843815986066,0.022250733100809154
2023-05-21 01:00:00,0.058629004973918195,0.00026643644341013646,0.060105282519944,0.01999172980431467
2023-05-21 02:00:00,0.039284837394952775,0.00021756618537686087,0.04614565305877477,0.01681118122767657
2023-05-21 03:00:00,0.03336813237518073,0.0008244046839800748,0.04798635827377439,0.01972053980920464
2023-05-21 04:00:00,0.027244551726616925,0.0019459283792159776,0.04320757021196186,0.016926303389482204
2023-05-21 05:00:00,0.009160765390843153,0.014046007750386542,0.01780422552023083,0.005414443691261113
2023-05-21 06:00:00,0.005610032202675939,0.034470760964534504,0.010742447278462349,0.00791738586500287
2023-05-21 07:00:00,0.012898272429592907,0.06419625440104441,0.01719592564739287,0.030631243726238606
2023-05-21 08:00:00,0.04708388053812087,0.08423114428466015,0.037456128392368546,0.07626087686512618
2023-05-21 09:00:00,0.06847944248002022,0.19907557854259553,0.055478236614726485,0.10880966315045952
2023-05-21 10:00:00,0.14438580216839905,0.3901038113338026,0.11704617796931414,0.22337664105929433
2023-05-21 11:00:00,0.24014243861660356,0.5012925280935385,0.21948973921127618,0.37341477646492427
2023-05-21 12:00:00,0.3495658468827605,0.5346022909371689,0.3357247723639011,0.49805345096625386
2023-05-21 13:00:00,0.5325177368149161,0.5010094727778976,0.4910153780691325,0.5342843746766447
2023-05-21 14:00:00,0.7145933610014616,0.49839125484905455,0.6336378781497477,0.5278044846281409
2023-05-21 15:00:00,0.730673548337072,0.499889488728209,0.6542107763327657,0.5077783123403788
2023-05-21 16:00:00,0.6258491381444035,0.48301832568239095,0.560455266572535,0.460263351034373
2023-05-21 17:00:00,0.42519286690279834,0.4687605895102023,0.38471971046179526,0.2874278008006513
2023-05-21 18:00:00,0.3074266345612704,0.44611581768501885,0.31758685078471893,0.29174751685932276
2023-05-21 19:00:00,0.26291224284097553,0.37467556230723864,0.2618271455354988,0.2945325665269046
2023-05-21 20:00:00,0.3015080428868532,0.30762418572875583,0.2412055470049381,0.26840090398676686
2023-05-21 21:00:00,0.19830375658348198,0.19244360400871796,0.13068958899006244,0.1365369358099997
2023-05-21 22:00:00,0.16687891342677172,0.07174836999990725,0.10769363898783922,0.12267926044296472
2023-05-21 23:00:00,0.18519184315577147,0.03655794118615714,0.1425642414856702,0.16131139346398415
2023-05-22 00:00:00,0.2393908056337386,0.09266270044852387,0.20183577399700878,0.20563814011402423
2023-05-22 01:00:00,0.34637234220281243,0.1488262965530157,0.2842563706357032,0.24306446760892866
2023-05-22 02:00:00,0.47677127666771413,0.21111204958097501,0.38757660239934916,0.27627961250022054
2023-05-22 03:00:00,0.5680553142912684,0.18544786073267464,0.44790086183696987,0.26696801483631133
2023-05-22 04:00:00,0.5585026429593561,0.1345828155902299,0.4140051082335412,0.20538967665284869
2023-05-22 05:00:00,0.6128989399038253,0.43446480301293455,0.4470101888664066,0.22924127165228128
2023-05-22 06:00:00,0.5015272828564047,0.697984640652483,0.3885352975688873,0.2131356338411569
2023-05-22 07:00:00,0.4294553991220891,0.41623165023597797,0.29730370339006185,0.14926278642378746
2023-05-22 08:00:00,0.4092963859997689,0.23770513707263896,0.23392133796587586,0.12024424739181994
2023-05-22 09:00:00,0.6587751258164645,0.2336651642756028,0.42306538082659245,0.32907478794455525
2023-05-22 10:00:00,0.8650963384844361,0.44127551829273054,0.6942710830643771,0.6921155100688338
2023-05-22 11:00:00,0.9486172352544963,0.6518129358643834,0.8443631264753639,0.8570685187168419
2023-05-22 12:00:00,0.9487996800616383,0.6403336186977948,0.8133703079447148,0.8387303606420756
2023-05-22 13:00:00,0.8920697273686529,0.45602834587747404,0.7640926146693526,0.7251711976900695
2023-05-22 14:00:00,0.7568388299271462,0.36974969645792793,0.6425176725164055,0.5499853434972464
2023-05-22 15:00:00,0.6164561582170426,0.3744930499792098,0.4884347108192742,0.42000257547944786
2023-05-22 16:00:00,0.5781074291467667,0.35795467093586925,0.44844927424564957,0.41292330155149104
2023-05-22 17:00:00,0.6299196741916239,0.49909282590855236,0.46138525515794754,0.32640435816720126
2023-05-22 18:00:00,0.46537580782547583,0.5348491578887808,0.4185202077031136,0.32997662410140033
2023-05-22 19:00:00,0.36282946292310947,0.5194047187675129,0.3909205143339931,0.33157368984073393
2023-05-22 20:00:00,0.27218852560967205,0.521174660135399,0.324829496499151,0.2919008341431617
2023-05-22 21:00:00,0.11510479643009601,0.47255179907787925,0.1785780252050608,0.17801187629811466
2023-05-22 22:00:00,0.0971739048976451,0.4013766883720051,0.15784815481863915,0.14589448968879878
2023-05-22 23:00:00,0.12472478670068085,0.6053920212388038,0.14408943088725204,0.10626210947521031
2023-05-23 00:00:00,0.13083916718140243,0.5470333817194807,0.12221580434590576,0.0806183741055429
2023-05-23 01:00:00,0.11931332857348025,0.46573253884911525,0.12494447194971145,0.09797209798358378
2023-05-23 02:00:00,0.16282501490786672,0.6064043559946796,0.14385966404341163,0.1004146194458008
2023-05-23 03:00:00,0.13909618747420607,0.7817662786082787,0.10358811891637743,0.0991425779275596
2023-05-23 04:00:00,0.1091632539127022,0.7765477920255877,0.09787778204306959,0.15299282971769568
2023-05-23 05:00:00,0.005661595310084522,0.925404189716686,0.0304116794699803,0.1299322874424979
2023-05-23 06:00:00,0.04785392996855079,0.929111873412674,0.11737801207695155,0.38646945568267255
2023-05-23 07:00:00,0.10103784929960966,0.9652235280112786,0.278546261372976,0.4912559098284691
2023-05-23 08:00:00,0.1411494366638362,0.9864570828865875,0.3129287494905293,0.4536592438351363
2023-05-23 09:00:00,0.1055227413214743,0.9550628726455297,0.39631174389272916,0.5208278375305235
2023-05-23 10:00:00,0.1563937000511214,0.9478936555304308,0.5208968718908725,0.5594027305534109
2023-05-23 11:00:00,0.24752680317498738,0.9371594282578338,0.5952078035194427,0.6451107002701609
2023-05-23 12:00:00,0.4181496309442445,0.9458965120803225,0.7137710900697856,0.8127443436346948
2023-05-23 13:00:00,0.6608721109526231,0.9479587582972916,0.8577203868702054,0.8637746863160283
2023-05-23 14:00:00,0.8609771856293081,0.9495448987727816,0.9563244395144282,0.9200262381136417
2023-05-23 15:00:00,0.9787516951933504,0.9793657719140704,0.9913950587250292,0.9670363520644605
2023-05-23 16:00:00,0.9933289199881256,0.9939966682818803,0.9955863023363053,0.9625251905620098
2023-05-23 17:00:00,0.9991140490397811,0.9977603034539656,0.9909410656988621,0.976535795237869
2023-05-23 18:00:00,0.9614080120250583,0.9943078783696347,0.9111551658436654,0.9179894302599132
2023-05-23 19:00:00,0.8385448880307375,0.9902565723522142,0.7714110392145811,0.8310589254088699
2023-05-23 20:00:00,0.8191363219358025,0.9772377444397318,0.7600691107660531,0.8038551830872892
2023-05-23 21:00:00,0.7761913783662019,0.8608972524241967,0.6209924826957285,0.6401201450079679
2023-05-23 22:00:00,0.8165657432377339,0.968928934985941,0.6475875459611415,0.6622433966770769
2023-05-23 23:00:00,0.896028575319797,0.9728271659395911,0.6827120936661957,0.655128113925457
2023-05-24 00:00:00,0.9716860802844165,0.9179103793474759,0.7742844579741358,0.6976503608003258
2023-05-24 01:00:00,0.9974646126478911,0.7532438001443039,0.90696169488132,0.7975978320278228
2023-05-24 02:00:00,0.9994110202044248,0.5474017840217459,0.9438679731078445,0.8427476876415312
2023-05-24 03:00:00,0.994737945459783,0.3839562379907477,0.9220087873190641,0.8060225451551378
2023-05-24 04:00:00,0.964967087060213,0.3097762039574709,0.8582533453963695,0.748281693458557
2023-05-24 05:00:00,0.9678131949715315,0.2548570105433463,0.874126418698579,0.7916799605451522
2023-05-24 06:00:00,0.920750374160707,0.24437930054962634,0.7917517454922197,0.7251048241928219
2023-05-24 07:00:00,0.8609665671363472,0.234895989739082,0.7412810859270393,0.6965541383624075
2023-05-24 08:00:00,0.7777587398700416,0.19709839738228105,0.604203405305743,0.6361508550308643
2023-05-24 09:00:00,0.7379749033041296,0.1131883157044649,0.5300782495737074,0.6209245473798364
2023-05-24 10:00:00,0.7237657916173338,0.07660258288410576,0.5390681971982122,0.7118170123640447
2023-05-24 11:00:00,0.750543180629611,0.045462032299150114,0.5309340789634733,0.6884949764981868
2023-05-24 12:00:00,0.750557476915419,0.035671324906024066,0.5039916296303271,0.6171432879893108
2023-05-24 13:00:00,0.7525019691698253,0.028687740164724262,0.44660933142527937,0.4832195555418729
2023-05-24 14:00:00,0.6741446249000727,0.014910656491463834,0.3542132901307195,0.30024489114992314
2023-05-24 15:00:00,0.481431317590177,0.014473438540642912,0.2596717093931511,0.19390510738827288
2023-05-24 16:00:00,0.3194872093945742,0.011736908317966895,0.23453491652850061,0.17638946754392237
2023-05-24 17:00:00,0.2219235932826996,0.2599679003791376,0.22500026664230968,0.28921483853831886
2023-05-24 18:00:00,0.2039906309591606,0.23098453441804098,0.22153747834265228,0.30252262791618695
2023-05-24 19:00:00,0.12196456648875026,0.17121191878887734,0.15301118117757137,0.23308587238192555
2023-05-24 20:00:00,0.13110918025020513,0.13084460525350136,0.1260316531220451,0.2364626770326867
2023-05-24 21:00:00,0.14358520745765416,0.09238281203941862,0.11853545407764612,0.3038147206092252
2023-05-24 22:00:00,0.10882771513424813,0.04800876531072638,0.10251352570950983,0.2996986858732998
2023-05-24 23:00:00,0.14105859382078048,0.014731575833125548,0.1070867841783911,0.2806089842598885
2023-05-25 00:00:00,0.17000219663139426,0.004776878560131246,0.13462243523914366,0.2322761177457869
2023-05-25 01:00:00,0.14967693097423762,0.0005232462388547984,0.1674055439792573,0.1810551689006388
2023-05-25 02:00:00,0.09093892734497784,0.0,0.12918027151841668,0.09290284944698213
2023-05-25 03:00:00,0.06698266496416182,0.0011650470982898366,0.09194430150091647,0.03889268350321799
2023-05-25 04:00:00,0.016160215977579353,0.0017850281772288402,0.04368720503989607,0.02507237183395773
2023-05-25 05:00:00,0.012792150853201746,0.047505664510483096,0.07123229735530913,0.050316895148716866
2023-05-25 06:00:00,0.03370684343390167,0.044663456305861465,0.11065562316216526,0.06359958076849581
2023-05-25 07:00:00,0.05318348488304763,0.07065392030233686,0.12592578737996518,0.07652787812054158
2023-05-25 08:00:00,0.06709248469211161,0.06307154417715288,0.14954828976653517,0.11331872512586413
2023-05-25 09:00:00,0.08040915178135037,0.1547319685870951,0.1676330339349806,0.1261063694488257
2023-05-25 10:00:00,0.05359657413791866,0.28839224417101256,0.1692574470397085,0.1521397632267326
2023-05-25 11:00:00,0.055085273277945816,0.2389532919228077,0.18736783440224827,0.22309819032438097
2023-05-25 12:00:00,0.06803630709182469,0.1908673723990267,0.18112301459535954,0.20145769496448332
2023-05-25 13:00:00,0.0866887661907822,0.15975685642524196,0.19552588998340067,0.19514327112119645
2023-05-25 14:00:00,0.11935381175950169,0.12018728162077337,0.20073556812480087,0.1863871785905212
2023-05-25 15:00:00,0.18697697067633268,0.11914126531644299,0.21269812410697336,0.20342765776440502
2023-05-25 16:00:00,0.2924075775593519,0.12560802370987156,0.2795497105270624,0.27359831642359483
2023-05-25 17:00:00,0.47008798558264975,0.051738795404407095,0.46882350871339445,0.46153942856937646
2023-05-25 18:00:00,0.5897252582572401,0.04062903897667473,0.5832226629927753,0.5916655874624848
2023-05-25 19:00:00,0.6061817096918819,0.09796252593736755,0.6273282261937855,0.6119916237145662
2023-05-25 20:00:00,0.46833708146587005,0.16539810230108826,0.564591632001102,0.5131115642376244
2023-05-25 21:00:00,0.2502962536737323,0.1495291006836024,0.29174661651253697,0.2600495643354952
2023-05-25 22:00:00,0.16747976072132584,0.18265193775973534,0.2180477181077003,0.21882241254672402
2023-05-25 23:00:00,0.16550785260275006,0.1656900532611392,0.20849675793200725,0.234970630146563
2023-05-26 00:00:00,0.19177234105765814,0.18923393813046543,0.18812221474945545,0.17323275559581816
2023-05-26 01:00:00,0.1739634805358946,0.17936968563632535,0.17928419481031596,0.12520251917652786
2023-05-26 02:00:00,0.18653042439371345,0.1388563137433746,0.16706597210839388,0.14023412376642228
2023-05-26 03:00:00,0.14662090420722962,0.10273980091241273,0.15649747991934418,0.15886681689880786
2023-05-26 04:00:00,0.1377097912505269,0.09549396430226888,0.17309080906212326,0.16254061158746477
2023-05-26 05:00:00,0.15721435563638808,0.21579396343366664,0.16289628164842723,0.14794604165479538
2023-05-26 06:00:00,0.19663376184180376,0.20334609673104495,0.17613591795787215,0.13872575050219893
2023-05-26 07:00:00,0.2064913560263812,0.16796024604954496,0.18828203067183494,0.15852613850496708
2023-05-26 08:00:00,0.23048234941437837,0.13482880670238623,0.20963230364024638,0.19733980289660388
2023-05-26 09:00:00,0.2176325921155512,0.09957838630811731,0.20721689224243162,0.2191478601284325
2023-05-26 10:00:00,0.2346887109801173,0.07019969150424003,0.2617226038500666,0.27984290430322284
2023-05-26 11:00:00,0.2955101223103701,0.057927677065811374,0.3148775639571249,0.3012705631554126
2023-05-26 12:00:00,0.2884946615062654,0.028566613160073754,0.2964599015191197,0.27743557613343
2023-05-26 13:00:00,0.2675606655701995,0.025004777647554873,0.24776404105126854,0.214973630066961
2023-05-26 14:00:00,0.171762757897377,0.039891219369389795,0.13089761652983725,0.13028633004054424
2023-05-26 15:00:00,0.10242228137329218,0.05890787201171572,0.07665054889861495,0.09971942706499247
2023-05-26 16:00:00,0.06398782838135958,0.07115771244195374,0.060942918863147504,0.09516552805900574
2023-05-26 17:00:00,0.03119218510575593,0.1037064993720163,0.025569706270471216,0.06770003431476651
2023-05-26 18:00:00,0.008279086090624332,0.082081013626673,0.011214588172733783,0.03807272505015135
2023-05-26 19:00:00,0.0041710699116811155,0.0620570318299261,0.005527948895469308,0.02301952037028968
2023-05-26 20:00:00,0.006294843810610473,0.03233314090831713,0.004366932553239168,0.011523553542792796
2023-05-26 21:00:00,0.002150138090364634,0.0024670307168906387,0.0005315592698752879,0.0006044268235564231
2023-05-26 22:00:00,0.0030778203532099728,0.000612909776920622,0.0008898931089788675,0.0
2023-05-26 23:00:00,0.00512750877533108,0.005585324198684909,0.0034136217972263695,0.00014012252911925314
2023-05-27 00:00:00,0.0015710401721298693,0.008654490804130381,0.001874261638149619,8.732194546610116e-05
2023-05-27 01:00:00,0.00025024929549545045,0.016738200248642403,0.0005894717294722795,0.00011594251729547976
2023-05-27 02:00:00,2.9790448024868962e-05,0.019745882377028463,7.572696544229984e-05,9.495886042714118e-06
2023-05-27 03:00:00,0.0,0.026421002054756337,0.0,0.0
2023-05-27 04:00:00,1.1447179131209849e-05,0.025038962780751964,0.0,0.0006195555301383137
2023-05-27 05:00:00,0.0,0.00741615640507503,0.0003532156441360712,0.003032527142204345
2023-05-27 06:00:00,0.0,0.022814150161363858,0.0003382502682507038,0.005188508895225822
2023-05-27 07:00:00,0.0,0.03981184951622378,0.0008166080713272094,0.007960035931318998
2023-05-27 08:00:00,0.002425328893586993,0.05705673975023355,0.008908874741755425,0.01885890796314925
2023-05-27 09:00:00,0.015007800143212083,0.053131102309985585,0.028017440563999116,0.03819079137872905
2023-05-27 10:00:00,0.040093683945015064,0.10077011415904219,0.0721390273049474,0.08855406106449662
2023-05-27 11:00:00,0.12738369825296103,0.09929702653803608,0.2560976466443389,0.2571798831038177
2023-05-27 12:00:00,0.33868754474446167,0.060222305316816674,0.46109510106965884,0.4328953912295401
2023-05-27 13:00:00,0.43276161298155785,0.04488599096848205,0.5225575105287135,0.5126658625900746
2023-05-27 14:00:00,0.4417520092427731,0.029842205359177157,0.4520374825783074,0.4297548735514283
2023-05-27 15:00:00,0.302738321814686,0.016914510483091526,0.32137375609949226,0.28352074509486547
2023-05-27 16:00:00,0.26248606296256183,0.0063417643240906985,0.29874339805915945,0.2287954157963395
2023-05-27 17:00:00,0.44788540318608283,0.006107783110981638,0.3886421712860464,0.25231313588097687
2023-05-27 18:00:00,0.39248065963387485,0.0022324190830642528,0.29504411337897174,0.18816838866099714
2023-05-27 19:00:00,0.2973176377080381,0.0023528061197562646,0.21471644061617548,0.14524792446754872
2023-05-27 20:00:00,0.15517900988459585,0.007879594859074463,0.13363440250977873,0.10170671221800147
2023-05-27 21:00:00,0.06933120651170613,0.008616974807598375,0.05967889983206987,0.041611714414320884
2023-05-27 22:00:00,0.08557689458131791,0.006240724033930085,0.05763231785502284,0.03634779803454875
2023-05-27 23:00:00,0.12609834757633506,0.006585336124355142,0.1390495670121163,0.10150378085672854
2023-05-28 00:00:00,0.17185914319939907,0.01231601576574824,0.21382590334862467,0.195773740215227
2023-05-28 01:00:00,0.14234983333386475,0.016848615211519327,0.22454600039869546,0.2339800994005054
2023-05-28 02:00:00,0.15004124511033298,0.01364586965265599,0.2538680023699999,0.26425643339753146
2023-05-28 03:00:00,0.17842650735750792,0.0166513005271554,0.2681023812294006,0.26209400972351427
2023-05-28 04:00:00,0.22734847247600554,0.03218706738881089,0.280431070420891,0.2660522796958685
2023-05-28 05:00:00,0.3096099467389285,0.11081448277966542,0.2814905761182308,0.21945279326289888
2023-05-28 06:00:00,0.37744106236845254,0.12256971952928733,0.343973579481244,0.2786268364824354
2023-05-28 07:00:00,0.46027242243289945,0.07865909607234325,0.42685337215662,0.3567076568305492
2023-05-28 08:00:00,0.5287309943139553,0.05481720246035944,0.4544541855715215,0.38949291963130234
2023-05-28 09:00:00,0.5511107655242085,0.031156801188533957,0.4093175169080495,0.37743346817791457
2023-05-28 10:00:00,0.601820209417492,0.021462488137185574,0.378038774896413,0.3550727537740021
2023-05-28 11:00:00,0.6214400179497898,0.061094329082830384,0.2952878910675645,0.3051332207769155
2023-05-28 12:00:00,0.6292193666473029,0.08197063520212065,0.2761381154879927,0.3191420340444892
2023-05-28 13:00:00,0.5998528086394072,0.053259744620458654,0.25416009176522486,0.3446424652310088
2023-05-28 14:00:00,0.55978549066931,0.03166160034185105,0.20384149760939174,0.26133595186285674
2023-05-28 15:00:00,0.42567572468891735,0.032430404878475455,0.14262733893003315,0.1852931065671146
2023-05-28 16:00:00,0.3509726955927908,0.05665599286217581,0.12236628637183458,0.1439542352221906
2023-05-28 17:00:00,0.3493087953887879,0.12305603317916392,0.09446378735825418,0.10028174595441668
2023-05-28 18:00:00,0.29702135395258666,0.151010130576112,0.08839744891505685,0.07812282220926137
2023-05-28 19:00:00,0.25870906110852954,0.20350476417351854,0.10671011734753849,0.08368541885167359
2023-05-28 20:00:00,0.1778395453188568,0.22551260696216066,0.0773070096923038,0.0743931583315134
2023-05-28 21:00:00,0.04555364190135151,0.12312060056084934,0.014689728715457021,0.019707889910787344
2023-05-28 22:00:00,0.0253676401823759,0.05203928857025775,0.010025629773736002,0.013691647620871666
2023-05-28 23:00:00,0.024874558146111666,0.047978791103444315,0.01109148676507175,0.017612079144455495
2023-05-29 00:00:00,0.016504690228030083,0.04026629883795976,0.006939226142130792,0.014158673030324281
2023-05-29 01:00:00,0.013795516337268054,0.027670616954565044,0.003814725233241916,0.009843046646565198
2023-05-29 02:00:00,0.01809747925493866,0.01972299068488858,0.0041257099062204355,0.009107187362387777
2023-05-29 03:00:00,0.029575653681531554,0.025332627513191916,0.006664263322018088,0.011225860263220968
2023-05-29 04:00:00,0.03282476684544235,0.04696264731613073,0.009206186002120377,0.013007423607632518
2023-05-29 05:00:00,0.06891213041264564,0.02837427569722588,0.02516279567964375,0.046243301508948204
2023-05-29 06:00:00,0.09076951093971729,0.024282998114146966,0.0329463036218658,0.0498356878105551
2023-05-29 07:00:00,0.09946875059977173,0.1833466855301098,0.03325448713265359,0.04204440496861934
2023-05-29 08:00:00,0.12267665876075624,0.3980343013358386,0.04713910169899464,0.06018718192819506
2023-05-29 09:00:00,0.09554512373171746,0.6193273348022589,0.08991958994884043,0.14121281831525265
2023-05-29 10:00:00,0.09597737152129411,0.6962429605966263,0.1825453849602491,0.2800989822112024
2023-05-29 11:00:00,0.10154418449383229,0.7593954285166479,0.22478863988537343,0.3719454701337963
2023-05-29 12:00:00,0.07813542588148265,0.7963174494423648,0.25774039631709456,0.3849368534050882
2023-05-29 13:00:00,0.07531117055565117,0.8248794709416952,0.23941242346074426,0.3418919416517019
2023-05-29 14:00:00,0.12061186779756097,0.851004100902514,0.22449047652538862,0.2845850072056055
2023-05-29 15:00:00,0.22604430760256938,0.874987518949942,0.22393972342833873,0.19775677007623013
2023-05-29 16:00:00,0.31186152808368195,0.8539380141144446,0.20591963203623886,0.12763285940047353
2023-05-29 17:00:00,0.42717447640374306,0.7027363876456562,0.49559791382402174,0.20915541765280066
2023-05-29 18:00:00,0.38015558931976556,0.6127449445290998,0.41810435750521713,0.2147517181560397
2023-05-29 19:00:00,0.36295848634093997,0.5104265151376073,0.2973674139101058,0.16158294437453147
2023-05-29 20:00:00,0.25188408527523276,0.3621891922165047,0.21985573197714978,0.08763128836173563
2023-05-29 21:00:00,0.09620117775630205,0.16812095419927078,0.07717147621791809,0.01617389978375286
2023-05-29 22:00:00,0.07621276402380317,0.13974191131239586,0.03870108720846474,0.004826815002597868
2023-05-29 23:00:00,0.0867532132100314,0.1867808307368647,0.037460700706578795,0.007419501561671496
2023-05-30 00:00:00,0.09988780381157994,0.1744866623119874,0.04503606269136071,0.0324223024910316
2023-05-30 01:00:00,0.11496660756878556,0.16132738727060228,0.04325070622377099,0.04766601962037384
2023-05-30 02:00:00,0.12716052919626236,0.18758156448602678,0.04964999647345394,0.055711952042765925
2023-05-30 03:00:00,0.12370461071841415,0.2530879302796993,0.06224988736677914,0.05575632648076863
2023-05-30 04:00:00,0.1253561070654541,0.28636011050506066,0.07246838588267565,0.052579152365215126
2023-05-30 05:00:00,0.03341349661350251,0.3374148366397077,0.023200809885747728,0.013697709999978542
2023-05-30 06:00:00,0.022076837532222268,0.40806946568868374,0.01136105518322438,0.006843818477354943
2023-05-30 07:00:00,0.021667533284053207,0.4681180443276057,0.007505689933896065,0.007099200636148452
2023-05-30 08:00:00,0.01869646109640598,0.4599407057328657,0.023544404101558027,0.056474925945512955
2023-05-30 09:00:00,0.054832480750046673,0.37936703583056275,0.09973510727286339,0.15938045707531273
2023-05-30 10:00:00,0.2256562261469662,0.4648636875504797,0.22238683147355914,0.24960402508266272
2023-05-30 11:00:00,0.3831433176994324,0.5445501924509351,0.3374590459745377,0.33128402648493643
2023-05-30 12:00:00,0.32897370969876655,0.610898606614633,0.4099844694323838,0.4596529710106553
2023-05-30 13:00:00,0.20818213990423826,0.6398367918485944,0.42246065396815535,0.49822915803641066
2023-05-30 14:00:00,0.16606245663017033,0.7029590864615005,0.36573311377316703,0.4231031382083893
2023-05-30 15:00:00,0.1447671987581998,0.7390056339041752,0.2875745329726487,0.29228522676974533
2023-05-30 16:00:00,0.1336501200404018,0.7672757814960044,0.2566943800169974,0.22416022442281242
2023-05-30 17:00:00,0.311159162549302,0.8298887885158712,0.0849524140311405,0.08570080372970551
2023-05-30 18:00:00,0.424898703917861,0.8079775375127792,0.16296318830922243,0.12350343108177184
2023-05-30 19:00:00,0.5259708833694459,0.7558647986027325,0.21276047619059682,0.1437201374862343
2023-05-30 20:00:00,0.5930029896646738,0.5983259442313149,0.1736220072954893,0.11341416693292557
2023-05-30 21:00:00,0.37242537820711724,0.3731078025021336,0.06419597772881389,0.04218364114873111
2023-05-30 22:00:00,0.2383645164221525,0.2725248285112055,0.04491056561935693,0.026361312041990454
2023-05-30 23:00:00,0.14404373641125856,0.3755710490996187,0.043796409913338726,0.024976553763262934
2023-05-31 00:00:00,0.08270279683172704,0.3280836973677982,0.057986854091286656,0.038531723027117555
2023-05-31 01:00:00,0.04900024034082889,0.2495416424762119,0.08118703954853117,0.06766534717287867
2023-05-31 02:00:00,0.025948516456410293,0.24096998765387315,0.09793244478292762,0.1067725225444883
2023-05-31 03:00:00,0.015404877606779338,0.2729059281267903,0.09507819100283087,0.09685635575093329
2023-05-31 04:00:00,0.018688553543761373,0.3407985173030333,0.08916753206402063,0.07653858295641838
2023-05-31 05:00:00,0.01478938760701567,0.3413947645913471,0.058978032157756384,0.06159909990616143
2023-05-31 06:00:00,0.03949408557265996,0.3297719383375211,0.04593273344915361,0.061864563729614006
2023-05-31 07:00:00,0.033503877692855885,0.28933341268788676,0.03799535769969225,0.06196657074615359
2023-05-31 08:00:00,0.03341339249629527,0.25362588709050954,0.021662111654877664,0.03017963333055377
2023-05-31 09:00:00,0.07048192516900599,0.2120057405395941,0.03609512602910399,0.0060661575151607396
2023-05-31 10:00:00,0.3456827432848512,0.32974693967537433,0.1997818501200527,0.0492478416999802
2023-05-31 11:00:00,0.6290034367144106,0.484153135445985,0.448240235671401,0.22817986332811416
2023-05-31 12:00:00,0.6504294764995575,0.5659792556139555,0.517406939473003,0.41354877225123343
2023-05-31 13:00:00,0.5866171007789671,0.5631704202158884,0.4876974187046289,0.44511889085173606
2023-05-31 14:00:00,0.48395841259509326,0.5036741831763224,0.4082460645772516,0.39790758473798626
2023-05-31 15:00:00,0.4241072997264564,0.4168534975160252,0.3478254082612693,0.33017237544059747
2023-05-31 16:00:00,0.38839917885139585,0.34249810453165663,0.3125240746699273,0.29067380850203334
2023-05-31 17:00:00,0.4846799151133746,0.46037594909017726,0.21889387926086779,0.15736968141514804
2023-05-31 18:00:00,0.3994250802788883,0.3797702454165979,0.1691987116727978,0.13002539318986236
2023-05-31 19:00:00,0.3777204990666359,0.29923918078568845,0.151897158594802,0.11505146529059855
2023-05-31 20:00:00,0.32313295066356656,0.23211127151142466,0.13247253785841165,0.09145307109691203
2023-05-31 21:00:00,0.21116049569100137,0.1345032765784047,0.06559440337121486,0.041548549416475004
2023-05-31 22:00:00,0.23409419916570187,0.0395304954119704,0.061931953462772076,0.03449332725722342
2023-05-31 23:00:00,0.22395290258340536,0.034596193100918424,0.06174053366761654,0.03325357752852142
2023-06-01 00:00:00,0.17317233881913122,0.034655016799542034,0.06509770217351615,0.034630034510046245
2023-06-01 01:00:00,0.1365453021880239,0.11008633203804492,0.08637729269918054,0.045379603826440865
2023-06-01 02:00:00,0.13577727271243928,0.2849041678621011,0.11790711690671742,0.05957755925133824
2023-06-01 03:00:00,0.19704683259129518,0.45090625028718595,0.1728240988496691,0.11543965305201706
2023-06-01 04:00:00,0.3024860785342752,0.4625107808140191,0.21003391901962454,0.15498410806525498
2023-06-01 05:00:00,0.6793906838074324,0.5187825074791909,0.45549009915441263,0.3373460689373315
2023-06-01 06:00:00,0.6797011858038603,0.21221092838455327,0.4149662321619688,0.3311412032321096
2023-06-01 07:00:00,0.5505209985934197,0.06997641418467869,0.34675634695217006,0.280447460571304
2023-06-01 08:00:00,0.35376756858080627,0.07054402621632273,0.25812815826386215,0.1987560343649238
2023-06-01 09:00:00,0.19839113641530273,0.08049682101742786,0.16037866266444323,0.1267836543638259
2023-06-01 10:00:00,0.17185468859970565,0.14958745561540127,0.15195816603489218,0.10885232005733997
2023-06-01 11:00:00,0.2074786569178104,0.2591596559773791,0.17529072167351836,0.10385665885172785
2023-06-01 12:00:00,0.21977803809568283,0.3217550139535557,0.16923229012172666,0.12311070162802934
2023-06-01 13:00:00,0.21117070967331528,0.30067319230599837,0.1537284655869007,0.15915739501826465
2023-06-01 14:00:00,0.17123623889870943,0.30095074053515086,0.1411843755468726,0.14028423684183505
2023-06-01 15:00:00,0.16444763866253195,0.3379934155399149,0.09861356356181201,0.10819971685763446
2023-06-01 16:00:00,0.32684684512671086,0.34235420121387994,0.12181018310599027,0.21982418300583959
2023-06-01 17:00:00,0.5942748180404305,0.23205045012587852,0.17584158272016792,0.17067244333680717
2023-06-01 18:00:00,0.8175071536749601,0.3610416909713636,0.29154380559455595,0.28658751268871124
2023-06-01 19:00:00,0.8112914423458277,0.5886756941269745,0.4467530347686261,0.3579913268284871
2023-06-01 20:00:00,0.5448156917840243,0.7250501826947384,0.5381175704300402,0.46942360587418075
2023-06-01 21:00:00,0.41876794150099156,0.6736270728571847,0.43489372717216607,0.40664186523295937
2023-06-01 22:00:00,0.42671811204403637,0.6978888079117644,0.4568935838341713,0.37181833759881555
2023-06-01 23:00:00,0.5346076451987026,0.7159993878142399,0.4625675657857209,0.365678602522239
2023-06-02 00:00:00,0.5362070101499558,0.5686589889634738,0.3633813866227865,0.3072553337132558
2023-06-02 01:00:00,0.4911986963450909,0.40126427389004005,0.28742193789221343,0.2830604972178116
2023-06-02 02:00:00,0.44196834919974215,0.27390644074840975,0.3074964101333171,0.33037506354972723
2023-06-02 03:00:00,0.4317203279957175,0.23153228083794763,0.330476864175871,0.3536799325188622
2023-06-02 04:00:00,0.40160713074728843,0.2661573461849581,0.3242717684153466,0.3615808948036282
2023-06-02 05:00:00,0.6719589874148366,0.3970441545275125,0.7460861107148228,0.6157011236995457
2023-06-02 06:00:00,0.6451462160423396,0.2820919292081486,0.6408556534349917,0.5469926369562744
2023-06-02 07:00:00,0.53542973279953,0.23282923303544517,0.4438510751724243,0.4012316034734249
2023-06-02 08:00:00,0.5643000300228594,0.1693105981228026,0.4253053225390613,0.4196392871066927
2023-06-02 09:00:00,0.6164175577834247,0.15480168978598982,0.47001895828172563,0.5295482524856925
2023-06-02 10:00:00,0.6024514984153208,0.15275611393153665,0.5671542867086826,0.54059344869107
2023-06-02 11:00:00,0.6261248583346604,0.16605244330384508,0.669283762052655,0.5489425211399792
2023-06-02 12:00:00,0.6867690526694057,0.2536161708357659,0.7046978008374569,0.5574660163745283
2023-06-02 13:00:00,0.7545865594781935,0.2771359485726465,0.7467350773885847,0.5958743392303583
2023-06-02 14:00:00,0.7630648941174148,0.21762972753494977,0.7259363218583166,0.5762792940437791
2023-06-02 15:00:00,0.6327179123088713,0.12880632360211824,0.6188413092307744,0.4966186536848546
2023-06-02 16:00:00,0.5329757457971571,0.056067076843570575,0.5801924703456459,0.42947662204504017
2023-06-02 17:00:00,0.44416636761277917,0.027208868075500835,0.40940645847469553,0.2982205911539495
2023-06-02 18:00:00,0.3898239517398178,0.018495053760707383,0.2936098113842308,0.22182693703100084
2023-06-02 19:00:00,0.33074226099997767,0.00905839572914622,0.2849901123717427,0.22779497319832442
2023-06-02 20:00:00,0.26642807744443414,0.006520623645999215,0.2939105420187116,0.18809622024185954
2023-06-02 21:00:00,0.24471085473895068,0.007376653690907087,0.26510959823615843,0.1544123586360365
2023-06-02 22:00:00,0.1439287625066936,0.006745890294286338,0.19616147937253112,0.0973803363740444
2023-06-02 23:00:00,0.13130353312939402,0.007475696791979399,0.17094371681101617,0.07626839194912464
2023-06-03 00:00:00,0.16149262819439175,0.008541476462375035,0.1359161983709782,0.06384890571236611
2023-06-03 01:00:00,0.15161045355722305,0.01098142282529311,0.10554676520638168,0.05455742496997119
2023-06-03 02:00:00,0.1220038799382746,0.021424713964489375,0.08518409376032651,0.047766185943037276
2023-06-03 03:00:00,0.10167891219258307,0.051452985771677714,0.09293613664805887,0.05584139370359481
2023-06-03 04:00:00,0.10720040898770095,0.07539114499633962,0.11212541279383004,0.06727949146181345
2023-06-03 05:00:00,0.10695731196552515,0.0770607990771532,0.1032011779118329,0.06708730085752906
2023-06-03 06:00:00,0.08463447929359973,0.12448957286097785,0.10488441544584931,0.0701397842541337
2023-06-03 07:00:00,0.0868151292297989,0.16811043476516546,0.11176576040685178,0.06836727512069046
2023-06-03 08:00:00,0.08536552810110153,0.12050346854058179,0.10934674470685422,0.06899801760911942
2023-06-03 09:00:00,0.11778253362514078,0.06765124231576919,0.12332695202901957,0.08939213211648167
2023-06-03 10:00:00,0.19397809654474257,0.03267980756068772,0.1731634563021362,0.12319072520360348
2023-06-03 11:00:00,0.2749314703233539,0.0054688058759678505,0.2377518387138843,0.15478970564901828
2023-06-03 12:00:00,0.31133073549717666,0.0014842694523659618,0.2774835661798715,0.19303202560171484
2023-06-03 13:00:00,0.30581056155264374,0.003322882990945469,0.29331313399597997,0.22777317406609654
2023-06-03 14:00:00,0.27035949982702734,0.018106861744414678,0.2928915796987712,0.2439463651832193
2023-06-03 15:00:00,0.19103852506726976,0.06130821480331095,0.27470906425267455,0.24030937644653017
2023-06-03 16:00:00,0.14474821587093176,0.12674490020356394,0.24782950747758145,0.23151539852842684
2023-06-03 17:00:00,0.1527651767525822,0.12192451267079872,0.30717326220124963,0.2963509934395551
2023-06-03 18:00:00,0.1615404749382287,0.16297952468083657,0.27650638910010455,0.24552449622191483
2023-06-03 19:00:00,0.15234155051410198,0.17463819211179554,0.24489409919828173,0.2031223265547305
2023-06-03 20:00:00,0.12695769547484811,0.15147365889765999,0.21230665620416403,0.15592728674411774
2023-06-03 21:00:00,0.06281065968330948,0.08739367021417078,0.12486126950941977,0.07988510641735047
2023-06-03 22:00:00,0.08589148701168597,0.03138539630242369,0.1128605302609503,0.06469900369644165
2023-06-03 23:00:00,0.10740474341437221,0.017719781930473716,0.1036257854476571,0.05833185154013336
2023-06-04 00:00:00,0.07440714542753996,0.019462727311659947,0.0879633043333888,0.07058143461123109
2023-06-04 01:00:00,0.03629449001513422,0.026191319315270942,0.0820178984850645,0.05110814052633941
2023-06-04 02:00:00,0.04226078353822232,0.04303079339252277,0.12012783382087945,0.06941565411165355
2023-06-04 03:00:00,0.0694154966622591,0.08254931649701161,0.141314278813079,0.07461488862987607
2023-06-04 04:00:00,0.08181765022687612,0.0984537309069525,0.1677601837366819,0.07736052204389125
2023-06-04 05:00:00,0.04003341333940625,0.06934621039100669,0.13789451664779334,0.063564864131622
2023-06-04 06:00:00,0.05448088535107673,0.09726865526966072,0.08228666458278895,0.043625693079084156
2023-06-04 07:00:00,0.06000895815901459,0.14176474525508553,0.06914548698812724,0.042680731257423755
2023-06-04 08:00:00,0.09542694670148195,0.1750292270732197,0.0868430710118264,0.029553058193996548
2023-06-04 09:00:00,0.12622746767476198,0.12542499062351206,0.10761625769548118,0.030629377029836174
2023-06-04 10:00:00,0.1422157759685069,0.08877615449780768,0.11030292427167296,0.037357062986120584
2023-06-04 11:00:00,0.13994074159301817,0.06044967294077981,0.10969554604031144,0.05509961816947907
2023-06-04 12:00:00,0.06980497083161026,0.05030283767052672,0.07502316949423403,0.06610305678565054
2023-06-04 13:00:00,0.04302682943642139,0.033686997277492824,0.05848322319332511,0.07996580659877509
2023-06-04 14:00:00,0.03054739449638873,0.027888521071184766,0.03314264215994626,0.04742935195565224
2023-06-04 15:00:00,0.009435455398634078,0.016594374420290645,0.012186886705458165,0.03109810208436102
2023-06-04 16:00:00,0.003306912900879979,0.003952507793226025,0.014005996128544211,0.03919924221001565
2023-06-04 17:00:00,0.0053217335417866714,0.0068991774219003595,0.006158918868750335,0.009871382433921098
2023-06-04 18:00:00,0.005770017891190945,0.009671690602871505,0.0016737110028043388,0.0012037857901304957
2023-06-04 19:00:00,0.0007992034964263439,0.028163297054442493,0.0007387067191302777,0.0016315258853137492
2023-06-04 20:00:00,0.000192470820620656,0.07203148077496076,0.003547938517294824,0.006990173365920782
2023-06-04 21:00:00,0.0022106355661526324,0.08596432951702314,0.007317592496983707,0.006888391831889748
2023-06-04 22:00:00,0.008015120965428649,0.04466877119446343,0.027584503744728865,0.03476961336098611
2023-06-04 23:00:00,0.02930934927426279,0.056201311908662316,0.07046392074786129,0.07474309250712395
2023-06-05 00:00:00,0.0456558074709028,0.048626824993301516,0.10426185068674386,0.11094173026271163
2023-06-05 01:00:00,0.07198275453411043,0.0240801729736003,0.15104479865171014,0.15028424659743905
2023-06-05 02:00:00,0.10171432522125541,0.010951570956544442,0.1871114271506667,0.15444459054619072
2023-06-05 03:00:00,0.16707453046925363,0.008204575743187559,0.21895106226205824,0.1516532079968601
2023-06-05 04:00:00,0.2124495950527489,0.0130862773175944,0.2347876131720841,0.13942417455837128
2023-06-05 05:00:00,0.4254277940094471,0.0635170830515298,0.3344652049988508,0.26612797319889064
2023-06-05 06:00:00,0.411273974198848,0.08445173035291109,0.2976538257673383,0.26991387894377106
2023-06-05 07:00:00,0.32908770823851224,0.10135332720523534,0.2643084848672151,0.24663970082998268
2023-06-05 08:00:00,0.32063659407198425,0.12957795570519837,0.2859185819514095,0.28164814680814737
2023-06-05 09:00:00,0.2862332575023174,0.3219264036281543,0.2337908383831382,0.27037015441805123
2023-06-05 10:00:00,0.3333755896240473,0.6669379577988926,0.28807852834463116,0.38538793046027414
2023-06-05 11:00:00,0.3967598728835582,0.7400032404877922,0.4291185324825346,0.561157552152872
2023-06-05 12:00:00,0.4960198293067515,0.7737694163755936,0.5915724985860288,0.7236149150691926
2023-06-05 13:00:00,0.5833370083570479,0.7548999684913592,0.6301725225336849,0.7488338114507496
2023-06-05 14:00:00,0.5971064377203584,0.6983057305894114,0.596271599382162,0.6820342441275715
2023-06-05 15:00:00,0.6107619056664406,0.6058929219029164,0.5923197614401577,0.6266629712469874
2023-06-05 16:00:00,0.6552859677560626,0.5190991776233369,0.5656915196590125,0.5921340340934693
2023-06-05 17:00:00,0.6174467137269675,0.42176632910966866,0.475782475285232,0.5032165094651282
2023-06-05 18:00:00,0.5583840624056756,0.4373033497008408,0.40385708654299374,0.41595118574798107
2023-06-05 19:00:00,0.4330743758380413,0.3929122178391975,0.29562686085700984,0.2554665947146713
2023-06-05 20:00:00,0.25300928373821074,0.3044985932856798,0.19078704956918957,0.12684188554994763
2023-06-05 21:00:00,0.02894331649877131,0.1725472806868228,0.06680542942136526,0.03548363976646214
2023-06-05 22:00:00,0.004467599242925645,0.12077960250052538,0.03061113747302443,0.019965436267666517
2023-06-05 23:00:00,0.0011971434252336618,0.10342535776170815,0.022667649029754103,0.015678249197080732
2023-06-06 00:00:00,0.005932014971040188,0.05785366697067564,0.0201692120032385,0.013243035315535962
2023-06-06 01:00:00,0.028582099871709947,0.018527302108705044,0.04631602240726351,0.0231579131167382
2023-06-06 02:00:00,0.07896982186473905,0.003879767246544361,0.10539592142216861,0.045657291556708515
2023-06-06 03:00:00,0.15010127731598913,0.004085538553243334,0.17609384691808372,0.07694788664113729
2023-06-06 04:00:00,0.22534037973731752,0.007984234321523797,0.24971595736220475,0.11042650904972107
2023-06-06 05:00:00,0.18586841057986017,0.01259064242921092,0.2946818658709526,0.16396457449998705
2023-06-06 06:00:00,0.15649434112478045,0.019774631712247026,0.2982929215580225,0.1577569264033809
2023-06-06 07:00:00,0.1501490555470809,0.03712988099252635,0.26437394723296165,0.09937524996697901
2023-06-06 08:00:00,0.03536913389805704,0.045423851392485885,0.0943804899835959,0.04126262154895812
2023-06-06 09:00:00,0.06680700270924717,0.10997027110985734,0.05924097687937319,0.054409041702747324
2023-06-06 10:00:00,0.23848549989517773,0.3053346396711739,0.10744864076841623,0.1348439434356987
2023-06-06 11:00:00,0.4821025310689583,0.4029040211032738,0.20098597888369113,0.3075325349345803
2023-06-06 12:00:00,0.8220044254511594,0.41847661022435534,0.31659431996289633,0.47840086040087043
2023-06-06 13:00:00,0.97301457259804,0.4252582498436624,0.6123500777641311,0.703550475211814
2023-06-06 14:00:00,1.0,0.4348942566459828,0.8664147157594561,0.7993327701836824
2023-06-06 15:00:00,1.0,0.6953309531916272,0.9990407357737422,0.9663235037401319
2023-06-06 16:00:00,1.0,0.9913501241667703,1.0,1.0
2023-06-06 17:00:00,1.0,0.9395313806019047,1.0,1.0
2023-06-06 18:00:00,1.0,0.6849135588922284,1.0,1.0
2023-06-06 19:00:00,0.9983872829377651,0.4956505096568302,1.0,0.9942601172998548
2023-06-06 20:00:00,0.9491623407229782,0.43366573755036697,0.9466186892613768,0.7578901782259343
2023-06-06 21:00:00,0.7862122577242553,0.37633773947981264,0.8403900955058633,0.6218070156127212
2023-06-06 22:00:00,0.7264211818389594,0.25385246163064784,0.7471294212713837,0.47977065615355974
2023-06-06 23:00:00,0.5976563001051544,0.14980404213748194,0.6144000273570416,0.3790901660360395
2023-06-07 00:00:00,0.4443796413578094,0.09609199229966511,0.48634439107030636,0.29283603645861145
2023-06-07 01:00:00,0.31547399692237377,0.066289950764992,0.3854696106165647,0.2368059453554451
2023-06-07 02:00:00,0.23043868318200103,0.04939980907196348,0.31580539558082815,0.16922471281141038
2023-06-07 03:00:00,0.1698715700116008,0.03492222234606743,0.24055342961102721,0.13775429007597267
2023-06-07 04:00:00,0.1183832308743149,0.024778114774010394,0.203252519890666,0.10041002100333571
2023-06-07 05:00:00,0.045026852851733565,0.02179447538812052,0.08619773877784612,0.0380508483806625
2023-06-07 06:00:00,0.02126303069293499,0.03489883901720698,0.045514631737023595,0.023223703601397572
2023-06-07 07:00:00,0.009355025817640125,0.06039561217142777,0.029399690032005314,0.02286795249208808
2023-06-07 08:00:00,0.009472903115674851,0.07283644453707067,0.025335435834713285,0.03071665350347757
2023-06-07 09:00:00,0.02774678976740688,0.09242875382981518,0.044106296952813866,0.04999267308041454
2023-06-07 10:00:00,0.0870433638524264,0.1416292676126415,0.08461749338544904,0.08544448431581259
2023-06-07 11:00:00,0.16348220820538698,0.28154745532707726,0.13689672593958674,0.13124970308504996
2023-06-07 12:00:00,0.2324699625186622,0.26968013072555713,0.18522647715173662,0.17165310445241627
2023-06-07 13:00:00,0.24849608978256582,0.19867455466227096,0.2077456216141581,0.18108767140656712
2023-06-07 14:00:00,0.23585548124276098,0.12912331445311961,0.22561666958034038,0.1820905774552375
2023-06-07 15:00:00,0.2566860760562122,0.06581697705455801,0.24105438586324454,0.18632743164896964
2023-06-07 16:00:00,0.26573938908986744,0.0640184365924109,0.2362230645306408,0.17706402114592487
2023-06-07 17:00:00,0.21011729349382222,0.10151237993077798,0.19716403916478153,0.13672096921131016
2023-06-07 18:00:00,0.20161147479899227,0.06840709863061253,0.17428615901619196,0.12884024526923893
2023-06-07 19:00:00,0.27476837869733567,0.03978909552435982,0.19475717563182116,0.15700068465434017
2023-06-07 20:00:00,0.28273381223902105,0.017618908255615018,0.17774236725643278,0.127397980466485
2023-06-07 21:00:00,0.11962740031071006,0.0010081532766873186,0.061480017686262725,0.03548076069448143
2023-06-07 22:00:00,0.07748882215470075,0.00042459625073454593,0.05119758653454482,0.03242116978857667
2023-06-07 23:00:00,0.05345887926407159,0.0003539153323932126,0.04275854819454253,0.032562769372016194
2023-06-08 00:00:00,0.019744447935372594,0.00045412425967780024,0.017937287748791275,0.01916622912976891
2023-06-08 01:00:00,0.003305967887863517,0.00472423754632473,0.004202122893184423,0.006873686690814793
2023-06-08 02:00:00,0.0006197365326806902,0.01878243046389385,0.0014058563858270641,0.0036306073516607284
2023-06-08 03:00:00,0.00036283234134316445,0.03049517166546799,0.0009615695802494883,0.0033914068946614855
2023-06-08 04:00:00,0.0007670281548053027,0.039598785435611544,0.00018624079879373312,0.0021975616132840514
2023-06-08 05:00:00,0.0016342416452243922,0.03887504727325656,0.0,6.0496297664940356e-05
2023-06-08 06:00:00,0.0,0.04873160876333713,0.0,0.000806145374663174
2023-06-08 07:00:00,0.0,0.06789523057978263,0.0007122789556160569,0.004749785787425935
2023-06-08 08:00:00,5.536824930459261e-05,0.12654850555075836,0.005880637918598951,0.01785475506447256
2023-06-08 09:00:00,0.008427106114104391,0.24684568960558276,0.04238109776284547,0.06210714080370962
2023-06-08 10:00:00,0.07382829822599886,0.40403361302885155,0.12270796419121321,0.16620783193968233
2023-06-08 11:00:00,0.19051095526665449,0.39223815315149047,0.18576143347658214,0.2506876181717962
2023-06-08 12:00:00,0.25063202036544674,0.25278389599512924,0.17654887850396336,0.22983781082555652
2023-06-08 13:00:00,0.24485079860314726,0.15030520252544768,0.15286556932143863,0.19823420807719228
2023-06-08 14:00:00,0.1872052527964115,0.06662736634300513,0.09933616403024643,0.14133764578960833
2023-06-08 15:00:00,0.10385432140901686,0.015898602855476465,0.04980797735508532,0.07885744427330793
2023-06-08 16:00:00,0.039419062910601495,0.0010598966750231655,0.01611376356333494,0.0248940372094512
2023-06-08 17:00:00,0.0582319065835327,0.0054866659471934495,0.025195890236645938,0.026644469471648325
2023-06-08 18:00:00,0.011340857255272568,0.011690238809043713,0.012525635221973062,0.009994428087957202
2023-06-08 19:00:00,0.00371685336343944,0.00903675367547707,0.017827833630144597,0.014628887511789802
2023-06-08 20:00:00,0.004378818846307695,0.014557778615165844,0.02570399658288807,0.02359603404067457
2023-06-08 21:00:00,0.0006674501951783895,0.012388446649367158,0.008053307514637708,0.007576153590343892
2023-06-08 22:00:00,2.2514681331813334e-05,0.01350477642633698,0.005432933047413827,0.006980060334317385
2023-06-08 23:00:00,0.008811002699658276,0.07936349336396564,0.016487771417014303,0.022078272150829432
2023-06-09 00:00:00,0.06871012100949882,0.21234550740231165,0.083446856290102,0.07646508406847716
2023-06-09 01:00:00,0.11559919516555967,0.37140856696800756,0.14993420822545883,0.15052029859274624
2023-06-09 02:00:00,0.14172118308953938,0.5585075238076123,0.18579784042201933,0.19567843701690432
2023-06-09 03:00:00,0.16366687105968597,0.7216379024088381,0.22639532258734102,0.2541506530158221
2023-06-09 04:00:00,0.21695055358111856,0.7912869678437708,0.2879648373834789,0.3269665714539587
2023-06-09 05:00:00,0.26757335972040885,0.7201506438174031,0.39560755688697097,0.4160354461148381
2023-06-09 06:00:00,0.3353200207091867,0.5370121317695487,0.4629906936176121,0.48765408540144556
2023-06-09 07:00:00,0.414852155148983,0.4447186418961395,0.4937902510352432,0.547659957166761
2023-06-09 08:00:00,0.5044296143949033,0.2947639679739421,0.5243258806876837,0.5833329613134265
2023-06-09 09:00:00,0.5316762019693851,0.1653926486521959,0.4507484392262995,0.4931085626967251
2023-06-09 10:00:00,0.6649217506311832,0.11244905847717414,0.4957476760447025,0.4563119345903397
2023-06-09 11:00:00,0.800999240465462,0.13064200215718963,0.6171802841499445,0.5518488818220795
2023-06-09 12:00:00,0.7838051769323646,0.13126256216656076,0.6359759084321555,0.5444388624839486
2023-06-09 13:00:00,0.7841897795721888,0.14872089873322028,0.6703037601336835,0.5677345198765396
2023-06-09 14:00:00,0.7704632335156202,0.17821587247604673,0.7053716920688746,0.6282346474565562
2023-06-09 15:00:00,0.718106302116066,0.1412988812679594,0.7107266872748731,0.6584051119536158
2023-06-09 16:00:00,0.662824375964701,0.10154853436079893,0.70698871480301,0.6740319267287849
2023-06-09 17:00:00,0.587277692221105,0.08896000657569277,0.6318609591946004,0.5788064313866197
2023-06-09 18:00:00,0.5193190008215606,0.07572084417058664,0.6141332804039119,0.528632664401084
2023-06-09 19:00:00,0.47585444375872615,0.0764155119251121,0.58917610373348,0.5036948256380855
2023-06-09 20:00:00,0.40728529045358297,0.10945046097717501,0.547963690329343,0.4830485907010734
2023-06-09 21:00:00,0.2742742525041103,0.12069948858835482,0.37524762887507673,0.3470488026365637
2023-06-09 22:00:00,0.24728329088538883,0.1851591865650632,0.3337231492437423,0.3230265477485954
2023-06-09 23:00:00,0.2317496833577752,0.25124777932058673,0.2959034478664398,0.29154287204146384
2023-06-10 00:00:00,0.25645367529243224,0.32759843969886954,0.3080842545628547,0.31305316047742954
2023-06-10 01:00:00,0.2699015719257295,0.2906431024927984,0.3370241503417492,0.3613360811024903
2023-06-10 02:00:00,0.29951120978221296,0.2587212759933688,0.40907791424542667,0.4627115352265536
2023-06-10 03:00:00,0.3545503886044025,0.27315258729864245,0.49244488401338454,0.5756039190664887
2023-06-10 04:00:00,0.42657311055809255,0.2664891259372234,0.5762328958511352,0.6780821169912814
2023-06-10 05:00:00,0.5005206478573382,0.08322233041579073,0.6664003151655196,0.7754357050545512
2023-06-10 06:00:00,0.5468741418235002,0.033672269782559446,0.6911718424409626,0.8144105152972041
2023-06-10 07:00:00,0.6298672711104154,0.0007714932378042829,0.7310156929306684,0.8350824990123509
2023-06-10 08:00:00,0.6752580944634973,0.007860626392066479,0.747555301785469,0.8388319461606442
2023-06-10 09:00:00,0.5978982449881731,0.06760428198359227,0.6709608370438217,0.7564495744742452
2023-06-10 10:00:00,0.702299318537116,0.04075745580209928,0.7540026910975574,0.8491757017560303
2023-06-10 11:00:00,0.8379543685540557,0.048611105931076135,0.8554183707572518,0.9196104573272166
2023-06-10 12:00:00,0.9055404104106128,0.07904920098117807,0.898104823678732,0.933248032554984
2023-06-10 13:00:00,0.9092658767476678,0.0968052241341634,0.8952935319766401,0.9225288009084759
2023-06-10 14:00:00,0.9065172660164533,0.09271736504679379,0.8912997031211853,0.8913663484901189
2023-06-10 15:00:00,0.9093226015195249,0.07265013917264612,0.8805503133125604,0.8456987614370881
2023-06-10 16:00:00,0.898373265452683,0.04980830308388579,0.8593533972837029,0.8019312993623314
2023-06-10 17:00:00,0.8838378121331334,0.021293610002506864,0.8560289996489885,0.7735749406926331
2023-06-10 18:00:00,0.8336838027834891,0.0053494341197338965,0.803871269673109,0.7080424571968613
2023-06-10 19:00:00,0.7716965370066464,0.003585819287056272,0.7509938668832182,0.6589052602648733
2023-06-10 20:00:00,0.6192546684667466,0.005355222262442113,0.585416127219796,0.4874561941251158
2023-06-10 21:00:00,0.5614941639825702,0.0039403303543275045,0.4932059478759766,0.3907261744141579
2023-06-10 22:00:00,0.5565129264630378,0.01191476361656731,0.4720492251217365,0.37500745983794326
2023-06-10 23:00:00,0.5804314459115266,0.025815419277006934,0.4881216597184539,0.3711306814849376
2023-06-11 00:00:00,0.7052793506905435,0.028757866502485494,0.6079387262091039,0.42961106279864897
2023-06-11 01:00:00,0.7967272658832372,0.04490196238187227,0.691429693866521,0.5307111723721027
2023-06-11 02:00:00,0.777887557223439,0.08015262788669628,0.6641850274242458,0.5736003505066037
2023-06-11 03:00:00,0.7829854563996195,0.12065943425351922,0.6703447438403962,0.5937336799129843
2023-06-11 04:00:00,0.7604998925328255,0.17112852389839556,0.646634989492595,0.5823860853351652
2023-06-11 05:00:00,0.9505862765200437,0.30940617350692096,0.8808785679750142,0.8151789029128848
2023-06-11 06:00:00,0.9228112597204743,0.312426965453408,0.8685232946462929,0.8204276688583193
2023-06-11 07:00:00,0.9219063107296823,0.2633267812430858,0.8645003402605653,0.8244566597416996
2023-06-11 08:00:00,0.937450878638774,0.27537460127337404,0.8762634851969777,0.8767227159254252
2023-06-11 09:00:00,0.9278537155315278,0.24394310261038213,0.8679636235907673,0.8586063269153236
2023-06-11 10:00:00,0.9499290660396217,0.3761110495979135,0.9024869513697922,0.8483581265434622
2023-06-11 11:00:00,0.9657998252101243,0.45497616141018526,0.9156103496067225,0.8635904946178196
2023-06-11 12:00:00,0.9734086444042623,0.5055063079703935,0.9164477969892322,0.8726443165726958
2023-06-11 13:00:00,0.9659042800031601,0.5067527246576817,0.9011684155464172,0.8686271102540193
2023-06-11 14:00:00,0.9535241936333478,0.5149067383395,0.8876103691011665,0.8671669857949018
2023-06-11 15:00:00,0.9423217886872589,0.5139210160957141,0.8778186495415867,0.859980467762798
2023-06-11 16:00:00,0.9375565050169825,0.46374893359839914,0.8696750131808222,0.8572088043577967
2023-06-11 17:00:00,0.9432849313132464,0.40492256587201897,0.8685549554415049,0.8574484363012015
2023-06-11 18:00:00,0.9288596272468568,0.2957103869589892,0.8044599647819994,0.7712835698015987
2023-06-11 19:00:00,0.851090033967048,0.27210385111245244,0.6827257972955704,0.5886252480745314
2023-06-11 20:00:00,0.5804540487192569,0.2736006812209432,0.47899677768349636,0.36642506936565034
2023-06-11 21:00:00,0.4408963687717915,0.12928267021748155,0.34272865200415253,0.2845633342396468
2023-06-11 22:00:00,0.30190081670880314,0.03760642320595004,0.28533148333430286,0.19503154812380671
2023-06-11 23:00:00,0.20373559774830938,0.01894442865794355,0.22644565451890228,0.13857827144674956
2023-06-12 00:00:00,0.14975762097164985,0.020268852331421585,0.18628727505914872,0.1143145592883229
2023-06-12 01:00:00,0.14577745312824844,0.026703782650557426,0.18299889082089066,0.11314093440771103
2023-06-12 02:00:00,0.1702125457860529,0.038102530820125886,0.2053370524011552,0.1416526902746409
2023-06-12 03:00:00,0.20749002021737392,0.044250324954363436,0.22967351525090626,0.16976537085138257
2023-06-12 04:00:00,0.1823521811049431,0.04855980209328912,0.19534397324547167,0.1454122753813863
2023-06-12 05:00:00,0.13854847989045083,0.023892676779492337,0.17743539733812208,0.14316962901502844
2023-06-12 06:00:00,0.0645324246492237,0.0326268710297617,0.10230385235976427,0.08245802813675254
2023-06-12 07:00:00,0.024243271285668017,0.07959452845494855,0.06961454955860973,0.05479663085192442
2023-06-12 08:00:00,0.010940989488735797,0.1032562059164047,0.049067309042438875,0.0534280782053247
2023-06-12 09:00:00,0.05618755537085235,0.08442295203832063,0.053517500287853195,0.10071220857556906
2023-06-12 10:00:00,0.2114550699479878,0.05675739747895436,0.1614619034714997,0.26257429766934365
2023-06-12 11:00:00,0.3293996210535989,0.07767147935249587,0.31778286321088667,0.3866936999186873
2023-06-12 12:00:00,0.42304613434709615,0.2092789793895049,0.3872009009215982,0.46420641569420684
2023-06-12 13:00:00,0.6270788762718438,0.30933763216164983,0.3619484879681841,0.49866816747933607
2023-06-12 14:00:00,0.7094847737718373,0.3416308107972145,0.35011083991266784,0.4662355672754346
2023-06-12 15:00:00,0.6557285203970967,0.37749384630132804,0.31696697029285137,0.41027226935140776
2023-06-12 16:00:00,0.6866772890277207,0.4417495632848956,0.31634697280358526,0.4113687968626618
2023-06-12 17:00:00,0.8073056900501252,0.38219826162538745,0.4071180900838226,0.5027559284958987
2023-06-12 18:00:00,0.6708742581307886,0.4072467770291999,0.42199172533117235,0.5731104708882049
2023-06-12 19:00:00,0.5807871673628686,0.40663040726699595,0.41845214658416807,0.6203700804989785
2023-06-12 20:00:00,0.465805681347847,0.32078911206261673,0.42293441078625615,0.5640334067493677
2023-06-12 21:00:00,0.3519327992014587,0.19832343405620623,0.38376253321766846,0.3817304484173656
2023-06-12 22:00:00,0.23564541831612584,0.11190133955668316,0.27765961920842525,0.27947737768758085
2023-06-12 23:00:00,0.1682583371736109,0.06643892680379476,0.2048639238346367,0.19606111757457254
2023-06-13 00:00:00,0.1698365969583392,0.06666613914072515,0.16830531613901256,0.13455484761390832
2023-06-13 01:00:00,0.11787331166677177,0.05931625413623723,0.09736663260497153,0.07410174428019672
2023-06-13 02:00:00,0.08496194194070994,0.05850130694833668,0.04987337292172014,0.037102793455123906
2023-06-13 03:00:00,0.04072769045829773,0.04283693769438702,0.01758013616781682,0.010652453280054033
2023-06-13 04:00:00,0.017919113887473942,0.028250691680745645,0.008114569704048336,0.00421398605685681
2023-06-13 05:00:00,0.03317546652629972,0.008878477317365734,0.025293980618007483,0.01323940545786172
2023-06-13 06:00:00,0.04063149617984891,0.009617478339509532,0.04364063656423242,0.015896888687275353
2023-06-13 07:00:00,0.04190759457647801,0.011077741591090507,0.055179726183414456,0.023548377971164887
2023-06-13 08:00:00,0.04608980152755976,0.009386202181604774,0.037560064718127256,0.02733895174227655
2023-06-13 09:00:00,0.036083663152530795,0.012181785269217059,0.019121125680394473,0.025366130410693594
2023-06-13 10:00:00,0.08618308645673096,0.02684429431503469,0.034635606645606457,0.028607862028293313
2023-06-13 11:00:00,0.1629575750511139,0.045034648643975904,0.0780384006211534,0.05261977799236773
2023-06-13 12:00:00,0.23094986332580447,0.08654956546019425,0.13610533990897236,0.0863093558512628
2023-06-13 13:00:00,0.3700672819837928,0.14427388504147526,0.23170043962076306,0.13431388943456113
2023-06-13 14:00:00,0.510717518478632,0.1445468160916458,0.30550054712221025,0.18380298648029558
2023-06-13 15:00:00,0.5315437263250351,0.17020780659534712,0.30590143663808705,0.2070417733956128
2023-06-13 16:00:00,0.5014112547039986,0.2095378137921745,0.2803747970238328,0.20312687159515916
2023-06-13 17:00:00,0.5715675783716141,0.3051650607450441,0.34737891459837544,0.1931502585019916
2023-06-13 18:00:00,0.5761146448552608,0.2789776694368233,0.3609839864168316,0.16091477275826035
2023-06-13 19:00:00,0.5195456849969924,0.2633688771860165,0.328461992405355,0.13178805459290743
2023-06-13 20:00:00,0.3305877235904336,0.20690172126347361,0.21212485849857327,0.09885541455820206
2023-06-13 21:00:00,0.1446922181267291,0.12305312459441749,0.07324790228158236,0.04141942598391325
2023-06-13 22:00:00,0.15722364386543633,0.053963505991480566,0.06882022336125374,0.06245363262016325
2023-06-13 23:00:00,0.21358757697977124,0.08596607358618212,0.10489764207042754,0.16109056187793613
2023-06-14 00:00:00,0.3123676611669361,0.11371670635925098,0.18231152554973962,0.3428528171405196
2023-06-14 01:00:00,0.48646605176851154,0.09734572829847986,0.30940021936781703,0.5156787382531911
2023-06-14 02:00:00,0.6527701559476555,0.09628104251216758,0.47257336121052496,0.657369978427887
2023-06-14 03:00:00,0.7994963146001101,0.13861490494825618,0.6526830955967307,0.7621027466654777
2023-06-14 04:00:00,0.8867508863843978,0.2252273427356373,0.791329641379416,0.8352147027291356
2023-06-14 05:00:00,0.9071729443967342,0.2526192891326817,0.7906667532771825,0.836576502174139
2023-06-14 06:00:00,0.9780806270986796,0.43443756106224923,0.9243472786992787,0.9012930735386908
2023-06-14 07:00:00,0.985970054473728,0.5123967675051905,0.9657878505811095,0.9446839768439531
2023-06-14 08:00:00,0.9845547085441648,0.634053901312026,0.9725416646711529,0.9585648369975389
2023-06-14 09:00:00,0.9782128032296895,0.743945095620372,0.949748689122498,0.9420904465205968
2023-06-14 10:00:00,0.9837985841743647,0.7633183422278272,0.9688158443011343,0.9598614438809454
2023-06-14 11:00:00,0.9978457359969617,0.6745620647750116,0.9887205712497235,0.9598298007436097
2023-06-14 12:00:00,1.0,0.6097136022285978,0.9877603020519018,0.9541938863135875
2023-06-14 13:00:00,1.0,0.6576435086131093,0.9934762953594327,0.9681757998466493
2023-06-14 14:00:00,0.9997515294328332,0.6960809624195098,0.9982618877664209,0.9661641605012119
2023-06-14 15:00:00,0.9923597452789545,0.739812446466901,0.9812366877682507,0.8828199500590562
2023-06-14 16:00:00,0.9305662188678979,0.8909709135781635,0.9201725930348037,0.6812218843866138
2023-06-14 17:00:00,0.7549677817896008,0.5700998031144792,0.8262651954591274,0.5336028008162974
2023-06-14 18:00:00,0.550058710705489,0.6012615946206179,0.7202293169312178,0.5846107878163457
2023-06-14 19:00:00,0.4397912301402539,0.8262084311924198,0.6740770576428622,0.6438000044599174
2023-06-14 20:00:00,0.32717905943281944,0.9563135353001683,0.5037709046714006,0.48882414210587743
2023-06-14 21:00:00,0.3200907719694078,0.9491678416458044,0.34779073286801576,0.3691425482369958
2023-06-14 22:00:00,0.3257525835372508,0.9372556757656011,0.2797132647968828,0.29666625923477113
2023-06-14 23:00:00,0.38760002469643945,0.9768549504063345,0.282927038455382,0.36870843450538815
2023-06-15 00:00:00,0.46265875827055425,0.9908820957080884,0.349942493038252,0.3741623961087315
2023-06-15 01:00:00,0.3445048453100026,0.9899595083431764,0.3314251116942614,0.3629416990280151
2023-06-15 02:00:00,0.27179915781598535,0.9613051640987395,0.27707974967546756,0.3711538449302315
2023-06-15 03:00:00,0.33242877718061203,0.9394673524932426,0.2230313512403518,0.3011894479300826
2023-06-15 04:00:00,0.26654742223210626,0.98091739627448,0.17145911599509414,0.24140487772878258
2023-06-15 05:00:00,0.319025450302288,0.9735329727151177,0.4966813418129458,0.41465782741084684
2023-06-15 06:00:00,0.4446911442186683,0.9489260413971814,0.6162380506098271,0.6756307673454283
2023-06-15 07:00:00,0.6150192025490104,0.801456344764341,0.6866425047256051,0.8442169856838883
2023-06-15 08:00:00,0.5568647827580571,0.555249382189729,0.6633161875791846,0.7969928115606306
2023-06-15 09:00:00,0.40520062193274503,0.3071235526014458,0.5062729022279382,0.5878061598353087
2023-06-15 10:00:00,0.29842877713963384,0.17605048200623558,0.2489207834564149,0.48205516260117287
2023-06-15 11:00:00,0.3048786808364093,0.1486598882553252,0.2467769046500325,0.5972952604666353
2023-06-15 12:00:00,0.2382526792399585,0.15841522378000344,0.3935017056576907,0.7336190961115061
2023-06-15 13:00:00,0.1993311295751482,0.23482417720962648,0.47335589749738566,0.8896798344328999
2023-06-15 14:00:00,0.2489149482548236,0.3407352811504494,0.5761936441157013,0.9342127628438174
2023-06-15 15:00:00,0.36952211759053166,0.5076354981552469,0.6920623221620916,0.9663570542447267
2023-06-15 16:00:00,0.44157316303811966,0.6579916922341692,0.7724021362513304,0.9795970450341701
2023-06-15 17:00:00,0.371332331574522,0.5848146766830573,0.6978509738016874,0.956466903630644
2023-06-15 18:00:00,0.4391155124455691,0.6245381022041493,0.7071373374760151,0.9606677034124732
2023-06-15 19:00:00,0.6033760606404392,0.6375128590247847,0.7545109481271357,0.9656141233444214
2023-06-15 20:00:00,0.7878146245237438,0.6010051279311829,0.8325969475880266,0.9686768940091133
2023-06-15 21:00:00,0.9249009969830513,0.4821788368780503,0.9366747354902327,0.989403181374073
2023-06-15 22:00:00,0.9983780855312944,0.3775411544198338,0.9824585267715156,1.0
2023-06-15 23:00:00,1.0,0.3991398670456627,0.9975817689299583,1.0
2023-06-16 00:00:00,1.0,0.4618314448337662,1.0,1.0
2023-06-16 01:00:00,1.0,0.42318916988643723,1.0,1.0
2023-06-16 02:00:00,1.0,0.3483286055516114,1.0,1.0
2023-06-16 03:00:00,1.0,0.22770323563705783,1.0,1.0
2023-06-16 04:00:00,1.0,0.1112833793224259,1.0,1.0
2023-06-16 05:00:00,1.0,0.0333443411405791,1.0,0.999018862247467
2023-06-16 06:00:00,0.9898295322060584,0.024413887438448998,0.9995829780772328,0.9667734580114483
2023-06-16 07:00:00,0.9192761909030378,0.01858919000422413,0.9757574908435345,0.745123124308884
2023-06-16 08:00:00,0.7362611329555511,0.013702719563787635,0.8307222196646032,0.543252479210496
2023-06-16 09:00:00,0.37844176793470974,0.005359282483431426,0.49423122862353924,0.3345839439705014
2023-06-16 10:00:00,0.1862202829495072,0.0018101670355959373,0.22601335812360046,0.13878785673528907
2023-06-16 11:00:00,0.09779857660643754,0.009595250697298482,0.13104948609136044,0.08034269993193445
2023-06-16 12:00:00,0.033432817696593696,0.047671537490730935,0.09662306131329387,0.16279840100090948
2023-06-16 13:00:00,0.05727696268819273,0.13896154718642884,0.17292901420034465,0.32981348995119336
2023-06-16 14:00:00,0.2564640469662845,0.2754861483655192,0.3364445152971893,0.45754099965095507
2023-06-16 15:00:00,0.4570042704232037,0.4345107892832973,0.44492335537448524,0.49044671211391694
2023-06-16 16:00:00,0.5360187155753373,0.5431222659755834,0.48622682793065913,0.4823812736198307
2023-06-16 17:00:00,0.5528369950503109,0.7291184831749308,0.5421868390217424,0.4921060505323112
2023-06-16 18:00:00,0.5892041382938623,0.7550405077771707,0.5705860741250216,0.4977753858268262
2023-06-16 19:00:00,0.5989254027232527,0.7731958914344959,0.529694242440164,0.430421976596117
2023-06-16 20:00:00,0.4920069788396359,0.6943479660559781,0.3753067694045603,0.27506228726357224
2023-06-16 21:00:00,0.24176997041329737,0.49374817655845116,0.17684450117871164,0.12320304176770147
2023-06-16 22:00:00,0.19727033728733656,0.5158750249851832,0.16492451265454292,0.12706689209677277
2023-06-16 23:00:00,0.22886076521128412,0.6697474137761374,0.23110737213864918,0.19184422492980954
2023-06-17 00:00:00,0.40432461842894557,0.7567221493070775,0.41817773899063465,0.35564254049211735
2023-06-17 01:00:00,0.739197407402098,0.8322833043336868,0.6645617765747008,0.5621031028777361
2023-06-17 02:00:00,0.8696205101348459,0.9089525805142794,0.8026965050771833,0.6591011423058806
2023-06-17 03:00:00,0.8549932221882045,0.960181068276817,0.8211855669133366,0.6794906018674371
2023-06-17 04:00:00,0.8035481645166872,0.9786451710354197,0.8032083438523113,0.6689275698922573
2023-06-17 05:00:00,0.5333723618090154,0.9970194606618447,0.5592694810032844,0.48725724339485177
2023-06-17 06:00:00,0.4843742129206658,0.9997088596224785,0.5553742047958075,0.4730723943561316
2023-06-17 07:00:00,0.39466755697503675,0.9786491242863917,0.5133230424672365,0.3879032183811068
2023-06-17 08:00:00,0.26027471126057206,0.9817459447546437,0.39201698087155806,0.28636634052731097
2023-06-17 09:00:00,0.09091708671767264,0.9580793912302364,0.18244734279811378,0.2302477324195206
2023-06-17 10:00:00,0.03991734064649792,0.959208598760041,0.1629584964364767,0.2690566131472587
2023-06-17 11:00:00,0.034335471554659304,0.9634828904271125,0.1961609976645559,0.36648883665911847
2023-06-17 12:00:00,0.08575104662217199,0.9758670686998148,0.2583834971487522,0.5160699935257433
2023-06-17 13:00:00,0.480890767276287,0.9661220105669716,0.32475991577841334,0.6670932049117982
2023-06-17 14:00:00,0.887897858545184,0.9082439185543493,0.45175566794350736,0.7060467522591353
2023-06-17 15:00:00,0.9172205949574709,0.8079839713194151,0.7407951500173657,0.670458502061665
2023-06-17 16:00:00,0.7447082069329918,0.6821635144542563,0.829576217830181,0.6395250981487333
2023-06-17 17:00:00,0.6985132496431469,0.665489848784425,0.858154840990901,0.6725033863447606
2023-06-17 18:00:00,0.5992839874327182,0.45197628450664595,0.7907280923984943,0.634129242748022
2023-06-17 19:00:00,0.44261135134845964,0.28019261358136477,0.6689963198266923,0.5232100864127277
2023-06-17 20:00:00,0.32296468254178756,0.17098317790099163,0.49913700922392307,0.36535148653201754
2023-06-17 21:00:00,0.14617744921706613,0.08247049167413602,0.27257498964667315,0.18894216293469068
2023-06-17 22:00:00,0.10138168131001293,0.06492257394235242,0.18673014477826655,0.12182471841573714
2023-06-17 23:00:00,0.074791654124856,0.08222273140468381,0.13293150576762852,0.10122553416527806
2023-06-18 00:00:00,0.05968267315998674,0.10482042829082769,0.13505632477812468,0.11006610399112103
2023-06-18 01:00:00,0.04263586934655906,0.1302219598401676,0.1379664588160813,0.12035876557230948
2023-06-18 02:00:00,0.028385275467298927,0.19414906616238034,0.08938257145695386,0.08520415860228239
2023-06-18 03:00:00,0.013383462270721794,0.2482630392705852,0.043058816804550586,0.05401266906410456
2023-06-18 04:00:00,0.015630739093758166,0.30675208988514807,0.031167463534511625,0.0526108539570123
2023-06-18 05:00:00,0.04566206864081323,0.3883861190961166,0.06031377776991577,0.09538668864406642
2023-06-18 06:00:00,0.06887031658086926,0.664835609956221,0.07959399737883358,0.11149882121942935
2023-06-18 07:00:00,0.1066021338570863,0.7278098096901718,0.12918371839448808,0.1569442288856953
2023-06-18 08:00:00,0.22115596942603588,0.561988542892716,0.2214995508920401,0.2383274455089122
2023-06-18 09:00:00,0.4184078793227672,0.5089382659576155,0.365288517680019,0.3626220656372605
2023-06-18 10:00:00,0.6415958577394485,0.534634577415206,0.608396087978035,0.5237622590363026
2023-06-18 11:00:00,0.819031397141516,0.5148610121011733,0.8065738836489617,0.6271630052104591
2023-06-18 12:00:00,0.8461574852839112,0.5400522725555029,0.880208094473928,0.7519832946173846
2023-06-18 13:00:00,0.820618542674929,0.5603362940116362,0.9026890122145413,0.893876995295286
2023-06-18 14:00:00,0.8384913198649883,0.5777635465833274,0.9125186103023588,0.9327264910563827
2023-06-18 15:00:00,0.9031653555855156,0.5598513101583176,0.9171021060459316,0.9106956330500542
2023-06-18 16:00:00,0.937890440057963,0.5444527971609072,0.9277076460048556,0.8864602517150343
2023-06-18 17:00:00,0.6162270660512149,0.4748327666927466,0.667674673460424,0.6119250104017553
2023-06-18 18:00:00,0.6650934246182442,0.42261506454511116,0.664331137705594,0.5968655310384928
2023-06-18 19:00:00,0.7370457088015973,0.5078478486023165,0.6461163722537457,0.4929970276169479
2023-06-18 20:00:00,0.7232437303662298,0.5732063444907014,0.5206467233598231,0.26920560778118663
2023-06-18 21:00:00,0.46084509223699566,0.547444183176214,0.3514916910976171,0.1677786271553486
2023-06-18 22:00:00,0.42483096288517114,0.5963286097754131,0.27565344421193,0.1355336192483082
2023-06-18 23:00:00,0.41394281608983874,0.6559828179939227,0.23989205508492883,0.11400423385668546
2023-06-19 00:00:00,0.3720007803104818,0.7470262040062384,0.18987860315944993,0.08438649852760136
2023-06-19 01:00:00,0.25511850336566566,0.7414257958124985,0.16208585137501355,0.09053986973129212
2023-06-19 02:00:00,0.15270931182429193,0.7909843905405566,0.15768181821331378,0.14887145983520894
2023-06-19 03:00:00,0.11880868488922715,0.8966355149989778,0.25107757598627356,0.21826548872515558
2023-06-19 04:00:00,0.1786886125151068,0.9667303627864882,0.3185926178656518,0.26046258366666736
2023-06-19 05:00:00,0.04401384584140033,0.9650418455492364,0.11245043547824025,0.054923389190807935
2023-06-19 06:00:00,0.016474703927524387,0.917679683240977,0.06073860917240381,0.03871804723050445
2023-06-19 07:00:00,0.007767106485553086,0.8771791071647946,0.05718971580732614,0.08541281820740551
2023-06-19 08:00:00,0.03235917354468257,0.9355751659111543,0.18049343632534146,0.18686848952434953
2023-06-19 09:00:00,0.11852544843219219,0.9960360457951372,0.356500729881227,0.3452734427340328
2023-06-19 10:00:00,0.2624362485110759,0.9921290948580609,0.44621048087254167,0.5860006878525019
2023-06-19 11:00:00,0.5989970746263861,0.9998565556244418,0.6376409205049276,0.747800385225564
2023-06-19 12:00:00,0.8680435014516115,0.9993756755373695,0.8204419732280074,0.7335412304289638
2023-06-19 13:00:00,0.9128629213944076,0.9972613992338831,0.7793366620130836,0.5498139181546866
2023-06-19 14:00:00,0.8535632114484906,0.99860053233125,0.634900511316955,0.3958788750506938
2023-06-19 15:00:00,0.774617445319891,1.0,0.5463682578876614,0.33468710062094037
2023-06-19 16:00:00,0.7940062548965213,1.0,0.6437927755340931,0.4845163852162659
2023-06-19 17:00:00,0.9312187090143562,1.0,0.7789835976809262,0.6879689327999947
2023-06-19 18:00:00,0.8843397714942693,1.0,0.7831808232516048,0.8013888393901287
2023-06-19 19:00:00,0.7593862270191312,1.0,0.8009075407683848,0.8776045968383551
2023-06-19 20:00:00,0.9038703563995658,1.0,0.7913376211188732,0.7902659655548632
2023-06-19 21:00:00,0.9621945354901253,1.0,0.9397510455176232,0.886143070757389
2023-06-19 22:00:00,0.9491313375346363,1.0,0.9687684613838792,0.9172949155233799
2023-06-19 23:00:00,0.9166508513316511,1.0,0.9718093715235591,0.9335432749427854
2023-06-20 00:00:00,0.9437165602482855,1.0,0.984978551082313,0.9688464809581637
2023-06-20 01:00:00,0.9867107646912336,1.0,0.9971764988079668,0.9881124524213373
2023-06-20 02:00:00,0.996767642647028,1.0,0.9994454235583544,0.9924117942526937
2023-06-20 03:00:00,0.9997960364446044,1.0,1.0,1.0
2023-06-20 04:00:00,1.0,1.0,1.0,1.0
2023-06-20 05:00:00,0.9784773190692067,0.9949123232743957,0.9982053923979401,0.9956364057399333
2023-06-20 06:00:00,0.9136874060891569,0.9865581807765094,0.9949646558798849,0.9993139677122236
2023-06-20 07:00:00,0.9961286822333932,0.9601754805310206,1.0,1.0
2023-06-20 08:00:00,0.996693926602602,0.9383152516592631,1.0,0.9981484030559659
2023-06-20 09:00:00,0.9889526601135731,0.8809013123132963,0.9864612789824603,0.9129981238767504
2023-06-20 10:00:00,0.9675783886760474,0.7678940531069582,0.9370715630799531,0.7481351169757544
2023-06-20 11:00:00,0.9525804745033384,0.7521150202100927,0.839802390448749,0.648045017234981
2023-06-20 12:00:00,0.9750893559306858,0.7917491896856915,0.8376062821783125,0.6111910150386392
2023-06-20 13:00:00,0.9696296388097106,0.8212964786047284,0.8148387007974087,0.5981706750765441
2023-06-20 14:00:00,0.9380477053299545,0.865120593038472,0.7452911674976348,0.5733576016873121
2023-06-20 15:00:00,0.8924463411420583,0.8983052354509177,0.6769010810181498,0.559511742517352
2023-06-20 16:00:00,0.8360415049642325,0.9113507056236269,0.6482035627774894,0.5475360026583075
2023-06-20 17:00:00,0.8631313298456369,0.8761667752265929,0.8084859323501585,0.7143957466445863
2023-06-20 18:00:00,0.7822912144660948,0.8186100921712135,0.7542621985636652,0.712786528971046
2023-06-20 19:00:00,0.6848544073291122,0.7663294448229397,0.7827641900256275,0.7537857108563183
2023-06-20 20:00:00,0.6174416489899157,0.6531501421332359,0.7879301227256654,0.727872888278216
2023-06-20 21:00:00,0.4652146852947771,0.6110531394725495,0.6886485725454984,0.6846732304617762
2023-06-20 22:00:00,0.3618536588363349,0.6375699872997673,0.6655487865023314,0.6189907567203042
2023-06-20 23:00:00,0.33725001262500875,0.6116288204626602,0.6945419916324318,0.6222638892754911
2023-06-21 00:00:00,0.29594494515098635,0.6682113507796417,0.7074427636899052,0.6308491662330924
2023-06-21 01:00:00,0.2791841585654765,0.6229863333837552,0.7265521703474223,0.644241167511791
2023-06-21 02:00:00,0.21535302066244183,0.4830154351348226,0.7233622687682509,0.606187637336552
2023-06-21 03:00:00,0.1695564242918044,0.34868338074196475,0.6884597201179711,0.6134570406749844
2023-06-21 04:00:00,0.16419506422244007,0.386159306507219,0.6071672555431723,0.6757479812577365
2023-06-21 05:00:00,0.12248873065225778,0.41548293544487525,0.4396270528528839,0.7123787797614932
2023-06-21 06:00:00,0.21343426235020158,0.45901260594414045,0.445455918610096,0.7311631646379827
2023-06-21 07:00:00,0.26567696984857314,0.3703285546533086,0.4253340282849967,0.6770758912339806
2023-06-21 08:00:00,0.2889023675397039,0.31394450816241176,0.3929869451094418,0.6677983991242944
2023-06-21 09:00:00,0.37559962914325296,0.19175812172280118,0.4420803337916731,0.7715917072631419
2023-06-21 10:00:00,0.49426814688369636,0.12264102278785272,0.5828129310533403,0.8349161030724644
2023-06-21 11:00:00,0.5254974528215827,0.056273979561572735,0.6649252553097904,0.8547083441168069
2023-06-21 12:00:00,0.5870603164099156,0.012251194068654015,0.6754728159867225,0.8050002773478627
2023-06-21 13:00:00,0.6727800822630523,0.016363744112578307,0.6942438029311596,0.7191699063777923
2023-06-21 14:00:00,0.7119919927231966,0.02842999311672015,0.7641264546848834,0.6616449978761373
2023-06-21 15:00:00,0.683951030243188,0.04413313845003193,0.7961822314560413,0.6804798041470348
2023-06-21 16:00:00,0.6567690232768654,0.08971606346016579,0.7998717450350522,0.7011880183778701
2023-06-21 17:00:00,0.7835497829504311,0.194180782396685,0.8662593931518495,0.7217292930372057
2023-06-21 18:00:00,0.6876043413020668,0.24241248468106438,0.752586072385311,0.6313040909729897
2023-06-21 19:00:00,0.6086976641230283,0.29684627446261314,0.6185137721151113,0.5172232871502638
2023-06-21 20:00:00,0.5086772330105305,0.333915226242759,0.49813368126749996,0.394885476194322
2023-06-21 21:00:00,0.3683114870078862,0.22166495741090986,0.36605523146688934,0.2271933611854911
2023-06-21 22:00:00,0.3102923892065882,0.22156130618669767,0.30959932366386056,0.17761348864063617
2023-06-21 23:00:00,0.2664512758329511,0.3297455889799377,0.26135844946838915,0.13801731220446525
2023-06-22 00:00:00,0.2514866451919079,0.30170673457058994,0.23354880024679003,0.11351064019836485
2023-06-22 01:00:00,0.31877113023772835,0.21372059061445975,0.26541601056233044,0.12209662583656607
2023-06-22 02:00:00,0.33631377248093486,0.17691082120619034,0.25503871245309706,0.13613274531438946
2023-06-22 03:00:00,0.27818869145587083,0.16979627181860527,0.212616393584758,0.13125194245018063
2023-06-22 04:00:00,0.2205180474929511,0.19317811841314486,0.17639163540676236,0.11732619429007173
2023-06-22 05:00:00,0.09280269532464445,0.3455357348377055,0.09925415790639816,0.05710596213117242
2023-06-22 06:00:00,0.048157888562418524,0.4438993162864987,0.08159240778535602,0.04359129724558443
2023-06-22 07:00:00,0.02511952206492424,0.4812887256118383,0.04342425968497991,0.033174860081635414
2023-06-22 08:00:00,0.027784459525719285,0.526564701185985,0.05661028606817127,0.043265233491547414
2023-06-22 09:00:00,0.042484846198931336,0.4299713648449291,0.06436042923014611,0.11019514529965817
2023-06-22 10:00:00,0.04572706268168986,0.29802604726769705,0.05660419696010649,0.14154287873301652
2023-06-22 11:00:00,0.020277937310747805,0.24784914523363108,0.03291536034084857,0.0579859434813261
2023-06-22 12:00:00,0.0011340812826529144,0.2519882001660086,0.005610183752141894,0.012014163122512399
2023-06-22 13:00:00,0.0053558307280763984,0.34913595440712836,0.001832735389471054,0.0018757870746776463
2023-06-22 14:00:00,0.015492506832815705,0.41100479889999736,0.002583302673883736,0.002089136163704097
2023-06-22 15:00:00,0.03934291226789355,0.4311527090316469,0.007770031811669468,0.00785576400347054
2023-06-22 16:00:00,0.07653747473377732,0.4298746226050636,0.026252163066528736,0.02886751136742532
2023-06-22 17:00:00,0.12818226944655178,0.4955051757937127,0.04309668559581041,0.048063452765345585
2023-06-22 18:00:00,0.16428133872337639,0.48965064178813583,0.05317573742009699,0.04487423521000893
2023-06-22 19:00:00,0.1488672389183193,0.4363271344385364,0.04762905886396766,0.03369218966457992
2023-06-22 20:00:00,0.07744554277509451,0.3199308104135773,0.027289393171668057,0.0206881744414568
2023-06-22 21:00:00,0.009250095137394967,0.10283820382573389,0.0031970672868192195,0.0030815937416628007
2023-06-22 22:00:00,0.002249988089315593,0.04191797193478453,0.0013274721102789042,0.0013456535665318369
2023-06-22 23:00:00,0.0017023265548050403,0.022920645881782883,0.0016144658857956528,0.0009184555243700742
2023-06-23 00:00:00,0.0024866196746006607,0.006033394936133515,0.002784934742376208,0.0017545889364555477
2023-06-23 01:00:00,0.00317962046712637,0.004662601124833931,0.010417220862582328,0.008843400557525458
2023-06-23 02:00:00,0.004291259688325225,0.006511920273981311,0.01572627208661288,0.014822917631827297
2023-06-23 03:00:00,0.010018855910748246,0.005573143122548408,0.027195279151201252,0.026072261496447025
2023-06-23 04:00:00,0.02763844275847078,0.005175689394501123,0.045293376045301564,0.0360472206119448
2023-06-23 05:00:00,0.02664964561350644,0.021126383844424383,0.05055780663155019,0.0460554641392082
2023-06-23 06:00:00,0.03704798720777035,0.03909645670178263,0.06094846621155739,0.058723406987264755
2023-06-23 07:00:00,0.03575062833726407,0.04703495859422468,0.05741200994700193,0.05671888758428395
2023-06-23 08:00:00,0.016129072546027603,0.03046155275946314,0.036492444840259854,0.03641811988316477
2023-06-23 09:00:00,0.0018010915024206044,0.034283013516529036,0.015497575919143858,0.011109813023358586
2023-06-23 10:00:00,3.430929966270923e-05,0.0776027296754447,0.009039719621650875,0.006726066661067306
2023-06-23 11:00:00,0.0011953953793272375,0.16191568992015987,0.010577920586802066,0.008224807209335267
2023-06-23 12:00:00,0.014512078459374605,0.22284912043674432,0.03935357599984854,0.03455659097991884
2023-06-23 13:00:00,0.0966286211227998,0.2781954430619424,0.10020260290708392,0.12290360837243494
2023-06-23 14:00:00,0.2677471478655934,0.30070727030661976,0.20679984480142594,0.27708919679746025
2023-06-23 15:00:00,0.3986373477615416,0.29449563701721754,0.32561358831822873,0.38723248980939395
2023-06-23 16:00:00,0.3687928094342351,0.262162908803333,0.3765429569222033,0.38264518804848197
2023-06-23 17:00:00,0.48713746625930077,0.23173663449558343,0.3752160303108394,0.37185199327766894
2023-06-23 18:00:00,0.4778346317820252,0.11832009195265444,0.3436236547864973,0.2812525840383023
2023-06-23 19:00:00,0.4431047726608812,0.031284783347086474,0.31623449506238105,0.20707299340516327
2023-06-23 20:00:00,0.35982871655374765,0.004099556397308002,0.23298605444841086,0.13011827344074842
2023-06-23 21:00:00,0.19327028078027067,0.0022871355204419656,0.11018292063847182,0.042685124007985
2023-06-23 22:00:00,0.11966839239001273,0.004203508773987944,0.07827396149281411,0.026257430063560606
2023-06-23 23:00:00,0.092901715002954,0.022060496901923958,0.06671029817312955,0.025043368609622123
2023-06-24 00:00:00,0.09912344813346864,0.06340111183510587,0.08453597323037683,0.04148909871000796
2023-06-24 01:00:00,0.1092657984513789,0.08553565731780094,0.08719008446671069,0.05020383361726999
2023-06-24 02:00:00,0.11448784529231487,0.09993171641772446,0.060110301142558456,0.044918727874755864
2023-06-24 03:00:00,0.08335615139454602,0.08005706870420413,0.029860031427815556,0.027098951451480387
2023-06-24 04:00:00,0.059755471190437684,0.05683536292477088,0.023888966469094157,0.019324625157751144
2023-06-24 05:00:00,0.007890866580419242,0.0634741998937997,0.01605634276289493,0.012338091251440347
2023-06-24 06:00:00,0.016833609691821037,0.10919809068807146,0.02251651207450777,0.018777849515900016
2023-06-24 07:00:00,0.02563829096034169,0.10713164137845689,0.019820927544496953,0.0192775952629745
2023-06-24 08:00:00,0.01723311779089272,0.07536268200725316,0.04864331813994796,0.04878857422620057
2023-06-24 09:00:00,0.05481467326171696,0.05772476316853003,0.1030268138507381,0.07616003450006247
2023-06-24 10:00:00,0.15701900565065444,0.07264754337343302,0.21142172202467918,0.13808235979638994
2023-06-24 11:00:00,0.2695215697959066,0.04242561290548605,0.38232124825939534,0.2330874432250857
2023-06-24 12:00:00,0.37329907149076463,0.02952597780322487,0.46980663573369374,0.28515751054510474
2023-06-24 13:00:00,0.42757043456658717,0.036806889399886134,0.5541608795337377,0.3909518402721733
2023-06-24 14:00:00,0.5452765488624572,0.04214998153800314,0.6410491843521595,0.5067575741186738
2023-06-24 15:00:00,0.6511875188164412,0.04205950787121599,0.6765570803359149,0.5646137604676187
2023-06-24 16:00:00,0.7061452801711856,0.03207831016995691,0.632729994319379,0.5137537035532296
2023-06-24 17:00:00,0.6867878787592051,0.09800367692654781,0.5159060467779636,0.30077049723826343
2023-06-24 18:00:00,0.5992227251455187,0.2369146485220302,0.35050410289317374,0.15769929637201127
2023-06-24 19:00:00,0.4458833389356732,0.3332049028439955,0.22793542399071154,0.07761814375407992
2023-06-24 20:00:00,0.28695465890690686,0.419248356507583,0.11863755529746411,0.03174815801437944
2023-06-24 21:00:00,0.0857577790133655,0.23267589197917415,0.02159407135564834,0.005154839358292519
2023-06-24 22:00:00,0.023336630561389033,0.06469723252410241,0.005714999451301992,0.0009486400010064244
2023-06-24 23:00:00,0.015063001373782754,0.03749650353057818,0.0077166021615266795,0.003801019252277911
2023-06-25 00:00:00,0.047528267716988926,0.05063172641802918,0.04978141151368618,0.03554976416751742
2023-06-25 01:00:00,0.12913293721154329,0.06201989016749641,0.10005514071322977,0.09348245758563281
2023-06-25 02:00:00,0.16667740301229056,0.08600654986771669,0.11125015782192348,0.11509916439186779
2023-06-25 03:00:00,0.16652003710158167,0.09433525938202035,0.10004519613459704,0.10244249802082779
2023-06-25 04:00:00,0.134363345997408,0.09334067217328333,0.08584675508551298,0.0987750675342977
2023-06-25 05:00:00,0.0812024454958737,0.008952109000899574,0.04086311850696803,0.040100119030103076
2023-06-25 06:00:00,0.07632727972231806,0.022423475350845944,0.04385786340571939,0.045823060399852684
2023-06-25 07:00:00,0.03655654495581985,0.04376362712545828,0.03193494148552418,0.056278479481115924
2023-06-25 08:00:00,0.009707485144026577,0.08173712305047294,0.058248446043580766,0.13383822015486654
2023-06-25 09:00:00,0.03354083688464016,0.22961995624683124,0.17288396795280275,0.3103302903100848
2023-06-25 10:00:00,0.09625011508353054,0.5301416753367943,0.3462041011825204,0.6058291877619921
2023-06-25 11:00:00,0.16140312268398702,0.5659003761004319,0.5872527610324323,0.7811466521956024
2023-06-25 12:00:00,0.3391398970782757,0.6437006279555232,0.7418742444738745,0.7788013977743685
2023-06-25 13:00:00,0.5906600037775934,0.6668468678539449,0.714096206948161,0.6503080826066434
2023-06-25 14:00:00,0.7586799438856541,0.6419391815499825,0.6024413880333304,0.49565415680408476
2023-06-25 15:00:00,0.7466162342205641,0.6459508971463548,0.5137416259944438,0.38032847341150033
2023-06-25 16:00:00,0.6253511907160281,0.6621295014294709,0.43217314960435027,0.27832281902432443
2023-06-25 17:00:00,0.5366345863044262,0.53331146272746,0.44004708029329775,0.2765430708229541
2023-06-25 18:00:00,0.40811465118080376,0.5083420497314496,0.35553872145712373,0.23905466804280873
2023-06-25 19:00:00,0.34597935914993283,0.3968264858018267,0.3147604011557996,0.26681515540927647
2023-06-25 20:00:00,0.267809738535434,0.28192667459899734,0.2066893266700208,0.24405831310898063
2023-06-25 21:00:00,0.10985643751919266,0.14070303800431164,0.08487212926149366,0.1078424370009452
2023-06-25 22:00:00,0.025486285113729537,0.03274721478874033,0.03727759040426462,0.052077546287328004
2023-06-25 23:00:00,0.007197831450030208,0.028773130127652122,0.011129302000626923,0.022027802267111835
2023-06-26 00:00:00,0.021339414790272713,0.016372131854295733,0.0153531930828467,0.03531462856568396
2023-06-26 01:00:00,0.03499312964733689,0.012412921488285066,0.02814265080727637,0.052518872348591684
2023-06-26 02:00:00,0.06678000443149358,0.008087298724461685,0.06407163430470973,0.07830557252280415
2023-06-26 03:00:00,0.14204273421317337,0.005734457813880661,0.15333549771457908,0.1243637865036726
2023-06-26 04:00:00,0.08926852842792869,0.0075730428201231095,0.2815450428798794,0.1461240116227418
2023-06-26 05:00:00,0.12037432189565152,0.0039049541272900322,0.1615434065368026,0.13577250040136277
2023-06-26 06:00:00,0.12004283138550816,0.0067459184507077385,0.09519482592586427,0.09945569405332207
2023-06-26 07:00:00,0.06058634439948946,0.03142430888319558,0.049270431417971855,0.028705536057241264
2023-06-26 08:00:00,0.048232359779067334,0.06915043637156486,0.060724237924441704,0.03843462666962296
2023-06-26 09:00:00,0.1757148137316108,0.16035249300639734,0.08552283662836999,0.0523425339255482
2023-06-26 10:00:00,0.19247123621404172,0.21120836037803778,0.21480506491847334,0.13339210795704273
2023-06-26 11:00:00,0.10376937204971909,0.21699948390776458,0.2924639823799952,0.3602919780835509
2023-06-26 12:00:00,0.07961774150375275,0.17572740098630837,0.23948345951735966,0.14425714376382526
2023-06-26 13:00:00,0.06235036800149828,0.15806557680734176,0.1344671593885869,0.06595185430720449
2023-06-26 14:00:00,0.03227667258121074,0.13606160364367745,0.09446602089330555,0.049978963211178784
2023-06-26 15:00:00,0.03899265476036817,0.14985057060691445,0.08496603401377796,0.06836181262508034
2023-06-26 16:00:00,0.07480049374513328,0.12665517692538825,0.08679724942892789,0.09581985776312649
2023-06-26 17:00:00,0.013115093223750594,0.06364144156263632,0.02348292421549559,0.024463228224776687
2023-06-26 18:00:00,0.01971185051370412,0.07559091850099237,0.042726647616364063,0.03058755287900567
2023-06-26 19:00:00,0.02154891557991505,0.07261926271021367,0.05817712251562625,0.037438995926640926
2023-06-26 20:00:00,0.009730621818453073,0.034844969856468115,0.03101366046350449,0.017783843972720207
2023-06-26 21:00:00,0.0010080640902742745,0.004961512474851175,0.00028868738096207377,0.0004622841347008943
2023-06-26 22:00:00,0.00022783143445849417,0.0002997635779055682,0.0,0.0
2023-06-26 23:00:00,0.00010657965205609798,1.409066333012147e-05,0.0,0.0004247188242152333
2023-06-27 00:00:00,7.754363119602202e-05,0.0015492014315995303,0.00019158883485943077,0.0035033247154206038
2023-06-27 01:00:00,0.00022094166371971368,0.003102299293333834,0.0008340694615617393,0.004853279367089272
2023-06-27 02:00:00,0.0026531402999535204,0.0032059039412574344,0.0024617276713252063,0.005392053415998817
2023-06-27 03:00:00,0.005417632553726434,0.004925755885514345,0.003999860091134906,0.0031467400165274737
2023-06-27 04:00:00,0.006831615716218947,0.005224577642299912,0.004689838304184377,0.003284017057158053
2023-06-27 05:00:00,0.001539122238755226,0.0015775621546940367,0.001424795570783317,0.0009042080538347364
2023-06-27 06:00:00,0.0022955457819625736,0.00016320271925492717,0.003015518556348979,0.0026466426439583296
2023-06-27 07:00:00,0.0020226780278608204,0.0014773232760754498,0.002170750531367958,0.001678512725047767
2023-06-27 08:00:00,0.0009769287705421446,0.0005202141200954264,0.0009977628057822585,0.0004256865987554192
2023-06-27 09:00:00,0.0011127900285646318,0.0024767557937990536,0.0010811035521328448,0.000531634883955121
2023-06-27 10:00:00,0.0009581432770937681,0.01447624488649043,0.002447740747593343,0.0018661722028627992
2023-06-27 11:00:00,0.00021409055683761834,0.026301218396560713,0.002269900618121028,0.001922794091515243
2023-06-27 12:00:00,0.0014902998553588986,0.02223568094724959,0.005414272560738027,0.007637486685998738
2023-06-27 13:00:00,0.013008216843008997,0.018170502355152912,0.009231095118448138,0.011158846034668386
2023-06-27 14:00:00,0.03958584157750011,0.015424256565218621,0.014653523047454655,0.008062394890002905
2023-06-27 15:00:00,0.06711856881156562,0.011478380347517404,0.020233252174220978,0.0098308052867651
2023-06-27 16:00:00,0.08691613270901143,0.017214264016259802,0.02976815407630056,0.0229742387495935
2023-06-27 17:00:00,0.07315002270042895,0.04089086810296232,0.04088825608603658,0.041156367743387816
2023-06-27 18:00:00,0.11396083341911437,0.07578691173006188,0.07886709157377482,0.055918332664296036
2023-06-27 19:00:00,0.14108116441406307,0.11209554305808113,0.10911341049708426,0.06241209473460914
2023-06-27 20:00:00,0.13387952561490235,0.11146263882179147,0.11809343785978854,0.07178288171067834
2023-06-27 21:00:00,0.042231654040515425,0.04943897027860988,0.04197938955388965,0.02758512519765645
2023-06-27 22:00:00,0.01369241221342236,0.02086839916692539,0.015332289016805589,0.008222994655370712
2023-06-27 23:00:00,0.014364203987643123,0.011370952650904655,0.020322696194052702,0.011734182219952344
2023-06-28 00:00:00,0.047908130446448934,0.0021794602986086498,0.03895275671035051,0.018741546589881183
2023-06-28 01:00:00,0.17257446128875015,0.003022283840585839,0.12239366661757231,0.056689483774825924
2023-06-28 02:00:00,0.25687324386090044,0.005142267657951875,0.19932639665901655,0.118936975505203
2023-06-28 03:00:00,0.2754271831177175,0.00942193045534871,0.25177591163665053,0.17339108820073307
2023-06-28 04:00:00,0.27645804280415176,0.02604112602093003,0.29920100864022964,0.21893564265221355
2023-06-28 05:00:00,0.3437388574145734,0.01487561302090233,0.40937766695395106,0.2914971724338829
2023-06-28 06:00:00,0.4016568268276751,0.04272741170430725,0.44224949030205607,0.3340791242755949
2023-06-28 07:00:00,0.22306074341759083,0.11157951646569098,0.27807420197874305,0.2608605653606355
2023-06-28 08:00:00,0.20039528096094725,0.1412668809091503,0.19071911562234162,0.19421479351818563
2023-06-28 09:00:00,0.09249275101348757,0.07172271128405222,0.14961985316127538,0.1630185190401971
2023-06-28 10:00:00,0.061068216031417245,0.02419061853465709,0.14519457108341155,0.17367485497146842
2023-06-28 11:00:00,0.08661264264956116,0.003851474425332113,0.20260227530263358,0.2438042030949145
2023-06-28 12:00:00,0.07695917204022408,0.0007696873051199047,0.17760696941986678,0.20754252189770342
2023-06-28 13:00:00,0.02872833838220686,0.0013870129598812621,0.11505169448442755,0.15035654304549095
2023-06-28 14:00:00,0.009733429825864733,0.00913527302443981,0.0767369825206697,0.1120631587738171
2023-06-28 15:00:00,0.013674281258136037,0.030220256783068177,0.05841736653354019,0.07401469224132598
2023-06-28 16:00:00,0.041352373156696556,0.03508783814243295,0.04251351606100798,0.04327546059619635
2023-06-28 17:00:00,0.029197003860026598,0.10691983636807309,0.012219037781469523,0.013074930352158844
2023-06-28 18:00:00,0.03462543782312423,0.09074713742868466,0.019045600579120216,0.025943966428749264
2023-06-28 19:00:00,0.029931093072518712,0.06670799592679198,0.01911282284650952,0.02679802994709462
2023-06-28 20:00:00,0.029088788945227866,0.05100731384686448,0.01575797895900905,0.011566699887625875
2023-06-28 21:00:00,0.0038096796814352267,0.014579107876528398,0.0013662273483350871,7.554960437119006e-05
2023-06-28 22:00:00,0.0042074949247762556,0.0009632369164716113,0.0014730699826031924,1.169169321656227e-05
2023-06-28 23:00:00,0.004652208955958486,0.0,0.0017416503746062518,0.0002168217673897743
2023-06-29 00:00:00,0.010135194435715675,0.0004219090396707708,0.00992438968271017,0.003084311555139721
2023-06-29 01:00:00,0.012450949447229505,0.0009572418034076691,0.01793071530293673,0.006920501929707824
2023-06-29 02:00:00,0.014789202143438158,0.0009846375882625578,0.020341314366087316,0.00729469854850322
2023-06-29 03:00:00,0.01940482465550304,0.001399730762297457,0.0211065869173035,0.0058645015629008425
2023-06-29 04:00:00,0.02631062462925911,0.0007520564340732313,0.026221054592169824,0.007030389532446859
2023-06-29 05:00:00,0.06994877950288354,0.021271833303299816,0.06275615026243031,0.01738433338701725
2023-06-29 06:00:00,0.055209777280688294,0.07847320749678395,0.06693237600382418,0.027081452622078363
2023-06-29 07:00:00,0.058627500459551805,0.04913563529876144,0.08399956778623163,0.04075324898585676
2023-06-29 08:00:00,0.09709154282696544,0.0015184656327421016,0.1059904834628105,0.038752330783754584
2023-06-29 09:00:00,0.12169985895976422,0.0004626100950620391,0.11184772554785011,0.03381391984876245
2023-06-29 10:00:00,0.20245551294647152,0.0,0.1838864863431081,0.05932236469816416
2023-06-29 11:00:00,0.40125499971210954,5.512665618549693e-05,0.3568306764075532,0.13618470753543077
2023-06-29 12:00:00,0.565035845581442,0.005834968445653265,0.5450224723573773,0.30948332147672775
2023-06-29 13:00:00,0.5812677375227213,0.04319254223595966,0.581201717276126,0.446622511241585
2023-06-29 14:00:00,0.5767542576231062,0.07879178716377779,0.5649039986915886,0.49783322814852
2023-06-29 15:00:00,0.5509855122305453,0.13614103524522345,0.5079784921556711,0.48480471909046174
2023-06-29 16:00:00,0.5607888988777994,0.15964235075495456,0.5121773390285671,0.4410751292482018
2023-06-29 17:00:00,0.4195940212905407,0.2412364296208728,0.3521516874805093,0.24729416538961232
2023-06-29 18:00:00,0.39709988549351694,0.29405390990051355,0.31292845133692027,0.20046338477637618
2023-06-29 19:00:00,0.36928901137784115,0.27654522452842095,0.28523123720660803,0.1850982810743153
2023-06-29 20:00:00,0.30493304975330826,0.271740065000274,0.22206637957133346,0.149784034723416
2023-06-29 21:00:00,0.13468913738615806,0.20668661529367618,0.08221546271815895,0.04202577225863933
2023-06-29 22:00:00,0.09457683907821773,0.09944974858652461,0.05236167653929442,0.021199740231968463
2023-06-29 23:00:00,0.10424382993951439,0.1211688757078214,0.06491658777929842,0.033439903534017504
2023-06-30 00:00:00,0.15585113663226363,0.11972785986959934,0.09698239095509051,0.06327526849228889
2023-06-30 01:00:00,0.17682160517200823,0.09181527530605141,0.11672949894331394,0.08570834508165717
2023-06-30 02:00:00,0.166186095662415,0.10400256451557982,0.11963583513163029,0.09811728491447866
2023-06-30 03:00:00,0.14761873086914418,0.12185399699617516,0.11359891545958815,0.09827414789237078
2023-06-30 04:00:00,0.14134019345045087,0.1248622187159278,0.10885796923190354,0.08875268592499194
2023-06-30 05:00:00,0.029514795336872342,0.10379480234601281,0.027911233175545936,0.016819063858129084
2023-06-30 06:00:00,0.03604325970634818,0.14790287718854167,0.031563976621255284,0.01740847176872194
2023-06-30 07:00:00,0.012004271661862728,0.1736883451654152,0.0197968577593565,0.00921539890114218
2023-06-30 08:00:00,0.009835438025183977,0.1967129861157049,0.010118806320242585,0.004882715204730629
2023-06-30 09:00:00,0.014347340129315855,0.1262991554425521,0.013860724195837976,0.007719083968549968
2023-06-30 10:00:00,0.04040050147566945,0.09557983685623515,0.058629866475239385,0.04947480804286897
2023-06-30 11:00:00,0.09211746874731033,0.08182959149506958,0.17450174504425373,0.13960841659456488
2023-06-30 12:00:00,0.174180379207246,0.11846579922193828,0.3273835597047582,0.22165683934465047
2023-06-30 13:00:00,0.28955836739856744,0.1926330982859839,0.5035680057946592,0.29243738419376314
2023-06-30 14:00:00,0.3922334138071165,0.25092557407576926,0.5592382999137043,0.3030907850060612
2023-06-30 15:00:00,0.4025417448766529,0.2588491049002517,0.5202989108674227,0.28157617923803624
2023-06-30 16:00:00,0.22501844972372054,0.2562957476147196,0.37782006060704587,0.2674842626461759
2023-06-30 17:00:00,0.30785428410861637,0.26510669990696684,0.26381994524504987,0.48315561929717643
2023-06-30 18:00:00,0.3515355350496247,0.21176799104294988,0.25462470181751995,0.4029337828513234
2023-06-30 19:00:00,0.35818635307718066,0.18342686003582045,0.24953229009173808,0.2986465503927319
2023-06-30 20:00:00,0.35844239874277267,0.15421904643150894,0.1991203189315274,0.17995248495135455
2023-06-30 21:00:00,0.24863204859197136,0.10724450587548992,0.10544810276478528,0.06297757980413735
2023-06-30 22:00:00,0.14726656389422713,0.03186038791794668,0.10751305225305258,0.04586545560974628
2023-06-30 23:00:00,0.05805642123799771,0.08492758088152517,0.08949518697336317,0.03420100506395101
2023-07-01 00:00:00,0.03706908236257732,0.10230956714261662,0.06722995664924383,0.028408022616058595
2023-07-01 01:00:00,0.04201516258530319,0.08499029355970297,0.04254404382314533,0.018778365147300063
2023-07-01 02:00:00,0.04251133922487498,0.0929592677341266,0.032792930016294124,0.01413207395467907
2023-07-01 03:00:00,0.026885716854594652,0.10853883743963456,0.023777321679517627,0.010951000973582266
2023-07-01 04:00:00,0.016532853203825658,0.13231705276803538,0.023792788395658133,0.013533169655129315
2023-07-01 05:00:00,0.08093763363547622,0.2208982303603129,0.07763614557217806,0.03139746065717191
2023-07-01 06:00:00,0.1176952498126775,0.2972111561488021,0.08863542914856226,0.02411099449265748
2023-07-01 07:00:00,0.09733336474746464,0.3770762366462838,0.08386149038095028,0.06242466022260487
2023-07-01 08:00:00,0.10545095465146007,0.47986903021281413,0.07274673760402947,0.07115799450315534
2023-07-01 09:00:00,0.18702081371098755,0.40649548465555346,0.1703933442384004,0.14484460382256656
2023-07-01 10:00:00,0.32960735829547044,0.4412730904871767,0.37070375179871917,0.38010784717276686
2023-07-01 11:00:00,0.44455229260027407,0.5268895655734972,0.5114645725023002,0.5420288194809109
2023-07-01 12:00:00,0.43914850915782144,0.586952496767044,0.5045509595423937,0.6206921896105632
2023-07-01 13:00:00,0.426335677523166,0.668947537636215,0.4892774319462478,0.602191002285108
2023-07-01 14:00:00,0.4498331000842154,0.747281365177848,0.5053858244977891,0.5371506983414291
2023-07-01 15:00:00,0.42535580491647107,0.7430362746119499,0.4596572629641741,0.4578562748618424
2023-07-01 16:00:00,0.4007274306938053,0.7259250274977899,0.4145746825169772,0.44868209566921
2023-07-01 17:00:00,0.34145748717710367,0.7302372018586503,0.5077919244207442,0.6591186845302581
2023-07-01 18:00:00,0.43943449085578323,0.6305913221294228,0.5988218512572347,0.7252047554217279
2023-07-01 19:00:00,0.4916916468925773,0.5669767012379386,0.6139081804268061,0.7047679746337235
2023-07-01 20:00:00,0.489008338972926,0.5021063036810268,0.5446815378963947,0.5543613391369582
2023-07-01 21:00:00,0.2939985304325819,0.37518586803566323,0.3250832206197082,0.262055900786072
2023-07-01 22:00:00,0.23341606164351097,0.21293916587802492,0.24199216295033688,0.1666692698560655
2023-07-01 23:00:00,0.16056490786373612,0.5413126321678812,0.17096740355715156,0.09807287409435955
2023-07-02 00:00:00,0.11604746705852446,0.860546035563404,0.12602945432066917,0.06356795605272055
2023-07-02 01:00:00,0.11849696041084826,0.9112878858501261,0.12253507107496257,0.06484444938134401
2023-07-02 02:00:00,0.16933140498585997,0.946209098466418,0.14176440842449667,0.11113371764309703
2023-07-02 03:00:00,0.2396513229608535,0.9767340803688224,0.22149798908270896,0.26146483970806
2023-07-02 04:00:00,0.4051773247309029,0.9887695650485426,0.41129112873226403,0.4670759488269686
2023-07-02 05:00:00,0.28580477913841607,0.9301087880405512,0.28804239111021157,0.24427853446453807
2023-07-02 06:00:00,0.4053618675936013,0.9968945936045863,0.3952189323958009,0.3825948330760002
2023-07-02 07:00:00,0.8610940491501241,1.0,0.593474252745509,0.5944571473076938
2023-07-02 08:00:00,0.9813428151048718,0.9999194484678181,0.8115808963216841,0.7497861824557184
2023-07-02 09:00:00,0.9952195069566369,0.9937744856016202,0.8727182190492748,0.8731035331822933
2023-07-02 10:00:00,0.9684194987267256,0.980094931423664,0.9931168179959059,0.9775248816236854
2023-07-02 11:00:00,0.9956265391781925,0.8415614885904571,0.9965336322039365,0.9991995501518249
2023-07-02 12:00:00,0.9843010664731265,0.7164630164849485,0.9971507798880339,0.9878105207718908
2023-07-02 13:00:00,0.9247256347350776,0.6755675508081912,0.9699447250925004,0.9253575878217816
2023-07-02 14:00:00,0.7676052483730017,0.5607342714206736,0.8428873902373015,0.7282282247208057
2023-07-02 15:00:00,0.7092860633879899,0.2742028885741125,0.674696413632482,0.5207274551317095
2023-07-02 16:00:00,0.6312971806526181,0.11531622696329244,0.5828874736092984,0.4483068738318979
2023-07-02 17:00:00,0.7547775534912944,0.025809441046281297,0.7322832944430409,0.655971594210714
2023-07-02 18:00:00,0.7982735216058789,0.025612921315160672,0.7060365906171497,0.6479418152756988
2023-07-02 19:00:00,0.9295781238749622,0.05172167859294197,0.7436454023793339,0.6654553850740194
2023-07-02 20:00:00,0.9339614732190966,0.10284143017774276,0.8099081403948367,0.6448770387284456
2023-07-02 21:00:00,0.8420997077040375,0.16511575793000785,0.8313497855141757,0.696397483628243
2023-07-02 22:00:00,0.6118590386956928,0.18702555092898276,0.671322800721973,0.5500474904850124
2023-07-02 23:00:00,0.629006959553808,0.13419426460157735,0.5270259692147373,0.380475696651265
2023-07-03 00:00:00,0.9087525480240582,0.07293593137101693,0.5522880680486559,0.34927379859611396
2023-07-03 01:00:00,0.9988688861951232,0.03293262809515,0.7359173315577207,0.4411413446813821
2023-07-03 02:00:00,1.0,0.016318542130968786,0.9034936215355992,0.6561044861003755
2023-07-03 03:00:00,1.0,0.01211822467094118,0.9659308814071118,0.7577285035327077
2023-07-03 04:00:00,1.0,0.006368872181258419,0.9778859853185714,0.7915989601425826
2023-07-03 05:00:00,1.0,0.041725676361132766,0.9992534217610956,0.9437487711571158
2023-07-03 06:00:00,1.0,0.03608385903252797,0.9980714001879096,0.9452357055991887
2023-07-03 07:00:00,1.0,0.06593073732134969,0.9960283955559135,0.9908736359700561
2023-07-03 08:00:00,1.0,0.30249476752497934,1.0,0.9985337821766734
2023-07-03 09:00:00,1.0,0.48812389707023435,1.0,0.9770101012475787
2023-07-03 10:00:00,0.9968971510976553,0.48960787697271857,0.9661347062885761,0.79592681389302
2023-07-03 11:00:00,0.9672833754867315,0.3843107413161883,0.8565291486121713,0.5641636477969585
2023-07-03 12:00:00,0.9292395122162996,0.277839528074996,0.7241896737366914,0.4219151985272764
2023-07-03 13:00:00,0.9346327840723094,0.18534852495924994,0.6441543361358344,0.30368993977084746
2023-07-03 14:00:00,0.92716567536816,0.0829935769601302,0.6587671311385928,0.3583302397280931
2023-07-03 15:00:00,0.939549392517656,0.020186411484398627,0.7616662471555171,0.5611200458928942
2023-07-03 16:00:00,0.9742269821837544,0.02183617933907292,0.8659548791870475,0.7214874536544083
2023-07-03 17:00:00,1.0,0.07502343267202377,0.9879544495604933,0.9115116131864488
2023-07-03 18:00:00,1.0,0.07048691557889633,0.9900772685557604,0.9239164216071367
2023-07-03 19:00:00,1.0,0.06898219860074196,0.9920271626673639,0.9223711661621928
2023-07-03 20:00:00,0.9949893038719893,0.054874346144497384,0.942194694224745,0.837418967038393
2023-07-03 21:00:00,0.9947006982192398,0.020378263003446837,0.9379831040650606,0.7654790294729171
2023-07-03 22:00:00,0.9989979329705237,0.029845045544207093,0.9737588396295904,0.8847962225601077
2023-07-03 23:00:00,1.0,0.0554792995615439,0.9949468430504202,0.9347857678495345
2023-07-04 00:00:00,1.0,0.05611604041673919,1.0,0.9840728272870183
2023-07-04 01:00:00,1.0,0.04340675257823684,1.0,0.9906629634462297
2023-07-04 02:00:00,1.0,0.015287579955025159,1.0,0.9929544131830335
2023-07-04 03:00:00,1.0,0.0020138097283515064,1.0,0.9952297614887357
2023-07-04 04:00:00,1.0,0.0033669564432718536,1.0,0.992672129124403
2023-07-04 05:00:00,1.0,0.03035963454368439,1.0,1.0
2023-07-04 06:00:00,0.9998070976510643,0.1082287662069906,0.996847658753395,1.0
2023-07-04 07:00:00,1.0,0.1574026777663014,1.0,1.0
2023-07-04 08:00:00,1.0,0.35573571580377483,0.9991973291710019,0.9997380439564586
2023-07-04 09:00:00,0.982939260583371,0.608963581174612,0.9938930037990212,0.996415325552225
2023-07-04 10:00:00,0.9348654520511627,0.7655592738904736,0.9579709887877105,0.9530279511399565
2023-07-04 11:00:00,0.909561486467719,0.8017171991955151,0.8864979209564625,0.7732235202379525
2023-07-04 12:00:00,0.8275316126830876,0.5887229833413252,0.828002049177885,0.675289477817714
2023-07-04 13:00:00,0.7152731082774697,0.3206378602033311,0.7644762421771882,0.6031629537791013
2023-07-04 14:00:00,0.5349177111685276,0.18704621326516974,0.6170010075904427,0.4656195288337766
2023-07-04 15:00:00,0.4312989535741508,0.1654424018141898,0.5378723589517176,0.3810695987939834
2023-07-04 16:00:00,0.27191031634807583,0.13605835353447635,0.4258087127655744,0.29265542851760984
2023-07-04 17:00:00,0.3015562758594751,0.06724606905132531,0.48242183756083246,0.3335585372708737
2023-07-04 18:00:00,0.2022372284345329,0.06258046331053432,0.3394428871385753,0.25226961130276315
2023-07-04 19:00:00,0.13645040219649668,0.040943705300715845,0.19183145815506575,0.16905363786965605
2023-07-04 20:00:00,0.07220932938158511,0.027463137233121826,0.0962976039480418,0.08076219365932047
2023-07-04 21:00:00,0.040741636073216805,0.00900709128176624,0.03703523455187679,0.03090695501305163
2023-07-04 22:00:00,0.03450422679074109,0.0015655311434106393,0.017046401780098676,0.0054350458690896625
2023-07-04 23:00:00,0.04146899686194957,0.000672908682714809,0.03343198109418154,0.0094388569239527
2023-07-05 00:00:00,0.04778181842528284,0.0008043798939748243,0.04925485538318754,0.021594005916267634
2023-07-05 01:00:00,0.04183105048723519,0.0007291335443204098,0.0505606147646904,0.03329234088771046
2023-07-05 02:00:00,0.03585193070583046,0.0004293137280778451,0.05165721178986132,0.030740389791317286
2023-07-05 03:00:00,0.04217516440898181,0.0004154975034973838,0.06145934251137078,0.02695875355508178
2023-07-05 04:00:00,0.04932567612268031,0.0012601217729124158,0.0690755155030638,0.027281853319145736
2023-07-05 05:00:00,0.11967148431576788,0.001515566422180696,0.08973993632011117,0.032147988127544526
2023-07-05 06:00:00,0.10406065305694936,0.0025534194301475178,0.07191624781582504,0.023346687681041655
2023-07-05 07:00:00,0.0709364123828709,0.0058031486448916515,0.04739881170913577,0.012277375436387957
2023-07-05 08:00:00,0.04046569040510803,0.008686225945976648,0.025033458378165965,0.013334246571175757
2023-07-05 09:00:00,0.007651341962628067,0.017425456839528956,0.003876977879554033,0.031658727517351506
2023-07-05 10:00:00,0.0008774164645001292,0.0374576927924698,0.005575871001929045,0.03223571164999157
2023-07-05 11:00:00,0.0003628973523154854,0.06878934893418442,0.0004413115093484521,0.027239543977193536
2023-07-05 12:00:00,0.0015306195756420492,0.09898546095260165,0.0038695734739303588,0.02682885536458343
2023-07-05 13:00:00,0.012254555444233121,0.10392886390740218,0.019588372320868075,0.03737697338685393
2023-07-05 14:00:00,0.03976201983634383,0.12148044471374964,0.04229233026970178,0.05567106482572853
2023-07-05 15:00:00,0.060013029370456925,0.13210748220370575,0.05065738050732763,0.06387339993845673
2023-07-05 16:00:00,0.0694462111638859,0.13662407934665677,0.048634773460216815,0.0683791654650122
2023-07-05 17:00:00,0.097213656893,0.27254617684266785,0.04115149510093033,0.056121350266039365
2023-07-05 18:00:00,0.09484682644717395,0.21690471756187346,0.03496215592138469,0.03764696979429573
2023-07-05 19:00:00,0.09656060978770253,0.1426053241640329,0.031462331269867715,0.0244650628324598
2023-07-05 20:00:00,0.053961692480370395,0.07549152092500166,0.01880333629902452,0.017999531803652644
2023-07-05 21:00:00,0.011036472213454543,0.018146046108820223,0.004544962174259126,0.005578780677169563
2023-07-05 22:00:00,0.0073779159784317025,0.0022504675015807152,0.004307485339231789,0.004685733942314981
2023-07-05 23:00:00,0.017049506809562444,0.0017233790287917313,0.009807973220013083,0.010573368179611863
2023-07-06 00:00:00,0.017800494134426116,0.0014926576817577536,0.009912367248907686,0.015607350766658784
2023-07-06 01:00:00,0.02080569666810334,0.00042190031571821737,0.0111077512614429,0.017958657634444538
2023-07-06 02:00:00,0.017895430298522114,0.0006662924215197562,0.01085733389016241,0.015817560385912657
2023-07-06 03:00:00,0.012955034081824125,0.0002807738699696281,0.010918633341789243,0.013481751591898499
2023-07-06 04:00:00,0.014074187171645464,0.00018773322755640204,0.017557029044255615,0.011503793345764278
2023-07-06 05:00:00,0.01755364974960685,0.00030232000757347453,0.022334985174238684,0.014917640564963221
2023-07-06 06:00:00,0.034209645329974586,0.0029374896972016854,0.0431791528267786,0.02747126018628478
2023-07-06 07:00:00,0.027572758374735714,0.0037436209246516227,0.04821573195978999,0.028259975197725
2023-07-06 08:00:00,0.01720281817950308,0.0018748940087177533,0.045473945122212166,0.022638982660137117
2023-07-06 09:00:00,0.011491942629218101,0.0031000392985614865,0.03839970792178065,0.014511598334647716
2023-07-06 10:00:00,0.021310335332527755,0.009076559062708506,0.040577589860185975,0.019813400912098586
2023-07-06 11:00:00,0.04926674741785973,0.021412524415010757,0.059049369613640004,0.031039287131279705
2023-07-06 12:00:00,0.06339006268419325,0.04308680707080797,0.06475850136950613,0.03568224714603275
2023-07-06 13:00:00,0.05981516070663929,0.06045275717973709,0.049570166277699175,0.024994213711470363
2023-07-06 14:00:00,0.039789882740005854,0.08776774580844422,0.024928535078652208,0.01437232938595116
2023-07-06 15:00:00,0.01732062402646989,0.10131622641601347,0.009914903743192554,0.008770739566534756
2023-07-06 16:00:00,0.007202092027291655,0.10078200074420733,0.009225760833360255,0.008392471941187979
2023-07-06 17:00:00,0.028775175474584105,0.09910646609961984,0.047020276328548785,0.05351612293161452
2023-07-06 18:00:00,0.13990536687895652,0.1048616987399079,0.10127767727710306,0.09047764325048772
2023-07-06 19:00:00,0.2349914479628205,0.10208124521781099,0.19001419770531355,0.15329855766147368
2023-07-06 20:00:00,0.16148543815128502,0.10353102461519564,0.1849971329607069,0.16946195241063833
2023-07-06 21:00:00,0.037941026799380786,0.05233776818622242,0.0506174601893872,0.05134063612669706
2023-07-06 22:00:00,0.012081342274323106,0.009336183514784683,0.010360902273096143,0.010261822855100034
2023-07-06 23:00:00,0.013712574490346015,0.008430662378668782,0.009669004487805069,0.008116966192610561
2023-07-07 00:00:00,0.025839554537087684,0.01157154300334779,0.021051747305318717,0.016900486308149998
2023-07-07 01:00:00,0.06336247253231703,0.007771463946185328,0.06677703364752234,0.04912716075778007
2023-07-07 02:00:00,0.10950942935422059,0.004918796525082805,0.11638678614050152,0.08874384693801404
2023-07-07 03:00:00,0.13556492668576536,0.005185039893470028,0.15068222347646948,0.11515266828238963
2023-07-07 04:00:00,0.14939603436738247,0.004867977994409475,0.1617537641897797,0.120764271216467
2023-07-07 05:00:00,0.18743240813724696,0.02042574098164385,0.32954059099778527,0.21539861177094277
2023-07-07 06:00:00,0.16637375982478259,0.019403134543787344,0.21848620716482398,0.16014743424952027
2023-07-07 07:00:00,0.28995362551882853,0.010120685781267557,0.23466880174353716,0.22947001162916417
2023-07-07 08:00:00,0.2645410944521427,0.024873472492803226,0.30035831024870274,0.247361857201904
2023-07-07 09:00:00,0.1735552402306348,0.10824947771700942,0.2123506932239979,0.1713751799147576
2023-07-07 10:00:00,0.11622158862650395,0.2138373870741237,0.17154931154102085,0.13581378939561545
2023-07-07 11:00:00,0.08409360360354184,0.2076255661384626,0.18055849003605548,0.15287577887065706
2023-07-07 12:00:00,0.060889575262553994,0.1341933602162383,0.1698346607107669,0.1418733270978555
2023-07-07 13:00:00,0.06376277912873775,0.09514710968529635,0.20961062812246378,0.16199428047984835
2023-07-07 14:00:00,0.05275287344586103,0.07246675798838788,0.20304196563549334,0.1644189944909885
2023-07-07 15:00:00,0.03382696414832025,0.06164162527431141,0.16307224896736444,0.13858824425376948
2023-07-07 16:00:00,0.018123020329512653,0.04131914015520702,0.12310027042403814,0.11099877814762295
2023-07-07 17:00:00,0.0011252033803611993,0.021496973484754565,0.02873504508752376,0.015068052518181501
2023-07-07 18:00:00,0.0005468267807736992,0.05365967670963568,0.010450864173471928,0.012011772259138525
2023-07-07 19:00:00,0.0005133529845625161,0.09113185372203586,0.007433196706697346,0.04723595809657126
2023-07-07 20:00:00,5.38330478593707e-05,0.06174414336342704,0.01790814757347107,0.08989093545358627
2023-07-07 21:00:00,0.0,0.008902950341051276,0.006163464761339129,0.03545580110047013
2023-07-07 22:00:00,0.0,0.0027696965330026367,0.004759052456356585,0.01987871251534671
2023-07-07 23:00:00,0.0007447812287136911,0.0032946561547842895,0.008882403196766973,0.015556316697038712
2023-07-08 00:00:00,0.007268681456334889,0.010964534458788958,0.010405613216571508,0.0043898247415199865
2023-07-08 01:00:00,0.021559269842691717,0.032268459837545053,0.007112712766975164,0.001740051624365151
2023-07-08 02:00:00,0.04326378518715501,0.0645089611952955,0.011068179234862327,0.0014534167293459178
2023-07-08 03:00:00,0.04788744470104575,0.07989532741633328,0.013843181636184455,0.0020494036655873057
2023-07-08 04:00:00,0.05426370520144701,0.08164480816234243,0.01840347434859723,0.004484111089259387
2023-07-08 05:00:00,0.09362415740266443,0.21193028869276687,0.05732901649083942,0.014912593252956867
2023-07-08 06:00:00,0.0957220962177962,0.1958135824244131,0.11125026111491022,0.030113703352399167
2023-07-08 07:00:00,0.09881771836429834,0.10778890179978173,0.1474959915783256,0.08495596265885978
2023-07-08 08:00:00,0.11673288910649715,0.06505008735439993,0.10856358161196113,0.08526307627558709
2023-07-08 09:00:00,0.15918962923809887,0.06226553996855561,0.10973663697950543,0.05859806698281317
2023-07-08 10:00:00,0.25978865440934895,0.07496998840773648,0.15154201240278778,0.05773581730667502
2023-07-08 11:00:00,0.34958020590245725,0.10912490631369023,0.20677550950087603,0.08291234897449613
2023-07-08 12:00:00,0.36849572364240885,0.13719040315936912,0.2696682283841073,0.11208934819325804
2023-07-08 13:00:00,0.34659314410760994,0.09433579476719554,0.29632421944290405,0.13570067909546196
2023-07-08 14:00:00,0.3087544351071119,0.06115341893989931,0.2653758301166817,0.15338282618205992
2023-07-08 15:00:00,0.26734368171542877,0.042302399433471936,0.2299825732270255,0.15517041558865458
2023-07-08 16:00:00,0.2255745479650795,0.019533158855682072,0.19365812784992154,0.14176397085189818
2023-07-08 17:00:00,0.22666515195742246,0.026213404004546734,0.20209872815757993,0.12881759853102262
2023-07-08 18:00:00,0.16398840544745324,0.02855020134286446,0.11994686500169335,0.06976116030476986
2023-07-08 19:00:00,0.11909141714684662,0.018920352645218377,0.06460990094114095,0.031053387778811153
2023-07-08 20:00:00,0.055410185055807235,0.010221189924261787,0.017426811400800945,0.008496364527381957
2023-07-08 21:00:00,0.005536874551326037,0.0008517938479781149,0.0004865345126017929,0.0011194032710045575
2023-07-08 22:00:00,0.0008432303322479129,0.0,4.1348156519234176e-05,0.00010787601582705974
2023-07-08 23:00:00,0.0003021178767085075,0.0,2.2222613915801047e-05,0.0
2023-07-09 00:00:00,0.0,0.0009331420842896808,5.9101507067680354e-05,0.0
2023-07-09 01:00:00,0.0,0.007504365549168807,0.000534628601744771,0.00027472940739244224
2023-07-09 02:00:00,0.0008831334672868251,0.01222068057818846,0.003201532680541277,0.0029476370522752405
2023-07-09 03:00:00,0.00778330871835351,0.010488288741220127,0.012016156637109818,0.01035593520384282
2023-07-09 04:00:00,0.030040952949784695,0.002962170222943479,0.03242281882558018,0.023225640347227457
2023-07-09 05:00:00,0.036101376404985785,0.0035017294402826912,0.040189181650057436,0.03447154874447733
2023-07-09 06:00:00,0.04869683333672583,0.0026000810956413097,0.05628462482243776,0.03756618833169341
2023-07-09 07:00:00,0.056899414239451294,0.004062288406897675,0.06263613938819618,0.02914921134710312
2023-07-09 08:00:00,0.06556422132998704,0.007962537004866384,0.0650641673989594,0.025206512785516676
2023-07-09 09:00:00,0.061328950626775625,0.02134704711085016,0.05576548973098397,0.01844949979800731
2023-07-09 10:00:00,0.07328357390128075,0.04938683328980748,0.06261448400095104,0.019383505275473
2023-07-09 11:00:00,0.07470052580349146,0.0728221405466849,0.076442352514714,0.021532460120506584
2023-07-09 12:00:00,0.03606434419285506,0.11386322296139867,0.06289084135089068,0.016282899179495873
2023-07-09 13:00:00,0.008034334210678935,0.11063895181498745,0.034081343878060576,0.012681467668153347
2023-07-09 14:00:00,0.0021970267267897724,0.10188928108323704,0.01606142755132169,0.015152810993604361
2023-07-09 15:00:00,0.005873364373110235,0.09476801250129935,0.01248616865370423,0.018530268729664384
2023-07-09 16:00:00,0.013550137537531554,0.08770960970697078,0.01843822745606303,0.022659264295361935
2023-07-09 17:00:00,0.008852014727890493,0.17268198745494534,0.011959334742277861,0.007972355824895203
2023-07-09 18:00:00,0.02484013483393937,0.19244203056801448,0.019457554928958416,0.009611473316326738
2023-07-09 19:00:00,0.04404445162508637,0.1257295640693469,0.02782182223163545,0.009371627480722964
2023-07-09 20:00:00,0.06196162509266287,0.08286071051250804,0.03058703570626676,0.009480197415687145
2023-07-09 21:00:00,0.045530205206014224,0.048135301399637356,0.017975085079669953,0.004727684534154832
2023-07-09 22:00:00,0.017813056968152524,0.007430249076675285,0.00829346067737788,0.0015906313061714173
2023-07-09 23:00:00,0.027945161545649168,0.0006090692125938157,0.014936129385605455,0.00352800564840436
2023-07-10 00:00:00,0.03422768882941456,0.0003050848773934624,0.020764793003909293,0.005669645550660789
2023-07-10 01:00:00,0.03851236130110919,8.754688907753337e-05,0.02376253490801901,0.007479244079440832
2023-07-10 02:00:00,0.06968604376539587,0.0,0.042361383452080195,0.012715478031896056
2023-07-10 03:00:00,0.13533761041238904,0.0,0.07538772381842136,0.025790998553857206
2023-07-10 04:00:00,0.18951199876144526,0.0,0.10883516287431122,0.04596140599809587
2023-07-10 05:00:00,0.10281748680397867,0.0,0.08447783343493938,0.044600394014269115
2023-07-10 06:00:00,0.23177762664854526,4.694156348705291e-05,0.16050242029130457,0.13443798495922235
2023-07-10 07:00:00,0.4348162110149861,0.0037395924262025146,0.25677356483414765,0.16333127126097674
2023-07-10 08:00:00,0.47920032886788244,0.015416846969588237,0.4498465358279645,0.2416256833169609
2023-07-10 09:00:00,0.3176377634517848,0.01878504710441286,0.46565554009750476,0.30640382422134277
2023-07-10 10:00:00,0.24553977997973558,0.03631570099090988,0.44112378014251585,0.3714061835035681
2023-07-10 11:00:00,0.3121963974460959,0.060167375389825216,0.41513447124511005,0.39007754797115923
2023-07-10 12:00:00,0.30686128227040166,0.06234283399175514,0.391751979328692,0.39567099684849383
2023-07-10 13:00:00,0.21884722527116535,0.05761910576034675,0.34596521450206635,0.3777356418035925
2023-07-10 14:00:00,0.19408101778477424,0.052885259985923756,0.32760778602212665,0.3328496657405048
2023-07-10 15:00:00,0.24827988527715206,0.05110290146348151,0.38597235269844526,0.2969215751811861
2023-07-10 16:00:00,0.32038154492154713,0.05504112384874711,0.46342068546451626,0.28027609076350923
2023-07-10 17:00:00,0.39092860443517563,0.11471388906917789,0.40828792116604745,0.2679884527437389
2023-07-10 18:00:00,0.47739697769284256,0.09680520159954371,0.47482788037508716,0.3651596969552338
2023-07-10 19:00:00,0.4560416088998318,0.07626340749927543,0.49816584337502723,0.4101975068449974
2023-07-10 20:00:00,0.3186918958835303,0.05741155103864994,0.39058012330904596,0.3148836886137724
2023-07-10 21:00:00,0.2955831078253686,0.021110723709518258,0.2851272465661168,0.18359938006848098
2023-07-10 22:00:00,0.3754446918144822,0.002821579037064855,0.3137684776820242,0.17645540982484817
2023-07-10 23:00:00,0.42229003239423035,0.0,0.44124826719984417,0.24172142323106527
2023-07-11 00:00:00,0.47297328174114217,0.0,0.5776646309532224,0.39911024797707795
2023-07-11 01:00:00,0.46757527951151134,0.0009404866397380827,0.647013671454042,0.5719447275251149
2023-07-11 02:00:00,0.555113072246313,0.006768875183029607,0.6495682194270191,0.6335981106758115
2023-07-11 03:00:00,0.5126944890618325,0.01705284188078208,0.6445695892535149,0.6386673326976594
2023-07-11 04:00:00,0.4756918519735337,0.0338422135195949,0.5925453989580273,0.5731278104707599
2023-07-11 05:00:00,0.20687608959153292,0.0855661351978779,0.5179317106492817,0.5902943133190273
2023-07-11 06:00:00,0.4002736429870128,0.11486589668826622,0.7243921373412012,0.8114702802151441
2023-07-11 07:00:00,0.6337310778722166,0.05440032481469892,0.7965678710117936,0.8273029774054885
2023-07-11 08:00:00,0.6421048672497272,0.03799942153421316,0.7890875102020799,0.7794295085221529
2023-07-11 09:00:00,0.5968426552787421,0.033350789641792125,0.8043737244419753,0.8173736801557242
2023-07-11 10:00:00,0.6337329151108859,0.17503810611976814,0.8527816290967165,0.8560551966167985
2023-07-11 11:00:00,0.805793213956058,0.3008885279433293,0.9139195229113103,0.865238434728235
2023-07-11 12:00:00,0.862986590657383,0.18018794395706864,0.925961366072297,0.8525866723991931
2023-07-11 13:00:00,0.9146554081141947,0.06488072265616872,0.9422916409373284,0.8335233350843188
2023-07-11 14:00:00,0.9282959952950476,0.055393168099901885,0.9252067508921028,0.8596647792123259
2023-07-11 15:00:00,0.8935906119458377,0.20861002448607568,0.9159991190396249,0.9198856056667863
2023-07-11 16:00:00,0.789026963803917,0.36209917892109256,0.896684871315956,0.9264058693125844
2023-07-11 17:00:00,0.6669009002298115,0.23298378345641216,0.8106940574757753,0.7055300286225973
2023-07-11 18:00:00,0.6337558952160178,0.21447780560363422,0.7967136272788048,0.5225120746344328
2023-07-11 19:00:00,0.45410710999742154,0.1775817934085022,0.574723486881703,0.3056492079049349
2023-07-11 20:00:00,0.23325543113052843,0.10742226960984143,0.3484555926453322,0.1759359103022143
2023-07-11 21:00:00,0.1697207682020962,0.04343998060646382,0.18561924871988594,0.08363029171712696
2023-07-11 22:00:00,0.17946689337491983,0.10577837885780766,0.13214074796065686,0.05251899721100926
2023-07-11 23:00:00,0.18676383516751227,0.32259335822679785,0.12021358400583268,0.0460970885772258
2023-07-12 00:00:00,0.18139537325128913,0.4954734076559543,0.09627868259325623,0.031166243110783396
2023-07-12 01:00:00,0.15881536667235197,0.49565072238445285,0.0647339468402788,0.030131702590733764
2023-07-12 02:00:00,0.12795189480297267,0.4549777284535494,0.05294800175353885,0.027025194731540976
2023-07-12 03:00:00,0.0935976612381637,0.4657045903666452,0.04475496616214514,0.020179978287778795
2023-07-12 04:00:00,0.05885062454733997,0.49122363326224416,0.031085278643295168,0.02026646078564227
2023-07-12 05:00:00,0.09585160030983388,0.4916225081953136,0.03727474874816835,0.022313918634317816
2023-07-12 06:00:00,0.06865615750662983,0.4612057605250314,0.05374702078290283,0.0704757507611066
2023-07-12 07:00:00,0.025450511556118726,0.48792139185423183,0.042312254006974394,0.0831553761754185
2023-07-12 08:00:00,0.03382235988043249,0.3538573067228901,0.024656967762857678,0.07787951874081045
2023-07-12 09:00:00,0.08789097096771002,0.1559366123175079,0.047857766388915486,0.10991663232445716
2023-07-12 10:00:00,0.15020966262556606,0.19260827448557724,0.08307293852325529,0.11869021758437155
2023-07-12 11:00:00,0.21265241388231512,0.23583591493693265,0.13345015820115802,0.146580847967416
2023-07-12 12:00:00,0.2045611219946295,0.2558818200230598,0.13501235685311258,0.12508620414882896
2023-07-12 13:00:00,0.16507023634389037,0.25700624885206874,0.11389039603061975,0.10641529380809515
2023-07-12 14:00:00,0.09416758019011465,0.25499670172956856,0.0941273505007848,0.12024155743420122
2023-07-12 15:00:00,0.048547390201129026,0.23756955140693617,0.08615936005022376,0.11487065350171176
2023-07-12 16:00:00,0.031741284169256694,0.19180675832724034,0.06059188563842327,0.07701370475813746
2023-07-12 17:00:00,0.08938380710314958,0.26539324189451613,0.14047123417258262,0.15705783670768136
2023-07-12 18:00:00,0.043172027291730045,0.23803932651538737,0.12040680217556655,0.12405424632132053
2023-07-12 19:00:00,0.021359835797920824,0.21481223294342103,0.0852303262334317,0.08972393904812634
2023-07-12 20:00:00,0.006301131369546057,0.17691883792254057,0.05568765643518418,0.05091847966425122
2023-07-12 21:00:00,0.0030553107568994167,0.07079972171647983,0.035815809923224154,0.026513167009688914
2023-07-12 22:00:00,0.0025985317444428804,0.0389475418728861,0.026475077285431328,0.018755886126309636
2023-07-12 23:00:00,0.0011463096644729375,0.04322117680853063,0.01732992392964661,0.015848440630361442
2023-07-13 00:00:00,0.0012761406460776925,0.046559556092728265,0.016933470820076763,0.02059526457916945
2023-07-13 01:00:00,0.011578930523246525,0.06647267012433572,0.02196935260668397,0.019098634985275566
2023-07-13 02:00:00,0.028583988239988686,0.08076755244284867,0.03334801653865725,0.02341850670985877
2023-07-13 03:00:00,0.028382124849595132,0.0766526234657927,0.05596088577993215,0.039041664060205226
2023-07-13 04:00:00,0.039966984782367945,0.07335640374909748,0.07151163730770349,0.05829104254022241
2023-07-13 05:00:00,0.04495144944638014,0.09242420122027396,0.09529877303168177,0.11340767249464988
2023-07-13 06:00:00,0.1068866781517863,0.11338282605463808,0.1179351886641234,0.18030923875048757
2023-07-13 07:00:00,0.2218710864521563,0.06692072707482358,0.18485498221591118,0.20878190278075634
2023-07-13 08:00:00,0.3018372267857194,0.05087826587937095,0.26815382294356815,0.19105901783332221
2023-07-13 09:00:00,0.12263765498064458,0.032778727134520354,0.22730552155524492,0.16638330990448588
2023-07-13 10:00:00,0.1340463602170348,0.04964398988607254,0.195733695467934,0.22799204109236595
2023-07-13 11:00:00,0.2976820213720201,0.05211127734658393,0.3203287510946392,0.3378951170295477
2023-07-13 12:00:00,0.34411713533103455,0.0500670712576671,0.3828737568669021,0.36928407380357386
2023-07-13 13:00:00,0.34055535003542897,0.06643852832642468,0.3562245553545654,0.3954122379049658
2023-07-13 14:00:00,0.3410584976337849,0.07145151548087594,0.36179315906018017,0.4147833175584674
2023-07-13 15:00:00,0.3618901851214468,0.0657483214478601,0.37472673965618014,0.4002163970284164
2023-07-13 16:00:00,0.37829256072640416,0.05117264990102161,0.37596333304420104,0.3817939681001007
2023-07-13 17:00:00,0.5250782786309719,0.1143549573760141,0.4969561480917037,0.4834616046771407
2023-07-13 18:00:00,0.4986838583648206,0.16554423512382938,0.4814836648106575,0.43583720492199063
2023-07-13 19:00:00,0.44062997087836264,0.20033021827313033,0.40947316769510506,0.34638017358258355
2023-07-13 20:00:00,0.3791930544562638,0.1901762521131472,0.29468539336696264,0.255711712166667
2023-07-13 21:00:00,0.2725365370325744,0.11713477497073738,0.16426300844177602,0.14246359737589953
2023-07-13 22:00:00,0.3047398081049323,0.04022208902307532,0.17204971641302108,0.13605666537769137
2023-07-13 23:00:00,0.3327023749426007,0.026004959321157498,0.20772220710292455,0.14944603105075654
2023-07-14 00:00:00,0.2987603972665965,0.06550178185105325,0.23596028514206405,0.2064382877759635
2023-07-14 01:00:00,0.2988095790334046,0.1646769341487776,0.2819794464297592,0.2904775796830653
2023-07-14 02:00:00,0.3323227127455174,0.2620957651192491,0.33613317303359497,0.346753101516515
2023-07-14 03:00:00,0.4154118490219116,0.23204141752286384,0.4038349703326821,0.3751627982966602
2023-07-14 04:00:00,0.5108904089033605,0.08107319691303101,0.47018592044711116,0.39721052415668956
2023-07-14 05:00:00,0.5581881741620601,0.12391425349495626,0.5091658122465014,0.5110001188330352
2023-07-14 06:00:00,0.3958202417613938,0.1573327805034139,0.5828664463572204,0.42851596932392566
2023-07-14 07:00:00,0.4269120844826102,0.2198665669424967,0.29857467262074344,0.16769214216619727
2023-07-14 08:00:00,0.8568503997661173,0.17473002107305957,0.4427103289961815,0.28819858488626776
2023-07-14 09:00:00,0.46515114871785035,0.07083661216903815,0.5753414367511869,0.4762691027671098
2023-07-14 10:00:00,0.33704697348177426,0.06585481669415126,0.4684749807789922,0.37553935196250676
2023-07-14 11:00:00,0.5611735171638428,0.09375491883605717,0.46206898018717757,0.3972075203806161
2023-07-14 12:00:00,0.6806990000791845,0.21347756184637545,0.5610734469071029,0.5017351366020739
2023-07-14 13:00:00,0.6700568843074141,0.27375438493761145,0.6384690343774854,0.5235066452622414
2023-07-14 14:00:00,0.679814611878246,0.279308486641808,0.6509274997189638,0.5282339607179165
2023-07-14 15:00:00,0.7148761692270635,0.26784617035903713,0.6786987510696052,0.5781903396733105
2023-07-14 16:00:00,0.7571989979036152,0.23298042074861858,0.6868640661612152,0.6082243101112544
2023-07-14 17:00:00,0.8468932609446346,0.2039470518786798,0.7616437578946351,0.6373581224493681
2023-07-14 18:00:00,0.8213042708858846,0.2582253103838726,0.7318275904469189,0.5629177562519907
2023-07-14 19:00:00,0.8141740235872565,0.2592729492620988,0.6984582746215163,0.5393299174122511
2023-07-14 20:00:00,0.8219950982369482,0.23339178408411418,0.7192022964172063,0.5768281155638396
2023-07-14 21:00:00,0.701304026171565,0.10321387001736597,0.5479069777205586,0.5103611824661493
2023-07-14 22:00:00,0.8675123246200382,0.05642710637301205,0.6353766905702649,0.5626712011173367
2023-07-14 23:00:00,0.8779176569730043,0.042726075703447504,0.704425329901278,0.5183423844352364
2023-07-15 00:00:00,0.8050725460983812,0.05440136535939844,0.739532705694437,0.5230089200660585
2023-07-15 01:00:00,0.7953760437294842,0.041065048033540906,0.7853029405884443,0.5632014513574539
2023-07-15 02:00:00,0.8282799396105109,0.03437578127804128,0.8600733548216521,0.6570558198727666
2023-07-15 03:00:00,0.8910544771887361,0.0535971218923276,0.9089143190346659,0.7140385194681582
2023-07-15 04:00:00,0.954987572543323,0.07947991732846606,0.9487787965871395,0.743153986725956
2023-07-15 05:00:00,0.9542263910733163,0.11588022073561492,0.9676947108469902,0.8471541983634232
2023-07-15 06:00:00,0.9114135527610779,0.12618980958719142,0.9667974895611404,0.8221942699700592
2023-07-15 07:00:00,0.8354138153605163,0.11206763101911005,0.8787525450624525,0.6918687668442725
2023-07-15 08:00:00,0.7228735142759978,0.1004856802049008,0.7433179374597965,0.517615592610091
2023-07-15 09:00:00,0.46487219799309965,0.07471965432844378,0.5066701702773571,0.34332369724288586
2023-07-15 10:00:00,0.2550559657439589,0.052944751656190926,0.35197514237836,0.27779490136541424
2023-07-15 11:00:00,0.1388324256148189,0.06426597827198831,0.21231486679054792,0.18327879806980488
2023-07-15 12:00:00,0.1028301912220195,0.033119861866262826,0.10668116068467497,0.0838735957443714
2023-07-15 13:00:00,0.089127668463625,0.015868976122953675,0.0600714177917689,0.040145152332261215
2023-07-15 14:00:00,0.07990746177267283,0.02165786279873415,0.04010345085989684,0.02561401310842484
2023-07-15 15:00:00,0.08722662663087248,0.03274451816623861,0.04092282935976981,0.02661559608299285
2023-07-15 16:00:00,0.10321257706265898,0.05674788437783717,0.04952178890351206,0.03196996886748821
2023-07-15 17:00:00,0.186899015661329,0.09698381768708879,0.11205497866962102,0.06072236863896251
2023-07-15 18:00:00,0.24879020787775513,0.05800937505608254,0.1784406947158277,0.07855113546364008
2023-07-15 19:00:00,0.2636829689703881,0.02585850609635765,0.21458198744803667,0.08562922758981587
2023-07-15 20:00:00,0.1786784115526825,0.02914069704372775,0.1500812668632716,0.058640023809857666
2023-07-15 21:00:00,0.08603999761864543,0.011985891586677594,0.050120235388167206,0.017584743397310375
2023-07-15 22:00:00,0.08991197136230768,0.0005827033248814668,0.0487688044598326,0.013755184398032725
2023-07-15 23:00:00,0.12558245200663803,0.0001396451653404669,0.08454086408950388,0.02784921936225146
2023-07-16 00:00:00,0.1747202381119132,0.004569947414777496,0.1542263926565647,0.05535131202079355
2023-07-16 01:00:00,0.22048639505170287,0.022351290820674465,0.18466731425374744,0.07766058322042227
2023-07-16 02:00:00,0.3145023414492607,0.03563705575737086,0.22496148118749257,0.09912047825753688
2023-07-16 03:00:00,0.385858133547008,0.04035079809413714,0.3118368518352508,0.15091371928341682
2023-07-16 04:00:00,0.3682970325835049,0.07025893367826937,0.3168433768115938,0.16116851259022952
2023-07-16 05:00:00,0.43628322500735517,0.12017254920168355,0.41549882726743825,0.24411016585305328
2023-07-16 06:00:00,0.43418314654380086,0.08412840288809754,0.4144333394803107,0.2413357858173549
2023-07-16 07:00:00,0.30278406115248796,0.041857507018880406,0.36248934393748633,0.25358769068494436
2023-07-16 08:00:00,0.18846893923357128,0.02638256730681116,0.2678495639376342,0.19572312026284633
2023-07-16 09:00:00,0.1300206557847559,0.18282008148052473,0.1969953949563205,0.13864510275423525
2023-07-16 10:00:00,0.09662894692271948,0.4950037748637524,0.15268824665807185,0.13925842935219407
2023-07-16 11:00:00,0.14311024342663586,0.452169982316819,0.2312898053973913,0.22015641976147887
2023-07-16 12:00:00,0.21034176966175436,0.1971195933392102,0.28784354828298087,0.2761903664842248
2023-07-16 13:00:00,0.2476397010311484,0.11109895500947133,0.3045511205494403,0.31853126585483554
2023-07-16 14:00:00,0.2478812129050493,0.056014181267131445,0.2910348650068044,0.28473053466528647
2023-07-16 15:00:00,0.22912839939817786,0.02985617961395871,0.25090268140658734,0.23606600802391764
2023-07-16 16:00:00,0.19188402598723764,0.020449924231930212,0.21582090254873032,0.1805981884151697
2023-07-16 17:00:00,0.07941314823925495,0.004912760897793553,0.0939907294511795,0.051427484326995905
2023-07-16 18:00:00,0.06724510847590866,0.02807505172423341,0.055270026577636605,0.03483664592728019
2023-07-16 19:00:00,0.0716373253799975,0.03312325088476593,0.061033685840666284,0.04085732079576702
2023-07-16 20:00:00,0.06955241954885423,0.006967870264568112,0.042165251756086944,0.04133765142876655
2023-07-16 21:00:00,0.05484428908675909,0.0012756977907635947,0.03150476709473878,0.037182892551645634
2023-07-16 22:00:00,0.04320715395733714,0.00015877679329026829,0.04139932766091078,0.04542783373501152
2023-07-16 23:00:00,0.04382534473203123,0.003841282081874933,0.04923388574738055,0.06560074589680881
2023-07-17 00:00:00,0.07158035320695488,0.008391880768943918,0.05199065953958778,0.08133983079344033
2023-07-17 01:00:00,0.09356889548711479,0.017447446828538722,0.06956515934318304,0.1027369567239657
2023-07-17 02:00:00,0.10173306880518793,0.032849952646277165,0.08364318885840476,0.12213688326068223
2023-07-17 03:00:00,0.10863056131638588,0.04890194659883325,0.09972167002968489,0.14934017974417657
2023-07-17 04:00:00,0.12206358113326131,0.07112241543490777,0.12259805688634515,0.1833077237335965
2023-07-17 05:00:00,0.12711407773196698,0.067265991080891,0.11294915207661688,0.15995786942541598
2023-07-17 06:00:00,0.11311690962873396,0.1017664056068117,0.1253272078419104,0.180284834895283
2023-07-17 07:00:00,0.13627213274128736,0.11785776709291064,0.1723937766719609,0.22854546326212585
2023-07-17 08:00:00,0.3116938489489257,0.1842380511218851,0.32895560422912234,0.38307306298986066
2023-07-17 09:00:00,0.6290224888734518,0.5305192940140312,0.5974481492303311,0.5941752576641737
2023-07-17 10:00:00,0.875058932248503,0.7065481865947897,0.8519646770693361,0.8799126100353896
2023-07-17 11:00:00,0.9593518638983368,0.7710579824583096,0.9420747036673129,0.961528593916446
2023-07-17 12:00:00,0.9871566933207213,0.7622550986233083,0.9806517129018902,0.9816116488352418
2023-07-17 13:00:00,0.9972902324050665,0.7640138289603319,0.9963780552521347,0.9933559633977711
2023-07-17 14:00:00,1.0,0.7729634246501054,0.9994752044603229,0.9920714804902673
2023-07-17 15:00:00,1.0,0.7644495850124141,0.9991126887127757,0.9858301312662661
2023-07-17 16:00:00,1.0,0.7360863149301572,0.9981575662642717,0.980489865206182
2023-07-17 17:00:00,1.0,0.5933543767238205,0.9952475793100892,0.9464478833042084
2023-07-17 18:00:00,1.0,0.45877357337962504,0.9913185992091893,0.9508921737223863
2023-07-17 19:00:00,1.0,0.339522916037928,0.9937465695478022,0.9628172764740884
2023-07-17 20:00:00,1.0,0.28948806372555813,0.9865992563590408,0.9558054574765265
2023-07-17 21:00:00,0.9995680011808872,0.2134308509122242,0.9468565456755459,0.8250259202346205
2023-07-17 22:00:00,0.9935763665661217,0.10930593527853487,0.9244987808540462,0.7201667732186614
2023-07-17 23:00:00,0.9592997043579816,0.13603847351941195,0.8952207993157207,0.6305612174049019
2023-07-18 00:00:00,0.8765843212604522,0.5150297286429188,0.8274772121757269,0.5054747561924159
2023-07-18 01:00:00,0.787695875838399,0.8944661026244812,0.7761235652863979,0.4387816419079899
2023-07-18 02:00:00,0.7408169170841572,0.9990043359723958,0.699844867857173,0.33282366854138673
2023-07-18 03:00:00,0.6317933198064566,0.999623550745574,0.5718155454285442,0.2768700036499649
2023-07-18 04:00:00,0.4509954775962978,1.0,0.48607362663373344,0.3651022087177261
2023-07-18 05:00:00,0.31140474631451065,1.0,0.18164711849298323,0.10299045600928365
2023-07-18 06:00:00,0.2870537978364154,1.0,0.1877087376406416,0.37198788130190225
2023-07-18 07:00:00,0.3667109805112705,1.0,0.21048608579672873,0.5205884970538318
2023-07-18 08:00:00,0.5468719123862684,0.9971510634909978,0.4054229853535071,0.7188886926649138
2023-07-18 09:00:00,0.772794281039387,0.8446609059788961,0.6365114079602062,0.7775057910615577
2023-07-18 10:00:00,0.914993028230965,0.6671578377620739,0.839600830990821,0.7300459522008894
2023-07-18 11:00:00,0.9102032933756707,0.4506608002023262,0.8076879892498253,0.7074200265482066
2023-07-18 12:00:00,0.8927974693663417,0.29284394350918846,0.709705541618168,0.6918758279085157
2023-07-18 13:00:00,0.9751942310482262,0.26967001680962055,0.7780242768116294,0.7153382804617286
2023-07-18 14:00:00,0.9961375338584183,0.3099142238904129,0.8766583067551255,0.7620524394512175
2023-07-18 15:00:00,0.9994240991026163,0.3265654844926162,0.9152192759327589,0.7896514563821255
2023-07-18 16:00:00,1.0,0.43219498034227966,0.9371711221896112,0.7852014299854634
2023-07-18 17:00:00,1.0,0.41709521258419213,0.9804820157028734,0.8445667596720158
2023-07-18 18:00:00,1.0,0.49475844540040614,0.9913908812962473,0.9156589323095976
2023-07-18 19:00:00,1.0,0.5333590750328518,0.999352149963379,0.9790576632134615
2023-07-18 20:00:00,1.0,0.5658510809188538,1.0,0.9983646627515554
2023-07-18 21:00:00,1.0,0.4144860027595,1.0,0.9945566872879862
2023-07-18 22:00:00,1.0,0.43608268800106914,1.0,0.9987766917422414
2023-07-18 23:00:00,1.0,0.39302797927097843,1.0,1.0
2023-07-19 00:00:00,1.0,0.2390320133417845,1.0,1.0
2023-07-19 01:00:00,1.0,0.2078307027031074,1.0,1.0
2023-07-19 02:00:00,1.0,0.25761781585487453,1.0,1.0
2023-07-19 03:00:00,1.0,0.42881470154632206,1.0,1.0
2023-07-19 04:00:00,1.0,0.5015287724272771,1.0,1.0
2023-07-19 05:00:00,1.0,0.4204898476058787,1.0,1.0
2023-07-19 06:00:00,1.0,0.5095783203298395,1.0,0.999653568789363
2023-07-19 07:00:00,1.0,0.37807890115813775,0.999874397739768,0.9788551056757571
2023-07-19 08:00:00,1.0,0.18482147935439236,0.9976084539294243,0.8871521050855516
2023-07-19 09:00:00,0.9981584573164581,0.09695800162513148,0.9649838904105127,0.7305399045534431
2023-07-19 10:00:00,0.9842333356663584,0.16273026242852207,0.9492062130197882,0.6703867127001286
2023-07-19 11:00:00,0.9571914520114662,0.30174995918165554,0.9318338909000159,0.6323301155492663
2023-07-19 12:00:00,0.9056971800513564,0.3213281634991819,0.9051667502336203,0.6312144506908953
2023-07-19 13:00:00,0.8333431406691669,0.22270423100075928,0.8641280498541891,0.6604665825143455
2023-07-19 14:00:00,0.8048289016261696,0.11316821000792761,0.8510528686456382,0.7299397888220847
2023-07-19 15:00:00,0.7511924902535974,0.044440753199160105,0.8372669254802164,0.7525164070539175
2023-07-19 16:00:00,0.6765259437076746,0.009128873537887227,0.7886409861035643,0.7174313366040586
2023-07-19 17:00:00,0.6985186973027884,0.015963438153266906,0.7609506681933997,0.6897411261312661
2023-07-19 18:00:00,0.5830558299645779,0.03134593074633316,0.6710577559843658,0.6021634375117717
2023-07-19 19:00:00,0.5440613649785516,0.029545947137204084,0.6173595559224484,0.5413077270053326
2023-07-19 20:00:00,0.4237434081546963,0.012269514189525084,0.5745694094896315,0.42468904621899123
2023-07-19 21:00:00,0.3559057434089481,0.0018329667977311393,0.5014380398765204,0.3169442649185657
2023-07-19 22:00:00,0.25436382422223686,0.0027555431290106334,0.3776821056753398,0.24022696847096087
2023-07-19 23:00:00,0.19182801799848673,0.010303070636635476,0.30917350271716704,0.2069829827547073
2023-07-20 00:00:00,0.1416892399638891,0.023491096974096515,0.21739092631265516,0.1934954329393804
2023-07-20 01:00:00,0.09695486573502422,0.026773057285357612,0.12756007720716295,0.12883873661980033
2023-07-20 02:00:00,0.06343419399112464,0.014534574824978004,0.07316195051185787,0.07180974385701121
2023-07-20 03:00:00,0.04163990779779851,0.025745133828710423,0.049325497495010494,0.04801147749647498
2023-07-20 04:00:00,0.031475267428904774,0.05047468556260521,0.04379313270561397,0.04468349125236273
2023-07-20 05:00:00,0.034378389976918694,0.13901560417291792,0.04112537620589137,0.027042808784171937
2023-07-20 06:00:00,0.030851599834859376,0.18272047683596607,0.031797021590173245,0.017171331890858708
2023-07-20 07:00:00,0.023432697202078998,0.27053630962967873,0.026264835614711046,0.012523731342516841
2023-07-20 08:00:00,0.013289334108121694,0.38107786727222526,0.02174744461663067,0.009126504948362708
2023-07-20 09:00:00,0.01052524833008647,0.44880069899288094,0.03118033072445542,0.025351303266361362
2023-07-20 10:00:00,0.026957411784678698,0.5248482297767291,0.08507560513447969,0.10571101307403294
2023-07-20 11:00:00,0.034746579718776045,0.5563281412964515,0.12844252864364536,0.18476981226354833
2023-07-20 12:00:00,0.029603068637661635,0.5006201882118527,0.12049429253209379,0.18963955971412358
2023-07-20 13:00:00,0.027320432700216772,0.44004083104431635,0.10827075853943824,0.17054752325639128
2023-07-20 14:00:00,0.025212880885228516,0.40952382894402195,0.09439843653235584,0.13908554645255206
2023-07-20 15:00:00,0.02501535910647363,0.34837347918274725,0.07580505170393734,0.11372350913006812
2023-07-20 16:00:00,0.04195552358403802,0.29584949588911097,0.0688857993017882,0.10364206467755137
2023-07-20 17:00:00,0.05409874007105827,0.25087272748012435,0.056174037004821,0.07784857208840547
2023-07-20 18:00:00,0.0816725363396108,0.21465179233388462,0.03217434697318823,0.043584254058077934
2023-07-20 19:00:00,0.07473754667676985,0.20909269189292734,0.01943718367721885,0.025299425921402868
2023-07-20 20:00:00,0.05598900488112121,0.18360282355072818,0.01296405735425651,0.018040577191859485
2023-07-20 21:00:00,0.02486086438409984,0.08407039327377623,0.0068983775330707445,0.010232906150631604
2023-07-20 22:00:00,0.0008769219741225242,0.041607991084456446,0.0006741750286892057,0.001311096199788153
2023-07-20 23:00:00,0.0,0.044018151837993756,0.0003926046891137957,0.0004905161401256918
2023-07-21 00:00:00,0.0,0.08239944986660373,0.0005210673343390227,0.001313819377683103
2023-07-21 01:00:00,9.388569742441177e-07,0.14705090870911425,0.0011830769293010234,0.004834321085363627
2023-07-21 02:00:00,0.000170272090472281,0.18730192152613948,0.001986531745642424,0.01264949732925743
2023-07-21 03:00:00,0.00034180059563368556,0.17569899033416395,0.0025385683635249737,0.015447964910417795
2023-07-21 04:00:00,0.0,0.16266732103445314,0.0014268577052280308,0.013584213918074965
2023-07-21 05:00:00,0.00020654317922890185,0.1431719739802859,0.001106477971188724,0.01289005657657981
2023-07-21 06:00:00,0.00029158117249608037,0.09529893392527646,0.002229409054853022,0.010836477917619047
2023-07-21 07:00:00,0.0010855898447334766,0.1166266166825186,0.008401708249002694,0.014047063500620426
2023-07-21 08:00:00,0.009579261313192547,0.18236249295147983,0.03396405701059848,0.03644971246365458
2023-07-21 09:00:00,0.06492382057476788,0.2626089005646381,0.11019055213313547,0.11286223133094607
2023-07-21 10:00:00,0.12805777037050575,0.3317794834754683,0.21790797153487804,0.22939459035173057
2023-07-21 11:00:00,0.24735970904119306,0.4190847855874083,0.38839357975870376,0.4739326683804392
2023-07-21 12:00:00,0.3305513334088027,0.4193279174647547,0.4571593161672353,0.5890949075855314
2023-07-21 13:00:00,0.35363040767610077,0.36210262123834003,0.45269246345385905,0.5751713825389742
2023-07-21 14:00:00,0.36303301900625223,0.30076542200351297,0.40626433210447427,0.5105077434144912
2023-07-21 15:00:00,0.3678724973462522,0.23406948021528395,0.3615804352425039,0.4439925390668213
2023-07-21 16:00:00,0.3399472710303962,0.17449880625713957,0.3165677915886045,0.3482644233852624
2023-07-21 17:00:00,0.3093347831629217,0.08338307522575962,0.3553510718233883,0.31164232788607477
2023-07-21 18:00:00,0.2809561349079013,0.0614185671000318,0.24539125820621846,0.18053724197670817
2023-07-21 19:00:00,0.2023983142804354,0.036106623560190204,0.1330489925853908,0.09720124453306198
2023-07-21 20:00:00,0.09129905321635307,0.013026561787859966,0.08015991418156773,0.06639636960811914
2023-07-21 21:00:00,0.01323942303657532,0.00255340849134055,0.02825682583730668,0.0146122323255986
2023-07-21 22:00:00,0.0006858610454946757,0.00024363343349911946,0.002064703176729381,0.0009727740660309791
2023-07-21 23:00:00,0.00013362453784793613,0.0008704793995076961,0.0006548804789781571,0.00030057871248573065
2023-07-22 00:00:00,0.0009169409936293959,0.0037715381383895876,0.0024673049384728073,0.002691763462498783
2023-07-22 01:00:00,0.004467619215138257,0.010300284851003776,0.013878518505953251,0.01965403154492379
2023-07-22 02:00:00,0.008720138445496559,0.011966840028762816,0.02884682605043054,0.05088810667861254
2023-07-22 03:00:00,0.0031925935437902807,0.0044520453363657,0.023338809255510566,0.06435283304657788
2023-07-22 04:00:00,0.001044527436606586,0.0006194017217917875,0.014282346079126,0.058746322900988156
2023-07-22 05:00:00,7.366043049842118e-05,0.002596058740534566,0.0005342823406681418,0.007082692105323077
2023-07-22 06:00:00,0.0075869096955284475,0.00896723205054348,0.001949448063969612,0.005803843731991947
2023-07-22 07:00:00,0.025048603783361618,0.034512927969071,0.009300292572006583,0.007674173279665411
2023-07-22 08:00:00,0.05794286318123341,0.1359733645042235,0.03684308058582247,0.025112201427109536
2023-07-22 09:00:00,0.17327583346515893,0.35823038396510215,0.15425987098366023,0.11930899479426442
2023-07-22 10:00:00,0.3373940731585025,0.32356268106536423,0.33683461576700213,0.27946225602179764
2023-07-22 11:00:00,0.44989590957760806,0.21771458572962074,0.5126159799098967,0.4910995471477509
2023-07-22 12:00:00,0.5106663570553064,0.15411819129166276,0.6010910857655107,0.6047974078916012
2023-07-22 13:00:00,0.5214211038872599,0.10300136767666451,0.6213276181742549,0.6357237516902385
2023-07-22 14:00:00,0.5091288631223142,0.07520771858367054,0.6037671489082277,0.6656419563852248
2023-07-22 15:00:00,0.4867974517308175,0.06084401799535208,0.5687820281274618,0.6260960381105541
2023-07-22 16:00:00,0.43650554921478035,0.04949769927019423,0.4944158205203712,0.5358194026537239
2023-07-22 17:00:00,0.4906945260055363,0.08840369861234318,0.5443444500863551,0.5476496160402893
2023-07-22 18:00:00,0.4271803762763739,0.11555482740429314,0.44441797113046044,0.4476807038672268
2023-07-22 19:00:00,0.3547857271507383,0.10827303374694151,0.4254180789738893,0.3621969270613044
2023-07-22 20:00:00,0.21830561427865172,0.08296875804662705,0.3206138457218185,0.21196702630259093
2023-07-22 21:00:00,0.02441416360903531,0.030613339777019886,0.14294305256102235,0.07238047155085951
2023-07-22 22:00:00,0.025679311347194016,0.0142605891010978,0.05393101263325661,0.058490040102042264
2023-07-22 23:00:00,0.06522608012892306,0.020914144820787687,0.044220552085898826,0.0582548034004867
2023-07-23 00:00:00,0.09635250128805636,0.10648262219672854,0.0640473415562883,0.058643362787552174
2023-07-23 01:00:00,0.10659051680937409,0.22380400217392227,0.09196795331314206,0.06372504211962222
2023-07-23 02:00:00,0.13404858632944522,0.3301706441356377,0.13784377322532232,0.08034773815423249
2023-07-23 03:00:00,0.15814130418933928,0.44705508503046903,0.17830924107693133,0.0983900173939764
2023-07-23 04:00:00,0.17530732685700057,0.588024670224298,0.18058228662237522,0.09717140115797518
2023-07-23 05:00:00,0.1481017414387315,0.6306410026143896,0.15453993464820084,0.09861698791384696
2023-07-23 06:00:00,0.10060171642340718,0.7831424010748212,0.08303705652710049,0.05701355549041181
2023-07-23 07:00:00,0.15576782491989433,0.8320776673880489,0.09090278245508669,0.040435147029347716
2023-07-23 08:00:00,0.3602784566348418,0.7873923180320044,0.2086502861930057,0.06318085396196693
2023-07-23 09:00:00,0.671119530373253,0.7311023483764039,0.36565949310082946,0.1504997502360493
2023-07-23 10:00:00,0.8881732362695038,0.8106666543944314,0.6438585583865645,0.2906448916718363
2023-07-23 11:00:00,0.9058664118871091,0.8600503508069296,0.8657750989310442,0.49884300366975365
2023-07-23 12:00:00,0.87749420363456,0.9132688157802278,0.8983055316470564,0.775033054742962
2023-07-23 13:00:00,0.8582318159937857,0.9514682935584674,0.8435886238142847,0.8361049157381057
2023-07-23 14:00:00,0.8168895022384821,0.9529395600746979,0.7732732707448302,0.6730466333962976
2023-07-23 15:00:00,0.7324982317537069,0.9433142169361766,0.6971172406524417,0.48196610998362305
2023-07-23 16:00:00,0.599191211387515,0.8997618382762778,0.6115158215165137,0.3722402294725179
2023-07-23 17:00:00,0.7808915126323699,0.8858781348439778,0.7057976077869536,0.4190341938287019
2023-07-23 18:00:00,0.6080270645394918,0.7874301881817253,0.6111004358157515,0.3364521283097565
2023-07-23 19:00:00,0.4532857113145291,0.7603169375658034,0.49131656777113675,0.29760901622474195
2023-07-23 20:00:00,0.2945676807500422,0.7509379407898945,0.3960686634667218,0.317966983243823
2023-07-23 21:00:00,0.24270518261939283,0.617602931328795,0.17057303578592833,0.2165984208043665
2023-07-23 22:00:00,0.3060661379247903,0.3524887108057737,0.17169204536359756,0.15603684364818035
2023-07-23 23:00:00,0.3109690081886948,0.3833160164342685,0.2056893275864422,0.11381816218607128
2023-07-24 00:00:00,0.3054295288771391,0.2834072290360927,0.2293000508379191,0.09794907623901962
2023-07-24 01:00:00,0.2994095061533153,0.11637224363671107,0.24678308147005737,0.08969139874912797
2023-07-24 02:00:00,0.2627793125901371,0.03829787152057345,0.24809923848137258,0.09117132585961371
2023-07-24 03:00:00,0.2350223799049854,0.01968133625320413,0.22015757592394944,0.08742314899340271
2023-07-24 04:00:00,0.23965577187016604,0.028079891956665295,0.20625806612893935,0.0879463819460943
2023-07-24 05:00:00,0.17763002026826144,0.025697599713775242,0.1758713607769459,0.08736773310694845
2023-07-24 06:00:00,0.12884777337312697,0.03843244152651592,0.11507061010226605,0.05441212175413965
2023-07-24 07:00:00,0.11076178688555956,0.06803657975725153,0.09368870832957327,0.041783542232587935
2023-07-24 08:00:00,0.211601659907028,0.08685646682300352,0.14384844691026955,0.06440672087948769
2023-07-24 09:00:00,0.5963112445175647,0.08341763228178024,0.38173884618561715,0.18441416367888447
2023-07-24 10:00:00,0.9422694305516779,0.19078886843540446,0.7096845843549818,0.3430918543692677
2023-07-24 11:00:00,0.9898832717724145,0.3150146628509868,0.9184333347715437,0.6108044570963829
2023-07-24 12:00:00,0.9929221957921981,0.374420504136519,0.9855141792818904,0.9061865937151014
2023-07-24 13:00:00,0.9949212514236568,0.3629836804622953,0.9921003255806864,0.9646029989421367
2023-07-24 14:00:00,0.9942454956844448,0.3270709241317077,0.9891493797115981,0.9156394018419084
2023-07-24 15:00:00,0.9935549568384886,0.35680398881435393,0.9629768326878548,0.8072318658791481
2023-07-24 16:00:00,0.9804997448436916,0.40308155040849347,0.9195455290935932,0.7392035344801842
2023-07-24 17:00:00,0.6638325226493178,0.3467170717838135,0.6549597950652241,0.3490286097582429
2023-07-24 18:00:00,0.574681736268103,0.2968958933854644,0.6531575693935155,0.3427751099783927
2023-07-24 19:00:00,0.36975325727835295,0.21008069024844597,0.5082777429372072,0.28736983635462815
2023-07-24 20:00:00,0.275702014779672,0.1610163176804781,0.25667019904591143,0.1603779102861881
2023-07-24 21:00:00,0.20572635870426895,0.12634385713799434,0.07399678488727658,0.038892413661815214
2023-07-24 22:00:00,0.2179838222265243,0.049823692302134896,0.04955452651716768,0.010822886228561403
2023-07-24 23:00:00,0.1908968575019389,0.004018815874376081,0.049825961329042906,0.004049890846945345
2023-07-25 00:00:00,0.1416954534454271,0.007528299990702758,0.049054111717268825,0.00468460338190198
2023-07-25 01:00:00,0.11071765397209674,0.013299779092723672,0.05297649727202952,0.007295766891911626
2023-07-25 02:00:00,0.07676942749880254,0.05089605242013931,0.0486573816742748,0.007595192361623048
2023-07-25 03:00:00,0.05419816738925874,0.12970562910491767,0.03994292143732309,0.0065049679297953834
2023-07-25 04:00:00,0.032734402790665626,0.25557051613926884,0.02428013235796243,0.0051506664557382465
2023-07-25 05:00:00,0.08539491758681834,0.6652781424874609,0.09155222650617362,0.09703592754900456
2023-07-25 06:00:00,0.05643117483705282,0.6280781006406654,0.11734453348442912,0.15801209380850195
2023-07-25 07:00:00,0.04778862216509878,0.6559136580201709,0.15185633646324276,0.19876243989914655
2023-07-25 08:00:00,0.040610554683953526,0.7611387030238453,0.14364860997535286,0.2194279452227056
2023-07-25 09:00:00,0.21413199936971067,0.8894034720957279,0.2769830930419266,0.4157334303855895
2023-07-25 10:00:00,0.592750579062849,0.9721693624149669,0.5801107124239205,0.6749095542542636
2023-07-25 11:00:00,0.8574947348609567,0.9494509592787785,0.808287744205445,0.8064072905667126
2023-07-25 12:00:00,0.9701166202872992,0.9302746997096321,0.8731921044737099,0.8326462772488593
2023-07-25 13:00:00,0.979932331237942,0.937550976127386,0.8907510506361722,0.8887591306306422
2023-07-25 14:00:00,0.9636799841746687,0.9471430539407514,0.9337254261039197,0.9715292677469551
2023-07-25 15:00:00,0.9575585728138686,0.977547728080641,0.9653943187557161,0.9936500306241214
2023-07-25 16:00:00,0.9612926391884684,0.9892512127757073,0.971784649901092,1.0
2023-07-25 17:00:00,0.9770133560895919,0.934526604143056,0.9982410990819335,0.9942893225327134
2023-07-25 18:00:00,0.9959047068655491,0.947749724293297,0.9878792552277446,0.9247436435334383
2023-07-25 19:00:00,0.9651876687072217,0.884473433684219,0.9284875247068701,0.7493670595251024
2023-07-25 20:00:00,0.8444007050245999,0.8114629589698533,0.7664330424927175,0.47772384511306865
2023-07-25 21:00:00,0.7413417458161711,0.593483204611323,0.535397533942014,0.26786771110258994
2023-07-25 22:00:00,0.836827012039721,0.7598383399844167,0.6073968422599136,0.35605081421323115
2023-07-25 23:00:00,0.8088899071142076,0.8638183683427898,0.6282852041721343,0.42354608340188854
2023-07-26 00:00:00,0.6156463950686156,0.9469839395040814,0.5025739637762308,0.33177741020917884
2023-07-26 01:00:00,0.4428803123906254,0.9811402983421629,0.36953675393946467,0.22944293091073628
2023-07-26 02:00:00,0.30259597895666945,0.9926163624091582,0.30726937691681083,0.19250180386006835
2023-07-26 03:00:00,0.24660484673455355,0.9972286815805869,0.2753289340250194,0.1863411190640181
2023-07-26 04:00:00,0.23785450927913188,0.9981535823507741,0.23521203414537015,0.17453255323693154
2023-07-26 05:00:00,0.07453971667680889,0.9988216666470874,0.14126268584281204,0.19635861403308813
2023-07-26 06:00:00,0.0861233896249905,0.999216687923128,0.18027074536308646,0.44110312633216375
2023-07-26 07:00:00,0.15402636052109298,1.0,0.3315726784151047,0.5697698865411803
2023-07-26 08:00:00,0.13862270697951315,1.0,0.4855453301128,0.42350049056112754
2023-07-26 09:00:00,0.17784633483737705,0.9840245359323241,0.4059891836624592,0.2722659572819247
2023-07-26 10:00:00,0.2773298571817576,0.8323501929369838,0.23983838663436471,0.14475450121331956
2023-07-26 11:00:00,0.23632533538155254,0.6398495530675756,0.30810647745616737,0.18943885752931236
2023-07-26 12:00:00,0.07827749667223544,0.4682868519289926,0.3560751339327544,0.25086655259132384
2023-07-26 13:00:00,0.027634532959200438,0.4538990659740838,0.21127896969206628,0.16597303560934962
2023-07-26 14:00:00,0.007540912772528828,0.5331582656502722,0.06415768700651824,0.06402699663303792
2023-07-26 15:00:00,0.009874553098343314,0.6290972966633058,0.027958109681494536,0.038079172829166064
2023-07-26 16:00:00,0.03295053876005112,0.6812632401558485,0.05985859669279307,0.0691657266812399
2023-07-26 17:00:00,0.10491921668872237,0.45513490575281035,0.022471346580423417,0.008508745455183087
2023-07-26 18:00:00,0.1021450331993401,0.5648930537836117,0.04483631573151797,0.021365649490617217
2023-07-26 19:00:00,0.12846882332116363,0.6606553432887249,0.09613807821646331,0.08295936957001686
2023-07-26 20:00:00,0.15763524297624826,0.7025662879916753,0.16018182311207058,0.15440976147539912
2023-07-26 21:00:00,0.05961030644830317,0.6262110679528928,0.08891859908588232,0.11344732444733381
2023-07-26 22:00:00,0.03854737549088895,0.8794934431802143,0.10737501916475592,0.1485025377012789
2023-07-26 23:00:00,0.07226631247438489,0.9941619670120153,0.18279662145301695,0.21281500739976764
2023-07-27 00:00:00,0.2326435403432697,0.9962484806505117,0.3093509365338831,0.257536475341767
2023-07-27 01:00:00,0.456299378592521,0.9929565193707292,0.4389581937901676,0.3413917457871138
2023-07-27 02:00:00,0.7105079189687966,0.9852976831793785,0.5455617231316865,0.462475264891982
2023-07-27 03:00:00,0.9686479742825032,0.964604910652746,0.7261321816220876,0.5511807624436915
2023-07-27 04:00:00,0.9938005942106246,0.9192930771681392,0.8378804894536732,0.5738784373365342
2023-07-27 05:00:00,0.8390639505535364,0.8960691324689172,0.6371661471761761,0.39889240762218825
2023-07-27 06:00:00,0.8618552427366376,0.8791490684856069,0.521232957355678,0.32187295889481893
2023-07-27 07:00:00,0.9552316823787985,0.8177105234834279,0.5775845918431878,0.36460933703929194
2023-07-27 08:00:00,0.9993305538222195,0.732752634855834,0.7864157174155115,0.6280433009192348
2023-07-27 09:00:00,0.9478109013661742,0.4444762890582735,0.9482798996195196,0.9049558230303227
2023-07-27 10:00:00,0.9402275009825826,0.26973239107565444,0.9336818550899624,0.9957651371881364
2023-07-27 11:00:00,0.9645121216215192,0.2397470961849798,0.918767296951264,0.9562456029281019
2023-07-27 12:00:00,0.9804452124424279,0.2621680639616467,0.8989631809107959,0.8767109969258308
2023-07-27 13:00:00,0.9832663170620798,0.3838845558870922,0.8637380343861877,0.7844186379015444
2023-07-27 14:00:00,0.9658012640289961,0.42154981048947027,0.7555851229466496,0.6438029328733683
2023-07-27 15:00:00,0.9278633389808238,0.3505267658965154,0.6623334819264709,0.5382137547433375
2023-07-27 16:00:00,0.8561676207557319,0.15990197786892,0.5918127770163117,0.43995477123185983
2023-07-27 17:00:00,0.6684837092086671,0.019748082326894456,0.47981489686295387,0.4095140645094216
2023-07-27 18:00:00,0.684705067370087,0.012806016619909894,0.39076932677999127,0.3173610748909413
2023-07-27 19:00:00,0.6840631253272295,0.03827467612922191,0.38452446212992075,0.3042821667343378
2023-07-27 20:00:00,0.6900234558992085,0.023437465009364212,0.47470014257356524,0.311197702921927
2023-07-27 21:00:00,0.5441098144650458,0.0037784709679809484,0.5510965827107428,0.45352424114942536
2023-07-27 22:00:00,0.4726801957190038,0.0016532905806194652,0.49989256441593166,0.3735416532680392
2023-07-27 23:00:00,0.3562936317361891,0.004108219363472679,0.4492559433169662,0.36093049213290207
2023-07-28 00:00:00,0.26242188747972245,0.0023865597458048297,0.3731818721815943,0.3093496056273579
2023-07-28 01:00:00,0.23670168032869693,0.0005488123270598325,0.32228796200826754,0.2765687311440706
2023-07-28 02:00:00,0.22398940395563843,0.0,0.25438259292393917,0.2377162147499621
2023-07-28 03:00:00,0.2533713604882359,0.0005725040896372362,0.22173852996900678,0.20760907791554922
2023-07-28 04:00:00,0.24672697512432928,0.008596676804802637,0.1867564768530428,0.14863289711996913
2023-07-28 05:00:00,0.5083443941175938,0.09087469747798009,0.3960265488177537,0.3271251957677304
2023-07-28 06:00:00,0.3847642189078033,0.0963883645019748,0.3501371845602989,0.279609536183998
2023-07-28 07:00:00,0.295598267596215,0.14271501795812086,0.30129185605794184,0.26557054528966545
2023-07-28 08:00:00,0.24136659435927862,0.31609721265055907,0.2752027516812086,0.2577897297777235
2023-07-28 09:00:00,0.2350601058080792,0.6234791532429779,0.2971686800010502,0.30448097962886095
2023-07-28 10:00:00,0.25036913493648166,0.6952925680713217,0.3101588081941008,0.30742527822032567
2023-07-28 11:00:00,0.23789547095075247,0.6538183810900554,0.32087492635473597,0.33458022911101576
2023-07-28 12:00:00,0.1791786853596568,0.5051064079322599,0.2919947709701955,0.3368201168254018
2023-07-28 13:00:00,0.17747930970974263,0.37940246901728886,0.28362528193742037,0.3410233714431525
2023-07-28 14:00:00,0.13060309385880828,0.2985691144385121,0.24454005314968524,0.3254413074254989
2023-07-28 15:00:00,0.10892067663371564,0.2617984596910802,0.17855744259431955,0.23253888581879434
2023-07-28 16:00:00,0.0954674773104489,0.18538250713185828,0.1205685679614544,0.13705274761654435
2023-07-28 17:00:00,0.08328227113001048,0.07536943114616655,0.11037297898903486,0.08848146382719278
2023-07-28 18:00:00,0.11415859272703527,0.1577658831328153,0.13624150331132112,0.08741095486097036
2023-07-28 19:00:00,0.11382358076050879,0.18214582418176253,0.1422514350619167,0.09703982584178444
2023-07-28 20:00:00,0.04535763147752732,0.10127280579371885,0.08952553386799991,0.07705594648141413
2023-07-28 21:00:00,0.008521728701889515,0.08227308821271766,0.05927883877418935,0.0822631655074656
2023-07-28 22:00:00,0.00956676095724106,0.07265881171280687,0.052386355390772216,0.08451383849605916
2023-07-28 23:00:00,0.02205810356885195,0.12023652974177491,0.06919202119112015,0.08238897115457802
2023-07-29 00:00:00,0.02822141545824707,0.1629231758077036,0.057965009864419714,0.06960675437469035
2023-07-29 01:00:00,0.015304122259840371,0.1690515301173383,0.02285774228628725,0.04520431116223335
2023-07-29 02:00:00,0.0026717291818931692,0.16926484374160114,0.007653499520383775,0.023047708705998954
2023-07-29 03:00:00,0.0009144010674208402,0.14068016285246066,0.0036715758871287106,0.013936622035689652
2023-07-29 04:00:00,0.0005319060664623976,0.16805924002419814,0.001633962937630713,0.007125185104086997
2023-07-29 05:00:00,0.0016988310636952516,0.18744842986491594,0.0013647936098277569,0.005156024713069201
2023-07-29 06:00:00,9.680637158453464e-06,0.2626381150429899,0.0003868636954575777,0.0018339195195585488
2023-07-29 07:00:00,0.0,0.233300240825523,0.0,0.0004766896879300475
2023-07-29 08:00:00,4.253313411027193e-05,0.30838289352980514,0.0024747316539287566,0.004752594572491944
2023-07-29 09:00:00,0.0005031230207532644,0.42593479599465023,0.007539206417277455,0.013411027663387358
2023-07-29 10:00:00,0.014814099180512134,0.49242526685649696,0.01611392373684794,0.01787219299003482
2023-07-29 11:00:00,0.03982124169357121,0.4753147584741765,0.047937040403485294,0.04601349265314639
2023-07-29 12:00:00,0.036315812086686494,0.3140614131770351,0.08464953012764453,0.08213826478458941
2023-07-29 13:00:00,0.062021490279585145,0.18866140508516266,0.12655434433370827,0.11949719354510306
2023-07-29 14:00:00,0.08713884200900793,0.12071198719468983,0.1561313152592629,0.15776588562875987
2023-07-29 15:00:00,0.10749353124760092,0.07187664044851606,0.16822877360507843,0.18011437036097047
2023-07-29 16:00:00,0.11787154093384739,0.04253489720550451,0.18615284854546188,0.20038586524315177
2023-07-29 17:00:00,0.18757796533405782,0.03258236405185678,0.3207919404283165,0.2761288402974605
2023-07-29 18:00:00,0.16801241411827506,0.021057381633330475,0.23931395875290032,0.23474260415881873
2023-07-29 19:00:00,0.16883979039266703,0.015552038242193785,0.20801823735237124,0.23572501165792345
2023-07-29 20:00:00,0.1589909987617284,0.013045563701201572,0.20655518444254992,0.22605077007785435
2023-07-29 21:00:00,0.1296357053145766,0.0010252688147804952,0.19442981978878376,0.1633440320100635
2023-07-29 22:00:00,0.0709619649639353,0.0018319925835186786,0.13222176508978006,0.1071560012921691
2023-07-29 23:00:00,0.0841453969758004,0.004900261654772541,0.13874284604564308,0.12442064036615191
2023-07-30 00:00:00,0.14738739132881165,0.007645527557893234,0.2065133146382868,0.18542590135708448
2023-07-30 01:00:00,0.24488397138193244,0.016002283302897758,0.32469353247433896,0.25461044549942013
2023-07-30 02:00:00,0.26757019704207774,0.029404326243834076,0.325748690944165,0.2984781530685722
2023-07-30 03:00:00,0.3289377577602863,0.03643443541431968,0.40072233475744723,0.32215800706297154
2023-07-30 04:00:00,0.306556037440896,0.04565564093603329,0.41230034999549386,0.30227191293612127
2023-07-30 05:00:00,0.4016357555799186,0.10516988759013737,0.5399514296278356,0.4104110771231353
2023-07-30 06:00:00,0.4033858363702893,0.12727322371845895,0.5472757133841514,0.4285478062741458
2023-07-30 07:00:00,0.4781874228827655,0.14042508931999856,0.6114721997268496,0.5059159690886734
2023-07-30 08:00:00,0.5719764374569059,0.150646535015919,0.6841482670791447,0.584742456190288
2023-07-30 09:00:00,0.5794938941299914,0.0963364972004836,0.7537798372283577,0.732604447826743
2023-07-30 10:00:00,0.7542885884456336,0.16228381088511507,0.8765206653252242,0.9408873126097024
2023-07-30 11:00:00,0.9098895240761337,0.258111119795252,0.9483245212771,0.9857417081110179
2023-07-30 12:00:00,0.9501687738113106,0.2367995319346136,0.9665058846399188,0.9888984276726842
2023-07-30 13:00:00,0.9552324101142586,0.17855878698893568,0.9690453997254371,0.9873226619884372
2023-07-30 14:00:00,0.9533042393065989,0.11333958237685939,0.9715238923206926,0.97568753734231
2023-07-30 15:00:00,0.9576170182786882,0.057507091296667395,0.9739672634191812,0.939787135273218
2023-07-30 16:00:00,0.9583327424339951,0.030765965279530395,0.9673346617259085,0.8917083341069519
2023-07-30 17:00:00,0.9580149637907743,0.21346684986217454,0.9644486241787672,0.8749665409885345
2023-07-30 18:00:00,0.9490183064900338,0.3079972820898349,0.9079627793096003,0.7654710895568131
2023-07-30 19:00:00,0.9209880549460651,0.2552163558385589,0.7695758187770843,0.5847597809322178
2023-07-30 20:00:00,0.8123192303068935,0.21429721859707074,0.629521381780505,0.4685725739225745
2023-07-30 21:00:00,0.6559728896617888,0.12405761888081378,0.431740733012557,0.2972051366977394
2023-07-30 22:00:00,0.5774446441605686,0.04620125010609626,0.3706891096383333,0.24403048000298438
2023-07-30 23:00:00,0.5318352277576922,0.015226623680103907,0.3608410340733826,0.2609463255666196
2023-07-31 00:00:00,0.551699212193489,0.03674179290844635,0.40777999563142653,0.3242854988388717
2023-07-31 01:00:00,0.6413554135151204,0.07726078037172555,0.5299601298198104,0.433916163984686
2023-07-31 02:00:00,0.7830741337873042,0.11150338501415467,0.7222828272916375,0.5988125678151845
2023-07-31 03:00:00,0.9199939825013279,0.15077771116386762,0.8527781424671411,0.7124090000800786
2023-07-31 04:00:00,0.954747499693185,0.23963396298614417,0.8284752668999135,0.655262078400701
2023-07-31 05:00:00,0.8352331941202282,0.5819222946532747,0.5748660778068007,0.44625709557905785
2023-07-31 06:00:00,0.691249244455248,0.8981613344766877,0.4327895215526223,0.31780951349064707
2023-07-31 07:00:00,0.5406464736163614,0.5946030242741106,0.3548829708993435,0.27177505034953353
2023-07-31 08:00:00,0.4010850125178694,0.12454755140299145,0.31511223880574113,0.2753391407243907
2023-07-31 09:00:00,0.4431898359954357,0.05211373794146559,0.3250998433679342,0.2542819231562316
2023-07-31 10:00:00,0.5204467988200485,0.043752807680178765,0.3903595537878572,0.2639255842939019
2023-07-31 11:00:00,0.4880744846723973,0.08806990499862218,0.3472460681479424,0.22362263189628717
2023-07-31 12:00:00,0.36817459591664375,0.32065223013812844,0.36778210069518535,0.22617521603126076
2023-07-31 13:00:00,0.22278232380747795,0.622236408103596,0.3876721481606364,0.2280528446938842
2023-07-31 14:00:00,0.14318579202517867,0.6329393834823912,0.34830734016373754,0.22966006860136987
2023-07-31 15:00:00,0.1100304843764752,0.49806131686676614,0.3173536823969334,0.24617887385189527
2023-07-31 16:00:00,0.08054869288578628,0.4341888977587223,0.26593405576422807,0.26513108983170236
2023-07-31 17:00:00,0.013212333042174576,0.38567136348648495,0.04432672413531691,0.19028075704351063
2023-07-31 18:00:00,0.05514306195080281,0.4654676197062837,0.036963170110248016,0.07978708209469913
2023-07-31 19:00:00,0.09698308376595377,0.4359036985717035,0.05969872869085519,0.07406923417467623
2023-07-31 20:00:00,0.05965268334839492,0.42530258717862046,0.06390104992780835,0.09588449129834772
2023-07-31 21:00:00,0.012558889561332763,0.37807687012986707,0.02540394938550889,0.032481966377235945
2023-07-31 22:00:00,0.0050601078337058425,0.19495107229460373,0.014681670339778066,0.014079384622164072
2023-07-31 23:00:00,0.003871417641639709,0.3192643934352831,0.011170329991728067,0.01002070153597742
2023-08-01 00:00:00,0.00451965711079538,0.33777456312017007,0.018058599494397642,0.019124396741390225
2023-08-01 01:00:00,0.004299966916441917,0.2640880897505717,0.022785129011608663,0.0242306710081175
2023-08-01 02:00:00,0.0011615211609750985,0.2581433437290517,0.022016374780796464,0.026780805746093397
2023-08-01 03:00:00,0.00036191137041896576,0.3070459760386835,0.021660572425462304,0.027525084982626135
2023-08-01 04:00:00,0.0003644617926329374,0.325308808711442,0.025174255268648266,0.03304251468740403
2023-08-01 05:00:00,0.0,0.22646819693798362,0.025127650382928548,0.030466646058484904
2023-08-01 06:00:00,0.0012060337560251355,0.31044526565819974,0.049999791984446346,0.053386216866783784
2023-08-01 07:00:00,0.06213845674414189,0.24220492581074884,0.08873983756639062,0.06582598598208278
2023-08-01 08:00:00,0.16997896455228328,0.1444473959200761,0.1691312010399997,0.06218507170211524
2023-08-01 09:00:00,0.22249401107430453,0.06284618644213134,0.2054037774913013,0.14337693703360854
2023-08-01 10:00:00,0.4103749521076679,0.0735872135074301,0.35327305316925056,0.382993554584682
2023-08-01 11:00:00,0.5610618815757332,0.11341197466985742,0.6270556085929273,0.6453535924293099
2023-08-01 12:00:00,0.5680136894993483,0.1833962698517875,0.7700883538089691,0.8049160829186438
2023-08-01 13:00:00,0.6389991458505391,0.239648078375242,0.8066148423217238,0.8397761622443795
2023-08-01 14:00:00,0.6444582601450384,0.26492863640866493,0.7303874832019208,0.7299835311062632
2023-08-01 15:00:00,0.5233694068342446,0.2358156898211348,0.6158542132377623,0.6034694874286651
2023-08-01 16:00:00,0.35351769601926203,0.22535815954885707,0.49449328236281875,0.49664620928466324
2023-08-01 17:00:00,0.7071738300286233,0.5059279609810221,0.8905611488036811,0.8380925178155302
2023-08-01 18:00:00,0.5662433061935008,0.4642621427774429,0.8164758565463125,0.7313353158719839
2023-08-01 19:00:00,0.5242417158558963,0.40827416268261985,0.7761355415359139,0.6358397711068391
2023-08-01 20:00:00,0.4406632854882628,0.3395002027533271,0.7063773325644431,0.61485817220062
2023-08-01 21:00:00,0.28834632382728154,0.1881366854398088,0.4606268768943846,0.42195891879498953
2023-08-01 22:00:00,0.3354816110432147,0.09604784262451259,0.4207108132727444,0.3262531233951449
2023-08-01 23:00:00,0.45404717674478884,0.07307861713861877,0.4248992532957345,0.2303096565604209
2023-08-02 00:00:00,0.5398028410226106,0.08009642642330037,0.4243470062687993,0.1748763380711898
2023-08-02 01:00:00,0.5647221569716928,0.09094495783813974,0.4045611121412366,0.16195135863963517
2023-08-02 02:00:00,0.4783141174726188,0.07856401406905868,0.34113832440227265,0.14730354389175773
2023-08-02 03:00:00,0.37024974716827264,0.06206479451873086,0.26317533219698813,0.11847603774629532
2023-08-02 04:00:00,0.2673678816854953,0.05216013964942911,0.18916943521704524,0.08372127786278724
2023-08-02 05:00:00,0.20440123792737722,0.021223353052681145,0.13575347634032367,0.04812004778068512
2023-08-02 06:00:00,0.2586067638453096,0.023390876095403322,0.18331403197720647,0.04718105676118283
2023-08-02 07:00:00,0.3704682811908424,0.02503198256546801,0.30968138247728344,0.07610893151257188
2023-08-02 08:00:00,0.4982598736509681,0.025281637331301513,0.5717715995013714,0.18283463777974246
2023-08-02 09:00:00,0.5742580335400999,0.08690145299854603,0.7657762725651264,0.48075491968542344
2023-08-02 10:00:00,0.6201170737296343,0.25685044321485534,0.8574300060234963,0.8256945128366352
2023-08-02 11:00:00,0.6496875973045826,0.35702773862264375,0.8916690126247704,0.9606247121468185
2023-08-02 12:00:00,0.659681221358478,0.3322760776396501,0.8856453057378529,0.9601845349185169
2023-08-02 13:00:00,0.6317920669540761,0.26344475659118455,0.8715111824311315,0.9516878325119614
2023-08-02 14:00:00,0.5806053248979149,0.19531011818823488,0.8321840474382043,0.9249787871353329
2023-08-02 15:00:00,0.5274140151031314,0.14665641402317717,0.7801770342327654,0.8515209082514046
2023-08-02 16:00:00,0.4712848907709121,0.18383582478897137,0.7387279983237385,0.7590011345222593
2023-08-02 17:00:00,0.5532677387073636,0.20503405363044952,0.7875005091540515,0.7778909230977296
2023-08-02 18:00:00,0.524462506044656,0.1557046681777997,0.7200137622095643,0.6940984207391736
2023-08-02 19:00:00,0.5169607648439706,0.10708162806589493,0.6401446671597658,0.588250721450895
2023-08-02 20:00:00,0.46156132843345393,0.07480873548171736,0.5403726094029844,0.4768516067788005
2023-08-02 21:00:00,0.2971575625985861,0.04204504692757671,0.33369979027658697,0.28726452566683286
2023-08-02 22:00:00,0.25049996247515083,0.006771739335222679,0.32066276667639604,0.3055669685453176
2023-08-02 23:00:00,0.3173342396318912,0.0019585741954770953,0.3862041199952363,0.34170214721933
2023-08-03 00:00:00,0.3996484625712036,0.005737535272809594,0.4263924828730523,0.3190206377208233
2023-08-03 01:00:00,0.47164740381762377,0.01153442410244183,0.4448979465477169,0.28857340245507657
2023-08-03 02:00:00,0.5163711383566257,0.014163386615162544,0.4479381129518152,0.26696331063285467
2023-08-03 03:00:00,0.5215247337520122,0.01937263801693916,0.428399713113904,0.2495976521912962
2023-08-03 04:00:00,0.5019544784724713,0.03240319958464666,0.3938160311430693,0.22721580280922343
2023-08-03 05:00:00,0.6247570380941031,0.04678774627772244,0.5167155677080153,0.3011250336468219
2023-08-03 06:00:00,0.5251309168897568,0.08630395148965446,0.40402644002810123,0.2247359353303909
2023-08-03 07:00:00,0.46763030331581823,0.16093991889195006,0.32065835077315563,0.15648107361048458
2023-08-03 08:00:00,0.5318645423930137,0.19851523061367596,0.30444369240663943,0.10623489725403486
2023-08-03 09:00:00,0.7029887979570775,0.23137698310342703,0.3537134361965582,0.1196377643337473
2023-08-03 10:00:00,0.8457106336671859,0.37319591757248743,0.48856373530812564,0.22173236876726152
2023-08-03 11:00:00,0.9827835217490792,0.4356407025591892,0.6931207800656557,0.3826464018970728
2023-08-03 12:00:00,1.0,0.4071505807780406,0.917527482677251,0.6877744569443166
2023-08-03 13:00:00,1.0,0.37361326153305435,0.9925322079099715,0.8937131869420406
2023-08-03 14:00:00,1.0,0.431836193786426,0.996717760823667,0.9165254085510969
2023-08-03 15:00:00,1.0,0.4678522017462685,0.997404501773417,0.8500508697330951
2023-08-03 16:00:00,0.9964888820238411,0.5345090825449337,0.9712176998704672,0.706978373657912
2023-08-03 17:00:00,0.7576026191096752,0.7675770733302287,0.7915513620525597,0.3224166717007756
2023-08-03 18:00:00,0.45417289932724086,0.6352420394799925,0.6765067164227366,0.36114485579077155
2023-08-03 19:00:00,0.21008273067884142,0.4566079720990224,0.5127062883414328,0.5994641192071138
2023-08-03 20:00:00,0.21518774837255478,0.35500317562710154,0.4307227660529316,0.7723542216606437
2023-08-03 21:00:00,0.2259706669254228,0.22947218792682345,0.4019728560280055,0.7326102724485098
2023-08-03 22:00:00,0.28346237004268915,0.12370210118253122,0.48051153681240966,0.7408424030244349
2023-08-03 23:00:00,0.38807874810881904,0.07319731340828267,0.5248671842273325,0.7282470193877815
2023-08-04 00:00:00,0.5491488374955952,0.03196129082956098,0.5513507179263979,0.6868754510208963
2023-08-04 01:00:00,0.7128937447071073,0.007189927822486921,0.6059320492297411,0.6459859706833958
2023-08-04 02:00:00,0.83022424146533,0.003504848070442676,0.6636868898570536,0.5983062511868774
2023-08-04 03:00:00,0.8735801644809542,0.007132668508724734,0.6760581018403171,0.527646621875465
2023-08-04 04:00:00,0.8763559615425767,0.014067995500835501,0.6541471575573085,0.4553828227519989
2023-08-04 05:00:00,0.7399812032841144,0.11928923975676299,0.5237064489349723,0.33606766171753405
2023-08-04 06:00:00,0.6611384621262548,0.18947209552607755,0.5508652657456694,0.362694239411503
2023-08-04 07:00:00,0.7301575528830289,0.302364536286755,0.6673313769698141,0.45911735424771905
2023-08-04 08:00:00,0.7796481028571723,0.4424226213449782,0.7891728761605917,0.5718733660131692
2023-08-04 09:00:00,0.7331421718001365,0.5090340902724049,0.8183616407774389,0.6653184754215178
2023-08-04 10:00:00,0.7462677983939647,0.5276521459492769,0.8595224305801095,0.7778834321536124
2023-08-04 11:00:00,0.7125581847690043,0.5461576010015876,0.7856060298532248,0.747923642564565
2023-08-04 12:00:00,0.5418710094317793,0.5726511804488571,0.6617862120270728,0.6629244730062781
2023-08-04 13:00:00,0.34611640650779013,0.4640732838484373,0.5195158364251256,0.5128047441132366
2023-08-04 14:00:00,0.23645916417241092,0.40339828777719616,0.47844684310257435,0.4466682537365704
2023-08-04 15:00:00,0.19948106868192547,0.3714810046282682,0.4684049197193234,0.3995043883658945
2023-08-04 16:00:00,0.22538786965422328,0.25981702151623637,0.46056575691327445,0.350687027387321
2023-08-04 17:00:00,0.2251477611856535,0.08185226217928257,0.37337732633575793,0.2695318664144724
2023-08-04 18:00:00,0.30010386308655135,0.05999608630145137,0.38798731544055043,0.2415878896368667
2023-08-04 19:00:00,0.34658231688663355,0.05735378842462193,0.3431004105880856,0.18121149378828702
2023-08-04 20:00:00,0.33358216589316725,0.0337104036997665,0.2457196551188826,0.09949962396174669
2023-08-04 21:00:00,0.19400571143254633,0.024652177352796897,0.12438182814046739,0.03505643223877996
2023-08-04 22:00:00,0.17902177707292136,0.016592818610370156,0.1374586329516023,0.04018999583087861
2023-08-04 23:00:00,0.16308035908266905,0.011698012893850153,0.1476606894750148,0.0578764621121809
2023-08-05 00:00:00,0.15266424417495728,0.01484916040165858,0.13944979531690477,0.06768262507393956
2023-08-05 01:00:00,0.12387191435322162,0.012242595753209158,0.13315525197423994,0.07151994473300875
2023-08-05 02:00:00,0.0946587826218456,0.014350891299545764,0.1268190146330744,0.07092113295570016
2023-08-05 03:00:00,0.10684395251795648,0.026296501589769664,0.12210941683501003,0.06435951896943151
2023-08-05 04:00:00,0.12837256552651524,0.05089726513759656,0.11871011966839433,0.05786576688289642
2023-08-05 05:00:00,0.2154814851470291,0.09516036686572163,0.20789446010254323,0.11788681725040077
2023-08-05 06:00:00,0.22355694817379118,0.1804974161562594,0.2096893027424812,0.14078413725830613
2023-08-05 07:00:00,0.1785205371119082,0.18722891220992255,0.19946922099217773,0.1532242599874735
2023-08-05 08:00:00,0.15708837534300985,0.19475848105820737,0.24710524076595902,0.21140675984323018
2023-08-05 09:00:00,0.1352068789955228,0.1900606222145937,0.29504032948985687,0.3327799190767109
2023-08-05 10:00:00,0.09133858387358486,0.44066623219712214,0.34629785466939206,0.49408748406916847
2023-08-05 11:00:00,0.07332228274084626,0.5383085000514984,0.4102888814732432,0.6055698994919658
2023-08-05 12:00:00,0.05533098580315709,0.3802622797949748,0.3810365766845643,0.53545456726104
2023-08-05 13:00:00,0.03863932469859719,0.23765080294487148,0.29640473627951,0.3897972206398844
2023-08-05 14:00:00,0.021661328189074992,0.13818020157516006,0.21130058832932264,0.22067995266988866
2023-08-05 15:00:00,0.012695586010813713,0.14272018521008167,0.15132327713072297,0.11891858491115269
2023-08-05 16:00:00,0.00565836114808917,0.18783171674067314,0.09686726154759526,0.06577242093626409
2023-08-05 17:00:00,0.016950991796329615,0.20593798518180845,0.025992275523021816,0.01815316144376993
2023-08-05 18:00:00,0.04353135141078382,0.20545488398860803,0.008317814054898919,0.007942224950529635
2023-08-05 19:00:00,0.08268019760493187,0.2115843655236743,0.020095367901958528,0.017740097120404242
2023-08-05 20:00:00,0.13976491563487795,0.17998651375147431,0.03869225942995398,0.026143033672124148
2023-08-05 21:00:00,0.08110547986812891,0.06628257514739579,0.026035837354138495,0.02159468955360353
2023-08-05 22:00:00,0.05182158287148924,0.023769284226000307,0.015501365810632706,0.010118086598813534
2023-08-05 23:00:00,0.08652200528420508,0.01775983493097804,0.038518517473712564,0.020648932848125703
2023-08-06 00:00:00,0.11149905296973886,0.051220302971249285,0.051268329182639724,0.02137189552187919
2023-08-06 01:00:00,0.14014882652089,0.10459770941598849,0.06841626320965588,0.019989570248872036
2023-08-06 02:00:00,0.16053398193791507,0.12743281839246093,0.10194566452875733,0.035277663152664895
2023-08-06 03:00:00,0.19141824360936874,0.09890292909335004,0.139358466072008,0.04973456391133367
2023-08-06 04:00:00,0.2183462500572204,0.08201038045978004,0.1770437311287969,0.06544735602103174
2023-08-06 05:00:00,0.17196239441633224,0.0977071226726879,0.17215252999216318,0.06698560547549277
2023-08-06 06:00:00,0.16274825043044983,0.12896917700767516,0.18404826766811308,0.07293543978594241
2023-08-06 07:00:00,0.158578700851649,0.1425279954143546,0.16723201830871404,0.06888083695434033
2023-08-06 08:00:00,0.13250158072449264,0.13962578872388057,0.14347624130547046,0.061429636399261654
2023-08-06 09:00:00,0.14105182904750105,0.11866470788690174,0.20168177446350452,0.10660283803008497
2023-08-06 10:00:00,0.21607226671651,0.08069000512361527,0.3602497909963131,0.24406838424503802
2023-08-06 11:00:00,0.250088039971888,0.04666815468872136,0.4368553697317838,0.37318735180422663
2023-08-06 12:00:00,0.18496580744162203,0.03370659383183177,0.39566788498312233,0.44718884507194157
2023-08-06 13:00:00,0.1574801478628069,0.023514118533242825,0.36330764365382484,0.4607364244386553
2023-08-06 14:00:00,0.14459560967981816,0.017716293026777827,0.30468540980480613,0.3823060719296336
2023-08-06 15:00:00,0.1353973425924778,0.012059353142976762,0.2642455483600497,0.3090481659583747
2023-08-06 16:00:00,0.12082760955207049,0.010408453860066154,0.22416819002479307,0.25838532082736493
2023-08-06 17:00:00,0.1507812802772969,0.0018574388663877138,0.23248425850644702,0.2468719794321805
2023-08-06 18:00:00,0.1483626146521419,0.00037230885164304207,0.20578800132498143,0.20881717706099148
2023-08-06 19:00:00,0.1425406585074961,0.0006001351841471411,0.16979539284016934,0.17067019899375735
2023-08-06 20:00:00,0.09158711335621775,0.0009295249154621905,0.11094550701323894,0.11446393610909582
2023-08-06 21:00:00,0.031554677872918546,0.0005457872186194766,0.03181904438883066,0.031180191016756
2023-08-06 22:00:00,0.0039337756345048545,0.0,0.006061395946890116,0.005041719148866832
2023-08-06 23:00:00,0.0035915400739759207,0.004821631559594112,0.006494566104374826,0.0043036922859027976
2023-08-07 00:00:00,0.0016962375864386554,0.027303464185785165,0.0036215640930458894,0.003295257179997861
2023-08-07 01:00:00,0.00024362278170883653,0.07793420768596909,0.0005441844463348388,0.0017463789228349923
2023-08-07 02:00:00,0.0,0.11981426723978732,0.0003054778836667537,0.0012754077604040504
2023-08-07 03:00:00,0.0,0.13839914764192973,0.00023119411896914242,0.0014568685181438924
2023-08-07 04:00:00,0.0,0.12046773862432349,0.00022985930554568766,0.0013325624587014317
2023-08-07 05:00:00,0.0,0.16284042717380956,0.0010045496141538024,0.0038445665035396815
2023-08-07 06:00:00,0.00018586894031614063,0.12824559752236714,0.0010533509869128466,0.003232443085871637
2023-08-07 07:00:00,0.0010359370987862348,0.0900106167793274,0.0010343931149691342,0.0021964455908164383
2023-08-07 08:00:00,0.005793684734962881,0.11262818071652542,0.0020149992173537612,0.003097307290881873
2023-08-07 09:00:00,0.09286690271459518,0.135302023853768,0.04270924339070916,0.03675471869762985
2023-08-07 10:00:00,0.27909826396033166,0.2726828253201463,0.17769547824747858,0.16058702814392745
2023-08-07 11:00:00,0.3719380695931612,0.45410249081524934,0.3193669548630714,0.36809710490517317
2023-08-07 12:00:00,0.2395695778541267,0.4655831957269797,0.2964166865404695,0.40252497579902413
2023-08-07 13:00:00,0.14328884633257982,0.34787742673673416,0.24447151465341443,0.3265479085408151
2023-08-07 14:00:00,0.11527683500200511,0.24120323067361654,0.21480149008333682,0.28152406204491853
2023-08-07 15:00:00,0.10712871165946124,0.15617567627267404,0.17789817652665077,0.25137362068518987
2023-08-07 16:00:00,0.09670419892296193,0.09316076493060045,0.13555505652446298,0.19714088415261355
2023-08-07 17:00:00,0.11558659633621572,0.03596941389820793,0.053848246335983264,0.06430421634111554
2023-08-07 18:00:00,0.10502662490122021,0.03507128662683748,0.039617273327894505,0.04049862890504301
2023-08-07 19:00:00,0.086528637772426,0.04186667616394434,0.03133713035378605,0.01878350657876581
2023-08-07 20:00:00,0.059628077121451496,0.04375838023356416,0.019415113595314327,0.007295351722277701
2023-08-07 21:00:00,0.01045218104030937,0.03186373301189053,0.00794129863847047,0.006596476519480348
2023-08-07 22:00:00,0.0018257782142609355,0.003191140121357007,0.0057674760138615964,0.007048641368746757
2023-08-07 23:00:00,0.005753213302232325,0.0011465113914825697,0.009337414861656724,0.010603263513185086
2023-08-08 00:00:00,0.017500438829883933,5.950818346305326e-05,0.01466984382364899,0.019792037173174324
2023-08-08 01:00:00,0.01416222665458918,0.0004719976911490614,0.016970785944722594,0.029490457461215553
2023-08-08 02:00:00,0.0032734821736812585,0.0011054700579155574,0.021127528185024856,0.043041730695404117
2023-08-08 03:00:00,0.003061783099547028,0.0017084754224527962,0.031523556085303425,0.045170434028841557
2023-08-08 04:00:00,0.007350730998441577,0.0025175199894742523,0.035104798111133276,0.03427331856451928
2023-08-08 05:00:00,0.03407029400579631,0.00704395421187986,0.05186163917183876,0.042569787097163504
2023-08-08 06:00:00,0.028583884933032096,0.02707076156003909,0.045541272321715946,0.026864030146971345
2023-08-08 07:00:00,0.1386577942688018,0.020280577225441285,0.06363271952606737,0.024908647714182743
2023-08-08 08:00:00,0.2804683647118508,0.024305712265724488,0.15586372500285506,0.07304413503035902
2023-08-08 09:00:00,0.371168391816318,0.07400429891591721,0.24470847235526888,0.12249813978560267
2023-08-08 10:00:00,0.4917519669234752,0.1472536758536642,0.43281619213521483,0.25511757559143006
2023-08-08 11:00:00,0.6123795099928974,0.13182148540900515,0.672931912615895,0.545367765240371
2023-08-08 12:00:00,0.5465179861150681,0.12254916121336547,0.7271413858607411,0.7303353773243724
2023-08-08 13:00:00,0.3947145810909568,0.12098114488815717,0.6356777900457382,0.7347834389284251
2023-08-08 14:00:00,0.2993674188107252,0.14041391894221306,0.49891448255628346,0.6149401471577585
2023-08-08 15:00:00,0.27520695185288785,0.12008334330537104,0.4159107317402959,0.49513754941523064
2023-08-08 16:00:00,0.270496178753674,0.08984188830649309,0.38330581191927193,0.40734727865084996
2023-08-08 17:00:00,0.22994479877874252,0.24933266582136804,0.3841312973294406,0.27872391514945777
2023-08-08 18:00:00,0.19256219780072567,0.25615310637788336,0.32437595586292434,0.24564784476533527
2023-08-08 19:00:00,0.22135668473318215,0.210820678607984,0.3339343217574059,0.29318782264366744
2023-08-08 20:00:00,0.19653290931135411,0.15911722635003653,0.2807477879151702,0.25617684654891487
2023-08-08 21:00:00,0.12620311057195063,0.07564511728219009,0.14835155664011832,0.13114465718157592
2023-08-08 22:00:00,0.14408013459295035,0.0200471248917959,0.15067569255828858,0.1139243003632873
2023-08-08 23:00:00,0.1649687190540135,0.010289262089539659,0.17462064921855927,0.12092651614919304
2023-08-09 00:00:00,0.20405076466500754,0.04727018724449656,0.20783226853236555,0.13940054595470425
2023-08-09 01:00:00,0.20611544795334338,0.11637820684435693,0.20560590298846357,0.14109249874949456
2023-08-09 02:00:00,0.17492177644744514,0.12911230833692983,0.17220359392464157,0.13577293272130192
2023-08-09 03:00:00,0.14303808796219525,0.15470328852534293,0.1485322745144367,0.1331414727680385
2023-08-09 04:00:00,0.12049866981804369,0.19762806917456058,0.12627590623684226,0.11326952176168562
2023-08-09 05:00:00,0.41443181809037916,0.2138680874827233,0.34768331799656144,0.3272922716476023
2023-08-09 06:00:00,0.43242360483855,0.46021741605617783,0.27065445557236667,0.18748453011736269
2023-08-09 07:00:00,0.4803086394444108,0.5359078178893434,0.28802705755457275,0.1877459804434329
2023-08-09 08:00:00,0.5251256733201443,0.38080719037489447,0.4580427959002553,0.306587374843657
2023-08-09 09:00:00,0.6007397537678478,0.29172407242384824,0.6474872070923445,0.4211179749015718
2023-08-09 10:00:00,0.6962433972768485,0.2707507897100665,0.7434180275350809,0.45448100374080236
2023-08-09 11:00:00,0.6666204825788734,0.25221231883222406,0.6992657779809087,0.5002984143234789
2023-08-09 12:00:00,0.5893584431521595,0.21587474432181228,0.6413596256449818,0.5059787687472999
2023-08-09 13:00:00,0.4896706300601363,0.1613561168583956,0.5974606958404184,0.5410567959211765
2023-08-09 14:00:00,0.3978205949999392,0.09476351433518256,0.6040735531412064,0.6003634177707134
2023-08-09 15:00:00,0.43823780357837666,0.06687027873302047,0.651828124821186,0.6131295838579534
2023-08-09 16:00:00,0.5325309543311596,0.0670245322720571,0.7127759568020702,0.5966698434203863
2023-08-09 17:00:00,0.6788978012651204,0.08568542211570522,0.8206094975583256,0.6133811870403587
2023-08-09 18:00:00,0.6450616271421311,0.12685288538648323,0.7179931044578551,0.47332312125712633
2023-08-09 19:00:00,0.5653446641936899,0.19077632100067354,0.597926946748048,0.3713408525753765
2023-08-09 20:00:00,0.46393069885671145,0.32040897465564994,0.5175293369777502,0.3209628409519791
2023-08-09 21:00:00,0.374948462806642,0.371773799481717,0.37659553386270994,0.20507156233303245
2023-08-09 22:00:00,0.4259108590707182,0.2663585204360159,0.36440102864988155,0.17455153637565668
2023-08-09 23:00:00,0.48186327964067444,0.5036109319329262,0.3601101061888038,0.1578238392155617
2023-08-10 00:00:00,0.5034866678714751,0.511089375967329,0.3448353337217122,0.15569888494908807
2023-08-10 01:00:00,0.500575395040214,0.5134822969815948,0.34211398542858656,0.18050801622681314
2023-08-10 02:00:00,0.5323244444653391,0.5989458451352336,0.37178783607669175,0.22236072739586227
2023-08-10 03:00:00,0.596500230692327,0.7926269587197087,0.4239343299064785,0.2750931407976895
2023-08-10 04:00:00,0.5993088867887854,0.9517933173748581,0.4781578084081411,0.33012876191176466
2023-08-10 05:00:00,0.38279781192541124,0.9748587473143229,0.24520319500938054,0.20095377392601224
2023-08-10 06:00:00,0.42441438985988494,0.9171154077215626,0.2818437342252582,0.3922993776202201
2023-08-10 07:00:00,0.5781772790476679,0.822102305929769,0.38354020010679946,0.41054544231854373
2023-08-10 08:00:00,0.6754169749654829,0.8865584805878726,0.44313037035986774,0.3427191383577882
2023-08-10 09:00:00,0.7797421031817793,0.9777562081407415,0.4719507972616702,0.4127384856715798
2023-08-10 10:00:00,0.8882018554210661,0.997756199674173,0.6173096353560685,0.5030688222823664
2023-08-10 11:00:00,0.8459939295426011,0.9976959639245814,0.7117466049268841,0.48359469383955
2023-08-10 12:00:00,0.6941669483110308,0.997814132056453,0.6462936665024608,0.3285998297249898
2023-08-10 13:00:00,0.5628762399870901,0.9973487496105107,0.4970846211165189,0.2387683010753244
2023-08-10 14:00:00,0.37042148305103184,0.9919776827232404,0.4609959851391613,0.41182781012728814
2023-08-10 15:00:00,0.3415357702691108,0.9806846300986678,0.44960420643910765,0.6475295618735253
2023-08-10 16:00:00,0.4871383745968341,0.9604670216684991,0.5553363188914954,0.7152860673703254
2023-08-10 17:00:00,0.41864290053024894,0.9248756741935558,0.4047089532017707,0.3777678325399756
2023-08-10 18:00:00,0.5616702882200478,0.9422262906757268,0.46691392434760925,0.2636251243017613
2023-08-10 19:00:00,0.4747973220236599,0.9520578622682528,0.43790532285347583,0.22476912702433763
2023-08-10 20:00:00,0.48027309374883764,0.9726176101375711,0.3808638648316264,0.19611100692301986
2023-08-10 21:00:00,0.49080882435664536,0.9817441382326862,0.32742286949418475,0.13831089457496995
2023-08-10 22:00:00,0.5550026685744522,0.9892463706569238,0.2897979721240699,0.09852039333432912
2023-08-10 23:00:00,0.6005838114768266,0.9986881653016265,0.28967188256327053,0.0867733999667689
2023-08-11 00:00:00,0.6470815486833452,0.9944425989551978,0.34624635856132957,0.09014297877904029
2023-08-11 01:00:00,0.5600947587750851,0.9696173060753129,0.33493009888567027,0.10843391324859111
2023-08-11 02:00:00,0.6605349711515007,0.9438405274396591,0.346751354271546,0.13799772167578334
2023-08-11 03:00:00,0.7523260031081734,0.9560835365951064,0.4457219891157001,0.2003593600355089
2023-08-11 04:00:00,0.7527436177432536,0.985014115924185,0.4782857324182987,0.22145645409822465
2023-08-11 05:00:00,0.9493886463716625,0.9784341019933873,0.7467554169893263,0.4414231727644802
2023-08-11 06:00:00,0.989127518646419,0.9946946949173103,0.8239259516075252,0.4507284456957132
2023-08-11 07:00:00,0.9179113707691431,0.9937465713782746,0.8492385259084404,0.5890379147231578
2023-08-11 08:00:00,0.8510036938637493,0.9809739638052204,0.7307849919237196,0.43520146688446404
2023-08-11 09:00:00,0.9424946166947485,0.8215518742257898,0.6883842758275567,0.41381592247635124
2023-08-11 10:00:00,0.9122725746221839,0.6323508497259833,0.7837221759557723,0.4647394613735377
2023-08-11 11:00:00,0.8336067860387264,0.527465641620484,0.7145138364844024,0.4575139613822101
2023-08-11 12:00:00,0.8575462882779539,0.4953867117688059,0.7063132761791348,0.5135593864507974
2023-08-11 13:00:00,0.9217201021499931,0.44189468690278844,0.7940605261549353,0.5910391856916247
2023-08-11 14:00:00,0.9677907361462711,0.386167754063552,0.8853608977608383,0.70888734402135
2023-08-11 15:00:00,0.9931015936657787,0.31031101578677245,0.9454078281484544,0.7998790281452237
2023-08-11 16:00:00,0.9987514800950884,0.2270594163950194,0.971006877887994,0.8438780249282716
2023-08-11 17:00:00,1.0,0.2715464362840761,0.99835784021765,0.9481916306354106
2023-08-11 18:00:00,1.0,0.2550082823024555,0.9984894290566444,0.9353077791444958
2023-08-11 19:00:00,1.0,0.2531582187996669,0.9977869645506144,0.9201253738999366
2023-08-11 20:00:00,0.9981739566847683,0.2260661612992937,0.9887759474478661,0.8601830519363283
2023-08-11 21:00:00,0.9509681254997848,0.15509672607210548,0.9057757272943853,0.7383528653532264
2023-08-11 22:00:00,0.9877841795049608,0.03925263495607811,0.937982595320791,0.7070778654143213
2023-08-11 23:00:00,0.9909267834201455,0.053331936953419985,0.9662525065615772,0.7844663698785005
2023-08-12 00:00:00,0.9808861588127911,0.03121642561460083,0.9408758624084292,0.7020632669888435
2023-08-12 01:00:00,0.9572698417305947,0.031097294840623034,0.9045488724485038,0.6422211344726383
2023-08-12 02:00:00,0.945000300835818,0.04406814599240368,0.9146856127306818,0.6652353646978736
2023-08-12 03:00:00,0.9429366176761687,0.0589332021095536,0.9282170277088881,0.7883853467926382
2023-08-12 04:00:00,0.9686754664219915,0.07871390385383908,0.9472267290949821,0.7808129769936201
2023-08-12 05:00:00,0.9158998485468327,0.09358586614443497,0.9182184729166328,0.6526330137625336
2023-08-12 06:00:00,0.6959486260823906,0.1482632704519413,0.7455686014890669,0.4364628198556602
2023-08-12 07:00:00,0.4694563610851764,0.2522827176885171,0.546030642390251,0.3169674040097743
2023-08-12 08:00:00,0.22763563189655536,0.23810744186355307,0.275069175157696,0.1652928366139531
2023-08-12 09:00:00,0.1007362892013043,0.13107294481586323,0.15685804242268203,0.0993738951999694
2023-08-12 10:00:00,0.03365717362146825,0.12926271895116026,0.08871746313758194,0.11382786680944262
2023-08-12 11:00:00,0.036974543477408583,0.15289927679706705,0.04636266662739218,0.10341009330935777
2023-08-12 12:00:00,0.04898074835073203,0.16596723177893594,0.03179330899845808,0.06764223829843102
2023-08-12 13:00:00,0.06323062588926404,0.16178871811113574,0.02410186582710594,0.03623479985166341
2023-08-12 14:00:00,0.10072326404973865,0.17184437408365988,0.029330551652237774,0.03613901653327048
2023-08-12 15:00:00,0.14883876383304595,0.2077633286233653,0.046945360382087534,0.053369795330800114
2023-08-12 16:00:00,0.19916273451410235,0.26572296183217653,0.06210725203156471,0.06175895750988275
2023-08-12 17:00:00,0.30578500679694104,0.3954270566322586,0.09184301063418389,0.041963228299282486
2023-08-12 18:00:00,0.3522474828176201,0.3553901224447922,0.12153117846231906,0.040636906712315964
2023-08-12 19:00:00,0.3532442324794828,0.2918355632505633,0.17002984856255351,0.059969831048510974
2023-08-12 20:00:00,0.25697088105604055,0.2781938118148934,0.22570788316428658,0.10833020376972856
2023-08-12 21:00:00,0.20163062455132597,0.26472219804471186,0.21495962047949432,0.15476154892705377
2023-08-12 22:00:00,0.16975573964416976,0.1596255907280878,0.14775936640799042,0.16270101913250984
2023-08-12 23:00:00,0.22542657563462848,0.1426041265577078,0.18164677219465372,0.26064548222348094
2023-08-13 00:00:00,0.32390729140490293,0.3236178242076527,0.18117660303600128,0.20464314903132613
2023-08-13 01:00:00,0.4508652843162416,0.42781669054519045,0.2146876080520451,0.1467430785950273
2023-08-13 02:00:00,0.6101247616112231,0.5459628718820484,0.27860961420461533,0.13521675122901797
2023-08-13 03:00:00,0.7442367233894764,0.48261436420408155,0.3421233016904442,0.16522578031755977
2023-08-13 04:00:00,0.8666003025881946,0.29957819725979457,0.48747282560914756,0.2632774371281266
2023-08-13 05:00:00,0.9325860516168175,0.15283131346783854,0.7040230410173532,0.44992550837807355
2023-08-13 06:00:00,0.9519595796614887,0.0843800471655347,0.8822555536217987,0.692071133609861
2023-08-13 07:00:00,0.7364838221482931,0.05417237401008606,0.8830999512784182,0.7814876849763095
2023-08-13 08:00:00,0.6595995517820117,0.018848217129707336,0.6412716310098765,0.5229103783890604
2023-08-13 09:00:00,0.5105205404758454,0.013695526095953854,0.43381258137524126,0.2917895396798848
2023-08-13 10:00:00,0.43839885473251333,0.022179426764222705,0.36160785019397734,0.23886286165565251
2023-08-13 11:00:00,0.3896647024154663,0.04548964543776079,0.34343172227963803,0.22295143261551856
2023-08-13 12:00:00,0.33848483730107537,0.03240790738300844,0.31912322394549836,0.1935761493630707
2023-08-13 13:00:00,0.25702525587752456,0.006823183789171957,0.27486278774216766,0.1575848643388599
2023-08-13 14:00:00,0.2701195612549781,0.0004561880975961685,0.27032270856201646,0.20210366168059407
2023-08-13 15:00:00,0.41172726556658734,0.004114649817347526,0.38366992356255647,0.34556150684133163
2023-08-13 16:00:00,0.5141498608887196,0.02450918763875961,0.517645233720541,0.4294691663421691
2023-08-13 17:00:00,0.6088059842027721,0.07851340750401671,0.6109910135529932,0.45362143216654655
2023-08-13 18:00:00,0.5726228592358528,0.08660712235014546,0.5855149547010658,0.4231681799516081
2023-08-13 19:00:00,0.4648455579578877,0.056522471853955224,0.5136063892580569,0.35711103502660985
2023-08-13 20:00:00,0.3502397580072283,0.0289322827146812,0.3709977571107447,0.2688088784925639
2023-08-13 21:00:00,0.2291530983150005,0.011607686260884457,0.20272686976939439,0.14595605770125983
2023-08-13 22:00:00,0.06471172593533991,0.0002920855649492957,0.04680828627198935,0.025101339532993736
2023-08-13 23:00:00,0.04500646196305752,0.0020428431271152063,0.028140765107236808,0.00903400166891515
2023-08-14 00:00:00,0.09056306994520129,0.023009673671966248,0.04293781988322735,0.013377498784102498
2023-08-14 01:00:00,0.145314224679023,0.015647791993211615,0.09887573951855302,0.04025567249394953
2023-08-14 02:00:00,0.13490877307020127,0.004526398733935573,0.09979896321892738,0.06958967397920787
2023-08-14 03:00:00,0.13880004479549826,0.0004586036977442827,0.10209938480518757,0.08395892929285764
2023-08-14 04:00:00,0.14669119721278548,0.0,0.10858225518837572,0.08434148110449313
2023-08-14 05:00:00,0.23593827348202462,0.0006811466643756086,0.1780194380506873,0.15105643024668094
2023-08-14 06:00:00,0.24603782590478654,0.000592602907933972,0.1876965945772827,0.13827301900833844
2023-08-14 07:00:00,0.22613357046619056,0.0006829970770261504,0.17691019164398308,0.11048168648965656
2023-08-14 08:00:00,0.14715492459945378,0.016573856418783013,0.10836495035327973,0.056949882470071315
2023-08-14 09:00:00,0.11891265636309979,0.1688518309796398,0.09249630658421663,0.05906652320176362
2023-08-14 10:00:00,0.1168954949360341,0.4576729614219882,0.13417374888435005,0.13196265030186624
2023-08-14 11:00:00,0.12043201685883101,0.6197604579275303,0.20742857940495013,0.2657156376074999
2023-08-14 12:00:00,0.1649218447972089,0.6154634357446973,0.2922093211207538,0.3842055997252463
2023-08-14 13:00:00,0.28645533176139,0.5366187424551354,0.3942069204524159,0.4504600157774985
2023-08-14 14:00:00,0.4556207576207817,0.43503857332197104,0.49797346096485856,0.46585898961871863
2023-08-14 15:00:00,0.5918664363957938,0.2913049830834973,0.5709825312905014,0.4350132680498064
2023-08-14 16:00:00,0.6194652257859705,0.22260089512575754,0.5944132732041179,0.3922994012385607
2023-08-14 17:00:00,0.488498663790524,0.2560078404031016,0.5053195612505077,0.25956900200806554
2023-08-14 18:00:00,0.375241613117978,0.25932334305210547,0.42188227246981125,0.21601710729766635
2023-08-14 19:00:00,0.28935711598023767,0.24598609115589742,0.3315725861955434,0.15877203661482778
2023-08-14 20:00:00,0.1869406911265105,0.22008981435813685,0.22323227209970353,0.11014536980539558
2023-08-14 21:00:00,0.09816334750037639,0.2040827739171006,0.10232044484000652,0.07287485319655389
2023-08-14 22:00:00,0.033033602135255934,0.15024447128176688,0.023964422079734503,0.010872375709004702
2023-08-14 23:00:00,0.0020057183457538484,0.04515871896662496,0.002845655120909214,0.001398927201516926
2023-08-15 00:00:00,0.0014325629360973833,0.04870829812505029,0.003785886545665562,0.0035647995537146926
2023-08-15 01:00:00,0.01360601631458849,0.06321505710482599,0.033809546506963675,0.030485369502566754
2023-08-15 02:00:00,0.03064083538018167,0.08406255413185465,0.07715178710874168,0.06640396197326481
2023-08-15 03:00:00,0.03758101180195808,0.10060747670179061,0.10443823124747723,0.08971418473869562
2023-08-15 04:00:00,0.024868065654300154,0.0954261000996286,0.10099142846185713,0.09166026319842785
2023-08-15 05:00:00,0.017613135953433813,0.1124581085958264,0.10763545330148189,0.10111500314436853
2023-08-15 06:00:00,0.005989895160309971,0.12707593043080784,0.07263027703389525,0.08054473802447319
2023-08-15 07:00:00,0.07696836625225842,0.1273518757081845,0.05160742590203881,0.06570275915320961
2023-08-15 08:00:00,0.3805862565152346,0.08919153130528601,0.15618676543235777,0.11457061308901755
2023-08-15 09:00:00,0.7814590430632232,0.09912538649683646,0.5117512464523315,0.302947301864624
2023-08-15 10:00:00,0.8974562302045526,0.16864872844720427,0.8124002482183276,0.56110605860129
2023-08-15 11:00:00,0.8681331350095569,0.22322467138144095,0.9244283063709735,0.8019928162172435
2023-08-15 12:00:00,0.7636748633906245,0.25308580526574087,0.925917933769524,0.9219440758228303
2023-08-15 13:00:00,0.618402771539986,0.3215681611136955,0.8836437230929731,0.9402498092502354
2023-08-15 14:00:00,0.4359691697731614,0.4150672820041125,0.7886510596051812,0.8981699268519878
2023-08-15 15:00:00,0.24918264650739727,0.5897350030866534,0.6679945381172001,0.8426388839259743
2023-08-15 16:00:00,0.11851533440873024,0.6943257935480637,0.5447704733535647,0.7693720072135329
2023-08-15 17:00:00,0.13844972315244375,0.5850553302873264,0.4724415015242994,0.5831501643080262
2023-08-15 18:00:00,0.07769185733981429,0.5857917735251511,0.28594458808191114,0.28328244689851995
2023-08-15 19:00:00,0.03629166519735009,0.465623714429411,0.1452892623655498,0.11676837950013577
2023-08-15 20:00:00,0.025281820674426855,0.32346060342070726,0.07006828665733338,0.052640596041455864
2023-08-15 21:00:00,0.04932956046424805,0.18070249743420963,0.028575663371011615,0.02587486900854856
2023-08-15 22:00:00,0.042498245094902805,0.0953617500412193,0.00953719840850681,0.007246335782110693
2023-08-15 23:00:00,0.05436788810882717,0.04572496489029039,0.011866542845964433,0.007204065015539527
2023-08-16 00:00:00,0.05749752092175185,0.020755427953871808,0.015159315038472412,0.013382597104646267
2023-08-16 01:00:00,0.10300389233045278,0.021020813198252157,0.03276352502871305,0.03630629982333629
2023-08-16 02:00:00,0.21630049132741982,0.055189147466285664,0.06686525827273727,0.06909975569695234
2023-08-16 03:00:00,0.3770184376090765,0.13305425577542998,0.1360953693743795,0.11065469096880406
2023-08-16 04:00:00,0.46611541638150805,0.23583726536482572,0.20007165177725258,0.136593695404008
2023-08-16 05:00:00,0.49531114637851714,0.3119956857575611,0.2595788171514869,0.16260157982818776
2023-08-16 06:00:00,0.41922836158424615,0.5719555662165988,0.21510623217560348,0.11359056029468773
2023-08-16 07:00:00,0.308501987569034,0.7878917478024957,0.17592716514132917,0.07617184764705599
2023-08-16 08:00:00,0.1461455756705254,0.7764702809669753,0.1084163649380207,0.05974471189081669
2023-08-16 09:00:00,0.26702333100140085,0.8264478511295533,0.07574244362767786,0.07618837004527448
2023-08-16 10:00:00,0.7884613355528564,0.902319027957591,0.25331566109322007,0.15154813739471135
2023-08-16 11:00:00,0.9998259864374995,0.9497255614670838,0.6680200931429863,0.3640111340675503
2023-08-16 12:00:00,0.9950077537819743,0.9581483961099928,0.9811858293600381,0.9532924146391452
2023-08-16 13:00:00,0.9292878560535609,0.8782067021456631,0.9928165726922452,0.9986475195735693
2023-08-16 14:00:00,0.9058614899590611,0.7812946607578884,0.9554391432739795,0.9738389402814209
2023-08-16 15:00:00,0.9321165010705588,0.8227764476158402,0.9212624687142669,0.9273807881399989
2023-08-16 16:00:00,0.9789885685034097,0.9287565757063302,0.8608780762925743,0.6500715774111447
2023-08-16 17:00:00,0.9875493423081935,0.6024483345584436,0.8654632947966455,0.5072542680427432
2023-08-16 18:00:00,0.9033717276901005,0.12396328092976049,0.832511654831469,0.5239195653237401
2023-08-16 19:00:00,0.7341800849325955,0.0627183384583755,0.773732984252274,0.5802621228247881
2023-08-16 20:00:00,0.6555966261215506,0.08508832365613091,0.6797248113341627,0.4588030956871807
2023-08-16 21:00:00,0.5466374440677465,0.08937984870238737,0.5267956679500639,0.305865094512701
2023-08-16 22:00:00,0.5748182722553611,0.07569980485534125,0.5193772278539835,0.2710498873516918
2023-08-16 23:00:00,0.5715080235712229,0.06006885313852268,0.4736666435934602,0.24626105731353162
2023-08-17 00:00:00,0.6523248733766376,0.07605546300045468,0.5184387826547027,0.2426857146248221
2023-08-17 01:00:00,0.7344285196252167,0.06807898096740246,0.6545184654369949,0.34205220986157653
2023-08-17 02:00:00,0.7523248225636779,0.035828862481496554,0.7055170834623277,0.37446543175727126
2023-08-17 03:00:00,0.7507220997288823,0.019103661714629697,0.722687347009778,0.38771013306453816
2023-08-17 04:00:00,0.7371703185699878,0.02336305040527474,0.7149347298219799,0.37618884412571785
2023-08-17 05:00:00,0.5536988086625932,0.046722631935368894,0.5352956966590136,0.23742467405274512
2023-08-17 06:00:00,0.38683300552889704,0.09650072938339274,0.3625220028590411,0.142416032073088
2023-08-17 07:00:00,0.3083385603688657,0.19154026225209234,0.2236542262975126,0.07662194267380983
2023-08-17 08:00:00,0.18700291723944248,0.36391779304905375,0.1397246626205742,0.03751316446345299
2023-08-17 09:00:00,0.06667123798280954,0.5348007953844285,0.0854722383711487,0.04877157224342226
2023-08-17 10:00:00,0.047871378725394605,0.6180375228144904,0.08764194877818228,0.13031488057225943
2023-08-17 11:00:00,0.15697396635077893,0.6330608914250676,0.18750174503773445,0.2699461795762181
2023-08-17 12:00:00,0.30346328374929726,0.5834812230820006,0.3128566726110875,0.3866848314926028
2023-08-17 13:00:00,0.39837722754105925,0.5307902879504994,0.38218023384921257,0.46136388193815947
2023-08-17 14:00:00,0.5395543034933508,0.4993574407358061,0.48258473597466944,0.5442884856648742
2023-08-17 15:00:00,0.6246388615481555,0.45827579942277885,0.5680232943408192,0.5797141796164214
2023-08-17 16:00:00,0.7256890889815986,0.4064612801508469,0.6566073591448364,0.6444938175007701
2023-08-17 17:00:00,0.7143137604184446,0.33222633453932676,0.682475798781961,0.6345599405467509
2023-08-17 18:00:00,0.7836599145270883,0.2959927107326008,0.7571402507275341,0.6673543930239973
2023-08-17 19:00:00,0.7589581089653072,0.27488396480679517,0.7274772458709774,0.6066819921322166
2023-08-17 20:00:00,0.710064426846802,0.303916887695139,0.6395599363744257,0.49184985361993305
2023-08-17 21:00:00,0.6322607983276247,0.34954614710401394,0.4874933121725917,0.3409981513768435
2023-08-17 22:00:00,0.3635973147302866,0.2605732406675815,0.2336882611736655,0.14732508279383183
2023-08-17 23:00:00,0.33223984185606237,0.18836935633285481,0.231214248528704,0.14725640752352775
2023-08-18 00:00:00,0.31450658310204743,0.5203475181352007,0.2559324461407959,0.14318497228436172
2023-08-18 01:00:00,0.26859032969921826,0.7394511392170734,0.28676465956494207,0.1567776697454974
2023-08-18 02:00:00,0.18978222306817769,0.8490970842811193,0.2565712982509285,0.13737907472532238
2023-08-18 03:00:00,0.10879423711448907,0.9122951131517236,0.1708106090081855,0.09404698577709497
2023-08-18 04:00:00,0.035296330186538404,0.9268006493015721,0.09724426861386744,0.06906554546207189
2023-08-18 05:00:00,0.022728995904326442,0.9737785431471736,0.11475401242263616,0.10558977486100046
2023-08-18 06:00:00,0.01380006450228393,0.98046417737549,0.11122369566932318,0.10120787546038627
2023-08-18 07:00:00,0.012030490110628308,0.9747771217877215,0.09369796711485832,0.06822033985983579
2023-08-18 08:00:00,0.009243023763410747,0.8421402021294289,0.05657054817769676,0.03505442432593554
2023-08-18 09:00:00,0.005222998810932041,0.7046795746413141,0.05856626430060714,0.08795292638242246
2023-08-18 10:00:00,0.05003692764788866,0.7587012570012699,0.070348099200055,0.20991170629858968
2023-08-18 11:00:00,0.16103991695679723,0.8850304552370851,0.11491018468048422,0.3434177504573017
2023-08-18 12:00:00,0.1999427768215537,0.9693959529291498,0.19429465879220517,0.39386215225793425
2023-08-18 13:00:00,0.24004967262968416,0.9888361200148409,0.2782334274379536,0.34338996643666175
2023-08-18 14:00:00,0.6472553828591481,0.9867249543152073,0.3332141064805909,0.4939623907208442
2023-08-18 15:00:00,0.9518637551181018,0.9901649727469142,0.5669565561041235,0.681925768367946
2023-08-18 16:00:00,1.0,0.8859804457967931,0.8733539097569882,0.7712786476081236
2023-08-18 17:00:00,1.0,0.6886813843521203,0.9432592919841408,0.8634432459436355
2023-08-18 18:00:00,0.9976593350991607,0.4823875708200714,0.9464339819550514,0.9218015974387527
2023-08-18 19:00:00,0.9343154745176434,0.4742600957575169,0.9820068508200347,0.9266829532012344
2023-08-18 20:00:00,0.6649151134118436,0.44582026204602276,0.847427315544337,0.8050381552241741
2023-08-18 21:00:00,0.42742743812501427,0.21526042084802277,0.7164090074412524,0.7055698152445257
2023-08-18 22:00:00,0.4573767974413931,0.05844825119457461,0.6455536605045198,0.45098886992782355
2023-08-18 23:00:00,0.33217262355610727,0.0215062391995029,0.3624026380106807,0.2171940764971077
2023-08-19 00:00:00,0.23523621579632153,0.0794823104549538,0.20196981186047197,0.11452200960367916
2023-08-19 01:00:00,0.23846266243606803,0.3180223777517676,0.1145756042562425,0.05869343539699912
2023-08-19 02:00:00,0.42760685212910177,0.5487223784354599,0.11977892779745161,0.07399898525327445
2023-08-19 03:00:00,0.6780468554794787,0.7921883453699675,0.2505176924308762,0.14180318323895336
2023-08-19 04:00:00,0.7901788763888179,0.9207699105820872,0.4499178205244243,0.29420561053324484
2023-08-19 05:00:00,0.9360748476721347,0.8492484226280993,0.7424850517138839,0.7162147904839368
2023-08-19 06:00:00,0.9323260548710822,0.801641059666872,0.9715634539164604,0.9373329870216548
2023-08-19 07:00:00,0.9155910919606686,0.917888003384525,0.9726883172243833,0.9968474307656288
2023-08-19 08:00:00,0.8825358855910599,0.9667792445827615,0.9654326102696359,0.9986782010272145
2023-08-19 09:00:00,0.9057803553342817,0.992042678377845,0.9331151126138865,0.9874241459555921
2023-08-19 10:00:00,0.9719633262790741,0.8290466923740776,0.9702662326022982,0.971031159032136
2023-08-19 11:00:00,0.9974832715466618,0.6217154838822103,0.9886207183077933,0.9755877440050245
2023-08-19 12:00:00,1.0,0.4140306073494932,0.9999131176620721,0.9905932287313044
2023-08-19 13:00:00,1.0,0.2825245117734778,1.0,0.9986597511172294
2023-08-19 14:00:00,1.0,0.1655411500077356,1.0,0.9964328654110431
2023-08-19 15:00:00,0.9997153781726956,0.11662319994108242,0.9977118235826492,0.9456202955730261
2023-08-19 16:00:00,0.9898992832005025,0.09180790726434102,0.9772269557230174,0.8184627135284244
2023-08-19 17:00:00,0.9968628275394441,0.057895136275752004,0.9008460525050759,0.62867623610422
2023-08-19 18:00:00,0.974454001802951,0.06369072957133705,0.8829607895575462,0.5830110684409736
2023-08-19 19:00:00,0.7531176063790916,0.03708887219767679,0.6973023669794202,0.4493385227583348
2023-08-19 20:00:00,0.5232405037432909,0.020627780990167096,0.5308539638482034,0.3238604762591421
2023-08-19 21:00:00,0.4203052197024226,0.011527506028386677,0.45297562671825287,0.2516276617720723
2023-08-19 22:00:00,0.3347711824998259,0.010601441321725195,0.3678081012144685,0.21904445440508424
2023-08-19 23:00:00,0.29090016322210427,0.016000196832147512,0.3241652726009488,0.21695656016468998
2023-08-20 00:00:00,0.3158568108454346,0.025502118028023026,0.32815148800611493,0.22495424596592783
2023-08-20 01:00:00,0.31848158525303005,0.037579062008722255,0.313955234941095,0.2170666580460965
2023-08-20 02:00:00,0.31006146432831877,0.0337461933832277,0.29037774708122016,0.19322174531407652
2023-08-20 03:00:00,0.3064253684133291,0.022601056058298458,0.24521741045638915,0.1623335017636418
2023-08-20 04:00:00,0.2788137688301503,0.016114300980486655,0.20937311861664057,0.12925501652061935
2023-08-20 05:00:00,0.4244921944104134,0.036821319542147894,0.32301365809515115,0.17710158211179075
2023-08-20 06:00:00,0.34461201531812546,0.1374554698169231,0.2745983240753412,0.15892827447503802
2023-08-20 07:00:00,0.33689717881381503,0.1827374543249607,0.24146777488291257,0.14383537430316207
2023-08-20 08:00:00,0.32305156448855993,0.32625316120006825,0.223436521096155,0.11859862848185
2023-08-20 09:00:00,0.17152844024822111,0.5094198548387395,0.11817826400045303,0.045376133201643826
2023-08-20 10:00:00,0.09032344556413589,0.47344119237227855,0.09003979602828621,0.04032551759388296
2023-08-20 11:00:00,0.03142154646106064,0.45744792989709154,0.06810999246314169,0.059196736044250436
2023-08-20 12:00:00,0.01570475353393704,0.4012592450461605,0.061172539517283436,0.07257254768628629
2023-08-20 13:00:00,0.037405744153074925,0.28804278597235666,0.08325314255431292,0.09188363623339682
2023-08-20 14:00:00,0.07391598446760327,0.22948340232399375,0.11901869620662184,0.1092648568563163
2023-08-20 15:00:00,0.10075935288798063,0.22481766295703975,0.14298190153203902,0.11067159334663303
2023-08-20 16:00:00,0.156933378810063,0.20311458135193042,0.19757649407722053,0.13515500434674324
2023-08-20 17:00:00,0.1516869058459997,0.07251286897808312,0.20067829044535757,0.1374132756423205
2023-08-20 18:00:00,0.22838290099054565,0.11051182115619831,0.21815658641979094,0.18497909042984245
2023-08-20 19:00:00,0.24579641873016952,0.14806945632127194,0.24469266565516587,0.2432580940239131
2023-08-20 20:00:00,0.2714728828892111,0.14696724879132075,0.32476678729057307,0.3220939814485609
2023-08-20 21:00:00,0.2754578815028071,0.09338375877250325,0.2970811365172267,0.2725705552846193
2023-08-20 22:00:00,0.1639173762593418,0.0627665729820728,0.149215299366042,0.14058946602046488
2023-08-20 23:00:00,0.16524112682789563,0.070390994254161,0.1746224801521748,0.17528845934197307
2023-08-21 00:00:00,0.20638417822308835,0.07010249711573123,0.290231139184907,0.3144631517119705
2023-08-21 01:00:00,0.26980719150044025,0.09978544384241106,0.46528233546763653,0.510460679512471
2023-08-21 02:00:00,0.31009786495007574,0.11879482151432469,0.569549820171669,0.6225672410987315
2023-08-21 03:00:00,0.37362950444221493,0.1422379497235471,0.6438290044851601,0.6709664538130161
2023-08-21 04:00:00,0.44497060367837543,0.13413002436133947,0.6904857404157518,0.6887388725206255
2023-08-21 05:00:00,0.5489256905578076,0.10000877870077435,0.7090336447395384,0.658155094962567
2023-08-21 06:00:00,0.7300910666584969,0.11132114810361102,0.8098650859482588,0.7824970661103723
2023-08-21 07:00:00,0.7323268560692667,0.11604692062871025,0.8446749673970043,0.804538826793432
2023-08-21 08:00:00,0.6400685811042784,0.1326101125438105,0.8162333808466792,0.7249437739141283
2023-08-21 09:00:00,0.5980083106830714,0.22291419696401463,0.7139099290780723,0.6470967299677428
2023-08-21 10:00:00,0.6287231148965656,0.26571761644022024,0.7045560033433138,0.632911330591887
2023-08-21 11:00:00,0.5032398598268627,0.22015443355522368,0.712533503398299,0.6251816742867231
2023-08-21 12:00:00,0.4550207142531872,0.18349926414137538,0.6848605100251735,0.5944639895670114
2023-08-21 13:00:00,0.590403650831431,0.13925878660584035,0.6037721365690231,0.5311921693012118
2023-08-21 14:00:00,0.5974350563250481,0.0969186248731884,0.5534287828207015,0.4398390313424171
2023-08-21 15:00:00,0.5023839291930198,0.06848075823011722,0.4018975490890444,0.31569279786199334
2023-08-21 16:00:00,0.38894223557785157,0.043978427563878604,0.32826697779819375,0.2565727817639709
2023-08-21 17:00:00,0.4022411680221557,0.03235064822841774,0.3065212038531899,0.22499742271378628
2023-08-21 18:00:00,0.2715360692515969,0.019183090976016087,0.24813869969919322,0.19255090190097682
2023-08-21 19:00:00,0.2238267503492534,0.020470335466617893,0.2106892182864249,0.18531474849209184
2023-08-21 20:00:00,0.19421883987262842,0.01177861928262494,0.19431507518514987,0.17467365123331544
2023-08-21 21:00:00,0.17519075706601142,0.005854998254640536,0.15366093048825857,0.11882157535292208
2023-08-21 22:00:00,0.20283047266304488,0.006099745333194733,0.16887474712915718,0.10900063538923858
2023-08-21 23:00:00,0.2181307616829872,0.004666128480298953,0.21871896153315898,0.14164363274350758
2023-08-22 00:00:00,0.24484131446108215,0.010910525423559277,0.25749187355861064,0.1923003297112882
2023-08-22 01:00:00,0.2451058720611036,0.032854841222817247,0.22020656164735553,0.18522830015979705
2023-08-22 02:00:00,0.20318810686469077,0.08787960456176237,0.175886619836092,0.15151978200301527
2023-08-22 03:00:00,0.1740474925935268,0.1362440083379095,0.18486290652304882,0.15399470213800664
2023-08-22 04:00:00,0.1920187030546367,0.14987373684617603,0.2034809318743646,0.17332117376849052
2023-08-22 05:00:00,0.3406589902192354,0.1182931205698035,0.31206724036484956,0.22368936306796966
2023-08-22 06:00:00,0.3626685794629157,0.16587273695252155,0.37278512675315145,0.28772099879570306
2023-08-22 07:00:00,0.37450091749429704,0.19812676955353126,0.42517624406144017,0.3390026190318167
2023-08-22 08:00:00,0.45212431509047746,0.12895421675660396,0.4999459731020033,0.44445669790729875
2023-08-22 09:00:00,0.5359107542037963,0.11734271640127351,0.62658484544605,0.5609972533583639
2023-08-22 10:00:00,0.568942774068564,0.11340728286315092,0.6619104035571216,0.6164539302513002
2023-08-22 11:00:00,0.5622021412849424,0.08956166783517057,0.6158906600810585,0.5796403337642548
2023-08-22 12:00:00,0.5258585894107818,0.04437496536834674,0.6468490669876334,0.5433597648143768
2023-08-22 13:00:00,0.44938201859593396,0.03759833521463654,0.5211337552964687,0.39324961042031636
2023-08-22 14:00:00,0.2911901349015533,0.027077764408154924,0.34706547871232035,0.3179711024463177
2023-08-22 15:00:00,0.18839148139581077,0.022218212078918113,0.2672306859679519,0.26451236400753264
2023-08-22 16:00:00,0.20624391745775936,0.012150024192577063,0.27981024423614137,0.2613695004209876
2023-08-22 17:00:00,0.3218761960603296,0.02753642928871242,0.33665104338899254,0.25433981029316777
2023-08-22 18:00:00,0.3846984816342592,0.005222727788442915,0.3792810588143766,0.2386169745586812
2023-08-22 19:00:00,0.3919678214751184,0.0009959825839508663,0.3154457604140043,0.16826093407347795
2023-08-22 20:00:00,0.34243559803813695,0.00261401100253517,0.23822497289627786,0.1262153988331556
2023-08-22 21:00:00,0.2656462732702493,0.00623237840492617,0.17413547413423655,0.12365181817673147
2023-08-22 22:00:00,0.23472634553909297,0.012946821586652236,0.16166767545975744,0.12270819377154113
2023-08-22 23:00:00,0.24038339601829645,0.0219182032786987,0.12551423575729131,0.05711873715743422
2023-08-23 00:00:00,0.18186475902795787,0.02721989274024964,0.09060866633895785,0.029087773161008947
2023-08-23 01:00:00,0.09224024462513625,0.03875940832563421,0.042478336291387676,0.012124631619080901
2023-08-23 02:00:00,0.06517762635834513,0.041383788118308236,0.02563940266612917,0.006187236267141997
2023-08-23 03:00:00,0.0424369175871834,0.05859486623582513,0.013182659284211695,0.002501663696020842
2023-08-23 04:00:00,0.03667836887761951,0.04211228007958692,0.0061899875616654755,0.0009948172699660062
2023-08-23 05:00:00,0.03516735492739827,0.012675676786086776,0.005964027582667768,0.007999594723805785
2023-08-23 06:00:00,0.03952621114440263,0.0167734669521451,0.013409351194277405,0.01942549320403486
2023-08-23 07:00:00,0.04335108353756369,0.049752887335013256,0.023816000665538014,0.029101356090977786
2023-08-23 08:00:00,0.03658144777175039,0.06095490273088217,0.04394704388920218,0.04969603312201797
2023-08-23 09:00:00,0.022602768833749003,0.06512478804723783,0.02670194468460977,0.04736744703724981
2023-08-23 10:00:00,0.02293631551321596,0.07014363265173,0.048688881373964245,0.11275339500047266
2023-08-23 11:00:00,0.040170792290009555,0.10409850786016744,0.07651223363820463,0.17134320576675235
2023-08-23 12:00:00,0.04001062525901943,0.17691918759860772,0.07296100225765258,0.17165591364726418
2023-08-23 13:00:00,0.04489306293893605,0.2341942591965199,0.08755425335373729,0.16925623103044926
2023-08-23 14:00:00,0.057458851528353984,0.2913012559644201,0.12478874885942784,0.1774258434772491
2023-08-23 15:00:00,0.058467725436203176,0.36451613905754954,0.12106224717106669,0.16986932263243942
2023-08-23 16:00:00,0.07164214784745128,0.40969191161069,0.12661843663081526,0.16684115834068505
2023-08-23 17:00:00,0.08979757850989699,0.5295313957333564,0.16770526622422036,0.20999790221452708
2023-08-23 18:00:00,0.10178229708224533,0.48444053266536086,0.1860472914716229,0.2264293516427278
2023-08-23 19:00:00,0.13175179851241411,0.5637334784458982,0.15919188120402392,0.2157047909777611
2023-08-23 20:00:00,0.19613295976072548,0.7332348491386934,0.1581175743415952,0.24584891176782547
2023-08-23 21:00:00,0.17290329168085009,0.7687417777695438,0.13539341160561888,0.19805013456847517
2023-08-23 22:00:00,0.13311187619343404,0.6234635318409312,0.12845366912428288,0.1664595945831388
2023-08-23 23:00:00,0.15711562551558014,0.7633139412511476,0.15361569727770985,0.15963897374458608
2023-08-24 00:00:00,0.2015639978367835,0.8211473977023903,0.18463270142674443,0.17181318837217985
2023-08-24 01:00:00,0.21237292673438787,0.8947524142807178,0.20041572138667105,0.21671821268275376
2023-08-24 02:00:00,0.18894816586747762,0.9547084313089197,0.24068282067775723,0.30292566442862157
2023-08-24 03:00:00,0.19514373234473167,0.9789920497076078,0.3358554879017174,0.5251975231990218
2023-08-24 04:00:00,0.20441910127177831,0.9818748476830396,0.4871239991579204,0.7396472801454363
2023-08-24 05:00:00,0.17038053579628465,0.9898246811872178,0.618058896921575,0.8097295623086394
2023-08-24 06:00:00,0.2456915718689561,0.995420176224275,0.7185155376140028,0.8655368535593152
2023-08-24 07:00:00,0.3134968288382515,0.9935373609580777,0.7925087029486896,0.8957147733680902
2023-08-24 08:00:00,0.28377872063312676,0.9505058536746286,0.771944495551288,0.8681762500479817
2023-08-24 09:00:00,0.36406521437689654,0.8833318221162666,0.8070394026860594,0.9021504736877978
2023-08-24 10:00:00,0.5794555465131999,0.8638091640716247,0.8692585833743215,0.9750662375614046
2023-08-24 11:00:00,0.6888636349141597,0.83888853197748,0.9114119619131087,0.9638357671722769
2023-08-24 12:00:00,0.7592691660113633,0.8197819280488923,0.8991995448991655,0.8631655623391271
2023-08-24 13:00:00,0.8097334454394876,0.8142603828825734,0.8512391483224927,0.7692341506294905
2023-08-24 14:00:00,0.7609814912267028,0.8214010173082351,0.775235837129876,0.6026708120573312
2023-08-24 15:00:00,0.5969151191040872,0.8332531544837084,0.6427115898020564,0.43651947545818987
2023-08-24 16:00:00,0.4056068089418112,0.8328627055747941,0.4234357468131929,0.298202894879505
2023-08-24 17:00:00,0.15482829253654923,0.7535832906582137,0.1743527402402833,0.08852933484595266
2023-08-24 18:00:00,0.054807416149415075,0.7872340849854728,0.06701693031005561,0.05176945230923593
2023-08-24 19:00:00,0.14700664577540012,0.9062385652282022,0.07156422501429915,0.07954705954529345
2023-08-24 20:00:00,0.2996582962945103,0.9661514663425358,0.1387880031298846,0.11641993227414786
2023-08-24 21:00:00,0.3994152636080979,0.9678430518507959,0.15426872674375772,0.12629972970113157
2023-08-24 22:00:00,0.40001138185150914,0.7733682809499175,0.107382697109133,0.09672811255790292
2023-08-24 23:00:00,0.42989549495279783,0.8542927093126557,0.1490460325963795,0.15150146290659905
2023-08-25 00:00:00,0.5321126973628999,0.7658032177524133,0.2884007137082517,0.4174459839798509
2023-08-25 01:00:00,0.6847687600553035,0.5569450912150469,0.5401411508955062,0.7264910678006707
2023-08-25 02:00:00,0.8412545379437506,0.3952775617079302,0.8571831318736075,0.9217613853514194
2023-08-25 03:00:00,0.9104020145349203,0.35293140826577485,0.91874696534127,0.971283432226628
2023-08-25 04:00:00,0.9266035778075455,0.32850275614722196,0.941639606244862,0.9731172126717865
2023-08-25 05:00:00,0.9823100629635154,0.20514095898040316,0.9926158132776617,0.9906667496263981
2023-08-25 06:00:00,0.9855611763335763,0.1838027721541849,0.9859578490070998,0.9799027284607292
2023-08-25 07:00:00,0.992211179677397,0.25630646981976246,0.9786404365114866,0.8913215278461577
2023-08-25 08:00:00,0.9436441981978715,0.4974850816076451,0.9579702753201128,0.8230527422204612
2023-08-25 09:00:00,0.8530945060029625,0.6897881151735781,0.8407024018466471,0.6778885506466028
2023-08-25 10:00:00,0.7692102640308439,0.5787602950497105,0.7809880279190837,0.5827774588763712
2023-08-25 11:00:00,0.655531247332692,0.32166772403500293,0.7223195587657391,0.5591087485849856
2023-08-25 12:00:00,0.5510495046339928,0.11887835798615759,0.6796671628393232,0.5508968341536818
2023-08-25 13:00:00,0.4715163493528962,0.06724919951436194,0.6187534244731067,0.4881584843434393
2023-08-25 14:00:00,0.3711410797014833,0.053709525205194945,0.4868365198187531,0.3469033564999699
2023-08-25 15:00:00,0.24684724051505325,0.043810173537243494,0.34314842643216253,0.22278151939623053
2023-08-25 16:00:00,0.15079762351699175,0.026328939426351675,0.22209049959667018,0.12164162311702967
2023-08-25 17:00:00,0.07398938738740982,0.0019643165645274246,0.11309906758833674,0.04904521443881094
2023-08-25 18:00:00,0.019187323688529434,0.010121323300356215,0.030890785339288417,0.009558342332020402
2023-08-25 19:00:00,0.006320882765576243,0.018987331901761623,0.00434742314275354,0.0033873613132163883
2023-08-25 20:00:00,0.015814360068179666,0.02949036834592169,0.00912986947223544,0.013639508988708257
2023-08-25 21:00:00,0.0587464819708839,0.042858502499081866,0.02621011404786258,0.03818925178144127
2023-08-25 22:00:00,0.10237869428470732,0.07139618372713975,0.030725533356890086,0.03364786245860159
2023-08-25 23:00:00,0.07875660891644656,0.1301202469793233,0.021705191577784715,0.020673070293851195
2023-08-26 00:00:00,0.04669629248790444,0.20076550938189028,0.013591863843612374,0.015876404140144587
2023-08-26 01:00:00,0.03313991751987488,0.2602345233749259,0.011422855788841843,0.015905107907019555
2023-08-26 02:00:00,0.04832336090505123,0.28180994686755273,0.029967695507220924,0.03922241289168596
2023-08-26 03:00:00,0.10025837311521171,0.2751652218401431,0.08844240264035759,0.0952434196230024
2023-08-26 04:00:00,0.1687012946605682,0.26659687719561836,0.1599053355399519,0.15946447059512134
2023-08-26 05:00:00,0.2459575743414461,0.19002985316921361,0.2650183163024485,0.26136589646339414
2023-08-26 06:00:00,0.35746689084917305,0.2300283752652731,0.37302336534485214,0.3414136616699397
2023-08-26 07:00:00,0.4354696726240218,0.25969645535404035,0.4552592017687857,0.4117593750730157
2023-08-26 08:00:00,0.5260109461843967,0.381865785609592,0.49781081994995474,0.3958593059144914
2023-08-26 09:00:00,0.5480630700290203,0.574648649977012,0.46716644510626787,0.36768233949318524
2023-08-26 10:00:00,0.70508411725983,0.6092934054610403,0.6604607211612163,0.6394985824078321
2023-08-26 11:00:00,0.8294489989988505,0.4903060195425693,0.7934425166249273,0.8007727974280713
2023-08-26 12:00:00,0.8586767947115004,0.44184072894467546,0.8223152456246315,0.8070485685579478
2023-08-26 13:00:00,0.8278409562446174,0.3866894585673105,0.7783185517974197,0.7083092011883853
2023-08-26 14:00:00,0.7467964559234678,0.3305758569050919,0.6865637818165122,0.580634874422103
2023-08-26 15:00:00,0.6309670878946777,0.27243420321155676,0.5680711959861219,0.45859392609447236
2023-08-26 16:00:00,0.5319663205370307,0.24082138103517614,0.45964923135936264,0.3770160455629229
2023-08-26 17:00:00,0.45984818324446675,0.5547675874964756,0.40974832758307456,0.31054447690024967
2023-08-26 18:00:00,0.36729615427553647,0.6824387148429044,0.318412599787116,0.2441351289115846
2023-08-26 19:00:00,0.23838096888735888,0.7864907206324012,0.2566472853906453,0.20357323193922638
2023-08-26 20:00:00,0.17823514144867653,0.8246060522307047,0.19463881073519587,0.1431514877360314
2023-08-26 21:00:00,0.09256683043204246,0.7770703113756394,0.08972729492932559,0.0548248225543648
2023-08-26 22:00:00,0.004971557543613015,0.6178260955756361,0.004093252075836063,0.00203920719679445
2023-08-26 23:00:00,0.0,0.3148141655054959,0.00015799669083207846,8.765685372054576e-05
2023-08-27 00:00:00,0.0,0.31837051238525993,0.0,0.0
2023-08-27 01:00:00,0.0,0.2946384075148539,6.981739308685064e-05,6.063788663595915e-05
2023-08-27 02:00:00,0.0,0.24177265755832192,0.00010620490182191133,0.00011598824989050625
2023-08-27 03:00:00,0.00018666288815438747,0.2211479357291351,0.000625283671543002,0.0007912202691659331
2023-08-27 04:00:00,0.0038847720576450227,0.2060867786746133,0.00428223954513669,0.005593105936422944
2023-08-27 05:00:00,0.0051124361483380195,0.29307831872593276,0.009805882023647426,0.01332052238751203
2023-08-27 06:00:00,0.028602528744377194,0.314151326445016,0.026993110077455647,0.03679616526700557
2023-08-27 07:00:00,0.07822265234775842,0.251214832873507,0.054526144224219024,0.061100616236217306
2023-08-27 08:00:00,0.17767062883824108,0.12168994472785429,0.11322375439107418,0.08057516125962137
2023-08-27 09:00:00,0.324620632827282,0.0955624210699038,0.24543043821118768,0.15077735868282618
2023-08-27 10:00:00,0.36528657624498007,0.09336573353883894,0.3830736373923718,0.26039418667554853
2023-08-27 11:00:00,0.27705247573554515,0.08959082564169711,0.4309184420853853,0.3713818146940321
2023-08-27 12:00:00,0.1724632219132036,0.10200959215448661,0.4077948547340929,0.42376508531160656
2023-08-27 13:00:00,0.12814727631397543,0.10851389487697319,0.34987780144438146,0.39285515969619156
2023-08-27 14:00:00,0.0947368427924812,0.1133073415471749,0.2701569029036909,0.3052324617560953
2023-08-27 15:00:00,0.08936340970918535,0.12102968429638579,0.20814733703620728,0.22311091323848814
2023-08-27 16:00:00,0.15536455438472327,0.12269299200312657,0.14637622982263562,0.12380267966538668
2023-08-27 17:00:00,0.2539501655101776,0.29043866570700305,0.1518146208208054,0.1086614491418004
2023-08-27 18:00:00,0.3791547301225363,0.30399071580984366,0.2029874869156629,0.10837574867531656
2023-08-27 19:00:00,0.4692673700489104,0.2898240422796119,0.2715181316062808,0.1420116720441729
2023-08-27 20:00:00,0.49896143943071375,0.25988208762624043,0.31988165730610485,0.18331398373469712
2023-08-27 21:00:00,0.41205444812774666,0.19108589096502818,0.2886745373997837,0.20798072650097307
2023-08-27 22:00:00,0.1698895100690424,0.06992937612262638,0.1290730832424015,0.10193402421660719
2023-08-27 23:00:00,0.12063617440871893,0.026106204807080993,0.07748595208860934,0.045014849212020626
2023-08-28 00:00:00,0.14110981232486663,0.011073118160394106,0.10238428495824338,0.052224311511963606
2023-08-28 01:00:00,0.253704119361937,0.009140719991515984,0.21163848976604638,0.09980727529153227
2023-08-28 02:00:00,0.2721839632838964,0.02222514517605305,0.2598316400498151,0.1428282426763326
2023-08-28 03:00:00,0.2416647251322865,0.02166544851254333,0.24566323278471824,0.15228543801233174
2023-08-28 04:00:00,0.19884737860411403,0.01703001123599031,0.20023199178278442,0.12474997140467166
2023-08-28 05:00:00,0.140506973573938,0.006966011375188827,0.1591899545677006,0.0868473702482879
2023-08-28 06:00:00,0.10281650392338632,0.018589873374863106,0.13372447045519947,0.06875152709893882
2023-08-28 07:00:00,0.060035395505838085,0.03779676333747126,0.10364951756782828,0.05226849643979222
2023-08-28 08:00:00,0.02831573444418609,0.11340696201405742,0.08423874936997892,0.05338076657615601
2023-08-28 09:00:00,0.022830670010298496,0.23532419857653702,0.11127523543313145,0.10399144337978214
2023-08-28 10:00:00,0.022525220438838003,0.3348718618940223,0.14665167729370293,0.17287844080477954
2023-08-28 11:00:00,0.022234647911973295,0.3339133754101667,0.16031970580574123,0.21005940010771149
2023-08-28 12:00:00,0.021412316593341526,0.28121588518673724,0.1421939868107438,0.19839466400444505
2023-08-28 13:00:00,0.028745432030409575,0.2296796621246771,0.1123634588252753,0.16676449739374222
2023-08-28 14:00:00,0.05490252528339625,0.18872415112500837,0.08543311066459865,0.12835235973354428
2023-08-28 15:00:00,0.1048021166678518,0.1530533639883453,0.08941670999396593,0.11199270685669034
2023-08-28 16:00:00,0.17510367941111327,0.1297504419833422,0.11489100323058664,0.10480331148952246
2023-08-28 17:00:00,0.4307018567621708,0.28777393090454007,0.2851779019180685,0.19870117148384442
2023-08-28 18:00:00,0.5087666064500808,0.21302779616957357,0.30319880750030276,0.16826937044039367
2023-08-28 19:00:00,0.4998621276021003,0.15247309787706895,0.30164667382836335,0.15198259219527246
2023-08-28 20:00:00,0.38710715834051374,0.10616338921541515,0.24800033833831542,0.11734593853354455
2023-08-28 21:00:00,0.24966206049546602,0.08832373503934253,0.16428395493887366,0.07261018111370503
2023-08-28 22:00:00,0.08113919542171062,0.04204579259861599,0.04326819952577353,0.012838339619338513
2023-08-28 23:00:00,0.00991076373960823,0.001018262935633009,0.005388258844614029,0.0009944705944508313
2023-08-29 00:00:00,0.0021147415973246093,0.0020944804020903325,0.0028222649358212947,0.0012896451493725181
2023-08-29 01:00:00,0.00039341309573501346,0.006881188675761222,0.002165446514263749,0.00291357425507158
2023-08-29 02:00:00,0.000565816625021398,0.016059886552393435,0.003975998158566654,0.009125590417534113
2023-08-29 03:00:00,0.003802997902967036,0.012401145642453976,0.013871161569841205,0.023692972669377928
2023-08-29 04:00:00,0.018703747387044133,0.008153028864074837,0.03709805414080621,0.041415383676066994
2023-08-29 05:00:00,0.04073405342176557,0.02203011569990353,0.07497031681239606,0.07073554023634644
2023-08-29 06:00:00,0.03710169229656458,0.04440748774531212,0.060556014990434046,0.050843621054664265
2023-08-29 07:00:00,0.021603882033377885,0.085901532870802,0.029699943740852178,0.027498081088997425
2023-08-29 08:00:00,0.029158558794297282,0.2258059692247347,0.013653894918970764,0.024318419136106974
2023-08-29 09:00:00,0.10079297501593827,0.48793666393919416,0.03659382067620754,0.06772698225919156
2023-08-29 10:00:00,0.1932058152556419,0.5902434551986779,0.08939175396226345,0.17952408584300428
2023-08-29 11:00:00,0.2260254878411069,0.5771629010818221,0.13762529612518845,0.24854710983112452
2023-08-29 12:00:00,0.2681606708094477,0.4561336940459228,0.1725535863731056,0.2674847898352891
2023-08-29 13:00:00,0.28542990284040565,0.344148396815766,0.2229563436750322,0.31364368591457603
2023-08-29 14:00:00,0.2474188863299787,0.2729540922458876,0.26390933654271065,0.32468204554170366
2023-08-29 15:00:00,0.23393740031868218,0.25652826358648856,0.32397009704262014,0.32419014133512974
2023-08-29 16:00:00,0.2214545091241598,0.2425898761268366,0.2884240979887545,0.2604205624386668
2023-08-29 17:00:00,0.2016052086278796,0.2361475483836097,0.28775923637673256,0.25092891091480846
2023-08-29 18:00:00,0.2572908478789031,0.18918331597339025,0.3093738481774926,0.2512764233909547
2023-08-29 19:00:00,0.3233544438332319,0.17499109042639083,0.29361344238743176,0.21544729200191795
2023-08-29 20:00:00,0.3410428808815777,0.14407610515301877,0.24294393464922906,0.17665606055408714
2023-08-29 21:00:00,0.2914381982386111,0.12589291211217638,0.17169407320208846,0.13500845280475912
2023-08-29 22:00:00,0.13499903816729783,0.08992042046717622,0.06658697597682477,0.062248361632227904
2023-08-29 23:00:00,0.043387007517740134,0.03225526985458352,0.027895257556810972,0.039535117377527046
2023-08-30 00:00:00,0.07077705302275716,0.03271755072542212,0.05698674269020557,0.06597123808693141
2023-08-30 01:00:00,0.1406885099597275,0.07271068878471852,0.1046758565865457,0.10340582641772923
2023-08-30 02:00:00,0.21850656557828183,0.11794804182242259,0.15832875402644278,0.13846553388983007
2023-08-30 03:00:00,0.2584752424061298,0.1306341462243687,0.25860462525859473,0.22896005811169737
2023-08-30 04:00:00,0.29316376248374576,0.13437300415201617,0.40310557657852775,0.42999108973890543
2023-08-30 05:00:00,0.5701066627167164,0.3310582308877597,0.7571472388133406,0.7963153920695185
2023-08-30 06:00:00,0.5530031038820742,0.29168042157183993,0.7137867427989841,0.6862115227244792
2023-08-30 07:00:00,0.48998547615483407,0.27104596979238765,0.5533281895890831,0.47792459396645426
2023-08-30 08:00:00,0.3784564977139235,0.18717408890751272,0.32947752542793746,0.2660474491491914
2023-08-30 09:00:00,0.606016978099942,0.18697797095911065,0.6260088599845767,0.4682627194095403
2023-08-30 10:00:00,0.9626675271056592,0.16745031377808609,0.9631789515726268,0.7080587584897875
2023-08-30 11:00:00,0.9991757368296385,0.24385858581147402,0.9926309096068144,0.8896499326452612
2023-08-30 12:00:00,1.0,0.3039662415669722,1.0,0.9806331245787441
2023-08-30 13:00:00,1.0,0.36379239121282636,1.0,0.9653192700445652
2023-08-30 14:00:00,0.9998677404969931,0.46086443098769936,0.9966730714216828,0.8805626846477388
2023-08-30 15:00:00,0.992987132165581,0.6929080454327843,0.9777421164885163,0.7811667509190738
2023-08-30 16:00:00,0.9642742388509213,0.851121624396606,0.9261031597480178,0.6769812871329486
2023-08-30 17:00:00,0.9395824335701763,0.6101522945612669,0.8377951605245471,0.5596948335506021
2023-08-30 18:00:00,0.9176054100878536,0.6341538593647154,0.78360921241343,0.45141232230700556
2023-08-30 19:00:00,0.7836370159126818,0.812005745768547,0.6706063740514216,0.36188692519441246
2023-08-30 20:00:00,0.6911687082424759,0.9424085546623577,0.6377504993416369,0.35831160902976983
2023-08-30 21:00:00,0.6131711875461041,0.9758809857883236,0.5853016788326203,0.26600846625864505
2023-08-30 22:00:00,0.37777900414541365,0.9933714294027198,0.4880319798365236,0.2606530076358467
2023-08-30 23:00:00,0.3589652506820858,0.9969053110073914,0.5355788118578493,0.2842021650075912
2023-08-31 00:00:00,0.40444637235254044,0.9982940532131628,0.4611658689379692,0.19941070846281944
2023-08-31 01:00:00,0.3813102411478758,0.9994555375792764,0.5292231618613004,0.2759729844331741
2023-08-31 02:00:00,0.3649184775166213,1.0,0.6663341260142625,0.41641011657193305
2023-08-31 03:00:00,0.4079365891218185,1.0,0.6358345840126275,0.45766379598528145
2023-08-31 04:00:00,0.3101393585838377,1.0,0.5613583970069884,0.40256392398849133
2023-08-31 05:00:00,0.7197323738597331,1.0,0.8764832087978721,0.5647026980109513
2023-08-31 06:00:00,0.5675983928050845,0.9995547910170122,0.7709771312586963,0.4233211035933345
2023-08-31 07:00:00,0.5333837666176259,1.0,0.6380734462477267,0.3981120506860315
2023-08-31 08:00:00,0.43329561799764627,0.9995092017542233,0.5072101834602654,0.3681415201723576
2023-08-31 09:00:00,0.3686094997264445,0.9935256257111376,0.4753002190589904,0.3818116733059287
2023-08-31 10:00:00,0.360417368337512,0.9956599937243896,0.4305897426791489,0.38559744948521246
2023-08-31 11:00:00,0.35403631972149013,0.9976531366868453,0.37459439327940347,0.33814461095258597
2023-08-31 12:00:00,0.21739465372636915,0.9975852130759847,0.2383911474794149,0.16848402409814298
2023-08-31 13:00:00,0.11440092456527054,0.9914323721013286,0.10385246355086562,0.049186973171308636
2023-08-31 14:00:00,0.08271441809833051,0.9876342281021855,0.03791630814317614,0.011832276801578704
2023-08-31 15:00:00,0.027366527621634308,0.9825396749377251,0.010550944171845914,0.0023055868316441772
2023-08-31 16:00:00,0.05386379275936634,0.9790957133607431,0.03066988497972488,0.05691746160387993
2023-08-31 17:00:00,0.2735817535128444,0.982003006013957,0.11501385685522107,0.1385646907519549
2023-08-31 18:00:00,0.40547015335410824,0.9807975508137183,0.22568048343993724,0.2981297838035971
2023-08-31 19:00:00,0.5007169016823172,0.977670830569484,0.2567667739465832,0.4656510925665497
2023-08-31 20:00:00,0.49863866224884984,0.957891184917905,0.2851975869946182,0.5285054444428533
2023-08-31 21:00:00,0.5330120441503823,0.8842298830503768,0.3302777497470379,0.520997328190133
2023-08-31 22:00:00,0.5845823126100004,0.7113187033073466,0.36472560539841653,0.6088178559299559
2023-08-31 23:00:00,0.631182957291603,0.6123171674392439,0.4171941984258592,0.6264131300989538
2023-09-01 00:00:00,0.7077043266408145,0.5410562175376846,0.46217020022682836,0.6059538823552431
2023-09-01 01:00:00,0.66275622760877,0.5221266560391945,0.48517533462494605,0.559839882031083
2023-09-01 02:00:00,0.6374742834083735,0.4738295182314785,0.5701547357439994,0.6056811977550387
2023-09-01 03:00:00,0.6671141580119727,0.4803976677764545,0.6848483583517372,0.6416628171131014
2023-09-01 04:00:00,0.7860825017653404,0.5247014529732138,0.8001817242801189,0.7404771482571957
2023-09-01 05:00:00,0.8540010356344282,0.6718150846118277,0.9394765268824993,0.863690252173692
2023-09-01 06:00:00,0.7422485245019197,0.5954958629201758,0.8750242598168552,0.7661699161492286
2023-09-01 07:00:00,0.7452327093109486,0.4870744102651422,0.6689275542460381,0.550622742138803
2023-09-01 08:00:00,0.6109512632153925,0.31062641739845276,0.5206884099915623,0.3889542905800044
2023-09-01 09:00:00,0.4925067381560803,0.20965974782678212,0.40215773448348036,0.2967862553708255
2023-09-01 10:00:00,0.5003100319579242,0.24913045241751447,0.4105484974570573,0.3231981929577886
2023-09-01 11:00:00,0.48904639452695847,0.24205034122548313,0.43492258980870246,0.3508571135997772
2023-09-01 12:00:00,0.4731335777416826,0.1910930931635878,0.45205648859962816,0.3412450058944523
2023-09-01 13:00:00,0.4801359941065312,0.10207109047607944,0.42818227330222713,0.2833633933030068
2023-09-01 14:00:00,0.46232660025358197,0.04497334860603917,0.36004120023921127,0.24087953079491847
2023-09-01 15:00:00,0.43997529894113535,0.031375327492979437,0.3260400082357227,0.23767534799873824
2023-09-01 16:00:00,0.4620075435936451,0.024586002853783696,0.3303897292166948,0.24155796406790608
2023-09-01 17:00:00,0.5986137040331957,0.055201800082894874,0.42438193056732415,0.35838001545518633
2023-09-01 18:00:00,0.49899312540888785,0.055552743185650205,0.34965619768947365,0.3044275394268333
2023-09-01 19:00:00,0.29954622020944943,0.042552659684284164,0.25306747226044535,0.2363248639926314
2023-09-01 20:00:00,0.23790662860497827,0.040811170810325585,0.24811070071533314,0.2341278662905097
2023-09-01 21:00:00,0.2380350990779698,0.04206804862076586,0.22016661467030638,0.19147090418264268
2023-09-01 22:00:00,0.16032201440073549,0.01110075927932154,0.10885761324316263,0.07608604983426631
2023-09-01 23:00:00,0.10153663380071519,0.002208684408529238,0.06531269296072424,0.04539952619932591
2023-09-02 00:00:00,0.08031888023018836,0.0005320121754299511,0.08781020407564938,0.061026032995432605
2023-09-02 01:00:00,0.14160089991986752,0.002598265382376584,0.127748565049842,0.07665717146359384
2023-09-02 02:00:00,0.19961747178807854,0.013661057468165054,0.13019691026769578,0.06401407236233353
2023-09-02 03:00:00,0.1957765030302107,0.022853082303296437,0.12264138323254883,0.07004159146919847
2023-09-02 04:00:00,0.21827404212206597,0.024816151332448824,0.1790915738418698,0.149543860796839
2023-09-02 05:00:00,0.46780950963497164,0.05695479494604196,0.4267533132247627,0.33974739314988245
2023-09-02 06:00:00,0.6113842223212119,0.10334985682232811,0.5631126846931873,0.4450485415570437
2023-09-02 07:00:00,0.6653052953444419,0.18498042912645768,0.6739712628349659,0.6131412663124501
2023-09-02 08:00:00,0.677167965751141,0.24770128427581353,0.7020760801993308,0.7271048062667249
2023-09-02 09:00:00,0.7734896468743682,0.4680800077996468,0.8477186326868832,0.8655461173690854
2023-09-02 10:00:00,0.9432950146310032,0.6871289688755163,0.9600647016987205,0.9513482542708516
2023-09-02 11:00:00,0.9998474590852857,0.8071312880380586,0.9936608837544918,0.9744119174592197
2023-09-02 12:00:00,1.0,0.8433806725930082,0.997494813427329,0.9811906251311301
2023-09-02 13:00:00,1.0,0.8660977997834032,0.9971752106770874,0.9817688348516822
2023-09-02 14:00:00,0.996124933734536,0.9184391838041218,0.9890257157757879,0.9607504854910075
2023-09-02 15:00:00,0.9665941136889158,0.9614618480341002,0.95815837578848,0.8890499742887912
2023-09-02 16:00:00,0.9036590255983172,0.9792644009129567,0.9129344721511006,0.8176650775969029
2023-09-02 17:00:00,0.8345640966109931,0.9931905732777985,0.8715390313416718,0.7653291494026779
2023-09-02 18:00:00,0.7144726480729877,0.9960046415166421,0.7755159240216016,0.676350743509829
2023-09-02 19:00:00,0.5995141179673372,0.9977192808552222,0.6296667206846176,0.5540602312795817
2023-09-02 20:00:00,0.5858066666312516,0.9988914350487971,0.5216425404511391,0.4433205531537533
2023-09-02 21:00:00,0.48315693572163576,0.9973359284075822,0.3753268860653043,0.27932836826890706
2023-09-02 22:00:00,0.24891737515106793,0.919478452557867,0.1308091098256409,0.07128380678594112
2023-09-02 23:00:00,0.284962665233761,0.6240589166364886,0.09533402530476451,0.029654575283639132
2023-09-03 00:00:00,0.3012099989876151,0.7778297326375139,0.10728972237557172,0.024820820954628287
2023-09-03 01:00:00,0.33147907711565494,0.847317462414503,0.13181695688050238,0.027469326625578105
2023-09-03 02:00:00,0.39193648364394895,0.8610258308730342,0.16590787386987357,0.03331888847053051
2023-09-03 03:00:00,0.37709730803035196,0.8591781679879535,0.1535742803895846,0.027050702655687923
2023-09-03 04:00:00,0.32747091832570724,0.8730899833684617,0.12818593180272728,0.020375910950824618
2023-09-03 05:00:00,0.2234653714857995,0.8730573841387574,0.0899765066523105,0.019001082237809896
2023-09-03 06:00:00,0.17830153333954515,0.9329808389192279,0.07112492660526185,0.01201848127413541
2023-09-03 07:00:00,0.10039001700934022,0.9516080792654644,0.04630760411731898,0.009037155811674892
2023-09-03 08:00:00,0.07284745457582176,0.9714030636711555,0.03808118103537708,0.030821435046382246
2023-09-03 09:00:00,0.23629990799352524,0.9738382571800188,0.12202693805098533,0.14151800713036206
2023-09-03 10:00:00,0.5698303865082562,0.9711012291501869,0.3404417844116687,0.33117120480164886
2023-09-03 11:00:00,0.7086514699831604,0.9713017195327716,0.6122095972672105,0.5858149251341819
2023-09-03 12:00:00,0.6653230774030088,0.969938551133329,0.7377170669101177,0.7407280866429208
2023-09-03 13:00:00,0.5873747519776225,0.9612581580470908,0.7391408859193325,0.7341236291080713
2023-09-03 14:00:00,0.5518942061066627,0.9548644893006845,0.7267620965652167,0.7390819790214298
2023-09-03 15:00:00,0.5250317832082511,0.9693111400848085,0.7105690552107989,0.74411315202713
2023-09-03 16:00:00,0.5929298470914363,0.968263009976257,0.7589647957496345,0.7455536282435058
2023-09-03 17:00:00,0.6632004219293594,0.9664395819062535,0.7901673784106972,0.6691861356422304
2023-09-03 18:00:00,0.752394621130079,0.9301304341175339,0.799057209957391,0.5828090630797668
2023-09-03 19:00:00,0.8091888303495942,0.8161825585365295,0.7885494467802344,0.4690370554709807
2023-09-03 20:00:00,0.8764061619341371,0.6957560107518325,0.788242421634495,0.4210379929374903
2023-09-03 21:00:00,0.8634614351391792,0.8694591739773748,0.6732189572229982,0.28987362427636976
2023-09-03 22:00:00,0.5942787646315991,0.9192568725482985,0.3795526044443249,0.11619028536137192
2023-09-03 23:00:00,0.4411895714327692,0.954567948390137,0.2945112874917686,0.11435731781180947
2023-09-04 00:00:00,0.2857392290793359,0.9330280623381786,0.27911034143529834,0.1897952385619283
2023-09-04 01:00:00,0.2343885323219001,0.9478768906539138,0.3530503434874117,0.2805757038109004
2023-09-04 02:00:00,0.22458209491334852,0.9818377313424239,0.44133907703682773,0.4368054363131524
2023-09-04 03:00:00,0.3658624181244521,0.9895691700279712,0.5324354294314979,0.5241673525609077
2023-09-04 04:00:00,0.5621183176338673,0.992708670375022,0.5538994006253778,0.6104440448060631
2023-09-04 05:00:00,0.7246844006702302,0.9718682382323522,0.4785894989967346,0.650641423985362
2023-09-04 06:00:00,0.8268605094961822,0.9884793541377241,0.6334301100485026,0.692668095510453
2023-09-04 07:00:00,0.8210409197770058,0.9431351044774057,0.6894503006897865,0.7260347790271042
2023-09-04 08:00:00,0.8634781856276095,0.7412287476116959,0.8019288492947816,0.733240378051996
2023-09-04 09:00:00,0.8202939194627104,0.6252496811341155,0.8611554588377476,0.7639937103167176
2023-09-04 10:00:00,0.8094046850502491,0.3585857520658862,0.8468338068202139,0.8003121893852949
2023-09-04 11:00:00,0.8769062242843211,0.25109125888483086,0.9011394720338284,0.7697342156991361
2023-09-04 12:00:00,0.9057891356013714,0.242229945663024,0.9396492158435285,0.7820319581776857
2023-09-04 13:00:00,0.8397473872825504,0.19980245372788466,0.9111655881814658,0.7752147861197589
2023-09-04 14:00:00,0.603824584316462,0.21732943166047336,0.7463837882317601,0.6374066421948372
2023-09-04 15:00:00,0.5408507780730722,0.25501368435269045,0.6208910814113914,0.49732773026451466
2023-09-04 16:00:00,0.6265179575793441,0.21444554274393754,0.5672588174417614,0.411225248016417
2023-09-04 17:00:00,0.581277280822396,0.18657623366876083,0.6567556669749318,0.48919369002804164
2023-09-04 18:00:00,0.5013515442609787,0.07353247163647954,0.6103411021269857,0.44734587514773005
2023-09-04 19:00:00,0.4559421040117741,0.04213864004408769,0.5677169610746206,0.4239467725530266
2023-09-04 20:00:00,0.33006265133619306,0.04261338212273338,0.438905497379601,0.3067468084208667
2023-09-04 21:00:00,0.2037947548367083,0.03193880159069191,0.26463474344462157,0.21831880800426004
2023-09-04 22:00:00,0.29096896022558205,0.022357000474902713,0.23366280393674968,0.17655390905216334
2023-09-04 23:00:00,0.39780587309971455,0.032410029057752004,0.23913857452571394,0.1432225051149726
2023-09-05 00:00:00,0.4976997623592615,0.05878914264792746,0.35389172412455083,0.17568703364580868
2023-09-05 01:00:00,0.3770736414566636,0.09899687793444502,0.41976310307160025,0.24430706875398753
2023-09-05 02:00:00,0.34349400952458387,0.12677495140243658,0.48575568392872803,0.31399505581706755
2023-09-05 03:00:00,0.40112068666145206,0.10735598135400899,0.5285723977722229,0.35289037251844996
2023-09-05 04:00:00,0.44956564718857406,0.04670634374699811,0.5661776895076036,0.3817850497923791
2023-09-05 05:00:00,0.39451395245268944,0.03007918382910165,0.5406450792960822,0.35277153994888055
2023-09-05 06:00:00,0.38556197665631764,0.0463257926533168,0.40865748331882046,0.22816649301908906
2023-09-05 07:00:00,0.41990243654698123,0.03409687056460164,0.34219975941814484,0.16127679902128875
2023-09-05 08:00:00,0.29885521092452105,0.028040456043725667,0.29864734401926396,0.14856007015332576
2023-09-05 09:00:00,0.16870574516244233,0.038458904268389396,0.20260991016402838,0.12921995109878476
2023-09-05 10:00:00,0.13196912663988766,0.03523669315671379,0.14686383650638163,0.13566442816518245
2023-09-05 11:00:00,0.083213422158733,0.0231587482446974,0.0959531892929226,0.10748685050755738
2023-09-05 12:00:00,0.02786059728823602,0.02353366598825563,0.046681870981119575,0.0675662449002266
2023-09-05 13:00:00,0.009471700317226349,0.026972118321467533,0.028042870997451244,0.05083446260076017
2023-09-05 14:00:00,0.006169399851933122,0.044497810084034105,0.016867514690384267,0.041164428852498526
2023-09-05 15:00:00,0.010741600431501868,0.07616818757558409,0.02125492081977427,0.04387912202160805
2023-09-05 16:00:00,0.03661767893470823,0.09793362766504286,0.04708857089281083,0.06715830867178736
2023-09-05 17:00:00,0.10315107279457152,0.09910038429905065,0.12473932800814508,0.13587912531569601
2023-09-05 18:00:00,0.13908061892725526,0.11823212974789467,0.15601461813785136,0.17780532349832354
2023-09-05 19:00:00,0.18514785402454437,0.13936842006038533,0.20175075951963664,0.23187865601852528
2023-09-05 20:00:00,0.23925913471728566,0.17188752793791615,0.24318279980681842,0.27943832102231675
2023-09-05 21:00:00,0.2242298902384937,0.1584492245485836,0.28266817582771175,0.36225363452918824
2023-09-05 22:00:00,0.3262564213387668,0.08298385131765494,0.39279562813229857,0.45654101219028237
2023-09-05 23:00:00,0.4777325641363859,0.08500849375670606,0.5075198043137789,0.5459837903827428
2023-09-06 00:00:00,0.5985984498448669,0.11782629437744614,0.597422365900129,0.6109654669091102
2023-09-06 01:00:00,0.6881898772530256,0.17680096410214904,0.6607355041615662,0.6667896276153623
2023-09-06 02:00:00,0.7681934621371328,0.2026422584937377,0.7061737042665479,0.7205292950570583
2023-09-06 03:00:00,0.8513819351606069,0.26518418514593073,0.8015062047168611,0.7883194744400679
2023-09-06 04:00:00,0.9170983820222317,0.40275844034823494,0.8641295416094362,0.7961285652406511
2023-09-06 05:00:00,0.8992334645241498,0.5333173365078189,0.8061039807647465,0.6429013154841958
2023-09-06 06:00:00,0.9494132237322628,0.6250435149805113,0.8968699515610933,0.7724630477279423
2023-09-06 07:00:00,0.9673984303511677,0.6510801219940187,0.9454305774904785,0.8347321468777955
2023-09-06 08:00:00,0.9528025689534841,0.4770333919741889,0.8885116504877805,0.6975834406353532
2023-09-06 09:00:00,0.9413488696888088,0.44661586237224654,0.9003575987368823,0.7099492947570979
2023-09-06 10:00:00,0.8893283312395214,0.4083174990930339,0.8984010020736605,0.760596870481968
2023-09-06 11:00:00,0.8173090439382941,0.34474301242015576,0.8650064242258668,0.7258273111656307
2023-09-06 12:00:00,0.695660864622332,0.2934081604467196,0.8329403828084468,0.6466766978846863
2023-09-06 13:00:00,0.4796239048987627,0.2662003704228184,0.8462100748205558,0.6497588062472641
2023-09-06 14:00:00,0.3201842330768704,0.2666538987782868,0.7864323649369178,0.7063958599045871
2023-09-06 15:00:00,0.37227175046689803,0.24450257132676514,0.6074500369466841,0.7177326378412544
2023-09-06 16:00:00,0.6156795763410627,0.16868837946517898,0.4798032132349908,0.7101134159229695
2023-09-06 17:00:00,0.8004624356701969,0.07680535584010863,0.6883547736983747,0.6323882014118133
2023-09-06 18:00:00,0.6661304730549453,0.052479936311190786,0.7244225263781844,0.45932832388207323
2023-09-06 19:00:00,0.44722334630787364,0.024953233555636625,0.558156699705869,0.29145338441245255
2023-09-06 20:00:00,0.2804711009096354,0.004251610850068656,0.3567477389518171,0.1667095302324742
2023-09-06 21:00:00,0.12905767635442314,0.0012163071165030655,0.165023583099246,0.06173569296486675
2023-09-06 22:00:00,0.03865878110285848,0.0006868777999823743,0.0558185735438019,0.020010989368893204
2023-09-06 23:00:00,0.0073811975261196495,0.002353807650506496,0.01357774674426764,0.004974375325255096
2023-09-07 00:00:00,0.001555268606171012,0.03642791533334688,0.0033330499613657594,0.001273188116028905
2023-09-07 01:00:00,0.0007018292183056474,0.13286537755958058,0.0013240644428879024,0.0008967475360259413
2023-09-07 02:00:00,0.000485385307110846,0.22527628988366236,0.0018028150824829937,0.006568322237581015
2023-09-07 03:00:00,0.0001862557930871844,0.2794180186770179,0.005863622180186212,0.020662729558534917
2023-09-07 04:00:00,0.0007790783187374472,0.3155462703650647,0.010925751351751386,0.040054467651061715
2023-09-07 05:00:00,0.0002846738370135426,0.4055553794449025,0.012807287555187941,0.01220465341117233
2023-09-07 06:00:00,0.0001594379637390375,0.43268936121328316,0.0095494291651994,0.006339531461708248
2023-09-07 07:00:00,0.0002008065767586231,0.325656146664511,0.004632630171254278,0.0027880948362872006
2023-09-07 08:00:00,0.006811856222338974,0.16371173123405736,0.024564028396271167,0.01586192882154137
2023-09-07 09:00:00,0.1249821590259671,0.14131653117862616,0.18772502188570794,0.10614789123181254
2023-09-07 10:00:00,0.2866600582003593,0.18509357405995777,0.36971620792523024,0.20237563428469002
2023-09-07 11:00:00,0.3605348365008831,0.22274097497828985,0.4300125711224972,0.23729100916534662
2023-09-07 12:00:00,0.2866208214126527,0.2221622699126601,0.36541569499298926,0.25276760132052
2023-09-07 13:00:00,0.17605665020644662,0.20554101801392702,0.3133167276345193,0.2966731254383922
2023-09-07 14:00:00,0.13743151219561694,0.20436541275544604,0.29999979351647194,0.2894337056297808
2023-09-07 15:00:00,0.09649789408314971,0.22004504304040556,0.28317495178431273,0.24626607784070073
2023-09-07 16:00:00,0.04605647902004421,0.29772194321859957,0.20747397741302845,0.15719235828146338
2023-09-07 17:00:00,0.006880277032032609,0.24349130600690835,0.053949410747736695,0.04624945796560496
2023-09-07 18:00:00,0.006118579129688441,0.25869352249259303,0.012640869300812482,0.007644908707588912
2023-09-07 19:00:00,0.006859910213388503,0.2358977468785914,0.00396878520026803,0.004625819902867079
2023-09-07 20:00:00,0.03835639588069172,0.20420925803482534,0.023100626231171192,0.06205986821558325
2023-09-07 21:00:00,0.11611219313926993,0.18363410669971597,0.1054373048711568,0.1558264157036319
2023-09-07 22:00:00,0.08901213582605123,0.0974193858016621,0.08925412214826792,0.09156533465720712
2023-09-07 23:00:00,0.08801241679117086,0.037214146439324726,0.10124834489077328,0.06422462047077715
2023-09-08 00:00:00,0.07765622177161276,0.06319343761964279,0.08659096449613571,0.04589802495669574
2023-09-08 01:00:00,0.1015543929953128,0.0874156846918843,0.07410316188819707,0.031659985976293686
2023-09-08 02:00:00,0.17447829649783672,0.08254069070924414,0.12338035672903058,0.037631005891598755
2023-09-08 03:00:00,0.24810604102909564,0.12344533024863763,0.17161181241273876,0.05463394038844853
2023-09-08 04:00:00,0.2253842812404036,0.14585992747748439,0.16189875827170908,0.060021618506871155
2023-09-08 05:00:00,0.10705038650892672,0.12392000966790047,0.09666269781067967,0.03565964702516794
2023-09-08 06:00:00,0.04827687953598797,0.1881567985632203,0.05183472173288465,0.022261729873716832
2023-09-08 07:00:00,0.016533809173852207,0.16192358195443043,0.014355087918229403,0.006218805736862123
2023-09-08 08:00:00,0.011635589823126794,0.06317970208485019,0.004449526872485876,0.003686735676601529
2023-09-08 09:00:00,0.0541368620377034,0.06512539296664975,0.04121081457007676,0.03590085846371949
2023-09-08 10:00:00,0.10548155035823582,0.12303220818665896,0.13980010194703935,0.12764229288324713
2023-09-08 11:00:00,0.13444940370041875,0.19411306285722682,0.26676276971586044,0.2876872020587325
2023-09-08 12:00:00,0.13475345490034668,0.17849639320915395,0.3193930908013135,0.3964288941025734
2023-09-08 13:00:00,0.18562299506738777,0.15199662262065844,0.39945752421393993,0.5017765806429086
2023-09-08 14:00:00,0.23716474528424442,0.1783736628090793,0.4183260318264364,0.5027550447173414
2023-09-08 15:00:00,0.2874450903385877,0.24114080907268953,0.42333672134205697,0.5000048007816075
2023-09-08 16:00:00,0.30259802818298337,0.24682582017372948,0.43890615088865154,0.5154783113673329
2023-09-08 17:00:00,0.3385350791923702,0.15176477876237848,0.47477312769740815,0.5209007102437317
2023-09-08 18:00:00,0.2576458328776061,0.10426380274309353,0.4013048973679542,0.4561517280712723
2023-09-08 19:00:00,0.195602266844362,0.09085277726704424,0.38548454746603966,0.43833440225571385
2023-09-08 20:00:00,0.24094625982455906,0.0499184360016476,0.43136961791664363,0.450328296944499
2023-09-08 21:00:00,0.2982742919726297,0.05637641326947646,0.41369603877887134,0.4011931121721863
2023-09-08 22:00:00,0.23498875024728477,0.0959302097321911,0.27055071286857124,0.2293068650178611
2023-09-08 23:00:00,0.1985813775192946,0.14056809987534175,0.23324921701103446,0.17443144822493195
2023-09-09 00:00:00,0.33267330622300506,0.1608768266710368,0.2840266733989119,0.1724640655890107
2023-09-09 01:00:00,0.49357570106163606,0.10755853033539921,0.40665946114808327,0.18986090971622618
2023-09-09 02:00:00,0.44808389419689776,0.06580934883857315,0.34645470790565014,0.157724299528636
2023-09-09 03:00:00,0.3898210462741553,0.07038258880715477,0.2839872238971293,0.12240745704621075
2023-09-09 04:00:00,0.268058034684509,0.08381991805678066,0.20952623189426958,0.08428631160408258
2023-09-09 05:00:00,0.23210834247991446,0.12197030073878437,0.22281399849802253,0.09314963366370647
2023-09-09 06:00:00,0.20559823362156746,0.065611520037055,0.18865758512169123,0.10188398726284505
2023-09-09 07:00:00,0.17385998595505947,0.02203268700702624,0.15853307585231957,0.08432556283660234
2023-09-09 08:00:00,0.1446921062096953,0.015617958195507526,0.14013598030433055,0.07614564861170947
2023-09-09 09:00:00,0.21236670330166815,0.02415863687680526,0.23569500093348322,0.133920755633153
2023-09-09 10:00:00,0.32436295378953217,0.03618271398950707,0.2960150390304625,0.212174170082435
2023-09-09 11:00:00,0.3529782102257013,0.03633655376393686,0.25784898426383734,0.24100603651255362
2023-09-09 12:00:00,0.30216711170971394,0.026826170859011733,0.18897195768542585,0.20477473227307194
2023-09-09 13:00:00,0.2744710822030902,0.009643178754909472,0.13738627312704918,0.14956713043153286
2023-09-09 14:00:00,0.24873610720969733,0.002550309263169765,0.08778767749201506,0.08173059954773634
2023-09-09 15:00:00,0.2399830730538815,0.0013153726980090143,0.06597434366121888,0.04391364869661629
2023-09-09 16:00:00,0.20139278293587265,0.0013930454376068983,0.05218681054655462,0.027710513318888845
2023-09-09 17:00:00,0.40341963674873105,0.0005481995472853833,0.13565900769084693,0.04802155622746795
2023-09-09 18:00:00,0.30067525027319786,0.0010092698647217316,0.09315079522784797,0.02574040723964572
2023-09-09 19:00:00,0.23949710699729615,0.0025945159894498913,0.07215871325694025,0.016468837345018982
2023-09-09 20:00:00,0.16662243887782097,0.003591546622866934,0.05010280929040163,0.010198447406291961
2023-09-09 21:00:00,0.11630954042077063,0.004973865523934364,0.03196405688300728,0.007898370912298561
2023-09-09 22:00:00,0.05882770109921694,0.0013753606006503105,0.009590824437327682,0.004576678173616529
2023-09-09 23:00:00,0.02131658493541181,0.0005809957669539884,0.0018222759384661912,0.0007450452353805303
2023-09-10 00:00:00,0.03394016274716706,0.0013335721296342934,0.0064449619175866255,0.0036286980891600254
2023-09-10 01:00:00,0.06674225145950913,0.009922543140974911,0.02370161761995405,0.018435436738654977
2023-09-10 02:00:00,0.12296029228717087,0.025566362112083216,0.05729807104915382,0.050892711994238206
2023-09-10 03:00:00,0.13086079421453176,0.03918890641494231,0.08086649264208971,0.09776887513697147
2023-09-10 04:00:00,0.10537529304623605,0.04413901156322523,0.07542961598373947,0.10881871716585009
2023-09-10 05:00:00,0.06742425634060055,0.07102308141236956,0.06487072358839215,0.11484150199685246
2023-09-10 06:00:00,0.048098673238419,0.09774156354367732,0.05772894212044776,0.09850669886451215
2023-09-10 07:00:00,0.048985203974880286,0.14410657367245713,0.06236275993753225,0.09376630244310948
2023-09-10 08:00:00,0.08621709453873336,0.2051833229986104,0.10574036277830602,0.10863883248995988
2023-09-10 09:00:00,0.22144623472355304,0.33906739937988195,0.24529573900625112,0.1971367748454213
2023-09-10 10:00:00,0.4579081198759377,0.37973600017753506,0.40481801722198724,0.33891794886440035
2023-09-10 11:00:00,0.6185712155140933,0.31069437782872805,0.4756693464331329,0.44031140390783546
2023-09-10 12:00:00,0.716036009453237,0.24883852334862402,0.514170868769288,0.4922111029736697
2023-09-10 13:00:00,0.7846857629902659,0.2137307639216834,0.5620366537570952,0.5122811291180551
2023-09-10 14:00:00,0.7851604975573716,0.1848048483241688,0.5669571168348192,0.47383380524814134
2023-09-10 15:00:00,0.7550869881361721,0.15823613885451443,0.5302282474748791,0.41414540007710454
2023-09-10 16:00:00,0.6690755668096242,0.1256816494566473,0.4336241458915175,0.32788031401112677
2023-09-10 17:00:00,0.6162298539094626,0.1430601847002452,0.4379623859748243,0.3377332246862352
2023-09-10 18:00:00,0.5300513094663619,0.09485874397849492,0.352811490278691,0.2676997520029544
2023-09-10 19:00:00,0.43648518938571207,0.0764018395373767,0.26145391536876555,0.18966051425784827
2023-09-10 20:00:00,0.3179339840635657,0.0774316533248533,0.16765201405622068,0.12303568609058856
2023-09-10 21:00:00,0.20824864266440274,0.09486279446970332,0.0985694206599146,0.08734280803240836
2023-09-10 22:00:00,0.07618127555586399,0.06384355484084649,0.031182731175795196,0.04066690201405436
2023-09-10 23:00:00,0.031347143035382025,0.05341429931534963,0.018412957098335025,0.03188289363868535
2023-09-11 00:00:00,0.06021385581698268,0.11647323735735635,0.03933896709699183,0.06764839195646344
2023-09-11 01:00:00,0.23325774847529826,0.23244233058257532,0.1460292238602415,0.19677674972452222
2023-09-11 02:00:00,0.4055215326324105,0.21941254162652915,0.3004486205335706,0.359586877906695
2023-09-11 03:00:00,0.49612629694864147,0.16898131442340938,0.38023743591271336,0.40613209841772907
2023-09-11 04:00:00,0.5276096660271288,0.13919929165054448,0.4118529350310563,0.4012478383816778
2023-09-11 05:00:00,0.6976936314441263,0.1352295718612996,0.5879522809945046,0.5612686916999519
2023-09-11 06:00:00,0.6690399200096725,0.11149907044050368,0.547286852542311,0.5113535861298442
2023-09-11 07:00:00,0.6496294107474385,0.19810353814878245,0.5243534368276594,0.47919777108356354
2023-09-11 08:00:00,0.5934530582651495,0.40518139780922363,0.4753618060611188,0.41421766748651856
2023-09-11 09:00:00,0.7521306198090315,0.6510497936335476,0.6388175212591884,0.5814132653363048
2023-09-11 10:00:00,0.8692592366226015,0.7030739315937864,0.7616701782494782,0.737427468691021
2023-09-11 11:00:00,0.9147586943954227,0.7103769342465834,0.8190981769561767,0.820096872281283
2023-09-11 12:00:00,0.9246909423172474,0.7036623768440701,0.852683256175369,0.8577533991448579
2023-09-11 13:00:00,0.9321614922210574,0.6762324660745532,0.8704246239364145,0.8587597802653908
2023-09-11 14:00:00,0.9396990993432701,0.6251386543634262,0.8642265077307818,0.8248554183542727
2023-09-11 15:00:00,0.9334908410534263,0.5524498819187283,0.8206112206354739,0.7676421786285935
2023-09-11 16:00:00,0.9128919347934423,0.482000368376347,0.7723796033486724,0.7184794388711452
2023-09-11 17:00:00,0.9506695360876619,0.49263638843189583,0.8402149263396859,0.7784858956374227
2023-09-11 18:00:00,0.9329736871086058,0.37533260474828156,0.7985094590485096,0.7284771475754677
2023-09-11 19:00:00,0.9240824699401855,0.2921347730132667,0.7606011560373007,0.6973800958506761
2023-09-11 20:00:00,0.8961399572715164,0.2767458053610541,0.7105322357080875,0.667232400253415
2023-09-11 21:00:00,0.8465667869523167,0.2575591445781968,0.6549534116685389,0.6299247785471378
2023-09-11 22:00:00,0.6208301636017859,0.19061455456370657,0.4170418982766567,0.4212239538505673
2023-09-11 23:00:00,0.5674383028037845,0.08199064904993228,0.3670593339763582,0.38135538766160604
2023-09-12 00:00:00,0.6398007976077495,0.04939455032348634,0.4435031186416745,0.42505201658234
2023-09-12 01:00:00,0.7885947465337813,0.057422429817644026,0.6027728988043963,0.5298023763298988
2023-09-12 02:00:00,0.9394933815859257,0.05685819064351645,0.7847313964553175,0.6627979585900902
2023-09-12 03:00:00,0.961749911569059,0.0575164587728002,0.8345760810188949,0.7283340936712919
2023-09-12 04:00:00,0.951867864653468,0.06592104106802832,0.8211230100877583,0.709696810506284
2023-09-12 05:00:00,0.9801733462326228,0.1455845946344462,0.9242378614284097,0.7778397615253924
2023-09-12 06:00:00,0.9595338271744548,0.16578758885237302,0.8721444116532803,0.6597380784340201
2023-09-12 07:00:00,0.8948178436048329,0.13208974375982174,0.803323732148856,0.5206471209973096
2023-09-12 08:00:00,0.8589410782046616,0.18667133944617076,0.7606559088453649,0.4784175022318958
2023-09-12 09:00:00,0.9535370848886667,0.31492278078062963,0.9211431964114309,0.7090395808406172
2023-09-12 10:00:00,0.9861835562810302,0.4005434397675774,0.9746755937486886,0.8403606042824686
2023-09-12 11:00:00,0.9958040778711439,0.4435791402106936,0.9871845589019358,0.870678796172142
2023-09-12 12:00:00,0.9969293125718832,0.5102493925799021,0.9911749762110412,0.8784572298824785
2023-09-12 13:00:00,0.995112428665161,0.5601743698391047,0.9875532710924744,0.8656293635256588
2023-09-12 14:00:00,0.9859133222699165,0.5910403077033431,0.9782316702604291,0.8564708177000283
2023-09-12 15:00:00,0.9701186849549412,0.5475671590322798,0.9495786785334348,0.7992185463011264
2023-09-12 16:00:00,0.9372821069508791,0.47623163601891555,0.8937523153051734,0.7134682660922407
2023-09-12 17:00:00,0.8075612682290375,0.4498237073015083,0.8156928386352956,0.589985935743898
2023-09-12 18:00:00,0.6482400947622955,0.4065894132717089,0.7277903870865701,0.5127552243694664
2023-09-12 19:00:00,0.44287353400141,0.36117277805100784,0.642490334343165,0.5127824934571981
2023-09-12 20:00:00,0.293391124997288,0.37547001685608505,0.5762389388866723,0.5729498640447854
2023-09-12 21:00:00,0.26265933007933195,0.4025696572932329,0.4839981157146394,0.5520210440084339
2023-09-12 22:00:00,0.2066371157392859,0.2890243836966428,0.2744340726360678,0.3316454483568668
2023-09-12 23:00:00,0.23569015544839197,0.09712393274361436,0.19518752642907206,0.21410725034773354
2023-09-13 00:00:00,0.19966465704143044,0.21127462827007876,0.13438070700503882,0.11172041098587214
2023-09-13 01:00:00,0.1299087908770889,0.3185663572190837,0.09232548683881758,0.058918176330626
2023-09-13 02:00:00,0.10808089989237488,0.3798821468109434,0.08057044952176509,0.04220439960714429
2023-09-13 03:00:00,0.11731184452772139,0.4936772940781983,0.07983057093806566,0.032009303141385316
2023-09-13 04:00:00,0.12108317244797943,0.5792784654687751,0.07607336865738033,0.026826180834323168
2023-09-13 05:00:00,0.1739228920359165,0.47002217286012377,0.12260496529750524,0.0437726706592366
2023-09-13 06:00:00,0.23979506742209195,0.5072596419805829,0.1459891792293638,0.0505806615250185
2023-09-13 07:00:00,0.20656265105120836,0.3662659653208472,0.0892037356738001,0.02687758964952081
2023-09-13 08:00:00,0.13401236804202193,0.3303917337276719,0.06723111593164502,0.027767367283813654
2023-09-13 09:00:00,0.15925180627033111,0.47369892511855477,0.10864368022885172,0.05391283715143798
2023-09-13 10:00:00,0.23103813061490652,0.5821761591732502,0.19807903964072465,0.12365392280742526
2023-09-13 11:00:00,0.28056177223101253,0.6601151873035864,0.32583761911839243,0.2514507909864187
2023-09-13 12:00:00,0.2676896954327821,0.7600941910933362,0.41109310384839765,0.4000140588544309
2023-09-13 13:00:00,0.22944778496399523,0.844233010451902,0.41448176803067316,0.511265192311257
2023-09-13 14:00:00,0.1777674876153469,0.9021950268203558,0.37596859289333223,0.5060870193503796
2023-09-13 15:00:00,0.14782771646045148,0.9246682438525288,0.37084535331465296,0.46970921425148837
2023-09-13 16:00:00,0.14184653729200364,0.9287630754844707,0.3849444206058979,0.43159486299380656
2023-09-13 17:00:00,0.10738828559406101,0.9056110249053347,0.29904314940795296,0.30682981828227635
2023-09-13 18:00:00,0.09921356457285581,0.9497139036519961,0.28769653724972155,0.3813110494241118
2023-09-13 19:00:00,0.08603136555291713,0.9579176202416417,0.30344493105541903,0.41642835525795824
2023-09-13 20:00:00,0.07168572893831877,0.9362463921579448,0.26664976849220695,0.3177683145552873
2023-09-13 21:00:00,0.06623215295374393,0.8609945437853986,0.19029619928449387,0.20418982178904116
2023-09-13 22:00:00,0.06349095407873392,0.7008833356743507,0.11685131874866783,0.11192194356583059
2023-09-13 23:00:00,0.03501058362890035,0.6794281012226233,0.08260851054452359,0.09347761092707514
2023-09-14 00:00:00,0.08553688053041697,0.6782151395759799,0.12351800403557715,0.13672413836233316
2023-09-14 01:00:00,0.10411447774618865,0.45854655525901095,0.13480025442317128,0.15077953950501977
2023-09-14 02:00:00,0.11071302896365522,0.27880593004551796,0.10255597277544437,0.1095563800539821
2023-09-14 03:00:00,0.1304007378593087,0.23261552425948048,0.08864972034469247,0.06353626283816993
2023-09-14 04:00:00,0.1659721853211522,0.2789468170160598,0.11394601501524447,0.05911597339902072
2023-09-14 05:00:00,0.2364195640571415,0.2952777404405854,0.1849971047695726,0.09530409169383347
2023-09-14 06:00:00,0.34183143107220526,0.4792709147794678,0.12919525854755193,0.05376549487002193
2023-09-14 07:00:00,0.21584930999204516,0.4163824431157925,0.1061191938072443,0.04116749845910818
2023-09-14 08:00:00,0.14266513209789988,0.2103209963339296,0.12381224937736986,0.04271075532305987
2023-09-14 09:00:00,0.29491821736097334,0.20518099137327886,0.1393693429417908,0.07280560726299883
2023-09-14 10:00:00,0.5482102170586587,0.19775555602190167,0.2512351100891828,0.1403904146235436
2023-09-14 11:00:00,0.5572024731524287,0.15709395518357103,0.39725348068401206,0.1944484550412744
2023-09-14 12:00:00,0.5312082856707274,0.12282832664183595,0.4691431277804076,0.30874877254478633
2023-09-14 13:00:00,0.5505005072802305,0.12001319461248137,0.4945007023587823,0.4381945774890481
2023-09-14 14:00:00,0.6336826196685433,0.1711148531599478,0.5216274804808199,0.4618894015997647
2023-09-14 15:00:00,0.6709775830991564,0.27216217474503945,0.5419053423218427,0.41704106474295266
2023-09-14 16:00:00,0.5876882250793275,0.345614578310739,0.5291692521050573,0.34907717537134886
2023-09-14 17:00:00,0.6835111850127576,0.5283115777373314,0.5377358806319533,0.4058884011954067
2023-09-14 18:00:00,0.8220113935507832,0.5330836915427987,0.6130329353176056,0.47717922076582914
2023-09-14 19:00:00,0.9371808905154466,0.4361873404275288,0.692212840169668,0.48036110822111366
2023-09-14 20:00:00,0.9761085657402871,0.29883002926002844,0.807358172442764,0.576641327124089
2023-09-14 21:00:00,0.980801624916494,0.20144510251893244,0.8471487388201058,0.6069512628018855
2023-09-14 22:00:00,0.9381816107779741,0.06739974189211022,0.7648198828473688,0.48577385118231164
2023-09-14 23:00:00,0.9805201949551701,0.02110534075986256,0.8734780988842248,0.5989352114498615
2023-09-15 00:00:00,0.9867686938866972,0.005851265066726643,0.9185491436719894,0.6851130866818129
2023-09-15 01:00:00,0.9969134560227394,0.0017581964826042,0.9666442191414535,0.7677279727719724
2023-09-15 02:00:00,0.9982800526916981,0.0018316217376427217,0.9814913808926939,0.7894417710788547
2023-09-15 03:00:00,0.9956509186699987,0.0019580160690979525,0.9801026059314609,0.7612299795076249
2023-09-15 04:00:00,0.9821756939403712,0.0016487650742585012,0.9642687061801553,0.7044118496589362
2023-09-15 05:00:00,0.9736924533732235,0.0036015897616744046,0.9413203992135821,0.6426278216578065
2023-09-15 06:00:00,0.9081356968358157,0.006861970634623007,0.8765214384533464,0.5577400978840886
2023-09-15 07:00:00,0.749708933457732,0.01678008785301989,0.6989507070742546,0.4066646137833595
2023-09-15 08:00:00,0.4991292834840716,0.12170355360277671,0.4340100152790547,0.2274206702318042
2023-09-15 09:00:00,0.435576603449881,0.35047396961938243,0.37893339596688747,0.2071830380987376
2023-09-15 10:00:00,0.3735466753691435,0.43781898568977,0.359834295976907,0.22497153652831908
2023-09-15 11:00:00,0.23679160282947115,0.39843868928876786,0.27153766992501915,0.1810174872074276
2023-09-15 12:00:00,0.13682279146276416,0.35145293827761304,0.17709969266317782,0.12017980059143153
2023-09-15 13:00:00,0.0767339926585555,0.30720630410042676,0.11130933229811488,0.07193758698180316
2023-09-15 14:00:00,0.04328775064554065,0.2633049124750224,0.07298408792354166,0.04589055471122264
2023-09-15 15:00:00,0.02626787786372006,0.23692314884879365,0.04120986155234277,0.025972913466393948
2023-09-15 16:00:00,0.029403191888704893,0.20116191149773927,0.027757608578540385,0.01759694843553006
2023-09-15 17:00:00,0.03327811587136239,0.2578341952643611,0.02384519173298031,0.0304632893204689
2023-09-15 18:00:00,0.049829841400496656,0.16601342665878208,0.031964214690960946,0.05648286267649382
2023-09-15 19:00:00,0.09799643623642623,0.09690360854633827,0.0443820744426921,0.07630673894658684
2023-09-15 20:00:00,0.12804469282738865,0.06538267838345332,0.052509704362601044,0.08965336925350129
2023-09-15 21:00:00,0.13792813403531906,0.06884059184654191,0.06233190573286265,0.10302961104083806
2023-09-15 22:00:00,0.09471128069795669,0.09749744063751263,0.05587382421828806,0.08948954402469098
2023-09-15 23:00:00,0.028577773733995847,0.04502751887521961,0.01817018514499068,0.034699444165453314
2023-09-16 00:00:00,0.04323248146101832,0.04922612132673913,0.027316964194178582,0.054318783576600256
2023-09-16 01:00:00,0.07404443633276969,0.11297604926607825,0.05267618415877223,0.1040002431627363
2023-09-16 02:00:00,0.10751042015384882,0.1449272794073278,0.08906348871998487,0.16717922047246248
2023-09-16 03:00:00,0.1769303343165666,0.16016018769957802,0.15672019066754728,0.2511158693302423
2023-09-16 04:00:00,0.2656783764250576,0.17113498164171517,0.23325784962624307,0.3168257466796785
2023-09-16 05:00:00,0.4466123745776712,0.31906313573094924,0.368601914839819,0.42607472985982886
2023-09-16 06:00:00,0.5575707229040564,0.3649832410839471,0.43480730442330234,0.43901852816343295
2023-09-16 07:00:00,0.5981538924202322,0.36204564954069524,0.4677338488213717,0.39219501173123716
2023-09-16 08:00:00,0.7318526249751447,0.47396296212618994,0.626125313490629,0.4611467804573476
2023-09-16 09:00:00,0.9494696996547282,0.637977985075929,0.9077521624229848,0.7310654809325932
2023-09-16 10:00:00,0.9949031586945059,0.7172857425565067,0.981216380111873,0.8872505788318813
2023-09-16 11:00:00,0.9994979367405177,0.7428839211707764,0.9884681621938942,0.9212301160581408
2023-09-16 12:00:00,1.0,0.7567501916939562,0.9791114535182714,0.900403322521597
2023-09-16 13:00:00,0.9997732699662447,0.7698720531165599,0.9581016733124851,0.8204175839573145
2023-09-16 14:00:00,0.9878478340804577,0.7845319984582336,0.9092777582071722,0.6462515029497443
2023-09-16 15:00:00,0.9184325945563613,0.7993772976100444,0.7961098331958055,0.46111370327882467
2023-09-16 16:00:00,0.7557355394214389,0.8066507678004826,0.6213372368924319,0.29699864924885333
2023-09-16 17:00:00,0.5888450205512344,0.9071384374390948,0.5146330889780074,0.24243511965963993
2023-09-16 18:00:00,0.4424254824779928,0.8807797999002717,0.4343723179213702,0.23258190724998712
2023-09-16 19:00:00,0.3461323025822639,0.8492817153172059,0.38485189274884757,0.24134412735700606
2023-09-16 20:00:00,0.27768966449424626,0.8272077455168421,0.35345915192738164,0.28889063851907854
2023-09-16 21:00:00,0.26623169781640166,0.7800246857784008,0.3345146175660192,0.3476500738784671
2023-09-16 22:00:00,0.19260200241580608,0.6814397391947832,0.20567335374653337,0.23564318908378476
2023-09-16 23:00:00,0.05557542980648576,0.33019866811958226,0.05856101581826807,0.06652428616769612
2023-09-17 00:00:00,0.02346663208212703,0.19265025229616597,0.022425505397841335,0.022049411423504355
2023-09-17 01:00:00,0.007384728281758724,0.17089775366539303,0.010710068009793757,0.00929029813501984
2023-09-17 02:00:00,0.004125436185859143,0.15822980763559988,0.008382238801568746,0.006502870609983802
2023-09-17 03:00:00,0.0036242080153897397,0.1589506958086382,0.009085313514806329,0.006017122566699982
2023-09-17 04:00:00,0.004093182389624417,0.18534131884574886,0.009653942985460162,0.006326061272993683
2023-09-17 05:00:00,0.010006857248954476,0.1777045989273624,0.012640518797561527,0.00795873329974711
2023-09-17 06:00:00,0.0048417502082884305,0.24934740131890232,0.00839849472977221,0.011986487470567226
2023-09-17 07:00:00,0.0016326613537967203,0.2512742659449577,0.004929617349989712,0.029062228035181763
2023-09-17 08:00:00,0.013889526301063599,0.3787424365905197,0.025578919174149627,0.10014791579451411
2023-09-17 09:00:00,0.07258748560212552,0.6093632328374818,0.07805633444339036,0.21019987182691688
2023-09-17 10:00:00,0.18080566097050904,0.7390924942087043,0.13327982822433118,0.3199800433358178
2023-09-17 11:00:00,0.2949584270548075,0.7929533090374683,0.19752549996599553,0.44153542910702526
2023-09-17 12:00:00,0.39763366151601065,0.8364957554638383,0.29199191650375717,0.5733033091761172
2023-09-17 13:00:00,0.5190636985935271,0.8347694765437731,0.42241320636123414,0.6531603915523737
2023-09-17 14:00:00,0.6487002770602702,0.8622947838089683,0.5644205766543746,0.6527403105236589
2023-09-17 15:00:00,0.7472153804078695,0.8852073763175443,0.6498448554240166,0.6067027318477629
2023-09-17 16:00:00,0.7775970013812183,0.9124307439814916,0.659301076401025,0.5834453106857835
2023-09-17 17:00:00,0.5370148055255413,0.8827991860563102,0.4911363488808274,0.4366655329987406
2023-09-17 18:00:00,0.5540431229770181,0.8355719533698124,0.5750045216083526,0.4894472619704902
2023-09-17 19:00:00,0.5489076900295913,0.7801813137802209,0.6161595381796358,0.5157982005737721
2023-09-17 20:00:00,0.5545297831669449,0.7984596413103017,0.6667731012776493,0.5774394235573708
2023-09-17 21:00:00,0.5976975809223948,0.7882033757865429,0.6960036829486488,0.5966786437109111
2023-09-17 22:00:00,0.516778858229518,0.706469845311208,0.579888788498938,0.49078829376026994
2023-09-17 23:00:00,0.30421808961778873,0.5577277942950075,0.3535425769910216,0.31948684878647327
2023-09-18 00:00:00,0.3127882440201938,0.4785065567493438,0.3545267320796847,0.31265467301011085
2023-09-18 01:00:00,0.3896930438280105,0.8470710128410294,0.4060085371136666,0.3769538354873657
2023-09-18 02:00:00,0.3789244888909161,0.9693968430296941,0.4483425975218415,0.43678755227476346
2023-09-18 03:00:00,0.3290799543261528,0.9982519141652367,0.5109892314858734,0.6204527107439934
2023-09-18 04:00:00,0.5112543542683123,1.0,0.7183654156699776,0.7720181742683052
2023-09-18 05:00:00,0.4243315339833498,1.0,0.6555797126330435,0.7445388596132398
2023-09-18 06:00:00,0.3663043077290057,0.9999507048997013,0.5715836558304728,0.6122942497953772
2023-09-18 07:00:00,0.374486672077328,0.9982268258387392,0.44034674650058153,0.390197881180793
2023-09-18 08:00:00,0.4898750410415231,0.9985554004257376,0.4613253099657595,0.3779014072194696
2023-09-18 09:00:00,0.6301690919697284,0.9964113537289879,0.6406848723255096,0.5821253150328995
2023-09-18 10:00:00,0.6473073941282926,0.990335944416848,0.6526901974715292,0.5947728593647479
2023-09-18 11:00:00,0.5832815485633909,0.9897692402926359,0.6285622181557118,0.4568580875918269
2023-09-18 12:00:00,0.40661441056057807,0.9913662784072486,0.5083733680844307,0.2833002004306764
2023-09-18 13:00:00,0.24680780646391207,0.9943566177920862,0.3429211784759536,0.15560788553208113
2023-09-18 14:00:00,0.13823238639160987,0.9935818707942962,0.2109409735025838,0.08019185935612767
2023-09-18 15:00:00,0.06568150229752064,0.9911438716541636,0.10795756444334982,0.04447298830375075
2023-09-18 16:00:00,0.028515839627943934,0.9921748340129852,0.049829574460163714,0.02662668949458748
2023-09-18 17:00:00,0.025734926913864913,0.9954344935986128,0.03838580209761858,0.021920828968286517
2023-09-18 18:00:00,0.010377615010365845,0.987656029747291,0.01826418259181082,0.011497750505805015
2023-09-18 19:00:00,0.024449173654429616,0.9950541046126322,0.013797063627280297,0.021810574335977436
2023-09-18 20:00:00,0.09600024617742749,0.9973801262541251,0.04024732342455536,0.05030383662786335
2023-09-18 21:00:00,0.17346912046428767,0.9994622348926284,0.08030111202970147,0.07029766843188553
2023-09-18 22:00:00,0.18837703625205904,0.9945619756118816,0.07969328760635108,0.04649222696200012
2023-09-18 23:00:00,0.09071809068322183,0.9715055703981357,0.028935313425026834,0.011811500592157242
2023-09-19 00:00:00,0.09968036510981619,0.9702089242908087,0.03417876166291534,0.01619638415984809
2023-09-19 01:00:00,0.20980537585914133,0.9689967028254812,0.07833566810935734,0.10676794558763505
2023-09-19 02:00:00,0.4851302990131081,0.9620058436014435,0.22241355549544095,0.29123759577050806
2023-09-19 03:00:00,0.8555315065197645,0.9507016305760903,0.39577423944137985,0.47949644962325694
2023-09-19 04:00:00,0.9892297342978419,0.9113281977447596,0.6793026916496456,0.6727642851974814
2023-09-19 05:00:00,1.0,0.7659261650388889,0.9720281855762004,0.8950676738470793
2023-09-19 06:00:00,0.97061059307307,0.5644524288990279,0.9976497653126717,0.9696589140966534
2023-09-19 07:00:00,0.715563258677721,0.356065662598068,0.9214778262563049,0.7974417610839009
2023-09-19 08:00:00,0.3751009808853269,0.1650903410938653,0.616860353052616,0.49589392311871056
2023-09-19 09:00:00,0.40772339059039947,0.2651425429501317,0.49327054699882855,0.386067560724914
2023-09-19 10:00:00,0.5637506300397216,0.49254286184906954,0.5465805688500405,0.40171664370223864
2023-09-19 11:00:00,0.5586589751578865,0.5239856950261375,0.6310476535372437,0.46747739005833855
2023-09-19 12:00:00,0.3970035335049032,0.28047967563975934,0.6536099486798049,0.5379321920871734
2023-09-19 13:00:00,0.23294447428546847,0.09827923662960529,0.550356848463416,0.46031748844776293
2023-09-19 14:00:00,0.13697228792589156,0.07453225406394763,0.38836809336673467,0.30150845397263765
2023-09-19 15:00:00,0.12725221899338066,0.07027289387854661,0.3133207473391666,0.20127212380524723
2023-09-19 16:00:00,0.13562678896822034,0.07389280544424598,0.2517244478361681,0.19676384493708607
2023-09-19 17:00:00,0.2707332665566355,0.03312680127945813,0.226459797732532,0.22814952079672365
2023-09-19 18:00:00,0.3645646449923515,0.00649601795795289,0.23648071378003804,0.20098301733378318
2023-09-19 19:00:00,0.2655451380740851,0.013394293205981905,0.23805837700609117,0.17374804032966493
2023-09-19 20:00:00,0.15508248414378611,0.035290650806643745,0.23180361536331473,0.18699120597913862
2023-09-19 21:00:00,0.08741713441908358,0.06025534085252069,0.24320100274868303,0.18200485008303074
2023-09-19 22:00:00,0.01958967836108059,0.05513425732200796,0.10970901431515812,0.06703943291213363
2023-09-19 23:00:00,0.004931848566047848,0.048418893221427076,0.06292878713458776,0.03977997252717614
2023-09-20 00:00:00,0.001132622445002198,0.06683705138889225,0.03421993516851217,0.03242183674126864
2023-09-20 01:00:00,0.004739241092465818,0.11360276378013869,0.01828995515592396,0.03574816201347857
2023-09-20 02:00:00,0.014104397129267456,0.16997306265614245,0.022451758366078135,0.04816637658979744
2023-09-20 03:00:00,0.030653460915200412,0.2769862344725565,0.03190351546742022,0.08399898271076381
2023-09-20 04:00:00,0.04977806844748556,0.4486297236789355,0.05376323966775089,0.14228133924771103
2023-09-20 05:00:00,0.08418870953842997,0.4635696208883415,0.06952884091529996,0.1296771369408816
2023-09-20 06:00:00,0.09986519777681675,0.6338077812032265,0.08398563467431815,0.1360004754923284
2023-09-20 07:00:00,0.07877450728323311,0.8021153891222043,0.09189086447004227,0.1127618887834251
2023-09-20 08:00:00,0.03924307721666992,0.8260648115521128,0.08711103726178406,0.0881563256215304
2023-09-20 09:00:00,0.040550054060295215,0.8319665068252519,0.10950452363118529,0.05459772140718996
2023-09-20 10:00:00,0.04669145421124995,0.7810674489492718,0.09959494273643939,0.04191224012523889
2023-09-20 11:00:00,0.03247320991009473,0.7383908951417965,0.08001978219021111,0.03811183203477413
2023-09-20 12:00:00,0.016306072883307935,0.6472390960563312,0.06262510676402598,0.03587937959004194
2023-09-20 13:00:00,0.009432824491523207,0.4968647016720337,0.04103298193309456,0.033521507917903356
2023-09-20 14:00:00,0.018008043915033335,0.3544443065198985,0.02973731736652553,0.028708059345372024
2023-09-20 15:00:00,0.0244051152234897,0.29475030885501335,0.03507780692540109,0.06506230765953659
2023-09-20 16:00:00,0.03228560212999583,0.2332775037667968,0.053939562742598354,0.11323264910373834
2023-09-20 17:00:00,0.03481880532111972,0.17684233083643697,0.09890351018402724,0.22359922549687325
2023-09-20 18:00:00,0.04439398733898998,0.10385560025545683,0.15475149446167052,0.30300482239574195
2023-09-20 19:00:00,0.07854225215502082,0.0701755953918804,0.2754517825087532,0.4441578516270964
2023-09-20 20:00:00,0.11744478678796441,0.05064873592758721,0.34716580784413964,0.4803664263803511
2023-09-20 21:00:00,0.14473146190401162,0.0731000681323084,0.32201823309063904,0.44979554226621976
2023-09-20 22:00:00,0.13770837614312764,0.05034041743386875,0.27667446278966956,0.3966299178823829
2023-09-20 23:00:00,0.16084260148461904,0.12314866524528373,0.18713819074910132,0.393908327743411
2023-09-21 00:00:00,0.20109467045404014,0.12501718850298357,0.11951956955250351,0.2870812718151138
2023-09-21 01:00:00,0.2640048168459907,0.11241338819265366,0.12354100962635128,0.2626249497244134
2023-09-21 02:00:00,0.30730720778927206,0.09809116615490479,0.13323609071318057,0.2713662656489759
2023-09-21 03:00:00,0.303619549991563,0.0919772405922413,0.14538423172198237,0.30614159215241665
2023-09-21 04:00:00,0.29188025049399574,0.1252671535651792,0.17495890239253634,0.33733778422698374
2023-09-21 05:00:00,0.4299249538965523,0.17635525292970916,0.2618927022442221,0.45797225965186955
2023-09-21 06:00:00,0.4115666749887168,0.1968431917103854,0.25785721201449624,0.42428918542340394
2023-09-21 07:00:00,0.4301643731631339,0.2878428863124413,0.25275148948188864,0.41931822760030624
2023-09-21 08:00:00,0.42065289165824654,0.3616663857752626,0.22211427463218567,0.383818164691329
2023-09-21 09:00:00,0.4956461158208548,0.3533363653177564,0.2295947641320526,0.34089761352166537
2023-09-21 10:00:00,0.523473984338343,0.39652022070505405,0.3148722749296575,0.40647139219567174
2023-09-21 11:00:00,0.5980386843346059,0.3452156407995657,0.4144817557465284,0.45744146109558637
2023-09-21 12:00:00,0.6080447807535528,0.280848789377646,0.43837399624288076,0.4578076394740491
2023-09-21 13:00:00,0.5268092881329357,0.2567781429466876,0.3839471679553388,0.40588309053331606
2023-09-21 14:00:00,0.504714451637119,0.26872828396883874,0.3623049288522452,0.36266561317723245
2023-09-21 15:00:00,0.4420475062727927,0.3798043047298085,0.34772664813324816,0.3382939517451449
2023-09-21 16:00:00,0.3877239793352783,0.36382862963459706,0.3578984704241156,0.35233694232068946
2023-09-21 17:00:00,0.519956729337573,0.26839443447914996,0.4523541496694087,0.42370885735377667
2023-09-21 18:00:00,0.39572237893939016,0.23035866924307563,0.4064664501883089,0.3955077783577144
2023-09-21 19:00:00,0.2807842375710606,0.2435089577666738,0.3483239698596298,0.34225933473557224
2023-09-21 20:00:00,0.30034092647954813,0.19014215284450486,0.28433836365118614,0.2625446744449436
2023-09-21 21:00:00,0.26317626534029837,0.1492674494737928,0.23265273980796336,0.20900161239318546
2023-09-21 22:00:00,0.10232602722942828,0.20322471860457547,0.08186020118184387,0.06622207890264689
2023-09-21 23:00:00,0.005463438690640033,0.2484906693344766,0.01520940162241459,0.010156771242618559
2023-09-22 00:00:00,0.0006464404053986072,0.2940746618536386,0.011358163575641811,0.008371343882754444
2023-09-22 01:00:00,0.00030304934363812203,0.33381836574185975,0.008601974705234171,0.004732291800901293
2023-09-22 02:00:00,0.00028837153688073154,0.29891223591837013,0.011842194786295295,0.007583302468992772
2023-09-22 03:00:00,0.00035562522709369653,0.23522333512252025,0.012204969194717705,0.009362591532990338
2023-09-22 04:00:00,0.00045575369149446486,0.1932049017264084,0.007954667592421175,0.00517886138986796
2023-09-22 05:00:00,0.0004253670061007142,0.10383503574877975,0.0071594230411574245,0.003883406277745962
2023-09-22 06:00:00,0.0019309863168746233,0.1333340821584517,0.00908425680361688,0.0059358563367277375
2023-09-22 07:00:00,0.00566720403265208,0.12114614827389064,0.009834352810867131,0.008743028384633363
2023-09-22 08:00:00,0.02158974042162299,0.090561444231055,0.018497261796146632,0.01892365667503327
2023-09-22 09:00:00,0.04047501505352557,0.06009228138422425,0.02818024687934667,0.03129926987923682
2023-09-22 10:00:00,0.049234741842374204,0.02963190107521686,0.029726701942272483,0.03210298785939812
2023-09-22 11:00:00,0.07062242227606476,0.029218966510485524,0.03209103580098599,0.03361107481177897
2023-09-22 12:00:00,0.08848385524004698,0.018124942437491628,0.030809829016216095,0.031203664466738695
2023-09-22 13:00:00,0.07803928905166685,0.009736321006308902,0.03217982903122902,0.030902198581025005
2023-09-22 14:00:00,0.07876038519665599,0.013569659539921718,0.0341254291171208,0.029077421454712746
2023-09-22 15:00:00,0.08579177846200765,0.008036779165267948,0.03662403652444482,0.029873610218055548
2023-09-22 16:00:00,0.12446653381921349,0.0028280252319845284,0.06996827981434761,0.05366473543457687
2023-09-22 17:00:00,0.18963465744629496,0.0003507584299553524,0.12480141387321055,0.08297059122473
2023-09-22 18:00:00,0.14351666388101875,0.004606165371157906,0.10395070587284863,0.06620286974590271
2023-09-22 19:00:00,0.08958265010267495,0.030303871648555455,0.10258264125324786,0.0695576460333541
2023-09-22 20:00:00,0.08950307325460019,0.08984948909418153,0.10425523288547991,0.08035390962846575
2023-09-22 21:00:00,0.08920180365443231,0.12445645074275405,0.14023204157128927,0.11077121446840464
2023-09-22 22:00:00,0.10459135996177793,0.09983829926360734,0.16369313837960364,0.11143325658515095
2023-09-22 23:00:00,0.07818204719573259,0.1081088124384934,0.10098437134176493,0.06845887643285097
2023-09-23 00:00:00,0.10792620921507474,0.13476258805190972,0.13403527791611847,0.09876497384160757
2023-09-23 01:00:00,0.2434358040429652,0.14008496895432468,0.3298413109220564,0.23820923319086426
2023-09-23 02:00:00,0.5167282213270665,0.1351354352926666,0.5319874943792818,0.4227046344056725
2023-09-23 03:00:00,0.5648185684718192,0.11023549281060693,0.5631945280544458,0.4696198608912528
2023-09-23 04:00:00,0.567426222320646,0.08325098443776369,0.6099674564227461,0.4845824929513036
2023-09-23 05:00:00,0.7155716140195726,0.030032907582142134,0.767260044068098,0.5478063529729844
2023-09-23 06:00:00,0.7802878412976859,0.026694607998837126,0.8305268749967218,0.5856788569502532
2023-09-23 07:00:00,0.7897953362762927,0.019553263810547918,0.8386154474690555,0.6090712758526206
2023-09-23 08:00:00,0.8377535561099647,0.028703170506791633,0.8279141227528453,0.5910799754969775
2023-09-23 09:00:00,0.9617753683403134,0.04297959273173049,0.8898545593582095,0.7278129683248699
2023-09-23 10:00:00,0.9713778584636747,0.02170062834904953,0.8592832330986856,0.7632217855937777
2023-09-23 11:00:00,0.9534312813729047,0.011336986307393422,0.7733574694395065,0.6800413202121853
2023-09-23 12:00:00,0.9016205294430254,0.009122422069988466,0.6973368125595151,0.5738442367501556
2023-09-23 13:00:00,0.8730089032277465,0.012087355472824789,0.6846268594637512,0.5424177383631468
2023-09-23 14:00:00,0.8749844632856548,0.019501993957568298,0.6550196139514446,0.534261545855552
2023-09-23 15:00:00,0.8376473322324455,0.028604815307665954,0.5915998856164514,0.5135040473006665
2023-09-23 16:00:00,0.7642097473330792,0.041039473163810646,0.5207298455946147,0.4576466450467705
2023-09-23 17:00:00,0.8916928215138613,0.16461900626393877,0.7160345937684177,0.5701708667166532
2023-09-23 18:00:00,0.8739972122572364,0.2634012945876881,0.6650467561185359,0.5093246287293732
2023-09-23 19:00:00,0.8278664471395313,0.31023600262674417,0.6121767291240393,0.48538813477382053
2023-09-23 20:00:00,0.7928972543403505,0.35164147304540333,0.5602671174518763,0.4523031240142881
2023-09-23 21:00:00,0.7530383388698101,0.4486699823222377,0.5139008778892458,0.41429654555395246
2023-09-23 22:00:00,0.7083681209385394,0.46316889149221496,0.4457549719326197,0.4066607495211065
2023-09-23 23:00:00,0.8276892442069947,0.2951371212439104,0.5524360699951648,0.5255517666600643
2023-09-24 00:00:00,0.8512047531642021,0.411888645521619,0.5769885218702255,0.6372975739836692
2023-09-24 01:00:00,0.9088854021020233,0.4812432179396802,0.6392775969579814,0.7112384382076561
2023-09-24 02:00:00,0.9078152270242572,0.48042951090769337,0.6950771871395406,0.7434267414733767
2023-09-24 03:00:00,0.9521373355202376,0.5377661233463069,0.7812528228014705,0.7580063800513744
2023-09-24 04:00:00,0.9779278983920813,0.6024166830967772,0.8253356810472905,0.7742133815214037
2023-09-24 05:00:00,0.9883765085227788,0.6622176797010682,0.8856330003030596,0.8383672729507088
2023-09-24 06:00:00,0.9967913381755351,0.6629201923039826,0.9173979339189827,0.8625637177936732
2023-09-24 07:00:00,0.9910816448554397,0.5714908405732024,0.8785987869650124,0.8241177431307731
2023-09-24 08:00:00,0.9894898100756109,0.5388309440965,0.8313510911539196,0.8086499305069446
2023-09-24 09:00:00,0.9845244102180004,0.6142415578392417,0.8406347353383897,0.8322716073691846
2023-09-24 10:00:00,0.9847667811252176,0.6923635027625344,0.8806746980920432,0.8604645133391025
2023-09-24 11:00:00,0.9913845258019864,0.7103027917038309,0.9228727995790539,0.8786692159809172
2023-09-24 12:00:00,0.9950797808170317,0.7099708563224835,0.9402546492032707,0.8787689581699669
2023-09-24 13:00:00,0.9903824295848607,0.6461357070641083,0.9282320629432796,0.8551406232453881
2023-09-24 14:00:00,0.9641754897870124,0.6057105567915871,0.8822148562781511,0.7986187781766056
2023-09-24 15:00:00,0.9119289787858723,0.5824510245025156,0.8214697332866489,0.7433344890736041
2023-09-24 16:00:00,0.8747508918866513,0.5596281484175811,0.794074335284531,0.7314644848741588
2023-09-24 17:00:00,0.8170027497597038,0.5997113623537798,0.773046861309558,0.6929041446372866
2023-09-24 18:00:00,0.689485564380884,0.5902264329520137,0.6619209362007676,0.6113894507102668
2023-09-24 19:00:00,0.5948111430369314,0.6592242616821418,0.6200567215308547,0.6254949096404016
2023-09-24 20:00:00,0.6070811138860879,0.641314795857126,0.6324631223082542,0.6384814417548477
2023-09-24 21:00:00,0.5610321304202077,0.6812798927182501,0.5991454431600868,0.612930299192667
2023-09-24 22:00:00,0.3713689331896603,0.5673944341459056,0.4693445364385843,0.5531031683087347
2023-09-24 23:00:00,0.19401162341237066,0.3391532810506495,0.35224781684577466,0.47236943637952195
2023-09-25 00:00:00,0.19322735089808704,0.4420027749104932,0.43585988320410246,0.5785715889371932
2023-09-25 01:00:00,0.1769492410030216,0.603034338747913,0.48793533720076077,0.6164624479413032
2023-09-25 02:00:00,0.15930521017871796,0.7553287731923839,0.4829479104839266,0.5939741399418562
2023-09-25 03:00:00,0.2623709339462221,0.8483005219697951,0.6552520936541258,0.734343213494867
2023-09-25 04:00:00,0.3884825252741575,0.8656389246068218,0.7488308776170015,0.7378698648512364
2023-09-25 05:00:00,0.4461253562942147,0.7270786958526482,0.7674804052338005,0.7755989281646907
2023-09-25 06:00:00,0.5663948398642241,0.6449893465909092,0.8282181679457425,0.738153749871999
2023-09-25 07:00:00,0.33725949000567185,0.5327964201840486,0.5639814095385371,0.39353007443249227
2023-09-25 08:00:00,0.14834871721453968,0.40454631659117607,0.3174472404271364,0.24435828056186432
2023-09-25 09:00:00,0.09598946511745454,0.41737862278114657,0.27980801609344774,0.293192461207509
2023-09-25 10:00:00,0.06235169806983321,0.2996971385858276,0.30599855870008463,0.3684027740452438
2023-09-25 11:00:00,0.034804723868146537,0.3738417467204007,0.31889436000958077,0.4243064283719286
2023-09-25 12:00:00,0.02114500225987285,0.3338962389257821,0.30217577412258834,0.4629290911741554
2023-09-25 13:00:00,0.029568028193898494,0.31584412582895977,0.31890307368710635,0.5045618942845612
2023-09-25 14:00:00,0.03385373394005,0.317740000594746,0.39002603832632293,0.503543934309855
2023-09-25 15:00:00,0.05929580230731516,0.2645716431195085,0.38442953440360716,0.39494306197389956
2023-09-25 16:00:00,0.06589639379642903,0.23607290327548977,0.3419104742072523,0.3837215362582356
2023-09-25 17:00:00,0.03346523602493107,0.2727552880075845,0.2033854353521019,0.20577927906997498
2023-09-25 18:00:00,0.0475910948915407,0.23781174733557478,0.24465870150830593,0.2412937348522246
2023-09-25 19:00:00,0.11377627505920827,0.3224050317569213,0.29985006698872896,0.26041246600449086
2023-09-25 20:00:00,0.1630676282290369,0.4119446852667764,0.30713445018976926,0.23413581296801567
2023-09-25 21:00:00,0.18619087507016954,0.44230584923516614,0.30148330165073267,0.2524633018113672
2023-09-25 22:00:00,0.23018885042518375,0.40650119259953493,0.246976012904197,0.19094614264555274
2023-09-25 23:00:00,0.12537223437801,0.24549122399904508,0.12307705941610039,0.08369169858284295
2023-09-26 00:00:00,0.11300994514487682,0.20729278930886225,0.1408540535904467,0.12098075116053222
2023-09-26 01:00:00,0.18700046681798993,0.3291616202349012,0.24334100255742666,0.21746003858745097
2023-09-26 02:00:00,0.33714233122766024,0.4160030714490196,0.41885508576408026,0.4298008094727992
2023-09-26 03:00:00,0.5877012699283659,0.46561275368387034,0.6655545459315179,0.7070725954510271
2023-09-26 04:00:00,0.7761580677889286,0.4756137624518436,0.7649679545499382,0.8172842796333134
2023-09-26 05:00:00,0.9219710635021328,0.7152801625024185,0.9133651282638309,0.9039093481563032
2023-09-26 06:00:00,0.8636107748001813,0.547936734435233,0.9316624438390135,0.9285365506634117
2023-09-26 07:00:00,0.8854688950069248,0.6008786836943841,0.9213485038466751,0.9081937943585214
2023-09-26 08:00:00,0.9469138333387672,0.7323927596211433,0.9641618262603878,0.9389028022810816
2023-09-26 09:00:00,0.9855796920508145,0.7547848188877104,0.9868676172569393,0.9753638170287012
2023-09-26 10:00:00,0.9950306988507509,0.6965240277485414,0.9918617923930287,0.9819208945706487
2023-09-26 11:00:00,0.9992288256809115,0.5699125439267265,0.9956947113201025,0.9880456147529184
2023-09-26 12:00:00,0.9998213905841112,0.39278147539631886,0.9969078228250147,0.9863496934622525
2023-09-26 13:00:00,0.9993375644460321,0.27351360657675694,0.9916986994445325,0.9385945102758706
2023-09-26 14:00:00,0.9860600230097771,0.1666539955647154,0.952054797168821,0.7574891387671231
2023-09-26 15:00:00,0.89712812686339,0.1436277022145011,0.7897334157116711,0.5578904446586967
2023-09-26 16:00:00,0.7111894886381924,0.12785520718178967,0.5091513284668326,0.3926020793244242
2023-09-26 17:00:00,0.7220889239013193,0.25129495231942695,0.5125039044581353,0.5000078148394822
2023-09-26 18:00:00,0.8253720792755482,0.3835149031200192,0.56853105597198,0.5617425889521837
2023-09-26 19:00:00,0.9284294512309134,0.44440788623961525,0.7216363159939645,0.6016108353435992
2023-09-26 20:00:00,0.9184897467680276,0.5029694360359148,0.8035095322318374,0.5381210494041443
2023-09-26 21:00:00,0.8156181794591247,0.5774240859530189,0.700023480989039,0.4005262469686568
2023-09-26 22:00:00,0.6113663053512572,0.6296078799258576,0.5394996886886656,0.32063976427540186
2023-09-26 23:00:00,0.4501613481901585,0.5469609066302126,0.37780784411355856,0.22364566156640647
2023-09-27 00:00:00,0.3595230178162455,0.6633266557482155,0.39541685294359924,0.25326802676543586
2023-09-27 01:00:00,0.36446858001872895,0.738065433285453,0.44187380351126193,0.328090174216777
2023-09-27 02:00:00,0.4200635789148509,0.9308874244175175,0.478173142876476,0.4020412465371191
2023-09-27 03:00:00,0.4007163988985122,0.9808618820526381,0.4664365627989173,0.5395639003999532
2023-09-27 04:00:00,0.48557176558300835,0.9694919193061914,0.582844983767718,0.7606756512261927
2023-09-27 05:00:00,0.9216900086961686,0.952859992953864,0.9313599741272628,0.9317007141001523
2023-09-27 06:00:00,0.9689534572698176,0.8068463662402195,0.9789306324720384,0.9605473919771612
2023-09-27 07:00:00,0.9875196577236057,0.546070279939608,0.9962824808806181,0.9685514488257467
2023-09-27 08:00:00,0.9740279914997518,0.529649661765857,0.9979016689956188,0.9624179434776307
2023-09-27 09:00:00,0.9773997312784195,0.7582624967531723,0.9956161494366824,0.9596860622428357
2023-09-27 10:00:00,0.9570207335613667,0.9147626664828169,0.9622090618126095,0.8920108598098158
2023-09-27 11:00:00,0.8763443944603204,0.9522519479285587,0.8692766527086495,0.7875231264717877
2023-09-27 12:00:00,0.5835923849605023,0.9281173441084949,0.7943840462528168,0.7076710838638245
2023-09-27 13:00:00,0.43983383561484507,0.8625657445327802,0.7410585408844053,0.62713098725304
2023-09-27 14:00:00,0.3783748992392793,0.817540761814876,0.7401513997279106,0.6797170455567538
2023-09-27 15:00:00,0.3877329538110643,0.772253885932944,0.7769318761862813,0.7527988985553382
2023-09-27 16:00:00,0.4527331675495952,0.7742742269689387,0.8214193206652998,0.802740356810391
2023-09-27 17:00:00,0.4301157570816575,0.6610792258110911,0.7954179925471543,0.7867623993195594
2023-09-27 18:00:00,0.46973060347139833,0.6097192473438652,0.7748483962751924,0.7620268860086797
2023-09-27 19:00:00,0.4604691393114626,0.5796011190929193,0.7530458046682178,0.6960130670666693
2023-09-27 20:00:00,0.39606988161802287,0.5155074356631797,0.6660537193156778,0.5747808306850491
2023-09-27 21:00:00,0.2698307820502669,0.5869556320932777,0.5654326419346033,0.5188965413160622
2023-09-27 22:00:00,0.09661456602625548,0.5472628239880909,0.45140925324521947,0.46564554654993107
2023-09-27 23:00:00,0.07367060114629566,0.31386759624562477,0.3574136831238865,0.2863253844249994
2023-09-28 00:00:00,0.03963932384271175,0.30404863059520726,0.17542083304375408,0.14233466058503835
2023-09-28 01:00:00,0.010102269812487066,0.22903005440126767,0.10119978349190206,0.09179019472096114
2023-09-28 02:00:00,0.011675133607350289,0.20201676794751125,0.10984064897522328,0.09021320767700672
2023-09-28 03:00:00,0.01079248524736613,0.40713527594100357,0.09402729070279746,0.07888942863792178
2023-09-28 04:00:00,0.005618748995475471,0.5905626528506928,0.06994156480766832,0.07405648591928182
2023-09-28 05:00:00,0.0059001959580928095,0.7274665040861474,0.09265330754686146,0.10898523140698672
2023-09-28 06:00:00,0.007055172263644636,0.8668676676533438,0.08846171699464321,0.08672730430960655
2023-09-28 07:00:00,0.003736026077531278,0.662043179774826,0.06200194832868873,0.061826816154643895
2023-09-28 08:00:00,0.006075670840218663,0.6944686809046702,0.08094457116909325,0.08156988275703042
2023-09-28 09:00:00,0.0112130428571254,0.8791350591589104,0.11978082756511865,0.13592876083217562
2023-09-28 10:00:00,0.012054639724083244,0.9611684503744949,0.22239447236061097,0.3014626807486638
2023-09-28 11:00:00,0.018955974434502424,0.9768209232118997,0.31098900925833733,0.47812071776017545
2023-09-28 12:00:00,0.04672816437669097,0.9876330069520258,0.3791396783245727,0.44473005430772894
2023-09-28 13:00:00,0.10586112454533578,0.9960523291067642,0.3822319576516748,0.3767174806119873
2023-09-28 14:00:00,0.13458852837793528,0.9973098949681628,0.33721523011103266,0.29887922698166214
2023-09-28 15:00:00,0.12932654914911837,0.9969644069265235,0.2728515883721411,0.2571636090846732
2023-09-28 16:00:00,0.09082968160975724,0.994937365285375,0.19525573447346686,0.21549999697133898
2023-09-28 17:00:00,0.17138647660147396,0.991329452977939,0.29299875125288966,0.3001638601021841
2023-09-28 18:00:00,0.15847681963816282,0.9978167366439645,0.2927283394429832,0.2915315797552466
2023-09-28 19:00:00,0.16673468834720553,0.9922830927101048,0.2776584001816809,0.2792938377708196
2023-09-28 20:00:00,0.19909608687274152,0.9892780164155094,0.2601775963790714,0.26467004917562004
2023-09-28 21:00:00,0.17986437587067483,0.9872228643298148,0.21164926240220663,0.20996528021991248
2023-09-28 22:00:00,0.0907199184037745,0.95664864086292,0.11394996345043182,0.10440861069597303
2023-09-28 23:00:00,0.00976422815117985,0.9418439936502413,0.03039568487554789,0.027698166184127328
2023-09-29 00:00:00,0.005556981381960214,0.9402430223741313,0.014099292946048083,0.012110324539244176
2023-09-29 01:00:00,0.01846153249498457,0.9187908704307944,0.0200641804933548,0.009647456370294094
2023-09-29 02:00:00,0.028174489606171846,0.8682651853425937,0.023988024182617668,0.010031491504050792
2023-09-29 03:00:00,0.015770444637164475,0.8454500034451484,0.021379139046184718,0.011548843579366804
2023-09-29 04:00:00,0.007621925915591419,0.9007552922313863,0.014039251003414393,0.009254707619547846
2023-09-29 05:00:00,0.023261587242595846,0.8710875834795562,0.020456136041320863,0.006792570399120449
2023-09-29 06:00:00,0.002349064196459949,0.9084895414791322,0.0033506841026246545,0.0011866594152525065
2023-09-29 07:00:00,0.004313325281254947,0.8971554542265155,0.004244133429601789,0.008497732542455196
2023-09-29 08:00:00,0.03669157746713608,0.8860381835563615,0.02238499633502215,0.04142928539775312
2023-09-29 09:00:00,0.07796588885132222,0.8526620916073973,0.04621004544664174,0.040705213700421156
2023-09-29 10:00:00,0.11594340660609304,0.7995132526348936,0.07147331179119647,0.06542215822730213
2023-09-29 11:00:00,0.11125851575285194,0.7715014658732848,0.11565563074778766,0.13508524834178387
2023-09-29 12:00:00,0.1373185154609382,0.7727818717197937,0.1976343448273837,0.20730022848583757
2023-09-29 13:00:00,0.1613489487208426,0.7398489824072879,0.23116781872697173,0.16132323262281717
2023-09-29 14:00:00,0.14639555272646249,0.7145624765482814,0.21941784411668777,0.101625806838274
2023-09-29 15:00:00,0.08639373322483154,0.7208599312061612,0.1680345701891929,0.05921104001812637
2023-09-29 16:00:00,0.03410361658781767,0.7041599969430401,0.10604897882323712,0.049125523255206645
2023-09-29 17:00:00,0.020039104470051826,0.5374187698418442,0.08227220976725219,0.07113225824665279
2023-09-29 18:00:00,0.011328349886462093,0.4767785819416695,0.06726938767824323,0.11052063314244148
2023-09-29 19:00:00,0.028507498530671,0.4689112649587068,0.06712096507661044,0.1265621326863766
2023-09-29 20:00:00,0.048008713815361245,0.4277193809639323,0.07753868290223181,0.11486856195610014
2023-09-29 21:00:00,0.04904557093046606,0.36348053262992336,0.07846806089393796,0.09319136446341872
2023-09-29 22:00:00,0.015537878829054535,0.259041993049058,0.03673314881511032,0.029064745018258693
2023-09-29 23:00:00,0.0034773258632048967,0.16656412332572718,0.011396129131317137,0.01763950265944004
2023-09-30 00:00:00,0.009271685145795346,0.26009996571324084,0.013225353383459152,0.02061652696691453
2023-09-30 01:00:00,0.013006458575837312,0.19544936966489662,0.011500997194088994,0.0187109547900036
2023-09-30 02:00:00,0.024075813740491867,0.13591015372763982,0.01799747460521758,0.02044030374381691
2023-09-30 03:00:00,0.040252574738115075,0.12601724608377973,0.03481174262240529,0.028074598037637778
2023-09-30 04:00:00,0.06166551708243787,0.13493914835832335,0.0510354473721236,0.03755508655682206
2023-09-30 05:00:00,0.08323101395741105,0.19314686861905184,0.04574084131978453,0.04468270456418394
2023-09-30 06:00:00,0.1922790908068418,0.12522532111541793,0.11202262020669879,0.0813150996947661
2023-09-30 07:00:00,0.20025099518708883,0.04974102494391528,0.17324079865589737,0.12474890810903161
2023-09-30 08:00:00,0.18570189537480475,0.00762467993592674,0.17394764726050196,0.20036797102540727
2023-09-30 09:00:00,0.24525092115625735,0.0026375028152357447,0.2188120630290359,0.19859017797745765
2023-09-30 10:00:00,0.2471483719348907,0.016466205181045968,0.25691968262195586,0.22276379937306046
2023-09-30 11:00:00,0.20638768805190918,0.13779920667748558,0.25470775445923205,0.28488209102302786
2023-09-30 12:00:00,0.16881829822435976,0.29057936081154784,0.22493437582626935,0.27336274323984977
2023-09-30 13:00:00,0.16187917836010454,0.2471725932102311,0.23720248183235518,0.280316373333335
2023-09-30 14:00:00,0.1842652398534119,0.1650785188343037,0.281641284674406,0.28383535888977346
2023-09-30 15:00:00,0.2136897568032145,0.14507978568700225,0.31122663451358673,0.26936189461499455
2023-09-30 16:00:00,0.2237014909274876,0.1367764473130757,0.2893262088857591,0.24819777986034747
2023-09-30 17:00:00,0.32055521158501504,0.13761592566628347,0.32187557160854335,0.3123717574961483
2023-09-30 18:00:00,0.3379136212356389,0.19160429153930056,0.3593937867134809,0.3437746609933674
2023-09-30 19:00:00,0.3148660419508814,0.2687834259596738,0.3111955630965531,0.28740277187898744
2023-09-30 20:00:00,0.23240332895889876,0.31076153461228717,0.28948506502434607,0.2951373843103647
2023-09-30 21:00:00,0.23162772452458735,0.4326308313418518,0.3496700609661639,0.37647610699757933
2023-09-30 22:00:00,0.2565164084546268,0.637150339226831,0.3770003999210893,0.4035342636704444
2023-09-30 23:00:00,0.25494816970080136,0.7457404517991975,0.3906730199977756,0.442835612539202
2023-10-01 00:00:00,0.2288665069825947,0.7182542766088788,0.37097730265930295,0.41303775554522876
2023-10-01 01:00:00,0.23742334268987172,0.66292729193514,0.39035429071635,0.42948867009952657
2023-10-01 02:00:00,0.26590464854612944,0.7294365236975928,0.40726574348285793,0.4257846641167999
2023-10-01 03:00:00,0.275485746897757,0.7156357217512345,0.32793176796287293,0.3326151015609502
2023-10-01 04:00:00,0.29209125604480496,0.7910957849567585,0.3064843706227839,0.28181878508999936
2023-10-01 05:00:00,0.4602161991596222,0.5543827183002773,0.3621681614965199,0.2788956259004772
2023-10-01 06:00:00,0.46606273397803305,0.5827242144400422,0.4769559187069534,0.4130276118963956
2023-10-01 07:00:00,0.3691996586136519,0.5270914148471572,0.4689717364497482,0.47359686776995663
2023-10-01 08:00:00,0.41047224730253223,0.3776088845052502,0.49862809330224983,0.48221777170896535
2023-10-01 09:00:00,0.4426152255572379,0.33271856998855415,0.48640189215540885,0.4399213743209839
2023-10-01 10:00:00,0.39270310515537865,0.34306825085119763,0.4202332895994186,0.374163384605199
2023-10-01 11:00:00,0.31823568798601626,0.39774764559485704,0.3850548085011542,0.36622161418199534
2023-10-01 12:00:00,0.2741364248655736,0.3857011388242245,0.3528090733848512,0.3570853446796536
2023-10-01 13:00:00,0.2181987182609737,0.37043752441352057,0.29046502750366926,0.3146457667462527
2023-10-01 14:00:00,0.15398272754624487,0.3358738981322808,0.24674882518127558,0.25075753353536123
2023-10-01 15:00:00,0.09967814854346214,0.29101276699792256,0.22296688838861878,0.20866652127355334
2023-10-01 16:00:00,0.11050307287834583,0.2858831685916943,0.24131743255071342,0.20268928968347605
2023-10-01 17:00:00,0.11416324514895676,0.2625298880921169,0.23449384801089762,0.15612563538365062
2023-10-01 18:00:00,0.1472265995759517,0.3441893228820779,0.28839454261586067,0.1557867983356118
2023-10-01 19:00:00,0.11858339942991733,0.22547445395453405,0.2545098353549838,0.16565205343998968
2023-10-01 20:00:00,0.1129044678248465,0.11068361327729441,0.30946420836262395,0.20725710691884158
2023-10-01 21:00:00,0.1295914713386446,0.08570580996911634,0.3079115641582757,0.19652024939656254
2023-10-01 22:00:00,0.12787978469394146,0.10599448077380655,0.2921873518172651,0.2189541370049119
2023-10-01 23:00:00,0.06335753749124706,0.14116048145023255,0.21406115556135774,0.17502739277668297
2023-10-02 00:00:00,0.038042540973983706,0.1708358504623175,0.1373716953396797,0.11657224416732787
2023-10-02 01:00:00,0.009568855222314597,0.09142903301187538,0.06891843065153806,0.06072865607682615
2023-10-02 02:00:00,0.004157654386945068,0.05152580185370013,0.03560128817800433,0.032252522790804504
2023-10-02 03:00:00,0.0013258961029350758,0.025323953614993525,0.013912520860321818,0.013312396188266577
2023-10-02 04:00:00,0.0012016278970986604,0.011124601496214217,0.008485922110266985,0.012642470337450503
2023-10-02 05:00:00,0.04358496874570846,0.015529958101158797,0.025472436039708557,0.035525813344866035
2023-10-02 06:00:00,0.05396853242535144,0.00885403427210721,0.021021852721460163,0.03509317684918641
2023-10-02 07:00:00,0.0274228103319183,0.0034497859870845624,0.008907751934602855,0.016922075501643118
2023-10-02 08:00:00,0.03466752543579787,0.012806162112815812,0.015556131033226846,0.027296409243717793
2023-10-02 09:00:00,0.10340635545551774,0.03332260801710865,0.0508509778510779,0.08125063769519328
2023-10-02 10:00:00,0.18719017890281978,0.04655857515606013,0.08941182705573737,0.12108370901551098
2023-10-02 11:00:00,0.2586761130578816,0.09959449163214727,0.12659146031364799,0.1487087607197463
2023-10-02 12:00:00,0.2949606757424772,0.214195440262556,0.15955726392567154,0.17099942544475194
2023-10-02 13:00:00,0.282643333915621,0.26037797308103594,0.18045647973194714,0.18683539017103612
2023-10-02 14:00:00,0.3020935037545859,0.28321526050567625,0.21556037436239417,0.21546066304668782
2023-10-02 15:00:00,0.37462674902752047,0.2783321893892505,0.26862826999276873,0.24426008104346691
2023-10-02 16:00:00,0.4279057452827692,0.3403577084568413,0.3137337647844106,0.2487730737868696
2023-10-02 17:00:00,0.571389882545918,0.552607888037508,0.4005273678526282,0.3298558486998081
2023-10-02 18:00:00,0.38840910496190184,0.5935072841292078,0.3596837352402508,0.37698519652709367
2023-10-02 19:00:00,0.25418292706832285,0.6621627604961394,0.2972598410956561,0.3054902521334589
2023-10-02 20:00:00,0.16780302079394457,0.7334767222946339,0.20784915605559937,0.2768232346419245
2023-10-02 21:00:00,0.17610015096142884,0.8013973474367099,0.18375549585558473,0.21415718284435567
2023-10-02 22:00:00,0.2245683689974248,0.8052372410487044,0.16827444737777117,0.16964926549233492
2023-10-02 23:00:00,0.1854606190137565,0.6637893350015985,0.1404484648350626,0.11255202561616895
2023-10-03 00:00:00,0.12468307849019766,0.7147707093032923,0.10789053058251738,0.06562321064062414
2023-10-03 01:00:00,0.08621682115830481,0.7594381705874743,0.07525816746987402,0.03724691650364548
2023-10-03 02:00:00,0.04260247681289911,0.7491977888481182,0.04969728071242571,0.027902465667575597
2023-10-03 03:00:00,0.021180463801138107,0.823340714858337,0.044870353266596795,0.02986655216198415
2023-10-03 04:00:00,0.009242465146817268,0.8601402776349674,0.032906392007134855,0.025560801858082415
2023-10-03 05:00:00,0.0,0.7636968672817404,0.008476708894595503,0.01086155097000301
2023-10-03 06:00:00,0.00010176016483455895,0.7154979548806494,0.01576803083065897,0.006860976275056601
2023-10-03 07:00:00,0.0004840190056711435,0.7466700554029507,0.029117091298103328,0.019527504672296345
2023-10-03 08:00:00,0.0017487158253788946,0.7762626902488143,0.03922436569817364,0.030957982316613192
2023-10-03 09:00:00,0.004757303260266781,0.7396323517100375,0.03220209789928048,0.03150519444607198
2023-10-03 10:00:00,0.016049421695061027,0.6604680190980432,0.02902972860727459,0.03136356432456523
2023-10-03 11:00:00,0.024877087678760294,0.6706293703344733,0.018398101162165403,0.02002817990723997
2023-10-03 12:00:00,0.06978706670925022,0.6561048330095679,0.024701931760646403,0.022656764094717802
2023-10-03 13:00:00,0.23191367081366474,0.6060037833587688,0.08527677845209837,0.053324924493208525
2023-10-03 14:00:00,0.2660710430052131,0.5635469096492636,0.09185215798206625,0.07632578974589707
2023-10-03 15:00:00,0.21390265034511682,0.4827129629525271,0.07442108750808984,0.08379935500677675
2023-10-03 16:00:00,0.2164970648614689,0.4204683694040232,0.06916164860129358,0.08486584499478339
2023-10-03 17:00:00,0.32664086537435644,0.2988750627298246,0.1310662138974294,0.15934501614421603
2023-10-03 18:00:00,0.33373054936528207,0.1945117464661598,0.14836997175589203,0.1608277762914077
2023-10-03 19:00:00,0.40499899541959167,0.13544594668529247,0.2440494880173355,0.23295590706169603
2023-10-03 20:00:00,0.5432606010138988,0.10634177165952591,0.4528331906162203,0.3994757549837231
2023-10-03 21:00:00,0.7218435029871761,0.1376820021529089,0.6251328673586246,0.5340230640210211
2023-10-03 22:00:00,0.6748102949373421,0.10620544428175144,0.5103344084881247,0.4472745236568152
2023-10-03 23:00:00,0.34816231274977316,0.031300882819024,0.27969860445708034,0.21541163282468914
2023-10-04 00:00:00,0.3155442118458449,0.028137342835014515,0.292184632923454,0.19017491427250208
2023-10-04 01:00:00,0.35163320587947955,0.02763220614330334,0.33614050716161725,0.18641352540813386
2023-10-04 02:00:00,0.5124559944868088,0.03455844395201316,0.48001229962334035,0.2530817126855254
2023-10-04 03:00:00,0.6920047443732618,0.10019679686223916,0.6319827829673884,0.3398331340309233
2023-10-04 04:00:00,0.7309624564275143,0.16484716411341316,0.7405865394324064,0.4637321105040608
2023-10-04 05:00:00,0.6971042075566947,0.14236510123718865,0.684695010241121,0.41667033502832046
2023-10-04 06:00:00,0.618528869319707,0.22957115939394993,0.5422377691417931,0.29233200535178183
2023-10-04 07:00:00,0.4426798636466265,0.29312436376105655,0.35883157908916474,0.19262176366522907
2023-10-04 08:00:00,0.31151888752356177,0.5530154807459224,0.28077112769708035,0.11695601115003226
2023-10-04 09:00:00,0.15537628410384058,0.7979727743024178,0.15452916812151668,0.0576894610794261
2023-10-04 10:00:00,0.06938576967455447,0.9487940767813815,0.06574676683638243,0.02608726750593632
2023-10-04 11:00:00,0.02802746122702956,0.9883027044615961,0.03828548159450293,0.035607889899984
2023-10-04 12:00:00,0.054556483980268244,0.9922289644452659,0.04352938354946673,0.11201571172103286
2023-10-04 13:00:00,0.1946901005972177,0.9954473095319488,0.11932281132321802,0.25947530057281254
2023-10-04 14:00:00,0.35492223424837,0.9973401468721304,0.23614922332577404,0.3813947129435838
2023-10-04 15:00:00,0.41364732850342983,0.9986116871508685,0.3302506918087601,0.3591573012527078
2023-10-04 16:00:00,0.40603909984231,0.9992377429387787,0.39522772127762434,0.3896282266825437
2023-10-04 17:00:00,0.24513671241700644,1.0,0.27732284187339246,0.4542673977836966
2023-10-04 18:00:00,0.46468164806254203,1.0,0.3982720505073666,0.6244629609072581
2023-10-04 19:00:00,0.6100887113250792,0.9982914527708835,0.5956465857103467,0.6376549193821847
2023-10-04 20:00:00,0.8310973602347075,0.971560424539176,0.7374430991522967,0.6644892262481151
2023-10-04 21:00:00,0.9722027540393172,0.8877446877414529,0.9326875871419905,0.7359226935729382
2023-10-04 22:00:00,0.993622471615672,0.6995191059464757,0.9501480641774832,0.7411294231936334
2023-10-04 23:00:00,0.9939204882644117,0.3837750486216761,0.9299807705730198,0.8236200784519312
2023-10-05 00:00:00,1.0,0.16813852621750397,0.9970848800241947,0.9459441548027099
2023-10-05 01:00:00,1.0,0.14801679699258366,1.0,0.999500569999218
2023-10-05 02:00:00,1.0,0.24484336376528845,1.0,1.0
2023-10-05 03:00:00,1.0,0.2652396382560784,1.0,1.0
2023-10-05 04:00:00,1.0,0.267456090294502,1.0,1.0
2023-10-05 05:00:00,1.0,0.1781599473953247,1.0,1.0
2023-10-05 06:00:00,1.0,0.15906818791546604,1.0,1.0
2023-10-05 07:00:00,1.0,0.1536107705872167,1.0,0.9991083322465419
2023-10-05 08:00:00,1.0,0.20383782008493487,1.0,0.996829425431788
2023-10-05 09:00:00,1.0,0.12188255572183566,1.0,0.992511671576649
2023-10-05 10:00:00,1.0,0.05953567661006342,1.0,0.9530688911676407
2023-10-05 11:00:00,1.0,0.030633510506965902,0.9992245756089687,0.8794851868413387
2023-10-05 12:00:00,0.9945413136109709,0.026523898629979656,0.9806416728906332,0.7724897068552671
2023-10-05 13:00:00,0.9230996537208557,0.08272495235909114,0.8931449887342752,0.6441475370526313
2023-10-05 14:00:00,0.7638382144086062,0.11399275297468359,0.7424004845507443,0.6308605386316775
2023-10-05 15:00:00,0.7612500883266329,0.11150788042017004,0.7405220885016023,0.6454950758442279
2023-10-05 16:00:00,0.8313185908086599,0.138165805387226,0.7826950975880028,0.6041230716928838
2023-10-05 17:00:00,0.9376762145012617,0.19905625401911406,0.8440724039077759,0.6371144328452645
2023-10-05 18:00:00,0.9866416436247527,0.09852475902234965,0.9140077090263364,0.6877224992029367
2023-10-05 19:00:00,0.9852187192440032,0.06001721187071367,0.9211179460212587,0.6968627100810406
2023-10-05 20:00:00,0.9853944978490471,0.04152143939313563,0.9071758828312158,0.6546947673708199
2023-10-05 21:00:00,0.9962311114370823,0.037797788970849726,0.9208820919319988,0.661132570542395
2023-10-05 22:00:00,0.9920024418458343,0.07316173366863618,0.9336934242956338,0.714551997128874
2023-10-05 23:00:00,1.0,0.08910366175865583,0.9859026817604899,0.8219220744445919
2023-10-06 00:00:00,1.0,0.14662927218458865,0.9926506415940821,0.8602162931673227
2023-10-06 01:00:00,1.0,0.09869899698279118,0.9982810596376658,0.9185796028189361
2023-10-06 02:00:00,1.0,0.04597190998494625,1.0,0.9766018406115471
2023-10-06 03:00:00,1.0,0.03137488578869538,1.0,0.990864982176572
2023-10-06 04:00:00,1.0,0.025878434452143582,1.0,0.997541277334094
2023-10-06 05:00:00,1.0,0.14806196760386228,1.0,1.0
2023-10-06 06:00:00,1.0,0.18659063858064737,1.0,1.0
2023-10-06 07:00:00,1.0,0.115379629378969,1.0,0.9965895652025937
2023-10-06 08:00:00,0.9992597199231386,0.18977912837808783,0.9997852925211191,0.973657739572227
2023-10-06 09:00:00,0.8838370539061724,0.17332333499735045,0.9361211551725865,0.8377824465185404
2023-10-06 10:00:00,0.5892334182746707,0.08426988811655477,0.6583172872290014,0.5026798414066433
2023-10-06 11:00:00,0.2567913512140512,0.04086618761447342,0.3025005039945244,0.196259830230847
2023-10-06 12:00:00,0.06187988239340483,0.02739855616268786,0.09037246196530759,0.042165706758387385
2023-10-06 13:00:00,0.013338350118137896,0.03267730073495345,0.029627893581055102,0.012815109686926009
2023-10-06 14:00:00,0.0435047165490687,0.08013262147591872,0.03666362286545337,0.0202362670795992
2023-10-06 15:00:00,0.1458396408613771,0.16043208285488866,0.07432648006826638,0.04912893565371632
2023-10-06 16:00:00,0.25494616137817494,0.24359315480698243,0.13604378137737513,0.13920102148316799
2023-10-06 17:00:00,0.3100804205797612,0.338059824867682,0.17654218128882349,0.263571898387745
2023-10-06 18:00:00,0.456720058824867,0.3918171677467498,0.29061617109924553,0.344640623871237
2023-10-06 19:00:00,0.6356207222118972,0.43689349334348326,0.42192221621051423,0.41908909983932974
2023-10-06 20:00:00,0.7477629281207917,0.4378426655856045,0.541599723175168,0.4905556400306524
2023-10-06 21:00:00,0.8252212432026862,0.39970386637882754,0.6431261393241584,0.5673922410607336
2023-10-06 22:00:00,0.8696760905534028,0.3367231878096407,0.6217398539930581,0.5125456082448362
2023-10-06 23:00:00,0.681935826539993,0.2107456247576259,0.4364052683673798,0.3256527715362608
2023-10-07 00:00:00,0.6046457129903134,0.09973284802653573,0.42963502302765855,0.27489405769854774
2023-10-07 01:00:00,0.500288779437542,0.0874377411536195,0.40984070118516686,0.2278321369085461
2023-10-07 02:00:00,0.4193128867447376,0.08271994456648828,0.36918292624875904,0.19637500909157096
2023-10-07 03:00:00,0.3943127022497356,0.09348146071488207,0.34100134724751113,0.18655149018391964
2023-10-07 04:00:00,0.3876792736351489,0.11103605798360974,0.3287636905163526,0.20078939625062053
2023-10-07 05:00:00,0.41627333819866175,0.1233261628076434,0.353834566604346,0.26510866420343515
2023-10-07 06:00:00,0.44559634938836096,0.10467211862179365,0.3387042227759956,0.274965606406331
2023-10-07 07:00:00,0.6991866205073891,0.14713211752135644,0.4553624024242163,0.3679527341388166
2023-10-07 08:00:00,0.97729549665004,0.2589832789450883,0.7864888014271854,0.6156253840960562
2023-10-07 09:00:00,1.0,0.467620143578811,0.959127528052777,0.8206704406440256
2023-10-07 10:00:00,1.0,0.6718763995576986,0.9952794050052761,0.9337870696932076
2023-10-07 11:00:00,1.0,0.7243940431556917,0.9971561698988081,0.9491351100616158
2023-10-07 12:00:00,1.0,0.6988418413021346,0.993441008552909,0.9218666393868624
2023-10-07 13:00:00,0.9998093471303582,0.711814717162739,0.9900907726213336,0.8813572771474719
2023-10-07 14:00:00,0.9984966638684273,0.7566021816567939,0.9809190947934985,0.8302641426399349
2023-10-07 15:00:00,0.9767062403447926,0.782813052318313,0.9585007751733063,0.7712081083655357
2023-10-07 16:00:00,0.8742587105371058,0.7772951103611425,0.865267885569483,0.6998372566886245
2023-10-07 17:00:00,0.4908080366253852,0.8954479803686791,0.44676076406612986,0.34581031424924724
2023-10-07 18:00:00,0.4480656101182103,0.8655978240614587,0.30948430247604847,0.2217680797167122
2023-10-07 19:00:00,0.4451500987820327,0.7878372584689746,0.271578065212816,0.21138582913205028
2023-10-07 20:00:00,0.5028256797417998,0.6321973671831865,0.3164299699105322,0.28537732074968514
2023-10-07 21:00:00,0.5008525009267032,0.5211190098388628,0.3742885106615722,0.328419849295169
2023-10-07 22:00:00,0.3895316797308624,0.368956739469008,0.307800125759095,0.24363637844100594
2023-10-07 23:00:00,0.2321659978665411,0.21641106563535592,0.1456322421040386,0.08731885613873601
2023-10-08 00:00:00,0.11320223642513155,0.052197837998921214,0.061001822659745804,0.02181137900799513
2023-10-08 01:00:00,0.09385056996718047,0.006159412359649485,0.0491206215787679,0.013367640129290521
2023-10-08 02:00:00,0.09929044882766903,0.00042096833275123073,0.05536119331140072,0.018368740854784845
2023-10-08 03:00:00,0.09577336706221103,0.0008767429773103107,0.0594299306627363,0.023388813715428114
2023-10-08 04:00:00,0.0780942202359438,0.004313588907772844,0.053239173544570806,0.02170302502810955
2023-10-08 05:00:00,0.06612635546363892,0.01785882540724494,0.050904678460210566,0.048750055674463506
2023-10-08 06:00:00,0.016288455575704575,0.03994004968553782,0.02679061271250248,0.06663220407441259
2023-10-08 07:00:00,0.015376851991750299,0.1103355543112213,0.047285011699423195,0.14875279267784208
2023-10-08 08:00:00,0.07127235177438705,0.2863808694955977,0.12621710636653008,0.2922161841206252
2023-10-08 09:00:00,0.22599204259924588,0.4750351103869351,0.2163227513432502,0.40757451563142233
2023-10-08 10:00:00,0.3994153081439435,0.6175935195115478,0.3038764606509358,0.5082200399693101
2023-10-08 11:00:00,0.5360604413785041,0.679087357710708,0.4104425572231411,0.6027791007980704
2023-10-08 12:00:00,0.6241818085312842,0.6971360277858647,0.4898091117106378,0.6439429051615297
2023-10-08 13:00:00,0.6886082374490796,0.7132316963781008,0.556485821623355,0.6650514376349747
2023-10-08 14:00:00,0.7333230451494454,0.7012663904103366,0.6129431212507187,0.6805528592690825
2023-10-08 15:00:00,0.7979627806320785,0.6985485991564663,0.6865072014927863,0.7133220070973038
2023-10-08 16:00:00,0.8772586756199597,0.6999687892469489,0.7597321673482655,0.7514110061526298
2023-10-08 17:00:00,0.9623318051174282,0.7775813257965175,0.8978804487921298,0.8585763286799191
2023-10-08 18:00:00,0.9763842210918664,0.7144249297813935,0.9221866336651147,0.8696084933169185
2023-10-08 19:00:00,0.9844092601165174,0.7038403882492671,0.9286750879138708,0.8503524898923932
2023-10-08 20:00:00,0.9830072267726063,0.7526938516714355,0.9090223845466971,0.7986286044493317
2023-10-08 21:00:00,0.9740824208222328,0.828720352080735,0.8845225834101436,0.7505438793823122
2023-10-08 22:00:00,0.9274699561670422,0.8400162959505212,0.8034674213640389,0.6250393737666308
2023-10-08 23:00:00,0.7736932547762988,0.7467735544388944,0.5971011244133113,0.3632238983921706
2023-10-09 00:00:00,0.6557116327248511,0.5312012725526636,0.4533931704424321,0.2659722296893597
2023-10-09 01:00:00,0.6640642972104248,0.3658288705348969,0.47941208807751534,0.26952575298026205
2023-10-09 02:00:00,0.7000285259820518,0.4314698486436497,0.5387070617079734,0.31151222750544555
2023-10-09 03:00:00,0.722830141596496,0.47255391462282686,0.5912564168870448,0.3484240543097256
2023-10-09 04:00:00,0.7412867972627281,0.46012711339376183,0.6409370743297039,0.3780234498530626
2023-10-09 05:00:00,0.804357494600117,0.395076898404143,0.7170270754955708,0.40027990447357303
2023-10-09 06:00:00,0.693086262717843,0.5131579969416965,0.6203588679805396,0.34189246337860824
2023-10-09 07:00:00,0.7019718059338628,0.553934586278417,0.6819496766477822,0.4003416439890861
2023-10-09 08:00:00,0.7651189812831579,0.6378587684441696,0.8067826723866164,0.5349332486465572
2023-10-09 09:00:00,0.8383316349238155,0.6685716130516745,0.8784054859168827,0.6567564486898481
2023-10-09 10:00:00,0.8864847988635302,0.6531731098077512,0.8890037229098379,0.6657843078672885
2023-10-09 11:00:00,0.8983251836150884,0.5752328616109762,0.8588764534145592,0.6172285270504652
2023-10-09 12:00:00,0.8664935736730695,0.4894410329244353,0.7876947343908249,0.5302122110687195
2023-10-09 13:00:00,0.7831549772806464,0.44922676479274576,0.6868933963030575,0.43040215427055956
2023-10-09 14:00:00,0.6789229598082601,0.41524544866247604,0.5776821814663707,0.34060193363577124
2023-10-09 15:00:00,0.603957638349384,0.3880499210682781,0.49757313086651267,0.2816088287811726
2023-10-09 16:00:00,0.5968187730573118,0.43158296719193456,0.4799749197345226,0.2737800929415971
2023-10-09 17:00:00,0.6471407409384846,0.5571677524122323,0.504242438878864,0.290223581623286
2023-10-09 18:00:00,0.6823349188268182,0.5823836514082822,0.554087839629501,0.3817845285870134
2023-10-09 19:00:00,0.6744233531318602,0.5671916160935705,0.5773639852739869,0.44830636061727996
2023-10-09 20:00:00,0.6841349189542232,0.5928318868171085,0.5986497807502745,0.4795149223506451
2023-10-09 21:00:00,0.7132372613437472,0.611182826364582,0.6161958207935094,0.47323962515220036
2023-10-09 22:00:00,0.6459015544876454,0.5782111158967017,0.5270446886494755,0.3890917870774866
2023-10-09 23:00:00,0.3945493455417454,0.5077075691114771,0.2994515906646848,0.214668792001903
2023-10-10 00:00:00,0.2441989959776401,0.32007835767485887,0.1777958779036999,0.12139396314509211
2023-10-10 01:00:00,0.25222735023126003,0.12896262369372624,0.1884961648099124,0.13214574636891482
2023-10-10 02:00:00,0.2648520567268133,0.1310288394242525,0.20647210586816073,0.14270960187539455
2023-10-10 03:00:00,0.2613628905639052,0.14098267719826915,0.21173078373074525,0.14943776109255846
2023-10-10 04:00:00,0.28852047607302667,0.13122098840773105,0.2385181679576635,0.17051258618012066
2023-10-10 05:00:00,0.3814575416967273,0.15958939968184988,0.34210167557001114,0.2606504360027611
2023-10-10 06:00:00,0.3614420778304338,0.16111930493604046,0.3214304970949888,0.23511157281696796
2023-10-10 07:00:00,0.4794193503446877,0.2578094304962591,0.4497982157953083,0.3506461469642817
2023-10-10 08:00:00,0.6698500818386672,0.4374674943089485,0.6549246413260698,0.5811072102375326
2023-10-10 09:00:00,0.7888713998720049,0.5139104274863544,0.797847047485411,0.7401478323340415
2023-10-10 10:00:00,0.8331385242380202,0.48360378172587254,0.8485931728966535,0.7816147472709416
2023-10-10 11:00:00,0.8770923354662954,0.5191780535470354,0.8657688580267129,0.8072339055128395
2023-10-10 12:00:00,0.8909308830834924,0.5500713393295352,0.8645919063314795,0.7968223354220388
2023-10-10 13:00:00,0.8959414948150515,0.5353058871897782,0.8443419111147521,0.7228598316758869
2023-10-10 14:00:00,0.9008450659550724,0.4698310994289136,0.7840886661596596,0.6100480234809218
2023-10-10 15:00:00,0.8638424028083682,0.36312143751843395,0.6753046084754168,0.49238352686166753
2023-10-10 16:00:00,0.8431145846098661,0.3187332428449934,0.6127173082157968,0.4568135450966656
2023-10-10 17:00:00,0.866801403723657,0.6410770364512095,0.6189878852292895,0.49539494358003133
2023-10-10 18:00:00,0.8977378045395015,0.5704774181544779,0.6389039701409637,0.49187300115823734
2023-10-10 19:00:00,0.8931585030816495,0.54242513269186,0.6328575324639677,0.45868151685222974
2023-10-10 20:00:00,0.8708525892160834,0.4674690094048326,0.6193081376515328,0.40635936854407184
2023-10-10 21:00:00,0.8433184535615146,0.33677158583294253,0.5637331955879926,0.3246245544031262
2023-10-10 22:00:00,0.7505025764182208,0.315192242806608,0.4721842387318611,0.26317567307502027
2023-10-10 23:00:00,0.4423478379286824,0.2959815318747,0.2581817623320966,0.14901262502186
2023-10-11 00:00:00,0.3419494987651706,0.10825879975476047,0.20340281232260163,0.10264458116143943
2023-10-11 01:00:00,0.35761986669152973,0.052294429151171974,0.22169103304855525,0.14244316795840856
2023-10-11 02:00:00,0.3778464458510279,0.04702070067552002,0.22983893660828467,0.1627631766814738
2023-10-11 03:00:00,0.3801647177897393,0.07285566051236607,0.21926574886776504,0.14327849831432102
2023-10-11 04:00:00,0.3464981951937079,0.11110417090017682,0.20002841681707648,0.11776829514186828
2023-10-11 05:00:00,0.34548059372231354,0.10789736219427802,0.21660154570825396,0.1300872698659077
2023-10-11 06:00:00,0.3391471393220125,0.18574300772764465,0.22173795139417052,0.14302071042358877
2023-10-11 07:00:00,0.5318461927212774,0.25239000762050795,0.3643895696289837,0.2551529387757182
2023-10-11 08:00:00,0.7882474834285675,0.4048722233352334,0.5166751564107834,0.3681735538737848
2023-10-11 09:00:00,0.836224597673863,0.5455912483212623,0.531479229684919,0.33171330446843056
2023-10-11 10:00:00,0.8691654308326542,0.6151920269294218,0.7103913809545337,0.34593032631091775
2023-10-11 11:00:00,0.9344287638552485,0.550178648192774,0.8228774894215166,0.35210747952572996
2023-10-11 12:00:00,0.9219608456641435,0.47834707505323665,0.7891920824721455,0.3168014548858628
2023-10-11 13:00:00,0.8780331833288074,0.4156458418884059,0.7382155904546379,0.2909635792765767
2023-10-11 14:00:00,0.8635642824694515,0.3344217790934172,0.747030897643417,0.305330932373181
2023-10-11 15:00:00,0.8892998410761356,0.30723746404051777,0.7473166914284228,0.32147256986703726
2023-10-11 16:00:00,0.8975229773856699,0.31373869759115297,0.7652042418904602,0.36358994438312947
2023-10-11 17:00:00,0.9321055030450224,0.3391268166493286,0.7685548065789045,0.3360185149591416
2023-10-11 18:00:00,0.9102751313708722,0.5239381144398991,0.7014931509271263,0.2679638734553009
2023-10-11 19:00:00,0.8447827846370637,0.5729405716467986,0.6254980193637312,0.238219408611767
2023-10-11 20:00:00,0.7833300101198255,0.5479612529413265,0.5500342698162421,0.16948315373621878
2023-10-11 21:00:00,0.7030032551847397,0.6063792626559734,0.4611986631760373,0.16229941254947333
2023-10-11 22:00:00,0.7213658966869113,0.6285107818923211,0.5484462735056876,0.19783255016896872
2023-10-11 23:00:00,0.7752820830419657,0.6047097478806971,0.4879161468800157,0.16306002814322712
2023-10-12 00:00:00,0.6998337457701562,0.45650124281644816,0.421578807607293,0.12947045147418973
2023-10-12 01:00:00,0.5808646014519034,0.4054137048667128,0.3537459993548691,0.10018762173596771
2023-10-12 02:00:00,0.5015444581210613,0.3326574211635373,0.3063131655193865,0.08941931542009114
2023-10-12 03:00:00,0.41294409148395056,0.3068354237215085,0.2639797100471332,0.0828869192348793
2023-10-12 04:00:00,0.3831926070246845,0.2550907387855378,0.2529337679035961,0.08764718310907482
2023-10-12 05:00:00,0.2572753289528191,0.1193495500968261,0.17321320777293292,0.048851199867203814
2023-10-12 06:00:00,0.26487248357851056,0.07010600059208547,0.18498478980734945,0.05977272254880517
2023-10-12 07:00:00,0.2652376773254945,0.07127893267707391,0.22118701794650403,0.09122040564659983
2023-10-12 08:00:00,0.41806450303178283,0.14689936399121178,0.33619975751265885,0.17055254934821282
2023-10-12 09:00:00,0.608811869509518,0.15721161994067098,0.4846896908059717,0.26641763317398726
2023-10-12 10:00:00,0.7571106038708241,0.10193956650454888,0.6263737540412694,0.33459356745705005
2023-10-12 11:00:00,0.8672424945794046,0.08573387852107937,0.7215892439056187,0.34287578287534415
2023-10-12 12:00:00,0.8750286813452839,0.1305270988900553,0.7432330551650373,0.3447841248102486
2023-10-12 13:00:00,0.8171838815510272,0.20938544010912824,0.7169112287648021,0.3439770286204293
2023-10-12 14:00:00,0.6855911219306288,0.2754555062238465,0.6424119434133172,0.3373783422820269
2023-10-12 15:00:00,0.6317577208951113,0.3227328162030739,0.6496266851946709,0.3659355550073087
2023-10-12 16:00:00,0.6253571186587212,0.32478011392056944,0.6653014276549218,0.42723030193708833
2023-10-12 17:00:00,0.6086343021504579,0.27111293794756586,0.650785591546446,0.47180182171985496
2023-10-12 18:00:00,0.4930042122304439,0.2647067220915447,0.5581260245665907,0.4074249627441168
2023-10-12 19:00:00,0.4083590247854591,0.260315632305362,0.5182352668792009,0.368444196190685
2023-10-12 20:00:00,0.3679431403428316,0.3126680551604791,0.5084425023943184,0.3887524569034575
2023-10-12 21:00:00,0.3728570593893528,0.33754990765994247,0.5191734768822788,0.42146750722080456
2023-10-12 22:00:00,0.2904200788773596,0.3453866127472032,0.41574920482933514,0.3824019600078464
2023-10-12 23:00:00,0.2177676481194794,0.30087591022253035,0.34143662020564075,0.27944841851480307
2023-10-13 00:00:00,0.17766103358007965,0.2979873516478322,0.3055735909659415,0.23070351355709132
2023-10-13 01:00:00,0.169712232183665,0.36481728700074284,0.2646148507669568,0.17885389477945865
2023-10-13 02:00:00,0.14209103561006486,0.36363948426463377,0.1834300583321601,0.13238848137669262
2023-10-13 03:00:00,0.08775413683615624,0.26120722960342063,0.11718935306183993,0.10001157267019153
2023-10-13 04:00:00,0.061679949490353464,0.1765007368068803,0.0988934312853962,0.08182473918423057
2023-10-13 05:00:00,0.06509515446610749,0.1883163292028687,0.11783459608443081,0.10113719006069007
2023-10-13 06:00:00,0.09993178838863967,0.15500962383367795,0.15631143236532805,0.1349595740996301
2023-10-13 07:00:00,0.11798847237601874,0.09698217061432923,0.18151775215752422,0.18756346391513942
2023-10-13 08:00:00,0.13702153126709163,0.05993773047896949,0.20948687950149175,0.24024069409817447
2023-10-13 09:00:00,0.17792245103046295,0.053646723573858086,0.25219280777499076,0.2803479090332984
2023-10-13 10:00:00,0.20467247195541854,0.05718685113909569,0.2579544887319207,0.266289241220802
2023-10-13 11:00:00,0.22596036935225125,0.06893061647022314,0.24916171398013823,0.23823631107807153
2023-10-13 12:00:00,0.2515039885230362,0.07140020981092345,0.25406125282868736,0.24474627416580913
2023-10-13 13:00:00,0.29825753638520824,0.07233693010427732,0.2596806040778756,0.27414422798901794
2023-10-13 14:00:00,0.2789013641886413,0.07176715573126619,0.24584490476176143,0.2534496084228157
2023-10-13 15:00:00,0.20747000591829415,0.07750897742130539,0.2195134260877967,0.21937723461538547
2023-10-13 16:00:00,0.20379107279703015,0.07280689109455457,0.23028062965720886,0.21424234051257368
2023-10-13 17:00:00,0.2122430010885,0.06903679911724545,0.28816071497276424,0.26066306935623285
2023-10-13 18:00:00,0.2536014645546675,0.09066855124113234,0.32328648395836357,0.2965031075663864
2023-10-13 19:00:00,0.37292732307687393,0.1430234595794569,0.3805826559476554,0.34282333973795176
2023-10-13 20:00:00,0.46128246903419495,0.22528466641225597,0.42149343892931934,0.37854996973648664
2023-10-13 21:00:00,0.5505902531556787,0.3011616991528055,0.502141585573554,0.43794035345315924
2023-10-13 22:00:00,0.5727160429954529,0.37513316509737216,0.5063079578243196,0.4556170497834682
2023-10-13 23:00:00,0.6293688269704577,0.5170986171744084,0.529904201105237,0.4770259402692317
2023-10-14 00:00:00,0.6963983371295034,0.5951787373965435,0.6069635812379417,0.5502655425295233
2023-10-14 01:00:00,0.7697825274616479,0.6720693360404533,0.6805034482851623,0.6188315840438007
2023-10-14 02:00:00,0.7491420871391893,0.6593612917173991,0.6513826859556137,0.5586378833092749
2023-10-14 03:00:00,0.7704962893761693,0.6048114438896828,0.6674060918577013,0.57919427851215
2023-10-14 04:00:00,0.7877563313208519,0.5909019849517128,0.6609346554987131,0.5807979217916726
2023-10-14 05:00:00,0.9522599179111421,0.5456295829401773,0.8634278177097439,0.7665313502401112
2023-10-14 06:00:00,0.9585133840888739,0.557055701450868,0.8658677785098554,0.762625732962042
2023-10-14 07:00:00,0.8721779678203165,0.6149268447404557,0.7444173436425624,0.69407925626263
2023-10-14 08:00:00,0.8628411272354423,0.6491346155919812,0.7360154293291268,0.6818026919849215
2023-10-14 09:00:00,0.8923383494094014,0.654644114659591,0.8103775695152581,0.7322284409403799
2023-10-14 10:00:00,0.9185271287336946,0.6308212009207766,0.8747511632926761,0.7671004795655606
2023-10-14 11:00:00,0.9517349870875477,0.6107165222310206,0.9288570090942084,0.8213260716944932
2023-10-14 12:00:00,0.9820235451683403,0.5782941684262318,0.9752458305843175,0.8885176446475086
2023-10-14 13:00:00,0.9952004832401873,0.5216247567568313,0.982417377140373,0.9158337463997301
2023-10-14 14:00:00,0.998005048148334,0.48214223860678335,0.9712478382140398,0.9025498943403363
2023-10-14 15:00:00,0.9970012617111206,0.44118360676548707,0.9612001003324986,0.8888751403242349
2023-10-14 16:00:00,0.9964218574017286,0.41481721701269797,0.9568259664252401,0.8935803319700061
2023-10-14 17:00:00,1.0,0.40089709781787614,0.9870879335515201,0.946472010500729
2023-10-14 18:00:00,0.998234857916832,0.3388024620677937,0.9674233644083142,0.9089206842519344
2023-10-14 19:00:00,0.9901225060224532,0.32004068828780546,0.9542052971012889,0.8575678403303026
2023-10-14 20:00:00,0.9835723700001836,0.27964745398272167,0.9538007722981272,0.8364145348407328
2023-10-14 21:00:00,0.9849655196443199,0.25748009888285933,0.9493934094533324,0.8432126415148377
2023-10-14 22:00:00,0.9914141403138638,0.2443967832353982,0.9322474913299083,0.815023772548884
2023-10-14 23:00:00,0.9576996696554124,0.16617141146212813,0.8502721637301146,0.7588119383342562
2023-10-15 00:00:00,0.9347583437710999,0.08820029118182984,0.7973600702360271,0.6746821005828678
2023-10-15 01:00:00,0.904109968394041,0.07076507629995997,0.76794949863106,0.6290436296910046
2023-10-15 02:00:00,0.9062165756709872,0.12371706984598524,0.7821920847147701,0.6391751024499535
2023-10-15 03:00:00,0.9390923476591708,0.205774440000003,0.8194974139891563,0.6599817869253455
2023-10-15 04:00:00,0.95851271815598,0.26386296766048123,0.8345896597951649,0.6507701028324662
2023-10-15 05:00:00,0.9894690341874955,0.2942222218147733,0.913548363316804,0.7375829152949153
2023-10-15 06:00:00,0.9878812931850552,0.3590395251729272,0.9038193972967564,0.7039628232084214
2023-10-15 07:00:00,0.958650580588728,0.45208008523691773,0.8544986681640147,0.6239015979878604
2023-10-15 08:00:00,0.961673084795475,0.619722086665305,0.8972631641849875,0.6980392832122742
2023-10-15 09:00:00,0.9654589813202618,0.640441316379742,0.9348709727637469,0.7991510971263049
2023-10-15 10:00:00,0.969545975048095,0.7379752885753456,0.9374412144906819,0.8379229950346051
2023-10-15 11:00:00,0.9762319827824831,0.6960841781307351,0.9437977468781173,0.8559156216681003
2023-10-15 12:00:00,0.9722003942914306,0.6685537868196313,0.9298060957342387,0.83530484681949
2023-10-15 13:00:00,0.9528525261022149,0.5401991425725547,0.9009096831083298,0.7699370056390761
2023-10-15 14:00:00,0.9167243223823605,0.48816271783276033,0.858847182560712,0.6766206928528845
2023-10-15 15:00:00,0.851481374874711,0.5285304451801559,0.8045896437950432,0.63827550817281
2023-10-15 16:00:00,0.8149164284206927,0.5486316963623871,0.7951596757397056,0.6432819287292658
2023-10-15 17:00:00,0.6474352810531854,0.5774321589009327,0.6408815013803542,0.4731531076319515
2023-10-15 18:00:00,0.6209416824951766,0.678217147250067,0.6328819825872779,0.5024698107503355
2023-10-15 19:00:00,0.6214796865172681,0.7489142948930911,0.6552333356440067,0.5742554599978029
2023-10-15 20:00:00,0.6630193930119275,0.8255983845347706,0.6678931540064512,0.5403842891752719
2023-10-15 21:00:00,0.5912107331492006,0.9214064119078894,0.6263646272756158,0.4924942681193351
2023-10-15 22:00:00,0.48819806842133406,0.9408982485397295,0.5857763951085506,0.4486719434522092
2023-10-15 23:00:00,0.28348017692565913,0.9182797289571977,0.40971596639603386,0.30263538442552085
2023-10-16 00:00:00,0.2218301543220877,0.7443061471933667,0.3775793047249316,0.2611809467058629
2023-10-16 01:00:00,0.1541941207181662,0.8653264267471705,0.3108941662497818,0.2320970033481717
2023-10-16 02:00:00,0.11720604814589025,0.7967380811544981,0.2325595559366047,0.18765344670042391
2023-10-16 03:00:00,0.11000109980814159,0.7966327171704983,0.18950321223586797,0.16350470671430226
2023-10-16 04:00:00,0.10791022110730407,0.7749501710994676,0.17808291397057469,0.14329876446165143
2023-10-16 05:00:00,0.08669098546728492,0.8050749897550452,0.19457662314176558,0.18035972747020423
2023-10-16 06:00:00,0.042827612468972806,0.7162325758554718,0.11681419760920107,0.10303022691048681
2023-10-16 07:00:00,0.03364184904843569,0.7667909206720914,0.10353438541293145,0.09702129554003476
2023-10-16 08:00:00,0.03588758744765073,0.7194964243607086,0.13330201203003522,0.11156230465508998
2023-10-16 09:00:00,0.024630169812589885,0.5482758786597033,0.11034416595008223,0.11967202038969842
2023-10-16 10:00:00,0.0364631384704262,0.41322802280837845,0.1439856839040294,0.19507071355357763
2023-10-16 11:00:00,0.04452391251455992,0.23858260058543898,0.1747841549152508,0.2462968892883509
2023-10-16 12:00:00,0.05436169655062258,0.11723097400570458,0.17452997370623055,0.21973341145552688
2023-10-16 13:00:00,0.06163265695795417,0.06055148299783468,0.1337556462595239,0.15068992380518467
2023-10-16 14:00:00,0.053244384913705284,0.03988578250462358,0.09810961556620895,0.08637532130349426
2023-10-16 15:00:00,0.04604911128524691,0.0629776546223597,0.05265235091093927,0.04411460531875492
2023-10-16 16:00:00,0.05812450888566674,0.11574363889342006,0.04571402077097445,0.03249717029742897
2023-10-16 17:00:00,0.07364969505928456,0.2016800653257153,0.05378001728560776,0.04121947122737765
2023-10-16 18:00:00,0.09193209541030227,0.21383204122158614,0.06768821880687027,0.06110554683022201
2023-10-16 19:00:00,0.163471356453374,0.23248627310449424,0.10986253850162028,0.10997652059886605
2023-10-16 20:00:00,0.2254388549830764,0.24934773361818358,0.13263131763786076,0.11065117613412438
2023-10-16 21:00:00,0.24590586557053024,0.24488473477011377,0.12969391608610747,0.08462327735498548
2023-10-16 22:00:00,0.30552923791110514,0.21583561165088955,0.13001783316023646,0.07066824645735323
2023-10-16 23:00:00,0.2375448567420244,0.17188647507266555,0.08949714708141983,0.038211883231997486
2023-10-17 00:00:00,0.12367148640565574,0.08229148570786823,0.03827790127135814,0.017528485604561862
2023-10-17 01:00:00,0.155341628016904,0.04047550398856401,0.0688875749707222,0.037850686539895824
2023-10-17 02:00:00,0.21533429464325307,0.047846051796593445,0.12471256337128578,0.09197934967465697
2023-10-17 03:00:00,0.31248974477872254,0.06603009030222891,0.20441455308347936,0.16704523529857393
2023-10-17 04:00:00,0.43592265633866184,0.08475147380070253,0.28868235750123855,0.23135592889040704
2023-10-17 05:00:00,0.5364852792210877,0.20846511909230186,0.37374142095446583,0.29085766764357684
2023-10-17 06:00:00,0.6074328188598156,0.41210780913856904,0.4794562683440744,0.4112892553396523
2023-10-17 07:00:00,0.8722590834647417,0.696736749220978,0.8072322558239102,0.7068541994690892
2023-10-17 08:00:00,0.9841765983775257,0.865682061937722,0.9716293555125595,0.9164474303089083
2023-10-17 09:00:00,0.9990766324475409,0.8502480306137692,0.9897832037881018,0.9609716144017872
2023-10-17 10:00:00,1.0,0.831134570389986,0.9909867726266384,0.9556908543780446
2023-10-17 11:00:00,0.9989832809567452,0.922092412588271,0.9840314787626264,0.9427073368802666
2023-10-17 12:00:00,0.9891052265092731,0.9907410191270437,0.9663947679847477,0.9266722855903208
2023-10-17 13:00:00,0.9343015201576054,0.9982599752599541,0.9297655202448366,0.9181216919980942
2023-10-17 14:00:00,0.9123613289371131,1.0,0.9350964475795627,0.9386463152058422
2023-10-17 15:00:00,0.9120728219114244,1.0,0.9493656546622515,0.9544432268291712
2023-10-17 16:00:00,0.8827212420664726,1.0,0.9640169974789022,0.9833935134857894
2023-10-17 17:00:00,0.7534331969916819,1.0,0.9405063932016492,0.9845013120770454
2023-10-17 18:00:00,0.788769894428551,1.0,0.9455786934494972,0.9799570880644024
2023-10-17 19:00:00,0.7847092978097499,1.0,0.9377737890370189,0.9682118440791965
2023-10-17 20:00:00,0.802894621696323,1.0,0.8710246593691406,0.9669125917181373
2023-10-17 21:00:00,0.869658921007067,1.0,0.8149049731343981,0.9413211796618999
2023-10-17 22:00:00,0.9073855596035717,1.0,0.8114058623090386,0.9301421774551272
2023-10-17 23:00:00,0.9364450873620808,1.0,0.8455438046902418,0.9456203001737593
2023-10-18 00:00:00,0.9931685018539428,1.0,0.9784084750153125,0.9790411998331546
2023-10-18 01:00:00,1.0,1.0,1.0,0.9975689061917364
2023-10-18 02:00:00,1.0,1.0,1.0,1.0
2023-10-18 03:00:00,1.0,1.0,1.0,1.0
2023-10-18 04:00:00,1.0,1.0,1.0,1.0
2023-10-18 05:00:00,1.0,1.0,1.0,1.0
2023-10-18 06:00:00,1.0,1.0,1.0,1.0
2023-10-18 07:00:00,0.9952991620451213,1.0,1.0,0.997109244838357
2023-10-18 08:00:00,0.9038103079609572,1.0,0.9871174478717148,0.9442953459359704
2023-10-18 09:00:00,0.6489059509150682,0.9980307632684706,0.8896131525933744,0.7588136492855846
2023-10-18 10:00:00,0.3575789264589548,0.9991768812591378,0.6612756297737359,0.4968073790706694
2023-10-18 11:00:00,0.15561038262210783,0.9996380728754132,0.36286657990887766,0.23227892454713578
2023-10-18 12:00:00,0.047250115540809934,0.9967343819954178,0.15941193916369228,0.08547246650326996
2023-10-18 13:00:00,0.03019213291350752,0.980376616906036,0.05547126470133662,0.047055487097240986
2023-10-18 14:00:00,0.07693148988299073,0.9632350187410007,0.04257079880218952,0.1008631940046325
2023-10-18 15:00:00,0.23055436816532165,0.9394485426084561,0.11760022278409452,0.24136433486361053
2023-10-18 16:00:00,0.4468454405851662,0.9766488626463846,0.23346815716475247,0.37167800149414687
2023-10-18 17:00:00,0.6831044810265301,0.9887915663556619,0.4257856043707579,0.5316632543876766
2023-10-18 18:00:00,0.8725602307543158,0.9977734383127906,0.6484687698446213,0.6579745513759552
2023-10-18 19:00:00,0.9609885662794113,0.9983758745681155,0.8436261785216628,0.7616792960837483
2023-10-18 20:00:00,0.958182159718126,1.0,0.8905033248476684,0.7497390604019162
2023-10-18 21:00:00,0.9532724555768073,1.0,0.8897781517356633,0.7300232255086302
2023-10-18 22:00:00,0.9355204401537776,1.0,0.8053342788107692,0.5911803417280315
2023-10-18 23:00:00,0.8495652905479073,1.0,0.7286520835012196,0.5561234399490057
2023-10-19 00:00:00,0.5519502665102481,1.0,0.5341792141459882,0.4297739330492913
2023-10-19 01:00:00,0.39879256436601274,1.0,0.46649130780249826,0.4838384006544946
2023-10-19 02:00:00,0.3661278293281794,1.0,0.5005169910751283,0.6068396549485623
2023-10-19 03:00:00,0.31560392942279575,1.0,0.5265954800695181,0.5921136151626705
2023-10-19 04:00:00,0.2751008467003703,1.0,0.43732540588825936,0.42182368544861676
2023-10-19 05:00:00,0.3245296774432062,1.0,0.46177893785759805,0.400910217948258
2023-10-19 06:00:00,0.2701264085061848,1.0,0.4523833043593912,0.48466067492961884
2023-10-19 07:00:00,0.39993215788155795,1.0,0.6264872398041188,0.7652862572856246
2023-10-19 08:00:00,0.37692392479628317,1.0,0.7050965323112904,0.8996969921514393
2023-10-19 09:00:00,0.5020162721723318,1.0,0.7304218284599482,0.9078859747387469
2023-10-19 10:00:00,0.7390323906578122,0.9997474890405481,0.8481987381726503,0.9546261669881643
2023-10-19 11:00:00,0.8802630468085408,0.9990978233922612,0.9271766057424247,0.9916618546843529
2023-10-19 12:00:00,0.9723515271395444,1.0,0.9732262544706464,1.0
2023-10-19 13:00:00,0.9737279743701219,1.0,0.9898838915117085,0.9925161223858594
2023-10-19 14:00:00,0.8825699748471377,1.0,0.9619398021884262,0.944273807182908
2023-10-19 15:00:00,0.8159470145404337,1.0,0.8882599633187055,0.7979818094335495
2023-10-19 16:00:00,0.6450147286429999,1.0,0.6610934289544821,0.4892202937044202
2023-10-19 17:00:00,0.32963464464992287,0.995543767701496,0.29825010610744357,0.18507340593263502
2023-10-19 18:00:00,0.31961812986060967,0.9978162723779677,0.16811489606276153,0.08608109911438076
2023-10-19 19:00:00,0.35449687993153933,0.992252576865933,0.13825943311676384,0.0646572138927877
2023-10-19 20:00:00,0.25830874850973484,0.9897261373969641,0.11760101903229951,0.076770312031731
2023-10-19 21:00:00,0.19016253424808383,0.9921584885770623,0.14832783559337256,0.09528350133448837
2023-10-19 22:00:00,0.0790909213060513,0.9932479006593877,0.08379516033455728,0.04243229463230819
2023-10-19 23:00:00,0.02641601157840341,0.9916465193846009,0.03342929515521974,0.014172821477986874
2023-10-20 00:00:00,0.032389319986104975,0.9952226564694535,0.013885062453337014,0.006154484539292754
2023-10-20 01:00:00,0.04048796982504428,0.9490925250270149,0.021087995707057418,0.017408876521512864
2023-10-20 02:00:00,0.13328283987939357,0.9572534981776368,0.07820525021292268,0.06516679612919689
2023-10-20 03:00:00,0.23927082739770408,0.9707679678364233,0.15738466609269378,0.14282467874698343
2023-10-20 04:00:00,0.32334183569997543,0.9609727762233127,0.24222791278734798,0.2451316243130713
2023-10-20 05:00:00,0.34861648881807916,0.9889789116924459,0.4065250541642308,0.5043701942637562
2023-10-20 06:00:00,0.38653702290728686,1.0,0.4817656259052456,0.5697189919278023
2023-10-20 07:00:00,0.5946351394988596,0.9996057566458528,0.6884194367192686,0.7502749072387814
2023-10-20 08:00:00,0.8478190211020411,0.9985146597027779,0.8819963468983767,0.9309866541437803
2023-10-20 09:00:00,0.9808536741137505,0.9992871223254638,0.9785086369328201,0.9928279908373951
2023-10-20 10:00:00,1.0,1.0,0.9995660100877285,0.9982851520180702
2023-10-20 11:00:00,1.0,1.0,1.0,0.9987169228494167
2023-10-20 12:00:00,1.0,0.9993170509013264,1.0,0.9853800182789564
2023-10-20 13:00:00,1.0,0.9781435261260379,1.0,0.9493433734960852
2023-10-20 14:00:00,0.988491786494851,0.9015976015952499,0.9869806880131362,0.9052790282480419
2023-10-20 15:00:00,0.9101951823383571,0.8017591894079338,0.861722077447921,0.6524197676219043
2023-10-20 16:00:00,0.7777541787922382,0.6737675853750921,0.636576185338199,0.3516208706237376
2023-10-20 17:00:00,0.9148568754270672,0.11668837233700535,0.7295236879959702,0.4179175412468612
2023-10-20 18:00:00,0.7389094521850347,0.05805445445193486,0.5518730103783309,0.2524470128025859
2023-10-20 19:00:00,0.6283630123734474,0.03992209158499132,0.4136187916249036,0.1526259814435616
2023-10-20 20:00:00,0.4852749025821685,0.07987556056881494,0.31799961504526436,0.10203403102699667
2023-10-20 21:00:00,0.5599260091409086,0.10388241360472006,0.27133973937481637,0.10414373503066598
2023-10-20 22:00:00,0.6335115907154976,0.1005036647516218,0.3274734451062976,0.12924774252343924
2023-10-20 23:00:00,0.5650443702191115,0.046978124976158143,0.3181482746172696,0.14910742698237298
2023-10-21 00:00:00,0.6672498383931813,0.018943559625609355,0.44476985324174145,0.2571975691057742
2023-10-21 01:00:00,0.7724458660744129,0.030200296433811835,0.5695813654921948,0.40564053293317553
2023-10-21 02:00:00,0.7672788317687808,0.05564359525049274,0.5803300171904265,0.44486202649772166
2023-10-21 03:00:00,0.7537767869606611,0.10448642451993441,0.5502223293483258,0.41102077009156346
2023-10-21 04:00:00,0.7450971288792788,0.23348620750348673,0.519480697941035,0.3490424096584319
2023-10-21 05:00:00,0.9187130349315702,0.43590040193362667,0.7016208255849777,0.5039655406959356
2023-10-21 06:00:00,0.7975835025124249,0.49668340897018265,0.5754043751768767,0.3491281650215387
2023-10-21 07:00:00,0.6001406688056884,0.39996639862656574,0.49673043373972176,0.2922795799188315
2023-10-21 08:00:00,0.5283899391628801,0.2969043178991837,0.46594482656568287,0.2796750905644148
2023-10-21 09:00:00,0.4911675636284053,0.18087050475857475,0.44936715690419077,0.28239502869546407
2023-10-21 10:00:00,0.44207349905744187,0.10413966903632335,0.4328595921397209,0.29526253001764413
2023-10-21 11:00:00,0.34805659734644,0.06059563573111187,0.360720236171037,0.25434437863528725
2023-10-21 12:00:00,0.20836746322922406,0.06221197567880154,0.2404746153671294,0.16620993733406064
2023-10-21 13:00:00,0.10979134559631347,0.07961926947940479,0.14361010058782994,0.10081736233551054
2023-10-21 14:00:00,0.048597704996354886,0.11146611539477651,0.07810123296454549,0.051360673774033784
2023-10-21 15:00:00,0.015433232625946404,0.14033272136341443,0.03698126329574734,0.022283262675628066
2023-10-21 16:00:00,0.003121441532857716,0.1523348802971569,0.018013905715197325,0.012191383447498084
2023-10-21 17:00:00,0.012069864175282418,0.22346002961424263,0.04494624652899802,0.05276574642397465
2023-10-21 18:00:00,0.07913129605352878,0.2802761218358169,0.10729718286544082,0.12404300139285623
2023-10-21 19:00:00,0.20322585420683023,0.34064779128201983,0.21046227822080252,0.2305151129513979
2023-10-21 20:00:00,0.33846163669601076,0.4051104502854023,0.2976786148548126,0.27024624792858953
2023-10-21 21:00:00,0.45214547496289015,0.3927834555337375,0.35536041812971236,0.29936253318563094
2023-10-21 22:00:00,0.549371549692005,0.36906217783350836,0.444205011818558,0.392875841949135
2023-10-21 23:00:00,0.4947133052535355,0.24503615104678003,0.3885483321547508,0.3658416310511529
2023-10-22 00:00:00,0.3090988388098776,0.15878894041546368,0.24208844911307092,0.2426371287181973
2023-10-22 01:00:00,0.3123103636689483,0.0823529218746857,0.2504800691828131,0.27495248006656764
2023-10-22 02:00:00,0.31212845828384156,0.0514665493199771,0.2885525729879736,0.3102930762805044
2023-10-22 03:00:00,0.2947510676458478,0.04158354206857356,0.3083556929416954,0.2891113807633519
2023-10-22 04:00:00,0.2663276444748044,0.028713897950947285,0.30114197207614773,0.22924898035824298
2023-10-22 05:00:00,0.26733078531920906,0.01146505846557292,0.2776916646864265,0.15208680046722292
2023-10-22 06:00:00,0.21312756475061176,0.022564102658493953,0.20487225474789736,0.0775192711642012
2023-10-22 07:00:00,0.16836593837942923,0.03516759726134214,0.18198751072399316,0.07526413853745906
2023-10-22 08:00:00,0.15369956886395814,0.10666100044142114,0.20495357524137942,0.1345172612881288
2023-10-22 09:00:00,0.1199597261007875,0.20702016118236558,0.2221619555354118,0.2584534863382577
2023-10-22 10:00:00,0.0961969752330333,0.30167975986545736,0.17703954380005596,0.3209057195112109
2023-10-22 11:00:00,0.14207038192544133,0.3379158829626713,0.15496668843552466,0.4175623861886561
2023-10-22 12:00:00,0.2661482095625251,0.3229493436555969,0.20316439250484106,0.5109886709507554
2023-10-22 13:00:00,0.5424220133014023,0.3163801766525615,0.3093686014506966,0.59655300214421
2023-10-22 14:00:00,0.858552162144333,0.320980402380228,0.5269471150822937,0.6686799476854501
2023-10-22 15:00:00,0.9756032478995621,0.3177587821537798,0.8353786887414753,0.7386084374971688
2023-10-22 16:00:00,0.9670984308235347,0.2858434725146402,0.9481536223366857,0.7983358336426316
2023-10-22 17:00:00,0.9266729112714529,0.1910511812229048,0.9532703861407936,0.7920191296935081
2023-10-22 18:00:00,0.8241294568590821,0.13129909541796556,0.8161146402359007,0.6014904311113057
2023-10-22 19:00:00,0.668713217899203,0.08857591022144663,0.7072817362844944,0.5183309913612901
2023-10-22 20:00:00,0.5294201431050896,0.039302118722010754,0.6075181749835609,0.44214494578540325
2023-10-22 21:00:00,0.3953515483997762,0.014466515765948727,0.4945287757925688,0.3366187621094286
2023-10-22 22:00:00,0.26627194976434104,0.0112332418222319,0.3289729174785316,0.21384538010694085
2023-10-22 23:00:00,0.16746098537929352,0.012169116576286882,0.19337586109526453,0.11699331813491881
2023-10-23 00:00:00,0.10687256639823317,0.020323649597438903,0.12880872617010025,0.06579318417236209
2023-10-23 01:00:00,0.06411580413114278,0.030580593273043636,0.07910303556360303,0.032645255327224725
2023-10-23 02:00:00,0.02513490593060851,0.03671344553882425,0.028329495633952324,0.010908872624859213
2023-10-23 03:00:00,0.009577984795905652,0.017905520942400804,0.010893845292739571,0.0030746964551508424
2023-10-23 04:00:00,0.007425318700261413,0.009910717291588132,0.006514942003414036,0.000871419827453792
2023-10-23 05:00:00,0.013766044597141444,0.004430703514001586,0.013639441719278694,0.002921902532689273
2023-10-23 06:00:00,0.023088672338053583,0.002577225159515034,0.017929271133616566,0.003861482059583068
2023-10-23 07:00:00,0.033392331260256466,0.005010957243767653,0.03103967070579529,0.007021058131940662
2023-10-23 08:00:00,0.07417646300978958,0.025907313864339487,0.06670415755826979,0.02415878862142563
2023-10-23 09:00:00,0.122964685652405,0.05285099639472635,0.1197439097985625,0.06501079376786947
2023-10-23 10:00:00,0.11723522467538713,0.07195105088366703,0.15930085663683707,0.11549814757891
2023-10-23 11:00:00,0.1323866921942681,0.10551431367343121,0.17358342165127394,0.1455250342004001
2023-10-23 12:00:00,0.15018253974616527,0.12574096918106079,0.20497938005253669,0.16323526944965122
2023-10-23 13:00:00,0.1455265279859304,0.10841875138607891,0.23955546572804448,0.18470934847369788
2023-10-23 14:00:00,0.169236298315227,0.09043209928003224,0.2330106900073588,0.18362000237219037
2023-10-23 15:00:00,0.24006920568644996,0.09169890876520763,0.23407668625935907,0.17809116951189935
2023-10-23 16:00:00,0.25700766379013645,0.07477178596298804,0.22761707786470647,0.1659175433591008
2023-10-23 17:00:00,0.24751577911898492,0.07532612480223179,0.23776148768141864,0.1894540863856673
2023-10-23 18:00:00,0.17013681063428518,0.06947266353124923,0.1663850832916796,0.13547437492758035
2023-10-23 19:00:00,0.13916281340643763,0.11352048571136865,0.14159094031900166,0.1326357721723616
2023-10-23 20:00:00,0.15878981057554478,0.13861563085155051,0.16922324882820244,0.14077551109716296
2023-10-23 21:00:00,0.1677668041177094,0.17297904353927482,0.16057323819026348,0.11621441895142198
2023-10-23 22:00:00,0.22322285788133733,0.24761272798207667,0.2010734723880887,0.15970227612182494
2023-10-23 23:00:00,0.264612465724349,0.2666534431278705,0.24947684025391936,0.22987525716423984
2023-10-24 00:00:00,0.2967952453158795,0.32687655287710093,0.28853748597204676,0.30269110729917875
2023-10-24 01:00:00,0.367512183226645,0.35260641171173607,0.35797044584527604,0.3659220566041766
2023-10-24 02:00:00,0.5262376333400607,0.301536788574674,0.485284925289452,0.46110271036624906
2023-10-24 03:00:00,0.6744087160006165,0.27653069506991984,0.635383659880608,0.6056353780627249
2023-10-24 04:00:00,0.8010115866176784,0.2983568272468719,0.8026759101450441,0.7726200473681091
2023-10-24 05:00:00,0.9068216465041041,0.19996213763952253,0.8802042001858353,0.7499415590055284
2023-10-24 06:00:00,0.8620632786303758,0.1685552396489815,0.8573254999890921,0.74486460076645
2023-10-24 07:00:00,0.8231051515974104,0.18003786324100055,0.825009104963392,0.8314450698159633
2023-10-24 08:00:00,0.863409708086401,0.2676967266269706,0.9069935965351759,0.9344152390025556
2023-10-24 09:00:00,0.8996745879389345,0.3976667697558349,0.9473377664200963,0.9740692060999572
2023-10-24 10:00:00,0.8615565264597533,0.6066380260546098,0.9279573912732303,0.9760013453289866
2023-10-24 11:00:00,0.869722871314734,0.8495317728004671,0.9328170862607658,0.9795486825890839
2023-10-24 12:00:00,0.8844751121476291,0.8639788785034959,0.9517396359331904,0.980247691590339
2023-10-24 13:00:00,0.8782906010746957,0.8167555364153603,0.9545489283092321,0.9728545874543486
2023-10-24 14:00:00,0.8328400530852377,0.7584130172160536,0.9382116561196743,0.9610405857302249
2023-10-24 15:00:00,0.7561843978799879,0.7328553940626708,0.9048288920521734,0.9423897014372051
2023-10-24 16:00:00,0.6596579842641949,0.6860406245155767,0.863125331699848,0.9039742703549564
2023-10-24 17:00:00,0.7215957053005693,0.8365343995392323,0.8851100305467843,0.922322062086314
2023-10-24 18:00:00,0.4681384978443384,0.6744465545903551,0.718957381825894,0.7715666008368134
2023-10-24 19:00:00,0.3952874417044222,0.5106457116928966,0.5883417833596468,0.6287845775671301
2023-10-24 20:00:00,0.3596120983362197,0.3640099773623726,0.5179457123763859,0.509737511947751
2023-10-24 21:00:00,0.29874806836247436,0.30479461374607947,0.3730487470701337,0.32145425451919435
2023-10-24 22:00:00,0.1853380383737385,0.2834112754328683,0.24744434347376223,0.23362046090885996
2023-10-24 23:00:00,0.18479578124359244,0.2580621223558079,0.33308068349957465,0.305963424667716
2023-10-25 00:00:00,0.13834198840893802,0.20118447861210864,0.20267004759982224,0.1727373249735683
2023-10-25 01:00:00,0.10616999382153154,0.15615386011925605,0.12031263803131878,0.09322206198237834
2023-10-25 02:00:00,0.10157928270287812,0.13229003250598906,0.08440669120289385,0.054696187581866985
2023-10-25 03:00:00,0.10941220509819685,0.10595204103399407,0.07354575994424523,0.04408561605960132
2023-10-25 04:00:00,0.1207277637720108,0.11237804687835952,0.08161181342788042,0.05379014028236271
2023-10-25 05:00:00,0.28375627197325226,0.21448082111098546,0.21982198240235445,0.15002066896297037
2023-10-25 06:00:00,0.31141641844063994,0.19624968322840602,0.20778541281819343,0.12122540031559766
2023-10-25 07:00:00,0.25901776559650896,0.18382568067447702,0.18181484056636693,0.09130004800856113
2023-10-25 08:00:00,0.20642667308449744,0.14558562815189363,0.13788825247436762,0.05864513467997313
2023-10-25 09:00:00,0.20732951574027542,0.24118525574153124,0.132485432960093,0.05932595160789788
2023-10-25 10:00:00,0.18852125525474547,0.24218091427602556,0.10209275300614534,0.04356897667050362
2023-10-25 11:00:00,0.15297458298504352,0.2298188565129583,0.0816390763130039,0.05443044067360461
2023-10-25 12:00:00,0.13569488416425884,0.22251895784654405,0.09941057251766322,0.08761587129905819
2023-10-25 13:00:00,0.1219841708242893,0.17408015925098547,0.12126324552111327,0.12581448923796412
2023-10-25 14:00:00,0.14110521579161284,0.13516186128285795,0.13665769357234236,0.15248219302855429
2023-10-25 15:00:00,0.1381798590812832,0.13821946894580667,0.09458407486788928,0.09404468247666953
2023-10-25 16:00:00,0.09484447063878178,0.17002189452675256,0.06007669643498957,0.08559615879319607
2023-10-25 17:00:00,0.2586556209810078,0.29893576395782556,0.20820362690836192,0.20894407356157896
2023-10-25 18:00:00,0.3302469689957797,0.2910410592027685,0.238316546138376,0.18613624254241584
2023-10-25 19:00:00,0.32795718362554904,0.24887051164426585,0.24584435457363718,0.20092403721064325
2023-10-25 20:00:00,0.2909868933632969,0.22884602861648265,0.23786801559850568,0.20988108813762663
2023-10-25 21:00:00,0.2121128879487514,0.17360105189410122,0.2683395021222531,0.27797412356361745
2023-10-25 22:00:00,0.1919532277435064,0.12404170456596396,0.333524856697768,0.35185854133218525
2023-10-25 23:00:00,0.11664184805937113,0.09363768449899824,0.17078789610415693,0.1298969190008938
2023-10-26 00:00:00,0.11743708577938376,0.06282231213016944,0.08804594710934907,0.03249497346114367
2023-10-26 01:00:00,0.10501333264634012,0.05406485348601232,0.0553049885854125,0.0253037509508431
2023-10-26 02:00:00,0.0634903934877366,0.05179511897943236,0.02606208528392017,0.023586412980221214
2023-10-26 03:00:00,0.05086382137611509,0.03457954166626388,0.026066902391612537,0.026995818251743915
2023-10-26 04:00:00,0.052314190659672015,0.029424016424878078,0.036480539785698055,0.0325153118185699
2023-10-26 05:00:00,0.09462068965658545,0.028190797790884972,0.0763910897448659,0.05693019624799491
2023-10-26 06:00:00,0.07754977818578482,0.02741401486776092,0.06593263997696341,0.0377053520642221
2023-10-26 07:00:00,0.05424264837987722,0.037060647911646157,0.049522032719105484,0.025433969777077434
2023-10-26 08:00:00,0.036118661109358075,0.05952446180311115,0.020395559249445798,0.007119129234924913
2023-10-26 09:00:00,0.016310680042952302,0.06119787543334743,0.0059109370782971385,0.001486767949536443
2023-10-26 10:00:00,0.012780161248520019,0.04273582302372564,0.00498742080759257,0.0013764652144163847
2023-10-26 11:00:00,0.014747622446157037,0.022523159374567593,0.009537008455954493,0.004227241440676152
2023-10-26 12:00:00,0.03221696850843728,0.020195508727973155,0.0308860831707716,0.01728003707714379
2023-10-26 13:00:00,0.052770378459244975,0.009206129028038546,0.06416846710257232,0.03785573354922235
2023-10-26 14:00:00,0.07950277131982149,0.00863804330541329,0.09507817054167389,0.0509172033565119
2023-10-26 15:00:00,0.08977900615893303,0.009546493962407114,0.08851674003526568,0.04242231145966798
2023-10-26 16:00:00,0.0716030236147344,0.0031614114547317673,0.08514417191036044,0.04322172835934907
2023-10-26 17:00:00,0.1521132199466228,0.024778256727890538,0.20112490486353637,0.13181567740626635
2023-10-26 18:00:00,0.11642834429629147,0.03116738158193502,0.15850649370811878,0.12285501778125761
2023-10-26 19:00:00,0.12406221044249832,0.026520325253632935,0.1330784583184868,0.102091954825446
2023-10-26 20:00:00,0.15729802895337341,0.018636590943417766,0.12266150858253239,0.09079304699786006
2023-10-26 21:00:00,0.17338744264096023,0.010918749828230252,0.11048223803751167,0.08301153011620045
2023-10-26 22:00:00,0.16962569701485333,0.0036408628286285836,0.10998894239775836,0.09223515388555824
2023-10-26 23:00:00,0.10929525134153663,0.002315186516127803,0.06883295124396682,0.049578019045293326
2023-10-27 00:00:00,0.07978135631419717,0.0012941373173486102,0.033703223522752526,0.019300674269907177
2023-10-27 01:00:00,0.04100082387216388,0.011432067196477541,0.021170297465287147,0.022217267309315506
2023-10-27 02:00:00,0.09836494819261132,0.026364112818105648,0.05716234066523611,0.050968748629093175
2023-10-27 03:00:00,0.21533126136288047,0.034097975668582046,0.1018140633404255,0.07710271710529924
2023-10-27 04:00:00,0.269580943211913,0.032869017412039375,0.12361064555123448,0.09205603973008693
2023-10-27 05:00:00,0.2681892058439553,0.053626548485322445,0.111284214919433,0.10061224713921546
2023-10-27 06:00:00,0.23610488330014046,0.05136166015809232,0.09977403613738714,0.08210273584350944
2023-10-27 07:00:00,0.16683352452702818,0.05381175783547487,0.10192005435004829,0.0859692192915827
2023-10-27 08:00:00,0.15790760675445195,0.04899356713010506,0.13050043025054034,0.12076617039740085
2023-10-27 09:00:00,0.145830152425915,0.042305960570546704,0.1433042616024613,0.15158544310368596
2023-10-27 10:00:00,0.14382192574441433,0.047511775375089854,0.1575506645068526,0.17343097390606999
2023-10-27 11:00:00,0.151259440574795,0.05531885973431847,0.14614763263612984,0.17157473571598528
2023-10-27 12:00:00,0.16886743683367966,0.07938881088725545,0.14810899748466907,0.1844856828358024
2023-10-27 13:00:00,0.1518358428031206,0.10247915719381785,0.15505690400488673,0.18441747315227985
2023-10-27 14:00:00,0.15671929063275453,0.14023839625106613,0.17394199419766662,0.1878259991109371
2023-10-27 15:00:00,0.17394947774708266,0.17101721961728544,0.17181531395763155,0.19056648300960652
2023-10-27 16:00:00,0.2003013982251286,0.19059365713122212,0.18884390292689202,0.2120794017240405
2023-10-27 17:00:00,0.34723128100857137,0.19639684306626967,0.31403540981933475,0.27023501290008417
2023-10-27 18:00:00,0.206311285700649,0.1417450744116848,0.21700162097811695,0.18057019032537933
2023-10-27 19:00:00,0.18433374602347613,0.09358838857574896,0.16850482884794474,0.1521324572153389
2023-10-27 20:00:00,0.24782093621790405,0.08150001590224827,0.19160783912986515,0.19711235111579292
2023-10-27 21:00:00,0.35354899326339373,0.06995595411820844,0.2479071440547704,0.256332099661231
2023-10-27 22:00:00,0.45967909038066873,0.07123308195647868,0.3201978602074087,0.30963019687682386
2023-10-27 23:00:00,0.3434219736792147,0.06513335049152374,0.27593194758519524,0.28689290657639505
2023-10-28 00:00:00,0.33012112308293584,0.04620744702829556,0.25504887703806156,0.2116471735201776
2023-10-28 01:00:00,0.3618636758998036,0.049814420704814524,0.33937104811891916,0.2455422902852297
2023-10-28 02:00:00,0.44174820020794864,0.0690227824314074,0.4480585305392742,0.3208493904396892
2023-10-28 03:00:00,0.59032378712669,0.09416508182883264,0.5615747875161468,0.3999747295491397
2023-10-28 04:00:00,0.772141935043037,0.10664728167382155,0.6650163312815128,0.4796927061863243
2023-10-28 05:00:00,0.9324210667982697,0.19131520710885527,0.958094727564603,0.8962756535038351
2023-10-28 06:00:00,0.8964578829705714,0.132166033915498,0.8391656402125957,0.6630981550365684
2023-10-28 07:00:00,0.8446445931121705,0.08363434523005377,0.8003381661139427,0.6184102575667203
2023-10-28 08:00:00,0.8134033126011491,0.14226364560425278,0.8026501269452273,0.6422559751197694
2023-10-28 09:00:00,0.7311045366898177,0.2859758481146261,0.8006273027881978,0.6865257182903586
2023-10-28 10:00:00,0.549905916173011,0.457615900337696,0.7245123493671416,0.6708983591198918
2023-10-28 11:00:00,0.36547277634963393,0.558473677851937,0.6012383054941891,0.6134572122432289
2023-10-28 12:00:00,0.2597740316018462,0.5870480517907576,0.46872859217226504,0.5499871725589037
2023-10-28 13:00:00,0.2213994043134153,0.630280350636352,0.41018026635050775,0.5542586866766214
2023-10-28 14:00:00,0.2044264248106628,0.6835268881375138,0.3937017926573753,0.5707125544548034
2023-10-28 15:00:00,0.2044531927723437,0.7345634397999806,0.3937661973387002,0.6047763916105031
2023-10-28 16:00:00,0.20989621906541286,0.7432267198102042,0.3890768178924918,0.6295665621012448
2023-10-28 17:00:00,0.23078671995550387,0.8804958455535499,0.4227542233280837,0.6236141669377684
2023-10-28 18:00:00,0.2354973102454096,0.8986253910850395,0.42469171643257136,0.5855675204843281
2023-10-28 19:00:00,0.25199581354856493,0.9011374242739246,0.4267399128712714,0.5614628914743661
2023-10-28 20:00:00,0.30097248864360154,0.8885997696898201,0.44151133203879,0.5502168806642292
2023-10-28 21:00:00,0.37736816866323347,0.860119264125824,0.46958312852308154,0.5780659282766282
2023-10-28 22:00:00,0.4730017835833132,0.8559305852787061,0.5028776376880705,0.5965976385772227
2023-10-28 23:00:00,0.4483206864073872,0.8538155916062269,0.4660215147584677,0.6039083956740796
2023-10-29 00:00:00,0.5423282780870795,0.6850333377447992,0.45407995168119664,0.5635920941084622
2023-10-29 01:00:00,0.8744550797715782,0.5435382836515251,0.5990445847064256,0.6295227452367542
2023-10-29 02:00:00,0.9864598615281284,0.5550621929222885,0.8524611240439115,0.7777785215526819
2023-10-29 03:00:00,0.998860038369894,0.6044313376058231,0.9730471770651636,0.9465862203203141
2023-10-29 04:00:00,1.0,0.5800838993083345,0.9874732790887356,0.9528923430480063
2023-10-29 05:00:00,1.0,0.5406535429575225,0.9996011544018983,0.9851078630425035
2023-10-29 06:00:00,1.0,0.4573715424808588,1.0,0.9889775286614895
2023-10-29 07:00:00,0.9988408455997706,0.5073667202889918,0.9963069401681423,0.9719248805753886
2023-10-29 08:00:00,0.9957689004391431,0.5429508420689537,0.9899313154816625,0.944168971888721
2023-10-29 09:00:00,0.9938655027747154,0.5639745217426255,0.988962158486247,0.9330832608789207
2023-10-29 10:00:00,0.9843487481400368,0.5483600805293429,0.9796082859113814,0.8955058930441736
2023-10-29 11:00:00,0.9457483854331075,0.5132912065224213,0.941927959024906,0.8173086446709931
2023-10-29 12:00:00,0.8158806135877967,0.47443134148012506,0.8172376766614615,0.6462018039263785
2023-10-29 13:00:00,0.6325804645195602,0.4444829549572683,0.6381310378573832,0.44359305245801806
2023-10-29 14:00:00,0.4266065070591867,0.385215780978853,0.43478567471727725,0.24536542999558147
2023-10-29 15:00:00,0.26878912231884894,0.31662497650493276,0.2838094414584338,0.14278732975013553
2023-10-29 16:00:00,0.1982637505698949,0.278412567499009,0.21726154339499767,0.15788774929009375
2023-10-29 17:00:00,0.33723334562033414,0.30393646153536696,0.32562873816117643,0.2543439416959882
2023-10-29 18:00:00,0.35773626612499354,0.37592864125967024,0.3303842491470277,0.24622868189588185
2023-10-29 19:00:00,0.35000421296805145,0.39216614360159097,0.3088900289498269,0.20889430107548834
2023-10-29 20:00:00,0.3727578853815794,0.46465094295415005,0.33062401158735155,0.22661146556958547
2023-10-29 21:00:00,0.3726436583697796,0.5623859987069258,0.37171822153031825,0.27470562821254135
2023-10-29 22:00:00,0.37307598114013674,0.6668524563041599,0.3794882810860872,0.2945447455719113
2023-10-29 23:00:00,0.3065430740453302,0.6393968706645747,0.3195420895889401,0.2532350350543856
2023-10-30 00:00:00,0.2836286696605384,0.5465789493376557,0.32154296990484,0.1982250479236245
2023-10-30 01:00:00,0.3481685339473187,0.4400795836882157,0.3429232577420771,0.183397227935493
2023-10-30 02:00:00,0.42064213830977676,0.4394166250391439,0.3882195440679787,0.1844103079754859
2023-10-30 03:00:00,0.48864701550453904,0.4780719092488288,0.42682009357959017,0.20731036871671674
2023-10-30 04:00:00,0.5041382272914052,0.46428592271425495,0.4607489232905208,0.23235994430258866
2023-10-30 05:00:00,0.3682109295390546,0.566864765110341,0.32547500684857367,0.17818537879735225
2023-10-30 06:00:00,0.42391597270965575,0.6178388663855464,0.3936939905397594,0.23208296649157997
2023-10-30 07:00:00,0.5937398566305634,0.817211388024417,0.57668504524976,0.3790375667065382
2023-10-30 08:00:00,0.6492205206677314,0.9430471817200833,0.6606280602328479,0.47897498097270724
2023-10-30 09:00:00,0.6609712014347313,0.9780249184505506,0.6738203959353267,0.5115992468781768
2023-10-30 10:00:00,0.6569917724840342,0.9903367107971147,0.6687987050600348,0.5085789826326073
2023-10-30 11:00:00,0.5880810140073298,0.9928652831912039,0.62025490835309,0.48186998678371307
2023-10-30 12:00:00,0.5152244108915329,0.9944785064052453,0.5371610078588127,0.4435390454903245
2023-10-30 13:00:00,0.5007841789722443,0.9939818937670101,0.5412522472999989,0.5144616849720477
2023-10-30 14:00:00,0.45257255252450707,0.9926200547949834,0.5098287406377495,0.5535992175154387
2023-10-30 15:00:00,0.4592457773350179,0.9919437578726898,0.5028421032428741,0.6071346823312342
2023-10-30 16:00:00,0.5576340196840465,0.9899691871485927,0.5285261935554444,0.6768908178806305
2023-10-30 17:00:00,0.5912551555410027,0.9922734512117777,0.5499454801343381,0.7127860215120017
2023-10-30 18:00:00,0.6592482245713472,0.9853009361299602,0.6469702894240618,0.7864551034197211
2023-10-30 19:00:00,0.6740775524079798,0.9521729081462728,0.6929494664259255,0.8073233227431773
2023-10-30 20:00:00,0.6130425057560205,0.9176394988190046,0.6964024045504629,0.7906784155406057
2023-10-30 21:00:00,0.4246055801026523,0.8583911808241497,0.5782838433794675,0.6546872388757766
2023-10-30 22:00:00,0.22485691796988247,0.7150043425912204,0.34202941838651896,0.38041757566854356
2023-10-30 23:00:00,0.04713368997909128,0.5645205200531265,0.11508262248709797,0.1463755363412201
2023-10-31 00:00:00,0.009030998568050562,0.28785986409945924,0.024223467567935586,0.02053745921701193
2023-10-31 01:00:00,0.0002487655030563473,0.19006959830495446,0.0030765051161870363,0.0035109521402046087
2023-10-31 02:00:00,0.0031193489860743286,0.14465923817320303,0.0006310706119984388,0.0009629062144085764
2023-10-31 03:00:00,0.014606660353019836,0.11699625939808107,0.004997480749152601,0.0056251519825309525
2023-10-31 04:00:00,0.02929888794664293,0.14338718904012981,0.01207181850448251,0.016707930262200535
2023-10-31 05:00:00,0.0920050506014377,0.3284357379715552,0.04584027373231948,0.06174887431785464
2023-10-31 06:00:00,0.15658957973122595,0.38896455665880986,0.09817135882563889,0.12133911406155676
2023-10-31 07:00:00,0.29343858705833553,0.5613843408091502,0.23345196308568114,0.24566120152361684
2023-10-31 08:00:00,0.360979930497706,0.7461619921435009,0.2838085225969553,0.261979290228337
2023-10-31 09:00:00,0.4587091560661793,0.8417850906875998,0.31076666314154855,0.27234202936291696
2023-10-31 10:00:00,0.5224083871021866,0.8919595647671006,0.3632991847768426,0.3022116038389504
2023-10-31 11:00:00,0.5857567100785672,0.9041315503418446,0.3961849216930568,0.328915567267686
2023-10-31 12:00:00,0.6079919970966875,0.9130755833739582,0.4313724679686129,0.3363868900574743
2023-10-31 13:00:00,0.6291927941516041,0.9476362198862159,0.4422610489092767,0.324102837499231
2023-10-31 14:00:00,0.6460651103779671,0.9703112461756576,0.44965984130278225,0.31000187139958135
2023-10-31 15:00:00,0.6214063830114899,0.9849385605346072,0.41387559982016675,0.2614917283412069
2023-10-31 16:00:00,0.6077156231179832,0.9872588612139225,0.3892986898310482,0.21620791467837985
2023-10-31 17:00:00,0.6788905504532157,0.9942121248760006,0.46522307027131315,0.24155545746907586
2023-10-31 18:00:00,0.649863832630217,0.9943368589742618,0.4584494323283433,0.2559739900752902
2023-10-31 19:00:00,0.6788121405430138,0.991425809264183,0.5335292494483291,0.37535625541582696
2023-10-31 20:00:00,0.7394874381273983,0.990071976239031,0.5861739941313862,0.505134222190827
2023-10-31 21:00:00,0.8260232564993202,0.9852136502076277,0.6413003408722578,0.5983175757713616
2023-10-31 22:00:00,0.9503743433393537,0.942626799670133,0.7589701030589638,0.6789587309025229
2023-10-31 23:00:00,0.9477798947691916,0.7881694972786035,0.8347771452739834,0.7309865676611662
2023-11-01 00:00:00,0.8274013740941882,0.572819345932115,0.7893663975223897,0.665155556462705
2023-11-01 01:00:00,0.6218663708679375,0.3280526070838624,0.5821185901015996,0.4834615391306578
2023-11-01 02:00:00,0.5306508180499077,0.23128594757481047,0.45825412573292845,0.30272642467170946
2023-11-01 03:00:00,0.47579719964414835,0.17466791585765098,0.3660564747452736,0.20179130260832603
2023-11-01 04:00:00,0.4613855745084584,0.16247103487226094,0.33733254730701445,0.16091166320256886
2023-11-01 05:00:00,0.43583795623853794,0.2778111528131095,0.37401766385883084,0.1955238516721874
2023-11-01 06:00:00,0.5441743871383369,0.3574780577895317,0.47479940278455607,0.260663322834298
2023-11-01 07:00:00,0.6497946446202694,0.4076384569704532,0.571075721979141,0.3100046792067587
2023-11-01 08:00:00,0.6980624239332971,0.4468018769811499,0.6001283554360269,0.32551599474623794
2023-11-01 09:00:00,0.635103145930916,0.43146973427723745,0.5513363586179911,0.30890588683076203
2023-11-01 10:00:00,0.48212225407361986,0.42257374419407406,0.4499729439243675,0.2605466930009424
2023-11-01 11:00:00,0.32994841296225774,0.4010745555026965,0.34401280870661133,0.20997384537011382
2023-11-01 12:00:00,0.21038495840504765,0.4161197945069182,0.2455463646166026,0.16079348342493174
2023-11-01 13:00:00,0.1168376301974058,0.41614452943205826,0.16087730363011357,0.10592783069238065
2023-11-01 14:00:00,0.05558684503659606,0.3809217669747093,0.09535381948575375,0.05918132851365953
2023-11-01 15:00:00,0.023899670182727283,0.36111506168137897,0.049423000016249725,0.028692094217985867
2023-11-01 16:00:00,0.005864490242674946,0.3508633607490496,0.023009013775736095,0.016533002308569848
2023-11-01 17:00:00,0.0018261300679296255,0.5189741186526686,0.007347723641432822,0.017399796154350042
2023-11-01 18:00:00,0.0025586828729137778,0.5655676614289932,0.004767764280550182,0.012388567831367254
2023-11-01 19:00:00,0.005512390732765198,0.6678236223079941,0.0071074286010116335,0.014166853469796481
2023-11-01 20:00:00,0.012625945904292165,0.7243600426343354,0.011205888437107204,0.020683663352392617
2023-11-01 21:00:00,0.020823454153724014,0.7149274288253349,0.017323492639698086,0.024088436560705306
2023-11-01 22:00:00,0.028212232482619587,0.6942527122795581,0.02788266685325652,0.031180080780759456
2023-11-01 23:00:00,0.02242322057019919,0.624566555443135,0.01966580088716,0.016520977346226574
2023-11-02 00:00:00,0.005518424864858388,0.5408751961182463,0.004921483066864312,0.004725919072516263
2023-11-02 01:00:00,0.004769725329242646,0.36059564436023883,0.001747847809456289,0.002187072243541479
2023-11-02 02:00:00,0.01093745958991349,0.320961354015903,0.005438189678825438,0.004832383790053428
2023-11-02 03:00:00,0.012639356795698406,0.33811069120737636,0.0062344877282157546,0.004945090194232763
2023-11-02 04:00:00,0.01512157832272351,0.2842504071986133,0.006539541138336062,0.004622100554406643
2023-11-02 05:00:00,0.039938648035749806,0.3237413241307844,0.011629890585318206,0.00753668632823974
2023-11-02 06:00:00,0.0726176836527884,0.43113067232072344,0.02193614650983363,0.014195148157887161
2023-11-02 07:00:00,0.15103155777789654,0.513791681040417,0.05654280008282512,0.03592671050690115
2023-11-02 08:00:00,0.25582359150052064,0.6920935495739632,0.10291478102561083,0.0586348612094298
2023-11-02 09:00:00,0.3591175680793821,0.7374385510114105,0.15857433807104823,0.08703806668519971
2023-11-02 10:00:00,0.4938063170015812,0.7820470194247636,0.2303808289952576,0.13241581656970083
2023-11-02 11:00:00,0.5925787279196082,0.8167439593781122,0.2935548817832022,0.13707010930404065
2023-11-02 12:00:00,0.5708646641112862,0.8195469410717486,0.30662834034301345,0.14911512536928057
2023-11-02 13:00:00,0.49550980830565095,0.8715253315053203,0.31623464602977036,0.17129677253775297
2023-11-02 14:00:00,0.4266902320273221,0.9061529518663884,0.32293540146201855,0.1945123594626784
2023-11-02 15:00:00,0.3909764625504612,0.8749560136280276,0.34768834482878447,0.22511004971340293
2023-11-02 16:00:00,0.3919026998803019,0.9065916010466488,0.3751895626634359,0.21742304169572885
2023-11-02 17:00:00,0.3016926778666675,0.9117009150440041,0.32503931351006027,0.17956150676123794
2023-11-02 18:00:00,0.22267420207150276,0.9440809794989498,0.2484553020168096,0.12519158394075927
2023-11-02 19:00:00,0.1572148234769702,0.9596707359227263,0.18596881151199338,0.09804614844731985
2023-11-02 20:00:00,0.1215548990294337,0.9693641008707609,0.14250301729887724,0.08253315659239888
2023-11-02 21:00:00,0.1163572536036372,0.961991671025753,0.08285835557617247,0.04471084639895707
2023-11-02 22:00:00,0.18020367380231617,0.9610020871324972,0.0678409697720781,0.051028429483994844
2023-11-02 23:00:00,0.24653755515813824,0.8694942021505395,0.080634829797782,0.06870743957348167
2023-11-03 00:00:00,0.23508947649970646,0.6915458763458511,0.08580931569449603,0.07895913855172695
2023-11-03 01:00:00,0.18717953838407994,0.4725261686606842,0.07898753455840052,0.07510561499744652
2023-11-03 02:00:00,0.2227696265093982,0.3267973208156498,0.10494112056680024,0.09927345604170112
2023-11-03 03:00:00,0.22181573763489723,0.2251709292625839,0.1383935175836086,0.13904805621132255
2023-11-03 04:00:00,0.20068380210548636,0.16646970095959576,0.18675750695168966,0.1953566984925419
2023-11-03 05:00:00,0.20138096693903204,0.10961893121288581,0.22843123355880376,0.2054727003350854
2023-11-03 06:00:00,0.1967155285552144,0.04030283537439324,0.26108391022309657,0.23320174494758242
2023-11-03 07:00:00,0.19600013392046092,0.036660654240033834,0.24870823717676097,0.18123347312211988
2023-11-03 08:00:00,0.17987680693157015,0.03806994328105991,0.2398791087698191,0.17972569743171332
2023-11-03 09:00:00,0.14747025667689737,0.022815921177918263,0.23846302077174186,0.17230353652499614
2023-11-03 10:00:00,0.134274214124307,0.009587907466021452,0.22066002260893583,0.15674767357297242
2023-11-03 11:00:00,0.12031814835034307,0.012019179700450465,0.19583227030932907,0.1540697196871042
2023-11-03 12:00:00,0.14920965874567627,0.026407444832677193,0.21231005278415976,0.15829523169435558
2023-11-03 13:00:00,0.19801433226093643,0.06512549040669745,0.21260331111028788,0.14921239482238888
2023-11-03 14:00:00,0.2897872430644929,0.17332230280068786,0.25215887727215885,0.18683503623120482
2023-11-03 15:00:00,0.3592187815345823,0.3695750640739094,0.29503994375467296,0.22964934967458242
2023-11-03 16:00:00,0.4043703924119472,0.562589372762225,0.3237352766655385,0.2513817525282502
2023-11-03 17:00:00,0.3491891542077064,0.6720271374149756,0.31335276631638403,0.2860275137983262
2023-11-03 18:00:00,0.3596388305723667,0.9083514395085248,0.32513881554827084,0.2841041294299066
2023-11-03 19:00:00,0.3558255733922123,0.9949843548644671,0.3403019715473055,0.28187132282182575
2023-11-03 20:00:00,0.390291771441698,1.0,0.3447980755195022,0.24388583170250056
2023-11-03 21:00:00,0.38309657212346787,1.0,0.3427136232331395,0.2335359610803425
2023-11-03 22:00:00,0.3608794088847935,1.0,0.32727709636092184,0.21035986140370366
2023-11-03 23:00:00,0.29490327740088107,1.0,0.23758149908855555,0.1395150994416326
2023-11-04 00:00:00,0.15183540238067506,1.0,0.11094738817773761,0.04181098153349012
2023-11-04 01:00:00,0.08208511143922807,0.9991691642186858,0.05467533198650926,0.013583509502932429
2023-11-04 02:00:00,0.034441449185833334,0.9879394959590649,0.0183346462668851,0.004511458175256848
2023-11-04 03:00:00,0.01291403144132346,0.9504555354606022,0.008041570261120796,0.005740962121635676
2023-11-04 04:00:00,0.008159761563874783,0.9490735455805606,0.010460708863101902,0.018049651635810734
2023-11-04 05:00:00,0.0018066754983738066,0.8823650217327202,0.012400965616106988,0.02101534182671458
2023-11-04 06:00:00,0.005646290886215866,0.9220652676712384,0.010411011716350914,0.008882138091139496
2023-11-04 07:00:00,0.011996522690169514,0.9531188897382129,0.009692049105651678,0.002948799333535134
2023-11-04 08:00:00,0.01925109214615077,0.9831466466323896,0.005028256080113352,0.0011545274592936038
2023-11-04 09:00:00,0.030997242876328525,0.9965361860123547,0.00749815792310983,0.0005462941620498895
2023-11-04 10:00:00,0.054942059265449636,0.9972576705705035,0.014953459342941641,0.00035496954806149
2023-11-04 11:00:00,0.12817847874015567,0.9956411778926849,0.0371155174029991,0.002707906970754266
2023-11-04 12:00:00,0.17487492404878138,0.9840069859271701,0.07747887267265469,0.01579366472084075
2023-11-04 13:00:00,0.1788515576347709,0.9276063227382572,0.102640904863365,0.050668803565204146
2023-11-04 14:00:00,0.13741237265989184,0.9457587418231096,0.11980894761160014,0.10174475384876132
2023-11-04 15:00:00,0.11779343461617825,0.9670802905613726,0.12614089425653216,0.1033274094481021
2023-11-04 16:00:00,0.07400632741861046,0.9042793533883312,0.09634153373539449,0.09674545248039065
2023-11-04 17:00:00,0.01558658467140049,0.9189209153164518,0.055484269023872906,0.07256260572932662
2023-11-04 18:00:00,0.026508586150594055,0.8472517038881776,0.0998523553041741,0.1300543060712516
2023-11-04 19:00:00,0.05462387739680706,0.7978151908652348,0.1490716487728059,0.14353203810751436
2023-11-04 20:00:00,0.15060708994045852,0.7437152958593584,0.17487821297720071,0.14003258092328905
2023-11-04 21:00:00,0.2522018184512853,0.6307545626705342,0.24056290106847877,0.17061729130335154
2023-11-04 22:00:00,0.36501159979030484,0.656621070097793,0.31966388903558246,0.25109935320913795
2023-11-04 23:00:00,0.4842617778480052,0.8052273118089546,0.4271336776204407,0.348392875790596
2023-11-05 00:00:00,0.49214443594217294,0.9123084695095366,0.45175515335053207,0.3973046771995723
2023-11-05 01:00:00,0.37711039731279017,0.9728075964884325,0.4007451676949859,0.396403331272304
2023-11-05 02:00:00,0.3870473751239477,0.9851916200870818,0.3844184785522519,0.38526971625164147
2023-11-05 03:00:00,0.4258000922203063,0.9859472560747105,0.4090930305421352,0.41494940672069786
2023-11-05 04:00:00,0.4625160130858421,0.9972321152145213,0.5428705506026744,0.4961563931219279
2023-11-05 05:00:00,0.6334193808399139,0.99966103607958,0.697952315341681,0.6581066289171577
2023-11-05 06:00:00,0.7593343062885104,0.9990835112875159,0.7605015609972178,0.6731487467698752
2023-11-05 07:00:00,0.8513629115000366,0.9995065114985813,0.8019821930862964,0.6657410145550966
2023-11-05 08:00:00,0.835777642522007,0.9993727393312888,0.7323201166279614,0.5308599637262523
2023-11-05 09:00:00,0.78314859803766,0.9990930549935861,0.6749239905457942,0.4745336707960814
2023-11-05 10:00:00,0.6981061262637377,0.9955825334922834,0.6075025600846857,0.4740667631290853
2023-11-05 11:00:00,0.5307571794837713,0.9952200803567063,0.5167559118755161,0.4457192693371325
2023-11-05 12:00:00,0.40202089108526706,0.9990447575124827,0.43764953372068693,0.45988615673966704
2023-11-05 13:00:00,0.22028916905634102,0.9941628509488974,0.4157229654863477,0.5356349732540547
2023-11-05 14:00:00,0.0829609136050567,0.9871829188682817,0.3736674004979431,0.5595264429505914
2023-11-05 15:00:00,0.07026321291457861,0.9615647120231933,0.41426592972129583,0.6574109832663089
2023-11-05 16:00:00,0.06645481561776251,0.8971610630777748,0.4325326218549162,0.6308425787370651
2023-11-05 17:00:00,0.04935919483657926,0.9183592797273938,0.415505937775597,0.6012274992279707
2023-11-05 18:00:00,0.0817875426262617,0.9803569621525028,0.4162704717926681,0.5732074652798473
2023-11-05 19:00:00,0.15399537977762517,0.993489345935258,0.4198084410466253,0.5926380951888859
2023-11-05 20:00:00,0.2406339013110846,0.991979291506789,0.45455157252028583,0.5851210286282003
2023-11-05 21:00:00,0.31675446302630006,0.9921119053255428,0.485585592482239,0.5333631382416933
2023-11-05 22:00:00,0.2827308089844882,0.9991613863814961,0.4306547145266084,0.4563125305622815
2023-11-05 23:00:00,0.18194253811612723,0.9995233950289812,0.2642200591228902,0.3667045077495277
2023-11-06 00:00:00,0.09445851849392055,0.9713259216601199,0.13915405453648413,0.24761231384240093
2023-11-06 01:00:00,0.07260125966276973,0.991925997977907,0.16618442952632903,0.1368048706743866
2023-11-06 02:00:00,0.07235484612174332,0.999672927368771,0.16058987536467612,0.10038412815891207
2023-11-06 03:00:00,0.06988830115646123,0.9989214658737183,0.12774257579818366,0.06968761241529137
2023-11-06 04:00:00,0.06282803338952363,0.9988675889101895,0.08878761315718293,0.051611801409162585
2023-11-06 05:00:00,0.0732711941935122,0.9993488931926815,0.08390269938856364,0.03828253694809973
2023-11-06 06:00:00,0.030148869650438424,1.0,0.06912343761883676,0.03441715483088046
2023-11-06 07:00:00,0.010416337358765305,1.0,0.056382080330513416,0.03134663861710578
2023-11-06 08:00:00,0.007958444710820913,1.0,0.04621477304026484,0.02423090474214405
2023-11-06 09:00:00,0.008840976473875344,0.9992300562966954,0.05793907589744776,0.05466832879465073
2023-11-06 10:00:00,0.007817525924183428,0.9963815743814816,0.05762508782092481,0.08032870548777282
2023-11-06 11:00:00,0.0029701112490147356,0.9747195264155213,0.03436500330455601,0.07675438515376298
2023-11-06 12:00:00,0.0005191760184243321,0.9095900957557287,0.014612783216871322,0.06033914965577422
2023-11-06 13:00:00,0.0025713813491165635,0.81801308053461,0.010199269894510506,0.0508785682870075
2023-11-06 14:00:00,0.006800758833996951,0.7613930956612933,0.016858904748223724,0.057476787003688516
2023-11-06 15:00:00,0.022346007758751514,0.7254232425445857,0.021717617786489427,0.04570341898594052
2023-11-06 16:00:00,0.06659028440713882,0.6555462244017556,0.02881821692921221,0.02730960910208523
2023-11-06 17:00:00,0.05611067711375654,0.6880868401987984,0.016971645029261705,0.019477432016283276
2023-11-06 18:00:00,0.07449222198687494,0.6488240315020083,0.023332732962444428,0.022957024131901562
2023-11-06 19:00:00,0.07118703790940344,0.6289879738607188,0.03684798032045365,0.027474400703795254
2023-11-06 20:00:00,0.0593569283746183,0.6100919715518299,0.04512734923046082,0.0423479106882587
2023-11-06 21:00:00,0.06283158429898321,0.5374109940501776,0.05305050490889699,0.053090259912423804
2023-11-06 22:00:00,0.09112676101736725,0.5255586443705991,0.0652621537540108,0.05876857870258391
2023-11-06 23:00:00,0.10765329915098848,0.24312800527973602,0.0582918805256486,0.038879367131739846
2023-11-07 00:00:00,0.11995581954717634,0.11147006389769641,0.05430543926544487,0.029188521951436997
2023-11-07 01:00:00,0.10858069556765255,0.0767259466309439,0.049875399866141375,0.029227298777550453
2023-11-07 02:00:00,0.11087349349632857,0.042026326009495685,0.08434386585839092,0.055454083094373344
2023-11-07 03:00:00,0.1536912036314607,0.0299249955876307,0.1306086249090731,0.07908348405733706
2023-11-07 04:00:00,0.22607817374169822,0.01726857515221292,0.1678642838541418,0.10532600496895611
2023-11-07 05:00:00,0.22737571833655235,0.05272873923521149,0.16551633635535834,0.11810356530360878
2023-11-07 06:00:00,0.2851519459299743,0.21386158674278039,0.22672431809827678,0.16936777383089063
2023-11-07 07:00:00,0.3037094723992049,0.3077351922812787,0.3283569832704961,0.28912865599617366
2023-11-07 08:00:00,0.31501990601420393,0.37936292083425954,0.41829393070191145,0.36483755679801094
2023-11-07 09:00:00,0.4005818566679954,0.39767684362828715,0.4644302722811699,0.41689837783575057
2023-11-07 10:00:00,0.4398768804967404,0.3033697937361219,0.4987410777620971,0.43732088621705767
2023-11-07 11:00:00,0.47991138711571696,0.3226495095410129,0.5019954426586629,0.43323508167639374
2023-11-07 12:00:00,0.4498044472932815,0.5813244786858559,0.44166065240278835,0.40365584388375286
2023-11-07 13:00:00,0.40603062286973,0.8468531283871692,0.41894732890650627,0.37857464451342815
2023-11-07 14:00:00,0.4048784570395947,0.9701974539458753,0.40015090877190224,0.3302290994301438
2023-11-07 15:00:00,0.3913476800918579,0.9752872561731121,0.330613789781928,0.24836225082166488
2023-11-07 16:00:00,0.299087514616549,0.9714770566739819,0.26414207238703963,0.20474713508971035
2023-11-07 17:00:00,0.2953849286586046,0.8826819717071274,0.30657603748142714,0.2412593895755708
2023-11-07 18:00:00,0.23942455345764752,0.9370783382383258,0.2822644404508172,0.20969904631376263
2023-11-07 19:00:00,0.24470864417031402,0.9527586605061181,0.2780537307448685,0.18481970556080343
2023-11-07 20:00:00,0.2542431826144456,0.9631971754404631,0.25579972072504464,0.13030127331614494
2023-11-07 21:00:00,0.20559087564237413,0.9768977949429641,0.2453639473859221,0.10678102753125128
2023-11-07 22:00:00,0.11268477049656211,0.984218283390457,0.21714537632651626,0.08922878885641694
2023-11-07 23:00:00,0.027985087367706003,0.973274751143022,0.11334015010856092,0.06042482313234358
2023-11-08 00:00:00,0.005938614350743591,0.9426546632295305,0.03226812453940511,0.04566010490991176
2023-11-08 01:00:00,0.0014414275903254746,0.8961821292069825,0.014130850289948286,0.03842960785608738
2023-11-08 02:00:00,0.0019805933302268386,0.8406335720284417,0.03838662941008807,0.05863073522690683
2023-11-08 03:00:00,0.017054654671810568,0.89136330795559,0.09028505685739217,0.12372211351059376
2023-11-08 04:00:00,0.099882806353271,0.9364893314648758,0.17218777150847017,0.1974429692048579
2023-11-08 05:00:00,0.1968972001969814,0.962247886048122,0.2700959940720349,0.2643776353821158
2023-11-08 06:00:00,0.1419052159320563,0.9815313730727542,0.2038594130706042,0.14219631500542165
2023-11-08 07:00:00,0.09691572284325957,0.9978659723292698,0.1709203750733286,0.1313293818105012
2023-11-08 08:00:00,0.21029888229444624,1.0,0.1643212291039526,0.1912803478725254
2023-11-08 09:00:00,0.6425862458627672,1.0,0.31361160257831217,0.34122373274527484
2023-11-08 10:00:00,0.9784743955917655,1.0,0.6417867774888873,0.6519973054155707
2023-11-08 11:00:00,0.9898562811873853,0.9994152901389384,0.9738360470905899,0.8822201748937368
2023-11-08 12:00:00,0.974455986637622,0.9868894671310077,0.9805040055140852,0.821354391928762
2023-11-08 13:00:00,0.993875931315124,0.92504931605675,0.977697089072317,0.7444629954919219
2023-11-08 14:00:00,0.9996309809014201,0.7867573326148771,0.9663554034009577,0.7670401384122668
2023-11-08 15:00:00,0.9966727332398295,0.6487261160192165,0.9619890419021249,0.7728478094004093
2023-11-08 16:00:00,0.9883107764832676,0.6776647300069981,0.9422070039995015,0.7136540003679691
2023-11-08 17:00:00,0.9766215366311372,0.708257314075123,0.9277072826772929,0.646202407889068
2023-11-08 18:00:00,0.847759196460247,0.9271640937707641,0.8045537950471044,0.5160704076476395
2023-11-08 19:00:00,0.8725301938876509,0.9887847762622616,0.7499912261590359,0.5053296246938406
2023-11-08 20:00:00,0.8932335148937999,0.9929261466860771,0.7746113396808503,0.564395846761763
2023-11-08 21:00:00,0.9472526297159493,0.9945966308496217,0.8417412789911032,0.6078148613683878
2023-11-08 22:00:00,0.9873783195577561,0.9989000833847306,0.8589199863933027,0.616429838873446
2023-11-08 23:00:00,0.9971111366152764,1.0,0.9010307443328202,0.6603981574252247
2023-11-09 00:00:00,0.9655073792859912,0.9974824361096729,0.9007938526943327,0.6043280553072691
2023-11-09 01:00:00,0.9829352329112591,0.9999595867503772,0.8505230049788952,0.45726771166548125
2023-11-09 02:00:00,0.9993672256544233,1.0,0.9198436107113956,0.5880363111384214
2023-11-09 03:00:00,1.0,1.0,0.9709419149532914,0.7250824342295527
2023-11-09 04:00:00,1.0,1.0,0.9977708952128888,0.8262148692272603
2023-11-09 05:00:00,1.0,0.999561807513237,0.9932646736875177,0.8981512103788554
2023-11-09 06:00:00,1.0,1.0,0.9998191525042057,0.9167549772188065
2023-11-09 07:00:00,1.0,1.0,0.9999807711318135,0.9089457989856601
2023-11-09 08:00:00,1.0,1.0,0.9989237647503615,0.8858621815405785
2023-11-09 09:00:00,1.0,0.9905241427367385,0.9958826298825443,0.8533620322123168
2023-11-09 10:00:00,1.0,0.9678581925820219,0.9963542993552983,0.900869586262852
2023-11-09 11:00:00,1.0,0.9273848418891429,0.9989989380165935,0.9404507975652815
2023-11-09 12:00:00,0.9876559724844992,0.855143584297462,0.9918586808815598,0.9077848377823831
2023-11-09 13:00:00,0.9238246178068218,0.7660538919676433,0.9474448421038687,0.8402902924083173
2023-11-09 14:00:00,0.8007956856675446,0.6471124090796168,0.846749433018267,0.7087834957428275
2023-11-09 15:00:00,0.7121265543065964,0.5947882291810079,0.7655631556734441,0.6176637897640463
2023-11-09 16:00:00,0.6269742039404806,0.6479688562588257,0.68569372234866,0.5069595023989677
2023-11-09 17:00:00,0.4993833521008492,0.4969167170064015,0.564382783975452,0.3914490265958011
2023-11-09 18:00:00,0.4335886858403682,0.5483225076442415,0.5092437021434307,0.41623966664075845
2023-11-09 19:00:00,0.2728105350770056,0.6163233714076604,0.3830055385641753,0.4024848240986466
2023-11-09 20:00:00,0.1472375252842903,0.7363269146328623,0.21904279267415405,0.3682258316501974
2023-11-09 21:00:00,0.08036739064380528,0.8393826063519172,0.11658575660083442,0.25991992157883936
2023-11-09 22:00:00,0.060561691941693425,0.9085555720193818,0.0660401876224205,0.1738019920978695
2023-11-09 23:00:00,0.05808072172570974,0.8780294731530275,0.06888053042814136,0.11218549098819494
2023-11-10 00:00:00,0.016391268712468446,0.6122782099924303,0.027506728889420635,0.034349022340029484
2023-11-10 01:00:00,0.0026892281556501986,0.5881800565259021,0.006676581809297206,0.011281959894113245
2023-11-10 02:00:00,0.0022791483625769614,0.575768522511829,0.0030344600742682817,0.005995833966881038
2023-11-10 03:00:00,0.0021481135860085486,0.5611305071007122,0.002181557738222182,0.002808769238181412
2023-11-10 04:00:00,0.0010591975320130586,0.5765327323566783,0.0008268937282264233,0.0008093159180134534
2023-11-10 05:00:00,0.016674142256379126,0.42411393332210445,0.007488634060136974,0.0039053358091041446
2023-11-10 06:00:00,0.08596348056569694,0.36243495063348247,0.055703771831467755,0.05540617869235575
2023-11-10 07:00:00,0.23735876761376853,0.3177032009173523,0.18396665836684406,0.2128090574312955
2023-11-10 08:00:00,0.41603419387713075,0.3570720764046365,0.3285201763175427,0.35439663294702767
2023-11-10 09:00:00,0.547451368253678,0.311548497270454,0.4454105569422245,0.4515225497260689
2023-11-10 10:00:00,0.6963446118682621,0.3038714174248955,0.5590873182937502,0.5332254153676329
2023-11-10 11:00:00,0.7936966964229942,0.4200527823784135,0.6462685723230241,0.5705428021401165
2023-11-10 12:00:00,0.8552027054317295,0.4665967935459181,0.7176702392287551,0.6357043378427623
2023-11-10 13:00:00,0.8846678325906395,0.48024264247579995,0.7407053008489308,0.6893593726307151
2023-11-10 14:00:00,0.8902416783943772,0.5628760421953417,0.7423757686465977,0.714247287791222
2023-11-10 15:00:00,0.8696006602607668,0.604346225180409,0.7226282623223959,0.7235940998420118
2023-11-10 16:00:00,0.8750871783681216,0.6245175231586801,0.7321045977249739,0.7509133468568323
2023-11-10 17:00:00,0.9193978651054204,0.6124002182483671,0.7799193594232201,0.7940939778462052
2023-11-10 18:00:00,0.9288104068115353,0.6864504163238133,0.7963038418442009,0.8082196032628417
2023-11-10 19:00:00,0.952590376380831,0.7979320350560273,0.8388779607415199,0.8352660462260246
2023-11-10 20:00:00,0.9765005647204816,0.8542616601288319,0.8859014504030346,0.8587186935916542
2023-11-10 21:00:00,0.9906465739011765,0.8581090644408356,0.9258822625316678,0.8500111044384537
2023-11-10 22:00:00,0.9957915795221924,0.9209912358901717,0.9369203043170273,0.7972400610707698
2023-11-10 23:00:00,0.9835619340464471,0.9727320945398374,0.9002644728496672,0.6819773012958465
2023-11-11 00:00:00,0.9251449637673794,0.9560003588551825,0.8185627337545155,0.5675865651108325
2023-11-11 01:00:00,0.7034603373892604,0.9621196918460456,0.5957542954944074,0.3630930742248892
2023-11-11 02:00:00,0.5928170393966138,0.9958220880546352,0.5626005946472287,0.31075896418653426
2023-11-11 03:00:00,0.42287842533551145,0.9996531808647243,0.4669489727355539,0.25538277793675657
2023-11-11 04:00:00,0.2948726571444422,1.0,0.40132781284861263,0.2407405988499522
2023-11-11 05:00:00,0.1332037623692304,0.9988971126350489,0.28604227004572746,0.20511082383804022
2023-11-11 06:00:00,0.1362614225503057,0.9994554118405689,0.29856346756219865,0.1917675050161779
2023-11-11 07:00:00,0.1620692307129502,1.0,0.35785404285416006,0.25656678663566707
2023-11-11 08:00:00,0.2314623207133263,1.0,0.46127778817899523,0.42964350940659646
2023-11-11 09:00:00,0.346104075461626,1.0,0.5595907003246247,0.6130156434327364
2023-11-11 10:00:00,0.41884275281801825,1.0,0.6486909149028359,0.796874295324087
2023-11-11 11:00:00,0.5243733490444719,1.0,0.7414842800796031,0.8614416989684105
2023-11-11 12:00:00,0.5957290648855268,1.0,0.7758704630471767,0.8657605436630545
2023-11-11 13:00:00,0.7366724069602788,0.9999222755161199,0.8335710821859538,0.8423514443822204
2023-11-11 14:00:00,0.7134174076095222,1.0,0.808325775451958,0.794740757793188
2023-11-11 15:00:00,0.777143515497446,1.0,0.8541610530577598,0.8718930219486355
2023-11-11 16:00:00,0.9055658187158406,1.0,0.9137759817205369,0.871493335943669
2023-11-11 17:00:00,0.9581501857750118,1.0,0.9615285388752817,0.9351560452766717
2023-11-11 18:00:00,0.9748419696092604,0.9545454545454546,0.9767727586999535,0.9560464934073388
2023-11-11 19:00:00,0.9942989029549062,1.0,0.9937310012802482,0.9793208656646311
2023-11-11 20:00:00,0.9993168308585882,0.9090909090909091,0.9982473706454038,0.9929075020365417
2023-11-11 21:00:00,1.0,0.9090909090909091,0.9995115286111832,0.9957963045686483
2023-11-11 22:00:00,0.9995593433454633,0.9090909090909091,0.9994877589866519,0.9999113393574953
2023-11-11 23:00:00,1.0,0.9090909090909091,0.9997592658177018,0.9999184164777398
2023-11-12 00:00:00,1.0,0.9545454545454546,1.0,1.0
2023-11-12 01:00:00,1.0,0.9545454545454546,0.9998976885899902,0.9986530539765954
2023-11-12 02:00:00,1.0,0.9090909090909091,1.0,0.9982227365672588
2023-11-12 03:00:00,0.9985637321695685,0.9545454545454546,0.9991376742720603,0.9997142097353935
2023-11-12 04:00:00,1.0,0.9994870648329908,1.0,1.0
2023-11-12 05:00:00,0.9966538482531906,0.9545454545454546,1.0,0.9995881799980998
2023-11-12 06:00:00,0.9977404930442572,1.0,1.0,1.0
2023-11-12 07:00:00,0.9816625299677253,1.0,0.9996585332229734,1.0
2023-11-12 08:00:00,0.9681347131170333,1.0,0.9994585632532835,1.0
2023-11-12 09:00:00,0.9803437419049442,1.0,1.0,1.0
2023-11-12 10:00:00,0.941059788595885,1.0,0.993101811222732,0.9976079504564405
2023-11-12 11:00:00,0.9531153101287783,1.0,0.9863260884955525,1.0
2023-11-12 12:00:00,0.9993228383362293,1.0,0.9970278754830361,1.0
2023-11-12 13:00:00,1.0,1.0,1.0,0.9984491151198744
2023-11-12 14:00:00,1.0,1.0,1.0,0.9992685316503047
2023-11-12 15:00:00,1.0,1.0,1.0,0.9987237605825067
2023-11-12 16:00:00,1.0,1.0,0.9995458654686808,0.9872420560754835
2023-11-12 17:00:00,0.9993892150744796,0.999909798367457,0.9990184442698955,0.9888042532093823
2023-11-12 18:00:00,0.9843294712156058,1.0,0.9799951636791229,0.8922428580932319
2023-11-12 19:00:00,0.8743041283078491,1.0,0.8594222781062126,0.6446680492162703
2023-11-12 20:00:00,0.6760397513024508,1.0,0.6547597930021584,0.4716029646806418
2023-11-12 21:00:00,0.5599353351071477,1.0,0.5524335345812141,0.4404305630177258
2023-11-12 22:00:00,0.559082084801048,1.0,0.5724936570599674,0.5072189619764685
2023-11-12 23:00:00,0.5273802915774285,1.0,0.4960060993954539,0.48530747460201384
2023-11-13 00:00:00,0.4712217856571077,0.9800057126717134,0.3496646586991846,0.32067862160503857
2023-11-13 01:00:00,0.288058142689988,0.8893632425232368,0.16337471500970419,0.1238326126616448
2023-11-13 02:00:00,0.14589908516965802,0.7477380783314054,0.10770742448046804,0.08672332033049313
2023-11-13 03:00:00,0.1422551668714732,0.5105637506463311,0.10960727822966873,0.09974527826532721
2023-11-13 04:00:00,0.14917222938500344,0.30599022763019257,0.1410591482464224,0.12905103154480457
2023-11-13 05:00:00,0.10021565170958636,0.13464898784729565,0.12400336728431285,0.10072440546937285
2023-11-13 06:00:00,0.0968129428010434,0.05299719126048412,0.09219554355368018,0.05008917415514589
2023-11-13 07:00:00,0.13179839384742079,0.10137643379243934,0.08195022589527069,0.076181632517837
2023-11-13 08:00:00,0.18918080395087591,0.269518000673164,0.18064650352112946,0.2902361423335969
2023-11-13 09:00:00,0.32423780534416435,0.3744180337271907,0.40526242906227705,0.5190730915777384
2023-11-13 10:00:00,0.48297543542459603,0.4420181612602688,0.5503291196376086,0.6014876344427466
2023-11-13 11:00:00,0.6176476091332732,0.4884383026036348,0.5905318476259708,0.5782861818000673
2023-11-13 12:00:00,0.7548039159737527,0.5422623649544337,0.6504178231582044,0.5892449302226305
2023-11-13 13:00:00,0.8063832992687822,0.5961872488361867,0.7297778636589644,0.6908620282635093
2023-11-13 14:00:00,0.8793497596681118,0.6259678258577529,0.8158884122967719,0.7955774346366523
2023-11-13 15:00:00,0.9244856599532068,0.6169142837957904,0.8762067686766385,0.8566447113640604
2023-11-13 16:00:00,0.9667155963182449,0.6125920268012718,0.9366967826895415,0.8883882947452365
2023-11-13 17:00:00,0.9980435552820562,0.67863165916367,0.9847552082873882,0.9343739385344086
2023-11-13 18:00:00,1.0,0.7043123556673524,0.987396020181477,0.9484882202558218
2023-11-13 19:00:00,1.0,0.7188708777454764,0.9802448871731758,0.9300081388279794
2023-11-13 20:00:00,0.9997893982008099,0.7536329874938182,0.9670864289812744,0.8914007887616752
2023-11-13 21:00:00,0.9994641451537608,0.8079827609929172,0.9635031272470952,0.8653866019845008
2023-11-13 22:00:00,0.9986055888235569,0.8526925763352349,0.9666143391281367,0.8875511662475764
2023-11-13 23:00:00,0.9795341162383555,0.8308333377946507,0.9311453453637657,0.8867689284868537
2023-11-14 00:00:00,0.9396194368600846,0.7905771893669257,0.9073326839134096,0.910205969698727
2023-11-14 01:00:00,0.8106482452712953,0.7724237359247422,0.8250041372328997,0.8932213447801769
2023-11-14 02:00:00,0.7556209515407679,0.6449202372811057,0.801083716414869,0.8767799215950072
2023-11-14 03:00:00,0.7742023276351392,0.7245830485495653,0.8764666040055452,0.930110895242542
2023-11-14 04:00:00,0.874395618699491,0.9046506150202318,0.9504498160444199,0.9841236046142875
2023-11-14 05:00:00,0.799267349485308,0.9976573676683685,0.9219890542328356,0.971108830459416
2023-11-14 06:00:00,0.8838810756802559,0.9993270519646732,0.9653254480287433,0.9881275218725204
2023-11-14 07:00:00,0.9746255866810679,1.0,0.9991622133553029,0.9991507094725967
2023-11-14 08:00:00,0.9689815470017493,1.0,1.0,1.0
2023-11-14 09:00:00,0.9406710089743137,1.0,1.0,1.0
2023-11-14 10:00:00,0.9992254153639079,1.0,1.0,0.998898351714015
2023-11-14 11:00:00,0.9776296140998603,1.0,0.9825518475472926,0.9399677438661456
2023-11-14 12:00:00,0.9191689683683215,1.0,0.9111821399815381,0.8296148108132184
2023-11-14 13:00:00,0.9344229254312811,1.0,0.8284828192368149,0.7847273568622768
2023-11-14 14:00:00,0.9244710279814898,1.0,0.825520484689623,0.7003349652513859
2023-11-14 15:00:00,0.8935780666582287,1.0,0.7638588927686215,0.6225499949418006
2023-11-14 16:00:00,0.8707863373868167,1.0,0.7155730263888834,0.558862587865442
2023-11-14 17:00:00,0.9123489885777236,0.9985691805590284,0.8051934006623924,0.6844575346820053
2023-11-14 18:00:00,0.7978988592140375,0.9991528002240441,0.676515510957688,0.6323374987021089
2023-11-14 19:00:00,0.6108761970326302,0.9985388125885617,0.5434040133841336,0.5130164233874529
2023-11-14 20:00:00,0.48802203964442015,0.9979289591312408,0.40900648791342975,0.45416367905214433
2023-11-14 21:00:00,0.6255543125234543,0.9983824083344502,0.5187755513377488,0.544874073266983
2023-11-14 22:00:00,0.652116537503898,0.9987988499077883,0.6621227618306874,0.6989390786178411
2023-11-14 23:00:00,0.6618354074098167,0.9993569791587916,0.7042599128745496,0.8219540873542426
2023-11-15 00:00:00,0.7282242230139673,0.998588707365773,0.771717114355415,0.8636494297347961
2023-11-15 01:00:00,0.7136268319375813,1.0,0.7512715210206805,0.771333604492247
2023-11-15 02:00:00,0.7673045401647689,1.0,0.8211559833213687,0.759219027943909
2023-11-15 03:00:00,0.7628380128554999,1.0,0.7890162956342099,0.6903985428437589
2023-11-15 04:00:00,0.6570206441916524,0.9984701813621956,0.7089561822451649,0.5230372492410241
2023-11-15 05:00:00,0.3810375679470599,0.9588625681400298,0.3690201543457806,0.1995318364072591
2023-11-15 06:00:00,0.24754743411205704,0.959607167230411,0.20265244067646565,0.09223861128557473
2023-11-15 07:00:00,0.3166056747920811,0.9369215424765241,0.20660642606206236,0.1402915561106056
2023-11-15 08:00:00,0.49774830769747497,0.9013191958042707,0.40152822321280823,0.46202131954953074
2023-11-15 09:00:00,0.7915687274746596,0.8973783895508809,0.6837475934065876,0.7080729005672036
2023-11-15 10:00:00,0.8973542276769876,0.9125943017547781,0.7937821630574762,0.7765613713674245
2023-11-15 11:00:00,0.929925624486059,0.9614762463217431,0.8616971320100127,0.7811319535225629
2023-11-15 12:00:00,0.9219110188633203,0.9739593801037831,0.864965091254562,0.7773075985349714
2023-11-15 13:00:00,0.9014471025578676,0.9622129432721571,0.9066130445338785,0.8347628459893167
2023-11-15 14:00:00,0.9091899455524981,0.9624336344951933,0.9168265870213507,0.8279727732390166
2023-11-15 15:00:00,0.917309963814914,0.954071428978985,0.8705021680891512,0.7434318590722977
2023-11-15 16:00:00,0.9352881309576332,0.9127311893213879,0.8334198680333793,0.6657076495885849
2023-11-15 17:00:00,0.8911856577172875,0.8279571716893802,0.7713165235891938,0.6459399456903336
2023-11-15 18:00:00,0.8680818990990518,0.6810913207856092,0.7288026909902691,0.5728343760967255
2023-11-15 19:00:00,0.8722825505025684,0.5176536882668734,0.7189148737490174,0.5751160083524882
2023-11-15 20:00:00,0.7406678110733628,0.33976921485228967,0.6739244805090128,0.5058505067601801
2023-11-15 21:00:00,0.4981254591047765,0.1899266657605767,0.4680054888129234,0.34201137805357573
2023-11-15 22:00:00,0.3372828931547701,0.09143491602079434,0.3033636564388871,0.20656352814286943
2023-11-15 23:00:00,0.23201501509174705,0.07764047866179183,0.15756778340786695,0.08967264119535681
2023-11-16 00:00:00,0.148129306724295,0.1402201234075156,0.07347757308743895,0.029373055128380655
2023-11-16 01:00:00,0.05573328895960003,0.11160301805558531,0.03601362048182637,0.01386581204365939
2023-11-16 02:00:00,0.11187980737537145,0.08807084321637043,0.058166505321860316,0.03400369059760123
2023-11-16 03:00:00,0.1663654826767742,0.08161366197534582,0.11093323375098406,0.09615679426118731
2023-11-16 04:00:00,0.15352894246578216,0.05999862075867977,0.14334056595340366,0.18027068295516072
2023-11-16 05:00:00,0.20067431971430774,0.05795616552233696,0.15287384971044954,0.16092488899827004
2023-11-16 06:00:00,0.1698030817508697,0.04014684654094956,0.23786403506994247,0.3181597470212728
2023-11-16 07:00:00,0.13753783854655918,0.01489790060303428,0.3138612370472401,0.4102213059645146
2023-11-16 08:00:00,0.090791286425665,0.04158276151865722,0.24911714036017651,0.38901087171398097
2023-11-16 09:00:00,0.12140566936694086,0.1650473755496469,0.20889798211865124,0.3225626565422863
2023-11-16 10:00:00,0.19289007816463702,0.3007846127789129,0.16558935726061463,0.1686025611683726
2023-11-16 11:00:00,0.1799782894179225,0.3988274180211804,0.1934700780920684,0.15513261916115878
2023-11-16 12:00:00,0.19044975417666132,0.43470296072688974,0.22699944804422553,0.1781321581080556
2023-11-16 13:00:00,0.1648073581140488,0.3886899051612074,0.1897590878419578,0.16636787323281163
2023-11-16 14:00:00,0.14347962112165985,0.3139408629116687,0.1578664861153811,0.1738798153400421
2023-11-16 15:00:00,0.1738494301121682,0.2109926369108937,0.15630302088335157,0.20322773405350744
2023-11-16 16:00:00,0.25440866908058524,0.11577003274451601,0.19085918812081218,0.23566511417739094
2023-11-16 17:00:00,0.4504063050448895,0.03063648424365303,0.3310517788678407,0.2988954888470471
2023-11-16 18:00:00,0.5241519731283188,0.022514524883167308,0.4236188820004463,0.33158642239868635
2023-11-16 19:00:00,0.5653439523093402,0.028049285228956836,0.4724487017095089,0.3806499055586755
2023-11-16 20:00:00,0.6480284890532491,0.12749406772581012,0.5148673180118203,0.4397368606179952
2023-11-16 21:00:00,0.7731282462924717,0.3138363792747259,0.5929161351546643,0.516315885297954
2023-11-16 22:00:00,0.8842371555231511,0.512966635538773,0.6852633328363298,0.6542648369260132
2023-11-16 23:00:00,0.8908640610612929,0.7404384844140574,0.6958817972801625,0.6393330246955156
2023-11-17 00:00:00,0.8683805740438402,0.7636427235603331,0.6085952411592006,0.5437821999751029
2023-11-17 01:00:00,0.8187348674051464,0.7033985730328343,0.6793529778160153,0.5618537508882581
2023-11-17 02:00:00,0.8483742046914995,0.7681871598823503,0.7969072792306541,0.5928901273943482
2023-11-17 03:00:00,0.7907416102290152,0.8073680474676869,0.7499149098992347,0.5287595905363558
2023-11-17 04:00:00,0.7045614342391489,0.8135901206189935,0.6765467916242777,0.4825326153635978
2023-11-17 05:00:00,0.6762301525473592,0.9783658688447692,0.6042378289252517,0.42721722390502687
2023-11-17 06:00:00,0.8158900862745941,0.9990181216326627,0.6875609856471419,0.515302112158388
2023-11-17 07:00:00,0.9479135306365785,1.0,0.8490802568010986,0.6964741176553068
2023-11-17 08:00:00,0.9854476339742541,1.0,0.9342001310549677,0.7743613750301299
2023-11-17 09:00:00,0.9867684355005619,1.0,0.9658768485113978,0.8179668402671814
2023-11-17 10:00:00,0.9845184223353861,1.0,0.9708131239749491,0.8627163865976035
2023-11-17 11:00:00,0.9983371446281671,1.0,0.9882186846807599,0.8990310162305831
2023-11-17 12:00:00,0.9955237242951989,1.0,0.9842762063257395,0.8560280139930545
2023-11-17 13:00:00,0.9563735799491406,1.0,0.9462298812158406,0.7720763665810225
2023-11-17 14:00:00,0.8915258570015432,1.0,0.8738511949218808,0.6686141039617358
2023-11-17 15:00:00,0.7056132224574683,1.0,0.6932930401340126,0.5234237899258732
2023-11-17 16:00:00,0.5567941940389574,1.0,0.5554432450979947,0.49794883713126176
2023-11-17 17:00:00,0.39873766606673594,1.0,0.43599048890173436,0.3680366154201328
2023-11-17 18:00:00,0.38224935034289953,1.0,0.43248669784516103,0.3128096693567931
2023-11-17 19:00:00,0.3213525880500674,1.0,0.3557418193481863,0.2711986845172941
2023-11-17 20:00:00,0.3553454099781811,1.0,0.3640805135108531,0.3555724834837019
2023-11-17 21:00:00,0.3985295880399644,1.0,0.46975985657423736,0.38042870856821537
2023-11-17 22:00:00,0.27167684648185964,0.9996735298091715,0.3540093728527426,0.2971988052129745
2023-11-17 23:00:00,0.2215307686757296,0.9988758227229119,0.23412307349964975,0.23081595111638303
2023-11-18 00:00:00,0.2674601321294904,0.997292881892486,0.1974215855449438,0.18981350729241966
2023-11-18 01:00:00,0.26802633835002776,0.9911715374616059,0.14442874083295465,0.10940833937376737
2023-11-18 02:00:00,0.23679671219550072,0.9784729842841624,0.12425265342928468,0.07903660690411923
2023-11-18 03:00:00,0.24892956605181094,0.953325552127578,0.129983781715855,0.06691930627450346
2023-11-18 04:00:00,0.2743060479126871,0.9466274731538511,0.164132702993229,0.08619787398725748
2023-11-18 05:00:00,0.2607602064497768,0.9578865473243322,0.2256001954711973,0.16467276492156085
2023-11-18 06:00:00,0.40834964394569406,0.9796450088511812,0.4271885138563812,0.36311372360214594
2023-11-18 07:00:00,0.591520079448819,0.983552949238907,0.6229555222578346,0.5585252314805983
2023-11-18 08:00:00,0.7833154851570725,0.9811483742567624,0.7804984839074312,0.7153825000301001
2023-11-18 09:00:00,0.8794826549477874,0.9703614710271355,0.8330631961487234,0.7235442775674163
2023-11-18 10:00:00,0.9401073725149036,0.9681786626712842,0.8543746327795088,0.6780876614898441
2023-11-18 11:00:00,0.9536963598616421,0.9617629986865953,0.8405095055326819,0.5984869555011391
2023-11-18 12:00:00,0.9313920028135179,0.9643484148518606,0.8114347597025333,0.5423863241635262
2023-11-18 13:00:00,0.8417819780856372,0.9646087710152972,0.7425340159237386,0.4769784695841371
2023-11-18 14:00:00,0.6681935243308541,0.9630013767968525,0.6507284087873995,0.4087463032454252
2023-11-18 15:00:00,0.38040581194683915,0.9469566377184606,0.49786112939938904,0.31364943232387305
2023-11-18 16:00:00,0.19703549087047575,0.9193473853848196,0.3787811920978128,0.24989884529262782
2023-11-18 17:00:00,0.0764904887136072,0.9493129248375243,0.3258621461689472,0.2665169239137321
2023-11-18 18:00:00,0.08975754091981798,0.9487775842845441,0.3731533631309867,0.34784631062299015
2023-11-18 19:00:00,0.14863625795580446,0.9292013381421566,0.34396030429750685,0.34679540945217
2023-11-18 20:00:00,0.35424727166071535,0.886973594670946,0.38933125365525484,0.29644281556829805
2023-11-18 21:00:00,0.5359770626015958,0.8569893262603064,0.4464718260988593,0.2807305330224335
2023-11-18 22:00:00,0.6145229714363811,0.901484383602034,0.500818849299103,0.34504630954936144
2023-11-18 23:00:00,0.667263999711722,0.9256717836992305,0.5210802432149648,0.3953194242529571
2023-11-19 00:00:00,0.6125828792527318,0.9118825008110568,0.4214376741275191,0.3080792813189327
2023-11-19 01:00:00,0.4686867095716298,0.8405465731160205,0.3035951774008572,0.24423307832330468
2023-11-19 02:00:00,0.47041855430230495,0.6718037028068844,0.347581305578351,0.28598190563730896
2023-11-19 03:00:00,0.5458883970603347,0.5963416539945384,0.3914749031700193,0.3211640818882734
2023-11-19 04:00:00,0.6622776411846277,0.6057323936034332,0.4604131717421114,0.37001307016238566
2023-11-19 05:00:00,0.8889397689141332,0.8385692823068659,0.7278898901492357,0.5832745687849817
2023-11-19 06:00:00,0.9779537604935467,0.8993937944011254,0.9300578393600879,0.8231372123397885
2023-11-19 07:00:00,0.9979396042600274,0.9737824038890275,0.986068037673831,0.923322672471404
2023-11-19 08:00:00,0.9997140083462001,0.9936786239797418,0.9910789849981666,0.9441749889217317
2023-11-19 09:00:00,0.9977185017243029,0.9948136646774685,0.9862201462872326,0.9321123050898313
2023-11-19 10:00:00,0.9945254133641719,0.9923938595435838,0.9806570649705828,0.9046636980213225
2023-11-19 11:00:00,0.9896846187487244,0.9862859821048648,0.9673776307329535,0.8490297989547253
2023-11-19 12:00:00,0.9710630129091441,0.9789753083884716,0.947455242741853,0.796139726359397
2023-11-19 13:00:00,0.9589617317914962,0.9721479176662183,0.940584444683045,0.7709885269403456
2023-11-19 14:00:00,0.9431477530673145,0.9538354867154901,0.9322637750022114,0.7496823163144289
2023-11-19 15:00:00,0.9282601934671401,0.918165881484747,0.9308570140413939,0.7506597717665134
2023-11-19 16:00:00,0.9074128313176333,0.8874207214062864,0.9169804841466247,0.7030669081956146
2023-11-19 17:00:00,0.8191437159478664,0.9290108633447777,0.8661317675374449,0.6645653656683861
2023-11-19 18:00:00,0.7599781171232461,0.9334709325297311,0.8369893876649438,0.6776152239553629
2023-11-19 19:00:00,0.7137845326960086,0.9627230287952856,0.7759781672619283,0.6144345228374003
2023-11-19 20:00:00,0.6666657310351727,0.9682970789887687,0.7117645660974086,0.5710365434549747
2023-11-19 21:00:00,0.6319067204743621,0.9445588758994233,0.6895142601430414,0.5936698723584413
2023-11-19 22:00:00,0.5627961303666232,0.9260945983095602,0.6658538344129918,0.557932004313916
2023-11-19 23:00:00,0.4841341619193554,0.9333293303440917,0.5699305268563329,0.447475405242294
2023-11-20 00:00:00,0.3764114979468286,0.9561257323622702,0.3964957974106074,0.29946357602253554
2023-11-20 01:00:00,0.21677170680835842,0.9158939335833897,0.22891411889344448,0.1701808396633714
2023-11-20 02:00:00,0.17346618410199882,0.9940014817227016,0.19957935117185113,0.15719440246000885
2023-11-20 03:00:00,0.1619455248862505,1.0,0.19202324759215114,0.15854260970838366
2023-11-20 04:00:00,0.15261516625061633,1.0,0.18403846042230726,0.1539122892729938
2023-11-20 05:00:00,0.20674783321097487,1.0,0.2784791795536875,0.2501487346179783
2023-11-20 06:00:00,0.277592567820102,1.0,0.3799053922854363,0.351587962731719
2023-11-20 07:00:00,0.37508970150724047,1.0,0.49760580983012914,0.5109903934225439
2023-11-20 08:00:00,0.560190059840679,1.0,0.6371216748841105,0.681319940071553
2023-11-20 09:00:00,0.5950900161638855,1.0,0.7071885684505104,0.829397421851754
2023-11-20 10:00:00,0.6968987453356383,1.0,0.7723981575109062,0.9305201843380928
2023-11-20 11:00:00,0.9114038346707822,1.0,0.8642303343117236,0.946133191883564
2023-11-20 12:00:00,0.9985389157012104,1.0,0.9755489055626094,0.9733317890018225
2023-11-20 13:00:00,1.0,1.0,1.0,0.9975359557196498
2023-11-20 14:00:00,1.0,1.0,1.0,0.99395951224491
2023-11-20 15:00:00,1.0,1.0,0.9982587985321879,0.9012820797599851
2023-11-20 16:00:00,1.0,0.9989371569590134,0.9682069338858128,0.7791934332065282
2023-11-20 17:00:00,1.0,1.0,0.9479186517000198,0.844701391607523
2023-11-20 18:00:00,1.0,0.9976448034698312,0.9806596801243722,0.915604375693947
2023-11-20 19:00:00,1.0,0.9808138942718506,0.9975729296356439,0.8995115957595408
2023-11-20 20:00:00,1.0,0.9433095493506302,0.9979411070793867,0.8737975016236305
2023-11-20 21:00:00,1.0,0.8730736153098668,0.9888653891533613,0.7938510304130614
2023-11-20 22:00:00,0.9988922511413693,0.8045721334354443,0.9634534629993141,0.7029990522004664
2023-11-20 23:00:00,0.99037926774472,0.6896117419952696,0.9337312483415007,0.643184261638671
2023-11-21 00:00:00,0.8089718370325862,0.49724723009900623,0.6840469524264334,0.3652957212086767
2023-11-21 01:00:00,0.9432568568363786,0.38029691647399544,0.8077893898449837,0.3984366262890398
2023-11-21 02:00:00,0.8570106165669859,0.42531519668346096,0.7314741379022598,0.34175275240093456
2023-11-21 03:00:00,0.7471233243495223,0.47629807338795865,0.5571171547286213,0.2268511515948921
2023-11-21 04:00:00,0.5622622125782071,0.5496663516082546,0.4373124145530164,0.1762103956611827
2023-11-21 05:00:00,0.33905752183869475,0.47091958296569914,0.3264272952266037,0.140755337071605
2023-11-21 06:00:00,0.18249526039697228,0.6263427296687255,0.18298032513819634,0.06472333446145057
2023-11-21 07:00:00,0.07504624920431524,0.7357336435263805,0.0822987736063078,0.035514471665956074
2023-11-21 08:00:00,0.02841475950088352,0.8463712962784552,0.03594099827576429,0.060288011808879674
2023-11-21 09:00:00,0.005466863489709794,0.9248367996242913,0.03115667712409049,0.13461722097359596
2023-11-21 10:00:00,0.028733901139348747,0.9510320496965537,0.07625010446645317,0.2821775404177606
2023-11-21 11:00:00,0.14550263884942977,0.9682853798026388,0.18873855675570664,0.44491372018586844
2023-11-21 12:00:00,0.3046542496560141,0.992772305377505,0.3065637065283954,0.4811545379227026
2023-11-21 13:00:00,0.5581164282560347,0.9980657614632087,0.47158193909097457,0.5243555571697652
2023-11-21 14:00:00,0.7054066537134347,0.9990581010146574,0.6080557447578757,0.532861022502184
2023-11-21 15:00:00,0.8223985236510633,0.9996721425381575,0.7120123288035389,0.5575814050063491
2023-11-21 16:00:00,0.8468187712691724,1.0,0.7467561052367089,0.5540382626838981
2023-11-21 17:00:00,0.8829043749161063,0.9997464333881031,0.7626978592947123,0.5282755850628018
2023-11-21 18:00:00,0.891517185922712,0.9996256689591841,0.7665141995996235,0.562396488469094
2023-11-21 19:00:00,0.8641743997298179,0.9999988738786091,0.7333399995043873,0.5256559584103524
2023-11-21 20:00:00,0.8636914388276637,0.9996389281749725,0.6781187414750456,0.4409809915721416
2023-11-21 21:00:00,0.8382150735519825,0.9995326084982264,0.6388433691114187,0.4317288378253579
2023-11-21 22:00:00,0.8736272130534052,0.9996209931373596,0.7379636055417358,0.5408855204842984
2023-11-21 23:00:00,0.9237562379427253,0.9998723793571646,0.8293653018400073,0.6927188033051788
2023-11-22 00:00:00,0.9770937670022249,0.9998743897947399,0.9163878072425721,0.8039363062381742
2023-11-22 01:00:00,0.9643874510750173,1.0,0.9405665151216089,0.9248262479528785
2023-11-22 02:00:00,0.9041455140709876,1.0,0.9374721904471516,0.9846970107220113
2023-11-22 03:00:00,0.8275724716857075,1.0,0.9280604689195752,0.9946580150537193
2023-11-22 04:00:00,0.7452283888682724,1.0,0.8969011790491641,0.9956892436556518
2023-11-22 05:00:00,0.5652658092882483,1.0,0.8431525696069002,0.9774026452004909
2023-11-22 06:00:00,0.43569344967603685,1.0,0.7609954790957273,0.9491828589700162
2023-11-22 07:00:00,0.5865169416181742,1.0,0.7338267591036856,0.8821901598758995
2023-11-22 08:00:00,0.6554121805727481,1.0,0.6809491692855955,0.924060793928802
2023-11-22 09:00:00,0.8293876567296683,1.0,0.7499392033368348,0.848252359498292
2023-11-22 10:00:00,0.9630062614008784,1.0,0.8101615589670836,0.7004312266036868
2023-11-22 11:00:00,0.9342576885409654,1.0,0.874512716513127,0.7469565900042653
2023-11-22 12:00:00,0.9000042687170208,1.0,0.9301591873355209,0.8993056279234588
2023-11-22 13:00:00,0.889068103749305,0.9987847022305836,0.9354332308471202,0.8848845827020706
2023-11-22 14:00:00,0.8510533770732581,0.9934533356671984,0.8371715703234076,0.6999947053752837
2023-11-22 15:00:00,0.801238882187754,0.9675375824895773,0.7539876709505915,0.560508506577462
2023-11-22 16:00:00,0.7082076570391653,0.8787328629737551,0.6218002558872103,0.40940712319687
2023-11-22 17:00:00,0.5840072596818205,0.4252709815854375,0.5040007975324988,0.25874967259354886
2023-11-22 18:00:00,0.37564641637727614,0.32344024436040353,0.31343302126973865,0.14851782898418603
2023-11-22 19:00:00,0.24094626897945992,0.22212575693022119,0.20861029583960772,0.11781652080826459
2023-11-22 20:00:00,0.17619259992614392,0.19846151175485413,0.12941339747048913,0.07723112292587757
2023-11-22 21:00:00,0.16735814925283193,0.2976253975656899,0.09059896933846175,0.031327820816077295
2023-11-22 22:00:00,0.12139833205379545,0.34208887271921734,0.07846859636716544,0.026895134146325286
2023-11-22 23:00:00,0.09466944560408591,0.3494966173646125,0.072704125251621,0.03707248152233661
2023-11-23 00:00:00,0.08263955732807518,0.26089534510943013,0.07747348196804524,0.055017708810046306
2023-11-23 01:00:00,0.07045455942861735,0.30787137384441765,0.06819163671694696,0.048746026689186706
2023-11-23 02:00:00,0.07448964586481453,0.46871149399063794,0.05297357601113617,0.03383105305023492
2023-11-23 03:00:00,0.10294954129494725,0.475911841636354,0.06593567272648215,0.04695043940097094
2023-11-23 04:00:00,0.14091012733988462,0.4329246219315311,0.12257700749672948,0.09956017323769627
2023-11-23 05:00:00,0.24769513856619596,0.35565079885450274,0.2798707651533186,0.22738608794286844
2023-11-23 06:00:00,0.19742542512714858,0.34074459436264903,0.20754255285486573,0.15057566423900423
2023-11-23 07:00:00,0.18196103943511843,0.2782712635262446,0.23702243439853188,0.1764865568000823
2023-11-23 08:00:00,0.09191006638109682,0.1907021588493477,0.17926515555009245,0.15497863435186443
2023-11-23 09:00:00,0.025455715749412775,0.11220754015852102,0.08311375204473735,0.07589212532155216
2023-11-23 10:00:00,0.003429325008764863,0.07977602533318778,0.023239329205825925,0.022474969788454473
2023-11-23 11:00:00,0.0008470459515228868,0.050211357484486956,0.0056327164871618155,0.005478201261721551
2023-11-23 12:00:00,0.00016679844819009301,0.01908059729093855,0.0030169141897931698,0.003411899637430906
2023-11-23 13:00:00,0.0,0.0032284116372466075,0.0012627780809998511,0.002482590079307556
2023-11-23 14:00:00,0.0,0.0011478794501586396,0.0002447157585993409,0.0009048045054078102
2023-11-23 15:00:00,0.0,0.0009701055085117166,2.940445207059383e-05,0.0003277607960626483
2023-11-23 16:00:00,1.8116319552063941e-06,0.0012305482578548518,4.407133441418409e-05,0.00011831279378384351
2023-11-23 17:00:00,0.005666766306385398,0.03834814738820899,0.004088005740195512,0.008156617940403522
2023-11-23 18:00:00,0.005695244055241346,0.03323688062415881,0.005992313553579151,0.013277621450833974
2023-11-23 19:00:00,0.0026261349348351355,0.025285783725028686,0.0034197474783286452,0.008999123251996935
2023-11-23 20:00:00,0.000535107241012156,0.013731540587138045,0.0013785496773198245,0.0034925116132944823
2023-11-23 21:00:00,0.0003675301605835557,0.015120938325470146,0.0007336166920140385,0.0019846151210367678
2023-11-23 22:00:00,0.00376407403498888,0.013449974408881233,0.002918353523127734,0.0023745054146274928
2023-11-23 23:00:00,0.012854333030991257,0.007383039234714075,0.008155524670146406,0.004206923814490437
2023-11-24 00:00:00,0.00763566529378295,0.00512226040051742,0.009616382275708019,0.00420511667151004
2023-11-24 01:00:00,0.0066923794941976655,0.015039359879764642,0.009067606134340166,0.0047992522921413185
2023-11-24 02:00:00,0.010163626046851277,0.020747535028918223,0.009565627449192107,0.0043230745429173115
2023-11-24 03:00:00,0.023114768709056082,0.020714308257130058,0.01542217875365168,0.004897158863022924
2023-11-24 04:00:00,0.03888310310430825,0.02156635211272673,0.018199235955253246,0.005897588985972106
2023-11-24 05:00:00,0.05242071446962654,0.002893042808229273,0.026260935100726784,0.005992406988516451
2023-11-24 06:00:00,0.037621846655383706,0.003383754965933887,0.020653160070069135,0.005140341147780419
2023-11-24 07:00:00,0.041094125444069506,0.013323726816610855,0.02634638735558838,0.012589870309457182
2023-11-24 08:00:00,0.08472486140206456,0.03325501855124127,0.06547475482337177,0.05145814819261432
2023-11-24 09:00:00,0.17956247484311463,0.03829502115195447,0.1255559687502682,0.09196496151387691
2023-11-24 10:00:00,0.2976521791145205,0.035898722908036265,0.17220612354576587,0.11311745679937302
2023-11-24 11:00:00,0.44082950856536635,0.02994400298730893,0.2247851252928376,0.14443290528841315
2023-11-24 12:00:00,0.5407735596783458,0.023543498746373438,0.27172619929537173,0.18183588175103066
2023-11-24 13:00:00,0.6169484843686222,0.023957580693743444,0.333715235684067,0.22928414566442365
2023-11-24 14:00:00,0.6244727181643247,0.022808361717245797,0.3536971147172153,0.2509117961302399
2023-11-24 15:00:00,0.6175968493893741,0.02105776959522204,0.3752442876622081,0.28018637891858816
2023-11-24 16:00:00,0.6487712780758739,0.022587194402109493,0.41588973335921775,0.32588029829785226
2023-11-24 17:00:00,0.5909217969700694,0.010238781849091704,0.3678615703061223,0.24027350710704923
2023-11-24 18:00:00,0.5753627449832855,0.006290416104549712,0.3402276721224189,0.22338012788444755
2023-11-24 19:00:00,0.5403091928176581,0.02468457973138852,0.29192004745826117,0.19884737388230855
2023-11-24 20:00:00,0.6080171437188981,0.08863220558925108,0.3420191068388521,0.28493330076336865
2023-11-24 21:00:00,0.7238213983550665,0.13202345587990502,0.5052476330287754,0.484964293781668
2023-11-24 22:00:00,0.8517674055695534,0.15618356873365966,0.7001689428836104,0.6581132248602807
2023-11-24 23:00:00,0.947209181562066,0.1342691974274137,0.8042826600372791,0.7192480003274975
2023-11-25 00:00:00,0.9751242412440478,0.09408191770992494,0.8141843661665915,0.6753065598383545
2023-11-25 01:00:00,0.8807231298089027,0.10045473602007737,0.6706132000684737,0.47479042654857034
2023-11-25 02:00:00,0.9392511432431636,0.08877459376711735,0.7991136283241211,0.563114135917276
2023-11-25 03:00:00,0.9338097619265318,0.06180206238546155,0.7787909178622066,0.5244959028623999
2023-11-25 04:00:00,0.8580598815344275,0.04054078400812366,0.7186676492542027,0.4728507537022234
2023-11-25 05:00:00,0.821113100349903,0.0682797371731563,0.6778725230693816,0.4426253955066205
2023-11-25 06:00:00,0.8443437284789979,0.14329592236063693,0.742409312557429,0.5030908267945051
2023-11-25 07:00:00,0.8680242897942662,0.25264434890313586,0.8433860074169933,0.6443282001465558
2023-11-25 08:00:00,0.8137858484312891,0.3246788114986636,0.8540627372078596,0.6855683000199496
2023-11-25 09:00:00,0.7210618247278033,0.3344575005024671,0.8161287222616374,0.6172234974801538
2023-11-25 10:00:00,0.5879833300970494,0.30247289037162606,0.7282016780786216,0.51890508569777
2023-11-25 11:00:00,0.4833221368305385,0.2990570693666284,0.595681446045637,0.43354462185874576
2023-11-25 12:00:00,0.4763557030633092,0.3425328618152575,0.5078500210121274,0.38959331035614003
2023-11-25 13:00:00,0.5253358948789536,0.38245585616339334,0.4603199492022395,0.3841538201645016
2023-11-25 14:00:00,0.6185232989676296,0.41693549847060984,0.48994377003982664,0.4333464242704212
2023-11-25 15:00:00,0.7377091936953364,0.4297688159211116,0.5627741506695747,0.5051552465185523
2023-11-25 16:00:00,0.81557612542063,0.40261876935308616,0.6265025437436996,0.5541498834267258
2023-11-25 17:00:00,0.8658443216979504,0.5342064257372509,0.6929905065707859,0.5793802873417735
2023-11-25 18:00:00,0.8876091883517802,0.5185194296051155,0.7029212316311895,0.5579630495794117
2023-11-25 19:00:00,0.9186760419607163,0.5052313097498634,0.7063239265419541,0.5626989211887121
2023-11-25 20:00:00,0.9750915116630493,0.5442542922225865,0.8249146615713833,0.6872514539025723
2023-11-25 21:00:00,0.9958057831600309,0.620804940773682,0.924575277455151,0.8006048723682758
2023-11-25 22:00:00,0.999202280305326,0.7052064671841531,0.9712459580600261,0.8800168106332422
2023-11-25 23:00:00,1.0,0.7172467314248734,0.9919428446702658,0.9409186631068586
2023-11-26 00:00:00,1.0,0.6676286600530145,0.999822982698679,0.9850212398543953
2023-11-26 01:00:00,1.0,0.5358711046793243,0.9965485445037485,0.9707813264615834
2023-11-26 02:00:00,1.0,0.3893015959858894,1.0,0.9883873462490738
2023-11-26 03:00:00,1.0,0.31917477663267735,1.0,1.0
2023-11-26 04:00:00,1.0,0.292113271673972,1.0,0.9985372646898032
2023-11-26 05:00:00,1.0,0.33721100274812094,1.0,0.9954239302501082
2023-11-26 06:00:00,1.0,0.3563967331972989,1.0,0.991616205573082
2023-11-26 07:00:00,1.0,0.39266429727727714,0.9990891128778456,0.9636798439174891
2023-11-26 08:00:00,1.0,0.3633625010604207,0.9945518656447528,0.9214877205342052
2023-11-26 09:00:00,0.9984420531988144,0.3279651692780581,0.9851363322138788,0.8909235135093331
2023-11-26 10:00:00,0.9796837302483616,0.3062198374894532,0.962506485879421,0.8252547648362815
2023-11-26 11:00:00,0.8836430809088052,0.25651748378168454,0.8814477487653494,0.6941763466037808
2023-11-26 12:00:00,0.7003038440085947,0.19627487314018335,0.7430151154100895,0.5522131525725126
2023-11-26 13:00:00,0.5414349120296538,0.1465019036355344,0.5926494791731236,0.4168926911614835
2023-11-26 14:00:00,0.5120851042121649,0.12328582704067231,0.5259188726544382,0.35364824268966916
2023-11-26 15:00:00,0.4116078057512641,0.11688772746785121,0.46941623076796524,0.32642864726483817
2023-11-26 16:00:00,0.34797507351264356,0.13351313280788335,0.35630543231964096,0.26044133335351943
2023-11-26 17:00:00,0.2754149300977588,0.2782293711534955,0.3035079721920192,0.19252721835859116
2023-11-26 18:00:00,0.18127766063436862,0.3077775290337476,0.20027115903794762,0.1485276433546096
2023-11-26 19:00:00,0.16636943342164154,0.41687739122997625,0.17906289566308256,0.18091495970264074
2023-11-26 20:00:00,0.1417642564419657,0.5529905714636498,0.15832696592435236,0.1767043557576835
2023-11-26 21:00:00,0.23769402714446178,0.6883982320671729,0.14025330787524581,0.15792811415158212
2023-11-26 22:00:00,0.43517025316134095,0.7966154057735746,0.23512420647777613,0.22669153036549686
2023-11-26 23:00:00,0.6250782684795557,0.8146294519440693,0.3775138250924647,0.34603836556896556
2023-11-27 00:00:00,0.7655624185129999,0.7523904548720879,0.5098667183332146,0.43627788238227355
2023-11-27 01:00:00,0.8569287462718785,0.6197512861815364,0.5906392160989344,0.5195654005184769
2023-11-27 02:00:00,0.9535617030784488,0.5365636969831855,0.7176740710437296,0.5587423283979296
2023-11-27 03:00:00,1.0,0.48928451451388266,0.8748690423928199,0.7137701462768017
2023-11-27 04:00:00,0.9995751865953207,0.4057400585981933,0.981811817679554,0.8861884793639182
2023-11-27 05:00:00,0.8475921530649064,0.43415080390193245,0.8721236808411775,0.6463470006734133
2023-11-27 06:00:00,0.65770317832008,0.5487842897528951,0.7470851417817176,0.5719303425215185
2023-11-27 07:00:00,0.46857021450996406,0.6980620999363334,0.5845591088198125,0.4741514283046125
2023-11-27 08:00:00,0.3536412868648767,0.7294267061623659,0.4352286813035607,0.3459490241855382
2023-11-27 09:00:00,0.22682929815724487,0.7052399732714348,0.3092462633922696,0.2246099182777107
2023-11-27 10:00:00,0.1206869344972074,0.6792664155634964,0.17155531984753902,0.12263982460834086
2023-11-27 11:00:00,0.12765519722364843,0.6649049228429793,0.13333370621316132,0.09029712325893344
2023-11-27 12:00:00,0.130628549978137,0.72260921056975,0.12542151218280195,0.09014365616254508
2023-11-27 13:00:00,0.1953580626659095,0.7471673106469889,0.13408211865462363,0.0889210425876081
2023-11-27 14:00:00,0.28124239992350336,0.7891882599483836,0.18429940737783904,0.10077020428143442
2023-11-27 15:00:00,0.305235099196434,0.8009989617223088,0.20149336190894243,0.12719961480237543
2023-11-27 16:00:00,0.3568352188169955,0.8138238880851049,0.2642880574800074,0.18178883215412497
2023-11-27 17:00:00,0.44487945597618805,0.923358306817033,0.38665406854823225,0.26418240891769523
2023-11-27 18:00:00,0.4618791848421096,0.9477211324328725,0.3627515381947159,0.234968682769686
2023-11-27 19:00:00,0.4329288479685782,0.9714797368916596,0.3229796458780765,0.21130853569135064
2023-11-27 20:00:00,0.350782435145229,0.982631778771227,0.2605854035168886,0.1696992800012231
2023-11-27 21:00:00,0.25930330267176027,0.9887877671285108,0.20412626971490677,0.14612543817609547
2023-11-27 22:00:00,0.2354904591105878,0.9974302282929419,0.2163695739023387,0.15986302009783682
2023-11-27 23:00:00,0.24881994348019357,0.998437197750265,0.23763383648358283,0.15810325842350723
2023-11-28 00:00:00,0.18834476787596938,0.998845704848116,0.16741538711823523,0.11145298563875257
2023-11-28 01:00:00,0.12462241481989622,0.9998366654190151,0.09796314017847178,0.05301733969245105
2023-11-28 02:00:00,0.1132697749417275,0.9916521375016731,0.08600501021370292,0.04685962564311921
2023-11-28 03:00:00,0.12049311246722935,0.9874339848079464,0.0892519694380462,0.04887619859538973
2023-11-28 04:00:00,0.14483375683426855,0.9848408420113,0.0992258678469807,0.05666492627933622
2023-11-28 05:00:00,0.2794059390202164,0.9994436062195085,0.16743215432390568,0.10392500473186372
2023-11-28 06:00:00,0.5088601465523244,1.0,0.3648884505964815,0.22107662800699465
2023-11-28 07:00:00,0.6938925023563205,1.0,0.5862143837474284,0.3705351069569588
2023-11-28 08:00:00,0.7692231824994087,1.0,0.6939716987684368,0.5043653722479938
2023-11-28 09:00:00,0.9044713422097266,0.999628790318966,0.7955902829580009,0.6548625374585388
2023-11-28 10:00:00,0.9773598102107645,0.9998644467646426,0.9061605207249521,0.7326282786019145
2023-11-28 11:00:00,0.9919312067702412,0.9999779957261953,0.9290875983983278,0.7846715895272791
2023-11-28 12:00:00,0.9941479245200753,0.9993982794880867,0.9534835901111365,0.808775077201426
2023-11-28 13:00:00,0.9920725139975548,0.9991473188454454,0.9434933921881019,0.761647722441703
2023-11-28 14:00:00,0.99471664769575,0.9989991889758543,0.9373965323343874,0.743771267849952
2023-11-28 15:00:00,0.9971025319769978,0.9988357811624353,0.9414361556246876,0.7575138495862483
2023-11-28 16:00:00,0.9956050912290811,0.9985054193843496,0.9302923564240335,0.7306914767809212
2023-11-28 17:00:00,0.9875803383626043,0.9976193704388359,0.9067355073615909,0.6583502706885338
2023-11-28 18:00:00,0.9715803723968564,0.9974781290915881,0.867086207140237,0.5941975596174597
2023-11-28 19:00:00,0.9673126106150449,0.9969196659868413,0.8470500741899013,0.5564310888759791
2023-11-28 20:00:00,0.9308168876357377,0.9962628580087965,0.8076047837547957,0.48054291734471916
2023-11-28 21:00:00,0.8709202128089961,0.9932929034531117,0.7418474634177984,0.4369417424499988
2023-11-28 22:00:00,0.8716818949021398,0.990607067509131,0.6987558037415146,0.36764069428667423
2023-11-28 23:00:00,0.8398397314734757,0.9828321296112104,0.6503165430948137,0.29036944570951156
2023-11-29 00:00:00,0.7027872784435747,0.9836256077479231,0.5274238842353225,0.26097541268914937
2023-11-29 01:00:00,0.5679937305115164,0.8938331202214415,0.40659451536834235,0.21474766981787977
2023-11-29 02:00:00,0.42183024238795036,0.8422906448217954,0.2869864559546113,0.136525240233168
2023-11-29 03:00:00,0.3739733504690229,0.8153528167171911,0.24317596240900455,0.10125345643609762
2023-11-29 04:00:00,0.35215447463095173,0.8891942536289043,0.23596352726221084,0.09317537512630224
2023-11-29 05:00:00,0.35820756907574824,0.9243514667180451,0.2704863159172236,0.1631949069816619
2023-11-29 06:00:00,0.3425100230798125,0.9548816139725121,0.3481644970271736,0.26358870368450876
2023-11-29 07:00:00,0.31999446979723867,0.9788067069378766,0.41547653113491834,0.29689081307500603
2023-11-29 08:00:00,0.2759051300864666,0.9902492549609053,0.3843859099410474,0.23220027212984856
2023-11-29 09:00:00,0.2142092903424054,0.996776662672108,0.26776210257783534,0.1362683186167851
2023-11-29 10:00:00,0.17231053248047828,1.0,0.1545756003400311,0.06546310410834849
2023-11-29 11:00:00,0.15122328321449457,1.0,0.09746741014998406,0.04540379606653004
2023-11-29 12:00:00,0.18349820262752473,0.9997125875678929,0.08925850313622502,0.08477240548469125
2023-11-29 13:00:00,0.4101872485876083,0.9898536765846341,0.15185752264223992,0.21723287330940366
2023-11-29 14:00:00,0.6907774163223801,0.977018111293966,0.2963528250250965,0.3624734358396381
2023-11-29 15:00:00,0.8596488195843994,0.9642120071839204,0.5161570128425955,0.48023843191564075
2023-11-29 16:00:00,0.9456677857413889,0.9251336610046298,0.6927841538004577,0.582567239832133
2023-11-29 17:00:00,0.965974514596164,0.9107101178575644,0.8242785324528811,0.6593026292510329
2023-11-29 18:00:00,0.956445236671716,0.8697654942897232,0.8410267602093516,0.6705591224692761
2023-11-29 19:00:00,0.976010596267879,0.7971096744049678,0.8714165447652338,0.6673253966681657
2023-11-29 20:00:00,0.9402455884963273,0.6879841214012016,0.8621019680052995,0.6345516446605324
2023-11-29 21:00:00,0.9755197551846505,0.6182374513555655,0.7915805173851549,0.6000328483246266
2023-11-29 22:00:00,0.9994669684022665,0.5031517067551612,0.8723487454280255,0.6499542053602636
2023-11-29 23:00:00,0.9994466242939234,0.40597381091930645,0.932626561746001,0.7171245056204496
2023-11-30 00:00:00,0.9964865052327514,0.21927462396973907,0.9344074749201535,0.6918157283961771
2023-11-30 01:00:00,0.9475349664501844,0.12107113318009809,0.8516283335350453,0.550242051705718
2023-11-30 02:00:00,0.9693439452908935,0.07689492472870783,0.9386007115989923,0.7744712388515471
2023-11-30 03:00:00,0.9632410402595997,0.050739746743982475,0.8960805074870586,0.754901057779789
2023-11-30 04:00:00,0.9707266183942556,0.026670594252645966,0.8363138371333481,0.6234179564006627
2023-11-30 05:00:00,0.9883906195871532,0.019111301059072664,0.8798286843672395,0.6358277479931711
2023-11-30 06:00:00,0.9921766928955912,0.0300540696287697,0.9243753306008874,0.7203725753910837
2023-11-30 07:00:00,0.9660235251486301,0.05816541725261646,0.8982848313823341,0.6975511685386298
2023-11-30 08:00:00,0.8916529129073023,0.05154794042083351,0.8460432945750651,0.6598240014910696
2023-11-30 09:00:00,0.840657265279442,0.03142633898691698,0.811428493410349,0.651270862650126
2023-11-30 10:00:00,0.8032449353672564,0.015441722416064953,0.7430867650918661,0.562489018589258
2023-11-30 11:00:00,0.7645743962191046,0.008176136758517137,0.6828610659018157,0.49125016443431374
2023-11-30 12:00:00,0.6966058067418632,0.007796522070738402,0.6216236322559413,0.4568455545045435
2023-11-30 13:00:00,0.5961233022063968,0.010187361978671768,0.5361289158463477,0.4100358185358345
2023-11-30 14:00:00,0.550222054719925,0.014710666567764498,0.49310578063130384,0.391942371148616
2023-11-30 15:00:00,0.5230003958940506,0.018978795886717064,0.456498956680298,0.3588445736281573
2023-11-30 16:00:00,0.5048859538137911,0.025990378040481696,0.4185334311425686,0.3188752407208085
2023-11-30 17:00:00,0.5931122090481219,0.014324418858370998,0.4879497489333152,0.35568850144743913
2023-11-30 18:00:00,0.48327221708372226,0.016401037214831878,0.45260678382590414,0.31409910593181845
2023-11-30 19:00:00,0.3331639395281673,0.01643986590206623,0.3802040637284518,0.26474394222721453
2023-11-30 20:00:00,0.22571324346587054,0.026172916848551154,0.30013046097010365,0.21701192799955604
2023-11-30 21:00:00,0.16623707329854365,0.03257628787986257,0.2299113311152905,0.16884769272990524
2023-11-30 22:00:00,0.12305758779868484,0.04017952017486095,0.14854200034402307,0.10147082195617259
2023-11-30 23:00:00,0.11756062131375074,0.04792976528406143,0.09892773712053893,0.05103827458806336
2023-12-01 00:00:00,0.08774603569414467,0.05067601889033209,0.06702248891815543,0.018055708035826682
2023-12-01 01:00:00,0.10957306399475782,0.05716487774456091,0.07810390285681933,0.019308744384907185
2023-12-01 02:00:00,0.10584050392732021,0.06138043578036805,0.05996512273326516,0.013362999889068305
2023-12-01 03:00:00,0.09501585690770295,0.052775193622166455,0.050940251168794935,0.011714949156157674
2023-12-01 04:00:00,0.06869754051323979,0.04219101537019015,0.04018709476105869,0.007955381940118968
2023-12-01 05:00:00,0.02980122529901564,0.020019202008843422,0.017004536134190857,0.00379442491568625
2023-12-01 06:00:00,0.011752144922502341,0.039645619175650855,0.009876721515320243,0.011688204631209374
2023-12-01 07:00:00,0.009028980974107979,0.11236452171409672,0.016663740859366952,0.06860550232231616
2023-12-01 08:00:00,0.031628778423182666,0.2023264877532016,0.052527150502428406,0.16395130996126683
2023-12-01 09:00:00,0.094534503207542,0.2831774134561419,0.1281699453666806,0.26679663078859445
2023-12-01 10:00:00,0.20505921969190238,0.2862411913106387,0.21028240475337948,0.3036244440544396
2023-12-01 11:00:00,0.3695333321113139,0.2818929348750548,0.31103974238038057,0.3375761694647371
2023-12-01 12:00:00,0.40969664396718136,0.2800981907140125,0.326769352145493,0.3292771556787193
2023-12-01 13:00:00,0.36646730424836277,0.30589661631394516,0.29854573881253593,0.32455984238535157
2023-12-01 14:00:00,0.312068702802062,0.32661966376683926,0.26644660485908384,0.3283365220762789
2023-12-01 15:00:00,0.31129884213209147,0.3405664683201096,0.2707507067546248,0.35164889089763157
2023-12-01 16:00:00,0.382497443985194,0.36336659194393595,0.321794287636876,0.38920279283076525
2023-12-01 17:00:00,0.45098528165370216,0.5061529187722639,0.38228680698201056,0.4438056230545044
2023-12-01 18:00:00,0.5193502152524889,0.5428945066034793,0.45395053107291444,0.47424892973154786
2023-12-01 19:00:00,0.5307347355037927,0.5933000739325176,0.48345905227586616,0.4544119895994663
2023-12-01 20:00:00,0.4717524330876767,0.6275004469264635,0.46312645241618144,0.4162849464267492
2023-12-01 21:00:00,0.4178330291621387,0.6702025674689899,0.4321470849961042,0.39396826270967716
2023-12-01 22:00:00,0.41282179266214364,0.7235383971577339,0.42367768883705137,0.38150488333776594
2023-12-01 23:00:00,0.4218481934070587,0.7714064030349254,0.40978807207196943,0.35951857460662723
2023-12-02 00:00:00,0.36333281928673383,0.8020425596562298,0.32282121254131196,0.27111813915893435
2023-12-02 01:00:00,0.20691618995741004,0.7081131720542907,0.18423817904666065,0.1411966267134994
2023-12-02 02:00:00,0.17852578656747933,0.8790165609256786,0.1623617313057184,0.11047497813589871
2023-12-02 03:00:00,0.15562614487484097,0.9646144821562551,0.15097661973908544,0.09390449498780071
2023-12-02 04:00:00,0.1472632618062198,0.9738576905022968,0.15591790568083524,0.08604142759926617
2023-12-02 05:00:00,0.15373670836910602,0.9720409823954106,0.16124251611530777,0.06505885390099136
2023-12-02 06:00:00,0.17961290398612617,0.9977718603610992,0.20647425034549086,0.07839801769237964
2023-12-02 07:00:00,0.185076414886862,0.9999570553952997,0.22425205531530082,0.08427238686941563
2023-12-02 08:00:00,0.18133181066252288,1.0,0.2067993823578581,0.07109686030074953
2023-12-02 09:00:00,0.13874945396091787,1.0,0.1555173387844115,0.057437141882255675
2023-12-02 10:00:00,0.0768775293463841,1.0,0.10173812020104375,0.05580788463819772
2023-12-02 11:00:00,0.031819143285974856,1.0,0.07165310251992195,0.07126854617148637
2023-12-02 12:00:00,0.01362772203050554,1.0,0.07669235663954169,0.10184054855257273
2023-12-02 13:00:00,0.04605374648701399,1.0,0.14815718084573745,0.14610017599072309
2023-12-02 14:00:00,0.11646603632252663,1.0,0.2346716669015586,0.1687823338713497
2023-12-02 15:00:00,0.1391522102989256,1.0,0.26226432286202905,0.17827835761941965
2023-12-02 16:00:00,0.11482497565448282,1.0,0.23890628208406267,0.2001717854477465
2023-12-02 17:00:00,0.09794236152432859,0.9999332852526145,0.2451045419555157,0.25302884841337797
2023-12-02 18:00:00,0.06547481887508184,1.0,0.18723493401892483,0.23279947474598883
2023-12-02 19:00:00,0.05585018193814903,1.0,0.15679786465130746,0.2734568876773119
2023-12-02 20:00:00,0.08961315120570361,1.0,0.209854741981253,0.3277841548994183
2023-12-02 21:00:00,0.15332029800862074,1.0,0.23854250268079338,0.28066966999322174
2023-12-02 22:00:00,0.23720090800896285,1.0,0.25499306240119035,0.35454900071024886
2023-12-02 23:00:00,0.3033201203308999,1.0,0.3313741445355117,0.39559218186885114
2023-12-03 00:00:00,0.24614926034584636,0.9926389819925482,0.2584095488302409,0.2862362989876419
2023-12-03 01:00:00,0.10122912490740417,0.9134248265624044,0.13770487965084613,0.1787015174422413
2023-12-03 02:00:00,0.0710437960550189,0.6969720069928601,0.12677461068145932,0.13933592608198522
2023-12-03 03:00:00,0.05679916222579778,0.4807411107691851,0.08698332185856997,0.09090186938643456
2023-12-03 04:00:00,0.03358031400479377,0.5552690885012799,0.07870132212527094,0.1064162306394428
2023-12-03 05:00:00,0.04993137760087847,0.6879842414097352,0.08279760115779937,0.09576975206844508
2023-12-03 06:00:00,0.15033868755213914,0.8600774658268148,0.10681079660542307,0.08304582067299635
2023-12-03 07:00:00,0.14663498091511426,0.9867426939444108,0.09184511184226721,0.05828127819113433
2023-12-03 08:00:00,0.05936277207452803,1.0,0.0696168494829908,0.03210556755773723
2023-12-03 09:00:00,0.012936090617440641,1.0,0.04985042428597807,0.03707181762903929
2023-12-03 10:00:00,0.010501981410197914,1.0,0.05559389710891992,0.13910206529311833
2023-12-03 11:00:00,0.05823453060816973,1.0,0.1410572587419301,0.3884741877019404
2023-12-03 12:00:00,0.14636617734562604,0.9982738604057918,0.28901961567345996,0.5804295271262526
2023-12-03 13:00:00,0.34129431216977535,0.9931475807590918,0.4003619615361094,0.6605994858033954
2023-12-03 14:00:00,0.614392028991133,0.9875433591685513,0.5057779288943857,0.6846344561874866
2023-12-03 15:00:00,0.6852530400454997,0.9756148491664365,0.592769800554961,0.6412212773971261
2023-12-03 16:00:00,0.6985765166394411,0.9629977926747366,0.6126338655874132,0.6197756669111549
2023-12-03 17:00:00,0.8777710128389298,0.9240614442527293,0.7629027591645716,0.7501103862747549
2023-12-03 18:00:00,0.8465564019232985,0.9296107443083416,0.7925540474988518,0.7141020441055296
2023-12-03 19:00:00,0.7399071911722421,0.9161811872774902,0.7149561687558887,0.5626071008108554
2023-12-03 20:00:00,0.541603080332279,0.9530302420664917,0.5243630273640155,0.34478639481589196
2023-12-03 21:00:00,0.361408431455493,0.9784282823719763,0.3422741572000086,0.24423405805602663
2023-12-03 22:00:00,0.34520939877256746,0.9515362732789733,0.32905762974172836,0.31879496118053796
2023-12-03 23:00:00,0.45748951004818084,0.9269020512158218,0.4318652103468776,0.37427414758130906
2023-12-04 00:00:00,0.46630798891186703,0.8994473787735807,0.42504300087690355,0.324898140039295
2023-12-04 01:00:00,0.41280590249225496,0.9072168951007451,0.33255253911018356,0.22592234888114035
2023-12-04 02:00:00,0.39238444479182355,0.8402818692407824,0.2786515455134213,0.20651003543287513
2023-12-04 03:00:00,0.4097177565097808,0.9011366313695907,0.300890125632286,0.2995832752436399
2023-12-04 04:00:00,0.6299491772986949,0.8390600022673605,0.4677724332548678,0.5318532052449881
2023-12-04 05:00:00,0.7651336495205757,0.9416188408569856,0.6473847659863531,0.6775431783124803
2023-12-04 06:00:00,0.943051853198558,0.9980782247944311,0.90961853004992,0.9111496641673146
2023-12-04 07:00:00,0.9641176500357687,0.9997787855430083,0.9525434284284711,0.9478332334011793
2023-12-04 08:00:00,0.9028850094601512,0.9545454545454546,0.9279242026805877,0.9438499827496707
2023-12-04 09:00:00,0.6255658648908136,1.0,0.8122502431087195,0.8556161346659064
2023-12-04 10:00:00,0.2652866321709007,1.0,0.6035897719487546,0.7915843917056918
2023-12-04 11:00:00,0.09285227846354246,1.0,0.4336945639178157,0.8051083799265325
2023-12-04 12:00:00,0.09751196454279126,1.0,0.42920320731587713,0.8245595544390381
2023-12-04 13:00:00,0.27626442202366885,1.0,0.5845684895152226,0.8674822944169863
2023-12-04 14:00:00,0.5967725018970668,0.9998935490575703,0.7983981109224261,0.9482385723851622
2023-12-04 15:00:00,0.8155010149441659,1.0,0.9215432347543536,0.97819344650954
2023-12-04 16:00:00,0.8748484577238558,1.0,0.9623862013220785,0.9509604470059276
2023-12-04 17:00:00,0.8833571169711649,1.0,0.9668348084576427,0.9822588737495245
2023-12-04 18:00:00,0.817275978885591,1.0,0.9238671954534947,0.9403158821351828
2023-12-04 19:00:00,0.6523279774375259,1.0,0.8027845285460351,0.7949235869012773
2023-12-04 20:00:00,0.5406974723935126,1.0,0.6514244508370756,0.6075988813117145
2023-12-04 21:00:00,0.5845687092281877,1.0,0.6168999341689049,0.5732870387285945
2023-12-04 22:00:00,0.7335999087803065,0.9995656791600315,0.657289930731058,0.5484428713284433
2023-12-04 23:00:00,0.7025824314355847,0.9986697273091836,0.6150299694016574,0.4880191896110773
2023-12-05 00:00:00,0.7008091007545587,0.9896856627003712,0.560406975131482,0.47461035870015617
2023-12-05 01:00:00,0.7933708855696023,0.8771584386852654,0.6055136572569608,0.46140901654958727
2023-12-05 02:00:00,0.7178929426148533,0.6099837532504037,0.4760403580777347,0.27637808268889785
2023-12-05 03:00:00,0.46326178669929496,0.7157548061419615,0.29850571455433966,0.16442651451565327
2023-12-05 04:00:00,0.3643870442174375,0.7010843598029829,0.26541023544967174,0.16915141955949367
2023-12-05 05:00:00,0.37611404344439503,0.7938328436017037,0.3191035146452486,0.20486455026082692
2023-12-05 06:00:00,0.4489724734425544,0.9235865811055356,0.4375249809212982,0.42101734725758433
2023-12-05 07:00:00,0.6510528102889654,0.9516973971914162,0.6358355609141287,0.582067219670862
2023-12-05 08:00:00,0.6609437344968319,0.96522352990779,0.6238281798548995,0.6463438610546292
2023-12-05 09:00:00,0.7655112564563751,0.9044769039208235,0.6563518453016877,0.6497212450020013
2023-12-05 10:00:00,0.8269257570244372,0.9220546875081279,0.7066553145460781,0.6437873557768761
2023-12-05 11:00:00,0.7674256396107373,0.9615552720156583,0.6784056344442069,0.5893726380541919
2023-12-05 12:00:00,0.7087992657162249,0.9806541534580968,0.6191527291759847,0.5288554553873838
2023-12-05 13:00:00,0.7645199809037148,0.9896052672781728,0.7080392169021069,0.5614790385030208
2023-12-05 14:00:00,0.6179961967654524,0.9995148530873386,0.627625980582088,0.5061890919692814
2023-12-05 15:00:00,0.4266657654568553,1.0,0.44961434975266446,0.3584120082575828
2023-12-05 16:00:00,0.6922131430730222,1.0,0.5497429018653929,0.38740059718489644
2023-12-05 17:00:00,0.8790472026541829,1.0,0.7959445443563163,0.6344510767795144
2023-12-05 18:00:00,0.7047272135503587,1.0,0.609438593480736,0.6511898808181285
2023-12-05 19:00:00,0.8148316522687673,1.0,0.6728724110126494,0.6737515447847544
2023-12-05 20:00:00,0.8467172572761772,1.0,0.6880597086437046,0.6638095525093375
2023-12-05 21:00:00,0.8654748601280152,1.0,0.7734273100271819,0.8220424808934329
2023-12-05 22:00:00,0.7308760466240345,1.0,0.7188529377616941,0.8371937032788993
2023-12-05 23:00:00,0.6958939815498888,0.9090909090909091,0.6239591912552716,0.797687207199633
2023-12-06 00:00:00,0.8351582057960332,0.9090909090909091,0.8628591652214525,0.9248431356623769
2023-12-06 01:00:00,0.8199740852601827,0.9545454545454546,0.8949883307516574,0.9542487731948496
2023-12-06 02:00:00,0.8938152486085891,0.9895030964233659,0.9340224793180822,0.9642052664607762
2023-12-06 03:00:00,0.9459630529396236,0.9512491302463141,0.9496544015780091,0.9355169906839728
2023-12-06 04:00:00,0.9599179518036542,0.9975527240471407,0.9526094886288046,0.899231132492423
2023-12-06 05:00:00,0.8563173140957949,0.9529180330173536,0.873671344295144,0.6555028650350867
2023-12-06 06:00:00,0.6860663050971925,0.9501299816234545,0.8222397105488926,0.5824897250253706
2023-12-06 07:00:00,0.505485195312649,0.961276476112279,0.7894641672261059,0.7901693919859825
2023-12-06 08:00:00,0.5425303044356404,0.9844967879354953,0.7716588311083614,0.8966951233893633
2023-12-06 09:00:00,0.37978718467056743,0.9887026832185009,0.6976125536952168,0.9019786119274795
2023-12-06 10:00:00,0.24588171495124697,0.9793216828460043,0.5030040932586416,0.8098204398341476
2023-12-06 11:00:00,0.15619716390967364,0.979427827664397,0.4248851200658828,0.7330295226164162
2023-12-06 12:00:00,0.07013607633300126,0.9920666620812633,0.2940567188709975,0.5980995016545058
2023-12-06 13:00:00,0.04338481516111642,0.9995720213651658,0.19460507945623248,0.3944525784626603
2023-12-06 14:00:00,0.038379997513256964,1.0,0.17579338447656484,0.364232715331018
2023-12-06 15:00:00,0.00816390792373568,1.0,0.1805298777623102,0.2926952252024784
2023-12-06 16:00:00,0.00986238390672952,0.9994472954760898,0.11366864769253879,0.14137079971842467
2023-12-06 17:00:00,0.08266035203821956,0.9518734548037702,0.059646783489733936,0.027098191133700312
2023-12-06 18:00:00,0.0518099313834682,0.9242430672455917,0.055141900731250644,0.023738333638757464
2023-12-06 19:00:00,0.04983464719727636,0.9238198347525164,0.0464670381648466,0.02148377233184874
2023-12-06 20:00:00,0.17022082976065575,0.9312384350868789,0.0751240647304803,0.040232287598773835
2023-12-06 21:00:00,0.3665894001536071,0.8860677267746492,0.19403398674912747,0.10165715110488234
2023-12-06 22:00:00,0.39669827003031966,0.7488215817917477,0.268169758641161,0.14377267062664026
2023-12-06 23:00:00,0.4074756012484431,0.6316012091731483,0.2904993932368234,0.17359093741513787
2023-12-07 00:00:00,0.4311120053753257,0.534095868508924,0.27871984339319167,0.13322533933445807
2023-12-07 01:00:00,0.33764627574011685,0.3789210288700733,0.14685940265655517,0.06490421599708499
2023-12-07 02:00:00,0.2915314300637692,0.14744378863410515,0.08921910287812351,0.03723096177447586
2023-12-07 03:00:00,0.3303208216745406,0.1545753994042223,0.09903865225613118,0.02921179470606148
2023-12-07 04:00:00,0.4023614480905236,0.20590795980935744,0.12190142626874148,0.02306443856563419
2023-12-07 05:00:00,0.4701522751711308,0.4642824468152089,0.15711438483558596,0.036401131874881684
2023-12-07 06:00:00,0.4658596044592558,0.5421534697440537,0.1860990371275693,0.04328149603214114
2023-12-07 07:00:00,0.349704608451575,0.5897374309463933,0.14443257221020758,0.03929284487850964
2023-12-07 08:00:00,0.2826393022108823,0.5732521239464933,0.09618330216035248,0.05532496323809027
2023-12-07 09:00:00,0.3661095210537314,0.4762222997166893,0.10728874669410288,0.07404746803920714
2023-12-07 10:00:00,0.4288384341634809,0.4014849778603423,0.1513501217123121,0.06865360680967571
2023-12-07 11:00:00,0.411971767656505,0.3161036595024846,0.16353234395384786,0.036232308736071
2023-12-07 12:00:00,0.31238871039822697,0.2578343994475224,0.11804509635549038,0.01689072707667947
2023-12-07 13:00:00,0.2026029096217826,0.23663364679975937,0.07210707715246825,0.03624422846827657
2023-12-07 14:00:00,0.20899218128994104,0.15704826795919374,0.07341001571621744,0.1131300923973322
2023-12-07 15:00:00,0.26968094575218854,0.1259930294142528,0.12732219013851134,0.1945641050999984
2023-12-07 16:00:00,0.3587350325658918,0.11190843563865527,0.21383879193104802,0.2352074062498286
2023-12-07 17:00:00,0.6596693014912306,0.176802224740386,0.4286463522166013,0.39509224255569275
2023-12-07 18:00:00,0.6739744333922862,0.23172457627952098,0.4303649160079658,0.41693610394373537
2023-12-07 19:00:00,0.7786215153150259,0.3959297409789128,0.4708928661048412,0.4607027429249137
2023-12-07 20:00:00,0.866310793161392,0.4122301152348518,0.5732088877446948,0.577509500477463
2023-12-07 21:00:00,0.9347451033815739,0.4626088548519394,0.722892178557813,0.7066886559501292
2023-12-07 22:00:00,0.9566809904389081,0.40605559766969895,0.7659876854345201,0.7502177502773701
2023-12-07 23:00:00,0.9653895124979317,0.439518887746063,0.84520830148831,0.8214305658638478
2023-12-08 00:00:00,0.9810498867183922,0.4236784410307353,0.9643716676719486,0.9035853587090967
2023-12-08 01:00:00,0.9915754397585987,0.44004483060741967,0.9981307853013277,0.9656180224008859
2023-12-08 02:00:00,0.95478222200647,0.5509445150535215,0.9933495068922639,0.9731252175942063
2023-12-08 03:00:00,0.7359096594341098,0.5285662757605313,0.888742576483637,0.8880512012913823
2023-12-08 04:00:00,0.6596378263458609,0.43527172198688446,0.7959983215481041,0.7514757259190081
2023-12-08 05:00:00,0.7003576395474373,0.2624976559254256,0.8734886146895587,0.7347332439199089
2023-12-08 06:00:00,0.5363722925446928,0.15863835655830125,0.7373426780104637,0.6032291841506956
2023-12-08 07:00:00,0.4836722352169454,0.14483030836351893,0.6630522151291369,0.5082090715132653
2023-12-08 08:00:00,0.4291097936406732,0.10695474030957977,0.575271050762385,0.4033663871139288
2023-12-08 09:00:00,0.3590142707340419,0.07077704341574148,0.4981034637801349,0.3468801479041576
2023-12-08 10:00:00,0.3912046529911458,0.03237877123057842,0.4962219773977995,0.3262256024777888
2023-12-08 11:00:00,0.4125189485587179,0.012785444750704549,0.43976920021697885,0.2613855079561472
2023-12-08 12:00:00,0.37528988661244506,0.0050920563462105665,0.3891211702674626,0.2224523037485778
2023-12-08 13:00:00,0.3374277907051146,0.00459627988324924,0.3611915570124984,0.19525716035626828
2023-12-08 14:00:00,0.35052669910714024,0.012180445858023385,0.32995215386152266,0.1676916405931115
2023-12-08 15:00:00,0.34814604016020895,0.035747708888216455,0.30240650154650206,0.14785116665065287
2023-12-08 16:00:00,0.32502056805416935,0.06696255984292787,0.2851655756868422,0.13880067378282548
2023-12-08 17:00:00,0.30850239019840947,0.04338369925929742,0.28976879949681456,0.14802713046781715
2023-12-08 18:00:00,0.2762753422930836,0.02585203979164362,0.25202963214367624,0.13164226153865458
2023-12-08 19:00:00,0.23848542766645547,0.023674993152645506,0.20934209068305784,0.1097398464847356
2023-12-08 20:00:00,0.18979749340564012,0.028598442111503006,0.18060592156834898,0.10264362538233396
2023-12-08 21:00:00,0.14783821674995123,0.025796221166171807,0.16898110661655663,0.1019019968714565
2023-12-08 22:00:00,0.11812737598083912,0.03762429408729076,0.151206235056743,0.08960704379715023
2023-12-08 23:00:00,0.10754831470549106,0.03096707820215008,0.13658245966769753,0.08774498525075614
2023-12-09 00:00:00,0.08902462781406939,0.01959465629336509,0.08316712143830957,0.052209891593083736
2023-12-09 01:00:00,0.06106090490706266,0.011098315563391557,0.04811203349847346,0.026029473259113728
2023-12-09 02:00:00,0.063136063888669,0.014622966240752827,0.042296047471463684,0.019185401443392036
2023-12-09 03:00:00,0.06486659299582243,0.02888254383748229,0.04277538056019693,0.022906876583583653
2023-12-09 04:00:00,0.06790873440913857,0.037423484156077574,0.04864451879635453,0.03292411296628416
2023-12-09 05:00:00,0.11950124183669689,0.08145038847557524,0.08783140247687696,0.0829604518879205
2023-12-09 06:00:00,0.1780543403699994,0.10876649273728783,0.1456241104751825,0.13081971989013252
2023-12-09 07:00:00,0.2682065931521355,0.11366709730164568,0.2377793921343982,0.22458899868652224
2023-12-09 08:00:00,0.32646284092217687,0.11524632407182996,0.29554121745750306,0.28834826162084937
2023-12-09 09:00:00,0.31871732152998444,0.09683343045752153,0.29571280080825085,0.27957312151789665
2023-12-09 10:00:00,0.3608131108991801,0.06945569502020423,0.28658313969150184,0.27665536604821683
2023-12-09 11:00:00,0.43430351357907054,0.04479010123420845,0.3035103925131261,0.3068897285498678
2023-12-09 12:00:00,0.5201962549053133,0.04651948367330161,0.3945194776728749,0.36689435308799145
2023-12-09 13:00:00,0.5463905236124992,0.062426004196432495,0.44667911250144243,0.3905295046605169
2023-12-09 14:00:00,0.5882431724481284,0.11977867553857234,0.48266295963898304,0.42187405290082086
2023-12-09 15:00:00,0.6522373669221995,0.24819498618218033,0.5318789047934115,0.4641509240306913
2023-12-09 16:00:00,0.7030751278996467,0.483501099050045,0.5864697285369037,0.48764864236116395
2023-12-09 17:00:00,0.7667456302046776,0.7051008720695972,0.6686143190041183,0.545651304423809
2023-12-09 18:00:00,0.7429954154789448,0.818155781965364,0.6653906521759927,0.5090860304236411
2023-12-09 19:00:00,0.6623248048499225,0.8898130303214894,0.6077283103577791,0.42785834386944765
2023-12-09 20:00:00,0.5834960817173122,0.9422607053409926,0.509334403835237,0.3301696291565895
2023-12-09 21:00:00,0.4899954384192824,0.9668428190729834,0.4334685848094523,0.2560582047514616
2023-12-09 22:00:00,0.42046518979594105,0.9621464082327758,0.34657721061259505,0.2037378282099962
2023-12-09 23:00:00,0.35451690729707475,0.9812327109819109,0.26077815163880586,0.13186380440369244
2023-12-10 00:00:00,0.22094926285557445,0.98009733709422,0.18327094674110408,0.09294522769283503
2023-12-10 01:00:00,0.16050271659158166,0.945316990898414,0.13286357288248835,0.07532525194808838
2023-12-10 02:00:00,0.08018058671616018,0.9296674221618608,0.09435619390569627,0.05108519870787859
2023-12-10 03:00:00,0.07938497622497381,0.9664193452081897,0.0886475102137774,0.06753064344637096
2023-12-10 04:00:00,0.12413397930562496,0.9817854203961112,0.131210618596524,0.11471674368716776
2023-12-10 05:00:00,0.26711358219385145,0.9867239003425297,0.23538020397536452,0.23719898626208302
2023-12-10 06:00:00,0.5375176034495235,0.9735788369720632,0.5130681115016341,0.49922872139140967
2023-12-10 07:00:00,0.7939582673460243,0.9901295132257721,0.7327877903170881,0.6839610193669795
2023-12-10 08:00:00,0.8821346545219422,0.9996566739136522,0.845846513081342,0.7980228867009281
2023-12-10 09:00:00,0.8618768702074884,0.9996930455619638,0.8528486143797637,0.8299134472571312
2023-12-10 10:00:00,0.8089705691859126,0.9089297977360812,0.8286693939007818,0.8077957060746846
2023-12-10 11:00:00,0.6477177381701767,0.9076373060724952,0.7563673472404479,0.7498831013962626
2023-12-10 12:00:00,0.5326494003646076,0.8636363636363636,0.7306032639555633,0.7728101202845572
2023-12-10 13:00:00,0.3396780467778444,0.6818181818181818,0.6093980124965309,0.6949311043322086
2023-12-10 14:00:00,0.16787578700110312,0.6363636363636364,0.45531267611309884,0.5270409048907458
2023-12-10 15:00:00,0.1308946201764047,0.6818181818181818,0.34843318819068375,0.39275496039539576
2023-12-10 16:00:00,0.17363751175813372,0.9545454545454546,0.36874871180392793,0.3946284248493611
2023-12-10 17:00:00,0.24547125697135921,0.9995570556954904,0.481912038018927,0.5636869886517524
2023-12-10 18:00:00,0.34223328108899304,0.9999314945123412,0.5541128476150333,0.6897899484820664
2023-12-10 19:00:00,0.42214889544993633,1.0,0.5999837162159383,0.6877357741631568
2023-12-10 20:00:00,0.3740533137694001,1.0,0.5520247529447078,0.5604741342179477
2023-12-10 21:00:00,0.3201073699630797,1.0,0.45893339747563,0.49365014728158707
2023-12-10 22:00:00,0.4555426690727472,1.0,0.46498330855742104,0.43451053336262696
2023-12-10 23:00:00,0.49327491432428355,1.0,0.4398833271302283,0.3471225983649491
2023-12-11 00:00:00,0.38277197482064357,1.0,0.30569706438109273,0.25582243424840273
2023-12-11 01:00:00,0.25071473808959127,1.0,0.16998829309828575,0.15497835040092467
2023-12-11 02:00:00,0.19657289609313014,1.0,0.13344325830228623,0.12243808126077056
2023-12-11 03:00:00,0.24457511784508826,0.9999184494668788,0.1833367985859513,0.13133366376161576
2023-12-11 04:00:00,0.2785338894091546,1.0,0.19909116819500924,0.12093882202170789
2023-12-11 05:00:00,0.41710597012192013,0.9988310666517779,0.2954258705489337,0.17194832099601626
2023-12-11 06:00:00,0.4519331957958638,0.9992165994915095,0.36073377454653377,0.18818845231086015
2023-12-11 07:00:00,0.42377630807459354,1.0,0.3298924323078245,0.1686116940807551
2023-12-11 08:00:00,0.494240296818316,1.0,0.3331299581006169,0.16091517228633162
2023-12-11 09:00:00,0.5359926662966608,1.0,0.36064376549795263,0.18662304503843188
2023-12-11 10:00:00,0.5921524139121173,1.0,0.4009447558224202,0.23733192961663008
2023-12-11 11:00:00,0.67439909664914,0.9967434932156042,0.4985149935632944,0.3813384786807001
2023-12-11 12:00:00,0.6675390024110672,0.9686423737081614,0.668555789850652,0.6066141746379434
2023-12-11 13:00:00,0.6038516333699225,0.9012853068926117,0.6797512290999292,0.671652713101357
2023-12-11 14:00:00,0.7647067747265099,0.7060613871027123,0.6514907792583107,0.5628260974958539
2023-12-11 15:00:00,0.8869050096720458,0.5233106112547895,0.7104834459722043,0.5321995846554637
2023-12-11 16:00:00,0.8443312307819721,0.4166761004450646,0.7791026189178227,0.5944840577989814
2023-12-11 17:00:00,0.9864924429729581,0.3385918546671216,0.9490606153756379,0.8411969583481549
2023-12-11 18:00:00,0.9954018021374942,0.283381255756725,0.9750141967833043,0.8777084321714936
2023-12-11 19:00:00,0.9949863646738231,0.222833794741468,0.9791932718269527,0.8425751519948244
2023-12-11 20:00:00,0.9894129357859492,0.16616299465298648,0.9316819084249437,0.6453490046970546
2023-12-11 21:00:00,0.9951793050765991,0.11084195825863968,0.8620341547578572,0.4548516868427395
2023-12-11 22:00:00,0.9951502860337496,0.10205709210850977,0.8501340977288784,0.46025060641579324
2023-12-11 23:00:00,0.9722234269231558,0.09685783672061832,0.8341832150891422,0.49561069032177324
2023-12-12 00:00:00,0.8087285103835162,0.05640032543377442,0.6852378169447182,0.4312947688437998
2023-12-12 01:00:00,0.7248403085209429,0.03693485827608541,0.7185306255705652,0.4390572440996765
2023-12-12 02:00:00,0.42162465825676915,0.04086332963948901,0.5204697117954491,0.33368272261694065
2023-12-12 03:00:00,0.1942498858273029,0.06844275855543938,0.25882583236321804,0.1454897626210004
2023-12-12 04:00:00,0.10066698310896754,0.0795521035113118,0.12604168207384644,0.056534176529385145
2023-12-12 05:00:00,0.06120884086005388,0.09824032026258381,0.06735218696296215,0.028954890756867822
2023-12-12 06:00:00,0.03623835504055022,0.27602841834453024,0.03792328236624598,0.02687916502356529
2023-12-12 07:00:00,0.046122409133240574,0.5394470134851604,0.04170839049387724,0.09925352359190581
2023-12-12 08:00:00,0.10723802260588852,0.6646719859675927,0.08938401202205568,0.21435540775768458
2023-12-12 09:00:00,0.24440063910558815,0.6769782276587052,0.19891835270449523,0.35101904901675884
2023-12-12 10:00:00,0.4182517269812524,0.6765471238846127,0.37488893045112487,0.4877754078339785
2023-12-12 11:00:00,0.5538481091894208,0.6352489506927402,0.4990729464404284,0.5417801021784543
2023-12-12 12:00:00,0.7034085257537661,0.5627773555164985,0.5826851988397538,0.5503436415269971
2023-12-12 13:00:00,0.7902179094962776,0.5495585753971879,0.6596443361230193,0.5499296106211841
2023-12-12 14:00:00,0.7873841216228903,0.5905228128351949,0.642199478317052,0.4851788706146181
2023-12-12 15:00:00,0.803530465401709,0.6033797601271759,0.6164263751357794,0.3890999535284936
2023-12-12 16:00:00,0.7249706316180525,0.6523601974275978,0.5854393992573023,0.35394271258264776
2023-12-12 17:00:00,0.6187270121090112,0.701361699957739,0.5338164745271207,0.3537486669048666
2023-12-12 18:00:00,0.6341756704635917,0.7451165369559419,0.5083962905406952,0.3223625458218156
2023-12-12 19:00:00,0.623789677135646,0.7293679610301148,0.4857801283523441,0.29814104370772837
2023-12-12 20:00:00,0.5589450867474078,0.7244483263519675,0.4406173597835004,0.2919420947879552
2023-12-12 21:00:00,0.5157804600894451,0.791339829157699,0.42305553106591115,0.3034354618936777
2023-12-12 22:00:00,0.47232445226982245,0.8452619854293086,0.3848849476501346,0.2649725440517068
2023-12-12 23:00:00,0.39115157069638373,0.8465656043453649,0.30815268272534013,0.19814766190014776
2023-12-13 00:00:00,0.3270917269773781,0.7694526814601637,0.2363051225990056,0.15556660656817256
2023-12-13 01:00:00,0.24831649124622343,0.6675808230177921,0.15007058955729008,0.0963461642898619
2023-12-13 02:00:00,0.21139613989740605,0.5381428167901257,0.11530112340115009,0.07714346454478799
2023-12-13 03:00:00,0.26476355474442237,0.5281648404760794,0.1439189100451767,0.09327174714766441
2023-12-13 04:00:00,0.4274962076172231,0.6375054219771514,0.23926145831122989,0.1621129765640944
2023-12-13 05:00:00,0.48286269739270216,0.7995462624186821,0.34701695138588545,0.2620246346481144
2023-12-13 06:00:00,0.6218227099999782,0.9554587268693878,0.46006858937442296,0.3697780129685998
2023-12-13 07:00:00,0.865849887765944,0.9904699989611452,0.6642894465848804,0.5074562430754304
2023-12-13 08:00:00,0.95096831953153,0.9895669932392511,0.8391397252492607,0.6652811452187597
2023-12-13 09:00:00,0.9692772008664904,0.9950347377224401,0.8873135251738131,0.7362856528349219
2023-12-13 10:00:00,0.9858298877812923,0.996516412848776,0.9312531633302568,0.808470380809158
2023-12-13 11:00:00,0.9980020615085959,0.9987626551227134,0.9691861297190189,0.8694206836260855
2023-12-13 12:00:00,0.9984537717700004,0.9999103483015841,0.9810402398929,0.9118890548683702
2023-12-13 13:00:00,0.9988803691789507,1.0,0.9852181676402688,0.9278199366666375
2023-12-13 14:00:00,0.9992272620648146,1.0,0.9895987191982567,0.9378789490461349
2023-12-13 15:00:00,0.99864412445575,1.0,0.9893938345089555,0.9429216831922532
2023-12-13 16:00:00,0.9987850436940789,1.0,0.9916184332594276,0.9527978112176061
2023-12-13 17:00:00,0.986085106935352,1.0,0.9807489968836307,0.9044817974418402
2023-12-13 18:00:00,0.9889487566053867,1.0,0.9931390654481947,0.9627158903889359
2023-12-13 19:00:00,0.9899922832101583,1.0,0.9895076976343988,0.9423390460759402
2023-12-13 20:00:00,0.960675063021481,1.0,0.9735982366837561,0.9362334129959343
2023-12-13 21:00:00,0.9692266947962342,1.0,0.9787777047790587,0.9346861926466227
2023-12-13 22:00:00,0.9923989600688219,1.0,0.98714025311172,0.9411632153019307
2023-12-13 23:00:00,0.9931544887274502,1.0,0.9875582081638277,0.9470665778964756
2023-12-14 00:00:00,0.9764290532656014,1.0,0.9745981027185916,0.9262376431003212
2023-12-14 01:00:00,0.9746164847910402,1.0,0.977652770485729,0.9268790915049613
2023-12-14 02:00:00,0.9880470888875424,1.0,0.9897927453555165,0.9602301684767007
2023-12-14 03:00:00,0.9929488577321172,1.0,0.9958411174640059,0.966587640363723
2023-12-14 04:00:00,0.9929624370671808,1.0,0.9942451157048344,0.9595221920870245
2023-12-14 05:00:00,0.9965837876126169,1.0,0.9868170106969774,0.944634673949331
2023-12-14 06:00:00,0.9997660351544618,1.0,0.9969700555503368,0.9921006734482944
2023-12-14 07:00:00,1.0,1.0,1.0,0.998338814638555
2023-12-14 08:00:00,1.0,1.0,1.0,1.0
2023-12-14 09:00:00,1.0,1.0,1.0,1.0
2023-12-14 10:00:00,1.0,1.0,1.0,1.0
2023-12-14 11:00:00,1.0,1.0,1.0,1.0
2023-12-14 12:00:00,0.9990789769217372,1.0,0.9998481031507254,1.0
2023-12-14 13:00:00,0.9869806237332523,1.0,0.9973823736608028,0.9998370875418185
2023-12-14 14:00:00,0.8885250030271706,1.0,0.9659653029963373,0.9807869332656264
2023-12-14 15:00:00,0.7910034026391801,0.9996312166614966,0.8691310024820268,0.8667885368689894
2023-12-14 16:00:00,0.7175451942719518,0.9961590749025345,0.7290235316939652,0.6578279185015706
2023-12-14 17:00:00,0.7002432128041982,0.9932052709297701,0.6946024502068758,0.5999183560814707
2023-12-14 18:00:00,0.7698156157694755,0.9539426046880809,0.674838317129761,0.5695271808095276
2023-12-14 19:00:00,0.9757922044210136,0.8251581949401985,0.8262963386252521,0.6251398850791157
2023-12-14 20:00:00,0.9984447643533348,0.7706595300137997,0.9418715846911072,0.844475128147751
2023-12-14 21:00:00,0.9882256656698882,0.8102865533124315,0.99188014049083,0.9313970194756983
2023-12-14 22:00:00,0.9637914083339273,0.7801405947316774,0.999588369987905,0.9719227508082986
2023-12-14 23:00:00,0.9000394237972795,0.7319323963604187,0.9925836699642241,0.9564600715413688
2023-12-15 00:00:00,0.7137026718631384,0.5151762567054139,0.9250465873442589,0.8407004469260572
2023-12-15 01:00:00,0.432251436393708,0.30616624798287045,0.6850754549540577,0.5482953126542269
2023-12-15 02:00:00,0.24330053588375444,0.18095493064685303,0.39967870980501174,0.29924567065201696
2023-12-15 03:00:00,0.13959382177330554,0.0995591691237959,0.2389836435951292,0.16286939833313221
2023-12-15 04:00:00,0.04437735760584475,0.042500471509993074,0.1470757518801838,0.11310098415240644
2023-12-15 05:00:00,0.01153615793213248,0.019077552302994513,0.14151443011593073,0.12263919266872107
2023-12-15 06:00:00,0.001229011439718306,0.011612373695454814,0.09785039845388381,0.0869978974200785
2023-12-15 07:00:00,0.003011875823140145,0.02481833624907515,0.06513621488586066,0.053328338935971255
2023-12-15 08:00:00,0.011715141264721753,0.07330231242559172,0.045340753858909004,0.03243520713876932
2023-12-15 09:00:00,0.006732516074553132,0.1448470681634816,0.027947439746931195,0.02332408608403057
2023-12-15 10:00:00,0.003786120559088886,0.18371276721358296,0.020285015949048104,0.02805940280668438
2023-12-15 11:00:00,0.0034276325860992073,0.19665794187648727,0.018233680897392333,0.038723038099706175
2023-12-15 12:00:00,0.0041214974410831925,0.23806501876901498,0.02608885212801397,0.05716729238629341
2023-12-15 13:00:00,0.015071635921485721,0.34382714446295387,0.06751052241772414,0.14282621802762147
2023-12-15 14:00:00,0.053860483616590495,0.49114639107476576,0.1477847125940025,0.26666228400543335
2023-12-15 15:00:00,0.13296581826172765,0.6286441369625653,0.20880009701475502,0.27807748403400184
2023-12-15 16:00:00,0.19979280114173892,0.702679994146932,0.2339482652023435,0.24172196568921206
2023-12-15 17:00:00,0.32400200908072296,0.7583165526119146,0.4121866518165916,0.3216885259374976
2023-12-15 18:00:00,0.2392241753824055,0.7894679741696877,0.39451290227472785,0.2557872157357633
2023-12-15 19:00:00,0.17886101227253673,0.7190708310495725,0.2906106983684003,0.19053330473601812
2023-12-15 20:00:00,0.17463787375949316,0.6054411163113333,0.2518510176986456,0.14016447474248706
2023-12-15 21:00:00,0.18066323311999438,0.5311027695644985,0.2392756097111851,0.11112371277064083
2023-12-15 22:00:00,0.22750899198465047,0.42904837487773456,0.24249394339509306,0.09864408723078666
2023-12-15 23:00:00,0.31665031885728234,0.3782821049202571,0.28631628692150113,0.10663793798070399
2023-12-16 00:00:00,0.4234655902907252,0.3699603811786933,0.31358487283810976,0.1183114481344819
2023-12-16 01:00:00,0.4499066929891705,0.45336426701058036,0.2691228000633418,0.11157433712854982
2023-12-16 02:00:00,0.38207505291327826,0.4204999719560146,0.23284657907672227,0.1168071703147143
2023-12-16 03:00:00,0.5056001967191696,0.4561964872885834,0.3382568346150219,0.22241887267678975
2023-12-16 04:00:00,0.6575234299898145,0.5290656399185006,0.49845353983342644,0.3759360085241496
2023-12-16 05:00:00,0.8859670653752982,0.7338918137143959,0.6555301968008279,0.45713384857401246
2023-12-16 06:00:00,0.9823587381280958,0.8787584962628103,0.8637584307044743,0.7099387473240493
2023-12-16 07:00:00,0.9990354483574628,0.974979324598204,0.9737125576101243,0.897624328881502
2023-12-16 08:00:00,1.0,0.994389945986596,0.9968223027139902,0.961692165788263
2023-12-16 09:00:00,1.0,0.9990799436244099,1.0,0.9799454241804778
2023-12-16 10:00:00,1.0,0.9998864828185602,0.9992732034996152,0.9702247173339129
2023-12-16 11:00:00,1.0,1.0,0.9988904481381178,0.9731972174718976
2023-12-16 12:00:00,1.0,1.0,0.9977571832574904,0.9753760640695691
2023-12-16 13:00:00,1.0,1.0,0.9988672465831041,0.9844830084592103
2023-12-16 14:00:00,1.0,1.0,0.9994934339821339,0.993055182043463
2023-12-16 15:00:00,1.0,1.0,0.9993845945224166,0.9914984963834286
2023-12-16 16:00:00,0.9991125975176692,1.0,0.9992570581659674,0.9868932251632213
2023-12-16 17:00:00,0.9441050286218524,1.0,0.9825999090634286,0.9642810725979506
2023-12-16 18:00:00,0.7881072830967603,1.0,0.9287390622869134,0.9795998372323811
2023-12-16 19:00:00,0.8875705694407224,1.0,0.8850213712081312,0.988296556584537
2023-12-16 20:00:00,0.979037345200777,1.0,0.9717909923940896,0.9597644239291548
2023-12-16 21:00:00,0.9452892969734966,0.9992109702662989,0.9922594410739839,0.9400492422841489
2023-12-16 22:00:00,0.8529305284284054,0.9931142975796352,0.9404660309292373,0.8333328301273287
2023-12-16 23:00:00,0.8429916821420192,0.9589804432608865,0.7582824170216917,0.5293282367661595
2023-12-17 00:00:00,0.6998696319386362,0.8995178808136419,0.44909109899774197,0.24973791164346038
2023-12-17 01:00:00,0.4252932297252118,0.8008764259246263,0.21090870082378388,0.08714355410076677
2023-12-17 02:00:00,0.16727575685828922,0.5182711345634676,0.08936091381125152,0.038651921511627725
2023-12-17 03:00:00,0.10218538424000145,0.3261657179621133,0.07745870827697217,0.04439331099856645
2023-12-17 04:00:00,0.08861684091389178,0.25397176083515993,0.08369480878114702,0.05017249193042516
2023-12-17 05:00:00,0.16495239456184205,0.30079877295277335,0.16523458275943995,0.08702483196742833
2023-12-17 06:00:00,0.2415070496872067,0.7049151353673501,0.21022452012635767,0.10764012013562023
2023-12-17 07:00:00,0.29254034785553806,0.8875147503208027,0.2253727255575358,0.09456436559557914
2023-12-17 08:00:00,0.22791251610964533,0.9476231383464554,0.17857767548877743,0.09824797905050217
2023-12-17 09:00:00,0.16940239850431682,0.9836732075024734,0.13326932774856684,0.1271139599010348
2023-12-17 10:00:00,0.18086788434535264,0.9981904307007791,0.14595722434110936,0.15856639651581642
2023-12-17 11:00:00,0.26693556325510137,0.9991781469366767,0.2331541957799345,0.24694709284231064
2023-12-17 12:00:00,0.49462051479145885,0.9950719677860088,0.38733131280168875,0.4438898830115794
2023-12-17 13:00:00,0.8622515147924423,0.9858392070233822,0.6395479554869232,0.6779359664767979
2023-12-17 14:00:00,0.9974722673371434,0.9723485210808839,0.9310672698915005,0.8748491963557897
2023-12-17 15:00:00,1.0,0.9530493486604906,1.0,0.9897037114948035
2023-12-17 16:00:00,1.0,0.9164477877725251,1.0,1.0
2023-12-17 17:00:00,1.0,0.595927670814774,1.0,1.0
2023-12-17 18:00:00,1.0,0.43342734957283185,1.0,0.9915623355656862
2023-12-17 19:00:00,0.9846921021118761,0.2994615693458101,0.9801996156573294,0.8308077571727334
2023-12-17 20:00:00,0.9456397503986954,0.12972166169773447,0.8837742961756883,0.6221105736680327
2023-12-17 21:00:00,0.862258700467646,0.03444016385484825,0.7911361668258905,0.5300771198607981
2023-12-17 22:00:00,0.7687996375747022,0.011456405175003138,0.6664699856936932,0.4330176141299308
2023-12-17 23:00:00,0.7094352508336303,0.0166500334949656,0.6095155958086251,0.38846079643815756
2023-12-18 00:00:00,0.6129723272658881,0.031507795679975636,0.5165847705863416,0.2843918326124548
2023-12-18 01:00:00,0.37239704081788655,0.0592776635018262,0.2578734217770397,0.11416373810730873
2023-12-18 02:00:00,0.249752906486392,0.09945669402453032,0.1983447704836726,0.09387542199343443
2023-12-18 03:00:00,0.185644142832607,0.13389557348733597,0.15393529665656386,0.11456612510606647
2023-12-18 04:00:00,0.18325135521590702,0.1565119544484398,0.17680041844025254,0.19348424128256733
2023-12-18 05:00:00,0.35100081834942104,0.27533038827505973,0.26949039533734315,0.28254955811426036
2023-12-18 06:00:00,0.6646852330677209,0.5711041941832411,0.4855397613346576,0.5526445012167095
2023-12-18 07:00:00,0.8933824898488818,0.7920769033513285,0.7529277832806109,0.795563273821026
2023-12-18 08:00:00,0.967723808735609,0.8924882693724198,0.907539979405701,0.8971825411356985
2023-12-18 09:00:00,0.9936068126559257,0.9196213071590121,0.9690676924958824,0.9349032404646277
2023-12-18 10:00:00,0.9984095896407962,0.948455328060822,0.9837332783825696,0.9285102782398463
2023-12-18 11:00:00,0.9990017251670361,0.95213454564864,0.9849854479916395,0.906150976680219
2023-12-18 12:00:00,0.990892487205565,0.9605916943739761,0.9674838879331946,0.8385698016360402
2023-12-18 13:00:00,0.9621188846789299,0.9757679019055583,0.9153438900224864,0.6904563853889701
2023-12-18 14:00:00,0.8951346154510973,0.9813721392777832,0.8476562112756074,0.5860501714423298
2023-12-18 15:00:00,0.8272180598229169,0.990663120570508,0.7892151632532474,0.46756115870550263
2023-12-18 16:00:00,0.7829868360981342,0.9945474048365246,0.7093543807603419,0.4033383442088961
2023-12-18 17:00:00,0.7169145106710493,0.9671591891212897,0.7051655306480825,0.4586799698509275
2023-12-18 18:00:00,0.6609829629212617,0.9440656573934988,0.6427815033122896,0.4054277498275041
2023-12-18 19:00:00,0.5688052738830445,0.8891648870029232,0.5168746705539524,0.3126309183519333
2023-12-18 20:00:00,0.5152711789123713,0.8113792108541183,0.45667046612128603,0.3581528469920158
2023-12-18 21:00:00,0.6375743703916668,0.7438644164665177,0.5072032707929611,0.347605214100331
2023-12-18 22:00:00,0.6390775940939784,0.7898830570686947,0.4633412851020695,0.2245755895413458
2023-12-18 23:00:00,0.4387561885640025,0.8702063873681154,0.34511107813566916,0.15608703944832086
2023-12-19 00:00:00,0.36699338953942057,0.9159895010021599,0.31757441457360974,0.14611886803060772
2023-12-19 01:00:00,0.2662536459788679,0.8875235004858536,0.23222067901864646,0.08580839453730732
2023-12-19 02:00:00,0.11443258072249593,0.8386095931448718,0.08382951390929519,0.02322940625250339
2023-12-19 03:00:00,0.026558233029209073,0.8260141720148648,0.0180796995293349,0.005647521545179188
2023-12-19 04:00:00,0.008899980378337204,0.8819238573041827,0.006391483047045767,0.003670089230872691
2023-12-19 05:00:00,0.08256201455835252,0.8746310761029066,0.027443196224048734,0.033130868119187654
2023-12-19 06:00:00,0.15277285180985925,0.9125434857471423,0.05600721085444092,0.0466698396531865
2023-12-19 07:00:00,0.2319295891746878,0.9250962291928854,0.10276738093234596,0.06600723773241042
2023-12-19 08:00:00,0.2889755045063793,0.9262966918132522,0.166616771640256,0.1189606897858903
2023-12-19 09:00:00,0.405251332540065,0.9336989796432582,0.3299868504423648,0.2312489275261759
2023-12-19 10:00:00,0.5308104943856595,0.904109420031309,0.5299609613418578,0.4133059707190841
2023-12-19 11:00:00,0.539726406931877,0.8516120443560861,0.614457507599145,0.5548825094662607
2023-12-19 12:00:00,0.5203006347268819,0.7230056376213376,0.6684995377622545,0.6656799531541763
2023-12-19 13:00:00,0.5343976594507693,0.6158426648107441,0.6850939726270735,0.6806912641040979
2023-12-19 14:00:00,0.5535116809234022,0.4458523449030789,0.710124406646937,0.696133600566536
2023-12-19 15:00:00,0.527648533899337,0.2864405483346093,0.6808615119196474,0.6639982410520314
2023-12-19 16:00:00,0.547228880431503,0.16143375467170368,0.6808677417226136,0.6165857988223431
2023-12-19 17:00:00,0.6314752381481228,0.0703756739741022,0.7365604906715452,0.6521389080584047
2023-12-19 18:00:00,0.5881257773749531,0.05573767740279436,0.7079158379510044,0.6173061824589966
2023-12-19 19:00:00,0.5520661851018664,0.05995285720310429,0.7126576056331395,0.6267441143095491
2023-12-19 20:00:00,0.6087858807295561,0.035410016500814386,0.7641202552244067,0.6748097154684365
2023-12-19 21:00:00,0.6071781804971395,0.025764508088203998,0.7391764527373016,0.6218665228411555
2023-12-19 22:00:00,0.5827596276439725,0.013608645166863094,0.6918589604832232,0.5400517935678362
2023-12-19 23:00:00,0.5405468592979015,0.00781877352771434,0.6431468238681552,0.4832938365265726
2023-12-20 00:00:00,0.5461011247709393,0.013461086201396855,0.676037326902151,0.5563752044737339
2023-12-20 01:00:00,0.5841520716808735,0.030259230942888692,0.6431029959022996,0.4864899644814431
2023-12-20 02:00:00,0.7134892142750322,0.03830375876616348,0.6358086483366787,0.40422998230904345
2023-12-20 03:00:00,0.7369429274834692,0.041581921425055374,0.616803037934005,0.3827061340212821
2023-12-20 04:00:00,0.7569188048131764,0.06933551463213834,0.6181227733008563,0.3933614161610603
2023-12-20 05:00:00,0.8199393827840685,0.22626469415019856,0.6810910313948988,0.4033574893977493
2023-12-20 06:00:00,0.9100057115219534,0.44857472347942284,0.7425534000247714,0.47425892209634185
2023-12-20 07:00:00,0.9104630393907427,0.6659288431974973,0.778365814909339,0.5034735912084578
2023-12-20 08:00:00,0.8779588418081401,0.8641170674968848,0.7773600117675958,0.4798352075926959
2023-12-20 09:00:00,0.8720777397602796,0.9374195953119884,0.7374095758609471,0.44522689459845427
2023-12-20 10:00:00,0.8552745445258914,0.9659630086205222,0.7142090409435331,0.44888019200414414
2023-12-20 11:00:00,0.8151651998981833,0.9824988535994831,0.7021864759176968,0.44639953184872866
2023-12-20 12:00:00,0.8358648653887213,0.9963483144207435,0.7162764968723059,0.47040623901411893
2023-12-20 13:00:00,0.8050828637182712,1.0,0.6702082850784062,0.42768107498064634
2023-12-20 14:00:00,0.6989298812672494,1.0,0.6163115293718874,0.3784678007569164
2023-12-20 15:00:00,0.6716794792003928,1.0,0.5355615799501539,0.2975971314497292
2023-12-20 16:00:00,0.5472569604590535,0.99942190178416,0.4528759749233722,0.21481989111751315
2023-12-20 17:00:00,0.478206471838057,0.9992111319303512,0.3951920764520765,0.182943023936823
2023-12-20 18:00:00,0.28718200396746396,0.9991648739034479,0.2673048080969601,0.141064969683066
2023-12-20 19:00:00,0.1450891382619738,0.9987578701431101,0.20480166271328926,0.14095206764526666
2023-12-20 20:00:00,0.11346210107207294,0.9990719571438702,0.17394285874906926,0.1541712047718465
2023-12-20 21:00:00,0.0767438882868737,0.9996100193262101,0.1292481565661728,0.10900324513670058
2023-12-20 22:00:00,0.04422250785399228,0.9997184641252864,0.09348590999841688,0.07977579470258206
2023-12-20 23:00:00,0.03233376562595367,0.9995803118293936,0.0901603354420513,0.08976106951478868
2023-12-21 00:00:00,0.05472973022609949,0.9983201363953677,0.1246539846807718,0.10830408157780765
2023-12-21 01:00:00,0.05444603037089108,0.9960668404264884,0.1288596609840169,0.10822088846936821
2023-12-21 02:00:00,0.01584949490148574,0.9796870925209739,0.0855068530095741,0.08566967975348233
2023-12-21 03:00:00,0.006284048669040204,0.9660855747082014,0.06939069487620145,0.0795072247600183
2023-12-21 04:00:00,0.010329663422890007,0.981743741848252,0.0772081677103415,0.09833879005163908
2023-12-21 05:00:00,0.02403097194153815,0.9939571240137923,0.10642960591707377,0.1020827287342399
2023-12-21 06:00:00,0.07141797102987767,0.9997196883505041,0.16564936420880258,0.14579913787543775
2023-12-21 07:00:00,0.06771570198237896,1.0,0.21919709515757854,0.2394280761200934
2023-12-21 08:00:00,0.053765793135389685,1.0,0.2551777216792106,0.3777501183748245
2023-12-21 09:00:00,0.09546832191292198,1.0,0.288135330779478,0.47477243809029446
2023-12-21 10:00:00,0.21047963137738407,1.0,0.36919909938238565,0.5853993672784418
2023-12-21 11:00:00,0.27691491829231374,1.0,0.44949525330215684,0.6760476085171102
2023-12-21 12:00:00,0.33633433327078804,1.0,0.5253573331236839,0.7185826074518262
2023-12-21 13:00:00,0.35480782901868213,1.0,0.5331078828126192,0.6712504606321452
2023-12-21 14:00:00,0.4419678230956196,0.9998815334114162,0.5491555899195374,0.6678086982108652
2023-12-21 15:00:00,0.6261337713338435,0.99847070642493,0.5602943859435617,0.655477866437286
2023-12-21 16:00:00,0.864538139794022,0.9924295131591232,0.6542582785524427,0.6920563350617884
2023-12-21 17:00:00,0.9913287262991071,0.9650314309244806,0.8759672754257917,0.8371283912844956
2023-12-21 18:00:00,0.9440114805102346,0.9757150101797145,0.9154715669713913,0.8249995242431758
2023-12-21 19:00:00,0.6661726825870572,0.9663147148896349,0.8021110275574027,0.688546475507319
2023-12-21 20:00:00,0.36953339828178283,0.8959905619241972,0.6159423385746776,0.5161636829376222
2023-12-21 21:00:00,0.1680662694294005,0.7652098021724008,0.4132027606666087,0.3589895462431013
2023-12-21 22:00:00,0.10055819007568062,0.6084215668792072,0.27337459729053076,0.24185111766681072
2023-12-21 23:00:00,0.12069117065053431,0.5420085917548699,0.18670493802055713,0.127909635794349
2023-12-22 00:00:00,0.18570421618409455,0.5406640312075615,0.1520869731996208,0.08472516137175262
2023-12-22 01:00:00,0.2132050158921629,0.6055331465601921,0.1230727288778871,0.08756105224136264
2023-12-22 02:00:00,0.20628657629713412,0.6024900882081552,0.08662479911465197,0.06840485131833701
2023-12-22 03:00:00,0.22071060323156413,0.6994012586772441,0.07731574253179135,0.08193161187693476
2023-12-22 04:00:00,0.35127820560708634,0.8272118449346585,0.14051423277705904,0.14394458448980002
2023-12-22 05:00:00,0.6528939197957515,0.9116497984799473,0.3787591473571955,0.32380363182164734
2023-12-22 06:00:00,0.7028456171415745,0.9845081199028275,0.5172140476480126,0.4114032488502562
2023-12-22 07:00:00,0.6981263135559854,0.9953575218401173,0.5348119810596108,0.3875842797942459
2023-12-22 08:00:00,0.7020075058750807,0.996190629452467,0.48960737841203794,0.33454022230580444
2023-12-22 09:00:00,0.6799015479907392,0.9965503723783926,0.4860921338200569,0.32962606139481065
2023-12-22 10:00:00,0.6099971728771924,0.9954459842904048,0.4932865044660867,0.32500692226923994
2023-12-22 11:00:00,0.5561531148850918,0.9975761846791613,0.4562658969685434,0.3163408346381039
2023-12-22 12:00:00,0.5278683642670512,0.998004539148374,0.43979919148609037,0.32716674031689763
2023-12-22 13:00:00,0.5432604354992508,0.9980332849513401,0.47127764884382484,0.3760907118022442
2023-12-22 14:00:00,0.5477748420834542,0.9975533637946302,0.5262033036537468,0.41472361344844105
2023-12-22 15:00:00,0.5211889941990376,0.9968731643665921,0.5365123509056865,0.4268808977119624
2023-12-22 16:00:00,0.5428040565550328,0.9929227643663233,0.557518270406872,0.5014292965084315
2023-12-22 17:00:00,0.5524305825121701,0.9764733495495538,0.547427389845252,0.46489597316831355
2023-12-22 18:00:00,0.6116467116773125,0.9688625379042193,0.593718709014356,0.5126088327169418
2023-12-22 19:00:00,0.6512996008247134,0.947705420309847,0.6379589185863731,0.6198498524911701
2023-12-22 20:00:00,0.7874046400003135,0.9422173184969208,0.7487226785719393,0.7281660682521758
2023-12-22 21:00:00,0.8615056790784001,0.950176999325102,0.8324392467923462,0.8224028864875434
2023-12-22 22:00:00,0.9192703442648053,0.9599055589600042,0.900927802044898,0.9144164983183145
2023-12-22 23:00:00,0.9539987621083857,0.9670106133818627,0.9541037809848784,0.9649164707772434
2023-12-23 00:00:00,0.9509213682077826,0.9543384237722917,0.9618347486108542,0.9737264398299156
2023-12-23 01:00:00,0.919574057366699,0.961022847552191,0.9501192612946033,0.969167858660221
2023-12-23 02:00:00,0.8960452003590763,0.7921749636666339,0.9484164373017847,0.9755092960782349
2023-12-23 03:00:00,0.9329893750324845,0.7220010068877176,0.968441404197365,0.9871336976252497
2023-12-23 04:00:00,0.9710112222097814,0.7477837193960493,0.983991818446666,0.9942870939522982
2023-12-23 05:00:00,0.9374116818979381,0.9643039542301135,0.9645546861737967,0.9664885714463889
2023-12-23 06:00:00,0.9667863780818879,0.945598132827065,0.9817239511199296,0.9925647554174065
2023-12-23 07:00:00,0.9905693156830966,0.9265274342217228,0.9950040417164564,0.9983127670362592
2023-12-23 08:00:00,0.9962392581999301,0.9254578932036052,0.9976782675832511,0.9970360811427235
2023-12-23 09:00:00,0.9954992429539561,0.9135900007459251,0.9976555676013231,0.9966303560137749
2023-12-23 10:00:00,0.9949453535303473,0.8775091637400062,0.998607084043324,0.9947577433101833
2023-12-23 11:00:00,0.9921967615187168,0.8463405917991289,0.9988020933791996,0.9950721380114556
2023-12-23 12:00:00,0.9900131391361355,0.8745582775365223,0.9982335982844235,0.9923240268789233
2023-12-23 13:00:00,0.9856145363114772,0.9203801736371081,0.9897792790830134,0.9945620547980071
2023-12-23 14:00:00,0.9914501243829728,0.9794516336511481,0.9867497077956793,0.9759056887589395
2023-12-23 15:00:00,0.9858815483935178,0.9974701275337826,0.9400687076896429,0.9408528687432408
2023-12-23 16:00:00,1.0,0.9945444002341141,0.9794208067469299,0.9492021273449064
2023-12-23 17:00:00,1.0,0.9062502220882611,1.0,0.9852790650166571
2023-12-23 18:00:00,1.0,0.8206900557469237,1.0,1.0
2023-12-23 19:00:00,1.0,0.8011424370110034,1.0,1.0
2023-12-23 20:00:00,1.0,0.5929107979752801,1.0,1.0
2023-12-23 21:00:00,1.0,0.2913468613678759,1.0,0.9993052262812853
2023-12-23 22:00:00,1.0,0.12605142068795178,1.0,0.99362314959988
2023-12-23 23:00:00,1.0,0.11159745828671891,1.0,0.9683480815216898
2023-12-24 00:00:00,1.0,0.11488299249586734,0.9983225743100047,0.9553665717132389
2023-12-24 01:00:00,0.997203872539103,0.09610873263667931,0.9759597383998336,0.8134980126097798
2023-12-24 02:00:00,0.9990407889708877,0.07435890542851253,0.9926788768544793,0.8638088454306123
2023-12-24 03:00:00,1.0,0.07147122155197641,0.9940691950544714,0.8653239129856227
2023-12-24 04:00:00,0.9993136485293508,0.06821113583716479,0.990235750246793,0.8235848290100694
2023-12-24 05:00:00,1.0,0.03423270408064127,0.9993591054901481,0.9265859949402508
2023-12-24 06:00:00,0.9806274028681219,0.03055157569321719,0.96058046489954,0.7835912968963383
2023-12-24 07:00:00,0.9002379724383355,0.042104231108996,0.8391866530664265,0.605042071454227
2023-12-24 08:00:00,0.8348526208475232,0.05617014455524358,0.7705069209076463,0.5293644561059773
2023-12-24 09:00:00,0.7910590185411274,0.05776589619842442,0.7166150202415882,0.45451298473402846
2023-12-24 10:00:00,0.757272745296359,0.0951833743195642,0.671979095134884,0.3946538580954073
2023-12-24 11:00:00,0.6580717360042034,0.15644184888763857,0.5829404773749411,0.3319943295512348
2023-12-24 12:00:00,0.6326334022358059,0.20382251746275204,0.5385637606121599,0.3191972460597754
2023-12-24 13:00:00,0.6163091417774557,0.22615803725340153,0.5253708529099822,0.30808717973530286
2023-12-24 14:00:00,0.5351304933801294,0.22550520300865173,0.48010847765952347,0.2636854020878672
2023-12-24 15:00:00,0.4436221720837056,0.2451198141005906,0.3827842487767338,0.20602062375284733
2023-12-24 16:00:00,0.3833751496858894,0.3023391205478798,0.30565444784238927,0.1695965294260532
2023-12-24 17:00:00,0.29663997208699583,0.42407530596310444,0.2595941626653075,0.17028701164759696
2023-12-24 18:00:00,0.28412040403112765,0.4458243744075298,0.24805625079199664,0.22018469467759133
2023-12-24 19:00:00,0.37688358074054124,0.5350104509429496,0.29339597938582296,0.28807507051154974
2023-12-24 20:00:00,0.4761905823275447,0.6111428936909543,0.37577426483854653,0.32618395240977405
2023-12-24 21:00:00,0.5541453230381013,0.6973659731447696,0.4423833499476314,0.3593799876794219
2023-12-24 22:00:00,0.6560258069448172,0.7306803295287216,0.5311808297410606,0.4052389602921903
2023-12-24 23:00:00,0.7219036538526413,0.7505613486604255,0.6084973475337025,0.46502430953085416
2023-12-25 00:00:00,0.7064076876640318,0.7572589801658282,0.5781889366172253,0.42898145148530603
2023-12-25 01:00:00,0.6232218861952422,0.5983449461514299,0.4521842305362224,0.30958197422325606
2023-12-25 02:00:00,0.3992795006930827,0.5866475612196056,0.29446896400302647,0.21052387498319142
2023-12-25 03:00:00,0.32083037242293355,0.588018666438081,0.24877568898722524,0.17874191826209423
2023-12-25 04:00:00,0.28315706079825753,0.5376816032285039,0.21297756565734743,0.16595683334395286
2023-12-25 05:00:00,0.42321398586034775,0.7328172402625732,0.3222059267200529,0.25684699522331356
2023-12-25 06:00:00,0.7071948080696164,0.8264583273502913,0.6156536268442867,0.5119432047009468
2023-12-25 07:00:00,0.8923690222576259,0.9126827033812348,0.8570263104327022,0.7334061721526085
2023-12-25 08:00:00,0.9222920334339142,0.9363726082444191,0.8891411619633435,0.7447294813394545
2023-12-25 09:00:00,0.9270477474294603,0.9372769584709947,0.8692729313112795,0.6999324564076959
2023-12-25 10:00:00,0.9120773101970552,0.9383422432568941,0.860402805376798,0.6714186489209532
2023-12-25 11:00:00,0.908922727946192,0.9626956391876393,0.8752103224210439,0.6872411739639936
2023-12-25 12:00:00,0.931802639644593,0.97988292821429,0.8942354303970932,0.7217800877802073
2023-12-25 13:00:00,0.9413744863122702,0.9804616315527395,0.9060351083986461,0.7370412405766545
2023-12-25 14:00:00,0.9513220785371959,0.9845373848622497,0.9118409549631177,0.723424141090363
2023-12-25 15:00:00,0.931226752884686,0.98549139757048,0.8740615577809513,0.6561608094163238
2023-12-25 16:00:00,0.8931521079316734,0.9871793737465684,0.8425945309363306,0.586141313575208
2023-12-25 17:00:00,0.7840640448033811,0.9870388930223206,0.7424580908194183,0.45008488237857813
2023-12-25 18:00:00,0.6944638794846831,0.987094295377081,0.716762260273099,0.4608177222684025
2023-12-25 19:00:00,0.6906199864484369,0.9850860476629301,0.7457847107946872,0.4880156139284372
2023-12-25 20:00:00,0.7304508615657685,0.9846116600795226,0.759341545049101,0.47742466852068904
2023-12-25 21:00:00,0.6124666188843547,0.9870658415691419,0.7161620409600435,0.4961572406627236
2023-12-25 22:00:00,0.3403649581223726,0.9704200442948122,0.5874461643584071,0.4373494247905909
2023-12-25 23:00:00,0.23291974449530242,0.9720292703942818,0.5312914047017694,0.41389688895083954
2023-12-26 00:00:00,0.2632157230377197,0.9742869105393236,0.5064049962908028,0.3507516999822109
2023-12-26 01:00:00,0.2641347853839397,0.9313974716175685,0.3916619834676385,0.2695342664048076
2023-12-26 02:00:00,0.14163577502593397,0.8495766392892056,0.3151193882385268,0.216771750501357
2023-12-26 03:00:00,0.06906387147493659,0.8019353541189974,0.2529173609660938,0.19420370971783996
2023-12-26 04:00:00,0.10091135487891734,0.7453424430977215,0.2097433459386229,0.21074240891262885
2023-12-26 05:00:00,0.34373482516035436,0.8762243842536752,0.36703960059210655,0.3107762391865253
2023-12-26 06:00:00,0.7794115944392978,0.9443082518198274,0.7605726573802529,0.66158823993057
2023-12-26 07:00:00,0.9544807093031703,0.9837286661836234,0.9521529442258179,0.8741928248107432
2023-12-26 08:00:00,0.9661574562080203,0.9944589576937936,0.976812363676727,0.9173075409978629
2023-12-26 09:00:00,0.9717474351637065,0.9988972052118995,0.9759241644851864,0.915064578372985
2023-12-26 10:00:00,0.9810202384367583,0.9994413843750954,0.9858853107504547,0.9262333656474948
2023-12-26 11:00:00,0.9907806544750929,0.9994624697891148,0.9906564307771624,0.9338629519008101
2023-12-26 12:00:00,0.9962886346504092,0.9996013447371396,0.9904019781760871,0.9170098407380283
2023-12-26 13:00:00,0.9976899747550488,0.998654635900801,0.9896597169712186,0.915437110364437
2023-12-26 14:00:00,0.99903505127877,0.9974380558729172,0.9932134872861207,0.9246205879934131
2023-12-26 15:00:00,1.0,0.9964793811332097,0.9974379082769155,0.9370313366688787
2023-12-26 16:00:00,1.0,0.9954233274270188,0.998872155919671,0.9506179032474755
2023-12-26 17:00:00,0.999453853406012,0.9953356409614735,0.9964606971479952,0.92883912358433
2023-12-26 18:00:00,1.0,0.9945174905928699,0.9986859545111656,0.9599670318141579
2023-12-26 19:00:00,1.0,0.9970598332177509,0.9981448654457927,0.9359894678927958
2023-12-26 20:00:00,1.0,0.997419535368681,0.9919774137064814,0.9069187464937567
2023-12-26 21:00:00,0.9994336289912462,0.9966637830842625,0.9789699051529168,0.8527642083913088
2023-12-26 22:00:00,0.9980973698943854,0.9962978059188885,0.9772928439266979,0.8587499100901185
2023-12-26 23:00:00,0.9986049637570977,0.9980545182932506,0.9812248653359712,0.863993731327355
2023-12-27 00:00:00,0.9908249913342295,0.9967965598133478,0.965456268042326,0.8161495569720865
2023-12-27 01:00:00,0.9755474543757736,0.9970669801939618,0.9425659116357563,0.7222416695393622
2023-12-27 02:00:00,0.751837214231491,0.9985352744839407,0.75419553656131,0.5647246163897215
2023-12-27 03:00:00,0.610756796710193,0.9906286122853106,0.6876160458102821,0.5976637991517779
2023-12-27 04:00:00,0.676037699356675,0.9923325068029492,0.7402316008694467,0.7415911711379884
2023-12-27 05:00:00,0.7418429607339203,0.9991866653886707,0.829323557578027,0.8893344513699413
2023-12-27 06:00:00,0.8396917978115379,0.9987839491800827,0.8531281837821004,0.9023436332680285
2023-12-27 07:00:00,0.9424324332922696,0.999320284182375,0.8828334893286226,0.8973185151815413
2023-12-27 08:00:00,0.9324604528956116,0.9917090187831359,0.867654562536627,0.8141351364925503
2023-12-27 09:00:00,0.8364152783714234,0.9819142685288732,0.7430876121670007,0.7542289135977625
2023-12-27 10:00:00,0.8342915724031627,0.9884191240641201,0.7189051900245249,0.6978157923743129
2023-12-27 11:00:00,0.6875241246446966,0.9824381730908697,0.6035444302111864,0.6543338814005255
2023-12-27 12:00:00,0.8447000736743211,0.9592628065293485,0.6307352318242191,0.6858484536036848
2023-12-27 13:00:00,0.704389901217073,0.9337216617844319,0.6600404500402508,0.4951940562948584
2023-12-27 14:00:00,0.49905706301331526,0.9148726563020186,0.4019956036657095,0.30061853045597664
2023-12-27 15:00:00,0.44291344102472063,0.9074460322206671,0.3025230173580349,0.20288416801951825
2023-12-27 16:00:00,0.3018173480872065,0.8701161843538283,0.24866833651438355,0.1396718029119074
2023-12-27 17:00:00,0.14805859634652732,0.7924781918525693,0.21466728026978665,0.12067347872070966
2023-12-27 18:00:00,0.01661456519272178,0.6901100885868071,0.058778231497853994,0.053023229879327116
2023-12-27 19:00:00,0.013181507191620766,0.5879936011406507,0.021076594586484136,0.05531128099188209
2023-12-27 20:00:00,0.11829246790613976,0.5411329558220775,0.08212453035637733,0.1392670116107911
2023-12-27 21:00:00,0.3858165476843714,0.5195126233859495,0.2279177438793704,0.25437001721002156
2023-12-27 22:00:00,0.7038402539119123,0.5290214949033476,0.42553745988756414,0.4206548257637769
2023-12-27 23:00:00,0.9178313720785081,0.5377418733591383,0.6485854171961545,0.570193458199501
2023-12-28 00:00:00,0.951755588222295,0.5345875805751843,0.7377323568053542,0.6071190577559173
2023-12-28 01:00:00,0.9319722933880985,0.5190669415484775,0.6844807665608822,0.5937434666417539
2023-12-28 02:00:00,0.9133650932461023,0.4592280798066746,0.5965707194991409,0.5338568514864891
2023-12-28 03:00:00,0.9271198229864239,0.37918984182856286,0.5940037810802459,0.5903000948484985
2023-12-28 04:00:00,0.9524313688464462,0.35635111023079263,0.691773988585919,0.6921013251598924
2023-12-28 05:00:00,0.9689371017552912,0.4565106586028229,0.7610248794220388,0.74763368466869
2023-12-28 06:00:00,0.9946069588512182,0.648630456545136,0.8976588763110339,0.8612681386992334
2023-12-28 07:00:00,1.0,0.7707308768006889,0.9753079389967023,0.9300292135961353
2023-12-28 08:00:00,1.0,0.8497825308685951,0.9954130345024169,0.9681659238785505
2023-12-28 09:00:00,1.0,0.8936844776435333,0.9924898969568312,0.9622169250808655
2023-12-28 10:00:00,1.0,0.8943436139144679,0.9860585482046009,0.9454959665238857
2023-12-28 11:00:00,1.0,0.8748348460278728,0.9904973137937487,0.9496210950985551
2023-12-28 12:00:00,1.0,0.9484604266285895,0.9912503218837082,0.9351215270534157
2023-12-28 13:00:00,1.0,0.9661993347243829,0.9881383964978159,0.9218397697992623
2023-12-28 14:00:00,1.0,0.9761887619983066,0.9885081208869816,0.9269912117160856
2023-12-28 15:00:00,0.9994405085220933,0.9863854493200777,0.9846081158518792,0.8928947140835224
2023-12-28 16:00:00,0.9911169919371605,0.9876093265685167,0.9730373742617667,0.8911079953797161
2023-12-28 17:00:00,0.9481554040312764,0.9911017547547817,0.9541836652904749,0.8705356696993111
2023-12-28 18:00:00,0.9262437794357536,0.9986430610309948,0.9617282848432659,0.9307322338595986
2023-12-28 19:00:00,0.9087530101276933,0.9981558275087313,0.9788916073739528,0.9855276514962316
2023-12-28 20:00:00,0.9368469372950495,0.9831808658215134,0.9854028525203465,0.9988217364251614
2023-12-28 21:00:00,0.9692739028297365,0.9624195740846072,0.9897918112762271,0.9995178742706775
2023-12-28 22:00:00,0.977628028485924,0.9680325359376994,0.9899461136758327,0.9991949637979268
2023-12-28 23:00:00,0.9528915025852619,0.991824362874031,0.979878366664052,0.9971443601325154
2023-12-29 00:00:00,0.8708193988166747,0.9991916838830167,0.9472510300949214,0.9904261990264057
2023-12-29 01:00:00,0.7684041902422905,1.0,0.9142197549715637,0.9657221019454301
2023-12-29 02:00:00,0.7491682104207573,1.0,0.9267169983312487,0.9722019144520163
2023-12-29 03:00:00,0.6979204682633279,1.0,0.8906500164605676,0.9568450895696877
2023-12-29 04:00:00,0.6511646706983446,1.0,0.8238614666461943,0.867049991544336
2023-12-29 05:00:00,0.6938596352376042,1.0,0.809117839820683,0.8332397017627954
2023-12-29 06:00:00,0.7370136993378399,1.0,0.8308965404890478,0.8487201141752302
2023-12-29 07:00:00,0.852778827343136,0.9998077938773414,0.8623805189877747,0.8762573587149382
2023-12-29 08:00:00,0.8687147269397975,0.994261069975116,0.8515241614356637,0.848214096892625
2023-12-29 09:00:00,0.8758535353839398,0.9679025615887208,0.8509437000006437,0.8428025017492472
2023-12-29 10:00:00,0.8964845894835889,0.9171253137019547,0.8396305215731262,0.8147517336159943
2023-12-29 11:00:00,0.9144230211153627,0.8805964724042199,0.8045050947740672,0.7566454580612479
2023-12-29 12:00:00,0.938503390625119,0.9021764892610638,0.805753781683743,0.6960965724289416
2023-12-29 13:00:00,0.9225445604324339,0.8975033797052773,0.789597125351429,0.6441290463879704
2023-12-29 14:00:00,0.8620060035958883,0.8728257137401537,0.7670843653380869,0.5868858200125395
2023-12-29 15:00:00,0.7216479569114743,0.8151804883642629,0.6276075895130632,0.4550436054170131
2023-12-29 16:00:00,0.6541884948872029,0.6874653698774901,0.5295104473270476,0.3941585725545882
2023-12-29 17:00:00,0.5891387679055332,0.6456993787938898,0.4343422902561723,0.315325970724225
2023-12-29 18:00:00,0.4837437586300074,0.57636818152937,0.33559313656762246,0.22067701803520315
2023-12-29 19:00:00,0.35516626479104163,0.5141048355536028,0.22705043243244288,0.12898982346989213
2023-12-29 20:00:00,0.2457506892085075,0.5039855263720858,0.14791240353137253,0.07976858953479675
2023-12-29 21:00:00,0.15341929156333212,0.5117876164479689,0.09465584564022717,0.04653815345373004
2023-12-29 22:00:00,0.07448367265053095,0.535952375382185,0.050391094237566,0.0227866881666705
2023-12-29 23:00:00,0.027558365692384543,0.5874679729748853,0.028774267057888207,0.016226847167126836
2023-12-30 00:00:00,0.005951840588822962,0.4641211067411033,0.009780607968568802,0.005483612394891679
2023-12-30 01:00:00,0.0007752210646867751,0.2441700180349025,0.002349999574944377,0.0009526626486331224
2023-12-30 02:00:00,0.0002977731730788945,0.1108343374796889,0.00010852794628590345,0.00028805558569729324
2023-12-30 03:00:00,0.0002003468945622444,0.07070654244585471,0.0,0.0
2023-12-30 04:00:00,1.4460925012826918e-06,0.04808230938220566,4.9953167326748365e-05,0.0001454683160409331
2023-12-30 05:00:00,0.002715222705155611,0.05115986683151938,0.002808368629775942,0.004225210794247687
2023-12-30 06:00:00,0.00824913205113262,0.06474670160900461,0.004258719948120416,0.007138044573366641
2023-12-30 07:00:00,0.035865244641900065,0.08832231249998915,0.014088189215399324,0.022185803595930337
2023-12-30 08:00:00,0.10101393840275703,0.1153913826901804,0.048169625597074626,0.05784478902351112
2023-12-30 09:00:00,0.1802972097229212,0.13183776919137347,0.10566025332547724,0.11037753926124423
2023-12-30 10:00:00,0.25575522279366847,0.10060378169132905,0.18920670740306375,0.17990352317690844
2023-12-30 11:00:00,0.35382636882364743,0.06509634928608482,0.29409708671271795,0.2726564306765794
2023-12-30 12:00:00,0.5098867978714408,0.045244460376826195,0.43474657714366904,0.3929649410024285
2023-12-30 13:00:00,0.6381519766524434,0.04542855412106622,0.5365966849029064,0.46981648998334996
2023-12-30 14:00:00,0.6723941223882137,0.04900983892042528,0.569532400537282,0.4930688006058336
2023-12-30 15:00:00,0.6959446951001881,0.06665526076812633,0.6028743722662329,0.5268629619106651
2023-12-30 16:00:00,0.7256417424231766,0.09748528985814615,0.6447915752045809,0.556462069042027
2023-12-30 17:00:00,0.8961437580175696,0.23226604515855956,0.838335548788309,0.6972631617635486
2023-12-30 18:00:00,0.8947274759039282,0.18337085655467078,0.8175242211110889,0.6735626685060557
2023-12-30 19:00:00,0.8374636107124386,0.2316629819842902,0.7500643394701181,0.6076254049502312
2023-12-30 20:00:00,0.825769911073148,0.3191560636528514,0.7172677062824366,0.6071780386194585
2023-12-30 21:00:00,0.9069546769373118,0.35252409513023764,0.7697609215416013,0.675929814763367
2023-12-30 22:00:00,0.966057491917163,0.34883484836329115,0.8362032943591472,0.732893436439335
2023-12-30 23:00:00,0.9879553360119461,0.3457691998644309,0.8836616014316676,0.7808852507732807
2023-12-31 00:00:00,0.9831953633017837,0.32623990017582066,0.8631619199737905,0.7507449643127619
2023-12-31 01:00:00,0.9918518128618599,0.3253083799779415,0.8602056005224585,0.7366795953176913
2023-12-31 02:00:00,0.9259008587524294,0.25449351861395614,0.7164667834900317,0.5801899695955216
2023-12-31 03:00:00,0.8372157774679362,0.20309973365881218,0.6414389580674468,0.5361451880261301
2023-12-31 04:00:00,0.9068740989081561,0.2055009022761474,0.7010867261141537,0.6269933541491626
2023-12-31 05:00:00,0.9717109041288493,0.29239071730185634,0.8583923065289853,0.7889779967814683
2023-12-31 06:00:00,0.9947120213508606,0.3246498887918212,0.9397286615148186,0.8814169407263398
2023-12-31 07:00:00,1.0,0.3908637125519189,0.9851853483915328,0.9403975039161743
2023-12-31 08:00:00,1.0,0.4952092515609481,0.9930183733813465,0.9573886730335652
2023-12-31 09:00:00,1.0,0.5924009984731673,0.9919642999209464,0.9591950936242937
2023-12-31 10:00:00,1.0,0.6584920545328745,0.9866775667853652,0.9444540272466838
2023-12-31 11:00:00,0.9980334345251323,0.5945441685616969,0.9588523321412503,0.89328634314239
2023-12-31 12:00:00,0.9956907386332751,0.585364779328758,0.9258377655409273,0.8567446025647224
2023-12-31 13:00:00,0.9928504556417465,0.669461465843699,0.9010690486989916,0.8185813754796981
2023-12-31 14:00:00,0.9805027232132852,0.7155338784239508,0.8842005500942467,0.7774298142641782
2023-12-31 15:00:00,0.9494001846015453,0.7434056062048131,0.8596316154859958,0.7461172511242329
2023-12-31 16:00:00,0.9126384119689464,0.8157751306078651,0.8209301982447503,0.6822761755809189
2023-12-31 17:00:00,0.9071455944515764,0.8986780787462538,0.8292518605664373,0.6754130395315586
2023-12-31 18:00:00,0.8390358369424938,0.9281787949935955,0.7809222482703626,0.6168256673961876
2023-12-31 19:00:00,0.6848611754178998,0.9418718109889465,0.6900750862993298,0.535479117333889
2023-12-31 20:00:00,0.5453062947653233,0.9632365554164757,0.6240325126796961,0.46871334644034496
2023-12-31 21:00:00,0.4712705189734698,0.9741974666579201,0.5491887464839965,0.352708780253306
2023-12-31 22:00:00,0.4082871012017131,0.9705137661234899,0.4906071087159217,0.28119185724295664
2023-12-31 23:00:00,0.3026133146323263,0.968189138092778,0.4251899222191423,0.24097656585276125
2024-01-01 00:00:00,0.1717350785061717,0.9629949761520731,0.31667370062321415,0.20127818533219394
2024-01-01 01:00:00,0.04807896865997464,0.9721009965782815,0.16031090621836483,0.11787989952135833
2024-01-01 02:00:00,0.020556277907453478,0.9290906081145458,0.09880892363376913,0.08251088307239116
2024-01-01 03:00:00,0.018082930217497052,0.9310657789354974,0.09715821881778537,0.09613269140478221
2024-01-01 04:00:00,0.027824925226159397,0.9229864028773523,0.11878053984604774,0.12762458736076948
2024-01-01 05:00:00,0.14119867566972968,0.9723247352107006,0.26147405440919097,0.2827317420579492
2024-01-01 06:00:00,0.2856191936321556,0.9790258606455542,0.3937432847265154,0.3684001478925346
2024-01-01 07:00:00,0.40600331453606486,0.9829439637877724,0.49682844694703826,0.4040640730410815
2024-01-01 08:00:00,0.44409183101728555,0.9907973523437977,0.4506974829733371,0.3625771196559071
2024-01-01 09:00:00,0.4672811876237392,0.9939411270076577,0.36231331761926416,0.2777930119354278
2024-01-01 10:00:00,0.4424644653871655,0.9961399598555132,0.2811208386532961,0.20402352198958396
2024-01-01 11:00:00,0.3746864676475525,0.9954727363857357,0.2162897157296538,0.1804084536526352
2024-01-01 12:00:00,0.33448960289359086,0.9961820975216953,0.18342158179730175,0.21923922611400481
2024-01-01 13:00:00,0.3996464372240007,0.9980071768977425,0.2468134740926325,0.29120572202838957
