time,Okanagan-Similkameen_1,CentralOkanagan_1,CentralOkanagan_2,CentralOkanagan_3,CentralOkanagan_4,Thompson-Nicola_1
2023-01-01 00:00:00,0.0,0.0,0.0,0.0,0.0,0.0
2023-01-01 01:00:00,0.0,0.0,0.0,0.0,0.0,0.0
2023-01-01 02:00:00,0.0,0.0,0.0,0.0,0.0,0.0
2023-01-01 03:00:00,0.0,0.0,0.0,0.0,0.0,0.0
2023-01-01 04:00:00,0.0,0.0,0.0,0.0,0.0,0.0
2023-01-01 05:00:00,0.0,0.0,0.0,0.0,0.0,0.0
2023-01-01 06:00:00,0.0,0.0,0.0,0.0,0.0,0.0
2023-01-01 07:00:00,0.0,0.0,0.0,0.0,0.0,0.0
2023-01-01 08:00:00,0.0,0.0,0.0,0.0,0.0,0.0
2023-01-01 09:00:00,0.0,0.0,0.0,0.0,0.0,0.0
2023-01-01 10:00:00,0.24796396073369364,0.3069601785100213,0.3026431026355006,0.17016803020865787,0.31806033503287773,0.173555655805338
2023-01-01 11:00:00,0.3695237629302183,0.3954086771466737,0.45477671752096915,0.2913314532474678,0.4611662179341196,0.22562983608452383
2023-01-01 12:00:00,0.5783806468346895,0.5878877490861171,0.5618272903551857,0.4582109522637166,0.5650870316377808,0.4009786849430197
2023-01-01 13:00:00,0.6111957399177156,0.6744390045778981,0.648349369054679,0.5621345364834505,0.6340524706399413,0.45883315319032447
2023-01-01 14:00:00,0.7132965978630196,0.7354110301418463,0.674647938673539,0.6068726670384991,0.6702027901088388,0.5755024875286293
2023-01-01 15:00:00,0.6881004391498521,0.7006287831311506,0.6616695762078685,0.6718644514389381,0.6347363136248619,0.5691303868875971
2023-01-01 16:00:00,0.6468666429616307,0.6250742815905383,0.5798928354235265,0.6248134937263973,0.5503828151732386,0.5213071993410101
2023-01-01 17:00:00,0.4524447123701992,0.44642811506313645,0.4252504542083194,0.4405797528987248,0.41934100002360264,0.34029762137014885
2023-01-01 18:00:00,0.0,0.0,0.0,0.0,0.0,0.0
2023-01-01 19:00:00,0.0,0.0,0.0,0.0,0.0,0.0
2023-01-01 20:00:00,0.0,0.0,0.0,0.0,0.0,0.0
2023-01-01 21:00:00,0.0,0.0,0.0,0.0,0.0,0.0
2023-01-01 22:00:00,0.0,0.0,0.0,0.0,0.0,0.0
2023-01-01 23:00:00,0.0,0.0,0.0,0.0,0.0,0.0
2023-01-02 00:00:00,0.0,0.0,0.0,0.0,0.0,0.0
2023-01-02 01:00:00,0.0,0.0,0.0,0.0,0.0,0.0
2023-01-02 02:00:00,0.0,0.0,0.0,0.0,0.0,0.0
2023-01-02 03:00:00,0.0,0.0,0.0,0.0,0.0,0.0
2023-01-02 04:00:00,0.0,0.0,0.0,0.0,0.0,0.0
2023-01-02 05:00:00,0.0,0.0,0.0,0.0,0.0,0.0
2023-01-02 06:00:00,0.0,0.0,0.0,0.0,0.0,0.0
2023-01-02 07:00:00,0.0,0.0,0.0,0.0,0.0,0.0
2023-01-02 08:00:00,0.0,0.0,0.0,0.0,0.0,0.0
2023-01-02 09:00:00,0.0,0.0,0.0,0.0,0.0,0.0
2023-01-02 10:00:00,0.17648177048271285,0.1550883957737546,0.20065571022212506,0.15549934173447852,0.18232728602546855,0.0490491103009795
2023-01-02 11:00:00,0.28262712120324734,0.17060458891911864,0.19498233509560117,0.16720308454508975,0.18504733163810463,0.09842789081904459
2023-01-02 12:00:00,0.33956647113951505,0.3539450796999446,0.4579651776113007,0.3259760438426026,0.4468837072162014,0.20893517520910862
2023-01-02 13:00:00,0.45229774344387524,0.4274255621690089,0.5122006295621051,0.38197194103013954,0.5142323345625897,0.26421716684726254
2023-01-02 14:00:00,0.4807398735170182,0.5572997593150242,0.6029819413798413,0.47546846749232136,0.6291940143138025,0.2985607882141298
2023-01-02 15:00:00,0.5864632365043485,0.6337799655132706,0.5844464968164722,0.5012029528509345,0.6140588042160269,0.37887070554793956
2023-01-02 16:00:00,0.5123255499087144,0.5526947029456963,0.5446567104750772,0.48884071982641875,0.5641374338331675,0.3549634995793391
2023-01-02 17:00:00,0.3562397065214028,0.3845760696405723,0.36704500956054786,0.30619929928249245,0.38944700142794475,0.2561540055852507
2023-01-02 18:00:00,0.0,0.0,0.0,0.0,0.0,0.0
2023-01-02 19:00:00,0.0,0.0,0.0,0.0,0.0,0.0
2023-01-02 20:00:00,0.0,0.0,0.0,0.0,0.0,0.0
2023-01-02 21:00:00,0.0,0.0,0.0,0.0,0.0,0.0
2023-01-02 22:00:00,0.0,0.0,0.0,0.0,0.0,0.0
2023-01-02 23:00:00,0.0,0.0,0.0,0.0,0.0,0.0
2023-01-03 00:00:00,0.0,0.0,0.0,0.0,0.0,0.0
2023-01-03 01:00:00,0.0,0.0,0.0,0.0,0.0,0.0
2023-01-03 02:00:00,0.0,0.0,0.0,0.0,0.0,0.0
2023-01-03 03:00:00,0.0,0.0,0.0,0.0,0.0,0.0
2023-01-03 04:00:00,0.0,0.0,0.0,0.0,0.0,0.0
2023-01-03 05:00:00,0.0,0.0,0.0,0.0,0.0,0.0
2023-01-03 06:00:00,0.0,0.0,0.0,0.0,0.0,0.0
2023-01-03 07:00:00,0.0,0.0,0.0,0.0,0.0,0.0
2023-01-03 08:00:00,0.0,0.0,0.0,0.0,0.0,0.0
2023-01-03 09:00:00,0.0,0.0,0.0,0.0,0.0,0.0
2023-01-03 10:00:00,0.2193064936863267,0.3105112422196443,0.39474427757247665,0.36157718317757126,0.3682286649623621,0.22884262530832516
2023-01-03 11:00:00,0.32004068001841024,0.40913608386740086,0.5161259714996074,0.441344942657412,0.48450827472210317,0.33607169909630247
2023-01-03 12:00:00,0.3996747961542859,0.4009562155271371,0.5406436663940866,0.41930065673863665,0.5124707966018741,0.4326826651834014
2023-01-03 13:00:00,0.3671003378095615,0.30650484115204185,0.33519301698306936,0.2696844102222374,0.3298401935189312,0.4400197009081126
2023-01-03 14:00:00,0.3151832913777426,0.3963416927503251,0.46134120923830735,0.3184812077226853,0.4728007302570818,0.49469575199678034
2023-01-03 15:00:00,0.34596922279797016,0.4332743151133364,0.4602812736110893,0.430167458069966,0.45779317185829393,0.5751405064740925
2023-01-03 16:00:00,0.27549927995584733,0.29185517763659147,0.24123233224711824,0.33940360983269335,0.2325234177805509,0.44008335116334574
2023-01-03 17:00:00,0.23441106568928882,0.24806807896083807,0.2726288930121315,0.32556418567512163,0.2588680980610238,0.306037088613263
2023-01-03 18:00:00,0.0,0.0,0.0,0.0,0.0,0.0
2023-01-03 19:00:00,0.0,0.0,0.0,0.0,0.0,0.0
2023-01-03 20:00:00,0.0,0.0,0.0,0.0,0.0,0.0
2023-01-03 21:00:00,0.0,0.0,0.0,0.0,0.0,0.0
2023-01-03 22:00:00,0.0,0.0,0.0,0.0,0.0,0.0
2023-01-03 23:00:00,0.0,0.0,0.0,0.0,0.0,0.0
2023-01-04 00:00:00,0.0,0.0,0.0,0.0,0.0,0.0
2023-01-04 01:00:00,0.0,0.0,0.0,0.0,0.0,0.0
2023-01-04 02:00:00,0.0,0.0,0.0,0.0,0.0,0.0
2023-01-04 03:00:00,0.0,0.0,0.0,0.0,0.0,0.0
2023-01-04 04:00:00,0.0,0.0,0.0,0.0,0.0,0.0
2023-01-04 05:00:00,0.0,0.0,0.0,0.0,0.0,0.0
2023-01-04 06:00:00,0.0,0.0,0.0,0.0,0.0,0.0
2023-01-04 07:00:00,0.0,0.0,0.0,0.0,0.0,0.0
2023-01-04 08:00:00,0.0,0.0,0.0,0.0,0.0,0.0
2023-01-04 09:00:00,0.0,0.0,0.0,0.0,0.0,0.0
2023-01-04 10:00:00,0.16829327391527246,0.23516185102312578,0.28392327362278724,0.13886687766886607,0.31515819489026353,0.26278871806983967
2023-01-04 11:00:00,0.33424515428431356,0.3880817830285383,0.43900216988220375,0.26209255144109456,0.46470139655859716,0.42381577650007124
2023-01-04 12:00:00,0.45675574702088007,0.5681993125068077,0.6191074773821882,0.5119189030526775,0.6603015414242707,0.502817890781846
2023-01-04 13:00:00,0.4979226048836374,0.6399118035099124,0.689312225215322,0.6292596098710331,0.7149717603017601,0.597256601912673
2023-01-04 14:00:00,0.4595138237048151,0.6514244318802783,0.6958734781190962,0.6134699491020633,0.7418305816181386,0.6488898710171394
2023-01-04 15:00:00,0.39853427471613173,0.5871061407737819,0.6551955868689212,0.5609309566093542,0.6951418690917326,0.6161126335102157
2023-01-04 16:00:00,0.22321466118741515,0.4658117074642069,0.5351018684088691,0.43007180813029283,0.5867073014031164,0.47911176777224057
2023-01-04 17:00:00,0.057446339266511465,0.20245612533772459,0.3190430692964376,0.20813543072414467,0.3693060735136074,0.2507097030440167
2023-01-04 18:00:00,0.0,0.0,0.0,0.0,0.0,0.0
2023-01-04 19:00:00,0.0,0.0,0.0,0.0,0.0,0.0
2023-01-04 20:00:00,0.0,0.0,0.0,0.0,0.0,0.0
2023-01-04 21:00:00,0.0,0.0,0.0,0.0,0.0,0.0
2023-01-04 22:00:00,0.0,0.0,0.0,0.0,0.0,0.0
2023-01-04 23:00:00,0.0,0.0,0.0,0.0,0.0,0.0
2023-01-05 00:00:00,0.0,0.0,0.0,0.0,0.0,0.0
2023-01-05 01:00:00,0.0,0.0,0.0,0.0,0.0,0.0
2023-01-05 02:00:00,0.0,0.0,0.0,0.0,0.0,0.0
2023-01-05 03:00:00,0.0,0.0,0.0,0.0,0.0,0.0
2023-01-05 04:00:00,0.0,0.0,0.0,0.0,0.0,0.0
2023-01-05 05:00:00,0.0,0.0,0.0,0.0,0.0,0.0
2023-01-05 06:00:00,0.0,0.0,0.0,0.0,0.0,0.0
2023-01-05 07:00:00,0.0,0.0,0.0,0.0,0.0,0.0
2023-01-05 08:00:00,0.0,0.0,0.0,0.0,0.0,0.0
2023-01-05 09:00:00,0.0,0.0,0.0,0.0,0.0,0.0
2023-01-05 10:00:00,0.13772289336805232,0.06250257383352605,0.04930261476354095,0.09096483308850488,0.020812141958338186,0.0797388523673081
2023-01-05 11:00:00,0.1860000347711543,0.2170534149083299,0.3196603538878136,0.34980166789771167,0.2840931771356,0.2354727684963266
2023-01-05 12:00:00,0.09964909791884968,0.15851782007483559,0.2831905947594549,0.28152069269610247,0.3018459402031138,0.38262893774772766
2023-01-05 13:00:00,0.21593011253055527,0.16894309148675093,0.3084277814835222,0.21451652540933736,0.3285564834419094,0.467730245330571
2023-01-05 14:00:00,0.37651813681668544,0.16921036227511088,0.20374929274709092,0.4982186848057938,0.10962231903740605,0.4814564260710521
2023-01-05 15:00:00,0.42323260789367323,0.26461366377840356,0.2916154640810572,0.5524224405519931,0.19068567225840075,0.5472410833611802
2023-01-05 16:00:00,0.3683463292023632,0.3102287423235327,0.3995972867847224,0.45762700090638136,0.3454382477496794,0.4407085393903142
2023-01-05 17:00:00,0.24631107984642503,0.2038187060034488,0.18749183286455204,0.25948657323364566,0.16926940392254794,0.35164409214613324
2023-01-05 18:00:00,0.0,0.0,0.0,0.0,0.0,0.0
2023-01-05 19:00:00,0.0,0.0,0.0,0.0,0.0,0.0
2023-01-05 20:00:00,0.0,0.0,0.0,0.0,0.0,0.0
2023-01-05 21:00:00,0.0,0.0,0.0,0.0,0.0,0.0
2023-01-05 22:00:00,0.0,0.0,0.0,0.0,0.0,0.0
2023-01-05 23:00:00,0.0,0.0,0.0,0.0,0.0,0.0
2023-01-06 00:00:00,0.0,0.0,0.0,0.0,0.0,0.0
2023-01-06 01:00:00,0.0,0.0,0.0,0.0,0.0,0.0
2023-01-06 02:00:00,0.0,0.0,0.0,0.0,0.0,0.0
2023-01-06 03:00:00,0.0,0.0,0.0,0.0,0.0,0.0
2023-01-06 04:00:00,0.0,0.0,0.0,0.0,0.0,0.0
2023-01-06 05:00:00,0.0,0.0,0.0,0.0,0.0,0.0
2023-01-06 06:00:00,0.0,0.0,0.0,0.0,0.0,0.0
2023-01-06 07:00:00,0.0,0.0,0.0,0.0,0.0,0.0
2023-01-06 08:00:00,0.0,0.0,0.0,0.0,0.0,0.0
2023-01-06 09:00:00,0.0,0.0,0.0,0.0,0.0,0.0
2023-01-06 10:00:00,0.28555513259055887,0.24621272166391395,0.3030982243748239,0.28878947234758157,0.274206989995786,0.14079161391644945
2023-01-06 11:00:00,0.42454748035045187,0.23756491789459072,0.32003565008567963,0.44250450051141327,0.2438913491816411,0.35705781339537396
2023-01-06 12:00:00,0.4962385736513159,0.35978450412312585,0.473552523540199,0.5970314576934774,0.404722412974058,0.5476144296490606
2023-01-06 13:00:00,0.5998909794496098,0.4796508368492595,0.5529175032342336,0.6395443304091444,0.4705729036775141,0.590419049181845
2023-01-06 14:00:00,0.5999805119941625,0.45908034288733185,0.6152789171324604,0.6807164901864874,0.5453768038704643,0.5969724381676679
2023-01-06 15:00:00,0.5812897569313522,0.4031986926368296,0.503103237619155,0.6503376368156834,0.4104392684275947,0.5907764093536783
2023-01-06 16:00:00,0.496075509294027,0.3582336943399215,0.3852031951106296,0.5318879987398534,0.30214604517789156,0.4960867919427632
2023-01-06 17:00:00,0.2386295505519519,0.19656451505786685,0.23739631537425349,0.2246401670183899,0.22564246877999383,0.3244581522729629
2023-01-06 18:00:00,0.0,0.0,0.0,0.0,0.0,0.0
2023-01-06 19:00:00,0.0,0.0,0.0,0.0,0.0,0.0
2023-01-06 20:00:00,0.0,0.0,0.0,0.0,0.0,0.0
2023-01-06 21:00:00,0.0,0.0,0.0,0.0,0.0,0.0
2023-01-06 22:00:00,0.0,0.0,0.0,0.0,0.0,0.0
2023-01-06 23:00:00,0.0,0.0,0.0,0.0,0.0,0.0
2023-01-07 00:00:00,0.0,0.0,0.0,0.0,0.0,0.0
2023-01-07 01:00:00,0.0,0.0,0.0,0.0,0.0,0.0
2023-01-07 02:00:00,0.0,0.0,0.0,0.0,0.0,0.0
2023-01-07 03:00:00,0.0,0.0,0.0,0.0,0.0,0.0
2023-01-07 04:00:00,0.0,0.0,0.0,0.0,0.0,0.0
2023-01-07 05:00:00,0.0,0.0,0.0,0.0,0.0,0.0
2023-01-07 06:00:00,0.0,0.0,0.0,0.0,0.0,0.0
2023-01-07 07:00:00,0.0,0.0,0.0,0.0,0.0,0.0
2023-01-07 08:00:00,0.0,0.0,0.0,0.0,0.0,0.0
2023-01-07 09:00:00,0.0,0.0,0.0,0.0,0.0,0.0
2023-01-07 10:00:00,0.01473653717470385,0.0326001140543271,0.05672703312357683,0.06299907200068697,0.047611276255911106,0.0758215852142292
2023-01-07 11:00:00,0.05338539287598752,0.09004870994562691,0.14622876613442834,0.15600816855350322,0.12848911888480077,0.218892158642654
2023-01-07 12:00:00,0.10939076327688269,0.22061757852138777,0.3381884139773054,0.3969471986372872,0.3102782284190564,0.43558941925770256
2023-01-07 13:00:00,0.11391651634106024,0.15101109443442534,0.23143883737470433,0.19461013973039543,0.24288507865843462,0.3433005204658777
2023-01-07 14:00:00,0.12628861309786443,0.11581220565737294,0.14191986251554106,0.2067700342101282,0.11447498075313478,0.2130765504316469
2023-01-07 15:00:00,0.13527562773474186,0.11464861354050915,0.13578749013804023,0.19950286146688978,0.11201278361240326,0.15535115843338576
2023-01-07 16:00:00,0.0636518417676668,0.103668628222746,0.16126363403718924,0.17873796630105857,0.15270397575336414,0.08181267275098135
2023-01-07 17:00:00,0.00997941876980179,0.012988234843227085,0.021728081722847483,0.012901153868935677,0.02486967467309353,0.014403568634707514
2023-01-07 18:00:00,0.0,0.0,0.0,0.0,0.0,0.0
2023-01-07 19:00:00,0.0,0.0,0.0,0.0,0.0,0.0
2023-01-07 20:00:00,0.0,0.0,0.0,0.0,0.0,0.0
2023-01-07 21:00:00,0.0,0.0,0.0,0.0,0.0,0.0
2023-01-07 22:00:00,0.0,0.0,0.0,0.0,0.0,0.0
2023-01-07 23:00:00,0.0,0.0,0.0,0.0,0.0,0.0
2023-01-08 00:00:00,0.0,0.0,0.0,0.0,0.0,0.0
2023-01-08 01:00:00,0.0,0.0,0.0,0.0,0.0,0.0
2023-01-08 02:00:00,0.0,0.0,0.0,0.0,0.0,0.0
2023-01-08 03:00:00,0.0,0.0,0.0,0.0,0.0,0.0
2023-01-08 04:00:00,0.0,0.0,0.0,0.0,0.0,0.0
2023-01-08 05:00:00,0.0,0.0,0.0,0.0,0.0,0.0
2023-01-08 06:00:00,0.0,0.0,0.0,0.0,0.0,0.0
2023-01-08 07:00:00,0.0,0.0,0.0,0.0,0.0,0.0
2023-01-08 08:00:00,0.0,0.0,0.0,0.0,0.0,0.0
2023-01-08 09:00:00,0.0,0.0,0.0,0.0,0.0,0.0
2023-01-08 10:00:00,0.009099264649269178,0.0033942772360691896,0.006600864799092575,0.012043496963640087,0.009636702140522509,0.06590117651485017
2023-01-08 11:00:00,0.031355374522453155,0.03377385559553875,0.04385444426826969,0.04448798096132001,0.04387061418669133,0.04813067868541174
2023-01-08 12:00:00,0.06919554681696499,0.04544773928242625,0.05983324224638774,0.04668224208040768,0.06278612765649379,0.06835325422630358
2023-01-08 13:00:00,0.09352731699339224,0.10344135844191683,0.12476941596672518,0.1296741812691933,0.12148758440168328,0.10364162453602663
2023-01-08 14:00:00,0.08322871999212787,0.08925386576853792,0.11051032690936964,0.1576643682125471,0.09615289918417934,0.13121615114093632
2023-01-08 15:00:00,0.04194867361592886,0.06038088204130853,0.08559967263994304,0.06630394254052102,0.09107620028906055,0.07282677234321966
2023-01-08 16:00:00,0.021897738462427454,0.03308920712579101,0.05048387717800409,0.025339512996121395,0.05300662295856719,0.031679277251884255
2023-01-08 17:00:00,0.004174778746368005,0.002593330795973551,0.0031358905235742054,0.0030949167062532287,0.0029854788906260796,0.006587140405053535
2023-01-08 18:00:00,0.0,0.0,0.0,0.0,0.0,0.0
2023-01-08 19:00:00,0.0,0.0,0.0,0.0,0.0,0.0
2023-01-08 20:00:00,0.0,0.0,0.0,0.0,0.0,0.0
2023-01-08 21:00:00,0.0,0.0,0.0,0.0,0.0,0.0
2023-01-08 22:00:00,0.0,0.0,0.0,0.0,0.0,0.0
2023-01-08 23:00:00,0.0,0.0,0.0,0.0,0.0,0.0
2023-01-09 00:00:00,0.0,0.0,0.0,0.0,0.0,0.0
2023-01-09 01:00:00,0.0,0.0,0.0,0.0,0.0,0.0
2023-01-09 02:00:00,0.0,0.0,0.0,0.0,0.0,0.0
2023-01-09 03:00:00,0.0,0.0,0.0,0.0,0.0,0.0
2023-01-09 04:00:00,0.0,0.0,0.0,0.0,0.0,0.0
2023-01-09 05:00:00,0.0,0.0,0.0,0.0,0.0,0.0
2023-01-09 06:00:00,0.0,0.0,0.0,0.0,0.0,0.0
2023-01-09 07:00:00,0.0,0.0,0.0,0.0,0.0,0.0
2023-01-09 08:00:00,0.0,0.0,0.0,0.0,0.0,0.0
2023-01-09 09:00:00,0.0,0.0,0.0,0.0,0.0,0.0
2023-01-09 10:00:00,0.061433233657376275,0.17229521343298734,0.31055381416260636,0.17306776707844942,0.3349516418174622,0.18404660916399854
2023-01-09 11:00:00,0.08938945540391198,0.2745966711549484,0.4568232118353363,0.2629402391046034,0.4722740661245208,0.19525934370872725
2023-01-09 12:00:00,0.09149390714327219,0.2254448631429313,0.34112730706362,0.2098745041058487,0.354779118762668,0.18783327942915962
2023-01-09 13:00:00,0.14233562825003473,0.319081118812872,0.4163993086744176,0.2998135221912318,0.4416703258966985,0.25240866757429875
2023-01-09 14:00:00,0.08536293993298552,0.21154643659615444,0.33517377338891136,0.18707000168973867,0.36782983246332046,0.2066522558694758
2023-01-09 15:00:00,0.042061063598283994,0.061222383236720745,0.0734315723782841,0.06151656830872919,0.07513152371036991,0.12100868089300888
2023-01-09 16:00:00,0.027653316862135232,0.021613869961118824,0.021488833270999246,0.018608872451160146,0.023500409695883444,0.05676816210502271
2023-01-09 17:00:00,0.04578115479101134,0.0031519175567243838,0.003349980659777351,0.002945362340537205,0.003408608593659098,0.022528803478625074
2023-01-09 18:00:00,0.0,0.0,0.0,0.0,0.0,0.0
2023-01-09 19:00:00,0.0,0.0,0.0,0.0,0.0,0.0
2023-01-09 20:00:00,0.0,0.0,0.0,0.0,0.0,0.0
2023-01-09 21:00:00,0.0,0.0,0.0,0.0,0.0,0.0
2023-01-09 22:00:00,0.0,0.0,0.0,0.0,0.0,0.0
2023-01-09 23:00:00,0.0,0.0,0.0,0.0,0.0,0.0
2023-01-10 00:00:00,0.0,0.0,0.0,0.0,0.0,0.0
2023-01-10 01:00:00,0.0,0.0,0.0,0.0,0.0,0.0
2023-01-10 02:00:00,0.0,0.0,0.0,0.0,0.0,0.0
2023-01-10 03:00:00,0.0,0.0,0.0,0.0,0.0,0.0
2023-01-10 04:00:00,0.0,0.0,0.0,0.0,0.0,0.0
2023-01-10 05:00:00,0.0,0.0,0.0,0.0,0.0,0.0
2023-01-10 06:00:00,0.0,0.0,0.0,0.0,0.0,0.0
2023-01-10 07:00:00,0.0,0.0,0.0,0.0,0.0,0.0
2023-01-10 08:00:00,0.0,0.0,0.0,0.0,0.0,0.0
2023-01-10 09:00:00,0.0,0.0,0.0,0.0,0.0,0.0
2023-01-10 10:00:00,0.02806230585625976,0.008838307650936631,0.010510793941294543,0.009160443465773967,0.017735161533083913,0.026508330659566134
2023-01-10 11:00:00,0.08695114688115856,0.0665727194494845,0.09391804671539343,0.05999790743409265,0.10723669495644116,0.08094747378306812
2023-01-10 12:00:00,0.27970616130538617,0.20537159393870572,0.1831555909676683,0.14183182523701118,0.18353601401253275,0.14758711787281964
2023-01-10 13:00:00,0.36968778149301307,0.24224341213924241,0.22828902355488156,0.19079421630493898,0.23283431890355785,0.2385011416415483
2023-01-10 14:00:00,0.44249765289530535,0.3281179414555917,0.2944501431186586,0.32982705978421695,0.2854693829731414,0.34064764949332305
2023-01-10 15:00:00,0.435892417983895,0.4369025836021763,0.4010669035471348,0.3723475808079644,0.3895937502980282,0.3578255627914055
2023-01-10 16:00:00,0.25475041064748516,0.3498874814690674,0.3946657749428786,0.3380302460431716,0.4025627137269029,0.2559537382782364
2023-01-10 17:00:00,0.13609961483049263,0.19252458395449917,0.18253279771339462,0.16982553832887792,0.1780998795828148,0.1250492199431404
2023-01-10 18:00:00,0.0,0.0,0.0,0.0,0.0,0.0
2023-01-10 19:00:00,0.0,0.0,0.0,0.0,0.0,0.0
2023-01-10 20:00:00,0.0,0.0,0.0,0.0,0.0,0.0
2023-01-10 21:00:00,0.0,0.0,0.0,0.0,0.0,0.0
2023-01-10 22:00:00,0.0,0.0,0.0,0.0,0.0,0.0
2023-01-10 23:00:00,0.0,0.0,0.0,0.0,0.0,0.0
2023-01-11 00:00:00,0.0,0.0,0.0,0.0,0.0,0.0
2023-01-11 01:00:00,0.0,0.0,0.0,0.0,0.0,0.0
2023-01-11 02:00:00,0.0,0.0,0.0,0.0,0.0,0.0
2023-01-11 03:00:00,0.0,0.0,0.0,0.0,0.0,0.0
2023-01-11 04:00:00,0.0,0.0,0.0,0.0,0.0,0.0
2023-01-11 05:00:00,0.0,0.0,0.0,0.0,0.0,0.0
2023-01-11 06:00:00,0.0,0.0,0.0,0.0,0.0,0.0
2023-01-11 07:00:00,0.0,0.0,0.0,0.0,0.0,0.0
2023-01-11 08:00:00,0.0,0.0,0.0,0.0,0.0,0.0
2023-01-11 09:00:00,0.0,0.0,0.0,0.0,0.0,0.0
2023-01-11 10:00:00,0.1943917027527934,0.337794533312313,0.40038089359565837,0.2658424288849396,0.41123423016067484,0.16238324053431327
2023-01-11 11:00:00,0.37183994263151754,0.5122920946392291,0.5442431613566624,0.28693770253831813,0.557599791351326,0.21575494174879822
2023-01-11 12:00:00,0.3281986632372068,0.5434381417892349,0.5903807968058307,0.38331308194589075,0.6600842559854585,0.35510722129072425
2023-01-11 13:00:00,0.47145758079026256,0.5612574333224158,0.6132292897018846,0.47127630697308626,0.6458881117024021,0.45955501606392823
2023-01-11 14:00:00,0.49286903592782966,0.4174724825377376,0.5494607179813913,0.6367550973271904,0.5017756365206972,0.59862198230254
2023-01-11 15:00:00,0.4555061871090933,0.376934148126304,0.47461823053154456,0.6002563262222922,0.4104741943592021,0.5603551588302268
2023-01-11 16:00:00,0.3710218352132892,0.31124663822796955,0.4107653631885699,0.46400847296578523,0.3587422426171166,0.5003948155592727
2023-01-11 17:00:00,0.2016704049389359,0.20012895678475606,0.2981559524558284,0.31528980551293245,0.2809360301802609,0.31861501836630207
2023-01-11 18:00:00,0.0,0.0,0.0,0.0,0.0,0.0
2023-01-11 19:00:00,0.0,0.0,0.0,0.0,0.0,0.0
2023-01-11 20:00:00,0.0,0.0,0.0,0.0,0.0,0.0
2023-01-11 21:00:00,0.0,0.0,0.0,0.0,0.0,0.0
2023-01-11 22:00:00,0.0,0.0,0.0,0.0,0.0,0.0
2023-01-11 23:00:00,0.0,0.0,0.0,0.0,0.0,0.0
2023-01-12 00:00:00,0.0,0.0,0.0,0.0,0.0,0.0
2023-01-12 01:00:00,0.0,0.0,0.0,0.0,0.0,0.0
2023-01-12 02:00:00,0.0,0.0,0.0,0.0,0.0,0.0
2023-01-12 03:00:00,0.0,0.0,0.0,0.0,0.0,0.0
2023-01-12 04:00:00,0.0,0.0,0.0,0.0,0.0,0.0
2023-01-12 05:00:00,0.0,0.0,0.0,0.0,0.0,0.0
2023-01-12 06:00:00,0.0,0.0,0.0,0.0,0.0,0.0
2023-01-12 07:00:00,0.0,0.0,0.0,0.0,0.0,0.0
2023-01-12 08:00:00,0.0,0.0,0.0,0.0,0.0,0.0
2023-01-12 09:00:00,0.0,0.0,0.0,0.0,0.0,0.0
2023-01-12 10:00:00,0.0034939593722548385,0.003586509539068154,0.004262954057367859,0.003942058318525967,0.004606642380748892,0.024093328747789935
2023-01-12 11:00:00,0.10020256841271176,0.09379210814805301,0.10493334822335769,0.07797801353966945,0.09510661416881097,0.09611434559367799
2023-01-12 12:00:00,0.09167363542206332,0.0649583961548739,0.06603942665910835,0.07085845210532862,0.056739181996651754,0.10672080465737119
2023-01-12 13:00:00,0.20228363194963705,0.12786121789843138,0.10029257190446182,0.1237952468291193,0.08301393428199504,0.15854249308966797
2023-01-12 14:00:00,0.21850620293871015,0.21440378086538417,0.21254986498341608,0.2183033056698346,0.18873748727143105,0.21921632617429782
2023-01-12 15:00:00,0.17980822247135705,0.1762106135919506,0.23268954504952788,0.22354977779726634,0.20848727261972794,0.21764340424223647
2023-01-12 16:00:00,0.0882708917328946,0.10123359984622203,0.10583648565814002,0.07607047774465873,0.10459378902001538,0.08823271844971607
2023-01-12 17:00:00,0.00984016759540679,0.03588362600663105,0.05861919746815183,0.0224356326687252,0.0644014616436904,0.012015382815624847
2023-01-12 18:00:00,0.0,0.0,0.0,0.0,0.0,0.0
2023-01-12 19:00:00,0.0,0.0,0.0,0.0,0.0,0.0
2023-01-12 20:00:00,0.0,0.0,0.0,0.0,0.0,0.0
2023-01-12 21:00:00,0.0,0.0,0.0,0.0,0.0,0.0
2023-01-12 22:00:00,0.0,0.0,0.0,0.0,0.0,0.0
2023-01-12 23:00:00,0.0,0.0,0.0,0.0,0.0,0.0
2023-01-13 00:00:00,0.0,0.0,0.0,0.0,0.0,0.0
2023-01-13 01:00:00,0.0,0.0,0.0,0.0,0.0,0.0
2023-01-13 02:00:00,0.0,0.0,0.0,0.0,0.0,0.0
2023-01-13 03:00:00,0.0,0.0,0.0,0.0,0.0,0.0
2023-01-13 04:00:00,0.0,0.0,0.0,0.0,0.0,0.0
2023-01-13 05:00:00,0.0,0.0,0.0,0.0,0.0,0.0
2023-01-13 06:00:00,0.0,0.0,0.0,0.0,0.0,0.0
2023-01-13 07:00:00,0.0,0.0,0.0,0.0,0.0,0.0
2023-01-13 08:00:00,0.0,0.0,0.0,0.0,0.0,0.0
2023-01-13 09:00:00,0.0,0.0,0.0,0.0,0.0,0.0
2023-01-13 10:00:00,0.006813299766643646,0.006189883549849699,0.006768435341306404,0.006145425774266621,0.006860509757616818,0.019358054369633275
2023-01-13 11:00:00,0.0321404936730201,0.03529839540238309,0.03960839734202238,0.03732624045677475,0.0390990434583347,0.05668705050936306
2023-01-13 12:00:00,0.07804112871030765,0.06491756470233982,0.06697697422173166,0.07694648574323765,0.0610656853903628,0.13001146732625643
2023-01-13 13:00:00,0.10570144779536697,0.10365820991540195,0.12018650240116477,0.1496962270615249,0.10611430992951945,0.19680216765978578
2023-01-13 14:00:00,0.09654559766379685,0.09494567159493637,0.1275403545731029,0.1490083032397973,0.11194797872225998,0.22154691882646957
2023-01-13 15:00:00,0.11079103029799534,0.09971675606638689,0.1317869418891593,0.24092959620649768,0.09482977364907867,0.25731716877478034
2023-01-13 16:00:00,0.07310552096147252,0.06909910490959015,0.0844882751695955,0.14332429454435408,0.0630475161612374,0.21891588486511238
2023-01-13 17:00:00,0.0153731784307236,0.01070580469467533,0.011190319517538804,0.013883240089132365,0.012061641461374955,0.10664798258605729
2023-01-13 18:00:00,0.0,0.0,0.0,0.0,0.0,0.0
2023-01-13 19:00:00,0.0,0.0,0.0,0.0,0.0,0.0
2023-01-13 20:00:00,0.0,0.0,0.0,0.0,0.0,0.0
2023-01-13 21:00:00,0.0,0.0,0.0,0.0,0.0,0.0
2023-01-13 22:00:00,0.0,0.0,0.0,0.0,0.0,0.0
2023-01-13 23:00:00,0.0,0.0,0.0,0.0,0.0,0.0
2023-01-14 00:00:00,0.0,0.0,0.0,0.0,0.0,0.0
2023-01-14 01:00:00,0.0,0.0,0.0,0.0,0.0,0.0
2023-01-14 02:00:00,0.0,0.0,0.0,0.0,0.0,0.0
2023-01-14 03:00:00,0.0,0.0,0.0,0.0,0.0,0.0
2023-01-14 04:00:00,0.0,0.0,0.0,0.0,0.0,0.0
2023-01-14 05:00:00,0.0,0.0,0.0,0.0,0.0,0.0
2023-01-14 06:00:00,0.0,0.0,0.0,0.0,0.0,0.0
2023-01-14 07:00:00,0.0,0.0,0.0,0.0,0.0,0.0
2023-01-14 08:00:00,0.0,0.0,0.0,0.0,0.0,0.0
2023-01-14 09:00:00,0.0,0.0,0.0,0.0,0.0,0.0
2023-01-14 10:00:00,0.05430968094558656,0.07934853920881244,0.07777334055731497,0.1386715224038356,0.05817372017575468,0.12092241026156425
2023-01-14 11:00:00,0.1422289406706035,0.13473297314677463,0.1768563672939149,0.21412400879097357,0.1566312218215674,0.18662518449299262
2023-01-14 12:00:00,0.29113275905802294,0.35974490112145513,0.5371735378028452,0.5389022153320137,0.5243515740115617,0.29528695984958947
2023-01-14 13:00:00,0.2674849045467541,0.30851182159274937,0.4794915166411888,0.4331309137530923,0.48759478905200404,0.3654036678925246
2023-01-14 14:00:00,0.2606470627445573,0.2890763028741649,0.4561192060843613,0.417971096031559,0.4463421554112438,0.41590389076369516
2023-01-14 15:00:00,0.17703620698536054,0.15648661260669477,0.27579833549577465,0.2396446802815107,0.274770358704651,0.39521787357132626
2023-01-14 16:00:00,0.10707263983940267,0.043343628937552905,0.07702796107168836,0.0912781234811553,0.07636953023790202,0.34733272490089057
2023-01-14 17:00:00,0.05588721338430574,0.011365299105901592,0.015988057357578394,0.061050462893827914,0.012489885454538769,0.23235499735830253
2023-01-14 18:00:00,0.0,0.0,0.0,0.0,0.0,0.0
2023-01-14 19:00:00,0.0,0.0,0.0,0.0,0.0,0.0
2023-01-14 20:00:00,0.0,0.0,0.0,0.0,0.0,0.0
2023-01-14 21:00:00,0.0,0.0,0.0,0.0,0.0,0.0
2023-01-14 22:00:00,0.0,0.0,0.0,0.0,0.0,0.0
2023-01-14 23:00:00,0.0,0.0,0.0,0.0,0.0,0.0
2023-01-15 00:00:00,0.0,0.0,0.0,0.0,0.0,0.0
2023-01-15 01:00:00,0.0,0.0,0.0,0.0,0.0,0.0
2023-01-15 02:00:00,0.0,0.0,0.0,0.0,0.0,0.0
2023-01-15 03:00:00,0.0,0.0,0.0,0.0,0.0,0.0
2023-01-15 04:00:00,0.0,0.0,0.0,0.0,0.0,0.0
2023-01-15 05:00:00,0.0,0.0,0.0,0.0,0.0,0.0
2023-01-15 06:00:00,0.0,0.0,0.0,0.0,0.0,0.0
2023-01-15 07:00:00,0.0,0.0,0.0,0.0,0.0,0.0
2023-01-15 08:00:00,0.0,0.0,0.0,0.0,0.0,0.0
2023-01-15 09:00:00,0.0,0.0,0.0,0.0,0.0,0.0
2023-01-15 10:00:00,0.08030819021227974,0.0536298595326378,0.038628242489048475,0.08449562120578635,0.023972700867730942,0.06870640508143472
2023-01-15 11:00:00,0.11873176174483338,0.16391784629474324,0.16989127646734706,0.2448102161542934,0.15013815207512682,0.14289315033924407
2023-01-15 12:00:00,0.21842785456398955,0.048077689884727576,0.06646390504240118,0.13191119595021225,0.055001201327016996,0.23475534564505504
2023-01-15 13:00:00,0.3285391466011031,0.20994624964579087,0.19251788161434477,0.2563172021391554,0.17551096085270404,0.2892686037077858
2023-01-15 14:00:00,0.4415495844340869,0.17551426026729466,0.16676380057855436,0.2745818083339626,0.1169051792334433,0.29236292173451683
2023-01-15 15:00:00,0.47935731014319544,0.2554494593973414,0.25870561637461353,0.3567891713810585,0.19718597246953914,0.3246434667545916
2023-01-15 16:00:00,0.367476492504778,0.24149198199693583,0.17859322579923606,0.2101448999442872,0.15024092294371091,0.25673474399675345
2023-01-15 17:00:00,0.2688647719636156,0.17487307744144623,0.09966573613021745,0.13587033076469285,0.08670054774173695,0.18704789290143745
2023-01-15 18:00:00,0.0,0.0,0.0,0.0,0.0,0.0
2023-01-15 19:00:00,0.0,0.0,0.0,0.0,0.0,0.0
2023-01-15 20:00:00,0.0,0.0,0.0,0.0,0.0,0.0
2023-01-15 21:00:00,0.0,0.0,0.0,0.0,0.0,0.0
2023-01-15 22:00:00,0.0,0.0,0.0,0.0,0.0,0.0
2023-01-15 23:00:00,0.0,0.0,0.0,0.0,0.0,0.0
2023-01-16 00:00:00,0.0,0.0,0.0,0.0,0.0,0.0
2023-01-16 01:00:00,0.0,0.0,0.0,0.0,0.0,0.0
2023-01-16 02:00:00,0.0,0.0,0.0,0.0,0.0,0.0
2023-01-16 03:00:00,0.0,0.0,0.0,0.0,0.0,0.0
2023-01-16 04:00:00,0.0,0.0,0.0,0.0,0.0,0.0
2023-01-16 05:00:00,0.0,0.0,0.0,0.0,0.0,0.0
2023-01-16 06:00:00,0.0,0.0,0.0,0.0,0.0,0.0
2023-01-16 07:00:00,0.0,0.0,0.0,0.0,0.0,0.0
2023-01-16 08:00:00,0.0,0.0,0.0,0.0,0.0,0.0
2023-01-16 09:00:00,0.0,0.0,0.0,0.0,0.0,0.0
2023-01-16 10:00:00,0.12790452721625942,0.06055378183863897,0.051236633907558844,0.09492943547371095,0.03318159930520483,0.03663941428409027
2023-01-16 11:00:00,0.3318942676252021,0.3043569312715052,0.28497168850882276,0.29800741814123616,0.26384699887763063,0.12909055289106236
2023-01-16 12:00:00,0.5609788724334032,0.5649931024464292,0.5370752813151519,0.5930249047406397,0.509057260069148,0.35379490391514185
2023-01-16 13:00:00,0.5695779678460585,0.5535619343476111,0.5732073091844945,0.6551948044886553,0.5365643738482563,0.44551236719685144
2023-01-16 14:00:00,0.5747461453899375,0.5177926655272288,0.6060127969372703,0.6918126182527946,0.5507711623340128,0.4922976782770671
2023-01-16 15:00:00,0.3772063919925391,0.2989401752097845,0.4109142307028313,0.5273614870764143,0.37927013895204476,0.3778168387676763
2023-01-16 16:00:00,0.27606024345844893,0.3202023426080062,0.43458340430594267,0.4763249760580327,0.41684602186136116,0.33598610591757994
2023-01-16 17:00:00,0.24212451670330792,0.2430699913562673,0.22247001541076894,0.2567117667206924,0.21362099247732527,0.16651537087342005
2023-01-16 18:00:00,0.0,0.0,0.0,0.0,0.0,0.0
2023-01-16 19:00:00,0.0,0.0,0.0,0.0,0.0,0.0
2023-01-16 20:00:00,0.0,0.0,0.0,0.0,0.0,0.0
2023-01-16 21:00:00,0.0,0.0,0.0,0.0,0.0,0.0
2023-01-16 22:00:00,0.0,0.0,0.0,0.0,0.0,0.0
2023-01-16 23:00:00,0.0,0.0,0.0,0.0,0.0,0.0
2023-01-17 00:00:00,0.0,0.0,0.0,0.0,0.0,0.0
2023-01-17 01:00:00,0.0,0.0,0.0,0.0,0.0,0.0
2023-01-17 02:00:00,0.0,0.0,0.0,0.0,0.0,0.0
2023-01-17 03:00:00,0.0,0.0,0.0,0.0,0.0,0.0
2023-01-17 04:00:00,0.0,0.0,0.0,0.0,0.0,0.0
2023-01-17 05:00:00,0.0,0.0,0.0,0.0,0.0,0.0
2023-01-17 06:00:00,0.0,0.0,0.0,0.0,0.0,0.0
2023-01-17 07:00:00,0.0,0.0,0.0,0.0,0.0,0.0
2023-01-17 08:00:00,0.0,0.0,0.0,0.0,0.0,0.0
2023-01-17 09:00:00,0.0,0.0,0.0,0.0,0.0,0.0
2023-01-17 10:00:00,0.3347121551976785,0.3140351404286285,0.3931116537969468,0.42705598733136785,0.3432943866679284,0.13703518783724078
2023-01-17 11:00:00,0.42289834735435106,0.43797241551462346,0.5598053458141685,0.5444872992409859,0.50630286218588,0.2581327971481557
2023-01-17 12:00:00,0.4239126915052988,0.4151357989366407,0.36650384799083996,0.4465385763547902,0.3453396066311583,0.20616215283271624
2023-01-17 13:00:00,0.5638236734207627,0.49239617737617125,0.3852877886227166,0.47748718820646713,0.35238488256178346,0.3665343285706021
2023-01-17 14:00:00,0.6515836960892317,0.6281657633743779,0.6125816117750318,0.7126446678804118,0.5517017282124599,0.4597852711171257
2023-01-17 15:00:00,0.5636776919750252,0.5536303606135886,0.4952894446628171,0.5641573063331882,0.44443684111810117,0.4305302704324665
2023-01-17 16:00:00,0.48011982677027804,0.5110590225587806,0.45671794129781496,0.468418202405443,0.4228480901969364,0.3556524755645094
2023-01-17 17:00:00,0.2700719852012609,0.2319128428271226,0.20870081890001665,0.14641281270305484,0.2057105530163345,0.15250969870877834
2023-01-17 18:00:00,0.0,0.0,0.0,0.0,0.0,0.0
2023-01-17 19:00:00,0.0,0.0,0.0,0.0,0.0,0.0
2023-01-17 20:00:00,0.0,0.0,0.0,0.0,0.0,0.0
2023-01-17 21:00:00,0.0,0.0,0.0,0.0,0.0,0.0
2023-01-17 22:00:00,0.0,0.0,0.0,0.0,0.0,0.0
2023-01-17 23:00:00,0.0,0.0,0.0,0.0,0.0,0.0
2023-01-18 00:00:00,0.0,0.0,0.0,0.0,0.0,0.0
2023-01-18 01:00:00,0.0,0.0,0.0,0.0,0.0,0.0
2023-01-18 02:00:00,0.0,0.0,0.0,0.0,0.0,0.0
2023-01-18 03:00:00,0.0,0.0,0.0,0.0,0.0,0.0
2023-01-18 04:00:00,0.0,0.0,0.0,0.0,0.0,0.0
2023-01-18 05:00:00,0.0,0.0,0.0,0.0,0.0,0.0
2023-01-18 06:00:00,0.0,0.0,0.0,0.0,0.0,0.0
2023-01-18 07:00:00,0.0,0.0,0.0,0.0,0.0,0.0
2023-01-18 08:00:00,0.0,0.0,0.0,0.0,0.0,0.0
2023-01-18 09:00:00,0.0,0.0,0.0,0.0,0.0,0.0
2023-01-18 10:00:00,0.01999626468734094,0.06930700350160529,0.11316734819219498,0.06806099758156299,0.12183287123917741,0.13924136143463947
2023-01-18 11:00:00,0.03909554618393688,0.06610753027505843,0.1012771765105465,0.061788192303158046,0.1074769775939228,0.17627834383000718
2023-01-18 12:00:00,0.06435616915874222,0.08764195710834342,0.10818911233612864,0.07846867888554412,0.11438654653687144,0.1383641503498428
2023-01-18 13:00:00,0.13365998387228925,0.20035504366232584,0.2213667454427406,0.15421176439366016,0.2333993445590411,0.20382960084367216
2023-01-18 14:00:00,0.09476245711067399,0.14757340492711446,0.18888770478764216,0.13833858395564752,0.19581501801411688,0.22183047686881163
2023-01-18 15:00:00,0.07450115440702788,0.11544046322941731,0.16708147712765206,0.10988038616297247,0.17065020604061623,0.17808791172599506
2023-01-18 16:00:00,0.06345709701537154,0.05108724881617806,0.06345812952710506,0.06920069174285139,0.055225109259148725,0.14339291376146782
2023-01-18 17:00:00,0.01527023231168674,0.008947983321684908,0.00852307988191542,0.013619413045541538,0.01150731800787037,0.09574827210920865
2023-01-18 18:00:00,0.0,0.0,0.0,0.0,0.0,0.0
2023-01-18 19:00:00,0.0,0.0,0.0,0.0,0.0,0.0
2023-01-18 20:00:00,0.0,0.0,0.0,0.0,0.0,0.0
2023-01-18 21:00:00,0.0,0.0,0.0,0.0,0.0,0.0
2023-01-18 22:00:00,0.0,0.0,0.0,0.0,0.0,0.0
2023-01-18 23:00:00,0.0,0.0,0.0,0.0,0.0,0.0
2023-01-19 00:00:00,0.0,0.0,0.0,0.0,0.0,0.0
2023-01-19 01:00:00,0.0,0.0,0.0,0.0,0.0,0.0
2023-01-19 02:00:00,0.0,0.0,0.0,0.0,0.0,0.0
2023-01-19 03:00:00,0.0,0.0,0.0,0.0,0.0,0.0
2023-01-19 04:00:00,0.0,0.0,0.0,0.0,0.0,0.0
2023-01-19 05:00:00,0.0,0.0,0.0,0.0,0.0,0.0
2023-01-19 06:00:00,0.0,0.0,0.0,0.0,0.0,0.0
2023-01-19 07:00:00,0.0,0.0,0.0,0.0,0.0,0.0
2023-01-19 08:00:00,0.0,0.0,0.0,0.0,0.0,0.0
2023-01-19 09:00:00,0.0,0.0,0.0,0.0,0.0,0.0
2023-01-19 10:00:00,0.3745837752754643,0.31107082362400285,0.3750182658796574,0.4442122301890648,0.32676894580740573,0.3551936912560127
2023-01-19 11:00:00,0.5263414873014043,0.5742597844169355,0.619155214893999,0.6127705311571987,0.6089317672814497,0.4835971976660123
2023-01-19 12:00:00,0.7165893460170698,0.7932674773188875,0.7867743333650055,0.7861849656395155,0.7796475776308704,0.6068284802393701
2023-01-19 13:00:00,0.7617315368461475,0.829650925885815,0.8247939724697394,0.8124647417963421,0.812814962624768,0.6612385927062733
2023-01-19 14:00:00,0.7849703910700457,0.8344220477092615,0.8175439234319712,0.7857250274326166,0.8051553685540366,0.6898726521627419
2023-01-19 15:00:00,0.750730247252046,0.7594095645716953,0.7501438662242481,0.7737059116032835,0.7385899459241422,0.6579906147942037
2023-01-19 16:00:00,0.6487224766622329,0.6699555594899806,0.610265772289778,0.632013953442019,0.6124647462768849,0.5394189848084242
2023-01-19 17:00:00,0.5118791132665587,0.508711733886011,0.4368446129126624,0.511191203820822,0.4255152947052116,0.3529403087740111
2023-01-19 18:00:00,0.0,0.0,0.0,0.0,0.0,0.0
2023-01-19 19:00:00,0.0,0.0,0.0,0.0,0.0,0.0
2023-01-19 20:00:00,0.0,0.0,0.0,0.0,0.0,0.0
2023-01-19 21:00:00,0.0,0.0,0.0,0.0,0.0,0.0
2023-01-19 22:00:00,0.0,0.0,0.0,0.0,0.0,0.0
2023-01-19 23:00:00,0.0,0.0,0.0,0.0,0.0,0.0
2023-01-20 00:00:00,0.0,0.0,0.0,0.0,0.0,0.0
2023-01-20 01:00:00,0.0,0.0,0.0,0.0,0.0,0.0
2023-01-20 02:00:00,0.0,0.0,0.0,0.0,0.0,0.0
2023-01-20 03:00:00,0.0,0.0,0.0,0.0,0.0,0.0
2023-01-20 04:00:00,0.0,0.0,0.0,0.0,0.0,0.0
2023-01-20 05:00:00,0.0,0.0,0.0,0.0,0.0,0.0
2023-01-20 06:00:00,0.0,0.0,0.0,0.0,0.0,0.0
2023-01-20 07:00:00,0.0,0.0,0.0,0.0,0.0,0.0
2023-01-20 08:00:00,0.0,0.0,0.0,0.0,0.0,0.0
2023-01-20 09:00:00,0.0,0.0,0.0,0.0,0.0,0.0
2023-01-20 10:00:00,0.359183420087157,0.3806982597314938,0.32651261980505386,0.23418178056439756,0.3472184009860966,0.1831938599974274
2023-01-20 11:00:00,0.4498259781558481,0.43952987179257597,0.38915780136979483,0.33452933481257063,0.396618364187209,0.34114741017880373
2023-01-20 12:00:00,0.5974888094085975,0.7171830144664348,0.6833536505727251,0.5030587206399391,0.7168973840589467,0.5382368802532728
2023-01-20 13:00:00,0.701396311811167,0.7239028683202325,0.6654314125278801,0.661995174150164,0.6796348074393554,0.6605769487398935
2023-01-20 14:00:00,0.729086267699024,0.7715939893071871,0.7604716053260363,0.7542555246942209,0.7643095879642707,0.7162543434904936
2023-01-20 15:00:00,0.6980865462177936,0.7350381137769342,0.7281496026901787,0.7533786767835617,0.7269834775090982,0.6980798663176219
2023-01-20 16:00:00,0.6478882175441479,0.6443693926260721,0.6015421017670802,0.6742519852046378,0.5823715667624983,0.6137022562919774
2023-01-20 17:00:00,0.5203029995657593,0.49853797246867754,0.49386814783877553,0.49865069487598346,0.49399930177542983,0.48914177203441134
2023-01-20 18:00:00,0.0,0.0,0.0,0.0,0.0,0.0
2023-01-20 19:00:00,0.0,0.0,0.0,0.0,0.0,0.0
2023-01-20 20:00:00,0.0,0.0,0.0,0.0,0.0,0.0
2023-01-20 21:00:00,0.0,0.0,0.0,0.0,0.0,0.0
2023-01-20 22:00:00,0.0,0.0,0.0,0.0,0.0,0.0
2023-01-20 23:00:00,0.0,0.0,0.0,0.0,0.0,0.0
2023-01-21 00:00:00,0.0,0.0,0.0,0.0,0.0,0.0
2023-01-21 01:00:00,0.0,0.0,0.0,0.0,0.0,0.0
2023-01-21 02:00:00,0.0,0.0,0.0,0.0,0.0,0.0
2023-01-21 03:00:00,0.0,0.0,0.0,0.0,0.0,0.0
2023-01-21 04:00:00,0.0,0.0,0.0,0.0,0.0,0.0
2023-01-21 05:00:00,0.0,0.0,0.0,0.0,0.0,0.0
2023-01-21 06:00:00,0.0,0.0,0.0,0.0,0.0,0.0
2023-01-21 07:00:00,0.0,0.0,0.0,0.0,0.0,0.0
2023-01-21 08:00:00,0.0,0.0,0.0,0.0,0.0,0.0
2023-01-21 09:00:00,0.0,0.0,0.0,0.0,0.0,0.0
2023-01-21 10:00:00,0.43346073577413835,0.4042756247213976,0.4577260923328241,0.47431718023670216,0.42135394868846643,0.23042652597747998
2023-01-21 11:00:00,0.6312096536787625,0.6013080433282824,0.6570460457895987,0.6781171949117778,0.6111360715972699,0.3098739043248002
2023-01-21 12:00:00,0.498223957517158,0.5442949238969,0.589356390269892,0.4229332994859302,0.5988101479351099,0.3487923984089766
2023-01-21 13:00:00,0.43715055176992246,0.5922743859599945,0.6359350233866163,0.6596709857644972,0.6026216194333766,0.3527736271074009
2023-01-21 14:00:00,0.3260433917481973,0.5942988672872207,0.5467930418194507,0.4383101832112942,0.5618058545673619,0.2439682727705098
2023-01-21 15:00:00,0.22959788127560954,0.4540493315084997,0.45029903213443107,0.2342402557671939,0.4932174262682077,0.14547914689388633
2023-01-21 16:00:00,0.08383139800139665,0.07568562875394609,0.09013573325293597,0.05397487097767467,0.09953537442758635,0.07942003254329982
2023-01-21 17:00:00,0.02122805812927212,0.016763943341885187,0.012612527359997303,0.01200855434778085,0.019793308264442006,0.04730193402075034
2023-01-21 18:00:00,0.0,0.0,0.0,0.0,0.0,0.0
2023-01-21 19:00:00,0.0,0.0,0.0,0.0,0.0,0.0
2023-01-21 20:00:00,0.0,0.0,0.0,0.0,0.0,0.0
2023-01-21 21:00:00,0.0,0.0,0.0,0.0,0.0,0.0
2023-01-21 22:00:00,0.0,0.0,0.0,0.0,0.0,0.0
2023-01-21 23:00:00,0.0,0.0,0.0,0.0,0.0,0.0
2023-01-22 00:00:00,0.0,0.0,0.0,0.0,0.0,0.0
2023-01-22 01:00:00,0.0,0.0,0.0,0.0,0.0,0.0
2023-01-22 02:00:00,0.0,0.0,0.0,0.0,0.0,0.0
2023-01-22 03:00:00,0.0,0.0,0.0,0.0,0.0,0.0
2023-01-22 04:00:00,0.0,0.0,0.0,0.0,0.0,0.0
2023-01-22 05:00:00,0.0,0.0,0.0,0.0,0.0,0.0
2023-01-22 06:00:00,0.0,0.0,0.0,0.0,0.0,0.0
2023-01-22 07:00:00,0.0,0.0,0.0,0.0,0.0,0.0
2023-01-22 08:00:00,0.0,0.0,0.0,0.0,0.0,0.0
2023-01-22 09:00:00,0.0,0.0,0.0,0.0,0.0,0.0
2023-01-22 10:00:00,0.43800079635516326,0.4533688154056812,0.4429700875109791,0.4874753872821874,0.43451704062134944,0.36812289233712453
2023-01-22 11:00:00,0.5433899197338881,0.6800713620180059,0.6691808663218658,0.6409492353669857,0.6708027887153504,0.5158891876936577
2023-01-22 12:00:00,0.7564451038772403,0.8187051906443799,0.8108943032953823,0.8105863589405127,0.8082193842651371,0.6379682288744352
2023-01-22 13:00:00,0.8005832000689679,0.7721832451572944,0.6779703150163308,0.7925784741642403,0.6593281888128619,0.7596146851426755
2023-01-22 14:00:00,0.7912425916232608,0.7900777357588488,0.7078074948244047,0.8096135407101889,0.6858594418840742,0.7350358295485436
2023-01-22 15:00:00,0.7707704289614237,0.7903714256270001,0.7347273664019649,0.8013082392643927,0.7100775677834371,0.6931985968623631
2023-01-22 16:00:00,0.6949458644160285,0.6746045157155567,0.6239406461614808,0.7184016271685337,0.5813198077551087,0.5994228374174809
2023-01-22 17:00:00,0.5582101632886947,0.5298946749585723,0.43931228459073085,0.5458821666695466,0.4032271686477016,0.4361298904127385
2023-01-22 18:00:00,0.02380818024984003,0.0,0.0,0.0,0.0,0.012109518482306342
2023-01-22 19:00:00,0.0,0.0,0.0,0.0,0.0,0.0
2023-01-22 20:00:00,0.0,0.0,0.0,0.0,0.0,0.0
2023-01-22 21:00:00,0.0,0.0,0.0,0.0,0.0,0.0
2023-01-22 22:00:00,0.0,0.0,0.0,0.0,0.0,0.0
2023-01-22 23:00:00,0.0,0.0,0.0,0.0,0.0,0.0
2023-01-23 00:00:00,0.0,0.0,0.0,0.0,0.0,0.0
2023-01-23 01:00:00,0.0,0.0,0.0,0.0,0.0,0.0
2023-01-23 02:00:00,0.0,0.0,0.0,0.0,0.0,0.0
2023-01-23 03:00:00,0.0,0.0,0.0,0.0,0.0,0.0
2023-01-23 04:00:00,0.0,0.0,0.0,0.0,0.0,0.0
2023-01-23 05:00:00,0.0,0.0,0.0,0.0,0.0,0.0
2023-01-23 06:00:00,0.0,0.0,0.0,0.0,0.0,0.0
2023-01-23 07:00:00,0.0,0.0,0.0,0.0,0.0,0.0
2023-01-23 08:00:00,0.0,0.0,0.0,0.0,0.0,0.0
2023-01-23 09:00:00,0.0,0.0,0.0,0.0,0.0,0.0
2023-01-23 10:00:00,0.3187524329505382,0.4378822203507819,0.4505443504166316,0.4044455847849014,0.4280818821280733,0.3517474950562762
2023-01-23 11:00:00,0.5663194613496614,0.62594041646888,0.5761716494515436,0.5758214409461688,0.5645125529312561,0.5408685574041829
2023-01-23 12:00:00,0.641300262148005,0.6446480494278655,0.6109137320566084,0.5572760525003598,0.6442510922893526,0.5470410323650557
2023-01-23 13:00:00,0.6482109517617448,0.7220714804579711,0.6754883498799269,0.5784437236206001,0.7136668043180902,0.4490635816207726
2023-01-23 14:00:00,0.48192884452785356,0.6620533732967272,0.627651340072157,0.5586027898194224,0.6773661106193574,0.2790570343504408
2023-01-23 15:00:00,0.3394995359897476,0.5831393632818368,0.5389911805272124,0.2821005981143399,0.6383880197573766,0.1924977724202168
2023-01-23 16:00:00,0.2219093493583286,0.47879843550044116,0.504324045400618,0.20363400973112478,0.6125349137953185,0.15759533264727674
2023-01-23 17:00:00,0.1869885334811727,0.3655201286505358,0.3314235801713828,0.13743113692166825,0.412625174292601,0.1231359234879454
2023-01-23 18:00:00,0.014750874266027137,0.0,0.0,0.0,0.0,0.045825792200410276
2023-01-23 19:00:00,0.0,0.0,0.0,0.0,0.0,0.0
2023-01-23 20:00:00,0.0,0.0,0.0,0.0,0.0,0.0
2023-01-23 21:00:00,0.0,0.0,0.0,0.0,0.0,0.0
2023-01-23 22:00:00,0.0,0.0,0.0,0.0,0.0,0.0
2023-01-23 23:00:00,0.0,0.0,0.0,0.0,0.0,0.0
2023-01-24 00:00:00,0.0,0.0,0.0,0.0,0.0,0.0
2023-01-24 01:00:00,0.0,0.0,0.0,0.0,0.0,0.0
2023-01-24 02:00:00,0.0,0.0,0.0,0.0,0.0,0.0
2023-01-24 03:00:00,0.0,0.0,0.0,0.0,0.0,0.0
2023-01-24 04:00:00,0.0,0.0,0.0,0.0,0.0,0.0
2023-01-24 05:00:00,0.0,0.0,0.0,0.0,0.0,0.0
2023-01-24 06:00:00,0.0,0.0,0.0,0.0,0.0,0.0
2023-01-24 07:00:00,0.0,0.0,0.0,0.0,0.0,0.0
2023-01-24 08:00:00,0.0,0.0,0.0,0.0,0.0,0.0
2023-01-24 09:00:00,0.0,0.0,0.0,0.0,0.0,0.0
2023-01-24 10:00:00,0.11196642074642095,0.10911866763090843,0.04036450752776073,0.026447494010624073,0.05244177053821459,0.008764326032896527
2023-01-24 11:00:00,0.14543083665915277,0.04849257283997614,0.036312413191327865,0.03434948232312984,0.040573401267645685,0.10423952035921613
2023-01-24 12:00:00,0.2144519918101731,0.11515913499294324,0.07327602467679864,0.08173973475706313,0.07701433014107673,0.0862448748570739
2023-01-24 13:00:00,0.2838141117992587,0.23894675325704348,0.15670990655400505,0.18156553539145226,0.15465543430259138,0.1482072699170106
2023-01-24 14:00:00,0.2911273725052236,0.25348068008874475,0.1536264578771679,0.18268907940638465,0.1580279239766896,0.1709031118709614
2023-01-24 15:00:00,0.2504661669029296,0.164033748432817,0.11762321848620969,0.09332372478453019,0.12323339259870453,0.12027190480704784
2023-01-24 16:00:00,0.16860767348158257,0.05783794193073786,0.08884466620968914,0.0362826161261028,0.11363801173660064,0.08572922439040492
2023-01-24 17:00:00,0.1254753599456249,0.016612128070340078,0.011807739099993688,0.013042291158575681,0.013242415397206718,0.09836043058968054
2023-01-24 18:00:00,0.036110352276299294,0.0,0.0,0.0,0.0,0.0730188941663539
2023-01-24 19:00:00,0.0,0.0,0.0,0.0,0.0,0.0
2023-01-24 20:00:00,0.0,0.0,0.0,0.0,0.0,0.0
2023-01-24 21:00:00,0.0,0.0,0.0,0.0,0.0,0.0
2023-01-24 22:00:00,0.0,0.0,0.0,0.0,0.0,0.0
2023-01-24 23:00:00,0.0,0.0,0.0,0.0,0.0,0.0
2023-01-25 00:00:00,0.0,0.0,0.0,0.0,0.0,0.0
2023-01-25 01:00:00,0.0,0.0,0.0,0.0,0.0,0.0
2023-01-25 02:00:00,0.0,0.0,0.0,0.0,0.0,0.0
2023-01-25 03:00:00,0.0,0.0,0.0,0.0,0.0,0.0
2023-01-25 04:00:00,0.0,0.0,0.0,0.0,0.0,0.0
2023-01-25 05:00:00,0.0,0.0,0.0,0.0,0.0,0.0
2023-01-25 06:00:00,0.0,0.0,0.0,0.0,0.0,0.0
2023-01-25 07:00:00,0.0,0.0,0.0,0.0,0.0,0.0
2023-01-25 08:00:00,0.0,0.0,0.0,0.0,0.0,0.0
2023-01-25 09:00:00,0.0,0.0,0.0,0.0,0.0,0.0
2023-01-25 10:00:00,0.13669991377301713,0.07319374208328713,0.10096839509489844,0.07184635103028514,0.09327525945464493,0.23842962650615426
2023-01-25 11:00:00,0.3442919298074443,0.23998251465748108,0.1892469739382581,0.2653897908634073,0.16580195973648312,0.46154953890514533
2023-01-25 12:00:00,0.5227056564235353,0.3959704349583817,0.3869134902622534,0.5705093629794583,0.3226946583334374,0.5011413339231923
2023-01-25 13:00:00,0.5805807722749017,0.5186944917755942,0.5633513896294885,0.662045147961715,0.5073736941338053,0.5608327779195854
2023-01-25 14:00:00,0.6773024420240953,0.6687693926803554,0.6610184567796814,0.7480961263296948,0.6090333029898694,0.6454910881529924
2023-01-25 15:00:00,0.6627412224886067,0.7071713813443951,0.7043864261507777,0.7147461807444393,0.6634941002907122,0.6370582276060177
2023-01-25 16:00:00,0.6632266977991216,0.5792634750643797,0.5267924351135798,0.5403399481571121,0.49782560481418847,0.5856376348163969
2023-01-25 17:00:00,0.5118568598579816,0.3468686196523773,0.339207081802954,0.3581451365206519,0.32471959189523336,0.467611642334361
2023-01-25 18:00:00,0.29736746151378346,0.0,0.0,0.0,0.0,0.1852664239792974
2023-01-25 19:00:00,0.0,0.0,0.0,0.0,0.0,0.0
2023-01-25 20:00:00,0.0,0.0,0.0,0.0,0.0,0.0
2023-01-25 21:00:00,0.0,0.0,0.0,0.0,0.0,0.0
2023-01-25 22:00:00,0.0,0.0,0.0,0.0,0.0,0.0
2023-01-25 23:00:00,0.0,0.0,0.0,0.0,0.0,0.0
2023-01-26 00:00:00,0.0,0.0,0.0,0.0,0.0,0.0
2023-01-26 01:00:00,0.0,0.0,0.0,0.0,0.0,0.0
2023-01-26 02:00:00,0.0,0.0,0.0,0.0,0.0,0.0
2023-01-26 03:00:00,0.0,0.0,0.0,0.0,0.0,0.0
2023-01-26 04:00:00,0.0,0.0,0.0,0.0,0.0,0.0
2023-01-26 05:00:00,0.0,0.0,0.0,0.0,0.0,0.0
2023-01-26 06:00:00,0.0,0.0,0.0,0.0,0.0,0.0
2023-01-26 07:00:00,0.0,0.0,0.0,0.0,0.0,0.0
2023-01-26 08:00:00,0.0,0.0,0.0,0.0,0.0,0.0
2023-01-26 09:00:00,0.0,0.0,0.0,0.0,0.0,0.0
2023-01-26 10:00:00,0.10336118390699872,0.011095724089944584,0.010750263500812072,0.009468351116313277,0.020333772940822926,0.06086193519431396
2023-01-26 11:00:00,0.23789251182096294,0.05795090921522896,0.021388893348181143,0.02795627089227023,0.03059288885224919,0.10820129536234635
2023-01-26 12:00:00,0.2833142907811934,0.38869881658711014,0.348742940572494,0.2098694139710945,0.3828420784464254,0.11173620567267427
2023-01-26 13:00:00,0.2646991591575531,0.36127497129371966,0.2535375450494166,0.16005999293725906,0.3133113407681697,0.12519464335672303
2023-01-26 14:00:00,0.14387194739599424,0.09019312442352118,0.07514084642833371,0.057350070607918954,0.12339548956878416,0.15380465434900256
2023-01-26 15:00:00,0.1454481872502825,0.054021815895730865,0.0545247973729626,0.07322234384582967,0.08102737641859185,0.16946057809976742
2023-01-26 16:00:00,0.16312491188665273,0.08260650144526792,0.0785703789873109,0.19308488390741554,0.06983647360838198,0.1534378223235109
2023-01-26 17:00:00,0.12081700865678752,0.07787776337512237,0.033579787125216955,0.04720802177148345,0.03655801551403208,0.07151114961145819
2023-01-26 18:00:00,0.041722309152054875,0.0,0.0,0.0,0.0,0.03155703120874523
2023-01-26 19:00:00,0.0,0.0,0.0,0.0,0.0,0.0
2023-01-26 20:00:00,0.0,0.0,0.0,0.0,0.0,0.0
2023-01-26 21:00:00,0.0,0.0,0.0,0.0,0.0,0.0
2023-01-26 22:00:00,0.0,0.0,0.0,0.0,0.0,0.0
2023-01-26 23:00:00,0.0,0.0,0.0,0.0,0.0,0.0
2023-01-27 00:00:00,0.0,0.0,0.0,0.0,0.0,0.0
2023-01-27 01:00:00,0.0,0.0,0.0,0.0,0.0,0.0
2023-01-27 02:00:00,0.0,0.0,0.0,0.0,0.0,0.0
2023-01-27 03:00:00,0.0,0.0,0.0,0.0,0.0,0.0
2023-01-27 04:00:00,0.0,0.0,0.0,0.0,0.0,0.0
2023-01-27 05:00:00,0.0,0.0,0.0,0.0,0.0,0.0
2023-01-27 06:00:00,0.0,0.0,0.0,0.0,0.0,0.0
2023-01-27 07:00:00,0.0,0.0,0.0,0.0,0.0,0.0
2023-01-27 08:00:00,0.0,0.0,0.0,0.0,0.0,0.0
2023-01-27 09:00:00,0.0,0.0,0.0,0.0,0.0,0.0
2023-01-27 10:00:00,0.201641788483458,0.22266617091906596,0.21806992645964096,0.20351042816525414,0.2183539468519312,0.13683574495425085
2023-01-27 11:00:00,0.3676661909204809,0.2743224137299039,0.17575197000835358,0.24130754622634593,0.1563678770093449,0.24491095159269927
2023-01-27 12:00:00,0.41001880880867736,0.3826282165063777,0.36103693154764865,0.4392809004297819,0.3626467118656258,0.48770677020365094
2023-01-27 13:00:00,0.5757751838132086,0.46751167292109824,0.471035203282475,0.5525734348516029,0.45129569997143737,0.5959373942670856
2023-01-27 14:00:00,0.7084116793379595,0.7002165718276155,0.6821573170674922,0.7182159699035667,0.6653286580783491,0.7114315258711054
2023-01-27 15:00:00,0.722780819614492,0.6786375684843217,0.6342060485745588,0.7377781650272413,0.6042077614438596,0.6552003960217373
2023-01-27 16:00:00,0.6315047565128866,0.6220268117672882,0.6170066708318042,0.5738176190157052,0.6287502869694042,0.5594433639722514
2023-01-27 17:00:00,0.5087382824495772,0.5334402263177638,0.5300640604922465,0.5412538703498325,0.5175261617745104,0.4924024039264418
2023-01-27 18:00:00,0.45587749999416954,0.47870525898674654,0.0,0.4422897834272501,0.0,0.316971001527248
2023-01-27 19:00:00,0.0,0.0,0.0,0.0,0.0,0.0
2023-01-27 20:00:00,0.0,0.0,0.0,0.0,0.0,0.0
2023-01-27 21:00:00,0.0,0.0,0.0,0.0,0.0,0.0
2023-01-27 22:00:00,0.0,0.0,0.0,0.0,0.0,0.0
2023-01-27 23:00:00,0.0,0.0,0.0,0.0,0.0,0.0
2023-01-28 00:00:00,0.0,0.0,0.0,0.0,0.0,0.0
2023-01-28 01:00:00,0.0,0.0,0.0,0.0,0.0,0.0
2023-01-28 02:00:00,0.0,0.0,0.0,0.0,0.0,0.0
2023-01-28 03:00:00,0.0,0.0,0.0,0.0,0.0,0.0
2023-01-28 04:00:00,0.0,0.0,0.0,0.0,0.0,0.0
2023-01-28 05:00:00,0.0,0.0,0.0,0.0,0.0,0.0
2023-01-28 06:00:00,0.0,0.0,0.0,0.0,0.0,0.0
2023-01-28 07:00:00,0.0,0.0,0.0,0.0,0.0,0.0
2023-01-28 08:00:00,0.0,0.0,0.0,0.0,0.0,0.0
2023-01-28 09:00:00,0.0,0.0,0.0,0.0,0.0,0.0
2023-01-28 10:00:00,0.3777161005004252,0.3780116797282266,0.4439049173301151,0.4155139711617502,0.43614597497751284,0.30634851065214946
2023-01-28 11:00:00,0.4640758752904024,0.36126116502505345,0.5313890004553246,0.5715984720692319,0.5002840108565882,0.44376542887017495
2023-01-28 12:00:00,0.7001785887889612,0.7892030535340077,0.8021199487858198,0.7930417154744649,0.7843222645554686,0.6784738488790155
2023-01-28 13:00:00,0.659816005332717,0.7594338414833003,0.8115982932729273,0.812456636488046,0.7964159209004023,0.7204772735766097
2023-01-28 14:00:00,0.6759882914916788,0.696445653154632,0.7701097632145361,0.7735750080404807,0.7546639161072061,0.7202248860617009
2023-01-28 15:00:00,0.59878233958558,0.5848105969546525,0.720416986704568,0.7030557717855828,0.7084962512277491,0.715233495303507
2023-01-28 16:00:00,0.48677405525720696,0.3913199908270962,0.5984020999029471,0.6411749895710226,0.5748947442922534,0.6803156220162635
2023-01-28 17:00:00,0.3959678957508617,0.37636013888295033,0.5326400328601164,0.5655936463879502,0.5041588576779512,0.5579189582071034
2023-01-28 18:00:00,0.23813576868267178,0.3046313804650591,0.47147540904476065,0.4606096505048445,0.4806565178019823,0.3396689978487639
2023-01-28 19:00:00,0.0,0.0,0.0,0.0,0.0,0.0
2023-01-28 20:00:00,0.0,0.0,0.0,0.0,0.0,0.0
2023-01-28 21:00:00,0.0,0.0,0.0,0.0,0.0,0.0
2023-01-28 22:00:00,0.0,0.0,0.0,0.0,0.0,0.0
2023-01-28 23:00:00,0.0,0.0,0.0,0.0,0.0,0.0
2023-01-29 00:00:00,0.0,0.0,0.0,0.0,0.0,0.0
2023-01-29 01:00:00,0.0,0.0,0.0,0.0,0.0,0.0
2023-01-29 02:00:00,0.0,0.0,0.0,0.0,0.0,0.0
2023-01-29 03:00:00,0.0,0.0,0.0,0.0,0.0,0.0
2023-01-29 04:00:00,0.0,0.0,0.0,0.0,0.0,0.0
2023-01-29 05:00:00,0.0,0.0,0.0,0.0,0.0,0.0
2023-01-29 06:00:00,0.0,0.0,0.0,0.0,0.0,0.0
2023-01-29 07:00:00,0.0,0.0,0.0,0.0,0.0,0.0
2023-01-29 08:00:00,0.0,0.0,0.0,0.0,0.0,0.0
2023-01-29 09:00:00,0.0,0.0,0.0,0.0,0.0,0.0
2023-01-29 10:00:00,0.6357522024238617,0.6212898424796692,0.6037737177859241,0.6138582236463624,0.6065359250005484,0.5743051693372273
2023-01-29 11:00:00,0.815006509548384,0.7972808873407976,0.787123865018801,0.7974634942759753,0.7901791023486656,0.7563841970931815
2023-01-29 12:00:00,0.8947023159610481,0.8860852321330001,0.8786314310436969,0.8820095759664097,0.8799978273007029,0.8642573534507171
2023-01-29 13:00:00,0.9230293690826211,0.9127302867971967,0.9066031130621989,0.9116498265714543,0.9083191986146862,0.8975299813828265
2023-01-29 14:00:00,0.922236286421643,0.9130582729329464,0.9070112312628512,0.9121256735481481,0.9091314859371095,0.8942755510502313
2023-01-29 15:00:00,0.892989661850188,0.8868691739167788,0.8794960330262197,0.88435646380648,0.8831992872877195,0.8633132671861952
2023-01-29 16:00:00,0.8299195864972322,0.8156554807818708,0.7947966886678683,0.806222445819461,0.796071368955532,0.798299053423042
2023-01-29 17:00:00,0.6904409104375775,0.6239871296477625,0.5616451792032212,0.6499348757866203,0.5450276777375678,0.6633875509622748
2023-01-29 18:00:00,0.5214067547183874,0.5425388200701305,0.5437445885140499,0.5272571064246824,0.5559781589067724,0.48818942014989397
2023-01-29 19:00:00,0.0,0.0,0.0,0.0,0.0,0.0
2023-01-29 20:00:00,0.0,0.0,0.0,0.0,0.0,0.0
2023-01-29 21:00:00,0.0,0.0,0.0,0.0,0.0,0.0
2023-01-29 22:00:00,0.0,0.0,0.0,0.0,0.0,0.0
2023-01-29 23:00:00,0.0,0.0,0.0,0.0,0.0,0.0
2023-01-30 00:00:00,0.0,0.0,0.0,0.0,0.0,0.0
2023-01-30 01:00:00,0.0,0.0,0.0,0.0,0.0,0.0
2023-01-30 02:00:00,0.0,0.0,0.0,0.0,0.0,0.0
2023-01-30 03:00:00,0.0,0.0,0.0,0.0,0.0,0.0
2023-01-30 04:00:00,0.0,0.0,0.0,0.0,0.0,0.0
2023-01-30 05:00:00,0.0,0.0,0.0,0.0,0.0,0.0
2023-01-30 06:00:00,0.0,0.0,0.0,0.0,0.0,0.0
2023-01-30 07:00:00,0.0,0.0,0.0,0.0,0.0,0.0
2023-01-30 08:00:00,0.0,0.0,0.0,0.0,0.0,0.0
2023-01-30 09:00:00,0.0,0.0,0.0,0.0,0.0,0.0
2023-01-30 10:00:00,0.5990935223618906,0.5403909661479096,0.4929136189270147,0.5441117191769402,0.48498862353396666,0.3798663326009633
2023-01-30 11:00:00,0.7528237442394892,0.683815295341532,0.6916082593041244,0.7035889257164928,0.6841267533318978,0.48179399676641643
2023-01-30 12:00:00,0.846771160761327,0.8526248702513468,0.8297379169671473,0.8041118598044557,0.8280842462685131,0.42741208455168667
2023-01-30 13:00:00,0.8040093222577605,0.7276169101374893,0.6771748089530443,0.537988359042852,0.7148199756163979,0.4118082581127684
2023-01-30 14:00:00,0.7982092622879506,0.7020667008496205,0.5802216026054399,0.5869897177362287,0.5823389356680743,0.343491006432265
2023-01-30 15:00:00,0.5593893246715459,0.6509598752073544,0.554620008130347,0.3993182664324325,0.6091115969478387,0.2087336870245432
2023-01-30 16:00:00,0.20386604168768171,0.2883030541561504,0.16815764804689007,0.12727935621544853,0.22907788965312711,0.14617327086057086
2023-01-30 17:00:00,0.11642435189465059,0.07891152356206106,0.05557755780620763,0.058287875544235444,0.061496131236128626,0.12151811311550159
2023-01-30 18:00:00,0.04970570407998913,0.002168521238705074,0.0010757342975087586,0.016382897945974126,0.0007786143902761556,0.06962539901780274
2023-01-30 19:00:00,0.0,0.0,0.0,0.0,0.0,0.0
2023-01-30 20:00:00,0.0,0.0,0.0,0.0,0.0,0.0
2023-01-30 21:00:00,0.0,0.0,0.0,0.0,0.0,0.0
2023-01-30 22:00:00,0.0,0.0,0.0,0.0,0.0,0.0
2023-01-30 23:00:00,0.0,0.0,0.0,0.0,0.0,0.0
2023-01-31 00:00:00,0.0,0.0,0.0,0.0,0.0,0.0
2023-01-31 01:00:00,0.0,0.0,0.0,0.0,0.0,0.0
2023-01-31 02:00:00,0.0,0.0,0.0,0.0,0.0,0.0
2023-01-31 03:00:00,0.0,0.0,0.0,0.0,0.0,0.0
2023-01-31 04:00:00,0.0,0.0,0.0,0.0,0.0,0.0
2023-01-31 05:00:00,0.0,0.0,0.0,0.0,0.0,0.0
2023-01-31 06:00:00,0.0,0.0,0.0,0.0,0.0,0.0
2023-01-31 07:00:00,0.0,0.0,0.0,0.0,0.0,0.0
2023-01-31 08:00:00,0.0,0.0,0.0,0.0,0.0,0.0
2023-01-31 09:00:00,0.0,0.0,0.0,0.0,0.0,0.0
2023-01-31 10:00:00,0.02950404398994452,0.032676843522632754,0.025907666385449404,0.022573631258540706,0.02582952649222547,0.01606468298125514
2023-01-31 11:00:00,0.07640778302966088,0.09152738893535207,0.08975857379653424,0.07041323113310391,0.09167747767065491,0.0624525897996956
2023-01-31 12:00:00,0.18837634768798314,0.19401998493003228,0.17619315281004982,0.16550547155576076,0.17300543239752844,0.15691791232196012
2023-01-31 13:00:00,0.1957403544976634,0.24502018394231928,0.222949278055808,0.1887063942316093,0.23431290966711094,0.1750336856684975
2023-01-31 14:00:00,0.2361428169554727,0.22143323092657663,0.20671031888675717,0.19386116042924312,0.22133072188858724,0.23702788525088325
2023-01-31 15:00:00,0.23340375334467584,0.12385587295210906,0.13504585497590477,0.12698742742168112,0.14762944212781712,0.25662835012424456
2023-01-31 16:00:00,0.3685595164085664,0.19915045447531476,0.13496003989345556,0.2382743168021445,0.10373171908980994,0.3365853221839031
2023-01-31 17:00:00,0.31087568531471566,0.3754900111943851,0.21820753420274155,0.26947926509681785,0.19428094921647218,0.25516217302514826
2023-01-31 18:00:00,0.2758853208048239,0.3575732753930515,0.26666749227172376,0.24393802878731047,0.2553932444364586,0.18773796371422422
2023-01-31 19:00:00,0.0,0.0,0.0,0.0,0.0,0.0
2023-01-31 20:00:00,0.0,0.0,0.0,0.0,0.0,0.0
2023-01-31 21:00:00,0.0,0.0,0.0,0.0,0.0,0.0
2023-01-31 22:00:00,0.0,0.0,0.0,0.0,0.0,0.0
2023-01-31 23:00:00,0.0,0.0,0.0,0.0,0.0,0.0
2023-02-01 00:00:00,0.0,0.0,0.0,0.0,0.0,0.0
2023-02-01 01:00:00,0.0,0.0,0.0,0.0,0.0,0.0
2023-02-01 02:00:00,0.0,0.0,0.0,0.0,0.0,0.0
2023-02-01 03:00:00,0.0,0.0,0.0,0.0,0.0,0.0
2023-02-01 04:00:00,0.0,0.0,0.0,0.0,0.0,0.0
2023-02-01 05:00:00,0.0,0.0,0.0,0.0,0.0,0.0
2023-02-01 06:00:00,0.0,0.0,0.0,0.0,0.0,0.0
2023-02-01 07:00:00,0.0,0.0,0.0,0.0,0.0,0.0
2023-02-01 08:00:00,0.0,0.0,0.0,0.0,0.0,0.0
2023-02-01 09:00:00,0.0,0.0,0.0,0.0,0.0,0.0
2023-02-01 10:00:00,0.10245183306135941,0.042452430781599874,0.027261788310796304,0.01578138060559963,0.034337077480553875,0.012462379321634352
2023-02-01 11:00:00,0.17483839665021553,0.07470382379120218,0.061070018347155024,0.04248152074386263,0.07193102761118332,0.047873399078156735
2023-02-01 12:00:00,0.22572986677941398,0.11641605658905808,0.08710694375382816,0.068797449481034,0.09541433102269697,0.09670712497676584
2023-02-01 13:00:00,0.19295569877289767,0.08092144297110743,0.09555382940603452,0.08181927959863947,0.09810483774238889,0.12406531291801698
2023-02-01 14:00:00,0.25183604545486277,0.13736134633368205,0.1722214560739535,0.10924277685466063,0.17959955893237284,0.15035557898388954
2023-02-01 15:00:00,0.30592271058546233,0.13549604891933584,0.17930456498312716,0.1285272592151315,0.17526955762259055,0.20644166214525664
2023-02-01 16:00:00,0.2962229901545999,0.15258408139076363,0.20702840908597794,0.16379433426840223,0.21210144556247099,0.18243190703586798
2023-02-01 17:00:00,0.4135627286750652,0.2789577660462985,0.24837174497227016,0.2386339866913684,0.21452625895203628,0.09934007314688725
2023-02-01 18:00:00,0.14246627170177434,0.17534900002673237,0.07786999305447169,0.05123622060555116,0.08724470210629019,0.023995048838737643
2023-02-01 19:00:00,0.0,0.0,0.0,0.0,0.0,0.0
2023-02-01 20:00:00,0.0,0.0,0.0,0.0,0.0,0.0
2023-02-01 21:00:00,0.0,0.0,0.0,0.0,0.0,0.0
2023-02-01 22:00:00,0.0,0.0,0.0,0.0,0.0,0.0
2023-02-01 23:00:00,0.0,0.0,0.0,0.0,0.0,0.0
2023-02-02 00:00:00,0.0,0.0,0.0,0.0,0.0,0.0
2023-02-02 01:00:00,0.0,0.0,0.0,0.0,0.0,0.0
2023-02-02 02:00:00,0.0,0.0,0.0,0.0,0.0,0.0
2023-02-02 03:00:00,0.0,0.0,0.0,0.0,0.0,0.0
2023-02-02 04:00:00,0.0,0.0,0.0,0.0,0.0,0.0
2023-02-02 05:00:00,0.0,0.0,0.0,0.0,0.0,0.0
2023-02-02 06:00:00,0.0,0.0,0.0,0.0,0.0,0.0
2023-02-02 07:00:00,0.0,0.0,0.0,0.0,0.0,0.0
2023-02-02 08:00:00,0.0,0.0,0.0,0.0,0.0,0.0
2023-02-02 09:00:00,0.0,0.0,0.0,0.0,0.0,0.0
2023-02-02 10:00:00,0.0955096837361556,0.03152965786220817,0.018499605545084896,0.015354994209673177,0.02682093387206801,0.028964181900851725
2023-02-02 11:00:00,0.20630345435922567,0.06449258113670417,0.045898222712697556,0.038098684889934384,0.06318894515862301,0.12778474908461482
2023-02-02 12:00:00,0.3309894439777728,0.08485610474644546,0.07771927019851609,0.08871890872771927,0.06833603913097931,0.23359446251054325
2023-02-02 13:00:00,0.43544542332980646,0.11327800445621893,0.10265007940369629,0.11674570516045821,0.08916146689115208,0.2852400765912741
2023-02-02 14:00:00,0.5178265297580703,0.12559138519871074,0.0932751995948705,0.14070520150574184,0.0655205803039193,0.3049415715961621
2023-02-02 15:00:00,0.45748276751922345,0.2714110355009978,0.1916989885334248,0.37976305265687926,0.13887408421244343,0.38141054252643064
2023-02-02 16:00:00,0.39260219041693106,0.14692072280481921,0.14587826057055264,0.3921118594356836,0.08498854016581273,0.37918041352353826
2023-02-02 17:00:00,0.3409754562436376,0.12575919096932317,0.14079495809823794,0.4003748033257881,0.07122124554691427,0.3225980926466794
2023-02-02 18:00:00,0.2363410158815795,0.1145552483492597,0.10378788159667775,0.23327610168732177,0.06256023881706962,0.19596055591492367
2023-02-02 19:00:00,0.0,0.0,0.0,0.0,0.0,0.0
2023-02-02 20:00:00,0.0,0.0,0.0,0.0,0.0,0.0
2023-02-02 21:00:00,0.0,0.0,0.0,0.0,0.0,0.0
2023-02-02 22:00:00,0.0,0.0,0.0,0.0,0.0,0.0
2023-02-02 23:00:00,0.0,0.0,0.0,0.0,0.0,0.0
2023-02-03 00:00:00,0.0,0.0,0.0,0.0,0.0,0.0
2023-02-03 01:00:00,0.0,0.0,0.0,0.0,0.0,0.0
2023-02-03 02:00:00,0.0,0.0,0.0,0.0,0.0,0.0
2023-02-03 03:00:00,0.0,0.0,0.0,0.0,0.0,0.0
2023-02-03 04:00:00,0.0,0.0,0.0,0.0,0.0,0.0
2023-02-03 05:00:00,0.0,0.0,0.0,0.0,0.0,0.0
2023-02-03 06:00:00,0.0,0.0,0.0,0.0,0.0,0.0
2023-02-03 07:00:00,0.0,0.0,0.0,0.0,0.0,0.0
2023-02-03 08:00:00,0.0,0.0,0.0,0.0,0.0,0.0
2023-02-03 09:00:00,0.0,0.0,0.0,0.0,0.0,0.0
2023-02-03 10:00:00,0.28836908274974543,0.280121798530711,0.18215249118970164,0.1512852262586767,0.20054179977458025,0.09190856820238963
2023-02-03 11:00:00,0.4412557136083709,0.5789968264349371,0.4992573849645308,0.46100102884485167,0.5027754408405715,0.28546241529395344
2023-02-03 12:00:00,0.370005248385751,0.34572874372916085,0.2513004896828824,0.2143756833292557,0.2601846942256642,0.1511170071971706
2023-02-03 13:00:00,0.3585739789592765,0.42823068655050894,0.39124058394199823,0.31381135794142817,0.4148345569332252,0.2474529364885256
2023-02-03 14:00:00,0.2813437631767424,0.29587840273963023,0.2856026557610028,0.24478914354826475,0.32408028917777737,0.2920289878394182
2023-02-03 15:00:00,0.32550305258344414,0.2115019953801568,0.24347405262169472,0.2428071397507488,0.2524522500545162,0.42792952912246185
2023-02-03 16:00:00,0.3198942768304616,0.2520188128515617,0.20081897490478592,0.35055657930652523,0.15189774471849524,0.41542394703292335
2023-02-03 17:00:00,0.1433100754779788,0.20936092225621758,0.13733851253325383,0.18198066524146697,0.12117569316260349,0.16587956736515033
2023-02-03 18:00:00,0.09805960860673009,0.03827976561912298,0.01804019157562545,0.021566646079975656,0.015962114780252327,0.10857987207219467
2023-02-03 19:00:00,0.0,0.0,0.0,0.0,0.0,0.0
2023-02-03 20:00:00,0.0,0.0,0.0,0.0,0.0,0.0
2023-02-03 21:00:00,0.0,0.0,0.0,0.0,0.0,0.0
2023-02-03 22:00:00,0.0,0.0,0.0,0.0,0.0,0.0
2023-02-03 23:00:00,0.0,0.0,0.0,0.0,0.0,0.0
2023-02-04 00:00:00,0.0,0.0,0.0,0.0,0.0,0.0
2023-02-04 01:00:00,0.0,0.0,0.0,0.0,0.0,0.0
2023-02-04 02:00:00,0.0,0.0,0.0,0.0,0.0,0.0
2023-02-04 03:00:00,0.0,0.0,0.0,0.0,0.0,0.0
2023-02-04 04:00:00,0.0,0.0,0.0,0.0,0.0,0.0
2023-02-04 05:00:00,0.0,0.0,0.0,0.0,0.0,0.0
2023-02-04 06:00:00,0.0,0.0,0.0,0.0,0.0,0.0
2023-02-04 07:00:00,0.0,0.0,0.0,0.0,0.0,0.0
2023-02-04 08:00:00,0.0,0.0,0.0,0.0,0.0,0.0
2023-02-04 09:00:00,0.0,0.0,0.0,0.0,0.0,0.0
2023-02-04 10:00:00,0.050005583255691516,0.13731190687036857,0.22478819297560246,0.24231160479699634,0.2167012323756522,0.21901599311293476
2023-02-04 11:00:00,0.18471119584970125,0.337660047990471,0.49161316897361146,0.5102959509001367,0.470069804184551,0.3137140945628517
2023-02-04 12:00:00,0.478587001649062,0.5700097443344991,0.6288015556036939,0.6418903303111796,0.6031939403397347,0.4302963947726797
2023-02-04 13:00:00,0.45165315639491,0.7044618121507401,0.7588775264100874,0.7467910964174762,0.7661115734500441,0.468250616927021
2023-02-04 14:00:00,0.33033659424733136,0.6287373496156999,0.737220232909579,0.6985370667180958,0.7714588781837693,0.43954527093991586
2023-02-04 15:00:00,0.2962553253366714,0.5528483898533598,0.645768117582158,0.6636652255380597,0.660134690015471,0.42429944696133765
2023-02-04 16:00:00,0.22642656302879494,0.41603730876388406,0.5753406081154252,0.4345560246708456,0.6151422206329039,0.33677171834011116
2023-02-04 17:00:00,0.17803808414247435,0.23825345274436174,0.4016747017643095,0.16933583940045022,0.4446442356597925,0.2121765435643151
2023-02-04 18:00:00,0.17018788188075468,0.1876595846550489,0.2864518526622744,0.12504005315570726,0.3114855267034956,0.14924918908557142
2023-02-04 19:00:00,0.0,0.0,0.0,0.0,0.0,0.0
2023-02-04 20:00:00,0.0,0.0,0.0,0.0,0.0,0.0
2023-02-04 21:00:00,0.0,0.0,0.0,0.0,0.0,0.0
2023-02-04 22:00:00,0.0,0.0,0.0,0.0,0.0,0.0
2023-02-04 23:00:00,0.0,0.0,0.0,0.0,0.0,0.0
2023-02-05 00:00:00,0.0,0.0,0.0,0.0,0.0,0.0
2023-02-05 01:00:00,0.0,0.0,0.0,0.0,0.0,0.0
2023-02-05 02:00:00,0.0,0.0,0.0,0.0,0.0,0.0
2023-02-05 03:00:00,0.0,0.0,0.0,0.0,0.0,0.0
2023-02-05 04:00:00,0.0,0.0,0.0,0.0,0.0,0.0
2023-02-05 05:00:00,0.0,0.0,0.0,0.0,0.0,0.0
2023-02-05 06:00:00,0.0,0.0,0.0,0.0,0.0,0.0
2023-02-05 07:00:00,0.0,0.0,0.0,0.0,0.0,0.0
2023-02-05 08:00:00,0.0,0.0,0.0,0.0,0.0,0.0
2023-02-05 09:00:00,0.0,0.0,0.0,0.0,0.0,0.0
2023-02-05 10:00:00,0.12931335190393145,0.09618070315546942,0.0990213882868313,0.09443327617034862,0.08635900171077254,0.03340317416190041
2023-02-05 11:00:00,0.24999927622097678,0.11043255962662259,0.09191006729416183,0.0997080419466165,0.08440269074740617,0.08296428008421683
2023-02-05 12:00:00,0.24188766756025543,0.291784497947396,0.2683032382726001,0.27556027068674005,0.2568604952859477,0.261349791330269
2023-02-05 13:00:00,0.2709390333133675,0.26504599094063713,0.25842033558855815,0.26584443220340465,0.24074534519278565,0.33212242881141824
2023-02-05 14:00:00,0.30881726358377587,0.33863520000870534,0.3932485998757988,0.4272192332886484,0.36973980622797353,0.38908858179368905
2023-02-05 15:00:00,0.29856246479618376,0.36867562954822886,0.3184018024304561,0.308138908034301,0.3208863183015782,0.3617624093846543
2023-02-05 16:00:00,0.36089728402223425,0.29269419831745236,0.22983063162825232,0.2169137158856303,0.22540131507812863,0.37473415341272676
2023-02-05 17:00:00,0.24338271350673757,0.17247277914137765,0.12851473440323524,0.14555905530072463,0.12706274313399474,0.32042538708389573
2023-02-05 18:00:00,0.2249570848073566,0.1839809465945838,0.10991764751962989,0.1966767344734738,0.08268599031424805,0.3059401583319618
2023-02-05 19:00:00,0.0,0.0,0.0,0.0,0.0,0.0
2023-02-05 20:00:00,0.0,0.0,0.0,0.0,0.0,0.0
2023-02-05 21:00:00,0.0,0.0,0.0,0.0,0.0,0.0
2023-02-05 22:00:00,0.0,0.0,0.0,0.0,0.0,0.0
2023-02-05 23:00:00,0.0,0.0,0.0,0.0,0.0,0.0
2023-02-06 00:00:00,0.0,0.0,0.0,0.0,0.0,0.0
2023-02-06 01:00:00,0.0,0.0,0.0,0.0,0.0,0.0
2023-02-06 02:00:00,0.0,0.0,0.0,0.0,0.0,0.0
2023-02-06 03:00:00,0.0,0.0,0.0,0.0,0.0,0.0
2023-02-06 04:00:00,0.0,0.0,0.0,0.0,0.0,0.0
2023-02-06 05:00:00,0.0,0.0,0.0,0.0,0.0,0.0
2023-02-06 06:00:00,0.0,0.0,0.0,0.0,0.0,0.0
2023-02-06 07:00:00,0.0,0.0,0.0,0.0,0.0,0.0
2023-02-06 08:00:00,0.0,0.0,0.0,0.0,0.0,0.0
2023-02-06 09:00:00,0.0,0.0,0.0,0.0,0.0,0.0
2023-02-06 10:00:00,0.21773853327434925,0.20930733639082805,0.16916710758319356,0.2420174828865151,0.1706393984039783,0.13297286558615665
2023-02-06 11:00:00,0.3699990677757538,0.3877327037105551,0.32807011609807335,0.2957909074893468,0.3261663977143328,0.24735221901711013
2023-02-06 12:00:00,0.29538203890920794,0.3161013390701467,0.25170686406666465,0.20626337498275932,0.28137990225718507,0.30023993283904277
2023-02-06 13:00:00,0.4633463374415061,0.4661211474184866,0.36200229851588756,0.3286745623847718,0.3708487109861186,0.31535057999737054
2023-02-06 14:00:00,0.35416751231629223,0.24705048342930594,0.26351850475972927,0.20361641381480397,0.2863162262413335,0.2406536571754988
2023-02-06 15:00:00,0.30023226507968725,0.2538945662608729,0.3015045589400777,0.2672831336191621,0.29504517678306946,0.19692528373610463
2023-02-06 16:00:00,0.19372884974439203,0.18207813272602452,0.13604587515669653,0.10210991361341179,0.15125296591668508,0.11792809081164411
2023-02-06 17:00:00,0.08991438271510063,0.13249610866631026,0.1068146312662025,0.0909394821602336,0.10981649804869198,0.12520889231196944
2023-02-06 18:00:00,0.01699760019285526,0.005833749225045272,0.0039087201851462595,0.0072024379020345485,0.004589387073298507,0.052264443892700616
2023-02-06 19:00:00,0.0,0.0,0.0,0.0,0.0,0.0
2023-02-06 20:00:00,0.0,0.0,0.0,0.0,0.0,0.0
2023-02-06 21:00:00,0.0,0.0,0.0,0.0,0.0,0.0
2023-02-06 22:00:00,0.0,0.0,0.0,0.0,0.0,0.0
2023-02-06 23:00:00,0.0,0.0,0.0,0.0,0.0,0.0
2023-02-07 00:00:00,0.0,0.0,0.0,0.0,0.0,0.0
2023-02-07 01:00:00,0.0,0.0,0.0,0.0,0.0,0.0
2023-02-07 02:00:00,0.0,0.0,0.0,0.0,0.0,0.0
2023-02-07 03:00:00,0.0,0.0,0.0,0.0,0.0,0.0
2023-02-07 04:00:00,0.0,0.0,0.0,0.0,0.0,0.0
2023-02-07 05:00:00,0.0,0.0,0.0,0.0,0.0,0.0
2023-02-07 06:00:00,0.0,0.0,0.0,0.0,0.0,0.0
2023-02-07 07:00:00,0.0,0.0,0.0,0.0,0.0,0.0
2023-02-07 08:00:00,0.0,0.0,0.0,0.0,0.0,0.0
2023-02-07 09:00:00,0.0,0.0,0.0,0.0,0.0,0.0
2023-02-07 10:00:00,0.14622323104465706,0.07183304328337634,0.04179351202971327,0.07570248959827806,0.031114534572164825,0.09299017227678784
2023-02-07 11:00:00,0.1761245261082725,0.16544854276583895,0.17766844383597044,0.18462325464964646,0.17490239421440712,0.1776107269607094
2023-02-07 12:00:00,0.15147296279736766,0.17603586803370597,0.1481182228140423,0.23056404360687405,0.11577383196962905,0.16397024144038297
2023-02-07 13:00:00,0.12593239627528088,0.10355508270910806,0.09893242763477866,0.13684275658464964,0.08350642545681823,0.1486985207640534
2023-02-07 14:00:00,0.12741059119402612,0.1489068663470213,0.13460459927626933,0.20070708443041227,0.11409561575130706,0.18619633180437642
2023-02-07 15:00:00,0.0785074697023738,0.10861298376008759,0.15369068903478367,0.10729723035828756,0.158107752456645,0.1732467249753595
2023-02-07 16:00:00,0.06714957100772781,0.04345919685681592,0.0481982537683481,0.06225268625407863,0.044523071608579386,0.22008863365300393
2023-02-07 17:00:00,0.13886963751936648,0.05901556277220446,0.053578858372628484,0.09627284316677637,0.0365730320116323,0.3123186941500241
2023-02-07 18:00:00,0.04802509635131577,0.026554815161592735,0.034719075256753204,0.09147434306901477,0.019739468635636623,0.2169897948504766
2023-02-07 19:00:00,0.0,0.0,0.0,0.0,0.0,0.0
2023-02-07 20:00:00,0.0,0.0,0.0,0.0,0.0,0.0
2023-02-07 21:00:00,0.0,0.0,0.0,0.0,0.0,0.0
2023-02-07 22:00:00,0.0,0.0,0.0,0.0,0.0,0.0
2023-02-07 23:00:00,0.0,0.0,0.0,0.0,0.0,0.0
2023-02-08 00:00:00,0.0,0.0,0.0,0.0,0.0,0.0
2023-02-08 01:00:00,0.0,0.0,0.0,0.0,0.0,0.0
2023-02-08 02:00:00,0.0,0.0,0.0,0.0,0.0,0.0
2023-02-08 03:00:00,0.0,0.0,0.0,0.0,0.0,0.0
2023-02-08 04:00:00,0.0,0.0,0.0,0.0,0.0,0.0
2023-02-08 05:00:00,0.0,0.0,0.0,0.0,0.0,0.0
2023-02-08 06:00:00,0.0,0.0,0.0,0.0,0.0,0.0
2023-02-08 07:00:00,0.0,0.0,0.0,0.0,0.0,0.0
2023-02-08 08:00:00,0.0,0.0,0.0,0.0,0.0,0.0
2023-02-08 09:00:00,0.07314796482679325,0.0,0.0,0.0,0.0,0.0
2023-02-08 10:00:00,0.5209312439121339,0.565715526203947,0.5318147977688786,0.4670517986095194,0.5595401881582787,0.4439059862811389
2023-02-08 11:00:00,0.6894374307861546,0.7278289949507586,0.6910570693420239,0.4926668299907851,0.7352058032639406,0.572835518157918
2023-02-08 12:00:00,0.6931430691574904,0.798144024146788,0.7954738954317362,0.7165492296436441,0.8269843137651821,0.6737356011187756
2023-02-08 13:00:00,0.8183027675423735,0.8352856658895451,0.7961095484246216,0.821967659884318,0.7906232431231394,0.7947174352107514
2023-02-08 14:00:00,0.8334997539970405,0.7774734455032628,0.7403672849653431,0.7896153607489477,0.7307278710957607,0.8027067736911555
2023-02-08 15:00:00,0.8125081624370598,0.8318244922409864,0.8067408577695355,0.801004083512238,0.8043196214063161,0.766698730977745
2023-02-08 16:00:00,0.741447693872067,0.7972130627202305,0.780053021827846,0.7811719593973837,0.7509337422094836,0.6741594212536435
2023-02-08 17:00:00,0.4510889759734222,0.5798684784876248,0.6016065556589978,0.5379974962009489,0.6371824115370593,0.4890488756735469
2023-02-08 18:00:00,0.3274917010331132,0.33957731426579435,0.3726660118430935,0.36490613537242095,0.37797117842863515,0.3295866732812969
2023-02-08 19:00:00,0.0,0.0,0.0,0.0,0.0,0.0
2023-02-08 20:00:00,0.0,0.0,0.0,0.0,0.0,0.0
2023-02-08 21:00:00,0.0,0.0,0.0,0.0,0.0,0.0
2023-02-08 22:00:00,0.0,0.0,0.0,0.0,0.0,0.0
2023-02-08 23:00:00,0.0,0.0,0.0,0.0,0.0,0.0
2023-02-09 00:00:00,0.0,0.0,0.0,0.0,0.0,0.0
2023-02-09 01:00:00,0.0,0.0,0.0,0.0,0.0,0.0
2023-02-09 02:00:00,0.0,0.0,0.0,0.0,0.0,0.0
2023-02-09 03:00:00,0.0,0.0,0.0,0.0,0.0,0.0
2023-02-09 04:00:00,0.0,0.0,0.0,0.0,0.0,0.0
2023-02-09 05:00:00,0.0,0.0,0.0,0.0,0.0,0.0
2023-02-09 06:00:00,0.0,0.0,0.0,0.0,0.0,0.0
2023-02-09 07:00:00,0.0,0.0,0.0,0.0,0.0,0.0
2023-02-09 08:00:00,0.0,0.0,0.0,0.0,0.0,0.0
2023-02-09 09:00:00,0.03622628551608641,0.0048551582318123974,0.0,0.0,0.08044662763607482,0.0
2023-02-09 10:00:00,0.15882868387509017,0.16248754667589566,0.16424601215621107,0.15468507405564352,0.18373056583742187,0.10231599894586757
2023-02-09 11:00:00,0.22789027844687415,0.22180501462879826,0.2170732952797246,0.2532743018869003,0.2370912614343734,0.1841400838969169
2023-02-09 12:00:00,0.23704942075221572,0.341758580212329,0.2935842703863014,0.17530721309932243,0.3119595391244727,0.23784026820418525
2023-02-09 13:00:00,0.23203779950203277,0.2862638552018215,0.25964598470916045,0.15951232571572574,0.2986930976185802,0.21495178054668898
2023-02-09 14:00:00,0.24702779174644518,0.3221759226418119,0.18408586514333283,0.15079873628503854,0.2339608888441623,0.2989088617414318
2023-02-09 15:00:00,0.11595484446132157,0.10691728101962349,0.11122669327192118,0.08975435160900226,0.11807352647751836,0.2316999628443787
2023-02-09 16:00:00,0.11620261245780943,0.12209894064583705,0.08107474708972356,0.07628329963312,0.08741850122637906,0.19714087417445006
2023-02-09 17:00:00,0.08778258049038276,0.02584035379375538,0.019931041910476534,0.02871269478097656,0.02630028882073818,0.18314232223742669
2023-02-09 18:00:00,0.17078079609410057,0.05235763842327785,0.04584542261671922,0.0931476632983459,0.021267153115881503,0.1569184895313378
2023-02-09 19:00:00,0.0,0.0,0.0,0.0,0.0,0.0
2023-02-09 20:00:00,0.0,0.0,0.0,0.0,0.0,0.0
2023-02-09 21:00:00,0.0,0.0,0.0,0.0,0.0,0.0
2023-02-09 22:00:00,0.0,0.0,0.0,0.0,0.0,0.0
2023-02-09 23:00:00,0.0,0.0,0.0,0.0,0.0,0.0
2023-02-10 00:00:00,0.0,0.0,0.0,0.0,0.0,0.0
2023-02-10 01:00:00,0.0,0.0,0.0,0.0,0.0,0.0
2023-02-10 02:00:00,0.0,0.0,0.0,0.0,0.0,0.0
2023-02-10 03:00:00,0.0,0.0,0.0,0.0,0.0,0.0
2023-02-10 04:00:00,0.0,0.0,0.0,0.0,0.0,0.0
2023-02-10 05:00:00,0.0,0.0,0.0,0.0,0.0,0.0
2023-02-10 06:00:00,0.0,0.0,0.0,0.0,0.0,0.0
2023-02-10 07:00:00,0.0,0.0,0.0,0.0,0.0,0.0
2023-02-10 08:00:00,0.0,0.0,0.0,0.0,0.0,0.0
2023-02-10 09:00:00,0.2359818409095513,0.47827180119133084,0.5167699151487679,0.0,0.496274357249282,0.0
2023-02-10 10:00:00,0.49735590671689034,0.6127442573348405,0.6179408140336461,0.5912580510299141,0.6305991837555862,0.4861241481353566
2023-02-10 11:00:00,0.7493919861235827,0.7696870509484786,0.7605156947793551,0.7645915389665499,0.7638714979412321,0.6470174866434422
2023-02-10 12:00:00,0.7710540561870609,0.7984284131702328,0.8131739933230351,0.8195754917612663,0.8051628789049295,0.7288678020433536
2023-02-10 13:00:00,0.8193701670432448,0.8221176198628048,0.8356539606082789,0.8462391384385811,0.8277472958353619,0.7613093898260664
2023-02-10 14:00:00,0.8399656856736261,0.8262223049758477,0.8354651370123249,0.8360679195180232,0.8379141767562646,0.7482574521652814
2023-02-10 15:00:00,0.8123013040396749,0.8396095061854415,0.8212556958443736,0.8090542389249954,0.8255869532514026,0.6912494541579884
2023-02-10 16:00:00,0.7609987802260767,0.7612033135583778,0.7393739222150711,0.6989882466663523,0.7400779332718513,0.6132737817675685
2023-02-10 17:00:00,0.6833247739321847,0.6684652457419082,0.6273075741424509,0.6827705513713023,0.6028837338597206,0.489432885429456
2023-02-10 18:00:00,0.4912207209305526,0.48415876474615677,0.47049791428666365,0.47898517864193857,0.45731472661845407,0.29214122054101155
2023-02-10 19:00:00,0.0,0.0,0.0,0.0,0.0,0.0
2023-02-10 20:00:00,0.0,0.0,0.0,0.0,0.0,0.0
2023-02-10 21:00:00,0.0,0.0,0.0,0.0,0.0,0.0
2023-02-10 22:00:00,0.0,0.0,0.0,0.0,0.0,0.0
2023-02-10 23:00:00,0.0,0.0,0.0,0.0,0.0,0.0
2023-02-11 00:00:00,0.0,0.0,0.0,0.0,0.0,0.0
2023-02-11 01:00:00,0.0,0.0,0.0,0.0,0.0,0.0
2023-02-11 02:00:00,0.0,0.0,0.0,0.0,0.0,0.0
2023-02-11 03:00:00,0.0,0.0,0.0,0.0,0.0,0.0
2023-02-11 04:00:00,0.0,0.0,0.0,0.0,0.0,0.0
2023-02-11 05:00:00,0.0,0.0,0.0,0.0,0.0,0.0
2023-02-11 06:00:00,0.0,0.0,0.0,0.0,0.0,0.0
2023-02-11 07:00:00,0.0,0.0,0.0,0.0,0.0,0.0
2023-02-11 08:00:00,0.0,0.0,0.0,0.0,0.0,0.0
2023-02-11 09:00:00,0.3730149185319407,0.4782099804340224,0.4360237624550873,0.32440389538542397,0.45898493337498003,0.030178765479445747
2023-02-11 10:00:00,0.45939250673438686,0.5779165693782999,0.5500709057920623,0.3816900409236275,0.5879209549087824,0.16955789614844777
2023-02-11 11:00:00,0.47307389264027694,0.5896573389689734,0.48108875312647503,0.3315260121949511,0.5441122108721035,0.2775512177068737
2023-02-11 12:00:00,0.5253546326493203,0.5383484330397564,0.48772071671100314,0.3859784415589229,0.5209040555952108,0.3791230201996252
2023-02-11 13:00:00,0.5583762075707023,0.5855054665475896,0.5246185115259753,0.5130280104757855,0.524915418987212,0.48533596130780327
2023-02-11 14:00:00,0.5199674801075704,0.5887169240543781,0.6445519889357418,0.5741156296087722,0.6734567804235613,0.418086443235091
2023-02-11 15:00:00,0.44247588679313615,0.622884738455511,0.6383894752744667,0.4421277834166368,0.6968978669758232,0.3714933959721783
2023-02-11 16:00:00,0.4774972421536551,0.5664584075113791,0.5784307034017843,0.4143418414411834,0.6138884720159922,0.3290681445321131
2023-02-11 17:00:00,0.32787640757727754,0.4091493693080451,0.2701812149958055,0.17241277925659027,0.32330201957878674,0.21897270834765975
2023-02-11 18:00:00,0.1407918260383036,0.045653901082601096,0.052099118452157346,0.07191169262789791,0.06421064062090577,0.11558883161106617
2023-02-11 19:00:00,0.0,0.0,0.0,0.0,0.0,0.0
2023-02-11 20:00:00,0.0,0.0,0.0,0.0,0.0,0.0
2023-02-11 21:00:00,0.0,0.0,0.0,0.0,0.0,0.0
2023-02-11 22:00:00,0.0,0.0,0.0,0.0,0.0,0.0
2023-02-11 23:00:00,0.0,0.0,0.0,0.0,0.0,0.0
2023-02-12 00:00:00,0.0,0.0,0.0,0.0,0.0,0.0
2023-02-12 01:00:00,0.0,0.0,0.0,0.0,0.0,0.0
2023-02-12 02:00:00,0.0,0.0,0.0,0.0,0.0,0.0
2023-02-12 03:00:00,0.0,0.0,0.0,0.0,0.0,0.0
2023-02-12 04:00:00,0.0,0.0,0.0,0.0,0.0,0.0
2023-02-12 05:00:00,0.0,0.0,0.0,0.0,0.0,0.0
2023-02-12 06:00:00,0.0,0.0,0.0,0.0,0.0,0.0
2023-02-12 07:00:00,0.0,0.0,0.0,0.0,0.0,0.0
2023-02-12 08:00:00,0.0,0.0,0.0,0.0,0.0,0.0
2023-02-12 09:00:00,0.19834548135623858,0.262505072190356,0.1878678865210276,0.12202857597578563,0.2213430187122503,0.02260603858859792
2023-02-12 10:00:00,0.2512767654884702,0.25936445754786086,0.2459939445715679,0.2029835201298751,0.28434646596371743,0.27852954376902644
2023-02-12 11:00:00,0.32030671033858726,0.3899538131240795,0.39642084404630334,0.3454834788060022,0.43195360671111377,0.2962415411768034
2023-02-12 12:00:00,0.39195146209111353,0.49092451773942414,0.48259537009997566,0.39671875251974004,0.4838166459048766,0.3712280528605779
2023-02-12 13:00:00,0.44475822772742646,0.4800119436217679,0.4566036158058762,0.3980124286217825,0.46972619806272914,0.3978429627008922
2023-02-12 14:00:00,0.3435169888494991,0.37591423105391514,0.37510802295735796,0.30739867004233407,0.3974234961061117,0.3245858525979702
2023-02-12 15:00:00,0.2736536506598897,0.2733747610165142,0.2843838829590472,0.22110990623459104,0.30178864813263695,0.36228458055972923
2023-02-12 16:00:00,0.23613069828647018,0.16884158014652648,0.14895448666443292,0.17580307863930578,0.1335883331952805,0.38504943140686815
2023-02-12 17:00:00,0.27354240806207114,0.1725350615888573,0.13625583187828597,0.19645629509064952,0.1272897195058974,0.26316453869287515
2023-02-12 18:00:00,0.1035912747058858,0.10307854855096796,0.07868960912671176,0.11790829706090895,0.06089268844822932,0.18923557487425152
2023-02-12 19:00:00,0.0,0.0,0.0,0.0,0.0,0.0
2023-02-12 20:00:00,0.0,0.0,0.0,0.0,0.0,0.0
2023-02-12 21:00:00,0.0,0.0,0.0,0.0,0.0,0.0
2023-02-12 22:00:00,0.0,0.0,0.0,0.0,0.0,0.0
2023-02-12 23:00:00,0.0,0.0,0.0,0.0,0.0,0.0
2023-02-13 00:00:00,0.0,0.0,0.0,0.0,0.0,0.0
2023-02-13 01:00:00,0.0,0.0,0.0,0.0,0.0,0.0
2023-02-13 02:00:00,0.0,0.0,0.0,0.0,0.0,0.0
2023-02-13 03:00:00,0.0,0.0,0.0,0.0,0.0,0.0
2023-02-13 04:00:00,0.0,0.0,0.0,0.0,0.0,0.0
2023-02-13 05:00:00,0.0,0.0,0.0,0.0,0.0,0.0
2023-02-13 06:00:00,0.0,0.0,0.0,0.0,0.0,0.0
2023-02-13 07:00:00,0.0,0.0,0.0,0.0,0.0,0.0
2023-02-13 08:00:00,0.0,0.0,0.0,0.0,0.0,0.0
2023-02-13 09:00:00,0.4481288381929957,0.4482030526209148,0.4384185456754169,0.3940974037333884,0.4383832880746111,0.11400463492458829
2023-02-13 10:00:00,0.5461986894379411,0.5556360744289877,0.5473500401116781,0.39962172442993527,0.557791630573022,0.1729927876363399
2023-02-13 11:00:00,0.6400928871441094,0.6455142764798013,0.5621357222614249,0.42649681992854827,0.5798000208580268,0.2513142248258961
2023-02-13 12:00:00,0.5801952798194775,0.6795426010520784,0.7286208232756071,0.6178826947518041,0.7644161021974655,0.4365268742471404
2023-02-13 13:00:00,0.559252691435202,0.6069356580380177,0.6206479542605721,0.5697642506357509,0.6421638213033019,0.4547711500396918
2023-02-13 14:00:00,0.5136824415553888,0.5146450091776492,0.5303780099796138,0.5039155885230661,0.5461275371266165,0.4865175814602985
2023-02-13 15:00:00,0.5593214436475282,0.597778832616286,0.5549637708061073,0.5127181633420466,0.5700353862058853,0.49956877723343535
2023-02-13 16:00:00,0.3973937258151925,0.44443604266642045,0.3910866642354739,0.4699565083804721,0.3854977667145037,0.4490502105486416
2023-02-13 17:00:00,0.34656778421375684,0.3011168214361727,0.41293491512593034,0.31825293418110906,0.403877124940594,0.35143772426109393
2023-02-13 18:00:00,0.24671678355510113,0.2298482331684179,0.21560929122195124,0.21772600928099622,0.20065309426750966,0.19290545798956596
2023-02-13 19:00:00,0.0,0.0,0.0,0.0,0.0,0.0
2023-02-13 20:00:00,0.0,0.0,0.0,0.0,0.0,0.0
2023-02-13 21:00:00,0.0,0.0,0.0,0.0,0.0,0.0
2023-02-13 22:00:00,0.0,0.0,0.0,0.0,0.0,0.0
2023-02-13 23:00:00,0.0,0.0,0.0,0.0,0.0,0.0
2023-02-14 00:00:00,0.0,0.0,0.0,0.0,0.0,0.0
2023-02-14 01:00:00,0.0,0.0,0.0,0.0,0.0,0.0
2023-02-14 02:00:00,0.0,0.0,0.0,0.0,0.0,0.0
2023-02-14 03:00:00,0.0,0.0,0.0,0.0,0.0,0.0
2023-02-14 04:00:00,0.0,0.0,0.0,0.0,0.0,0.0
2023-02-14 05:00:00,0.0,0.0,0.0,0.0,0.0,0.0
2023-02-14 06:00:00,0.0,0.0,0.0,0.0,0.0,0.0
2023-02-14 07:00:00,0.0,0.0,0.0,0.0,0.0,0.0
2023-02-14 08:00:00,0.0,0.0,0.0,0.0,0.0,0.0
2023-02-14 09:00:00,0.16039084658851022,0.15689597119205553,0.15027319944461168,0.12312631678321785,0.17093877758581374,0.07175220876990626
2023-02-14 10:00:00,0.216268542950457,0.20787126979321882,0.2993463494166342,0.22948988480707525,0.3346056749243398,0.38900069284032823
2023-02-14 11:00:00,0.4982664872549721,0.31039353790440155,0.3089165622566509,0.3000037871956419,0.3187682525540729,0.5822382893048066
2023-02-14 12:00:00,0.6669628725484013,0.5324077256431732,0.5446560400720514,0.43940779010814907,0.5944857783236572,0.6699341656220418
2023-02-14 13:00:00,0.725620160987959,0.6391448593269035,0.6156442254929135,0.6508982768062141,0.633714664469112,0.7673530770949479
2023-02-14 14:00:00,0.7618244016659654,0.6853362658256273,0.6590917984516842,0.6675801223384902,0.6607659414568484,0.800364738354256
2023-02-14 15:00:00,0.6439737417110328,0.5312056810903136,0.4743580476208262,0.5658328050254784,0.4867827263906007,0.7801883850559804
2023-02-14 16:00:00,0.6825971349233804,0.612502351138925,0.5116654387000213,0.6527067807460443,0.4968775412378582,0.7700497626141627
2023-02-14 17:00:00,0.6629468389140489,0.6521598820161132,0.566023357412914,0.6788394747069355,0.5489634627362516,0.7098174950304122
2023-02-14 18:00:00,0.5605246333479189,0.5156463351416243,0.4654969382293873,0.526315070283668,0.44459994666026315,0.5323291884680942
2023-02-14 19:00:00,0.0,0.0,0.0,0.0,0.0,0.0
2023-02-14 20:00:00,0.0,0.0,0.0,0.0,0.0,0.0
2023-02-14 21:00:00,0.0,0.0,0.0,0.0,0.0,0.0
2023-02-14 22:00:00,0.0,0.0,0.0,0.0,0.0,0.0
2023-02-14 23:00:00,0.0,0.0,0.0,0.0,0.0,0.0
2023-02-15 00:00:00,0.0,0.0,0.0,0.0,0.0,0.0
2023-02-15 01:00:00,0.0,0.0,0.0,0.0,0.0,0.0
2023-02-15 02:00:00,0.0,0.0,0.0,0.0,0.0,0.0
2023-02-15 03:00:00,0.0,0.0,0.0,0.0,0.0,0.0
2023-02-15 04:00:00,0.0,0.0,0.0,0.0,0.0,0.0
2023-02-15 05:00:00,0.0,0.0,0.0,0.0,0.0,0.0
2023-02-15 06:00:00,0.0,0.0,0.0,0.0,0.0,0.0
2023-02-15 07:00:00,0.0,0.0,0.0,0.0,0.0,0.0
2023-02-15 08:00:00,0.0,0.0,0.0,0.0,0.0,0.0
2023-02-15 09:00:00,0.38149507924047643,0.44287047916035577,0.3862872086492373,0.28699392185485256,0.4067471949368906,0.09274415754131508
2023-02-15 10:00:00,0.3662448769376254,0.43590660130351305,0.41732797333908433,0.262485249486106,0.4606471902212278,0.17581270659217446
2023-02-15 11:00:00,0.428933393119101,0.5693592962760285,0.623440924871344,0.4821754587800383,0.6617082734858515,0.3749566652633874
2023-02-15 12:00:00,0.5261700761395909,0.6317147740441919,0.6201617019275222,0.43614134354169687,0.6838413918482057,0.45881733776423056
2023-02-15 13:00:00,0.698155717127177,0.7884971086928572,0.7312193868123728,0.7207030266484707,0.7502707198512315,0.6725495643004579
2023-02-15 14:00:00,0.751088431154928,0.8384237681863181,0.8140011345783863,0.827113487888934,0.8218177348268849,0.7268356305079541
2023-02-15 15:00:00,0.7718503221373642,0.8108132322102621,0.7785663036924071,0.7982677053194953,0.7816238199654463,0.6613100018328925
2023-02-15 16:00:00,0.6972938442019267,0.7511821804413242,0.7109984103650352,0.7511598042536889,0.7034061866802052,0.5674986693489649
2023-02-15 17:00:00,0.6545806329486042,0.6912667605461972,0.6637943922960057,0.6661022501567467,0.6533041103396996,0.41137598200495873
2023-02-15 18:00:00,0.4152191196427784,0.4343022693873768,0.39599058348536337,0.40225927839684855,0.3996038461249772,0.2059647659423417
2023-02-15 19:00:00,0.0,0.0,0.0,0.0,0.0,0.0
2023-02-15 20:00:00,0.0,0.0,0.0,0.0,0.0,0.0
2023-02-15 21:00:00,0.0,0.0,0.0,0.0,0.0,0.0
2023-02-15 22:00:00,0.0,0.0,0.0,0.0,0.0,0.0
2023-02-15 23:00:00,0.0,0.0,0.0,0.0,0.0,0.0
2023-02-16 00:00:00,0.0,0.0,0.0,0.0,0.0,0.0
2023-02-16 01:00:00,0.0,0.0,0.0,0.0,0.0,0.0
2023-02-16 02:00:00,0.0,0.0,0.0,0.0,0.0,0.0
2023-02-16 03:00:00,0.0,0.0,0.0,0.0,0.0,0.0
2023-02-16 04:00:00,0.0,0.0,0.0,0.0,0.0,0.0
2023-02-16 05:00:00,0.0,0.0,0.0,0.0,0.0,0.0
2023-02-16 06:00:00,0.0,0.0,0.0,0.0,0.0,0.0
2023-02-16 07:00:00,0.0,0.0,0.0,0.0,0.0,0.0
2023-02-16 08:00:00,0.0,0.0,0.0,0.0,0.0,0.0
2023-02-16 09:00:00,0.15300621275210333,0.15363193335626094,0.22826655446453656,0.2808249862665579,0.2048817570697692,0.12042796661697461
2023-02-16 10:00:00,0.25627881502596755,0.15893375678864985,0.19677028829678198,0.23919302156717606,0.17722185616872813,0.22450383006090321
2023-02-16 11:00:00,0.39081831513625215,0.2796526333010686,0.26567184213170175,0.3634168948321426,0.22957117996781642,0.37644032595020016
2023-02-16 12:00:00,0.28077556897179057,0.2532857355585525,0.37629144706151124,0.2937503363334041,0.38829129618803965,0.45530417021969966
2023-02-16 13:00:00,0.5464559956902196,0.3776315848253441,0.41884877624033645,0.5314438728260066,0.36930717774674626,0.5267334705403203
2023-02-16 14:00:00,0.5993619796593052,0.4837682797213145,0.5047986680989349,0.718060716578597,0.4219458346393948,0.6016840914021828
2023-02-16 15:00:00,0.6294891523766037,0.5695811518922685,0.5563614163666593,0.7130820464614507,0.49611510004392145,0.5866006955630195
2023-02-16 16:00:00,0.5598098550428672,0.5201818586701952,0.575650178932048,0.5915322173584284,0.545348428943693,0.4614214719155197
2023-02-16 17:00:00,0.49311494896805524,0.3626041216201395,0.34132846006906203,0.4605142088594721,0.29560052191845126,0.34207568770885843
2023-02-16 18:00:00,0.3318114187110312,0.22898301917858477,0.23985178555086717,0.3181253256307861,0.20398789684675042,0.20327752819307765
2023-02-16 19:00:00,0.0,0.0,0.0,0.0,0.0,0.0
2023-02-16 20:00:00,0.0,0.0,0.0,0.0,0.0,0.0
2023-02-16 21:00:00,0.0,0.0,0.0,0.0,0.0,0.0
2023-02-16 22:00:00,0.0,0.0,0.0,0.0,0.0,0.0
2023-02-16 23:00:00,0.0,0.0,0.0,0.0,0.0,0.0
2023-02-17 00:00:00,0.0,0.0,0.0,0.0,0.0,0.0
2023-02-17 01:00:00,0.0,0.0,0.0,0.0,0.0,0.0
2023-02-17 02:00:00,0.0,0.0,0.0,0.0,0.0,0.0
2023-02-17 03:00:00,0.0,0.0,0.0,0.0,0.0,0.0
2023-02-17 04:00:00,0.0,0.0,0.0,0.0,0.0,0.0
2023-02-17 05:00:00,0.0,0.0,0.0,0.0,0.0,0.0
2023-02-17 06:00:00,0.0,0.0,0.0,0.0,0.0,0.0
2023-02-17 07:00:00,0.0,0.0,0.0,0.0,0.0,0.0
2023-02-17 08:00:00,0.0,0.0,0.0,0.0,0.0,0.0
2023-02-17 09:00:00,0.13090156136542883,0.1553770451592048,0.23225004486558815,0.18824496996910883,0.26741511652920397,0.2650116172423933
2023-02-17 10:00:00,0.3047206600813305,0.29580606030139767,0.3468352478203964,0.3015908272224148,0.3990105184506062,0.36974880794196524
2023-02-17 11:00:00,0.40331812647807913,0.3284667889204917,0.3766047951920964,0.32346513286439915,0.4213832986561728,0.469326306912613
2023-02-17 12:00:00,0.5738613998582859,0.5066771471687866,0.6450586848542718,0.6698979273773591,0.6243664292370433,0.5206368836726739
2023-02-17 13:00:00,0.5965324541092355,0.6310959433069705,0.6503756283063584,0.5971409690129991,0.6590336649285314,0.5279172403157704
2023-02-17 14:00:00,0.5949464982422279,0.5605499836185276,0.5368942883607667,0.5078819312726018,0.5469376831218284,0.4918569528270345
2023-02-17 15:00:00,0.5755831409383884,0.5080029792449514,0.4482962047388992,0.4090569818407003,0.44381256695290106,0.47008097232713647
2023-02-17 16:00:00,0.3998705633826584,0.28469561437298496,0.23376932498267966,0.2577754670274975,0.22853922537371849,0.5529931933414285
2023-02-17 17:00:00,0.4086305150235581,0.3608929147719083,0.3714945260214701,0.5534574036259486,0.3061535840495977,0.44720101845854415
2023-02-17 18:00:00,0.39355092369579975,0.364450143233172,0.3403004100490389,0.3357761449486527,0.3103719393838358,0.1301632399262539
2023-02-17 19:00:00,0.0,0.0,0.0,0.0,0.0,0.0
2023-02-17 20:00:00,0.0,0.0,0.0,0.0,0.0,0.0
2023-02-17 21:00:00,0.0,0.0,0.0,0.0,0.0,0.0
2023-02-17 22:00:00,0.0,0.0,0.0,0.0,0.0,0.0
2023-02-17 23:00:00,0.0,0.0,0.0,0.0,0.0,0.0
2023-02-18 00:00:00,0.0,0.0,0.0,0.0,0.0,0.0
2023-02-18 01:00:00,0.0,0.0,0.0,0.0,0.0,0.0
2023-02-18 02:00:00,0.0,0.0,0.0,0.0,0.0,0.0
2023-02-18 03:00:00,0.0,0.0,0.0,0.0,0.0,0.0
2023-02-18 04:00:00,0.0,0.0,0.0,0.0,0.0,0.0
2023-02-18 05:00:00,0.0,0.0,0.0,0.0,0.0,0.0
2023-02-18 06:00:00,0.0,0.0,0.0,0.0,0.0,0.0
2023-02-18 07:00:00,0.0,0.0,0.0,0.0,0.0,0.0
2023-02-18 08:00:00,0.0,0.0,0.0,0.0,0.0,0.0
2023-02-18 09:00:00,0.07975869839381955,0.12065792289773379,0.10773924798730393,0.15443848357643453,0.0914706577556275,0.11460787033919918
2023-02-18 10:00:00,0.2729370241167946,0.27440405787314437,0.15687371113519927,0.24022195538078794,0.131486946494031,0.2182736662692415
2023-02-18 11:00:00,0.43444466896133616,0.42778518428023204,0.35456456467679703,0.4444230888617465,0.3223220232423945,0.3825032683083329
2023-02-18 12:00:00,0.45774273177213803,0.5813170117737944,0.5890421560127391,0.5946486784181385,0.5834446468160889,0.5291064118612151
2023-02-18 13:00:00,0.4820005660016122,0.6820991627288098,0.7061920707115529,0.7258664663137447,0.6969422364306626,0.5780234779695349
2023-02-18 14:00:00,0.6624012644238506,0.744862369442081,0.6729754173655248,0.7589331051961689,0.6598856109591701,0.6031149148274244
2023-02-18 15:00:00,0.5556612838644795,0.633303949640251,0.5926998173539144,0.6561565869344825,0.6068408359413453,0.5089086388321495
2023-02-18 16:00:00,0.608964083223267,0.6194838601940558,0.5837814171718703,0.6702507324077969,0.5660657805231871,0.4510909709147867
2023-02-18 17:00:00,0.4950463142529187,0.4924243143875376,0.47062524570730635,0.5271530648752352,0.45415332612479786,0.38579004152854607
2023-02-18 18:00:00,0.37362838757570405,0.3975254826799865,0.3736073992150752,0.4399959744064843,0.3696038096371069,0.3662556026450257
2023-02-18 19:00:00,0.0,0.0,0.0,0.0,0.0,0.0
2023-02-18 20:00:00,0.0,0.0,0.0,0.0,0.0,0.0
2023-02-18 21:00:00,0.0,0.0,0.0,0.0,0.0,0.0
2023-02-18 22:00:00,0.0,0.0,0.0,0.0,0.0,0.0
2023-02-18 23:00:00,0.0,0.0,0.0,0.0,0.0,0.0
2023-02-19 00:00:00,0.0,0.0,0.0,0.0,0.0,0.0
2023-02-19 01:00:00,0.0,0.0,0.0,0.0,0.0,0.0
2023-02-19 02:00:00,0.0,0.0,0.0,0.0,0.0,0.0
2023-02-19 03:00:00,0.0,0.0,0.0,0.0,0.0,0.0
2023-02-19 04:00:00,0.0,0.0,0.0,0.0,0.0,0.0
2023-02-19 05:00:00,0.0,0.0,0.0,0.0,0.0,0.0
2023-02-19 06:00:00,0.0,0.0,0.0,0.0,0.0,0.0
2023-02-19 07:00:00,0.0,0.0,0.0,0.0,0.0,0.0
2023-02-19 08:00:00,0.0,0.0,0.0,0.0,0.0,0.0
2023-02-19 09:00:00,0.07257585993329299,0.001768868501024097,0.0016896140759849144,0.0027110053942519387,0.001541101430579481,0.054544875831750786
2023-02-19 10:00:00,0.1496178337324263,0.0396483720534084,0.044718242098549243,0.045962128900392814,0.03899155877288222,0.0582671705194173
2023-02-19 11:00:00,0.2400379181919791,0.1393561530122109,0.13232817890393678,0.1321004314643627,0.12840323095708053,0.07091990803414829
2023-02-19 12:00:00,0.24517607382926385,0.132200141505109,0.10972752514531972,0.1621211475589137,0.09573488898675046,0.11459745541932466
2023-02-19 13:00:00,0.31838698367530643,0.13691158550494206,0.11594726082604487,0.16676292775845314,0.10410481370269804,0.13422377611821715
2023-02-19 14:00:00,0.2746341208905324,0.17168130702166215,0.1416159590573024,0.1837852101871745,0.1274839388907398,0.11701303257466766
2023-02-19 15:00:00,0.2473500186236914,0.2817032646110727,0.1919101668428935,0.23760815368879246,0.17483564844090033,0.11449322282092633
2023-02-19 16:00:00,0.18156844033968184,0.0983929079140561,0.07342745233075579,0.09338720117092156,0.06786240569501707,0.06747967442499664
2023-02-19 17:00:00,0.07234544535551427,0.03637935851512977,0.03533153411193067,0.045037657265738364,0.033420367356372035,0.033281104746648
2023-02-19 18:00:00,0.013880331882705807,0.006911936168737139,0.006892764174172951,0.009199187694531612,0.006253542635577738,0.009286648625530481
2023-02-19 19:00:00,0.0,0.0,0.0,0.0,0.0,0.0
2023-02-19 20:00:00,0.0,0.0,0.0,0.0,0.0,0.0
2023-02-19 21:00:00,0.0,0.0,0.0,0.0,0.0,0.0
2023-02-19 22:00:00,0.0,0.0,0.0,0.0,0.0,0.0
2023-02-19 23:00:00,0.0,0.0,0.0,0.0,0.0,0.0
2023-02-20 00:00:00,0.0,0.0,0.0,0.0,0.0,0.0
2023-02-20 01:00:00,0.0,0.0,0.0,0.0,0.0,0.0
2023-02-20 02:00:00,0.0,0.0,0.0,0.0,0.0,0.0
2023-02-20 03:00:00,0.0,0.0,0.0,0.0,0.0,0.0
2023-02-20 04:00:00,0.0,0.0,0.0,0.0,0.0,0.0
2023-02-20 05:00:00,0.0,0.0,0.0,0.0,0.0,0.0
2023-02-20 06:00:00,0.0,0.0,0.0,0.0,0.0,0.0
2023-02-20 07:00:00,0.0,0.0,0.0,0.0,0.0,0.0
2023-02-20 08:00:00,0.0,0.0,0.0,0.0,0.0,0.0
2023-02-20 09:00:00,0.01283722612019816,0.002721264554516593,0.0026511674020372796,0.003077812902295165,0.011163909174555665,0.01772203237552396
2023-02-20 10:00:00,0.04900497518638793,0.029218105253426892,0.03602099380973672,0.04910745704463238,0.05331569976091993,0.039024772115617605
2023-02-20 11:00:00,0.062124797056363215,0.0564924768065203,0.061041600147957904,0.05081972329370987,0.07265883595092505,0.0667984123888723
2023-02-20 12:00:00,0.12932452989455442,0.06093276564290572,0.0762554435689425,0.0534358121587533,0.0891176191786318,0.1433170975228317
2023-02-20 13:00:00,0.13405563281419244,0.07798308807590108,0.07779408886688735,0.06469233653652223,0.0859423469070355,0.16354576369272736
2023-02-20 14:00:00,0.14792588875198745,0.09696834367802484,0.0882932744747167,0.11188533677560483,0.08523407800876227,0.18820807101325032
2023-02-20 15:00:00,0.11978738747905693,0.041875543466243115,0.03420384545152199,0.04500862504970429,0.03437724488681058,0.23212225638868106
2023-02-20 16:00:00,0.10241581307905197,0.058793048750902424,0.05270824902644687,0.05429058672541613,0.05191692183695675,0.3146555099296074
2023-02-20 17:00:00,0.08587892511609221,0.041446604310354615,0.03545709534166905,0.060511445132518514,0.025798619083354568,0.3160488843657329
2023-02-20 18:00:00,0.03829874671932761,0.017168033550565922,0.012191657939463535,0.024887311208699497,0.007852825901628408,0.17086138351462687
2023-02-20 19:00:00,0.0,0.0,0.0,0.0,0.0,0.0
2023-02-20 20:00:00,0.0,0.0,0.0,0.0,0.0,0.0
2023-02-20 21:00:00,0.0,0.0,0.0,0.0,0.0,0.0
2023-02-20 22:00:00,0.0,0.0,0.0,0.0,0.0,0.0
2023-02-20 23:00:00,0.0,0.0,0.0,0.0,0.0,0.0
2023-02-21 00:00:00,0.0,0.0,0.0,0.0,0.0,0.0
2023-02-21 01:00:00,0.0,0.0,0.0,0.0,0.0,0.0
2023-02-21 02:00:00,0.0,0.0,0.0,0.0,0.0,0.0
2023-02-21 03:00:00,0.0,0.0,0.0,0.0,0.0,0.0
2023-02-21 04:00:00,0.0,0.0,0.0,0.0,0.0,0.0
2023-02-21 05:00:00,0.0,0.0,0.0,0.0,0.0,0.0
2023-02-21 06:00:00,0.0,0.0,0.0,0.0,0.0,0.0
2023-02-21 07:00:00,0.0,0.0,0.0,0.0,0.0,0.0
2023-02-21 08:00:00,0.0,0.0,0.0,0.0,0.0,0.0
2023-02-21 09:00:00,0.049635991748468555,0.0037499148408626976,0.0037845581239284998,0.0028120096100003595,0.003929663461711879,0.012007292415415859
2023-02-21 10:00:00,0.11647883119643196,0.055039130845880115,0.03243386321464976,0.030954131049815647,0.035330674241088114,0.05708604872832293
2023-02-21 11:00:00,0.16667908172323342,0.12059908017787137,0.08287684477391868,0.10594570964005078,0.07099831614816596,0.13116305227391795
2023-02-21 12:00:00,0.2512599485913549,0.16748190161509532,0.16150886394382585,0.35166911202240575,0.10590076207755227,0.3318166071454043
2023-02-21 13:00:00,0.2737603005127411,0.18665652050408252,0.17249203853679115,0.4540274415278598,0.10177699965268767,0.39247974648980555
2023-02-21 14:00:00,0.2382821331739049,0.15170601015580307,0.17962640828092827,0.4577478085894476,0.11986467225903205,0.44070438107096055
2023-02-21 15:00:00,0.2662788237444099,0.15419731550436813,0.18086846532479414,0.4505968926257821,0.11637474133485662,0.4263859272291223
2023-02-21 16:00:00,0.1760524836572755,0.09015960804827143,0.11553012865992243,0.23551859433603983,0.10664111857318456,0.35170095671348345
2023-02-21 17:00:00,0.10352769819968924,0.03957908702467429,0.04626740578849702,0.09863591633514539,0.05163597375395187,0.1894819062731784
2023-02-21 18:00:00,0.05639482055066622,0.04732801851304095,0.07075843497355729,0.03754625990569843,0.08005013923122796,0.09135412085827058
2023-02-21 19:00:00,0.0,0.0,0.0,0.0,0.0,0.0
2023-02-21 20:00:00,0.0,0.0,0.0,0.0,0.0,0.0
2023-02-21 21:00:00,0.0,0.0,0.0,0.0,0.0,0.0
2023-02-21 22:00:00,0.0,0.0,0.0,0.0,0.0,0.0
2023-02-21 23:00:00,0.0,0.0,0.0,0.0,0.0,0.0
2023-02-22 00:00:00,0.0,0.0,0.0,0.0,0.0,0.0
2023-02-22 01:00:00,0.0,0.0,0.0,0.0,0.0,0.0
2023-02-22 02:00:00,0.0,0.0,0.0,0.0,0.0,0.0
2023-02-22 03:00:00,0.0,0.0,0.0,0.0,0.0,0.0
2023-02-22 04:00:00,0.0,0.0,0.0,0.0,0.0,0.0
2023-02-22 05:00:00,0.0,0.0,0.0,0.0,0.0,0.0
2023-02-22 06:00:00,0.0,0.0,0.0,0.0,0.0,0.0
2023-02-22 07:00:00,0.0,0.0,0.0,0.0,0.0,0.0
2023-02-22 08:00:00,0.0,0.0,0.0,0.0,0.0,0.0
2023-02-22 09:00:00,0.14604205506405607,0.11128027117209818,0.16776261693252376,0.09266285006083026,0.20381570696064624,0.09487422974404432
2023-02-22 10:00:00,0.22848595036997024,0.16926606729908644,0.19885145745350488,0.18253651096891585,0.24494427098017202,0.19214224712602085
2023-02-22 11:00:00,0.44119942987678257,0.37962186742350357,0.4001148886437953,0.4378410202585237,0.4030372949575628,0.3433578525900245
2023-02-22 12:00:00,0.46864836051491876,0.4236544112532217,0.4269229201662041,0.4884911084978395,0.44074766765660617,0.3746679072995507
2023-02-22 13:00:00,0.4598141916315236,0.31310603578084334,0.3825151646839501,0.5071914539767278,0.35663295723393174,0.4038026752264188
2023-02-22 14:00:00,0.488409373057293,0.38186575743526663,0.46352018392513766,0.5426427990465021,0.4470549628396197,0.43386988898700946
2023-02-22 15:00:00,0.38338434580378794,0.29055182401936397,0.3758352523813593,0.42719692263235953,0.3726861544788124,0.37365446977256656
2023-02-22 16:00:00,0.3063500029898133,0.25614977784554344,0.26875100217911607,0.348604823509748,0.2809895939992291,0.3082223254064539
2023-02-22 17:00:00,0.25283391706316755,0.21461682802539542,0.2237605953726499,0.328324332031412,0.21225071208779628,0.20658808423945418
2023-02-22 18:00:00,0.13123824157406588,0.10353687024318878,0.09713393775153407,0.15969784172620385,0.09109405302080735,0.10011421269344979
2023-02-22 19:00:00,0.0,0.0,0.0,0.0,0.0,0.0
2023-02-22 20:00:00,0.0,0.0,0.0,0.0,0.0,0.0
2023-02-22 21:00:00,0.0,0.0,0.0,0.0,0.0,0.0
2023-02-22 22:00:00,0.0,0.0,0.0,0.0,0.0,0.0
2023-02-22 23:00:00,0.0,0.0,0.0,0.0,0.0,0.0
2023-02-23 00:00:00,0.0,0.0,0.0,0.0,0.0,0.0
2023-02-23 01:00:00,0.0,0.0,0.0,0.0,0.0,0.0
2023-02-23 02:00:00,0.0,0.0,0.0,0.0,0.0,0.0
2023-02-23 03:00:00,0.0,0.0,0.0,0.0,0.0,0.0
2023-02-23 04:00:00,0.0,0.0,0.0,0.0,0.0,0.0
2023-02-23 05:00:00,0.0,0.0,0.0,0.0,0.0,0.0
2023-02-23 06:00:00,0.0,0.0,0.0,0.0,0.0,0.0
2023-02-23 07:00:00,0.0,0.0,0.0,0.0,0.0,0.0
2023-02-23 08:00:00,0.0,0.0,0.0,0.0,0.0,0.0
2023-02-23 09:00:00,0.2225839858563543,0.17853250713465327,0.15474335673854858,0.16965366922432912,0.1423817408041908,0.1664043237252291
2023-02-23 10:00:00,0.31648843815194466,0.36265694096626655,0.4173053902305721,0.3668934713009151,0.4401740750583346,0.3886866964029218
2023-02-23 11:00:00,0.5467469573852006,0.5298327072787514,0.6083503398256809,0.61629794099235,0.6090130099770552,0.6386830982663636
2023-02-23 12:00:00,0.6570177180883766,0.5918442477363733,0.6999678709654747,0.6585929060233758,0.70360395454956,0.7555651266817397
2023-02-23 13:00:00,0.6178429318393753,0.5565700771232002,0.6455522301119678,0.6549940199074031,0.6584339506831492,0.8297912106409001
2023-02-23 14:00:00,0.6226905947996854,0.5996668948036181,0.6622019901830165,0.6736514882845264,0.6660645756399474,0.8078560145151351
2023-02-23 15:00:00,0.5483853172442557,0.4838766071140099,0.5286018962781543,0.49912099795521414,0.5506017486979684,0.7975121009254544
2023-02-23 16:00:00,0.551005916015764,0.3938645284180655,0.40728527336461817,0.3240292353058724,0.4372562361069455,0.7130901637937815
2023-02-23 17:00:00,0.40663553286437254,0.33275767495905395,0.29083447023881276,0.274271768850084,0.3094803939848624,0.6082172633082915
2023-02-23 18:00:00,0.2421125726193381,0.12398683627767512,0.14003616646972186,0.100738822741183,0.16323047142189898,0.4565582736250748
2023-02-23 19:00:00,0.0,0.0,0.0,0.0,0.0,0.0
2023-02-23 20:00:00,0.0,0.0,0.0,0.0,0.0,0.0
2023-02-23 21:00:00,0.0,0.0,0.0,0.0,0.0,0.0
2023-02-23 22:00:00,0.0,0.0,0.0,0.0,0.0,0.0
2023-02-23 23:00:00,0.0,0.0,0.0,0.0,0.0,0.0
2023-02-24 00:00:00,0.0,0.0,0.0,0.0,0.0,0.0
2023-02-24 01:00:00,0.0,0.0,0.0,0.0,0.0,0.0
2023-02-24 02:00:00,0.0,0.0,0.0,0.0,0.0,0.0
2023-02-24 03:00:00,0.0,0.0,0.0,0.0,0.0,0.0
2023-02-24 04:00:00,0.0,0.0,0.0,0.0,0.0,0.0
2023-02-24 05:00:00,0.0,0.0,0.0,0.0,0.0,0.0
2023-02-24 06:00:00,0.0,0.0,0.0,0.0,0.0,0.0
2023-02-24 07:00:00,0.0,0.0,0.0,0.0,0.0,0.0
2023-02-24 08:00:00,0.0,0.0,0.0,0.0,0.0,0.0
2023-02-24 09:00:00,0.5933767550713605,0.6031259938342891,0.5949367724281576,0.5893706235770285,0.5894061228376962,0.5711912502901977
2023-02-24 10:00:00,0.7593629660974601,0.7652775529532333,0.7949886753334416,0.7919325052344389,0.7804653875071481,0.7836569555569025
2023-02-24 11:00:00,0.9120063268192249,0.9108285724785935,0.9115428448908783,0.9150755080730248,0.911050522024647,0.9107769725973482
2023-02-24 12:00:00,0.9569922701274919,0.9541604604540849,0.9548497273428835,0.9605190002725842,0.9542191566559245,0.8710465624423999
2023-02-24 13:00:00,0.9659679755895789,0.9703212931455057,0.9628614982328,0.9553417058767223,0.9670881931704517,0.841862234537989
2023-02-24 14:00:00,0.9421930844174305,0.9485691077040022,0.9401079824272939,0.9097061428129444,0.9543096015074357,0.7550548607372018
2023-02-24 15:00:00,0.9114429504291612,0.921375517078672,0.9157013800439691,0.8651507315820588,0.9311567051356248,0.6206697802537926
2023-02-24 16:00:00,0.7575089697638409,0.7770557633801485,0.7090007427300596,0.6409388830208288,0.7478042530417198,0.3914004605003934
2023-02-24 17:00:00,0.5696890008745783,0.5671029585628407,0.45786470233211835,0.4321058557674752,0.5055050674712543,0.24493232964483697
2023-02-24 18:00:00,0.21059674854133908,0.21711843983594634,0.17986971531289792,0.12853699722438827,0.21688207360604542,0.08684066478669485
2023-02-24 19:00:00,0.0,0.0,0.0,0.0,0.0,0.0016691126521280477
2023-02-24 20:00:00,0.0,0.0,0.0,0.0,0.0,0.0
2023-02-24 21:00:00,0.0,0.0,0.0,0.0,0.0,0.0
2023-02-24 22:00:00,0.0,0.0,0.0,0.0,0.0,0.0
2023-02-24 23:00:00,0.0,0.0,0.0,0.0,0.0,0.0
2023-02-25 00:00:00,0.0,0.0,0.0,0.0,0.0,0.0
2023-02-25 01:00:00,0.0,0.0,0.0,0.0,0.0,0.0
2023-02-25 02:00:00,0.0,0.0,0.0,0.0,0.0,0.0
2023-02-25 03:00:00,0.0,0.0,0.0,0.0,0.0,0.0
2023-02-25 04:00:00,0.0,0.0,0.0,0.0,0.0,0.0
2023-02-25 05:00:00,0.0,0.0,0.0,0.0,0.0,0.0
2023-02-25 06:00:00,0.0,0.0,0.0,0.0,0.0,0.0
2023-02-25 07:00:00,0.0,0.0,0.0,0.0,0.0,0.0
2023-02-25 08:00:00,0.0,0.0,0.0,0.0,0.0,0.0
2023-02-25 09:00:00,0.25903646409537506,0.24068818270601844,0.23596892896058783,0.23481796503170427,0.2582767983060672,0.13448963630963667
2023-02-25 10:00:00,0.43324483950102877,0.3047974615181343,0.22974849983296142,0.17973461316759162,0.2545580934027027,0.13278001619605964
2023-02-25 11:00:00,0.43195999439522875,0.2850460103286948,0.21478343043879145,0.19593530177044172,0.22239564641010096,0.17492225011947216
2023-02-25 12:00:00,0.3343527640772005,0.2908621961006981,0.2258915499963923,0.21435553512833808,0.23629060643525923,0.2873157162736637
2023-02-25 13:00:00,0.3079021766536943,0.24059614109682093,0.21563583864225833,0.18647665528168883,0.22478696556998143,0.3168729462350571
2023-02-25 14:00:00,0.3195948256877996,0.2107627047017744,0.20715229065507224,0.1736693678426659,0.21618214849476589,0.3058350017269667
2023-02-25 15:00:00,0.2891493219130319,0.22850741854087644,0.18968414508985765,0.22838832819892627,0.18074864968119564,0.30533306680961053
2023-02-25 16:00:00,0.2407073279650938,0.1698982677326642,0.13684076577673396,0.24614697445710665,0.11223474926825595,0.3168139567931257
2023-02-25 17:00:00,0.16083962951419672,0.1791670052298848,0.1661605285538073,0.22001493041163528,0.14511127189115416,0.23743275564918223
2023-02-25 18:00:00,0.03660795540124373,0.0144921008655462,0.016239614303812457,0.025884986555311813,0.016993908927373416,0.11363042636531247
2023-02-25 19:00:00,0.0,0.0,0.0,0.0,0.0,0.012019609744051835
2023-02-25 20:00:00,0.0,0.0,0.0,0.0,0.0,0.0
2023-02-25 21:00:00,0.0,0.0,0.0,0.0,0.0,0.0
2023-02-25 22:00:00,0.0,0.0,0.0,0.0,0.0,0.0
2023-02-25 23:00:00,0.0,0.0,0.0,0.0,0.0,0.0
2023-02-26 00:00:00,0.0,0.0,0.0,0.0,0.0,0.0
2023-02-26 01:00:00,0.0,0.0,0.0,0.0,0.0,0.0
2023-02-26 02:00:00,0.0,0.0,0.0,0.0,0.0,0.0
2023-02-26 03:00:00,0.0,0.0,0.0,0.0,0.0,0.0
2023-02-26 04:00:00,0.0,0.0,0.0,0.0,0.0,0.0
2023-02-26 05:00:00,0.0,0.0,0.0,0.0,0.0,0.0
2023-02-26 06:00:00,0.0,0.0,0.0,0.0,0.0,0.0
2023-02-26 07:00:00,0.0,0.0,0.0,0.0,0.0,0.0
2023-02-26 08:00:00,0.0,0.0,0.0,0.0,0.0,0.0
2023-02-26 09:00:00,0.011893839926808853,0.011545992812126397,0.012573248545230764,0.0152165020971818,0.011262431359653042,0.011243582196445959
2023-02-26 10:00:00,0.07286315045279215,0.06790485295316963,0.06364845075640463,0.07268327995762151,0.05742844463422286,0.0652862399491622
2023-02-26 11:00:00,0.24265688637444327,0.2204255121500419,0.19142222417507823,0.21154931556501602,0.1729424130734464,0.12317912753204859
2023-02-26 12:00:00,0.44054754069820473,0.34389819245959774,0.2970256675001401,0.29831171707731485,0.2754077539726428,0.28848204029245106
2023-02-26 13:00:00,0.5988827350854448,0.5043255468272078,0.430843085746094,0.5183526343317948,0.384429999717421,0.36499824638513895
2023-02-26 14:00:00,0.6321495214128756,0.5894614562584645,0.5602743816508201,0.6089051187065571,0.508542466767876,0.4339008223530642
2023-02-26 15:00:00,0.5277893737833284,0.5582809772214337,0.5771103730020434,0.5026468054649473,0.5831482238677038,0.33887345623255755
2023-02-26 16:00:00,0.5667913719628556,0.514340168464705,0.49623727501645265,0.609743369099579,0.469053729522574,0.36481412693145965
2023-02-26 17:00:00,0.46834356492113616,0.3581301530434698,0.39663945220902813,0.4880201436591751,0.3737730432074869,0.2922270187676127
2023-02-26 18:00:00,0.38275213294381627,0.3994234321096469,0.41931813152842584,0.4243690655149526,0.3886713004120423,0.19897508485905782
2023-02-26 19:00:00,0.0,0.0,0.0,0.0,0.0,0.05632763666826661
2023-02-26 20:00:00,0.0,0.0,0.0,0.0,0.0,0.0
2023-02-26 21:00:00,0.0,0.0,0.0,0.0,0.0,0.0
2023-02-26 22:00:00,0.0,0.0,0.0,0.0,0.0,0.0
2023-02-26 23:00:00,0.0,0.0,0.0,0.0,0.0,0.0
2023-02-27 00:00:00,0.0,0.0,0.0,0.0,0.0,0.0
2023-02-27 01:00:00,0.0,0.0,0.0,0.0,0.0,0.0
2023-02-27 02:00:00,0.0,0.0,0.0,0.0,0.0,0.0
2023-02-27 03:00:00,0.0,0.0,0.0,0.0,0.0,0.0
2023-02-27 04:00:00,0.0,0.0,0.0,0.0,0.0,0.0
2023-02-27 05:00:00,0.0,0.0,0.0,0.0,0.0,0.0
2023-02-27 06:00:00,0.0,0.0,0.0,0.0,0.0,0.0
2023-02-27 07:00:00,0.0,0.0,0.0,0.0,0.0,0.0
2023-02-27 08:00:00,0.0,0.0,0.0,0.0,0.0,0.0
2023-02-27 09:00:00,0.393442729315576,0.5788758721679581,0.5782580928203295,0.5608977216451536,0.5544499824397918,0.2696399171469835
2023-02-27 10:00:00,0.3919746754137434,0.6904397667038793,0.7526918329049453,0.7230477425819518,0.76373705140869,0.37033287184731145
2023-02-27 11:00:00,0.3827556414291623,0.6008990212497286,0.7488236073851898,0.6834786676395409,0.7705588454721172,0.5025356114767614
2023-02-27 12:00:00,0.41180318539055816,0.5430139097643777,0.5861229517091191,0.5203353344207593,0.6075396357757262,0.4941933865412338
2023-02-27 13:00:00,0.392093222238282,0.49969310866927347,0.5467780143834874,0.4893519442620946,0.5659881860780767,0.501321362869338
2023-02-27 14:00:00,0.3079094759806786,0.39108350740645986,0.3905892531998315,0.40237311796356784,0.38877985290191014,0.4291897068221325
2023-02-27 15:00:00,0.2639974900942187,0.3289863165012486,0.3557900155015386,0.3844328015256599,0.34546965433374893,0.3975497441389358
2023-02-27 16:00:00,0.21414579181667492,0.2524262090420425,0.23212251955325772,0.28299033467801527,0.22142702388556712,0.31234224117904225
2023-02-27 17:00:00,0.09315719050636909,0.12552654107209185,0.1597890569486668,0.13359668731117136,0.1616800278688175,0.14686652026565056
2023-02-27 18:00:00,0.0431553392894296,0.04362390355155201,0.042344776366726254,0.045211526617748764,0.04977706456193814,0.06987686099758365
2023-02-27 19:00:00,0.0018792137611843127,0.0,0.0,0.0,0.0,0.0026954554271721456
2023-02-27 20:00:00,0.0,0.0,0.0,0.0,0.0,0.0
2023-02-27 21:00:00,0.0,0.0,0.0,0.0,0.0,0.0
2023-02-27 22:00:00,0.0,0.0,0.0,0.0,0.0,0.0
2023-02-27 23:00:00,0.0,0.0,0.0,0.0,0.0,0.0
2023-02-28 00:00:00,0.0,0.0,0.0,0.0,0.0,0.0
2023-02-28 01:00:00,0.0,0.0,0.0,0.0,0.0,0.0
2023-02-28 02:00:00,0.0,0.0,0.0,0.0,0.0,0.0
2023-02-28 03:00:00,0.0,0.0,0.0,0.0,0.0,0.0
2023-02-28 04:00:00,0.0,0.0,0.0,0.0,0.0,0.0
2023-02-28 05:00:00,0.0,0.0,0.0,0.0,0.0,0.0
2023-02-28 06:00:00,0.0,0.0,0.0,0.0,0.0,0.0
2023-02-28 07:00:00,0.0,0.0,0.0,0.0,0.0,0.0
2023-02-28 08:00:00,0.0,0.0,0.0,0.0,0.0,0.0
2023-02-28 09:00:00,0.03397280901076533,0.017164989373032246,0.028613014804023063,0.028137067464735845,0.040865652351219,0.03647029989319619
2023-02-28 10:00:00,0.098580755712809,0.12482369666756424,0.11975764430013446,0.15818603300965328,0.11386927144231644,0.11650983614194459
2023-02-28 11:00:00,0.19297529813819597,0.18470207217660756,0.2073062585260992,0.20050637912041394,0.21373389503285525,0.2086631602977667
2023-02-28 12:00:00,0.28851139438567697,0.1973838913028131,0.22007633868870044,0.26437175347522035,0.20996517618359412,0.25991254974605876
2023-02-28 13:00:00,0.3403605533655992,0.2229603279131412,0.2469579649569716,0.2917857970060163,0.2274291177836259,0.33028911945757367
2023-02-28 14:00:00,0.302056284101887,0.2180799132835253,0.2388490781389783,0.2734177704930832,0.23073303610027335,0.3103280597646533
2023-02-28 15:00:00,0.31734377355813537,0.20877690705506272,0.2134128835699944,0.2541812873068045,0.20367681821181852,0.3041825165985839
2023-02-28 16:00:00,0.3065907219356445,0.17163286766947355,0.18286241964756378,0.23986408281503954,0.15426306475587384,0.2710802585517125
2023-02-28 17:00:00,0.19352119118815353,0.09118493993386102,0.08811638246319535,0.11342583082702212,0.08458488143960784,0.16720250550422075
2023-02-28 18:00:00,0.16887831114392735,0.09602020615773767,0.0796683964803576,0.06892309509461872,0.07337414752599847,0.11744365293196163
2023-02-28 19:00:00,0.05172138540650527,0.0,0.0,0.0,0.0,0.06983425521227465
2023-02-28 20:00:00,0.0,0.0,0.0,0.0,0.0,0.0
2023-02-28 21:00:00,0.0,0.0,0.0,0.0,0.0,0.0
2023-02-28 22:00:00,0.0,0.0,0.0,0.0,0.0,0.0
2023-02-28 23:00:00,0.0,0.0,0.0,0.0,0.0,0.0
2023-03-01 00:00:00,0.0,0.0,0.0,0.0,0.0,0.0
2023-03-01 01:00:00,0.0,0.0,0.0,0.0,0.0,0.0
2023-03-01 02:00:00,0.0,0.0,0.0,0.0,0.0,0.0
2023-03-01 03:00:00,0.0,0.0,0.0,0.0,0.0,0.0
2023-03-01 04:00:00,0.0,0.0,0.0,0.0,0.0,0.0
2023-03-01 05:00:00,0.0,0.0,0.0,0.0,0.0,0.0
2023-03-01 06:00:00,0.0,0.0,0.0,0.0,0.0,0.0
2023-03-01 07:00:00,0.0,0.0,0.0,0.0,0.0,0.0
2023-03-01 08:00:00,0.0,0.0,0.0,0.0,0.0,0.0
2023-03-01 09:00:00,0.225905496697541,0.24516359511137978,0.22355089572283618,0.14444738144027344,0.23950012810608282,0.06629338799967573
2023-03-01 10:00:00,0.3454747760942669,0.26068812483547543,0.23558328594129532,0.2490321216412277,0.2450036491815174,0.2144298154054747
2023-03-01 11:00:00,0.5209931747091563,0.45679643970421113,0.4784432688682814,0.5018151319819659,0.44113098420997643,0.29913644267967043
2023-03-01 12:00:00,0.573878285918502,0.6154021438210472,0.5348030805799272,0.45401579399235303,0.5298859150184055,0.2835725793926208
2023-03-01 13:00:00,0.4364049634111951,0.4398663551776392,0.424853698290706,0.4044201530445774,0.41174240426010766,0.31670936765429397
2023-03-01 14:00:00,0.3740635300693928,0.3713083755026116,0.37040541745679095,0.3414443059715697,0.36357428878508075,0.3059635950559005
2023-03-01 15:00:00,0.47271523347333505,0.3781495407251063,0.3218940232566766,0.3815551490093984,0.28953310985863173,0.3031895756496932
2023-03-01 16:00:00,0.45473283269438136,0.36673445821836387,0.2660813693095001,0.29660270713844267,0.24162588935148735,0.20315921953172875
2023-03-01 17:00:00,0.21685404741157754,0.2284786889373127,0.16473153734135043,0.1326423244387418,0.17171312475334752,0.11817733038860316
2023-03-01 18:00:00,0.09615204934412583,0.10443445334048186,0.0685461285986846,0.054912916184425925,0.06930415329145588,0.09699855256789167
2023-03-01 19:00:00,0.004800421867464531,0.0,0.0,0.0,0.0,0.08019445919510716
2023-03-01 20:00:00,0.0,0.0,0.0,0.0,0.0,0.0
2023-03-01 21:00:00,0.0,0.0,0.0,0.0,0.0,0.0
2023-03-01 22:00:00,0.0,0.0,0.0,0.0,0.0,0.0
2023-03-01 23:00:00,0.0,0.0,0.0,0.0,0.0,0.0
2023-03-02 00:00:00,0.0,0.0,0.0,0.0,0.0,0.0
2023-03-02 01:00:00,0.0,0.0,0.0,0.0,0.0,0.0
2023-03-02 02:00:00,0.0,0.0,0.0,0.0,0.0,0.0
2023-03-02 03:00:00,0.0,0.0,0.0,0.0,0.0,0.0
2023-03-02 04:00:00,0.0,0.0,0.0,0.0,0.0,0.0
2023-03-02 05:00:00,0.0,0.0,0.0,0.0,0.0,0.0
2023-03-02 06:00:00,0.0,0.0,0.0,0.0,0.0,0.0
2023-03-02 07:00:00,0.0,0.0,0.0,0.0,0.0,0.0
2023-03-02 08:00:00,0.0,0.0,0.0,0.0,0.0,0.0
2023-03-02 09:00:00,0.06654578177030411,0.012881544128578603,0.008888866133103456,0.015034148178834191,0.008532309800007916,0.15697563550542662
2023-03-02 10:00:00,0.14065702965073565,0.07346181664835598,0.07932596146089488,0.16088560833800666,0.06195922348736058,0.2741354177576733
2023-03-02 11:00:00,0.4123796768220347,0.2639043834498664,0.2839701814611253,0.32851658626102465,0.2441795478453587,0.41730586658574215
2023-03-02 12:00:00,0.5534778045441167,0.5661006143175182,0.6250806414512925,0.6268764855752685,0.5913348267140974,0.4820167864593069
2023-03-02 13:00:00,0.6478558631964918,0.603552258747528,0.6280444510957888,0.6039909593653537,0.6020515483076547,0.5338127083045161
2023-03-02 14:00:00,0.6205646517648377,0.6504467825796626,0.6423602162048752,0.5529549067509545,0.6545180519036758,0.5431223412063456
2023-03-02 15:00:00,0.7502658175039874,0.6193037026534456,0.5049531271662965,0.5958541390282487,0.4859314692287469,0.6267704914097434
2023-03-02 16:00:00,0.691820084674862,0.5307078990990186,0.4543292081489548,0.49145256533217047,0.4299640177201537,0.575790736546236
2023-03-02 17:00:00,0.6098095082314767,0.4365721223244887,0.33554583141832695,0.4676770118185234,0.28999459566893987,0.5145524570326176
2023-03-02 18:00:00,0.5495213414225505,0.5184989985827948,0.4258348056753297,0.4671139683414925,0.3955830748785497,0.4296800741542551
2023-03-02 19:00:00,0.4237692514213403,0.0,0.0,0.4085087858029981,0.0,0.3015114426874201
2023-03-02 20:00:00,0.0,0.0,0.0,0.0,0.0,0.0
2023-03-02 21:00:00,0.0,0.0,0.0,0.0,0.0,0.0
2023-03-02 22:00:00,0.0,0.0,0.0,0.0,0.0,0.0
2023-03-02 23:00:00,0.0,0.0,0.0,0.0,0.0,0.0
2023-03-03 00:00:00,0.0,0.0,0.0,0.0,0.0,0.0
2023-03-03 01:00:00,0.0,0.0,0.0,0.0,0.0,0.0
2023-03-03 02:00:00,0.0,0.0,0.0,0.0,0.0,0.0
2023-03-03 03:00:00,0.0,0.0,0.0,0.0,0.0,0.0
2023-03-03 04:00:00,0.0,0.0,0.0,0.0,0.0,0.0
2023-03-03 05:00:00,0.0,0.0,0.0,0.0,0.0,0.0
2023-03-03 06:00:00,0.0,0.0,0.0,0.0,0.0,0.0
2023-03-03 07:00:00,0.0,0.0,0.0,0.0,0.0,0.0
2023-03-03 08:00:00,0.0,0.0,0.0,0.0,0.0,0.0
2023-03-03 09:00:00,0.3929514758083114,0.2686608010443479,0.20934625379889793,0.19678019538927125,0.20267888294312875,0.30815588181105674
2023-03-03 10:00:00,0.5588663333750343,0.4682578399330372,0.401858715486223,0.4011034656437734,0.4048460664094061,0.5265091149079253
2023-03-03 11:00:00,0.7478581250186815,0.6871449264176962,0.6246348576229883,0.7171788416739975,0.5828423356080609,0.7172459820151217
2023-03-03 12:00:00,0.7872612204218294,0.8611799653034763,0.8556523534331288,0.8720419546443575,0.8582699106268364,0.7895190440961727
2023-03-03 13:00:00,0.7180844278967053,0.7800216368044041,0.7492966466311433,0.7978822241187541,0.7430166038308423,0.7989833956538711
2023-03-03 14:00:00,0.6483742391264274,0.8195438270093566,0.852167762768189,0.8068068662609523,0.8544554153452555,0.7253095502076906
2023-03-03 15:00:00,0.5559471237211476,0.6878197604926626,0.7176942881064619,0.6169802589913101,0.7414127249657403,0.670040312565977
2023-03-03 16:00:00,0.521934691610595,0.5760126182887125,0.5577797421752353,0.6031536532668245,0.5542681244654072,0.6039007347585348
2023-03-03 17:00:00,0.4323014540503688,0.4327801962811274,0.38955782167247716,0.4825489259359897,0.36496601527396516,0.5286495874612022
2023-03-03 18:00:00,0.3476068549063375,0.45516123140609727,0.5001465276587435,0.5234147856297315,0.48455324632479874,0.44075229985971376
2023-03-03 19:00:00,0.2014290458364144,0.3109544053745397,0.37906844034039583,0.3071253430320966,0.0,0.31976677145103555
2023-03-03 20:00:00,0.0,0.0,0.0,0.0,0.0,0.0
2023-03-03 21:00:00,0.0,0.0,0.0,0.0,0.0,0.0
2023-03-03 22:00:00,0.0,0.0,0.0,0.0,0.0,0.0
2023-03-03 23:00:00,0.0,0.0,0.0,0.0,0.0,0.0
2023-03-04 00:00:00,0.0,0.0,0.0,0.0,0.0,0.0
2023-03-04 01:00:00,0.0,0.0,0.0,0.0,0.0,0.0
2023-03-04 02:00:00,0.0,0.0,0.0,0.0,0.0,0.0
2023-03-04 03:00:00,0.0,0.0,0.0,0.0,0.0,0.0
2023-03-04 04:00:00,0.0,0.0,0.0,0.0,0.0,0.0
2023-03-04 05:00:00,0.0,0.0,0.0,0.0,0.0,0.0
2023-03-04 06:00:00,0.0,0.0,0.0,0.0,0.0,0.0
2023-03-04 07:00:00,0.0,0.0,0.0,0.0,0.0,0.0
2023-03-04 08:00:00,0.0,0.0,0.0,0.0,0.0,0.0
2023-03-04 09:00:00,0.051867338670938394,0.05644642388847885,0.05502848828022285,0.05877357218328026,0.05137157748757633,0.0690785691895462
2023-03-04 10:00:00,0.16272219071864913,0.12688155180636762,0.15785341688923166,0.1945818450898282,0.13973369927488524,0.2397261008814798
2023-03-04 11:00:00,0.24911197119023878,0.2880848384181714,0.3248828851353765,0.30032720560142956,0.32205667756839607,0.3678603608021189
2023-03-04 12:00:00,0.18556839739453623,0.19341116937230124,0.2557212890204681,0.2260671109627506,0.25659130584957734,0.34141518015140965
2023-03-04 13:00:00,0.21994729593587795,0.28063568771034586,0.33946669336488133,0.30697413729713546,0.3489489363765921,0.41308904150849857
2023-03-04 14:00:00,0.24498049657880672,0.28176386806656156,0.3262800725768822,0.28203181684261436,0.34492495002307866,0.34919517892964025
2023-03-04 15:00:00,0.235549791968005,0.22932377694491293,0.2496700397384824,0.20963604843090286,0.2698799734482092,0.26165768319158483
2023-03-04 16:00:00,0.18752530333833986,0.16805580212771004,0.17894754754818026,0.1441289117280589,0.19331191589989677,0.16669683724038958
2023-03-04 17:00:00,0.18281293012112276,0.14157997913564033,0.11747799327170187,0.11254949994196875,0.11304903268709314,0.09446058295980343
2023-03-04 18:00:00,0.08633089175734135,0.06432131966190854,0.05081310216009676,0.061142600598711655,0.041368627256413104,0.049700125631156646
2023-03-04 19:00:00,0.013102493127723023,0.024081709641929596,0.019226817300026983,0.02056643746493754,0.01181310295231619,0.005144650791693648
2023-03-04 20:00:00,0.0,0.0,0.0,0.0,0.0,0.0
2023-03-04 21:00:00,0.0,0.0,0.0,0.0,0.0,0.0
2023-03-04 22:00:00,0.0,0.0,0.0,0.0,0.0,0.0
2023-03-04 23:00:00,0.0,0.0,0.0,0.0,0.0,0.0
2023-03-05 00:00:00,0.0,0.0,0.0,0.0,0.0,0.0
2023-03-05 01:00:00,0.0,0.0,0.0,0.0,0.0,0.0
2023-03-05 02:00:00,0.0,0.0,0.0,0.0,0.0,0.0
2023-03-05 03:00:00,0.0,0.0,0.0,0.0,0.0,0.0
2023-03-05 04:00:00,0.0,0.0,0.0,0.0,0.0,0.0
2023-03-05 05:00:00,0.0,0.0,0.0,0.0,0.0,0.0
2023-03-05 06:00:00,0.0,0.0,0.0,0.0,0.0,0.0
2023-03-05 07:00:00,0.0,0.0,0.0,0.0,0.0,0.0
2023-03-05 08:00:00,0.0,0.0,0.0,0.0,0.0,0.0
2023-03-05 09:00:00,0.04597155503398777,0.08269753562864758,0.12358276457576574,0.1376843273343505,0.12213713519139517,0.13976180720786324
2023-03-05 10:00:00,0.13389473528877488,0.1887951606122383,0.2749824717385171,0.3104530973498339,0.26982869059595727,0.2946045675013614
2023-03-05 11:00:00,0.25369850304507713,0.33884904188111825,0.41321970616638665,0.505449145397896,0.39038046939422394,0.47527624076102515
2023-03-05 12:00:00,0.26597855596141273,0.2114747043646608,0.25520557909122005,0.34554750369083215,0.24130843593957021,0.42858010740785896
2023-03-05 13:00:00,0.3862645266745233,0.2586180484206898,0.2640383719587435,0.34471267060504,0.23865395592998223,0.4795614493108776
2023-03-05 14:00:00,0.3801015078309334,0.24810953704213745,0.25865573730865626,0.33074926651521924,0.230834204981636,0.4125688460133897
2023-03-05 15:00:00,0.46663111292643294,0.2246284072650055,0.21177906740267766,0.26452016222377345,0.17654154234166827,0.3442528284942883
2023-03-05 16:00:00,0.4517323370790869,0.21531885280672727,0.18716003778791684,0.24169632069420866,0.1463922487253746,0.2513554517649586
2023-03-05 17:00:00,0.45932250114726114,0.19636366978461878,0.14847528545601235,0.20123339435863843,0.10845410756859261,0.2136581355427695
2023-03-05 18:00:00,0.3007794141872326,0.16446892291656967,0.11985793203066758,0.19086788844950456,0.07602733989279484,0.12969078722759153
2023-03-05 19:00:00,0.22739145555625334,0.11709582149705955,0.1052685263074293,0.18016111907335158,0.05294855546801895,0.08002298006815318
2023-03-05 20:00:00,0.0,0.0,0.0,0.0,0.0,0.0
2023-03-05 21:00:00,0.0,0.0,0.0,0.0,0.0,0.0
2023-03-05 22:00:00,0.0,0.0,0.0,0.0,0.0,0.0
2023-03-05 23:00:00,0.0,0.0,0.0,0.0,0.0,0.0
2023-03-06 00:00:00,0.0,0.0,0.0,0.0,0.0,0.0
2023-03-06 01:00:00,0.0,0.0,0.0,0.0,0.0,0.0
2023-03-06 02:00:00,0.0,0.0,0.0,0.0,0.0,0.0
2023-03-06 03:00:00,0.0,0.0,0.0,0.0,0.0,0.0
2023-03-06 04:00:00,0.0,0.0,0.0,0.0,0.0,0.0
2023-03-06 05:00:00,0.0,0.0,0.0,0.0,0.0,0.0
2023-03-06 06:00:00,0.0,0.0,0.0,0.0,0.0,0.0
2023-03-06 07:00:00,0.0,0.0,0.0,0.0,0.0,0.0
2023-03-06 08:00:00,0.0,0.0,0.0,0.0,0.0,0.0
2023-03-06 09:00:00,0.14641698302790895,0.3081289071033099,0.3871123946123113,0.2311347580272901,0.4534116788561968,0.19266137811449402
2023-03-06 10:00:00,0.3264521175071946,0.4432678097475403,0.5588640410895677,0.327353584049688,0.625906311551997,0.28952324094635024
2023-03-06 11:00:00,0.4661791039129432,0.6323521380870893,0.6770049555902246,0.52245331129582,0.7367878294723014,0.39371504891190273
2023-03-06 12:00:00,0.653730944133693,0.6295939648451082,0.6469591689116573,0.7312631581172314,0.6301451382945567,0.49185453710026134
2023-03-06 13:00:00,0.5889709814456427,0.47845724491386826,0.4842197661166309,0.5401078692744803,0.4721828533914787,0.4163232609445567
2023-03-06 14:00:00,0.5113312233429168,0.40430478018595434,0.439171548422083,0.4378899549458604,0.42409379680465675,0.46201108360860826
2023-03-06 15:00:00,0.43388602817769306,0.3893316354805711,0.4349527328322825,0.39352411034181267,0.4313016343095158,0.4388516159399634
2023-03-06 16:00:00,0.40987231215819536,0.2901433253033282,0.30683267687150706,0.2911676663622223,0.29733664161600165,0.3403713335089979
2023-03-06 17:00:00,0.365359274609033,0.3384295268124348,0.37465755707732845,0.3530613672351227,0.35725478687008233,0.30295966979173944
2023-03-06 18:00:00,0.20189874081175205,0.2332531055662187,0.2022094730561664,0.206870544300235,0.2249252362492444,0.21924571218858402
2023-03-06 19:00:00,0.15055045624454627,0.0823202606917946,0.08542163589131721,0.06369775279312735,0.11612022612185718,0.23204848528853164
2023-03-06 20:00:00,0.0,0.0,0.0,0.0,0.0,0.0
2023-03-06 21:00:00,0.0,0.0,0.0,0.0,0.0,0.0
2023-03-06 22:00:00,0.0,0.0,0.0,0.0,0.0,0.0
2023-03-06 23:00:00,0.0,0.0,0.0,0.0,0.0,0.0
2023-03-07 00:00:00,0.0,0.0,0.0,0.0,0.0,0.0
2023-03-07 01:00:00,0.0,0.0,0.0,0.0,0.0,0.0
2023-03-07 02:00:00,0.0,0.0,0.0,0.0,0.0,0.0
2023-03-07 03:00:00,0.0,0.0,0.0,0.0,0.0,0.0
2023-03-07 04:00:00,0.0,0.0,0.0,0.0,0.0,0.0
2023-03-07 05:00:00,0.0,0.0,0.0,0.0,0.0,0.0
2023-03-07 06:00:00,0.0,0.0,0.0,0.0,0.0,0.0
2023-03-07 07:00:00,0.0,0.0,0.0,0.0,0.0,0.0
2023-03-07 08:00:00,0.0,0.0,0.0,0.0,0.0,0.0
2023-03-07 09:00:00,0.16756552292545648,0.329462231369589,0.4770378973919601,0.33743793702244507,0.5311964093177869,0.27225383713625706
2023-03-07 10:00:00,0.3299453879465311,0.5546537115659183,0.6737438088782488,0.564551148615378,0.722344429902542,0.44058481895489376
2023-03-07 11:00:00,0.38163762407671536,0.6900914879687027,0.7597593054675942,0.6047128571687416,0.8223920256312429,0.5263148432264608
2023-03-07 12:00:00,0.49865670644146776,0.6110168760027653,0.7044641055539292,0.6604027345266295,0.7227503425275937,0.6291904519331012
2023-03-07 13:00:00,0.446295261731724,0.580326002454841,0.6661740258576957,0.6169301221135782,0.6667424969384381,0.6250297006585716
2023-03-07 14:00:00,0.36469074542632923,0.40287040308832933,0.41732456156123915,0.44757094269361275,0.4098123922944646,0.5934563902759117
2023-03-07 15:00:00,0.27388157676516245,0.34944441451585995,0.3532192906581204,0.2794449017271066,0.385487182013068,0.43021958757985157
2023-03-07 16:00:00,0.2267914517115337,0.2469832501809437,0.24687811683223054,0.17625405741470251,0.2717072269958214,0.3094799508636751
2023-03-07 17:00:00,0.18185310748401992,0.18664476348055847,0.22726835523947006,0.14429218558861326,0.25339837428145084,0.23311386905164644
2023-03-07 18:00:00,0.09678007730145172,0.04437733765587319,0.04772506792150417,0.05088788035060882,0.09251083141941831,0.1261688383971154
2023-03-07 19:00:00,0.04438742716959115,0.002570296424245506,0.002947235778864711,0.0034566243220322747,0.03267894683238136,0.03969420441011657
2023-03-07 20:00:00,0.0,0.0,0.0,0.0,0.0,0.0
2023-03-07 21:00:00,0.0,0.0,0.0,0.0,0.0,0.0
2023-03-07 22:00:00,0.0,0.0,0.0,0.0,0.0,0.0
2023-03-07 23:00:00,0.0,0.0,0.0,0.0,0.0,0.0
2023-03-08 00:00:00,0.0,0.0,0.0,0.0,0.0,0.0
2023-03-08 01:00:00,0.0,0.0,0.0,0.0,0.0,0.0
2023-03-08 02:00:00,0.0,0.0,0.0,0.0,0.0,0.0
2023-03-08 03:00:00,0.0,0.0,0.0,0.0,0.0,0.0
2023-03-08 04:00:00,0.0,0.0,0.0,0.0,0.0,0.0
2023-03-08 05:00:00,0.0,0.0,0.0,0.0,0.0,0.0
2023-03-08 06:00:00,0.0,0.0,0.0,0.0,0.0,0.0
2023-03-08 07:00:00,0.0,0.0,0.0,0.0,0.0,0.0
2023-03-08 08:00:00,0.0,0.0,0.0,0.0,0.0,0.0
2023-03-08 09:00:00,0.184814012398969,0.12467105446599427,0.12648671661155772,0.08637483977106798,0.1905334700522402,0.3641456505838411
2023-03-08 10:00:00,0.3396500073004697,0.33151568754465494,0.3758298732871522,0.2837698762770003,0.4363908867433426,0.5150989512951958
2023-03-08 11:00:00,0.4956945850562034,0.5361211375816779,0.5744114861717394,0.5377058277864403,0.6137509783659576,0.6631285637267283
2023-03-08 12:00:00,0.6228510921936051,0.536259651906355,0.6184740716155576,0.6544360853464009,0.6156526592753352,0.6568415774294264
2023-03-08 13:00:00,0.6798649311915764,0.7091248075007607,0.7735088085671671,0.8005048127429637,0.7729230352311651,0.701279172682953
2023-03-08 14:00:00,0.6249634770189388,0.6357973128549391,0.7166351937809415,0.7373904773655634,0.716709630138232,0.7167194860295787
2023-03-08 15:00:00,0.49970122594671174,0.463095225350745,0.6003700680537516,0.6212635187856784,0.6084346934554757,0.6512173668073387
2023-03-08 16:00:00,0.37509105220306793,0.3805253127365159,0.5560098518231196,0.5283177031632573,0.579646017848863,0.6631825781818447
2023-03-08 17:00:00,0.2748426264525562,0.2658956528080283,0.3898233326275167,0.3483489781862147,0.4179610972745577,0.5765627510692245
2023-03-08 18:00:00,0.20393419069274435,0.14676531895618627,0.11515549638001432,0.17957910341139802,0.10346051839295878,0.4224917705151517
2023-03-08 19:00:00,0.04767670125720469,0.013459651247328803,0.0026074383990389123,0.011964528197623123,0.006425017390339473,0.2598906636736142
2023-03-08 20:00:00,0.0,0.0,0.0,0.0,0.0,0.0
2023-03-08 21:00:00,0.0,0.0,0.0,0.0,0.0,0.0
2023-03-08 22:00:00,0.0,0.0,0.0,0.0,0.0,0.0
2023-03-08 23:00:00,0.0,0.0,0.0,0.0,0.0,0.0
2023-03-09 00:00:00,0.0,0.0,0.0,0.0,0.0,0.0
2023-03-09 01:00:00,0.0,0.0,0.0,0.0,0.0,0.0
2023-03-09 02:00:00,0.0,0.0,0.0,0.0,0.0,0.0
2023-03-09 03:00:00,0.0,0.0,0.0,0.0,0.0,0.0
2023-03-09 04:00:00,0.0,0.0,0.0,0.0,0.0,0.0
2023-03-09 05:00:00,0.0,0.0,0.0,0.0,0.0,0.0
2023-03-09 06:00:00,0.0,0.0,0.0,0.0,0.0,0.0
2023-03-09 07:00:00,0.0,0.0,0.0,0.0,0.0,0.0
2023-03-09 08:00:00,0.0,0.0,0.0,0.0,0.0,0.0
2023-03-09 09:00:00,0.1585506519638719,0.13860346535147225,0.20435827272749127,0.2036924916465442,0.19259030571858102,0.2728331386426476
2023-03-09 10:00:00,0.3344278434139826,0.3318105609439331,0.4215634616625125,0.45235741168228727,0.39471170385134285,0.5026543473643715
2023-03-09 11:00:00,0.5904208107829744,0.5339962565512898,0.6190986252987427,0.6492620104742879,0.5792629933840933,0.6783552863172401
2023-03-09 12:00:00,0.5641384645838852,0.6742798305343382,0.7318581229582521,0.618061143200339,0.7411213423756614,0.7126640332400448
2023-03-09 13:00:00,0.6493024638136481,0.6618025360349502,0.7087523531848456,0.6839898933480857,0.6905458924638429,0.7358872883063544
2023-03-09 14:00:00,0.6161954665829249,0.584647158625372,0.55345963587034,0.6519246239516869,0.5413213791090405,0.7145865725231245
2023-03-09 15:00:00,0.48928341513802176,0.4652242804801903,0.4290165926464405,0.5881117243592882,0.41407681171165095,0.6770296481544131
2023-03-09 16:00:00,0.40692414065425003,0.4199160547300207,0.4301135610787875,0.5135233751702926,0.42698540582556643,0.5655081396056607
2023-03-09 17:00:00,0.3174901510082036,0.3959372423697842,0.37863464900393945,0.5743045708527703,0.34741856934899706,0.450907247579538
2023-03-09 18:00:00,0.20205227141846407,0.31304406086550585,0.3988969772573175,0.3833147728592765,0.41006483589788256,0.2829494658792901
2023-03-09 19:00:00,0.14293256011599176,0.18391806995475207,0.25124439983298125,0.19372795440334045,0.2878619172248249,0.2668068688522784
2023-03-09 20:00:00,0.0,0.0,0.0,0.0,0.0,0.0
2023-03-09 21:00:00,0.0,0.0,0.0,0.0,0.0,0.0
2023-03-09 22:00:00,0.0,0.0,0.0,0.0,0.0,0.0
2023-03-09 23:00:00,0.0,0.0,0.0,0.0,0.0,0.0
2023-03-10 00:00:00,0.0,0.0,0.0,0.0,0.0,0.0
2023-03-10 01:00:00,0.0,0.0,0.0,0.0,0.0,0.0
2023-03-10 02:00:00,0.0,0.0,0.0,0.0,0.0,0.0
2023-03-10 03:00:00,0.0,0.0,0.0,0.0,0.0,0.0
2023-03-10 04:00:00,0.0,0.0,0.0,0.0,0.0,0.0
2023-03-10 05:00:00,0.0,0.0,0.0,0.0,0.0,0.0
2023-03-10 06:00:00,0.0,0.0,0.0,0.0,0.0,0.0
2023-03-10 07:00:00,0.0,0.0,0.0,0.0,0.0,0.0
2023-03-10 08:00:00,0.0,0.0,0.0,0.0,0.0,0.0
2023-03-10 09:00:00,0.027580867325251182,0.04900048899276417,0.06578306491430627,0.047009299583637976,0.06969275912735241,0.11592174105721327
2023-03-10 10:00:00,0.08625225063194661,0.10173839852361151,0.12672222518589896,0.1547292000629568,0.11747770132840407,0.23465136715533041
2023-03-10 11:00:00,0.12782414695813693,0.14295166746720797,0.16990445503869522,0.1881723331573336,0.16273168078227887,0.3571586101637175
2023-03-10 12:00:00,0.26423649137445393,0.23804640611164335,0.30544313856871325,0.3335315994649671,0.2917740835488274,0.4700717857626119
2023-03-10 13:00:00,0.262875456355219,0.2511816765117585,0.3287135775203327,0.34304296104474685,0.31867864054882517,0.4761564130618543
2023-03-10 14:00:00,0.27007456271025165,0.2935458422677724,0.30459440143983285,0.3340316521922722,0.2937050976993823,0.4632909346580853
2023-03-10 15:00:00,0.29764276489939695,0.3275908199172473,0.34711954902285164,0.3419131667343346,0.3425790761936226,0.4987539952131144
2023-03-10 16:00:00,0.2616769144841547,0.26977382726816396,0.30792827132106654,0.35625461713088824,0.282195990641452,0.45378694107844636
2023-03-10 17:00:00,0.1297971596567408,0.10107684873081675,0.06956681057270696,0.13419519800059643,0.06411985584399069,0.3313199622900409
2023-03-10 18:00:00,0.0676159781976137,0.054339212141986,0.08890994204657346,0.052369527328637304,0.09638107146782816,0.21671320759684523
2023-03-10 19:00:00,0.07432897826048934,0.025644881231863488,0.01661527669077278,0.031417219187721314,0.011869819295639673,0.0944181993826758
2023-03-10 20:00:00,0.0,0.0,0.0,0.0,0.0,0.0
2023-03-10 21:00:00,0.0,0.0,0.0,0.0,0.0,0.0
2023-03-10 22:00:00,0.0,0.0,0.0,0.0,0.0,0.0
2023-03-10 23:00:00,0.0,0.0,0.0,0.0,0.0,0.0
2023-03-11 00:00:00,0.0,0.0,0.0,0.0,0.0,0.0
2023-03-11 01:00:00,0.0,0.0,0.0,0.0,0.0,0.0
2023-03-11 02:00:00,0.0,0.0,0.0,0.0,0.0,0.0
2023-03-11 03:00:00,0.0,0.0,0.0,0.0,0.0,0.0
2023-03-11 04:00:00,0.0,0.0,0.0,0.0,0.0,0.0
2023-03-11 05:00:00,0.0,0.0,0.0,0.0,0.0,0.0
2023-03-11 06:00:00,0.0,0.0,0.0,0.0,0.0,0.0
2023-03-11 07:00:00,0.0,0.0,0.0,0.0,0.0,0.0
2023-03-11 08:00:00,0.0,0.0,0.0,0.0,0.23573202113181846,0.0
2023-03-11 09:00:00,0.3106691838844499,0.27764739040505526,0.4071061798023831,0.34092674738478673,0.3844160090498381,0.2546724851514503
2023-03-11 10:00:00,0.5004244214272792,0.40910437840441366,0.5202721244726933,0.5251684711856571,0.48891249437091316,0.43272023871197884
2023-03-11 11:00:00,0.626064986614021,0.5330171967322954,0.5939079462486218,0.6440286055588708,0.554461954309853,0.6029255076519736
2023-03-11 12:00:00,0.7285286464199102,0.6977232180687527,0.7016799168363257,0.780689110639688,0.6356226511295742,0.6242827856854969
2023-03-11 13:00:00,0.7182184887705095,0.551856634938496,0.620632585197082,0.7220231528899271,0.5651907399430307,0.7152151389420157
2023-03-11 14:00:00,0.7360173499068277,0.5513471134948914,0.6041065247410258,0.7052595324405153,0.5417610892696505,0.7757503677259251
2023-03-11 15:00:00,0.6282438479914212,0.569864055477449,0.628703987367561,0.5969412818950423,0.6066327459508413,0.7208181209417697
2023-03-11 16:00:00,0.524786961803936,0.38634471604649917,0.381375823708397,0.42907526232438925,0.3598512410650264,0.662770507422549
2023-03-11 17:00:00,0.410397723303737,0.3990601939286334,0.364825208934879,0.43307922332136983,0.36766037362069176,0.5878607250849917
2023-03-11 18:00:00,0.45414504087909013,0.3819747927979435,0.32190385896507745,0.32596465002303254,0.35076479242262903,0.517944222661415
2023-03-11 19:00:00,0.31470253460935876,0.28784136381636016,0.2486266825682158,0.23920353388615526,0.2512600723323826,0.31110974573996214
2023-03-11 20:00:00,0.0,0.0,0.0,0.0,0.0,0.0
2023-03-11 21:00:00,0.0,0.0,0.0,0.0,0.0,0.0
2023-03-11 22:00:00,0.0,0.0,0.0,0.0,0.0,0.0
2023-03-11 23:00:00,0.0,0.0,0.0,0.0,0.0,0.0
2023-03-12 00:00:00,0.0,0.0,0.0,0.0,0.0,0.0
2023-03-12 01:00:00,0.0,0.0,0.0,0.0,0.0,0.0
2023-03-12 02:00:00,0.0,0.0,0.0,0.0,0.0,0.0
2023-03-12 03:00:00,0.0,0.0,0.0,0.0,0.0,0.0
2023-03-12 04:00:00,0.0,0.0,0.0,0.0,0.0,0.0
2023-03-12 05:00:00,0.0,0.0,0.0,0.0,0.0,0.0
2023-03-12 06:00:00,0.0,0.0,0.0,0.0,0.0,0.0
2023-03-12 07:00:00,0.0,0.0,0.0,0.0,0.0,0.0
2023-03-12 08:00:00,0.1199083216546334,0.2823323904383912,0.38812740070550683,0.0,0.3865547872810832,0.011788107370009205
2023-03-12 09:00:00,0.3532761221899571,0.4057891297784489,0.47070250708638184,0.4356275855721648,0.5047044021809833,0.4549103870644483
2023-03-12 10:00:00,0.4873571214642657,0.5109755405445985,0.5934661672136616,0.5840008404604385,0.6249416749516715,0.5698702129685569
2023-03-12 11:00:00,0.7108351568182142,0.7432483815472333,0.7675035219038224,0.7847816835682234,0.7823557213766427,0.7473036710769776
2023-03-12 12:00:00,0.49925879507286197,0.5701136691132421,0.6426680055560027,0.6092259454290602,0.6810178850469587,0.6790747295784424
2023-03-12 13:00:00,0.4036283475554584,0.44072608447872763,0.3827419990066215,0.41262263217340606,0.42572769829188234,0.5906235537297887
2023-03-12 14:00:00,0.3077617668842332,0.32670774916635076,0.34548460592912067,0.31135219863407504,0.3609014005820314,0.42087094736153213
2023-03-12 15:00:00,0.21056886206883554,0.2523215433251583,0.26696453807935494,0.23778588956713814,0.27891658054153246,0.3049806857111783
2023-03-12 16:00:00,0.14759134364564655,0.14846141536606763,0.15850274306544285,0.14164940776852608,0.16527575323689014,0.1908599296386548
2023-03-12 17:00:00,0.08777554482360223,0.11484379850310406,0.14040726898750983,0.11548528797730498,0.1508865466443599,0.1341138168126628
2023-03-12 18:00:00,0.039179359894949445,0.05113997876223121,0.04843435045072466,0.04941550819579593,0.05118979185360367,0.05647273598958715
2023-03-12 19:00:00,0.029413790660905926,0.07314378446517537,0.036031982314394584,0.02108275379662971,0.04012347787058561,0.016343443865789294
2023-03-12 20:00:00,0.0,0.0,0.0,0.0,0.0,0.0
2023-03-12 21:00:00,0.0,0.0,0.0,0.0,0.0,0.0
2023-03-12 22:00:00,0.0,0.0,0.0,0.0,0.0,0.0
2023-03-12 23:00:00,0.0,0.0,0.0,0.0,0.0,0.0
2023-03-13 00:00:00,0.0,0.0,0.0,0.0,0.0,0.0
2023-03-13 01:00:00,0.0,0.0,0.0,0.0,0.0,0.0
2023-03-13 02:00:00,0.0,0.0,0.0,0.0,0.0,0.0
2023-03-13 03:00:00,0.0,0.0,0.0,0.0,0.0,0.0
2023-03-13 04:00:00,0.0,0.0,0.0,0.0,0.0,0.0
2023-03-13 05:00:00,0.0,0.0,0.0,0.0,0.0,0.0
2023-03-13 06:00:00,0.0,0.0,0.0,0.0,0.0,0.0
2023-03-13 07:00:00,0.0,0.0,0.0,0.0,0.0,0.0
2023-03-13 08:00:00,0.006815339179042192,0.04848604552098693,0.08548996315955877,0.031153114300640595,0.0845926683892831,0.0036836660658950272
2023-03-13 09:00:00,0.04950883420152508,0.031325528234621904,0.03093300814033261,0.05535937881632345,0.020304872952651477,0.09523094273078549
2023-03-13 10:00:00,0.12250958416053222,0.12329301054733785,0.14634688985092117,0.14014469551578845,0.13144985015468408,0.23670183222444646
2023-03-13 11:00:00,0.2058982445911941,0.18921326402293265,0.21192683680689692,0.18691387254896377,0.2069928819658093,0.36773662298425497
2023-03-13 12:00:00,0.22266511423063448,0.16264682875805062,0.18688564529535973,0.19362261590920807,0.17374208388360765,0.43347718918531314
2023-03-13 13:00:00,0.42709150021424863,0.31789754934174036,0.3458442232406793,0.37539720461652276,0.3177744178760591,0.6302261912135733
2023-03-13 14:00:00,0.3012597929371937,0.25133862734385237,0.24403848225201785,0.38577333323716223,0.22117157495681755,0.6514990084649486
2023-03-13 15:00:00,0.19455824029495256,0.13718276305881236,0.1803252365626776,0.1561555532634601,0.20759719260778287,0.6073247902099342
2023-03-13 16:00:00,0.18137002322389284,0.16847901590468944,0.19097585516332682,0.23877473704539726,0.18327386459557993,0.588838615668133
2023-03-13 17:00:00,0.19249084780806358,0.06354359199408317,0.06963130994799355,0.16545862315619078,0.0636063199935395,0.5788153737291313
2023-03-13 18:00:00,0.17645707427630059,0.055050059850471095,0.06129241321819504,0.20829245219200127,0.034628444114204425,0.5169333382603244
2023-03-13 19:00:00,0.28169731392597036,0.13198652056383217,0.1450523113597069,0.33009382044648783,0.069883300118329,0.4170943941134023
2023-03-13 20:00:00,0.0,0.0,0.0,0.0,0.0,0.0
2023-03-13 21:00:00,0.0,0.0,0.0,0.0,0.0,0.0
2023-03-13 22:00:00,0.0,0.0,0.0,0.0,0.0,0.0
2023-03-13 23:00:00,0.0,0.0,0.0,0.0,0.0,0.0
2023-03-14 00:00:00,0.0,0.0,0.0,0.0,0.0,0.0
2023-03-14 01:00:00,0.0,0.0,0.0,0.0,0.0,0.0
2023-03-14 02:00:00,0.0,0.0,0.0,0.0,0.0,0.0
2023-03-14 03:00:00,0.0,0.0,0.0,0.0,0.0,0.0
2023-03-14 04:00:00,0.0,0.0,0.0,0.0,0.0,0.0
2023-03-14 05:00:00,0.0,0.0,0.0,0.0,0.0,0.0
2023-03-14 06:00:00,0.0,0.0,0.0,0.0,0.0,0.0
2023-03-14 07:00:00,0.0,0.0,0.0,0.0,0.0,0.0
2023-03-14 08:00:00,0.5084557168725732,0.5207584904815188,0.5097302204716233,0.5481714731644918,0.48510279143617513,0.2400552791520366
2023-03-14 09:00:00,0.5848713235993289,0.6002234154056784,0.6365530781011913,0.6291206430994991,0.6209181379080672,0.512301188138207
2023-03-14 10:00:00,0.7169814290183516,0.7383557699104238,0.7453011955686776,0.7439556901445138,0.7367411096064561,0.6494010626054465
2023-03-14 11:00:00,0.8024663716973045,0.800055702202386,0.810895339490711,0.7991541597798649,0.8066492731927076,0.7631381857389464
2023-03-14 12:00:00,0.7806332992428985,0.7561717114391029,0.8075755758541299,0.8216582684372165,0.7902092205545374,0.765452049932638
2023-03-14 13:00:00,0.7271230380232953,0.7393449409903883,0.7596790245110389,0.7791995361095587,0.7400893766672204,0.7373385390839483
2023-03-14 14:00:00,0.5570640286203179,0.5655877839467225,0.58946813808737,0.5720908804301784,0.596817044951199,0.6930354610927542
2023-03-14 15:00:00,0.5198297707820158,0.5944601257845235,0.5615956317146479,0.459900973035116,0.590061167501989,0.6474684289234355
2023-03-14 16:00:00,0.442812858532761,0.6096886144694418,0.5918214988477185,0.5093867119562124,0.6085504769899485,0.6033093156749794
2023-03-14 17:00:00,0.41408447026545514,0.44982719836659285,0.3720161705111345,0.3218389959295445,0.41054290285591866,0.522437296236522
2023-03-14 18:00:00,0.3483165564298328,0.43779207352614297,0.3921478754215394,0.45046318051508294,0.4005101012086904,0.566102783510476
2023-03-14 19:00:00,0.28439911975189486,0.37456110881986066,0.33756322138562145,0.40475436103592394,0.3291226940754506,0.42735982677459283
2023-03-14 20:00:00,0.0,0.0,0.0,0.0,0.0,0.0
2023-03-14 21:00:00,0.0,0.0,0.0,0.0,0.0,0.0
2023-03-14 22:00:00,0.0,0.0,0.0,0.0,0.0,0.0
2023-03-14 23:00:00,0.0,0.0,0.0,0.0,0.0,0.0
2023-03-15 00:00:00,0.0,0.0,0.0,0.0,0.0,0.0
2023-03-15 01:00:00,0.0,0.0,0.0,0.0,0.0,0.0
2023-03-15 02:00:00,0.0,0.0,0.0,0.0,0.0,0.0
2023-03-15 03:00:00,0.0,0.0,0.0,0.0,0.0,0.0
2023-03-15 04:00:00,0.0,0.0,0.0,0.0,0.0,0.0
2023-03-15 05:00:00,0.0,0.0,0.0,0.0,0.0,0.0
2023-03-15 06:00:00,0.0,0.0,0.0,0.0,0.0,0.0
2023-03-15 07:00:00,0.0,0.0,0.0,0.0,0.0,0.0
2023-03-15 08:00:00,0.31742784377382294,0.15379678517212939,0.1106245288221293,0.1568005968952335,0.0934854894592044,0.10657747115097185
2023-03-15 09:00:00,0.4660457428712127,0.2726626038275822,0.18470241721617178,0.278898222156376,0.1535455606115742,0.41862612241877584
2023-03-15 10:00:00,0.6483552454763085,0.5816367867379967,0.4446595263294964,0.5372987799577839,0.40294331827652197,0.5382512487914374
2023-03-15 11:00:00,0.8160225309325292,0.7364690592451952,0.6011246039584217,0.7381757744069373,0.5519982139957151,0.6874942332911679
2023-03-15 12:00:00,0.844842864445182,0.7990252317184878,0.7230195856867833,0.7983157734593136,0.7074533326950984,0.8342278069192655
2023-03-15 13:00:00,0.8425290217813702,0.8177857723996005,0.7853340980321624,0.7973110666343466,0.7930839072246583,0.8285043813370944
2023-03-15 14:00:00,0.8214394715856999,0.7856712449058233,0.7956201599222338,0.8056530665274227,0.7994087372595207,0.7888002803820497
2023-03-15 15:00:00,0.8012489579676284,0.7913215271533883,0.8126964388128416,0.8148554911407714,0.8120351906042038,0.7156833753537282
2023-03-15 16:00:00,0.6856510941652421,0.6716553408379703,0.6908692476186346,0.7218173949169403,0.6800237980718251,0.579851143027131
2023-03-15 17:00:00,0.6419742565279034,0.5793692624653015,0.6703616382735677,0.6503791879305515,0.670740456829108,0.4912732241482188
2023-03-15 18:00:00,0.5367751382767955,0.36718062675603347,0.47291706663178285,0.506909358139444,0.4452639431160603,0.4829279574457953
2023-03-15 19:00:00,0.4718938665349235,0.4244164174837592,0.42405946801298605,0.3516087345139342,0.44278407865237607,0.43263324131388453
2023-03-15 20:00:00,0.0,0.0,0.0,0.0,0.0,0.0
2023-03-15 21:00:00,0.0,0.0,0.0,0.0,0.0,0.0
2023-03-15 22:00:00,0.0,0.0,0.0,0.0,0.0,0.0
2023-03-15 23:00:00,0.0,0.0,0.0,0.0,0.0,0.0
2023-03-16 00:00:00,0.0,0.0,0.0,0.0,0.0,0.0
2023-03-16 01:00:00,0.0,0.0,0.0,0.0,0.0,0.0
2023-03-16 02:00:00,0.0,0.0,0.0,0.0,0.0,0.0
2023-03-16 03:00:00,0.0,0.0,0.0,0.0,0.0,0.0
2023-03-16 04:00:00,0.0,0.0,0.0,0.0,0.0,0.0
2023-03-16 05:00:00,0.0,0.0,0.0,0.0,0.0,0.0
2023-03-16 06:00:00,0.0,0.0,0.0,0.0,0.0,0.0
2023-03-16 07:00:00,0.0,0.0,0.0,0.0,0.0,0.0
2023-03-16 08:00:00,0.4618309095748741,0.5044538808432326,0.4935751366753671,0.499822200240468,0.47857186747519304,0.42014499139329453
2023-03-16 09:00:00,0.5796839196076151,0.6807194407698122,0.6777930708459304,0.6623959180733454,0.6642256216089596,0.6225426682818287
2023-03-16 10:00:00,0.7639309306432639,0.8041838482210137,0.8042137187116789,0.7913883820951181,0.7916381840933889,0.7622670757672002
2023-03-16 11:00:00,0.8251517209068202,0.8237881518612644,0.8317038000947569,0.802879041789844,0.8525684394047099,0.802719779526026
2023-03-16 12:00:00,0.8745105552262908,0.8445799488997152,0.8198970626598574,0.8202578120117543,0.8340821516555394,0.8268973655605545
2023-03-16 13:00:00,0.867983160388624,0.8449224203862108,0.8343632196062215,0.8152953872670664,0.8515050404663251,0.8091314237231249
2023-03-16 14:00:00,0.8857595216765913,0.871120586326337,0.8463723354519687,0.8588830316921162,0.8555462287605976,0.8203712730367676
2023-03-16 15:00:00,0.8627433983263064,0.8400877185092361,0.8303088001753502,0.8328758755684346,0.8367149171057192,0.7950413960328895
2023-03-16 16:00:00,0.8319578931438257,0.8287464627087369,0.8086604409393491,0.8009836053748675,0.8236821261727864,0.7756726791506922
2023-03-16 17:00:00,0.7837114686194289,0.7771437989465949,0.7566855011527989,0.7661383010723172,0.7641427301791335,0.6982666531153453
2023-03-16 18:00:00,0.6478776799495515,0.6628748902339867,0.6471608009362237,0.6481130436855057,0.6617365710452867,0.5976647835126395
2023-03-16 19:00:00,0.4349325963438853,0.46393889235357444,0.45737206545060427,0.4437829041780645,0.46154137655754834,0.36426867951199093
2023-03-16 20:00:00,0.0,0.0,0.0,0.0,0.0,0.0
2023-03-16 21:00:00,0.0,0.0,0.0,0.0,0.0,0.0
2023-03-16 22:00:00,0.0,0.0,0.0,0.0,0.0,0.0
2023-03-16 23:00:00,0.0,0.0,0.0,0.0,0.0,0.0
2023-03-17 00:00:00,0.0,0.0,0.0,0.0,0.0,0.0
2023-03-17 01:00:00,0.0,0.0,0.0,0.0,0.0,0.0
2023-03-17 02:00:00,0.0,0.0,0.0,0.0,0.0,0.0
2023-03-17 03:00:00,0.0,0.0,0.0,0.0,0.0,0.0
2023-03-17 04:00:00,0.0,0.0,0.0,0.0,0.0,0.0
2023-03-17 05:00:00,0.0,0.0,0.0,0.0,0.0,0.0
2023-03-17 06:00:00,0.0,0.0,0.0,0.0,0.0,0.0
2023-03-17 07:00:00,0.0,0.0,0.0,0.0,0.0,0.0
2023-03-17 08:00:00,0.43596442229941657,0.3132824940928353,0.3368259227040224,0.3252944020208269,0.33492234201549254,0.41352674672653755
2023-03-17 09:00:00,0.6681561353938458,0.6237505537852632,0.5857542981515336,0.6321376741303135,0.5724624484451443,0.6578384252247119
2023-03-17 10:00:00,0.8179755650007182,0.8005937698650963,0.7735110416029706,0.8006070887320693,0.7573004895024025,0.7958262025970195
2023-03-17 11:00:00,0.8724714838055295,0.8639975251344969,0.8524473269256422,0.8637989967388261,0.8446400403994163,0.8725791857681471
2023-03-17 12:00:00,0.8963297877390464,0.8979692950426001,0.8787436565504447,0.8963547594911271,0.878580152628723,0.8930435470423178
2023-03-17 13:00:00,0.9010221059104896,0.9019462242272326,0.8814775500479358,0.8982465454595492,0.8898365990613749,0.8992219769828119
2023-03-17 14:00:00,0.8802777291809902,0.9019320801765268,0.8800503785713227,0.894746041047393,0.8879609528564071,0.8758074893771958
2023-03-17 15:00:00,0.7915074330713203,0.8748045770114321,0.8602076418267873,0.8678303233010208,0.8723541078087277,0.7832174858423987
2023-03-17 16:00:00,0.6771302724404573,0.8017892838218934,0.7917921593700081,0.7237713323369249,0.8306091311474169,0.6707344426060975
2023-03-17 17:00:00,0.48399274924342006,0.6346507435341602,0.6638181337898829,0.5304246386191568,0.724056882852315,0.5446381055143164
2023-03-17 18:00:00,0.3377331511794901,0.38007524453634534,0.38548486001385535,0.3236509300711766,0.4365166355484022,0.3990099860223159
2023-03-17 19:00:00,0.06091654030907495,0.11207383690474793,0.14712178828318145,0.09246893195212211,0.19177608952969152,0.1512396834717567
2023-03-17 20:00:00,0.0,0.0,0.0,0.0,0.0,0.0
2023-03-17 21:00:00,0.0,0.0,0.0,0.0,0.0,0.0
2023-03-17 22:00:00,0.0,0.0,0.0,0.0,0.0,0.0
2023-03-17 23:00:00,0.0,0.0,0.0,0.0,0.0,0.0
2023-03-18 00:00:00,0.0,0.0,0.0,0.0,0.0,0.0
2023-03-18 01:00:00,0.0,0.0,0.0,0.0,0.0,0.0
2023-03-18 02:00:00,0.0,0.0,0.0,0.0,0.0,0.0
2023-03-18 03:00:00,0.0,0.0,0.0,0.0,0.0,0.0
2023-03-18 04:00:00,0.0,0.0,0.0,0.0,0.0,0.0
2023-03-18 05:00:00,0.0,0.0,0.0,0.0,0.0,0.0
2023-03-18 06:00:00,0.0,0.0,0.0,0.0,0.0,0.0
2023-03-18 07:00:00,0.0,0.0,0.0,0.0,0.0,0.0
2023-03-18 08:00:00,0.06524008830962125,0.10937975719242256,0.1596179807008872,0.06094988633984141,0.1847818451840722,0.06342228502868576
2023-03-18 09:00:00,0.333872615465768,0.32434983564111747,0.36627287211012305,0.29506121669635815,0.398392388191988,0.3177033425680983
2023-03-18 10:00:00,0.5362966665785276,0.5672318491671184,0.5861954513516056,0.5138483069799582,0.6272985138034707,0.539254024434245
2023-03-18 11:00:00,0.6612350922328527,0.6747551691798486,0.6857313168784831,0.6533541365397769,0.7178938357788407,0.7267322979372364
2023-03-18 12:00:00,0.8410278551420568,0.8190418243903718,0.8023179956017156,0.8206917925917346,0.7986323729483257,0.8166322719313822
2023-03-18 13:00:00,0.8388848053305993,0.7413831159156712,0.7048538983430362,0.8048152698375353,0.6912829768284292,0.8474404597635647
2023-03-18 14:00:00,0.7695892783421803,0.6285694074774643,0.7047476076898243,0.7995426905924651,0.6797957028684918,0.8568267219603825
2023-03-18 15:00:00,0.7322636307207343,0.6229058045734525,0.6408506647816551,0.7777773354101204,0.5855884057282281,0.8154222265790174
2023-03-18 16:00:00,0.5807600135821015,0.5154068442431831,0.5481051008701756,0.5506964643455111,0.5358988171117679,0.7268635029795502
2023-03-18 17:00:00,0.6588523664405564,0.5643814799759488,0.4573541304517868,0.5440330208548847,0.4299831688047109,0.6646093758836088
2023-03-18 18:00:00,0.5618782554370173,0.5426239063319078,0.42887501337943656,0.35099429123785847,0.4410471875601885,0.4903781353759997
2023-03-18 19:00:00,0.42648495749306725,0.3736576087328705,0.3465532022845603,0.2844090019560982,0.3706574529698522,0.3802709465382476
2023-03-18 20:00:00,0.0,0.0,0.0,0.0,0.0,0.0
2023-03-18 21:00:00,0.0,0.0,0.0,0.0,0.0,0.0
2023-03-18 22:00:00,0.0,0.0,0.0,0.0,0.0,0.0
2023-03-18 23:00:00,0.0,0.0,0.0,0.0,0.0,0.0
2023-03-19 00:00:00,0.0,0.0,0.0,0.0,0.0,0.0
2023-03-19 01:00:00,0.0,0.0,0.0,0.0,0.0,0.0
2023-03-19 02:00:00,0.0,0.0,0.0,0.0,0.0,0.0
2023-03-19 03:00:00,0.0,0.0,0.0,0.0,0.0,0.0
2023-03-19 04:00:00,0.0,0.0,0.0,0.0,0.0,0.0
2023-03-19 05:00:00,0.0,0.0,0.0,0.0,0.0,0.0
2023-03-19 06:00:00,0.0,0.0,0.0,0.0,0.0,0.0
2023-03-19 07:00:00,0.0,0.0,0.0,0.0,0.0,0.0
2023-03-19 08:00:00,0.09376554631883358,0.2322859694690627,0.3298932423345421,0.15056694522588793,0.38536440036825986,0.19902169635097658
2023-03-19 09:00:00,0.29653550071683565,0.4388890015770398,0.47433756879429173,0.36619386740929905,0.5286231411353344,0.3928000762816966
2023-03-19 10:00:00,0.5331051196341099,0.6683752068519574,0.6519254664387216,0.6108830829243613,0.6879493859474048,0.6003335864739897
2023-03-19 11:00:00,0.6975561044820345,0.7960433294157854,0.7724287853791323,0.749694516168256,0.7929785058570734,0.732289667654485
2023-03-19 12:00:00,0.6628551683383077,0.8095397534915814,0.8164934114608466,0.779156300309415,0.8510759499748469,0.7722088784543419
2023-03-19 13:00:00,0.7016864495699465,0.7978848773954413,0.7797840113537332,0.7735891644773875,0.7995096371398742,0.7521949107414841
2023-03-19 14:00:00,0.6681523673841301,0.7706713084311526,0.7645878913184505,0.7480159683713223,0.7895286222812287,0.7137520045612384
2023-03-19 15:00:00,0.6019499674751599,0.7126359400640332,0.7014645736099168,0.7288530515918189,0.7190500067086826,0.681019446052226
2023-03-19 16:00:00,0.5857747117287593,0.6156753133185007,0.599747350839953,0.6577059279978067,0.612937853692987,0.6669343715175017
2023-03-19 17:00:00,0.38189897545713836,0.4176017980208986,0.3920853540207699,0.4021172807533012,0.438326046850244,0.5516801525304206
2023-03-19 18:00:00,0.2778969623982267,0.4123085475491164,0.42004741029116505,0.33778056524882166,0.4731811266167878,0.47687751665893485
2023-03-19 19:00:00,0.190438181676828,0.33615839731837943,0.2790318353797161,0.19700161646828399,0.3226393907012811,0.30477560386808444
2023-03-19 20:00:00,0.0,0.0,0.0,0.0,0.0,0.0
2023-03-19 21:00:00,0.0,0.0,0.0,0.0,0.0,0.0
2023-03-19 22:00:00,0.0,0.0,0.0,0.0,0.0,0.0
2023-03-19 23:00:00,0.0,0.0,0.0,0.0,0.0,0.0
2023-03-20 00:00:00,0.0,0.0,0.0,0.0,0.0,0.0
2023-03-20 01:00:00,0.0,0.0,0.0,0.0,0.0,0.0
2023-03-20 02:00:00,0.0,0.0,0.0,0.0,0.0,0.0
2023-03-20 03:00:00,0.0,0.0,0.0,0.0,0.0,0.0
2023-03-20 04:00:00,0.0,0.0,0.0,0.0,0.0,0.0
2023-03-20 05:00:00,0.0,0.0,0.0,0.0,0.0,0.0
2023-03-20 06:00:00,0.0,0.0,0.0,0.0,0.0,0.0
2023-03-20 07:00:00,0.0,0.0,0.0,0.0,0.0,0.0
2023-03-20 08:00:00,0.02378455888217739,0.016561976434769754,0.01106990783774822,0.016727727539036258,0.03777923742946188,0.07139654446467367
2023-03-20 09:00:00,0.15318370231296735,0.19014968308793728,0.15668162906794111,0.23888320622534165,0.15470609501342772,0.2535653715462064
2023-03-20 10:00:00,0.19422640532017788,0.23037519066966192,0.25783036061922227,0.26791547769848717,0.2777361713815987,0.3614319638820725
2023-03-20 11:00:00,0.2903024251441328,0.37663838592789506,0.32878224250597676,0.37161719684459005,0.356550833078245,0.4726451682015957
2023-03-20 12:00:00,0.37002852775600126,0.39443925295727195,0.41698732434892777,0.4056990128590861,0.4483401858577979,0.4901462638334062
2023-03-20 13:00:00,0.3785788629560349,0.35824143997387603,0.23885490278157068,0.3645943583297066,0.23664457338421552,0.5261021029741685
2023-03-20 14:00:00,0.309564231224276,0.2170651461304908,0.2144650822704939,0.2847882544490043,0.24862239230152855,0.5419835263199524
2023-03-20 15:00:00,0.27142312163904553,0.24069571111609908,0.38483011472254647,0.37705215256990227,0.4225767081161118,0.5499478999593344
2023-03-20 16:00:00,0.28008162788843133,0.3671751443848003,0.49821598832378483,0.40733102660140386,0.5433667101746643,0.5302117717823603
2023-03-20 17:00:00,0.18020194859051444,0.3509606279658067,0.47638508967549725,0.2977008535567782,0.5419219854903179,0.4013154639966052
2023-03-20 18:00:00,0.1339183427545777,0.189295467030176,0.2996057985906616,0.25281938803784215,0.3321987105483769,0.37736137705438044
2023-03-20 19:00:00,0.047576597277872015,0.12916343727271146,0.19841602279495105,0.09806552742520086,0.23919028145018925,0.23936613268440485
2023-03-20 20:00:00,0.0,0.0,0.0,0.0,0.0,0.0
2023-03-20 21:00:00,0.0,0.0,0.0,0.0,0.0,0.0
2023-03-20 22:00:00,0.0,0.0,0.0,0.0,0.0,0.0
2023-03-20 23:00:00,0.0,0.0,0.0,0.0,0.0,0.0
2023-03-21 00:00:00,0.0,0.0,0.0,0.0,0.0,0.0
2023-03-21 01:00:00,0.0,0.0,0.0,0.0,0.0,0.0
2023-03-21 02:00:00,0.0,0.0,0.0,0.0,0.0,0.0
2023-03-21 03:00:00,0.0,0.0,0.0,0.0,0.0,0.0
2023-03-21 04:00:00,0.0,0.0,0.0,0.0,0.0,0.0
2023-03-21 05:00:00,0.0,0.0,0.0,0.0,0.0,0.0
2023-03-21 06:00:00,0.0,0.0,0.0,0.0,0.0,0.0
2023-03-21 07:00:00,0.0,0.0,0.0,0.0,0.0,0.0
2023-03-21 08:00:00,0.415027045227556,0.4940496330750222,0.4840815966460957,0.4801213012913363,0.49363565668970355,0.46160982451451676
2023-03-21 09:00:00,0.5940570819676436,0.6828403346378819,0.6792765639295538,0.682663603589436,0.6906183894412453,0.6625082733840039
2023-03-21 10:00:00,0.7608652368160181,0.8072835575064533,0.7896602253116973,0.7967761401857827,0.8003857952584702,0.7806141539378654
2023-03-21 11:00:00,0.8516967948504554,0.8541971801978427,0.8332094305588761,0.8412974868176704,0.8491742874215134,0.8524069974459276
2023-03-21 12:00:00,0.8852791728746217,0.8797323338650618,0.8577753723983726,0.8671258998130964,0.8712278463796623,0.8848583189818424
2023-03-21 13:00:00,0.8892781769618814,0.8856019357965101,0.8643424693611605,0.8770566027709892,0.8800140435265333,0.8944999926126429
2023-03-21 14:00:00,0.8843572437225098,0.8876709190460679,0.86553573101146,0.8770526900518282,0.8832379094173141,0.8934948799559614
2023-03-21 15:00:00,0.8608762466835513,0.8762938654753016,0.8532774729880636,0.8666102308923458,0.8697117566915203,0.8804508123944751
2023-03-21 16:00:00,0.8388761969066294,0.8482065904753676,0.8256319006675864,0.8441106376298743,0.8384092139629938,0.8539667866836229
2023-03-21 17:00:00,0.7882602799275681,0.7953739875316893,0.7761156663984639,0.7934377922676477,0.7887878625168866,0.8073943417991526
2023-03-21 18:00:00,0.7086044019137174,0.6828574058119684,0.673966086146815,0.6893328800372989,0.6870388730718019,0.711798856165465
2023-03-21 19:00:00,0.5119602774890274,0.4742419984957057,0.48499199893710365,0.4998912098360929,0.4903200741511327,0.5318808763915562
2023-03-21 20:00:00,0.0,0.0,0.0,0.0,0.0,0.0
2023-03-21 21:00:00,0.0,0.0,0.0,0.0,0.0,0.0
2023-03-21 22:00:00,0.0,0.0,0.0,0.0,0.0,0.0
2023-03-21 23:00:00,0.0,0.0,0.0,0.0,0.0,0.0
2023-03-22 00:00:00,0.0,0.0,0.0,0.0,0.0,0.0
2023-03-22 01:00:00,0.0,0.0,0.0,0.0,0.0,0.0
2023-03-22 02:00:00,0.0,0.0,0.0,0.0,0.0,0.0
2023-03-22 03:00:00,0.0,0.0,0.0,0.0,0.0,0.0
2023-03-22 04:00:00,0.0,0.0,0.0,0.0,0.0,0.0
2023-03-22 05:00:00,0.0,0.0,0.0,0.0,0.0,0.0
2023-03-22 06:00:00,0.0,0.0,0.0,0.0,0.0,0.0
2023-03-22 07:00:00,0.0,0.0,0.0,0.0,0.0,0.0
2023-03-22 08:00:00,0.5068173354345922,0.5229241664207304,0.5077246073578398,0.5076502944229535,0.5119570289334144,0.4959153798240257
2023-03-22 09:00:00,0.6992113766807433,0.7256804564102536,0.7025441181707435,0.7106184666599177,0.7115924866506079,0.6984483769618324
2023-03-22 10:00:00,0.8217464461619892,0.8173472165682419,0.7989116185135255,0.811422823067245,0.811964875391131,0.8159698131924021
2023-03-22 11:00:00,0.871352435598304,0.8629844666249966,0.8439650687939326,0.856925415942038,0.8566061832945794,0.8688691920976737
2023-03-22 12:00:00,0.895934099175313,0.885777878881634,0.8613013453769284,0.8759670928932006,0.8736774910158518,0.8899842440364563
2023-03-22 13:00:00,0.9006667831699492,0.8896173714779135,0.8664386540844824,0.8821917542251988,0.8821442924810382,0.8971715169373109
2023-03-22 14:00:00,0.8976546451527871,0.8891329497319542,0.8657869694206828,0.8882802446851048,0.8747340769504545,0.8940143564421039
2023-03-22 15:00:00,0.8819118254940735,0.8718178245751425,0.8482382475394071,0.8710328154034663,0.8616949623979067,0.8801673788614834
2023-03-22 16:00:00,0.8534610945584158,0.8418451241827348,0.8170484848099514,0.8404967934679255,0.8280197525019795,0.847915799125024
2023-03-22 17:00:00,0.8050475388308502,0.7904704098400913,0.7660688526563773,0.7857819072114913,0.7795876639824426,0.795841973139169
2023-03-22 18:00:00,0.7149860836625463,0.6978945481943178,0.6745061961895015,0.6899401825228483,0.6858974213184731,0.7013034541489623
2023-03-22 19:00:00,0.5273375151038711,0.5094772528758517,0.4911193398435542,0.509957808727444,0.4960291248351995,0.5307856642083144
2023-03-22 20:00:00,0.0,0.0,0.0,0.0,0.0,0.0
2023-03-22 21:00:00,0.0,0.0,0.0,0.0,0.0,0.0
2023-03-22 22:00:00,0.0,0.0,0.0,0.0,0.0,0.0
2023-03-22 23:00:00,0.0,0.0,0.0,0.0,0.0,0.0
2023-03-23 00:00:00,0.0,0.0,0.0,0.0,0.0,0.0
2023-03-23 01:00:00,0.0,0.0,0.0,0.0,0.0,0.0
2023-03-23 02:00:00,0.0,0.0,0.0,0.0,0.0,0.0
2023-03-23 03:00:00,0.0,0.0,0.0,0.0,0.0,0.0
2023-03-23 04:00:00,0.0,0.0,0.0,0.0,0.0,0.0
2023-03-23 05:00:00,0.0,0.0,0.0,0.0,0.0,0.0
2023-03-23 06:00:00,0.0,0.0,0.0,0.0,0.0,0.0
2023-03-23 07:00:00,0.0,0.0,0.0,0.0,0.0,0.0
2023-03-23 08:00:00,0.19848999969451805,0.32691357491793194,0.37409464306853235,0.2899902098981787,0.4178859133224825,0.32998542084828125
2023-03-23 09:00:00,0.3410651678058652,0.46236452879184475,0.5460368901941426,0.42864630702017203,0.6056715530152574,0.48482113259026854
2023-03-23 10:00:00,0.499156044552675,0.5590415486765051,0.6112625954125215,0.5479177293609986,0.6579338335305541,0.6409599846682004
2023-03-23 11:00:00,0.6479902254264828,0.6889902627510809,0.6872310613774649,0.6252569495420179,0.7305210412607259,0.7255711591946097
2023-03-23 12:00:00,0.6719878380347163,0.6848744912872057,0.6726857243622051,0.6988411819043968,0.6936252413826799,0.7510285141655626
2023-03-23 13:00:00,0.5877199067357467,0.5750481323960487,0.6013677428525757,0.631239933391071,0.618206397959189,0.7043988301879777
2023-03-23 14:00:00,0.6210276098203839,0.619614281001976,0.61646484249144,0.5583700875842554,0.6454493045904122,0.6998072571073997
2023-03-23 15:00:00,0.5359095216990052,0.4638830986657093,0.47664773456839293,0.44792816573245653,0.49311211895430107,0.6671936120309813
2023-03-23 16:00:00,0.4853674711930527,0.3530002154441331,0.4080623813364203,0.3488689968909641,0.4292208564718043,0.6154150002191656
2023-03-23 17:00:00,0.3056767249718289,0.24448062315180327,0.2753729646806819,0.37355280291322956,0.27308333522519673,0.49851742869902665
2023-03-23 18:00:00,0.2446958917590786,0.19267985107645652,0.17381959234660352,0.22190688797654604,0.15958220153869296,0.37996044261547685
2023-03-23 19:00:00,0.14527697849311255,0.12553496309272122,0.07352971601685662,0.09344625834225818,0.08519259633885073,0.25979981547832365
2023-03-23 20:00:00,0.0,0.0,0.0,0.0,0.0,0.0
2023-03-23 21:00:00,0.0,0.0,0.0,0.0,0.0,0.0
2023-03-23 22:00:00,0.0,0.0,0.0,0.0,0.0,0.0
2023-03-23 23:00:00,0.0,0.0,0.0,0.0,0.0,0.0
2023-03-24 00:00:00,0.0,0.0,0.0,0.0,0.0,0.0
2023-03-24 01:00:00,0.0,0.0,0.0,0.0,0.0,0.0
2023-03-24 02:00:00,0.0,0.0,0.0,0.0,0.0,0.0
2023-03-24 03:00:00,0.0,0.0,0.0,0.0,0.0,0.0
2023-03-24 04:00:00,0.0,0.0,0.0,0.0,0.0,0.0
2023-03-24 05:00:00,0.0,0.0,0.0,0.0,0.0,0.0
2023-03-24 06:00:00,0.0,0.0,0.0,0.0,0.0,0.0
2023-03-24 07:00:00,0.0,0.0,0.0,0.0,0.0,0.0
2023-03-24 08:00:00,0.03427804870428135,0.017951235284865665,0.02836250971538557,0.07129772222228874,0.01827111571077569,0.14156054122177789
2023-03-24 09:00:00,0.12330087720799063,0.08898765012712419,0.11077830406662542,0.1602079040524935,0.09282052650363294,0.254869844253995
2023-03-24 10:00:00,0.24926940381397322,0.11768949097036133,0.0964339447568925,0.1917457709092107,0.08091119895060421,0.3646515925367737
2023-03-24 11:00:00,0.3718474811299477,0.20291928827990782,0.1736280354219151,0.2151275533366638,0.16458052019935526,0.42157486228705726
2023-03-24 12:00:00,0.5851680617774724,0.360362441875031,0.30495662469383616,0.3818493751306125,0.2706150998492691,0.4084574981103446
2023-03-24 13:00:00,0.7160744091648121,0.5180332213018773,0.40040183993184253,0.5547629308355104,0.33650059072389593,0.49919197416855604
2023-03-24 14:00:00,0.6660831838290978,0.534823486737415,0.41343140024747294,0.5745858514029412,0.37495047271674287,0.48139007229230285
2023-03-24 15:00:00,0.6956575616753343,0.5760353184825604,0.4849042881711513,0.5647693230390426,0.4571755912394861,0.48453155552723626
2023-03-24 16:00:00,0.6275728671179488,0.5735213718273613,0.4805349800382452,0.5950406201094951,0.43599908778581703,0.5204729110457795
2023-03-24 17:00:00,0.40541356221778924,0.42788677381263973,0.4314256237614583,0.5027946684587883,0.4077327926486079,0.473141466799899
2023-03-24 18:00:00,0.2071369032576406,0.23440608952209968,0.2884123201581603,0.32217557285915915,0.2837111013455152,0.38827238577855955
2023-03-24 19:00:00,0.14147687882504645,0.23595577582904056,0.3240903453351522,0.3947771614295095,0.3046747977304795,0.2834573699675946
2023-03-24 20:00:00,0.0,0.0,0.0,0.0,0.0,0.0
2023-03-24 21:00:00,0.0,0.0,0.0,0.0,0.0,0.0
2023-03-24 22:00:00,0.0,0.0,0.0,0.0,0.0,0.0
2023-03-24 23:00:00,0.0,0.0,0.0,0.0,0.0,0.0
2023-03-25 00:00:00,0.0,0.0,0.0,0.0,0.0,0.0
2023-03-25 01:00:00,0.0,0.0,0.0,0.0,0.0,0.0
2023-03-25 02:00:00,0.0,0.0,0.0,0.0,0.0,0.0
2023-03-25 03:00:00,0.0,0.0,0.0,0.0,0.0,0.0
2023-03-25 04:00:00,0.0,0.0,0.0,0.0,0.0,0.0
2023-03-25 05:00:00,0.0,0.0,0.0,0.0,0.0,0.0
2023-03-25 06:00:00,0.0,0.0,0.0,0.0,0.0,0.0
2023-03-25 07:00:00,0.0,0.0,0.0,0.0,0.0,0.0
2023-03-25 08:00:00,0.27414197521878364,0.22297916614008917,0.20625907721167894,0.22276678284614881,0.2041202884706359,0.2670764176463509
2023-03-25 09:00:00,0.46027172546315925,0.3916070344830441,0.37343444341049264,0.4065156761072096,0.38195960838117854,0.41111400288432115
2023-03-25 10:00:00,0.6186416292313209,0.5546001024530582,0.5193775931852028,0.5688690121636962,0.5247350853095561,0.5763192066948152
2023-03-25 11:00:00,0.7274977865017392,0.7338417387876199,0.6971865571882442,0.6963252902934504,0.712037936829609,0.6452622082408175
2023-03-25 12:00:00,0.5075474438983243,0.5484789269777356,0.5394113365856537,0.4817846022937217,0.5776893457899834,0.5225587355549887
2023-03-25 13:00:00,0.679818173245327,0.6688730891455695,0.6475692298673729,0.684507940442078,0.6402249532843619,0.5366638100438913
2023-03-25 14:00:00,0.7067103801655756,0.7048002772734129,0.7114339603920503,0.7262178496062748,0.6985724506205976,0.5795397412890576
2023-03-25 15:00:00,0.6840385732221963,0.6392441657836992,0.6257624636802679,0.6845648456897112,0.634668237518486,0.5904255562140434
2023-03-25 16:00:00,0.5478635465492354,0.5311057719187755,0.5921598888220283,0.5365110313290883,0.625263389739677,0.5467146005179934
2023-03-25 17:00:00,0.39814144955517805,0.45114557616125606,0.5385636144478793,0.4848508026168827,0.577174664996432,0.47090841114154086
2023-03-25 18:00:00,0.2788860995053872,0.3718164998303182,0.4247595198733703,0.40810033462614115,0.4564718916696154,0.366764089722658
2023-03-25 19:00:00,0.1560365479732027,0.16631182020267035,0.19780429777897815,0.12634824816043091,0.22711234577438666,0.25127518439710367
2023-03-25 20:00:00,0.0,0.0,0.0,0.0,0.0,0.0
2023-03-25 21:00:00,0.0,0.0,0.0,0.0,0.0,0.0
2023-03-25 22:00:00,0.0,0.0,0.0,0.0,0.0,0.0
2023-03-25 23:00:00,0.0,0.0,0.0,0.0,0.0,0.0
2023-03-26 00:00:00,0.0,0.0,0.0,0.0,0.0,0.0
2023-03-26 01:00:00,0.0,0.0,0.0,0.0,0.0,0.0
2023-03-26 02:00:00,0.0,0.0,0.0,0.0,0.0,0.0
2023-03-26 03:00:00,0.0,0.0,0.0,0.0,0.0,0.0
2023-03-26 04:00:00,0.0,0.0,0.0,0.0,0.0,0.0
2023-03-26 05:00:00,0.0,0.0,0.0,0.0,0.0,0.0
2023-03-26 06:00:00,0.0,0.0,0.0,0.0,0.0,0.0
2023-03-26 07:00:00,0.0,0.0,0.0,0.0,0.0,0.0
2023-03-26 08:00:00,0.3030221871358127,0.30190615645141694,0.2830138012309476,0.33932843191002043,0.29550688315295737,0.4129912205055541
2023-03-26 09:00:00,0.45428744921486297,0.5184484293487477,0.4988177460108158,0.5154359276815557,0.5267692813875579,0.5805783205001064
2023-03-26 10:00:00,0.6275441778875782,0.7154051770946419,0.7035351803715388,0.7255544159201781,0.7246174438147986,0.7413938604239093
2023-03-26 11:00:00,0.7038497263670673,0.7600733439504884,0.7735420967634172,0.7561401349413851,0.7965013639537851,0.8366236410095138
2023-03-26 12:00:00,0.6524663931940646,0.6751410133963333,0.6405702279651229,0.6922552555432026,0.6551018320331862,0.7594848134596479
2023-03-26 13:00:00,0.6098397791127038,0.5616222864408424,0.6178893987080382,0.556565319194051,0.6538616394805041,0.754939991300052
2023-03-26 14:00:00,0.64671366011114,0.7107514372813388,0.727524853767842,0.7171562109407534,0.7501576804430269,0.7347535637624076
2023-03-26 15:00:00,0.6096289242310082,0.5778475467903454,0.6395225819072015,0.6349349334338276,0.6719995822424599,0.7936276551269035
2023-03-26 16:00:00,0.5127534200709403,0.5240616309769883,0.6040566893070262,0.5596881027254048,0.6490513252993511,0.6967745252901705
2023-03-26 17:00:00,0.4790749734550491,0.4081520626410039,0.4924907267210933,0.41855156459009024,0.5386007634407434,0.6496309442137868
2023-03-26 18:00:00,0.4153389150219527,0.2916050553326753,0.29217162600361857,0.25972674968066606,0.3280971709362636,0.535486306798502
2023-03-26 19:00:00,0.2661665477350187,0.2317927538801913,0.23450299917141665,0.2313153974146265,0.2547519138532237,0.3691283930603696
2023-03-26 20:00:00,0.0,0.0,0.0,0.0,0.0,0.0
2023-03-26 21:00:00,0.0,0.0,0.0,0.0,0.0,0.0
2023-03-26 22:00:00,0.0,0.0,0.0,0.0,0.0,0.0
2023-03-26 23:00:00,0.0,0.0,0.0,0.0,0.0,0.0
2023-03-27 00:00:00,0.0,0.0,0.0,0.0,0.0,0.0
2023-03-27 01:00:00,0.0,0.0,0.0,0.0,0.0,0.0
2023-03-27 02:00:00,0.0,0.0,0.0,0.0,0.0,0.0
2023-03-27 03:00:00,0.0,0.0,0.0,0.0,0.0,0.0
2023-03-27 04:00:00,0.0,0.0,0.0,0.0,0.0,0.0
2023-03-27 05:00:00,0.0,0.0,0.0,0.0,0.0,0.0
2023-03-27 06:00:00,0.0,0.0,0.0,0.0,0.0,0.0
2023-03-27 07:00:00,0.0,0.0,0.0,0.0,0.0,0.0
2023-03-27 08:00:00,0.4891073445366273,0.45564506374052827,0.4828835202010686,0.4958233156602022,0.4520985157010459,0.47115303636977507
2023-03-27 09:00:00,0.6953965698264959,0.660329516434774,0.6858515230034913,0.6991273416419012,0.6579171550091055,0.668512301271452
2023-03-27 10:00:00,0.7729155570657991,0.7124788641424289,0.757251447256937,0.7798698577037297,0.7393307712151491,0.7586853333667128
2023-03-27 11:00:00,0.7983567477678096,0.7341783583716254,0.7314123048754908,0.7587504270499084,0.7254467959607452,0.7727512835369044
2023-03-27 12:00:00,0.6899569185115579,0.7133587970647688,0.717701234255137,0.6213934058246345,0.7703816259446948,0.7037442821965937
2023-03-27 13:00:00,0.7873141605901212,0.8203081927375966,0.8230844079140739,0.8181808026247921,0.8236403903504373,0.7517332972910166
2023-03-27 14:00:00,0.8216767111419343,0.8195403201191358,0.7899632710949757,0.8204687088352959,0.780364647733077,0.7727303388287083
2023-03-27 15:00:00,0.7242356362955064,0.6485764868820468,0.6487146360013082,0.632191501208558,0.6599511516625081,0.714702936278482
2023-03-27 16:00:00,0.6612060231284193,0.5740037220439048,0.6010308992214989,0.559065497874272,0.6262718316859833,0.658560545836468
2023-03-27 17:00:00,0.574281280787903,0.4891294669201341,0.5468763410726617,0.5016672777654102,0.5707170115105092,0.5646784930263841
2023-03-27 18:00:00,0.5085920863425283,0.4762295503189429,0.5040032639740236,0.4744771453805796,0.5176025640333589,0.544150603674343
2023-03-27 19:00:00,0.38107452629093913,0.23769287745227619,0.2597462430209711,0.22205986476410852,0.2652531450370042,0.34838568615177445
2023-03-27 20:00:00,0.0,0.0,0.0,0.0,0.0,0.0
2023-03-27 21:00:00,0.0,0.0,0.0,0.0,0.0,0.0
2023-03-27 22:00:00,0.0,0.0,0.0,0.0,0.0,0.0
2023-03-27 23:00:00,0.0,0.0,0.0,0.0,0.0,0.0
2023-03-28 00:00:00,0.0,0.0,0.0,0.0,0.0,0.0
2023-03-28 01:00:00,0.0,0.0,0.0,0.0,0.0,0.0
2023-03-28 02:00:00,0.0,0.0,0.0,0.0,0.0,0.0
2023-03-28 03:00:00,0.0,0.0,0.0,0.0,0.0,0.0
2023-03-28 04:00:00,0.0,0.0,0.0,0.0,0.0,0.0
2023-03-28 05:00:00,0.0,0.0,0.0,0.0,0.0,0.0
2023-03-28 06:00:00,0.0,0.0,0.0,0.0,0.0,0.0
2023-03-28 07:00:00,0.0,0.0,0.0,0.0,0.0,0.0
2023-03-28 08:00:00,0.4635781845000057,0.5464047765783442,0.5227087270013345,0.5210200541154991,0.5339243226041861,0.5069710188351042
2023-03-28 09:00:00,0.6824428576702385,0.7471938661639873,0.718386809801613,0.725226462221405,0.7256142361806532,0.697287781945342
2023-03-28 10:00:00,0.7793666148030176,0.8014833239747218,0.7940708111036112,0.8051023725852955,0.8068286934635196,0.8078573458267923
2023-03-28 11:00:00,0.81907593444552,0.8047999644745591,0.8026462736410682,0.7632653520361024,0.8294577097800058,0.8543121808671597
2023-03-28 12:00:00,0.8314487086806601,0.7974288651968471,0.6962458983612507,0.6927653081801508,0.7171774239367779,0.8310903058841731
2023-03-28 13:00:00,0.8109379516327151,0.8364220479641629,0.7689543805642478,0.7742635002342233,0.7964029183533176,0.7826508781961157
2023-03-28 14:00:00,0.7740413556917288,0.8457444094698889,0.7884669372755363,0.7107777709424848,0.8363396736968832,0.7319737313139598
2023-03-28 15:00:00,0.788575239482818,0.8277175979731348,0.7846063651280725,0.700637752443252,0.822206271806386,0.6820452256858849
2023-03-28 16:00:00,0.7234900586009836,0.7771218897002934,0.7259312006601266,0.580376308421322,0.7800794419139185,0.6369224117479976
2023-03-28 17:00:00,0.6720463539299146,0.6675134092664183,0.6723486668694171,0.46372354779410235,0.7412637961157057,0.618899405923812
2023-03-28 18:00:00,0.6152654131655897,0.6780300865147556,0.626391076015993,0.4277546138545145,0.6851166000037273,0.550026436142939
2023-03-28 19:00:00,0.5035071260852757,0.5537929812315324,0.541466361700595,0.5387800943081035,0.5481079427561761,0.4788817131716769
2023-03-28 20:00:00,0.0,0.0,0.0,0.0,0.0,0.0
2023-03-28 21:00:00,0.0,0.0,0.0,0.0,0.0,0.0
2023-03-28 22:00:00,0.0,0.0,0.0,0.0,0.0,0.0
2023-03-28 23:00:00,0.0,0.0,0.0,0.0,0.0,0.0
2023-03-29 00:00:00,0.0,0.0,0.0,0.0,0.0,0.0
2023-03-29 01:00:00,0.0,0.0,0.0,0.0,0.0,0.0
2023-03-29 02:00:00,0.0,0.0,0.0,0.0,0.0,0.0
2023-03-29 03:00:00,0.0,0.0,0.0,0.0,0.0,0.0
2023-03-29 04:00:00,0.0,0.0,0.0,0.0,0.0,0.0
2023-03-29 05:00:00,0.0,0.0,0.0,0.0,0.0,0.0
2023-03-29 06:00:00,0.0,0.0,0.0,0.0,0.0,0.0
2023-03-29 07:00:00,0.0,0.0,0.0,0.0,0.0,0.0
2023-03-29 08:00:00,0.5425199500413447,0.5504168038195966,0.5368033145844021,0.5362973435796069,0.54709339414095,0.5226752238947922
2023-03-29 09:00:00,0.7404710969701837,0.738787908949437,0.7174311369664435,0.7235156490396443,0.7283132385438595,0.7159053314592897
2023-03-29 10:00:00,0.8295144377387663,0.824216838648232,0.8048167750332298,0.8094654938956863,0.8244974930689163,0.8041083770224529
2023-03-29 11:00:00,0.8726604240869842,0.8671275734315996,0.8452047366646375,0.8510928592938453,0.8640932698994492,0.8152266083854925
2023-03-29 12:00:00,0.8905050527444895,0.8734644512442188,0.8366366911935733,0.8588317844142473,0.8522204638699482,0.7794679474931413
2023-03-29 13:00:00,0.8957264557252279,0.8922481161883301,0.8671422863717547,0.8715384604498413,0.8839110336341128,0.7531355203786171
2023-03-29 14:00:00,0.8892197033466323,0.8873859791763348,0.8623384427612036,0.8613710955743409,0.8773643865059467,0.7323940185802318
2023-03-29 15:00:00,0.8675839984459525,0.8648273872480096,0.831244643391504,0.8065871570196858,0.854528860901098,0.6750943357757127
2023-03-29 16:00:00,0.8154422739255939,0.7952870958021749,0.7704283666070357,0.7333859357527939,0.7985890786370679,0.6372258380458301
2023-03-29 17:00:00,0.740774985450635,0.6963501031011794,0.6605716855807326,0.6604395773454068,0.6851123375259078,0.5121596649343618
2023-03-29 18:00:00,0.6352179569862402,0.6535662424955924,0.6207403208449869,0.5787630468818972,0.641483367170988,0.37437558357558365
2023-03-29 19:00:00,0.36949486310734947,0.45798337663634336,0.44964389323462917,0.34304599725992024,0.48334082354886193,0.17197386796580405
2023-03-29 20:00:00,0.0,0.0,0.0,0.0,0.0,0.0
2023-03-29 21:00:00,0.0,0.0,0.0,0.0,0.0,0.0
2023-03-29 22:00:00,0.0,0.0,0.0,0.0,0.0,0.0
2023-03-29 23:00:00,0.0,0.0,0.0,0.0,0.0,0.0
2023-03-30 00:00:00,0.0,0.0,0.0,0.0,0.0,0.0
2023-03-30 01:00:00,0.0,0.0,0.0,0.0,0.0,0.0
2023-03-30 02:00:00,0.0,0.0,0.0,0.0,0.0,0.0
2023-03-30 03:00:00,0.0,0.0,0.0,0.0,0.0,0.0
2023-03-30 04:00:00,0.0,0.0,0.0,0.0,0.0,0.0
2023-03-30 05:00:00,0.0,0.0,0.0,0.0,0.0,0.0
2023-03-30 06:00:00,0.0,0.0,0.0,0.0,0.0,0.0
2023-03-30 07:00:00,0.0,0.0,0.0,0.0,0.0,0.0
2023-03-30 08:00:00,0.47555154938549626,0.48002948741850515,0.4085695285689986,0.4806039909761884,0.4149253849472983,0.5163348504229359
2023-03-30 09:00:00,0.6751326876219302,0.6858400237635579,0.6470323648176963,0.6752396341852748,0.6548433638998318,0.715907670178236
2023-03-30 10:00:00,0.7666336787448645,0.7974092718051107,0.7751480249616506,0.7837302158063963,0.7909460059800906,0.8103426658515612
2023-03-30 11:00:00,0.8426901723938467,0.8508693086793554,0.8289038735886133,0.8363952568319349,0.8396404177450785,0.8587190226019082
2023-03-30 12:00:00,0.8830473996957634,0.8759249557185063,0.8551067691895557,0.8587171368950004,0.8710412242807098,0.8813686365901315
2023-03-30 13:00:00,0.8838406659354088,0.8822520162593643,0.8606189436872616,0.8680994414153753,0.8762949088686292,0.8892352307247858
2023-03-30 14:00:00,0.8563156584026578,0.8706136661682587,0.8501323877512572,0.8454431174707827,0.8715421349937632,0.8834941321456764
2023-03-30 15:00:00,0.790682103365375,0.7814112993378198,0.7806610073040905,0.7100919456526388,0.820533147855362,0.8545213016493491
2023-03-30 16:00:00,0.6424390737979596,0.6745868782196313,0.7222090008069085,0.656784087222527,0.7697704077963516,0.8262455512012546
2023-03-30 17:00:00,0.5676755304525356,0.5483116341770096,0.5692321824945067,0.5174578444949536,0.6019951348606138,0.7606201281772269
2023-03-30 18:00:00,0.5604314710483717,0.5101247131859945,0.6102402310347307,0.6296930849227034,0.5910900544197054,0.7161056990901329
2023-03-30 19:00:00,0.49243716811005894,0.4965582404098432,0.4764930399315191,0.45083727573196436,0.48206958592700616,0.5492097067820211
2023-03-30 20:00:00,0.0,0.0,0.0,0.0,0.0,0.0
2023-03-30 21:00:00,0.0,0.0,0.0,0.0,0.0,0.0
2023-03-30 22:00:00,0.0,0.0,0.0,0.0,0.0,0.0
2023-03-30 23:00:00,0.0,0.0,0.0,0.0,0.0,0.0
2023-03-31 00:00:00,0.0,0.0,0.0,0.0,0.0,0.0
2023-03-31 01:00:00,0.0,0.0,0.0,0.0,0.0,0.0
2023-03-31 02:00:00,0.0,0.0,0.0,0.0,0.0,0.0
2023-03-31 03:00:00,0.0,0.0,0.0,0.0,0.0,0.0
2023-03-31 04:00:00,0.0,0.0,0.0,0.0,0.0,0.0
2023-03-31 05:00:00,0.0,0.0,0.0,0.0,0.0,0.0
2023-03-31 06:00:00,0.0,0.0,0.0,0.0,0.0,0.0
2023-03-31 07:00:00,0.0,0.0,0.0,0.0,0.0,0.0
2023-03-31 08:00:00,0.3834390955176782,0.47171212464267875,0.42126201122756657,0.32473976463018206,0.45689252791595153,0.27975519994447157
2023-03-31 09:00:00,0.5883769400122008,0.6649772879477003,0.6650822956194483,0.6003618283131511,0.6862236092887593,0.40537901212002353
2023-03-31 10:00:00,0.6808255010937296,0.7797144957818963,0.7366354110039709,0.6630699399111345,0.7601912665935602,0.44114507704836914
2023-03-31 11:00:00,0.5884854797878106,0.7784317122496044,0.743149733216249,0.5882525677052327,0.7955061082363787,0.39580918839940965
2023-03-31 12:00:00,0.4086578944405467,0.38431477400687447,0.35020433217262475,0.3387582654491719,0.3533242868884741,0.32623985455157384
2023-03-31 13:00:00,0.4267841253826092,0.4633815974665766,0.41555171011202124,0.34145686549865073,0.43770734796859245,0.34020669354065713
2023-03-31 14:00:00,0.32244880043486296,0.36751827806255044,0.3477673977105006,0.2850188300827351,0.3894009502716846,0.28811029970732654
2023-03-31 15:00:00,0.29480890151837724,0.3537566507815176,0.34299340470508033,0.25293840031843856,0.3867170632167917,0.252760658071217
2023-03-31 16:00:00,0.20503167983908407,0.2093350221244193,0.19936885226882833,0.174358422798432,0.21989278783743962,0.2157933670346401
2023-03-31 17:00:00,0.17278286638058069,0.15941562555442812,0.14051964295475763,0.1235528867716493,0.15411056082214966,0.17883418930342695
2023-03-31 18:00:00,0.08761484748300155,0.08127107260700177,0.06681272102101306,0.057845926528305835,0.0734327199308702,0.12232442616193001
2023-03-31 19:00:00,0.029027836606789786,0.020137415387148107,0.016991150043064226,0.02177889497147655,0.016185723915845746,0.07677848154818893
2023-03-31 20:00:00,0.0,0.0,0.0,0.0,0.0,0.009324914611725727
2023-03-31 21:00:00,0.0,0.0,0.0,0.0,0.0,0.0
2023-03-31 22:00:00,0.0,0.0,0.0,0.0,0.0,0.0
2023-03-31 23:00:00,0.0,0.0,0.0,0.0,0.0,0.0
2023-04-01 00:00:00,0.0,0.0,0.0,0.0,0.0,0.0
2023-04-01 01:00:00,0.0,0.0,0.0,0.0,0.0,0.0
2023-04-01 02:00:00,0.0,0.0,0.0,0.0,0.0,0.0
2023-04-01 03:00:00,0.0,0.0,0.0,0.0,0.0,0.0
2023-04-01 04:00:00,0.0,0.0,0.0,0.0,0.0,0.0
2023-04-01 05:00:00,0.0,0.0,0.0,0.0,0.0,0.0
2023-04-01 06:00:00,0.0,0.0,0.0,0.0,0.0,0.0
2023-04-01 07:00:00,0.0,0.0,0.0,0.0,0.0,0.0
2023-04-01 08:00:00,0.16999653097887513,0.08426219565473016,0.09175819565958568,0.23823580234173788,0.051627687166672445,0.3702526202140731
2023-04-01 09:00:00,0.37049351957580373,0.23898679787026575,0.2668383495519234,0.42711647331200664,0.21058308095639203,0.5543805643226439
2023-04-01 10:00:00,0.463616574800521,0.3379845384785783,0.4073520794628633,0.5689883781177868,0.33744330538299905,0.6700806994689145
2023-04-01 11:00:00,0.5675328498813758,0.44860388442885174,0.4509103402273355,0.6672381343748478,0.3753644348859789,0.6243614408632362
2023-04-01 12:00:00,0.4983739516472684,0.4799086830575988,0.48402040447580763,0.5271968003500586,0.47962910929096014,0.732961750210229
2023-04-01 13:00:00,0.5313654926209168,0.502909688498333,0.4798575935843877,0.524669595846785,0.48072669434689713,0.725205650480516
2023-04-01 14:00:00,0.6236568994551422,0.5732430404137043,0.6023820207753562,0.6548157756048872,0.5845586318413297,0.7579240823221363
2023-04-01 15:00:00,0.597074727404872,0.6712894254919984,0.7265372694074064,0.7186970344539384,0.7119171200149915,0.6893594579889561
2023-04-01 16:00:00,0.5086060195222941,0.48969683859118246,0.5439246726810419,0.42797571534922585,0.5792528176639267,0.618562248522029
2023-04-01 17:00:00,0.5044828996878518,0.42721257556358655,0.40322942880623436,0.3753650774479652,0.43698707050546615,0.5658616215410142
2023-04-01 18:00:00,0.43166827756103304,0.33310514235563665,0.297784767800117,0.476137017395775,0.25791456767752385,0.44242404788511425
2023-04-01 19:00:00,0.33209000097874913,0.2981075478677179,0.31638400765380337,0.40835814821587446,0.2661004135816787,0.24236348576108965
2023-04-01 20:00:00,0.0,0.0,0.0,0.0,0.0,0.04504210445429529
2023-04-01 21:00:00,0.0,0.0,0.0,0.0,0.0,0.0
2023-04-01 22:00:00,0.0,0.0,0.0,0.0,0.0,0.0
2023-04-01 23:00:00,0.0,0.0,0.0,0.0,0.0,0.0
2023-04-02 00:00:00,0.0,0.0,0.0,0.0,0.0,0.0
2023-04-02 01:00:00,0.0,0.0,0.0,0.0,0.0,0.0
2023-04-02 02:00:00,0.0,0.0,0.0,0.0,0.0,0.0
2023-04-02 03:00:00,0.0,0.0,0.0,0.0,0.0,0.0
2023-04-02 04:00:00,0.0,0.0,0.0,0.0,0.0,0.0
2023-04-02 05:00:00,0.0,0.0,0.0,0.0,0.0,0.0
2023-04-02 06:00:00,0.0,0.0,0.0,0.0,0.0,0.0
2023-04-02 07:00:00,0.0,0.0,0.0,0.0,0.0,0.0
2023-04-02 08:00:00,0.43661357491472447,0.562022931975939,0.5428194775633124,0.5041187913461435,0.5657150983451318,0.2969475660782497
2023-04-02 09:00:00,0.6085019422498825,0.7694532255124974,0.7444588456668911,0.7063648325913445,0.7638218808685585,0.4884675847933471
2023-04-02 10:00:00,0.7287410469394614,0.8478177548025627,0.8204834985329164,0.826382316997595,0.8339091393979529,0.6075410761785136
2023-04-02 11:00:00,0.7458305749920976,0.7734908043823501,0.7775363694444019,0.7633017053058283,0.7818824509283855,0.6683743999909464
2023-04-02 12:00:00,0.7591926240825027,0.8056323695046849,0.7956009831584612,0.7782833653552976,0.8086470010395634,0.6651966453370233
2023-04-02 13:00:00,0.715865425855409,0.764455863870963,0.7624807595298138,0.7090429073029518,0.7781542571734243,0.6631306176069096
2023-04-02 14:00:00,0.6678787216066178,0.6976618616991862,0.7258040613941769,0.6792223184893894,0.7479066122972401,0.663513779222906
2023-04-02 15:00:00,0.5723639498831337,0.6131140984030464,0.665933314890822,0.5688783280797809,0.7158831607660128,0.6331953563941976
2023-04-02 16:00:00,0.4670260464382389,0.599387684106636,0.6300937528368934,0.5764072979102449,0.6813196099224379,0.5531012380613677
2023-04-02 17:00:00,0.33455413246636967,0.34003007736079577,0.42158525015974957,0.24154483380363378,0.4872137603582068,0.412529714648538
2023-04-02 18:00:00,0.2132122637940302,0.2518086668878083,0.2710470864027651,0.1696764734538009,0.31204348938333887,0.3019978315121064
2023-04-02 19:00:00,0.08872449020109645,0.10261839474851901,0.16838993472349797,0.06248835559956814,0.21204912366811743,0.1725909352429582
2023-04-02 20:00:00,0.0,0.0,0.0,0.0,0.0,0.012735060463296737
2023-04-02 21:00:00,0.0,0.0,0.0,0.0,0.0,0.0
2023-04-02 22:00:00,0.0,0.0,0.0,0.0,0.0,0.0
2023-04-02 23:00:00,0.0,0.0,0.0,0.0,0.0,0.0
2023-04-03 00:00:00,0.0,0.0,0.0,0.0,0.0,0.0
2023-04-03 01:00:00,0.0,0.0,0.0,0.0,0.0,0.0
2023-04-03 02:00:00,0.0,0.0,0.0,0.0,0.0,0.0
2023-04-03 03:00:00,0.0,0.0,0.0,0.0,0.0,0.0
2023-04-03 04:00:00,0.0,0.0,0.0,0.0,0.0,0.0
2023-04-03 05:00:00,0.0,0.0,0.0,0.0,0.0,0.0
2023-04-03 06:00:00,0.0,0.0,0.0,0.0,0.0,0.0
2023-04-03 07:00:00,0.0,0.0,0.0,0.0,0.0,0.0
2023-04-03 08:00:00,0.2579564422740582,0.3757184180659124,0.42153157611916353,0.4179857669644674,0.43001224098783947,0.41247406654732666
2023-04-03 09:00:00,0.5297404036827121,0.6540976407977918,0.631874795548206,0.6075265422081019,0.6439236376818618,0.6170683740148497
2023-04-03 10:00:00,0.5804290377315507,0.7223941626940181,0.6356257093390919,0.6531183310730511,0.6677925000377715,0.7232353146089472
2023-04-03 11:00:00,0.609194020969622,0.6925523741340057,0.6960515134810522,0.6972222830402367,0.7299398425312074,0.7698947571106186
2023-04-03 12:00:00,0.7121109438042453,0.6630847757765534,0.6441091278887361,0.7035217379601199,0.6382337121164637,0.7867471982079963
2023-04-03 13:00:00,0.6334691197636827,0.49962548056084083,0.5612939566198227,0.5587769437656867,0.5903784030451481,0.7438993646970189
2023-04-03 14:00:00,0.5367785031504494,0.5570061295244514,0.550801405034293,0.5112654346678678,0.6164051011549727,0.7483262692618134
2023-04-03 15:00:00,0.3743719088450873,0.37328768266600465,0.3878777363034867,0.4120548159174263,0.4578996534493635,0.668404453009832
2023-04-03 16:00:00,0.40885495182019865,0.41588487669354374,0.35615663082964844,0.3170916355959144,0.4445359358968995,0.6067636154920891
2023-04-03 17:00:00,0.2830953831542323,0.4025408169581462,0.4153641295822986,0.29410697098729516,0.4924520949522911,0.5140304964236154
2023-04-03 18:00:00,0.2603913521190602,0.3641502866201581,0.33258945120036365,0.3692168557178367,0.3510076688126516,0.3665299351872266
2023-04-03 19:00:00,0.10847689400779334,0.09714378828760066,0.11471602048084675,0.12807736239935186,0.12679074221902936,0.17800056412786933
2023-04-03 20:00:00,0.0,0.0,0.0,0.0,0.0,0.041815908610276606
2023-04-03 21:00:00,0.0,0.0,0.0,0.0,0.0,0.0
2023-04-03 22:00:00,0.0,0.0,0.0,0.0,0.0,0.0
2023-04-03 23:00:00,0.0,0.0,0.0,0.0,0.0,0.0
2023-04-04 00:00:00,0.0,0.0,0.0,0.0,0.0,0.0
2023-04-04 01:00:00,0.0,0.0,0.0,0.0,0.0,0.0
2023-04-04 02:00:00,0.0,0.0,0.0,0.0,0.0,0.0
2023-04-04 03:00:00,0.0,0.0,0.0,0.0,0.0,0.0
2023-04-04 04:00:00,0.0,0.0,0.0,0.0,0.0,0.0
2023-04-04 05:00:00,0.0,0.0,0.0,0.0,0.0,0.0
2023-04-04 06:00:00,0.0,0.0,0.0,0.0,0.0,0.0
2023-04-04 07:00:00,0.0,0.0,0.0,0.0,0.0,0.0
2023-04-04 08:00:00,0.4182710151076344,0.3341551079050217,0.3938137189838609,0.4931752192841607,0.38341068393544075,0.5111130290189213
2023-04-04 09:00:00,0.610685614900814,0.5578913631936468,0.6345486504820321,0.6880983461801712,0.6359209234505351,0.7021458380453521
2023-04-04 10:00:00,0.775180567478441,0.6764596934608478,0.6567000793007609,0.7088513042599491,0.6660811210697201,0.7685345718437041
2023-04-04 11:00:00,0.7339886149434747,0.7467366756534459,0.751996270516341,0.7460023392138158,0.7839263359272707,0.8196040376113217
2023-04-04 12:00:00,0.7390332796323226,0.693799311431733,0.6806799817837212,0.7638579716537099,0.6816554919034556,0.828739312404063
2023-04-04 13:00:00,0.8132059144085235,0.781876259527265,0.7605719699934439,0.7785812927607286,0.7795631093352285,0.8434542572108424
2023-04-04 14:00:00,0.7641759484889606,0.7764327637711979,0.7722342880504255,0.7092136161071123,0.8093643747640523,0.8139811260242797
2023-04-04 15:00:00,0.6312103127081131,0.6831028101050461,0.7136156405779471,0.6197302268347474,0.764412941490407,0.7159434840627014
2023-04-04 16:00:00,0.6190661028314741,0.6678963566748183,0.668182064626053,0.7066028323040114,0.6827483522819546,0.7110909816078304
2023-04-04 17:00:00,0.38346633602261065,0.4877233118644098,0.49971919957789,0.5847059365329503,0.5396668713322531,0.5748647089638395
2023-04-04 18:00:00,0.37158800165228506,0.4611174561722505,0.47231607679174137,0.5587245906785062,0.49337576403394723,0.5047020723355682
2023-04-04 19:00:00,0.2264670053484862,0.3282724179160278,0.3296799147588132,0.340756835299026,0.3427594288358532,0.3108291740821066
2023-04-04 20:00:00,0.0,0.0,0.0,0.0,0.0,0.18379370343812299
2023-04-04 21:00:00,0.0,0.0,0.0,0.0,0.0,0.0
2023-04-04 22:00:00,0.0,0.0,0.0,0.0,0.0,0.0
2023-04-04 23:00:00,0.0,0.0,0.0,0.0,0.0,0.0
2023-04-05 00:00:00,0.0,0.0,0.0,0.0,0.0,0.0
2023-04-05 01:00:00,0.0,0.0,0.0,0.0,0.0,0.0
2023-04-05 02:00:00,0.0,0.0,0.0,0.0,0.0,0.0
2023-04-05 03:00:00,0.0,0.0,0.0,0.0,0.0,0.0
2023-04-05 04:00:00,0.0,0.0,0.0,0.0,0.0,0.0
2023-04-05 05:00:00,0.0,0.0,0.0,0.0,0.0,0.0
2023-04-05 06:00:00,0.0,0.0,0.0,0.0,0.0,0.0
2023-04-05 07:00:00,0.0,0.0,0.0,0.0,0.0,0.0
2023-04-05 08:00:00,0.5557899329290428,0.5940607475160397,0.5749141221584156,0.561496154566751,0.5882377050183565,0.453049347163099
2023-04-05 09:00:00,0.6977759356755022,0.7644460284201545,0.7365069165415487,0.7485573376005257,0.7484254660914252,0.6518779381374535
2023-04-05 10:00:00,0.827001601612627,0.839918454543047,0.8158481647105763,0.8432916991376228,0.8249440680009085,0.7563102089902736
2023-04-05 11:00:00,0.8891899338734557,0.8578770545837736,0.8250994861902337,0.8488570328791777,0.837882396188263,0.8270938702014043
2023-04-05 12:00:00,0.8786913026344728,0.8815011369553654,0.8550986267471021,0.8655429804622905,0.8376327240694189,0.8398105112305156
2023-04-05 13:00:00,0.8881410147914938,0.8872925999461556,0.872283201016275,0.871593717456806,0.8599283299560455,0.8326011376643347
2023-04-05 14:00:00,0.8833533254291542,0.8782582821099258,0.8588954401110269,0.8766005716756483,0.831856666077194,0.8340449919485177
2023-04-05 15:00:00,0.858962309596752,0.8493661349380096,0.834594462061328,0.846897648846186,0.8191800989811208,0.8330355560803991
2023-04-05 16:00:00,0.8360851446907763,0.8023122060991056,0.8014426600633386,0.8230379285686872,0.7830683911178192,0.8230263038735983
2023-04-05 17:00:00,0.724521291119053,0.580009358886173,0.6782882721184402,0.7337257689671548,0.6465875888345112,0.7806596819942943
2023-04-05 18:00:00,0.7421360192740876,0.7152624757775261,0.6714308976837572,0.6967527197723714,0.6602132628961201,0.7117410846911265
2023-04-05 19:00:00,0.5830066053387233,0.5596122946312045,0.536311725145127,0.560707511654886,0.5346439127300364,0.5671183818108438
2023-04-05 20:00:00,0.0,0.0,0.0,0.0,0.0,0.2177182301926224
2023-04-05 21:00:00,0.0,0.0,0.0,0.0,0.0,0.0
2023-04-05 22:00:00,0.0,0.0,0.0,0.0,0.0,0.0
2023-04-05 23:00:00,0.0,0.0,0.0,0.0,0.0,0.0
2023-04-06 00:00:00,0.0,0.0,0.0,0.0,0.0,0.0
2023-04-06 01:00:00,0.0,0.0,0.0,0.0,0.0,0.0
2023-04-06 02:00:00,0.0,0.0,0.0,0.0,0.0,0.0
2023-04-06 03:00:00,0.0,0.0,0.0,0.0,0.0,0.0
2023-04-06 04:00:00,0.0,0.0,0.0,0.0,0.0,0.0
2023-04-06 05:00:00,0.0,0.0,0.0,0.0,0.0,0.0
2023-04-06 06:00:00,0.0,0.0,0.0,0.0,0.0,0.0
2023-04-06 07:00:00,0.0,0.0,0.0,0.0,0.0,0.0
2023-04-06 08:00:00,0.15290058869923678,0.29622128063353503,0.28295236582941147,0.14135597333576122,0.3571805334046992,0.13585187040993005
2023-04-06 09:00:00,0.29674044505502845,0.33241870745103186,0.3185093929635879,0.21534819914207082,0.3905547784122969,0.2152303669894403
2023-04-06 10:00:00,0.3763396536407278,0.418236855455927,0.37859962752552984,0.28320703855828755,0.45061059418142285,0.29485968833923115
2023-04-06 11:00:00,0.44931438357185777,0.5867654140058152,0.5395290913036148,0.43924438463057697,0.6038826036009566,0.3809163455373186
2023-04-06 12:00:00,0.5424323603565498,0.6173647728011338,0.644899552306785,0.48411445710738854,0.6895475388916036,0.477158930504465
2023-04-06 13:00:00,0.5118834725570321,0.5806940055983222,0.6738952521666821,0.5448826279349954,0.7130865886872234,0.5137614653439754
2023-04-06 14:00:00,0.5259394668389227,0.5197561018924067,0.5740304580494606,0.5191980476072204,0.5849114086639117,0.4778045825941239
2023-04-06 15:00:00,0.5127941019311849,0.4865859649644429,0.5355623799320218,0.6434870163922177,0.5039958618112167,0.4967936728649238
2023-04-06 16:00:00,0.4754056208268846,0.4273140269683172,0.4297322410301276,0.5718841452228653,0.38923121418519285,0.42210185705903486
2023-04-06 17:00:00,0.3262967552522399,0.4138488327213387,0.5172598630790575,0.47961558770295576,0.5109155718967893,0.26171705435766984
2023-04-06 18:00:00,0.20465222250335147,0.22997298101239932,0.2967648508944148,0.25524286390127326,0.30505102104317716,0.19590556720404867
2023-04-06 19:00:00,0.06130360388062188,0.12644314784180627,0.20473499337074225,0.11261665894603924,0.22196760038064106,0.08651307171999202
2023-04-06 20:00:00,0.00021591578435542028,0.0,0.0,0.0,0.0,0.01687889169291341
2023-04-06 21:00:00,0.0,0.0,0.0,0.0,0.0,0.0
2023-04-06 22:00:00,0.0,0.0,0.0,0.0,0.0,0.0
2023-04-06 23:00:00,0.0,0.0,0.0,0.0,0.0,0.0
2023-04-07 00:00:00,0.0,0.0,0.0,0.0,0.0,0.0
2023-04-07 01:00:00,0.0,0.0,0.0,0.0,0.0,0.0
2023-04-07 02:00:00,0.0,0.0,0.0,0.0,0.0,0.0
2023-04-07 03:00:00,0.0,0.0,0.0,0.0,0.0,0.0
2023-04-07 04:00:00,0.0,0.0,0.0,0.0,0.0,0.0
2023-04-07 05:00:00,0.0,0.0,0.0,0.0,0.0,0.0
2023-04-07 06:00:00,0.0,0.0,0.0,0.0,0.0,0.0
2023-04-07 07:00:00,0.0,0.0,0.0,0.0,0.0,0.0031999991233329916
2023-04-07 08:00:00,0.015229392258483562,0.016464957366546722,0.016951511741620694,0.034586741661589704,0.014523147477136211,0.0926863168576212
2023-04-07 09:00:00,0.05747149259720314,0.049367449343785,0.05397591082363813,0.07733898080212312,0.054973287326827845,0.22792643670441984
2023-04-07 10:00:00,0.09927226936639505,0.10897231417957967,0.1183826249646734,0.20817857699195808,0.10430266727250728,0.3006766251812765
2023-04-07 11:00:00,0.13454646441915247,0.10923600863505963,0.12893706121754658,0.15511025032183778,0.142099685525377,0.43609384129265805
2023-04-07 12:00:00,0.26104481839259175,0.16318777109294832,0.15797166733698492,0.22158381758193166,0.16451445878284687,0.5426076208069048
2023-04-07 13:00:00,0.31337721879561076,0.18290600721503053,0.2016658372464721,0.34230691277954334,0.18095918530966268,0.5999406038939138
2023-04-07 14:00:00,0.3141195267965099,0.18520716781794727,0.20395892730336626,0.360381734699617,0.18488057938894353,0.6129757848655608
2023-04-07 15:00:00,0.3383766555313542,0.2200970148582662,0.2252704664142636,0.4612786833338902,0.17796068500529158,0.6148923914819584
2023-04-07 16:00:00,0.3345205111304077,0.19773863443461467,0.21398425406981944,0.33574166293323465,0.1926806327136259,0.573784086901301
2023-04-07 17:00:00,0.21859484585154104,0.1302647575318287,0.16959352794950736,0.2112092792530692,0.17654573119465436,0.5006367792544195
2023-04-07 18:00:00,0.2570199182416464,0.1541994514258085,0.20986234365989134,0.1538904222533827,0.21261951760539574,0.4748464822297642
2023-04-07 19:00:00,0.19886973747296138,0.1381188145376521,0.16449902022955756,0.08630899257841179,0.17839049359047351,0.3534482655166751
2023-04-07 20:00:00,0.08422641242736931,0.0,0.0,0.0,0.0,0.25688990099436165
2023-04-07 21:00:00,0.0,0.0,0.0,0.0,0.0,0.0
2023-04-07 22:00:00,0.0,0.0,0.0,0.0,0.0,0.0
2023-04-07 23:00:00,0.0,0.0,0.0,0.0,0.0,0.0
2023-04-08 00:00:00,0.0,0.0,0.0,0.0,0.0,0.0
2023-04-08 01:00:00,0.0,0.0,0.0,0.0,0.0,0.0
2023-04-08 02:00:00,0.0,0.0,0.0,0.0,0.0,0.0
2023-04-08 03:00:00,0.0,0.0,0.0,0.0,0.0,0.0
2023-04-08 04:00:00,0.0,0.0,0.0,0.0,0.0,0.0
2023-04-08 05:00:00,0.0,0.0,0.0,0.0,0.0,0.0
2023-04-08 06:00:00,0.0,0.0,0.0,0.0,0.0,0.0
2023-04-08 07:00:00,0.0,0.0,0.0,0.0,0.050454796191353825,0.00887376850590455
2023-04-08 08:00:00,0.17448584404986078,0.021847239354576622,0.025709730665307906,0.030044090663752594,0.04463032327987619,0.1402956740057293
2023-04-08 09:00:00,0.39982230495279203,0.153036151428377,0.11981778626753893,0.15630389466547082,0.12769985399241884,0.2843574376521824
2023-04-08 10:00:00,0.4492262105183439,0.4235563840071834,0.36611457761912364,0.48651041445146503,0.3630951428505059,0.3599217694918098
2023-04-08 11:00:00,0.3645984065380258,0.4147379328786471,0.34577806244988335,0.36591789810737674,0.37894022871762567,0.3446097153822013
2023-04-08 12:00:00,0.28557619450146554,0.31452122628911505,0.2891817358298105,0.20553404974565256,0.344434860348956,0.2651963107917923
2023-04-08 13:00:00,0.3304646183010254,0.3529013656019614,0.3175989524548006,0.2567823004837614,0.3765090140833415,0.3073115618092266
2023-04-08 14:00:00,0.3403112163188706,0.37636504075842725,0.33217944752160167,0.43138634506570966,0.3335215706225543,0.34889432177506047
2023-04-08 15:00:00,0.257683932392952,0.20923123154091144,0.1757128829304768,0.23608267196008528,0.19145612421956557,0.36025551147085905
2023-04-08 16:00:00,0.2576724459974986,0.2172290158761794,0.22966040481260094,0.25492027614719676,0.24207337513731814,0.36335779583707645
2023-04-08 17:00:00,0.2348624310168783,0.20550069895197878,0.25091101731913334,0.2535877901685454,0.2523484048980493,0.3537319104097452
2023-04-08 18:00:00,0.20091573045896566,0.22773644073765223,0.31845659923707603,0.2535279969580944,0.32374240636109014,0.35238251845540447
2023-04-08 19:00:00,0.1580206004410141,0.2034996010167582,0.22932371835730214,0.17037246115445265,0.2370575078470552,0.26602493269443445
2023-04-08 20:00:00,0.026008109984100355,0.0,0.0,0.03546463862062909,0.0,0.20340039810532193
2023-04-08 21:00:00,0.0,0.0,0.0,0.0,0.0,0.0
2023-04-08 22:00:00,0.0,0.0,0.0,0.0,0.0,0.0
2023-04-08 23:00:00,0.0,0.0,0.0,0.0,0.0,0.0
2023-04-09 00:00:00,0.0,0.0,0.0,0.0,0.0,0.0
2023-04-09 01:00:00,0.0,0.0,0.0,0.0,0.0,0.0
2023-04-09 02:00:00,0.0,0.0,0.0,0.0,0.0,0.0
2023-04-09 03:00:00,0.0,0.0,0.0,0.0,0.0,0.0
2023-04-09 04:00:00,0.0,0.0,0.0,0.0,0.0,0.0
2023-04-09 05:00:00,0.0,0.0,0.0,0.0,0.0,0.0
2023-04-09 06:00:00,0.0,0.0,0.0,0.0,0.0,0.0
2023-04-09 07:00:00,0.012988901591031325,0.02990952001870913,0.029175063883514707,0.0,0.023352570095672476,0.0008274475652380788
2023-04-09 08:00:00,0.14683787789151403,0.15689995871089302,0.10656898894152876,0.20806287293759235,0.08007905611280035,0.16757515766875988
2023-04-09 09:00:00,0.24996849231947482,0.1940467462666405,0.1827889181509223,0.24232947604371216,0.1493013215514981,0.2180544746026338
2023-04-09 10:00:00,0.25623635813651235,0.24400975219731247,0.27272182754535773,0.28064647744886706,0.2598585777728925,0.3093197654695738
2023-04-09 11:00:00,0.4278225069420595,0.3136797582470774,0.35683684891458045,0.3935541356508409,0.3396557690079905,0.43734367778258215
2023-04-09 12:00:00,0.27902785291342724,0.19072153209287573,0.222435805641155,0.29651066913279045,0.20744378587090076,0.3853588075919934
2023-04-09 13:00:00,0.3844668704652252,0.28140024261603475,0.2874974537684272,0.2966766313291222,0.29813636438560304,0.4296508651806825
2023-04-09 14:00:00,0.3628668964770776,0.3157113327647378,0.33262159930767926,0.3154995493659282,0.33256812072030695,0.33250659913457536
2023-04-09 15:00:00,0.2589302681430674,0.22897322620230187,0.27919413483084266,0.23788227345989899,0.28522680981440196,0.2660045853014203
2023-04-09 16:00:00,0.19089854756710126,0.2599719048144473,0.29294644006510084,0.3581450502068454,0.2761358479050748,0.26428974931030713
2023-04-09 17:00:00,0.11122237603089846,0.14650388185961932,0.18976773544732561,0.17867774647749948,0.19854802136409622,0.20344160088858032
2023-04-09 18:00:00,0.06730903790498999,0.10190550764708235,0.14945017141055933,0.11711828821930732,0.1581955600356562,0.13826957559593092
2023-04-09 19:00:00,0.05515389867685006,0.06798140922264463,0.09255540184084236,0.13265472351744018,0.07614690486391462,0.06960292304673774
2023-04-09 20:00:00,0.012804656839386088,0.0,0.0,0.07288604754655166,0.0,0.03489768180321427
2023-04-09 21:00:00,0.0,0.0,0.0,0.0,0.0,0.0
2023-04-09 22:00:00,0.0,0.0,0.0,0.0,0.0,0.0
2023-04-09 23:00:00,0.0,0.0,0.0,0.0,0.0,0.0
2023-04-10 00:00:00,0.0,0.0,0.0,0.0,0.0,0.0
2023-04-10 01:00:00,0.0,0.0,0.0,0.0,0.0,0.0
2023-04-10 02:00:00,0.0,0.0,0.0,0.0,0.0,0.0
2023-04-10 03:00:00,0.0,0.0,0.0,0.0,0.0,0.0
2023-04-10 04:00:00,0.0,0.0,0.0,0.0,0.0,0.0
2023-04-10 05:00:00,0.0,0.0,0.0,0.0,0.0,0.0
2023-04-10 06:00:00,0.0,0.0,0.0,0.0,0.0,0.0
2023-04-10 07:00:00,0.015566558658977377,0.004905945483681982,0.007434469102263291,0.039307566054386144,0.0028652553510215275,0.06536722669301723
2023-04-10 08:00:00,0.02582206241706385,0.01450195433933685,0.02259695244088303,0.03768353916713007,0.01921066287980277,0.2037417630490068
2023-04-10 09:00:00,0.03434102579480751,0.02288325809151508,0.03306730317404207,0.03709830843894682,0.033783012466784355,0.11177705823872444
2023-04-10 10:00:00,0.06097568158823716,0.03523812024841538,0.04657972757303861,0.06268358562189957,0.044736221170209235,0.17705102633945116
2023-04-10 11:00:00,0.1279567129023297,0.0653149134449297,0.07246685994420962,0.11478672521497636,0.05925148407126801,0.2849079042673567
2023-04-10 12:00:00,0.15567416834321943,0.09935697127327088,0.1140636020615246,0.17741318289728886,0.09996667431504133,0.3215257123905971
2023-04-10 13:00:00,0.16633713204446685,0.08098688422690005,0.0686988364280176,0.13318006011658923,0.05584707092575547,0.33622993061509077
2023-04-10 14:00:00,0.13943636030387174,0.06874417010571718,0.06880397080189109,0.11439627627224463,0.06580642858371975,0.32522223648025556
2023-04-10 15:00:00,0.1630298820630178,0.06266600037030075,0.05936525325312783,0.11727574279393671,0.049860132366380344,0.32592283356995444
2023-04-10 16:00:00,0.14593774422050584,0.089672293698958,0.09706341896947934,0.13719754026336817,0.08480363566473084,0.25751288477365336
2023-04-10 17:00:00,0.1223494868256695,0.07334767690436285,0.06679995181718007,0.0799215109844714,0.06505650563763538,0.20588888359985222
2023-04-10 18:00:00,0.05136601049705941,0.0288792131278095,0.020417102389555124,0.03833039489353117,0.02033792514286785,0.11275128699754786
2023-04-10 19:00:00,0.016252587724173165,0.004850388470960741,0.0025026538477736144,0.010555911933946767,0.0019130117535886457,0.057150477278418356
2023-04-10 20:00:00,0.0020679479174977263,0.0,0.0,0.0,0.0,0.03456568320686582
2023-04-10 21:00:00,0.0,0.0,0.0,0.0,0.0,0.0
2023-04-10 22:00:00,0.0,0.0,0.0,0.0,0.0,0.0
2023-04-10 23:00:00,0.0,0.0,0.0,0.0,0.0,0.0
2023-04-11 00:00:00,0.0,0.0,0.0,0.0,0.0,0.0
2023-04-11 01:00:00,0.0,0.0,0.0,0.0,0.0,0.0
2023-04-11 02:00:00,0.0,0.0,0.0,0.0,0.0,0.0
2023-04-11 03:00:00,0.0,0.0,0.0,0.0,0.0,0.0
2023-04-11 04:00:00,0.0,0.0,0.0,0.0,0.0,0.0
2023-04-11 05:00:00,0.0,0.0,0.0,0.0,0.0,0.0
2023-04-11 06:00:00,0.0,0.0,0.0,0.0,0.0,0.0
2023-04-11 07:00:00,0.02005033946130778,0.017419379947706124,0.027452792519954892,0.031619103175499715,0.0237341372408678,0.07716848377165082
2023-04-11 08:00:00,0.17361188343740888,0.14014160897186423,0.1269332794234054,0.14901344480307177,0.11292932331770447,0.14890272679602826
2023-04-11 09:00:00,0.32140003903802505,0.16575849770110118,0.17012770217434084,0.3094610530840847,0.12175538500101693,0.36212586756077775
2023-04-11 10:00:00,0.37025373682222923,0.18097027806042582,0.16773714529663455,0.27876420831457094,0.12987959312299438,0.4301587734811987
2023-04-11 11:00:00,0.5181876433556237,0.2535063244408497,0.30026724857609044,0.4830914623354503,0.22278585535908915,0.5731579382361619
2023-04-11 12:00:00,0.683325354284625,0.5537003568408553,0.503993870501725,0.6757373614561726,0.4277861968316435,0.7118340705968437
2023-04-11 13:00:00,0.6914661771286228,0.6447680398320741,0.5747712932106391,0.647979955447198,0.5416737420767332,0.7050674134987441
2023-04-11 14:00:00,0.6172725140832761,0.614870281650565,0.5945939442237697,0.4831274530431352,0.6235543089180584,0.5960194811412926
2023-04-11 15:00:00,0.4838838081252644,0.5053820675522608,0.5512902139182204,0.45413338429010336,0.60823047111941,0.5050739140213324
2023-04-11 16:00:00,0.5602261888069242,0.31183746051511946,0.2611324365408478,0.3536132258708452,0.2653381461906676,0.4339295816048212
2023-04-11 17:00:00,0.6441611659101805,0.3696996006052582,0.34148407224336774,0.6037611166280464,0.24388845792805916,0.4787112823801523
2023-04-11 18:00:00,0.5992215609973071,0.3567536510632262,0.2871571962860507,0.5660881893760084,0.17699451691061355,0.45914706214988005
2023-04-11 19:00:00,0.5181704626554493,0.4428907007235524,0.3238181821204111,0.49069545968709644,0.254203673334774,0.3644241119394087
2023-04-11 20:00:00,0.37756059051263097,0.3992324698001548,0.337749808734278,0.3901068527572652,0.3110478226482172,0.2605193051456367
2023-04-11 21:00:00,0.0,0.0,0.0,0.0,0.0,0.0
2023-04-11 22:00:00,0.0,0.0,0.0,0.0,0.0,0.0
2023-04-11 23:00:00,0.0,0.0,0.0,0.0,0.0,0.0
2023-04-12 00:00:00,0.0,0.0,0.0,0.0,0.0,0.0
2023-04-12 01:00:00,0.0,0.0,0.0,0.0,0.0,0.0
2023-04-12 02:00:00,0.0,0.0,0.0,0.0,0.0,0.0
2023-04-12 03:00:00,0.0,0.0,0.0,0.0,0.0,0.0
2023-04-12 04:00:00,0.0,0.0,0.0,0.0,0.0,0.0
2023-04-12 05:00:00,0.0,0.0,0.0,0.0,0.0,0.0
2023-04-12 06:00:00,0.0,0.0,0.0,0.0,0.0,0.0
2023-04-12 07:00:00,0.3710925691531713,0.2193812780636922,0.10915614753894941,0.2055727369188314,0.0776217392999078,0.14243848251617586
2023-04-12 08:00:00,0.5208996124390478,0.3629692580319187,0.2068163613586678,0.34544474701178624,0.16224659302912675,0.25496768673162423
2023-04-12 09:00:00,0.6522283890041807,0.4039604247389493,0.2734003885853293,0.40749090464471177,0.2376398311337001,0.35485919350846323
2023-04-12 10:00:00,0.6872108023953741,0.4536315591761569,0.31818031059762303,0.34857246668105735,0.3117100303312483,0.38914009212099676
2023-04-12 11:00:00,0.6488245983079648,0.49418016801460063,0.3837301948897225,0.44019767603559956,0.38519965747057533,0.49269753884415723
2023-04-12 12:00:00,0.7710113594454602,0.6372700537212608,0.5532690728046545,0.7187293752671966,0.5206966720365032,0.6195454043335521
2023-04-12 13:00:00,0.7411699293205606,0.6340839928384365,0.5878552402239071,0.7648230303543067,0.5467992561402883,0.668894053008708
2023-04-12 14:00:00,0.711407312172693,0.5997494173966993,0.6516837654817129,0.7659466814185649,0.6251922225661212,0.7102727332583649
2023-04-12 15:00:00,0.6092479141023399,0.5907112025613223,0.5685578814774122,0.6846310683767208,0.5670057687346329,0.7765134137009304
2023-04-12 16:00:00,0.4775396638166254,0.5033836081579725,0.5638657848770033,0.6019970796827548,0.5833969463468518,0.7677733320197297
2023-04-12 17:00:00,0.405262037936605,0.4026702540124901,0.5120175706028507,0.5043880247733952,0.5330235204313968,0.6872974384929587
2023-04-12 18:00:00,0.3661357152304257,0.38442021038427565,0.48292299218601603,0.48858679712181297,0.5009406313375933,0.6145780342309339
2023-04-12 19:00:00,0.269995334075351,0.28751077318249885,0.3747457081573523,0.27457823510898327,0.4150648351612209,0.45324105038133367
2023-04-12 20:00:00,0.2509879104082839,0.24986775348227933,0.25822061937324114,0.16451038569622636,0.282965990809238,0.2890804254479592
2023-04-12 21:00:00,0.0,0.0,0.0,0.0,0.0,0.0
2023-04-12 22:00:00,0.0,0.0,0.0,0.0,0.0,0.0
2023-04-12 23:00:00,0.0,0.0,0.0,0.0,0.0,0.0
2023-04-13 00:00:00,0.0,0.0,0.0,0.0,0.0,0.0
2023-04-13 01:00:00,0.0,0.0,0.0,0.0,0.0,0.0
2023-04-13 02:00:00,0.0,0.0,0.0,0.0,0.0,0.0
2023-04-13 03:00:00,0.0,0.0,0.0,0.0,0.0,0.0
2023-04-13 04:00:00,0.0,0.0,0.0,0.0,0.0,0.0
2023-04-13 05:00:00,0.0,0.0,0.0,0.0,0.0,0.0
2023-04-13 06:00:00,0.0,0.0,0.0,0.0,0.0,0.0
2023-04-13 07:00:00,0.20758209413526268,0.33538254898349373,0.3575363560093619,0.24351720198904125,0.3927612337859647,0.16128323982575263
2023-04-13 08:00:00,0.325744814542699,0.533460663841033,0.527092066795483,0.3764740902203467,0.5757310291604792,0.27503247689357535
2023-04-13 09:00:00,0.49959600249815683,0.6111954197114176,0.5787267184553695,0.5055249939661354,0.6310691742343986,0.4600119413229191
2023-04-13 10:00:00,0.6368909722876932,0.6891493640956033,0.6738717357428434,0.6084387580818553,0.7185400953884912,0.6028938430069254
2023-04-13 11:00:00,0.6581770581409332,0.6916898540044002,0.6914073760628284,0.6439566233133621,0.7344396654961095,0.6286545843654112
2023-04-13 12:00:00,0.6870891479853687,0.7179193979473071,0.6865095186412062,0.6584618105453265,0.71823441492893,0.6246351253624491
2023-04-13 13:00:00,0.7052398300759208,0.71939337182888,0.696384943845308,0.6762378410650246,0.7228634650353123,0.6530911958944685
2023-04-13 14:00:00,0.6671746655332457,0.6984448834878434,0.682981736863194,0.66009624961648,0.7076433878402836,0.6594804411397696
2023-04-13 15:00:00,0.5981760319102797,0.7236892201523732,0.702421339919807,0.6304137722006319,0.7417497430562221,0.6451995506343914
2023-04-13 16:00:00,0.4971282964638301,0.6181507673011942,0.5786558452396503,0.5254507319023297,0.6159925955162563,0.576089874709075
2023-04-13 17:00:00,0.4500744343692994,0.5522309906369273,0.5528718797673654,0.47557763752876236,0.5800764104253872,0.5469596990546521
2023-04-13 18:00:00,0.3710019902368786,0.4379384955877669,0.44705337540545703,0.4109759046060031,0.46599077005584216,0.4736042532595313
2023-04-13 19:00:00,0.23037122190243145,0.18839559196248842,0.15099069968984818,0.14654522659381677,0.18074156748128245,0.2786682947608133
2023-04-13 20:00:00,0.18643157041782513,0.11712941115197047,0.13268005743900788,0.10642322917519328,0.14065947772890816,0.21480435169699505
2023-04-13 21:00:00,0.0,0.0,0.0,0.0,0.0,0.0
2023-04-13 22:00:00,0.0,0.0,0.0,0.0,0.0,0.0
2023-04-13 23:00:00,0.0,0.0,0.0,0.0,0.0,0.0
2023-04-14 00:00:00,0.0,0.0,0.0,0.0,0.0,0.0
2023-04-14 01:00:00,0.0,0.0,0.0,0.0,0.0,0.0
2023-04-14 02:00:00,0.0,0.0,0.0,0.0,0.0,0.0
2023-04-14 03:00:00,0.0,0.0,0.0,0.0,0.0,0.0
2023-04-14 04:00:00,0.0,0.0,0.0,0.0,0.0,0.0
2023-04-14 05:00:00,0.0,0.0,0.0,0.0,0.0,0.0
2023-04-14 06:00:00,0.0,0.0,0.0,0.0,0.0,0.0
2023-04-14 07:00:00,0.3776701486257082,0.3602983695228763,0.3404217862594334,0.38456077626248136,0.33425958107745607,0.4370309351545
2023-04-14 08:00:00,0.5679471287754332,0.5541688751563913,0.5174622392022852,0.5722821279003517,0.5114035994941768,0.6157462297377775
2023-04-14 09:00:00,0.7316502441971454,0.7164239264915336,0.6880654054202049,0.7300247432939867,0.6902216091838242,0.764539271998854
2023-04-14 10:00:00,0.8178188035335024,0.7950772915385166,0.7443736877998925,0.7442987284073525,0.7586504898613071,0.7973415807209097
2023-04-14 11:00:00,0.7790221920295064,0.7570333733765271,0.7472932950801829,0.7661729444553855,0.762004004567217,0.8147323725493242
2023-04-14 12:00:00,0.7400355316161777,0.7464076700433528,0.746939729714421,0.7614080932650946,0.7648161041180316,0.76507310281645
2023-04-14 13:00:00,0.7368346479035823,0.7907202438503256,0.7661999398265781,0.7224526337034471,0.7937162035619535,0.7161216824679278
2023-04-14 14:00:00,0.6700076214828753,0.7100923900386313,0.6990506903812289,0.6605207365366998,0.7285393084791437,0.677335615705116
2023-04-14 15:00:00,0.6353739707500692,0.6682090300125307,0.6661804785727196,0.6077372877282559,0.6929903259178094,0.6275249556660086
2023-04-14 16:00:00,0.577250520867269,0.6289465761139141,0.6186339619756778,0.6877119724704703,0.6230848524773561,0.5706934348904821
2023-04-14 17:00:00,0.537803329308288,0.5570609507231274,0.5122799121846028,0.6078426370034293,0.5322748597512275,0.491387338770201
2023-04-14 18:00:00,0.47387242460874596,0.5422563001199163,0.5773025395717024,0.5007610805770977,0.6177776417429109,0.47697264657432437
2023-04-14 19:00:00,0.5364096847490221,0.5113199721611226,0.5290285343710089,0.468711532414891,0.5329497229965858,0.4919892750535203
2023-04-14 20:00:00,0.4096359946516056,0.35129118779510565,0.3484060499764724,0.33429032888634286,0.34383689248077814,0.42268594493288386
2023-04-14 21:00:00,0.0,0.0,0.0,0.0,0.0,0.0
2023-04-14 22:00:00,0.0,0.0,0.0,0.0,0.0,0.0
2023-04-14 23:00:00,0.0,0.0,0.0,0.0,0.0,0.0
2023-04-15 00:00:00,0.0,0.0,0.0,0.0,0.0,0.0
2023-04-15 01:00:00,0.0,0.0,0.0,0.0,0.0,0.0
2023-04-15 02:00:00,0.0,0.0,0.0,0.0,0.0,0.0
2023-04-15 03:00:00,0.0,0.0,0.0,0.0,0.0,0.0
2023-04-15 04:00:00,0.0,0.0,0.0,0.0,0.0,0.0
2023-04-15 05:00:00,0.0,0.0,0.0,0.0,0.0,0.0
2023-04-15 06:00:00,0.0,0.0,0.0,0.0,0.0,0.0
2023-04-15 07:00:00,0.39106339601743023,0.4054028314770879,0.39446533600717926,0.3386234100111672,0.41510025829183334,0.22427478276118154
2023-04-15 08:00:00,0.5842924415541801,0.6014256921620842,0.585572830836208,0.4880321255281044,0.622092789348629,0.26931636516363044
2023-04-15 09:00:00,0.7130131505478189,0.7276643793121724,0.7060665030148097,0.6183225051911825,0.7429120272812124,0.3587731150405651
2023-04-15 10:00:00,0.8092015569950409,0.7999616667329653,0.7664096149258032,0.7317162275146996,0.7928988405462887,0.4981807426468092
2023-04-15 11:00:00,0.7762728524558942,0.8319810273117113,0.8188406971944275,0.8087088357527968,0.8451575346384695,0.5251327149057592
2023-04-15 12:00:00,0.6453205696593918,0.7038678891050186,0.7159595306220902,0.6378059449488606,0.7335971518379605,0.48238318584977763
2023-04-15 13:00:00,0.5694688149565276,0.6154563740247013,0.6254861296092006,0.5006602647772552,0.6618344127664361,0.46106740910204436
2023-04-15 14:00:00,0.45880341615792986,0.49243936513189784,0.46703784332234716,0.3752416654275826,0.4914576928606881,0.3780819389263954
2023-04-15 15:00:00,0.31778616548755895,0.3303523989486147,0.28007263499183027,0.29673917254345616,0.2887075542651206,0.32865252965257447
2023-04-15 16:00:00,0.21006518298188914,0.20552884182665024,0.19290514942534215,0.20021635666200235,0.21053577660777004,0.24850723603497563
2023-04-15 17:00:00,0.13319883560423135,0.12592373031205603,0.10804354557845697,0.12313902244677133,0.12259705568279103,0.1936730281331832
2023-04-15 18:00:00,0.10187731946745171,0.09292601581180614,0.08832894839618777,0.09353220168671776,0.10218137279279825,0.1852480066638879
2023-04-15 19:00:00,0.08157557089893698,0.042228328355938156,0.03726399633409557,0.06257920793593882,0.0412064983143943,0.18958034623300746
2023-04-15 20:00:00,0.11495443452556948,0.05140044666116938,0.06220506220642819,0.1569822726325651,0.030752681620200006,0.17306040329069086
2023-04-15 21:00:00,0.0,0.0,0.0,0.0,0.0,0.0
2023-04-15 22:00:00,0.0,0.0,0.0,0.0,0.0,0.0
2023-04-15 23:00:00,0.0,0.0,0.0,0.0,0.0,0.0
2023-04-16 00:00:00,0.0,0.0,0.0,0.0,0.0,0.0
2023-04-16 01:00:00,0.0,0.0,0.0,0.0,0.0,0.0
2023-04-16 02:00:00,0.0,0.0,0.0,0.0,0.0,0.0
2023-04-16 03:00:00,0.0,0.0,0.0,0.0,0.0,0.0
2023-04-16 04:00:00,0.0,0.0,0.0,0.0,0.0,0.0
2023-04-16 05:00:00,0.0,0.0,0.0,0.0,0.0,0.0
2023-04-16 06:00:00,0.0,0.0,0.0,0.0,0.0,0.0
2023-04-16 07:00:00,0.21289549316546108,0.2867916097494223,0.3064540653155026,0.22071167705932165,0.3307258756152097,0.23517359257822712
2023-04-16 08:00:00,0.3611753062133052,0.5097659515856583,0.4954206298632581,0.44015375919405525,0.5252246529365703,0.3280774194029903
2023-04-16 09:00:00,0.4470088666929819,0.5782590482773633,0.5897864325982773,0.4195321480476443,0.6528769607055305,0.38327188727586176
2023-04-16 10:00:00,0.6019750035635825,0.6748109950358357,0.6553952827187622,0.5137801277643166,0.7050512343792835,0.4726173591825658
2023-04-16 11:00:00,0.5528645461293699,0.6293569109780582,0.6106433720833253,0.4736310276980538,0.6716879162783612,0.4592070280779421
2023-04-16 12:00:00,0.44529127353646647,0.49075841751561483,0.4660471425831829,0.5256411623936681,0.4885652705162407,0.4392505875685524
2023-04-16 13:00:00,0.3292922458360733,0.37379308721864657,0.38477100160993205,0.41375619977871986,0.4027542472602585,0.3901710638023533
2023-04-16 14:00:00,0.1977739049059771,0.17439010221961548,0.19257010213905354,0.26363164423685137,0.19897157646491853,0.37147553673552564
2023-04-16 15:00:00,0.16310150010021052,0.14519646395664576,0.14167358793312618,0.18678545520543058,0.14568398995345194,0.3349552267886629
2023-04-16 16:00:00,0.1506272656554312,0.09726687268364491,0.08945249225652256,0.10874834450489046,0.09441489748095237,0.24140714449227654
2023-04-16 17:00:00,0.1307498188716256,0.08512237784275961,0.09130673742368302,0.11260864900329792,0.09109769053535431,0.1706605365123519
2023-04-16 18:00:00,0.10342960415595442,0.03592472151635179,0.025950103735701575,0.042228609463732816,0.025582320501652604,0.15001991378960078
2023-04-16 19:00:00,0.16346979874823164,0.057631617903497113,0.023407187106224563,0.029897100618345367,0.02852513159845091,0.15064449006918573
2023-04-16 20:00:00,0.22608338752559787,0.10927624468361095,0.06167641999931138,0.0659498618426871,0.047844168010632966,0.160193433321715
2023-04-16 21:00:00,0.0,0.0,0.0,0.0,0.0,0.0
2023-04-16 22:00:00,0.0,0.0,0.0,0.0,0.0,0.0
2023-04-16 23:00:00,0.0,0.0,0.0,0.0,0.0,0.0
2023-04-17 00:00:00,0.0,0.0,0.0,0.0,0.0,0.0
2023-04-17 01:00:00,0.0,0.0,0.0,0.0,0.0,0.0
2023-04-17 02:00:00,0.0,0.0,0.0,0.0,0.0,0.0
2023-04-17 03:00:00,0.0,0.0,0.0,0.0,0.0,0.0
2023-04-17 04:00:00,0.0,0.0,0.0,0.0,0.0,0.0
2023-04-17 05:00:00,0.0,0.0,0.0,0.0,0.0,0.0
2023-04-17 06:00:00,0.0,0.0,0.0,0.0,0.0,0.0
2023-04-17 07:00:00,0.4186545976419247,0.3192593814124998,0.23536002594523103,0.36632321355984926,0.19169602336868927,0.357101173091285
2023-04-17 08:00:00,0.6172718050618123,0.6067021182332235,0.570976961106824,0.631563101552796,0.5222284200354896,0.5977606170919972
2023-04-17 09:00:00,0.7988424923048268,0.7857933087547472,0.7535207458476727,0.7820112146564936,0.7378275683391687,0.7384562136680308
2023-04-17 10:00:00,0.8342048751507579,0.8265447079088046,0.809875094180713,0.8308669466903792,0.8158045170791433,0.7688523607669236
2023-04-17 11:00:00,0.8246155857091192,0.8272674023405958,0.7881756633038012,0.8149771000117875,0.7869824568594944,0.7552438295627241
2023-04-17 12:00:00,0.8259978927258954,0.8781385865143829,0.873061527458712,0.8697029269057913,0.8873719659740316,0.8028416126411542
2023-04-17 13:00:00,0.8237106793311962,0.8857597072069803,0.8800237183787789,0.8785729607507744,0.8929737944524048,0.7853194545114396
2023-04-17 14:00:00,0.8195609914046184,0.8668507498854294,0.8511078336306849,0.8391711351020665,0.8674659782560156,0.7413549172503097
2023-04-17 15:00:00,0.729796959380454,0.8595510380368845,0.8619341134671518,0.8494091786752892,0.8772741675047541,0.6922214371271191
2023-04-17 16:00:00,0.6516446356860577,0.8171212437318235,0.806858771496298,0.8188902689079626,0.8298342807496055,0.6291061654286684
2023-04-17 17:00:00,0.48907501007947357,0.6786617346311802,0.7249774009515689,0.6826440011676375,0.760509688192602,0.48559869781493353
2023-04-17 18:00:00,0.24073813518381626,0.25341655192351403,0.32905779214501735,0.4039193419448941,0.3584339439133225,0.32024043457236434
2023-04-17 19:00:00,0.12366437602632666,0.10807353001954477,0.0945335021963746,0.13346231065366373,0.10644937528732773,0.1555511670181469
2023-04-17 20:00:00,0.03101471913703291,0.03476159607755193,0.03746210772024164,0.01931519174789772,0.036401898946804116,0.0530988194073968
2023-04-17 21:00:00,0.0,0.0,0.0,0.0,0.0,0.0
2023-04-17 22:00:00,0.0,0.0,0.0,0.0,0.0,0.0
2023-04-17 23:00:00,0.0,0.0,0.0,0.0,0.0,0.0
2023-04-18 00:00:00,0.0,0.0,0.0,0.0,0.0,0.0
2023-04-18 01:00:00,0.0,0.0,0.0,0.0,0.0,0.0
2023-04-18 02:00:00,0.0,0.0,0.0,0.0,0.0,0.0
2023-04-18 03:00:00,0.0,0.0,0.0,0.0,0.0,0.0
2023-04-18 04:00:00,0.0,0.0,0.0,0.0,0.0,0.0
2023-04-18 05:00:00,0.0,0.0,0.0,0.0,0.0,0.0
2023-04-18 06:00:00,0.0,0.0,0.0,0.0,0.0,0.0
2023-04-18 07:00:00,0.08264448709535747,0.002802728857029938,0.0019738184201871,0.007710830467109646,0.002534984623576848,0.07218080624246713
2023-04-18 08:00:00,0.2563814822313458,0.04235863986434206,0.04125388784972601,0.09868719845146391,0.03641645322698567,0.22985458313865414
2023-04-18 09:00:00,0.557833232409975,0.2524473056504688,0.1701389484821986,0.2754810244789944,0.1295982076981124,0.40966402957774517
2023-04-18 10:00:00,0.6878718793446469,0.4173395664293772,0.3232686830255995,0.5491365887408342,0.2391942829361683,0.5616094822866066
2023-04-18 11:00:00,0.7321939909472238,0.5170908877154224,0.4813979213364541,0.7030856822005894,0.395118565697687,0.6876917682266693
2023-04-18 12:00:00,0.6859049093470858,0.4613361998146244,0.4246946187554336,0.5052278909345289,0.41787904035505763,0.6638223743327646
2023-04-18 13:00:00,0.7166982002089616,0.6114934180041749,0.52491653374019,0.5655098744763077,0.5317024154812434,0.6946884106542511
2023-04-18 14:00:00,0.5651524407216229,0.5450770992590731,0.5081448365835814,0.6035663744389008,0.5092840304088799,0.6656404483948352
2023-04-18 15:00:00,0.5146875767573597,0.517330362767705,0.5293653324097779,0.5155004855127362,0.5497367447100298,0.6421674347243318
2023-04-18 16:00:00,0.517104464673559,0.49339216619682474,0.4235952028149459,0.43425172802567036,0.44114947289662443,0.5866901110101241
2023-04-18 17:00:00,0.3823244113212138,0.29569742467232385,0.3180985123071323,0.2339852376267458,0.36093057399438383,0.5141179021997797
2023-04-18 18:00:00,0.28886490451981384,0.20365353134779599,0.27056481561464557,0.25628967661623686,0.2878460637438386,0.39539609374964296
2023-04-18 19:00:00,0.30075717401906,0.08591118913392325,0.06617716972875724,0.16538320735250128,0.05319929834832558,0.28595864153114864
2023-04-18 20:00:00,0.197337072145893,0.08241637490977965,0.061433145292795394,0.1561601085826321,0.020762000753024173,0.1979029237874075
2023-04-18 21:00:00,0.0,0.0,0.0,0.0,0.0,0.0
2023-04-18 22:00:00,0.0,0.0,0.0,0.0,0.0,0.0
2023-04-18 23:00:00,0.0,0.0,0.0,0.0,0.0,0.0
2023-04-19 00:00:00,0.0,0.0,0.0,0.0,0.0,0.0
2023-04-19 01:00:00,0.0,0.0,0.0,0.0,0.0,0.0
2023-04-19 02:00:00,0.0,0.0,0.0,0.0,0.0,0.0
2023-04-19 03:00:00,0.0,0.0,0.0,0.0,0.0,0.0
2023-04-19 04:00:00,0.0,0.0,0.0,0.0,0.0,0.0
2023-04-19 05:00:00,0.0,0.0,0.0,0.0,0.0,0.0
2023-04-19 06:00:00,0.0,0.0,0.0,0.0,0.0,0.0
2023-04-19 07:00:00,0.38978381078414864,0.2965533001840402,0.24380724962370723,0.3567557400506501,0.19649587752902867,0.3374855221566135
2023-04-19 08:00:00,0.591980181994865,0.5264947663881725,0.44832379960155844,0.5839992156366703,0.39557692768596336,0.5401885998511878
2023-04-19 09:00:00,0.744067853040732,0.6861925835883169,0.604095525782139,0.7247343737542985,0.5701307545520219,0.6909794304966543
2023-04-19 10:00:00,0.775839661684146,0.7437312878861444,0.6914664876311221,0.733676904960818,0.6962005705737712,0.7653358121826066
2023-04-19 11:00:00,0.7713615012305257,0.7440989828655178,0.7321372017337815,0.7376104357184972,0.732243176414488,0.7735092052930372
2023-04-19 12:00:00,0.7603806515813348,0.7798186059732874,0.7688439634979654,0.786448656157666,0.7800459336928761,0.7892363583157852
2023-04-19 13:00:00,0.7717088972702894,0.7892807231083953,0.7767800326352675,0.8156386624114909,0.7724273566270314,0.8040957974479945
2023-04-19 14:00:00,0.7273905104409871,0.7524806919597742,0.7667698291868754,0.8102187522427722,0.7504429829277001,0.7886502509932938
2023-04-19 15:00:00,0.7380526795052956,0.6762434605715653,0.6310654888237212,0.7865014960618048,0.586648086325126,0.7418320567979966
2023-04-19 16:00:00,0.6313286102572632,0.572579986914058,0.5740143590624818,0.6881003365051181,0.5465672920711685,0.6600715510936872
2023-04-19 17:00:00,0.5253575710307672,0.4468991406589358,0.44604301059560775,0.6181564128407748,0.39827872148318927,0.552032337074576
2023-04-19 18:00:00,0.4389384226390083,0.2848147662386041,0.3172757088867501,0.4199493084979685,0.3053032565953589,0.41244160667796437
2023-04-19 19:00:00,0.27012803867701196,0.16899347775295384,0.22519592339464872,0.29865224973529,0.2276155407166357,0.25820405352991826
2023-04-19 20:00:00,0.06413557470861965,0.10308784091207618,0.1278867566627614,0.08519363721851173,0.15170669285326518,0.09956517291038391
2023-04-19 21:00:00,0.0,0.0,0.0,0.0,0.0,0.0
2023-04-19 22:00:00,0.0,0.0,0.0,0.0,0.0,0.0
2023-04-19 23:00:00,0.0,0.0,0.0,0.0,0.0,0.0
2023-04-20 00:00:00,0.0,0.0,0.0,0.0,0.0,0.0
2023-04-20 01:00:00,0.0,0.0,0.0,0.0,0.0,0.0
2023-04-20 02:00:00,0.0,0.0,0.0,0.0,0.0,0.0
2023-04-20 03:00:00,0.0,0.0,0.0,0.0,0.0,0.0
2023-04-20 04:00:00,0.0,0.0,0.0,0.0,0.0,0.0
2023-04-20 05:00:00,0.0,0.0,0.0,0.0,0.0,0.0
2023-04-20 06:00:00,0.0,0.0,0.0,0.0,0.0,0.0
2023-04-20 07:00:00,0.41564742900027685,0.4549879821645019,0.44838974340674304,0.4522484721675908,0.45373767927165515,0.4083960603453703
2023-04-20 08:00:00,0.6332558786804193,0.6738573307198049,0.6639189983070489,0.6711812259704955,0.6624551094225848,0.6196914018151934
2023-04-20 09:00:00,0.7536791785794036,0.7910111654985007,0.7821990316265672,0.7977288334479352,0.787397355464212,0.7320304963493516
2023-04-20 10:00:00,0.7485096000948009,0.7624855541234706,0.8017771493517816,0.82835357968802,0.8066984415426223,0.7556526988510757
2023-04-20 11:00:00,0.7336447585292867,0.7583638725442557,0.7868476846986981,0.846970209101321,0.7801923706245404,0.7230505728912491
2023-04-20 12:00:00,0.6661686894850373,0.7522271978311619,0.7059114072811261,0.7889459621535594,0.7212676930978986,0.7002699352491636
2023-04-20 13:00:00,0.5627311191897426,0.6302960882103218,0.5697727878511263,0.6342613473271589,0.581087553297243,0.5484218348077844
2023-04-20 14:00:00,0.5339630933658542,0.4214318548893835,0.35686884733564117,0.4062376169871171,0.3758129308141563,0.4259286225050797
2023-04-20 15:00:00,0.494567964523772,0.42851002452108705,0.38671862916210886,0.43685157710058287,0.4053160154992833,0.34534300534445433
2023-04-20 16:00:00,0.3588681085581773,0.2815552230395523,0.2487341070740966,0.2621391949620715,0.26203412486096506,0.2595331280109718
2023-04-20 17:00:00,0.21188142168868995,0.25476443609315597,0.24470018748471112,0.2540212223758436,0.28305589337771064,0.18460754797646894
2023-04-20 18:00:00,0.1604053136267004,0.192557436398114,0.15948406117810346,0.17858140602325606,0.17257869295402917,0.13524232363007124
2023-04-20 19:00:00,0.041574210756355374,0.07206719155755337,0.08376226385801992,0.07191065361247748,0.09036382988144326,0.04663324307105663
2023-04-20 20:00:00,0.0037384005921682387,0.004643853715590503,0.007759977735660319,0.0043418027930126205,0.00965581387717038,0.005138620723310221
2023-04-20 21:00:00,0.0,0.0,0.0,0.0,0.0,0.0
2023-04-20 22:00:00,0.0,0.0,0.0,0.0,0.0,0.0
2023-04-20 23:00:00,0.0,0.0,0.0,0.0,0.0,0.0
2023-04-21 00:00:00,0.0,0.0,0.0,0.0,0.0,0.0
2023-04-21 01:00:00,0.0,0.0,0.0,0.0,0.0,0.0
2023-04-21 02:00:00,0.0,0.0,0.0,0.0,0.0,0.0
2023-04-21 03:00:00,0.0,0.0,0.0,0.0,0.0,0.0
2023-04-21 04:00:00,0.0,0.0,0.0,0.0,0.0,0.0
2023-04-21 05:00:00,0.0,0.0,0.0,0.0,0.0,0.0
2023-04-21 06:00:00,0.0,0.0,0.0,0.0,0.0,0.0
2023-04-21 07:00:00,0.2577482939673898,0.18465198696773788,0.18541205065818725,0.24996883298269404,0.16848882140558072,0.2227342425052387
2023-04-21 08:00:00,0.4709349321121221,0.4419963530940697,0.3915322784570683,0.3477778642737686,0.41184290075105034,0.3958725348338779
2023-04-21 09:00:00,0.6566777139407086,0.5508107358541469,0.454806088099664,0.5077944910306611,0.4744960167652082,0.5902237229320318
2023-04-21 10:00:00,0.5936168091651775,0.4559139883274015,0.4506005504686683,0.4480926870503937,0.4683216298763688,0.6172964878460813
2023-04-21 11:00:00,0.492706268359832,0.3796597877247723,0.4330993732361581,0.379864758349944,0.46580961724377185,0.6283853660449139
2023-04-21 12:00:00,0.7081490488700642,0.610946648884722,0.5797243824733012,0.6721794571023115,0.5735473535685519,0.5846363988012516
2023-04-21 13:00:00,0.6788337622329794,0.7124061054140787,0.6767406097429021,0.7139282105405526,0.6745516677110257,0.5886089118061693
2023-04-21 14:00:00,0.5623322509344135,0.6053499127181939,0.6159840225187033,0.5768372066394561,0.6536462049762934,0.5301206107030599
2023-04-21 15:00:00,0.45624495852161157,0.4432861503709708,0.5316714058804599,0.44977824539334166,0.5484765955893685,0.4794730228423738
2023-04-21 16:00:00,0.4650455257019934,0.5137542183122313,0.5169323266772105,0.503987073256108,0.5399269765760836,0.430228433928441
2023-04-21 17:00:00,0.4457395984517847,0.5119041274824557,0.4905422206465257,0.5000389933562702,0.5070263840169408,0.422995124615942
2023-04-21 18:00:00,0.2703814744038512,0.42102720385888787,0.5103374499461156,0.3341784324643578,0.5638724846021098,0.28062881375167437
2023-04-21 19:00:00,0.16374910434704135,0.227415025035295,0.27782332267096416,0.20564417664183263,0.3287923489943948,0.20114067643079547
2023-04-21 20:00:00,0.047471069641054735,0.07103486986298636,0.07075615908260476,0.06386200970233598,0.09749588136368405,0.07859023351788716
2023-04-21 21:00:00,0.0,0.0,0.0,0.0,0.0,0.0
2023-04-21 22:00:00,0.0,0.0,0.0,0.0,0.0,0.0
2023-04-21 23:00:00,0.0,0.0,0.0,0.0,0.0,0.0
2023-04-22 00:00:00,0.0,0.0,0.0,0.0,0.0,0.0
2023-04-22 01:00:00,0.0,0.0,0.0,0.0,0.0,0.0
2023-04-22 02:00:00,0.0,0.0,0.0,0.0,0.0,0.0
2023-04-22 03:00:00,0.0,0.0,0.0,0.0,0.0,0.0
2023-04-22 04:00:00,0.0,0.0,0.0,0.0,0.0,0.0
2023-04-22 05:00:00,0.0,0.0,0.0,0.0,0.0,0.0
2023-04-22 06:00:00,0.0,0.0,0.0,0.0,0.0,0.0
2023-04-22 07:00:00,0.22827966524628304,0.1723800636947291,0.17367199861109536,0.2005577586407007,0.15888451455422578,0.08816470932244785
2023-04-22 08:00:00,0.373131865192554,0.4366016015973029,0.4022870921606576,0.29294204673152435,0.42525787394920844,0.1702522613210062
2023-04-22 09:00:00,0.3966012905757021,0.4472621801504532,0.4114783305827,0.4468442165273709,0.4251331127313382,0.35886107599258177
2023-04-22 10:00:00,0.5019556497573922,0.6389933304765283,0.6117107148986828,0.7050547249473984,0.6155391847826432,0.6002172970316303
2023-04-22 11:00:00,0.4836975176241085,0.6351645854921022,0.6362649756437391,0.7221584679418493,0.6342896569036885,0.6335769071359959
2023-04-22 12:00:00,0.4898876755531668,0.5512094508638518,0.5317343901106101,0.555377761236964,0.5303469105184836,0.4863882732101701
2023-04-22 13:00:00,0.3027701395350172,0.31031770579634094,0.39196662914113073,0.3817155050624992,0.423273668501088,0.5196350178348719
2023-04-22 14:00:00,0.2780246553707152,0.24679402675131404,0.2739231126948472,0.3606772743354806,0.274963366593583,0.45693478945619864
2023-04-22 15:00:00,0.234134911067524,0.2331573407498033,0.22394235366980866,0.280639614409916,0.2323775964345201,0.4137384209943583
2023-04-22 16:00:00,0.2288509364152677,0.25545619587534707,0.22660557172066245,0.3114347376372131,0.22186144574303068,0.3329130656948329
2023-04-22 17:00:00,0.2089659364495638,0.2203069702740646,0.25034330331082355,0.17622732523582219,0.2721225214834825,0.27013228745821893
2023-04-22 18:00:00,0.10551925839613616,0.10614076842704949,0.09522524588575555,0.08368303811041182,0.10603247982323842,0.19905883164356883
2023-04-22 19:00:00,0.04014526174940679,0.026359781553949618,0.02263556546060418,0.029350563897559436,0.03271854351102333,0.11775947395711706
2023-04-22 20:00:00,0.009415275695944008,0.010574877973982552,0.005735872810336747,0.011660205979840414,0.005308393139096264,0.018250453361680505
2023-04-22 21:00:00,0.0,0.0,0.0,0.0,0.0,0.0
2023-04-22 22:00:00,0.0,0.0,0.0,0.0,0.0,0.0
2023-04-22 23:00:00,0.0,0.0,0.0,0.0,0.0,0.0
2023-04-23 00:00:00,0.0,0.0,0.0,0.0,0.0,0.0
2023-04-23 01:00:00,0.0,0.0,0.0,0.0,0.0,0.0
2023-04-23 02:00:00,0.0,0.0,0.0,0.0,0.0,0.0
2023-04-23 03:00:00,0.0,0.0,0.0,0.0,0.0,0.0
2023-04-23 04:00:00,0.0,0.0,0.0,0.0,0.0,0.0
2023-04-23 05:00:00,0.0,0.0,0.0,0.0,0.0,0.0
2023-04-23 06:00:00,0.0,0.0,0.0,0.0,0.0,0.0
2023-04-23 07:00:00,0.03951753111738126,0.014116508784514738,0.013286063636662564,0.03424614426428214,0.009383813774601926,0.042123567243156156
2023-04-23 08:00:00,0.09204035659932443,0.11167309084406786,0.09114496207565126,0.14222581430188758,0.08455408998259445,0.14861981290561846
2023-04-23 09:00:00,0.11876043695387936,0.11386605437438328,0.12663449123638526,0.11527345146661809,0.1439741344571907,0.1815876505453524
2023-04-23 10:00:00,0.23818571690966875,0.26172965704887413,0.2649283873870159,0.26606263599131147,0.2677244558249944,0.24517591188754603
2023-04-23 11:00:00,0.29462673573596154,0.2899027149300225,0.2561610793706978,0.24094704569977676,0.2708130191490555,0.24671066304275754
2023-04-23 12:00:00,0.29130951702478863,0.22245941953220563,0.20501693307133345,0.23309523568877313,0.20840785086801575,0.2682685792638875
2023-04-23 13:00:00,0.36735797850174745,0.3101178526459133,0.3174273173957262,0.2838841831860514,0.3222808897482497,0.31746370959187403
2023-04-23 14:00:00,0.3845251375647707,0.3038557429985283,0.24377252146523148,0.25582395696947713,0.24833416978514428,0.3988324030948034
2023-04-23 15:00:00,0.45308090455872035,0.3395601776543874,0.31583253470061695,0.43904629959355657,0.2927058906732017,0.36830251972698136
2023-04-23 16:00:00,0.425296789347459,0.29306988928375943,0.30430089152596923,0.3973422734524178,0.2913982684339943,0.36303809421295075
2023-04-23 17:00:00,0.38369680421459246,0.2676520229646682,0.28784266903549366,0.31016912366274146,0.28165899495779145,0.2791465862946122
2023-04-23 18:00:00,0.2130916548355947,0.19867384702064422,0.19627791095916897,0.17797955201378984,0.21282535442820893,0.1455245961276022
2023-04-23 19:00:00,0.09315462476783991,0.12064277875879999,0.11010748078747992,0.057027006394818634,0.13150718515362292,0.07590966278754974
2023-04-23 20:00:00,0.015095106824277327,0.018189622341996548,0.01962498580967893,0.007839269102543856,0.03764754858757782,0.011473302048634754
2023-04-23 21:00:00,0.0,0.0,0.0,0.0,0.0,0.0
2023-04-23 22:00:00,0.0,0.0,0.0,0.0,0.0,0.0
2023-04-23 23:00:00,0.0,0.0,0.0,0.0,0.0,0.0
2023-04-24 00:00:00,0.0,0.0,0.0,0.0,0.0,0.0
2023-04-24 01:00:00,0.0,0.0,0.0,0.0,0.0,0.0
2023-04-24 02:00:00,0.0,0.0,0.0,0.0,0.0,0.0
2023-04-24 03:00:00,0.0,0.0,0.0,0.0,0.0,0.0
2023-04-24 04:00:00,0.0,0.0,0.0,0.0,0.0,0.0
2023-04-24 05:00:00,0.0,0.0,0.0,0.0,0.0,0.0
2023-04-24 06:00:00,0.0,0.0,0.0,0.0,0.0,0.0
2023-04-24 07:00:00,0.09125420193100198,0.12121672980041365,0.1726244873203966,0.2270290001573494,0.14501627348221927,0.18565419887486118
2023-04-24 08:00:00,0.23085212896400756,0.21812016663986905,0.2577461565679148,0.3297831442880061,0.2193889829813307,0.24252102176099577
2023-04-24 09:00:00,0.503629649906352,0.4122244012059634,0.32365427166254107,0.3598419560735829,0.2922662426008823,0.3843369439914501
2023-04-24 10:00:00,0.5612273542478787,0.5941446229072725,0.5724102458961885,0.5154822121510056,0.5657425895919765,0.4893658329701843
2023-04-24 11:00:00,0.5213982762704199,0.5388631509715947,0.5501046763310332,0.49287154378023074,0.563338246758941,0.48488643506664814
2023-04-24 12:00:00,0.41133376490871504,0.3103188801004445,0.3119605575407531,0.3046394906923576,0.33178979857669866,0.4975333801846539
2023-04-24 13:00:00,0.4815914771999288,0.49867418971961486,0.508816044154438,0.5847672260156112,0.4903409622376427,0.5236832500141072
2023-04-24 14:00:00,0.4824902179314986,0.5051010175077706,0.5295906391008054,0.5950680099673031,0.5141118370165818,0.5074661935944008
2023-04-24 15:00:00,0.480756686000201,0.4639399233712124,0.46218741031192895,0.4768773653290698,0.47253411565463216,0.5023426302821327
2023-04-24 16:00:00,0.41872142520128913,0.3245729261229223,0.3345270165878585,0.3770875718412298,0.3144749366187614,0.4254149338796367
2023-04-24 17:00:00,0.5413758649931125,0.379364710204642,0.4289111426571893,0.3381188782836691,0.4616090689975923,0.4429645419133193
2023-04-24 18:00:00,0.47333907356859795,0.27275605646300694,0.31559404037982786,0.3198798893064431,0.2932912828954741,0.30167959995650745
2023-04-24 19:00:00,0.4191116863911221,0.3312702494927802,0.33108771220557087,0.24677921248876208,0.34042330823011385,0.3176451279586446
2023-04-24 20:00:00,0.323356041385048,0.2482687297623874,0.2772480084054723,0.2544128552233298,0.27813356418386664,0.3211431033930361
2023-04-24 21:00:00,0.0,0.0,0.0,0.0,0.0,0.0
2023-04-24 22:00:00,0.0,0.0,0.0,0.0,0.0,0.0
2023-04-24 23:00:00,0.0,0.0,0.0,0.0,0.0,0.0
2023-04-25 00:00:00,0.0,0.0,0.0,0.0,0.0,0.0
2023-04-25 01:00:00,0.0,0.0,0.0,0.0,0.0,0.0
2023-04-25 02:00:00,0.0,0.0,0.0,0.0,0.0,0.0
2023-04-25 03:00:00,0.0,0.0,0.0,0.0,0.0,0.0
2023-04-25 04:00:00,0.0,0.0,0.0,0.0,0.0,0.0
2023-04-25 05:00:00,0.0,0.0,0.0,0.0,0.0,0.0
2023-04-25 06:00:00,0.0,0.0,0.0,0.0,0.0,0.0
2023-04-25 07:00:00,0.25533938955567903,0.2899314919255888,0.29108329696266144,0.18471415806072272,0.32938096311107384,0.13781318555841107
2023-04-25 08:00:00,0.38510149035844704,0.44146436649536996,0.45864191302152363,0.26556845290681597,0.5123656047931812,0.2716649508021775
2023-04-25 09:00:00,0.5110203714759357,0.5872105851771603,0.5908860978955607,0.5178899849503094,0.6265497239138058,0.41445302119123395
2023-04-25 10:00:00,0.6071725340581829,0.654995706658425,0.6557619510660104,0.5700290451323304,0.6961707530812248,0.5140490640084721
2023-04-25 11:00:00,0.6968685643855193,0.7431037076812909,0.7238638424564936,0.6591524063256731,0.7583534181057382,0.5921244123889574
2023-04-25 12:00:00,0.7468066405998431,0.7680140030130298,0.7630376375286476,0.7532972379389362,0.7594516631336274,0.6185402328262858
2023-04-25 13:00:00,0.791206639259104,0.7898496693914098,0.7680586221747541,0.7589068333559743,0.7723698267616179,0.713702102917916
2023-04-25 14:00:00,0.7997320341677657,0.7493261280601268,0.7446791799491014,0.7584253465835424,0.7411431667437893,0.735014638936589
2023-04-25 15:00:00,0.7789439012221929,0.6949840305996698,0.685014057503584,0.730529285510947,0.6870753687426876,0.7163674359420343
2023-04-25 16:00:00,0.7130010590515288,0.5932967617584675,0.6303865756616328,0.6767402699745555,0.6239054752877105,0.6750153024686326
2023-04-25 17:00:00,0.6999738415086716,0.6373805518535285,0.6485285937809245,0.6215153444722542,0.6508121843375585,0.6535142578497507
2023-04-25 18:00:00,0.6826643674684516,0.5982733037803893,0.5415653120915006,0.6021973412083155,0.540133041190079,0.622723725929641
2023-04-25 19:00:00,0.6003237978033414,0.5662930613633529,0.5249554296395972,0.579185801767751,0.5214470578215585,0.5805654640216251
2023-04-25 20:00:00,0.3974928514644165,0.4097881999715494,0.39630937499765195,0.40981347298798926,0.3915006514694267,0.3932090133553288
2023-04-25 21:00:00,0.0,0.0,0.0,0.0,0.0,0.0
2023-04-25 22:00:00,0.0,0.0,0.0,0.0,0.0,0.0
2023-04-25 23:00:00,0.0,0.0,0.0,0.0,0.0,0.0
2023-04-26 00:00:00,0.0,0.0,0.0,0.0,0.0,0.0
2023-04-26 01:00:00,0.0,0.0,0.0,0.0,0.0,0.0
2023-04-26 02:00:00,0.0,0.0,0.0,0.0,0.0,0.0
2023-04-26 03:00:00,0.0,0.0,0.0,0.0,0.0,0.0
2023-04-26 04:00:00,0.0,0.0,0.0,0.0,0.0,0.0
2023-04-26 05:00:00,0.0,0.0,0.0,0.0,0.0,0.0
2023-04-26 06:00:00,0.0,0.0,0.0,0.0,0.0,0.0
2023-04-26 07:00:00,0.017584444238618668,0.0203550476624265,0.018274222073688912,0.01641438797607368,0.02104748487620617,0.01856525460534324
2023-04-26 08:00:00,0.05740677027334632,0.06697844242504368,0.07971763813278124,0.05442110851589626,0.09347455878237688,0.10321427399311153
2023-04-26 09:00:00,0.14423862295194723,0.1600973166125581,0.17470987918317407,0.0979143705578906,0.21550099713048498,0.2861165178915011
2023-04-26 10:00:00,0.29954118723556217,0.21804526654863934,0.21269920291352348,0.2393869284344011,0.22791755716100212,0.519165825831696
2023-04-26 11:00:00,0.5317111794552732,0.45127016481280097,0.41933677459321805,0.5983041788421123,0.3687311928081567,0.6268842448761516
2023-04-26 12:00:00,0.49259661089864804,0.5603176373659897,0.4951403954788804,0.48864046868766003,0.49810843333992166,0.5710856742770715
2023-04-26 13:00:00,0.42641288940838984,0.6360682658068849,0.6186379526921366,0.5701816544697773,0.6444512189410221,0.5856000450808861
2023-04-26 14:00:00,0.44163691453951787,0.47927138517424595,0.46220600788993915,0.5526275573681594,0.48627492106842424,0.5297573863651904
2023-04-26 15:00:00,0.5447025690926156,0.5034649693912587,0.4894148404171614,0.5694388683068368,0.463384130113708,0.6096165933351119
2023-04-26 16:00:00,0.3541936724334711,0.44872218894419025,0.5532409407857602,0.5022634502888385,0.5508146489045204,0.6034237331275917
2023-04-26 17:00:00,0.39098735177552285,0.5414229892437995,0.6202829753216218,0.6259281254324179,0.5938152000276395,0.5788754407062905
2023-04-26 18:00:00,0.3484387066429139,0.5232539432126184,0.49422947459365335,0.5520019124234424,0.47917255692151306,0.5224812775322315
2023-04-26 19:00:00,0.2613711630310365,0.4794167212237717,0.472257528921985,0.4929967603687238,0.4672422311971723,0.48523226320679613
2023-04-26 20:00:00,0.1382176539080391,0.30000513901426806,0.3160932158221201,0.3244113009902181,0.32760059909836964,0.34303768566415277
2023-04-26 21:00:00,0.0,0.0,0.0,0.0,0.0,0.0
2023-04-26 22:00:00,0.0,0.0,0.0,0.0,0.0,0.0
2023-04-26 23:00:00,0.0,0.0,0.0,0.0,0.0,0.0
2023-04-27 00:00:00,0.0,0.0,0.0,0.0,0.0,0.0
2023-04-27 01:00:00,0.0,0.0,0.0,0.0,0.0,0.0
2023-04-27 02:00:00,0.0,0.0,0.0,0.0,0.0,0.0
2023-04-27 03:00:00,0.0,0.0,0.0,0.0,0.0,0.0
2023-04-27 04:00:00,0.0,0.0,0.0,0.0,0.0,0.0
2023-04-27 05:00:00,0.0,0.0,0.0,0.0,0.0,0.0
2023-04-27 06:00:00,0.0,0.0,0.0,0.0,0.0,0.0
2023-04-27 07:00:00,0.2222772158134307,0.36819947312860163,0.4060644489765379,0.3693429791810881,0.4377326332864831,0.30878051931191436
2023-04-27 08:00:00,0.3918502747219253,0.5394609166244249,0.5868985538995402,0.5228373004165883,0.6154916925646046,0.4352099234738604
2023-04-27 09:00:00,0.6542894921665386,0.7096409188925896,0.7264271748630466,0.704118619923781,0.7369198013827986,0.6612028717817267
2023-04-27 10:00:00,0.7802591862766749,0.7769793472667862,0.7783143948783674,0.7841766386411875,0.7779593356334489,0.7726083062549587
2023-04-27 11:00:00,0.8086507580887327,0.8136765241365987,0.8095591392570161,0.8178875298144997,0.8160262161311859,0.7997323955945276
2023-04-27 12:00:00,0.8132169563721575,0.8226419819423509,0.8190641109594815,0.8273457214811202,0.8311194369991562,0.8185357980822906
2023-04-27 13:00:00,0.7968622738926715,0.8219482172674335,0.8183852937388678,0.817878130646684,0.8372819956101959,0.8093690327312337
2023-04-27 14:00:00,0.8161398715840101,0.8251915843382677,0.8171480807683639,0.8180708043114489,0.8327132664716315,0.8099102010235838
2023-04-27 15:00:00,0.7876348698476847,0.7884682365092865,0.776385580319259,0.789344038245351,0.7888508350625282,0.7871008811534069
2023-04-27 16:00:00,0.7543446506358704,0.7483936761839796,0.7519411522483925,0.7615201692633446,0.7650807351376222,0.7518325261920271
2023-04-27 17:00:00,0.7292626890877228,0.7343945977930105,0.7310078524668936,0.7326727046679895,0.7487462285336564,0.7180009623795722
2023-04-27 18:00:00,0.6380797486880869,0.654229825365822,0.6625324695812292,0.6221751980693039,0.6917220065372385,0.6281111729082028
2023-04-27 19:00:00,0.5096309734194509,0.5311068043365856,0.5302933746991849,0.5110216821948262,0.5583717586273513,0.5402806669966578
2023-04-27 20:00:00,0.3392131805274284,0.3246510087220194,0.3264933001658056,0.3449025580437827,0.33312198225026884,0.39791320648138623
2023-04-27 21:00:00,0.0,0.0,0.0,0.0,0.0,0.0
2023-04-27 22:00:00,0.0,0.0,0.0,0.0,0.0,0.0
2023-04-27 23:00:00,0.0,0.0,0.0,0.0,0.0,0.0
2023-04-28 00:00:00,0.0,0.0,0.0,0.0,0.0,0.0
2023-04-28 01:00:00,0.0,0.0,0.0,0.0,0.0,0.0
2023-04-28 02:00:00,0.0,0.0,0.0,0.0,0.0,0.0
2023-04-28 03:00:00,0.0,0.0,0.0,0.0,0.0,0.0
2023-04-28 04:00:00,0.0,0.0,0.0,0.0,0.0,0.0
2023-04-28 05:00:00,0.0,0.0,0.0,0.0,0.0,0.0
2023-04-28 06:00:00,0.0,0.0,0.0,0.0,0.0,0.0
2023-04-28 07:00:00,0.22701807122705886,0.23537248787898427,0.3142010080552778,0.36177961543308074,0.28267545452387777,0.41639767986796006
2023-04-28 08:00:00,0.5062946316579433,0.5740488902227264,0.6041226644908737,0.5991081079738054,0.6119439789845367,0.6221906237353086
2023-04-28 09:00:00,0.7103376090687917,0.7246681741882818,0.7225517697671067,0.7235456566326632,0.7357828412768544,0.730148427573313
2023-04-28 10:00:00,0.7739611302224465,0.772886345480338,0.7710094691463353,0.7757460995089709,0.7852815401785177,0.7827960179009517
2023-04-28 11:00:00,0.8079475402008739,0.7991128472188106,0.7958665451264463,0.8011538747822183,0.8093699096421603,0.8090538308496349
2023-04-28 12:00:00,0.8149685763866957,0.8108612311159201,0.8065619784721219,0.8119550342697024,0.8197317659677931,0.8213773593299432
2023-04-28 13:00:00,0.8209033647896734,0.8118203414006067,0.8072987652059126,0.8118350874997695,0.8207075030186043,0.8231739032560345
2023-04-28 14:00:00,0.8156513841589478,0.8057941041395812,0.8009111392420882,0.8052012856450895,0.8147828768477589,0.8176276315906468
2023-04-28 15:00:00,0.8019805836428102,0.7948350111917302,0.7896934506970112,0.7994256438118376,0.8079966977881814,0.8052117967187169
2023-04-28 16:00:00,0.7813782862665052,0.7748180767250431,0.769679570111512,0.7817183299054502,0.7835182244769409,0.7850612801256464
2023-04-28 17:00:00,0.7499372617999586,0.7421078462858817,0.7368356324394064,0.7499789399712403,0.7485136331771096,0.7533525798127614
2023-04-28 18:00:00,0.6948428303728257,0.6840884562010292,0.6789023713390302,0.6893344688947368,0.6931991531976526,0.7000052485131539
2023-04-28 19:00:00,0.5924817116280352,0.5768818961473846,0.5727573322846997,0.5778684885568289,0.5879876959699456,0.6047028351757748
2023-04-28 20:00:00,0.40272445844049254,0.3902940190589988,0.3880515315094764,0.3908632463661244,0.39723615831901504,0.4225673610077685
2023-04-28 21:00:00,0.0,0.0,0.0,0.0,0.0,0.0
2023-04-28 22:00:00,0.0,0.0,0.0,0.0,0.0,0.0
2023-04-28 23:00:00,0.0,0.0,0.0,0.0,0.0,0.0
2023-04-29 00:00:00,0.0,0.0,0.0,0.0,0.0,0.0
2023-04-29 01:00:00,0.0,0.0,0.0,0.0,0.0,0.0
2023-04-29 02:00:00,0.0,0.0,0.0,0.0,0.0,0.0
2023-04-29 03:00:00,0.0,0.0,0.0,0.0,0.0,0.0
2023-04-29 04:00:00,0.0,0.0,0.0,0.0,0.0,0.0
2023-04-29 05:00:00,0.0,0.0,0.0,0.0,0.0,0.0
2023-04-29 06:00:00,0.0,0.0,0.0,0.0,0.0,0.0
2023-04-29 07:00:00,0.4018047869894956,0.43376676513497503,0.44137859275379054,0.4279732695777424,0.42202380905602327,0.40126198234271515
2023-04-29 08:00:00,0.6096631580766303,0.6239379302845005,0.6212192496209035,0.6127210955689842,0.6065824180240108,0.6138883759756463
2023-04-29 09:00:00,0.7228068331006795,0.7116183120146359,0.6983964518003267,0.710518873449627,0.705131431884615,0.7096178804810491
2023-04-29 10:00:00,0.7719260881384201,0.7631657120589042,0.7528211333639405,0.7601941984786564,0.7672615720324657,0.7623292226412094
2023-04-29 11:00:00,0.7979667731876612,0.7921154507463184,0.7850994024466295,0.7893512293554635,0.7996436588329381,0.7838422574652394
2023-04-29 12:00:00,0.8104100598179056,0.8026581333742479,0.7952517447946994,0.8023427501999811,0.8150064675766866,0.7997291909218315
2023-04-29 13:00:00,0.8114833945558144,0.8064976795723872,0.7991660261944667,0.8153216775632078,0.8143856408176937,0.8022930903279227
2023-04-29 14:00:00,0.8074136562978017,0.8016185956687667,0.7946040695094414,0.811741328417162,0.8097858116393467,0.7991063942122907
2023-04-29 15:00:00,0.7959733345793104,0.7883522842915623,0.7820603439701713,0.7981437136347375,0.797786233209663,0.7887889879554215
2023-04-29 16:00:00,0.7772603691676329,0.7679591008329321,0.7615100381586908,0.775995483979537,0.7786397397811285,0.7681978861991957
2023-04-29 17:00:00,0.7484065524914664,0.7367828151044071,0.7296264242881879,0.7440325916596048,0.7496561633109788,0.7392097259078706
2023-04-29 18:00:00,0.6973316043613726,0.6846506757235449,0.6766521336746557,0.6929243592773475,0.6943668783322923,0.6884541635579544
2023-04-29 19:00:00,0.5988240743161037,0.5837061087525003,0.5756611454978283,0.5873069920992435,0.590326585333103,0.5970413594027454
2023-04-29 20:00:00,0.411344202549701,0.39544659640357194,0.3891438579554032,0.39709451040098837,0.3968873126660062,0.4226982023349542
2023-04-29 21:00:00,0.0,0.0,0.0,0.0,0.0,0.0
2023-04-29 22:00:00,0.0,0.0,0.0,0.0,0.0,0.0
2023-04-29 23:00:00,0.0,0.0,0.0,0.0,0.0,0.0
2023-04-30 00:00:00,0.0,0.0,0.0,0.0,0.0,0.0
2023-04-30 01:00:00,0.0,0.0,0.0,0.0,0.0,0.0
2023-04-30 02:00:00,0.0,0.0,0.0,0.0,0.0,0.0
2023-04-30 03:00:00,0.0,0.0,0.0,0.0,0.0,0.0
2023-04-30 04:00:00,0.0,0.0,0.0,0.0,0.0,0.0
2023-04-30 05:00:00,0.0,0.0,0.0,0.0,0.0,0.0
2023-04-30 06:00:00,0.0,0.0,0.0,0.0,0.0,0.0
2023-04-30 07:00:00,0.4356245898245574,0.45486043507628593,0.4570509735696855,0.44256353566369944,0.44334981032195153,0.415612570226859
2023-04-30 08:00:00,0.625971603580597,0.6292529035002722,0.629550955402677,0.6168814826227995,0.630589534453922,0.5994523694907733
2023-04-30 09:00:00,0.7129191418936326,0.7116595577872016,0.7112478559837597,0.7032328555700216,0.7220051932090924,0.7035442044664432
2023-04-30 10:00:00,0.7449980062587758,0.7486086696518536,0.7438945420186602,0.7416981235547725,0.7640634972271952,0.7564913825664091
2023-04-30 11:00:00,0.7288030425154703,0.7706208500895662,0.7656423323506623,0.7677577352435362,0.7900311643740147,0.7765122578165318
2023-04-30 12:00:00,0.7146191265552806,0.7588054213519088,0.7405387813050971,0.6643074482828932,0.7786567097234416,0.6670760692816512
2023-04-30 13:00:00,0.6696695346084713,0.6961677029414186,0.7444198286405068,0.7471175766812241,0.7647044044649833,0.6351767402567329
2023-04-30 14:00:00,0.6295981808975462,0.5907882591171322,0.6042682319611822,0.6689901125959916,0.6322532666813578,0.6699059809509961
2023-04-30 15:00:00,0.5030439866956045,0.3855013358919004,0.38632749499705243,0.45134194974111264,0.4302583848540456,0.5887036256264818
2023-04-30 16:00:00,0.5582684691210792,0.4711733670887404,0.4175974748533305,0.5745453248251374,0.4320578164965928,0.5963193472983428
2023-04-30 17:00:00,0.47916850966356994,0.37603800838068985,0.3830444343217081,0.43778739311356807,0.4160453061137338,0.5317525981638279
2023-04-30 18:00:00,0.5314405509694505,0.3888723368250969,0.34074128642384177,0.4664371389276653,0.3550529171468805,0.5504477066083479
2023-04-30 19:00:00,0.41864543972862694,0.3706180005461462,0.32397372244912626,0.4019843631000035,0.3401412784437604,0.43430718596474294
2023-04-30 20:00:00,0.3178675836501766,0.31804711083994563,0.2705389395007577,0.30856452930044037,0.2773497869585336,0.2845148027984817
2023-04-30 21:00:00,0.0,0.0,0.0,0.0,0.0,0.0
2023-04-30 22:00:00,0.0,0.0,0.0,0.0,0.0,0.0
2023-04-30 23:00:00,0.0,0.0,0.0,0.0,0.0,0.0
2023-05-01 00:00:00,0.0,0.0,0.0,0.0,0.0,0.0
2023-05-01 01:00:00,0.0,0.0,0.0,0.0,0.0,0.0
2023-05-01 02:00:00,0.0,0.0,0.0,0.0,0.0,0.0
2023-05-01 03:00:00,0.0,0.0,0.0,0.0,0.0,0.0
2023-05-01 04:00:00,0.0,0.0,0.0,0.0,0.0,0.0
2023-05-01 05:00:00,0.0,0.0,0.0,0.0,0.0,0.0
2023-05-01 06:00:00,0.0,0.0,0.0,0.0,0.0,0.0
2023-05-01 07:00:00,0.2408999973549749,0.3324754464768345,0.3462907169644128,0.29023141618791654,0.3560640098581796,0.16404219648255508
2023-05-01 08:00:00,0.42348874339204995,0.5790290622527412,0.5884967378170566,0.5548747892030513,0.5863606411686444,0.31187886809031057
2023-05-01 09:00:00,0.4888690849953797,0.6609844246622958,0.6798932584927757,0.6748298322312143,0.6939311247121215,0.42729327402913614
2023-05-01 10:00:00,0.4898921205499664,0.6251442687797838,0.6621010991684231,0.6433547968913499,0.6906168253450525,0.5147954680308776
2023-05-01 11:00:00,0.5095994769269885,0.6865306224720189,0.6764672561412157,0.6187286558082948,0.7107064861814927,0.50030333741088
2023-05-01 12:00:00,0.6332141442571912,0.7129097207698495,0.6709265518108407,0.5417158877612974,0.7111289172282234,0.4074346948787134
2023-05-01 13:00:00,0.498094580259966,0.5772135285839943,0.6023979594451451,0.5645897101704553,0.6468142493302761,0.45722806794055065
2023-05-01 14:00:00,0.447605931942751,0.604887795676475,0.6215425584906701,0.5021377707753374,0.682075030872648,0.3898623605829618
2023-05-01 15:00:00,0.37068104515012457,0.5743457687259739,0.5263724150202206,0.40798247236698093,0.6034908096428465,0.30148571595581547
2023-05-01 16:00:00,0.3755542148566105,0.4099644200184305,0.4457723374444189,0.31038649822812314,0.5175972078275075,0.23030174911176005
2023-05-01 17:00:00,0.3995020025132692,0.42740546702525756,0.3692290932882606,0.3347180795232447,0.4359913412841982,0.17341436814040814
2023-05-01 18:00:00,0.3149614000325271,0.4619135425868532,0.5278458357777608,0.5013502189192945,0.5715273368363258,0.18198226603139675
2023-05-01 19:00:00,0.31406862664903945,0.37824727630484567,0.3823313183494701,0.4203245001340923,0.40322787028799145,0.1762245795606315
2023-05-01 20:00:00,0.20900554791299197,0.23534991365324148,0.254255593620216,0.24720696271528309,0.2698246138653705,0.09545389839877529
2023-05-01 21:00:00,0.0,0.0,0.0,0.0,0.0,0.0
2023-05-01 22:00:00,0.0,0.0,0.0,0.0,0.0,0.0
2023-05-01 23:00:00,0.0,0.0,0.0,0.0,0.0,0.0
2023-05-02 00:00:00,0.0,0.0,0.0,0.0,0.0,0.0
2023-05-02 01:00:00,0.0,0.0,0.0,0.0,0.0,0.0
2023-05-02 02:00:00,0.0,0.0,0.0,0.0,0.0,0.0
2023-05-02 03:00:00,0.0,0.0,0.0,0.0,0.0,0.0
2023-05-02 04:00:00,0.0,0.0,0.0,0.0,0.0,0.0
2023-05-02 05:00:00,0.0,0.0,0.0,0.0,0.0,0.0
2023-05-02 06:00:00,0.0,0.0,0.0,0.0,0.0,0.0
2023-05-02 07:00:00,0.2149983703971406,0.23370624950083613,0.21022319314528165,0.11137364733440307,0.26000585072329874,0.17904530212771538
2023-05-02 08:00:00,0.4019943627156036,0.40429334275171946,0.3417976109569112,0.2454298345712439,0.4004419350239857,0.30830118030136056
2023-05-02 09:00:00,0.5869781024831259,0.5079389179575612,0.5054983696887138,0.4821178780965005,0.5338236148027742,0.4284884242901433
2023-05-02 10:00:00,0.7201162089730374,0.7316728297903725,0.751445288388953,0.7577022740799622,0.7605502161821853,0.5621726548133037
2023-05-02 11:00:00,0.7851721208447972,0.7731706736188416,0.7736601209322155,0.8019267602184408,0.7789517421895197,0.6394377312761907
2023-05-02 12:00:00,0.789980088026322,0.757125400926094,0.7764476405051811,0.8045733894582189,0.7829392729814766,0.700289236558568
2023-05-02 13:00:00,0.7950585701913796,0.777397063303477,0.7848695629551027,0.8106838675028862,0.7926538101927509,0.7443184141972551
2023-05-02 14:00:00,0.8031351113241494,0.7930740853260329,0.7852762315311153,0.8099940814644014,0.7955512400990771,0.756819550537495
2023-05-02 15:00:00,0.788416794376466,0.7799455292221676,0.7731865798696573,0.7991205317582939,0.7857390287299977,0.7640888240950402
2023-05-02 16:00:00,0.7663378770739195,0.7582164717754514,0.7532033371724041,0.7754455996450995,0.7682759286723226,0.7549928103625576
2023-05-02 17:00:00,0.7188793818517402,0.6717004285980557,0.6523344773882809,0.7194989954891261,0.6647063722936508,0.7160104457227039
2023-05-02 18:00:00,0.676335166842172,0.6602041004112508,0.6492321272333277,0.6781908409100684,0.6640979808455675,0.6628493494807008
2023-05-02 19:00:00,0.5781146793491005,0.5471015345859105,0.5347389529235621,0.5641039320617626,0.5462153326364089,0.5727400807151416
2023-05-02 20:00:00,0.3804193763568482,0.3695903430250864,0.3785948913422691,0.3888612714743124,0.3841446529093358,0.3952733303741702
2023-05-02 21:00:00,0.0,0.0,0.0,0.0,0.0,0.0
2023-05-02 22:00:00,0.0,0.0,0.0,0.0,0.0,0.0
2023-05-02 23:00:00,0.0,0.0,0.0,0.0,0.0,0.0
2023-05-03 00:00:00,0.0,0.0,0.0,0.0,0.0,0.0
2023-05-03 01:00:00,0.0,0.0,0.0,0.0,0.0,0.0
2023-05-03 02:00:00,0.0,0.0,0.0,0.0,0.0,0.0
2023-05-03 03:00:00,0.0,0.0,0.0,0.0,0.0,0.0
2023-05-03 04:00:00,0.0,0.0,0.0,0.0,0.0,0.0
2023-05-03 05:00:00,0.0,0.0,0.0,0.0,0.0,0.0
2023-05-03 06:00:00,0.0,0.0,0.0,0.0,0.0,0.0
2023-05-03 07:00:00,0.12997754810769951,0.20101549600677182,0.27162036831429676,0.270450671445201,0.2847185204440036,0.3834137753426363
2023-05-03 08:00:00,0.30218533955499555,0.40801357571361163,0.49388848536302693,0.43090575853186025,0.5187738403291154,0.5675567524032844
2023-05-03 09:00:00,0.38228103227921123,0.5189339886599619,0.6048965468308011,0.6004990501271785,0.6197383916647563,0.6708665016530888
2023-05-03 10:00:00,0.42789723614125535,0.5213899281133626,0.5949411211272995,0.5907045162230024,0.6046764643335222,0.7114161921821338
2023-05-03 11:00:00,0.41816315189158965,0.4737970555284311,0.5834333731379598,0.6309721162503087,0.5912296547698336,0.7308867826565814
2023-05-03 12:00:00,0.7081798292649949,0.6865374764124563,0.6398223142590939,0.6904949431269229,0.6487159616120615,0.7417163640370457
2023-05-03 13:00:00,0.7186312370021428,0.640222817688239,0.5924933117211844,0.6332364285611334,0.6116444506441316,0.7171695398697882
2023-05-03 14:00:00,0.6895160986262318,0.5654253217747108,0.5843417106424397,0.6329171026595055,0.5973047586694015,0.656492253295543
2023-05-03 15:00:00,0.6647180220257504,0.6372735362692775,0.62343346735756,0.6233196353946883,0.6435807215984864,0.601178767067378
2023-05-03 16:00:00,0.5688930642444683,0.4352041154134941,0.40325447282323457,0.36234870498571353,0.4397965370062067,0.5078941975286629
2023-05-03 17:00:00,0.45583660621661876,0.3528300516957957,0.39355714887936244,0.38744179091846664,0.4038588030180922,0.4074621569768686
2023-05-03 18:00:00,0.4730351555387257,0.30930273564603067,0.260668303942947,0.2973068652812524,0.2659610397933056,0.28656114737915744
2023-05-03 19:00:00,0.47488736871232173,0.3131491570037977,0.20543110712476004,0.29468389961780145,0.1684957558269265,0.18131302760943308
2023-05-03 20:00:00,0.328160225123284,0.21287022631260488,0.14272020585344738,0.2388817211665527,0.10919131963689405,0.15840419910343834
2023-05-03 21:00:00,0.0,0.0,0.0,0.0,0.0,0.0
2023-05-03 22:00:00,0.0,0.0,0.0,0.0,0.0,0.0
2023-05-03 23:00:00,0.0,0.0,0.0,0.0,0.0,0.0
2023-05-04 00:00:00,0.0,0.0,0.0,0.0,0.0,0.0
2023-05-04 01:00:00,0.0,0.0,0.0,0.0,0.0,0.0
2023-05-04 02:00:00,0.0,0.0,0.0,0.0,0.0,0.0
2023-05-04 03:00:00,0.0,0.0,0.0,0.0,0.0,0.0
2023-05-04 04:00:00,0.0,0.0,0.0,0.0,0.0,0.0
2023-05-04 05:00:00,0.0,0.0,0.0,0.0,0.0,0.0
2023-05-04 06:00:00,0.0,0.0,0.0,0.0,0.0,0.0
2023-05-04 07:00:00,0.3442271629192553,0.384102265633111,0.3675198979929921,0.2724186233816847,0.35216344307832004,0.16513325683420604
2023-05-04 08:00:00,0.4817488915657987,0.5540793090586246,0.5327892874456233,0.4261957594444063,0.5316485003296251,0.26678915344640247
2023-05-04 09:00:00,0.6294467924486872,0.6423815840957308,0.6289938703777903,0.5426876545842602,0.6527592501431029,0.49234450615386116
2023-05-04 10:00:00,0.6714421598878818,0.6818161675319924,0.696231853192617,0.6059707877562672,0.722181481139268,0.634520228256605
2023-05-04 11:00:00,0.7366675978368031,0.7462251598419233,0.7584112567059931,0.7601584563314586,0.7785039343034897,0.7216677805613898
2023-05-04 12:00:00,0.7227655692645849,0.7356552822810488,0.7523092181043349,0.746981020343535,0.7760968198536079,0.748576215580858
2023-05-04 13:00:00,0.7407594266175196,0.7423547204592834,0.7439802099656453,0.7157297954206219,0.7738341532844771,0.7446753013495829
2023-05-04 14:00:00,0.7348827017182594,0.7190459485232039,0.7095853086966742,0.71964499644639,0.7352416100789567,0.7219627167403199
2023-05-04 15:00:00,0.7019436940830265,0.706177872232189,0.7255339837250241,0.7324476816936885,0.7485454796140213,0.7060209514786879
2023-05-04 16:00:00,0.6050932789596238,0.6354473637452533,0.690910008350381,0.6954861765170622,0.715857418763048,0.6933494073747425
2023-05-04 17:00:00,0.4500776788538207,0.5107223061419068,0.5440439223756116,0.5950299913871937,0.5622519131790475,0.6264485432931746
2023-05-04 18:00:00,0.34276694577020056,0.3794657810203113,0.47578996414306596,0.4373734058960693,0.48501043211166356,0.5252830145613211
2023-05-04 19:00:00,0.19667556108974754,0.24381068788776272,0.292864987161102,0.2701533820839121,0.2931956599133736,0.3057155103415048
2023-05-04 20:00:00,0.1152975696556713,0.15097389301998224,0.19334956530574277,0.12937434953786098,0.21261163851600876,0.14668217825597074
2023-05-04 21:00:00,0.0,0.0,0.0,0.0,0.0,0.0
2023-05-04 22:00:00,0.0,0.0,0.0,0.0,0.0,0.0
2023-05-04 23:00:00,0.0,0.0,0.0,0.0,0.0,0.0
2023-05-05 00:00:00,0.0,0.0,0.0,0.0,0.0,0.0
2023-05-05 01:00:00,0.0,0.0,0.0,0.0,0.0,0.0
2023-05-05 02:00:00,0.0,0.0,0.0,0.0,0.0,0.0
2023-05-05 03:00:00,0.0,0.0,0.0,0.0,0.0,0.0
2023-05-05 04:00:00,0.0,0.0,0.0,0.0,0.0,0.0
2023-05-05 05:00:00,0.0,0.0,0.0,0.0,0.0,0.0
2023-05-05 06:00:00,0.0,0.0,0.0,0.0,0.0,0.0
2023-05-05 07:00:00,0.06700118112575287,0.16328026358696016,0.17467343902290594,0.09900826362338007,0.22853112035906653,0.1404162271536698
2023-05-05 08:00:00,0.32590339093363957,0.4385834848574185,0.4313953532515522,0.426504530590093,0.4501070551466866,0.27812545810108236
2023-05-05 09:00:00,0.3762958498099266,0.44263219232006196,0.5335412820059766,0.5547520390859932,0.5332539770882133,0.44594444029968533
2023-05-05 10:00:00,0.34107291326733147,0.47602967117419714,0.5505099382458968,0.5787604077088078,0.5710585529685177,0.5559944637691883
2023-05-05 11:00:00,0.2256395030292896,0.4449823954984397,0.6049438472281875,0.5165485153662096,0.6552268915203505,0.5850911687392023
2023-05-05 12:00:00,0.16711536655482412,0.1724158648900495,0.22499427924426688,0.38729745574354973,0.20737714809760496,0.4786440266851358
2023-05-05 13:00:00,0.11932964762281563,0.1213064981722577,0.20103450068183484,0.14547169354909112,0.23676394541680726,0.42842565802839694
2023-05-05 14:00:00,0.16851154243783228,0.1369748289313514,0.1631555376152065,0.20034203010306192,0.17691216125333492,0.35866738251201097
2023-05-05 15:00:00,0.2235834054960981,0.11078640975973124,0.09574401732438483,0.1363368013746365,0.09194602824174446,0.30922429946824664
2023-05-05 16:00:00,0.2384885790435853,0.206884279145712,0.15283741289248953,0.15225096586623454,0.15962010491673453,0.24523623494398203
2023-05-05 17:00:00,0.27394497461580114,0.3025247271041554,0.17715077338744928,0.2735450053176716,0.18073660807312597,0.25305855861887294
2023-05-05 18:00:00,0.13415532376195397,0.12741256624834119,0.11048087247598792,0.20423815454153002,0.11450269594797167,0.2080532749525039
2023-05-05 19:00:00,0.06655711180370082,0.041601642216792904,0.04203717759732928,0.08997838643425389,0.04361519649607056,0.18520868195440388
2023-05-05 20:00:00,0.02726074423990314,0.005919295409450321,0.005869090615618178,0.015312752024875724,0.006376766740656015,0.08359297962465619
2023-05-05 21:00:00,0.0,0.0,0.0,0.0,0.0,0.0
2023-05-05 22:00:00,0.0,0.0,0.0,0.0,0.0,0.0
2023-05-05 23:00:00,0.0,0.0,0.0,0.0,0.0,0.0
2023-05-06 00:00:00,0.0,0.0,0.0,0.0,0.0,0.0
2023-05-06 01:00:00,0.0,0.0,0.0,0.0,0.0,0.0
2023-05-06 02:00:00,0.0,0.0,0.0,0.0,0.0,0.0
2023-05-06 03:00:00,0.0,0.0,0.0,0.0,0.0,0.0
2023-05-06 04:00:00,0.0,0.0,0.0,0.0,0.0,0.0
2023-05-06 05:00:00,0.0,0.0,0.0,0.0,0.0,0.0
2023-05-06 06:00:00,0.0,0.0,0.0,0.0,0.0,0.008353083271708087
2023-05-06 07:00:00,0.004221804016523577,0.00155391553759298,0.002256886524440181,0.006518614662143015,0.0027687593304013616,0.09154585375799655
2023-05-06 08:00:00,0.019643972921758766,0.008086198717082495,0.010430689009774225,0.014984313056470208,0.016334171676712562,0.13513501662374913
2023-05-06 09:00:00,0.04827335250319174,0.026071345357941856,0.030999817785567447,0.040181364490057374,0.041146259539558486,0.17630614317516893
2023-05-06 10:00:00,0.09398406330578975,0.047576513163445,0.049525327986355075,0.05587877903536538,0.05744851484428343,0.16819475818630944
2023-05-06 11:00:00,0.15553615279319072,0.08633123390356724,0.08921780452415633,0.10642222604402243,0.10229512873209014,0.20824980217532107
2023-05-06 12:00:00,0.16510172859376368,0.1503550496957746,0.16200729322785323,0.15451185661236455,0.1738326874799347,0.20929258487310334
2023-05-06 13:00:00,0.24417952291842948,0.1959234290875912,0.18094761710917556,0.24898577746581219,0.18031273486139554,0.2392009614803417
2023-05-06 14:00:00,0.2960746427962632,0.2804016373153076,0.25851043193284173,0.32045912039052954,0.2520636474591638,0.2507792892494647
2023-05-06 15:00:00,0.27076555767364396,0.20371623955331813,0.23073846397678513,0.2729752508166643,0.2419513190321628,0.22347372885446556
2023-05-06 16:00:00,0.2703130862954524,0.2772269000556351,0.2906774540091824,0.30665995757957887,0.3073396783610247,0.17355203966368266
2023-05-06 17:00:00,0.2734304531228971,0.23441442667372397,0.1828723694814525,0.24051942271343302,0.18701517943563317,0.17101748747595885
2023-05-06 18:00:00,0.19357341264049224,0.2180063705092736,0.26800368137585534,0.3142024259265274,0.2613625529822641,0.15897280774581596
2023-05-06 19:00:00,0.1745173648196475,0.1339310823485448,0.14478525111700838,0.2713801366788029,0.1034378689312989,0.12891043232610913
2023-05-06 20:00:00,0.08528433301470284,0.056220272771555696,0.0495994691579287,0.11326830837896586,0.025970917615193313,0.060416542711505025
2023-05-06 21:00:00,0.0,0.0,0.0,0.0,0.0,0.0
2023-05-06 22:00:00,0.0,0.0,0.0,0.0,0.0,0.0
2023-05-06 23:00:00,0.0,0.0,0.0,0.0,0.0,0.0
2023-05-07 00:00:00,0.0,0.0,0.0,0.0,0.0,0.0
2023-05-07 01:00:00,0.0,0.0,0.0,0.0,0.0,0.0
2023-05-07 02:00:00,0.0,0.0,0.0,0.0,0.0,0.0
2023-05-07 03:00:00,0.0,0.0,0.0,0.0,0.0,0.0
2023-05-07 04:00:00,0.0,0.0,0.0,0.0,0.0,0.0
2023-05-07 05:00:00,0.0,0.0,0.0,0.0,0.0,0.0
2023-05-07 06:00:00,0.0,0.0,0.0,0.0,0.0,0.0
2023-05-07 07:00:00,0.10856648293621379,0.11325239859433932,0.09869333765798571,0.06344766104462858,0.09931437909255833,0.016253633807558496
2023-05-07 08:00:00,0.285630780898416,0.2639729625091495,0.27220568726537664,0.1614447839679943,0.2780265561446406,0.06724846540839181
2023-05-07 09:00:00,0.4392979284761106,0.4305372816371831,0.39132489444764057,0.31183576591217993,0.40979920453047086,0.13290241026269542
2023-05-07 10:00:00,0.4993841405876555,0.4443805159277047,0.3601432092299245,0.2987129969071083,0.4134915453020793,0.1785185342934766
2023-05-07 11:00:00,0.4942566902653609,0.35144293493359485,0.28601338788200886,0.25585673865795333,0.3354390482653882,0.1894572325275741
2023-05-07 12:00:00,0.4643081868889792,0.4485924300646738,0.29407695064487144,0.2896174873234514,0.35458296848904336,0.2338455750923318
2023-05-07 13:00:00,0.40994428957941714,0.40198237649128726,0.3502738097395788,0.33205288630533664,0.39382810842148563,0.26096983000440954
2023-05-07 14:00:00,0.428634406104448,0.42832640127657123,0.40797730854941394,0.36545128148446543,0.4451446792025683,0.27764349530119464
2023-05-07 15:00:00,0.48899987478346024,0.4913897182933942,0.508396251590097,0.39618694296767976,0.5243285962612004,0.3173485679598726
2023-05-07 16:00:00,0.36891692351660615,0.43478595529634584,0.40871629258777775,0.3267526393375856,0.4285036753748437,0.2877072364376964
2023-05-07 17:00:00,0.27691029936761896,0.2731558460391595,0.27431039798274787,0.2105357656378327,0.29941513511218865,0.20723856056879422
2023-05-07 18:00:00,0.22374387027803241,0.18553993666477667,0.19945437912561895,0.16447176845842681,0.21996437778851616,0.16261945997897828
2023-05-07 19:00:00,0.15370518371885405,0.09694676570042624,0.09421271234091129,0.07810003449610337,0.09617689828841826,0.11439228356158188
2023-05-07 20:00:00,0.0722231489366301,0.03519015449513872,0.035337910333941513,0.05613642067650402,0.026083646878426566,0.07001577810398503
2023-05-07 21:00:00,0.0,0.0,0.0,0.0,0.0,0.0
2023-05-07 22:00:00,0.0,0.0,0.0,0.0,0.0,0.0
2023-05-07 23:00:00,0.0,0.0,0.0,0.0,0.0,0.0
2023-05-08 00:00:00,0.0,0.0,0.0,0.0,0.0,0.0
2023-05-08 01:00:00,0.0,0.0,0.0,0.0,0.0,0.0
2023-05-08 02:00:00,0.0,0.0,0.0,0.0,0.0,0.0
2023-05-08 03:00:00,0.0,0.0,0.0,0.0,0.0,0.0
2023-05-08 04:00:00,0.0,0.0,0.0,0.0,0.0,0.0
2023-05-08 05:00:00,0.0,0.0,0.0,0.0,0.0,0.0
2023-05-08 06:00:00,0.0,0.0,0.0,0.0,0.0,2.054103904496053e-05
2023-05-08 07:00:00,0.3036828468998861,0.2808228175168766,0.22721448015644832,0.21823700061496215,0.21268860299669973,0.08175975988781564
2023-05-08 08:00:00,0.5246252103118026,0.44607617145412354,0.36216113093617136,0.41957692381999007,0.3181969117227708,0.1707537253916636
2023-05-08 09:00:00,0.6116388063203042,0.5315005298197601,0.4563854836598123,0.5576956194055196,0.3995980134216002,0.23409202947523242
2023-05-08 10:00:00,0.6155706169899517,0.44130282137394855,0.4200467996085311,0.4792118564668715,0.38910239512378175,0.2501263095598322
2023-05-08 11:00:00,0.6640780338760408,0.5230351019690251,0.49488951522816127,0.5654747890374198,0.46060384808133936,0.36071467173465394
2023-05-08 12:00:00,0.49368476911993775,0.4459087920494994,0.4930300470438387,0.4996197816486829,0.5086105105364295,0.4711206744137513
2023-05-08 13:00:00,0.521443851042955,0.46038269759135664,0.5555922423358589,0.6298294251454861,0.5424590619469393,0.5425264765174963
2023-05-08 14:00:00,0.502467233171579,0.4071181449878965,0.4663664292642149,0.5413654188413608,0.4513227299561895,0.5501118839464856
2023-05-08 15:00:00,0.3944563079198879,0.31456065787143384,0.3462407786313199,0.38627769675461293,0.33789076017021297,0.47897227141992027
2023-05-08 16:00:00,0.3484352606797576,0.41623105642821173,0.4063924654694837,0.3714466880105809,0.44501319572172726,0.45093868452413377
2023-05-08 17:00:00,0.35744234310764705,0.42187533131638866,0.28503521274589216,0.2734556440105906,0.32387627268066543,0.3644613516471693
2023-05-08 18:00:00,0.26517577169372397,0.3425054138271016,0.2621233800353885,0.22243478280007217,0.29101825793298713,0.20830825911106707
2023-05-08 19:00:00,0.3255691392572853,0.28586328357471896,0.21422115496128324,0.18448251194363485,0.2127069374973871,0.10513809369925918
2023-05-08 20:00:00,0.13060340877307944,0.14580073635129837,0.1543087180524379,0.09207454646655712,0.17519814742282602,0.05486164238740466
2023-05-08 21:00:00,0.0,0.0,0.0,0.0,0.0,0.0006394705699502584
2023-05-08 22:00:00,0.0,0.0,0.0,0.0,0.0,0.0
2023-05-08 23:00:00,0.0,0.0,0.0,0.0,0.0,0.0
2023-05-09 00:00:00,0.0,0.0,0.0,0.0,0.0,0.0
2023-05-09 01:00:00,0.0,0.0,0.0,0.0,0.0,0.0
2023-05-09 02:00:00,0.0,0.0,0.0,0.0,0.0,0.0
2023-05-09 03:00:00,0.0,0.0,0.0,0.0,0.0,0.0
2023-05-09 04:00:00,0.0,0.0,0.0,0.0,0.0,0.0
2023-05-09 05:00:00,0.0,0.0,0.0,0.0,0.0,0.0
2023-05-09 06:00:00,0.0,0.0,0.0,0.0,0.0,0.0038732047316804405
2023-05-09 07:00:00,0.18509039848369507,0.21690350790372068,0.17485297174377804,0.09720168793906935,0.17817702477832686,0.10266073916453568
2023-05-09 08:00:00,0.32168792324755646,0.2735649942691382,0.1956743200204063,0.14926487886538187,0.19366141915050342,0.1607597294858524
2023-05-09 09:00:00,0.39700589609876674,0.2766199838426766,0.23334024120512467,0.1897186621869173,0.2466252350059732,0.23978188776828954
2023-05-09 10:00:00,0.5527776380850886,0.4411127994000802,0.3648034766383028,0.5136090231103325,0.3472940868994711,0.35077577019511513
2023-05-09 11:00:00,0.5932386678151478,0.5572603157166162,0.47972703213336926,0.5422842765517127,0.4977883077911769,0.4062104898767537
2023-05-09 12:00:00,0.5785586504002669,0.582550942149556,0.5730834226669886,0.5335270310974751,0.6010076714797015,0.4556620087628827
2023-05-09 13:00:00,0.6306484176912172,0.579020866734453,0.5969098535740062,0.5693993045403016,0.623494953161442,0.4965165536848277
2023-05-09 14:00:00,0.5805620732632804,0.4969763145938814,0.5242861179765442,0.478308330998913,0.5710057483368925,0.5734957551843377
2023-05-09 15:00:00,0.6312512378602688,0.5588376672935975,0.5734801649123983,0.5463080394928744,0.5930810796399613,0.583191162789855
2023-05-09 16:00:00,0.4086088069840164,0.4386100130286969,0.4773964030167414,0.3201563657203657,0.548042392121693,0.508631696014029
2023-05-09 17:00:00,0.4144773818867345,0.4418150299795819,0.4965691168957779,0.33241804461115004,0.5598539003144285,0.43289569477215406
2023-05-09 18:00:00,0.3236483469119709,0.4454083932585111,0.45949920490451057,0.24558012203882043,0.5322140201954039,0.3524323096259515
2023-05-09 19:00:00,0.20198251045745141,0.2516377914938515,0.25449852603606893,0.18239603519858427,0.28771116995906043,0.25567623761020547
2023-05-09 20:00:00,0.0788199434640883,0.14062751360001255,0.19474352797621475,0.15785419824314023,0.20211779964602866,0.12775624191025087
2023-05-09 21:00:00,0.0,0.0,0.0,0.0,0.0,0.0064008940089641106
2023-05-09 22:00:00,0.0,0.0,0.0,0.0,0.0,0.0
2023-05-09 23:00:00,0.0,0.0,0.0,0.0,0.0,0.0
2023-05-10 00:00:00,0.0,0.0,0.0,0.0,0.0,0.0
2023-05-10 01:00:00,0.0,0.0,0.0,0.0,0.0,0.0
2023-05-10 02:00:00,0.0,0.0,0.0,0.0,0.0,0.0
2023-05-10 03:00:00,0.0,0.0,0.0,0.0,0.0,0.0
2023-05-10 04:00:00,0.0,0.0,0.0,0.0,0.0,0.0
2023-05-10 05:00:00,0.0,0.0,0.0,0.0,0.0,0.0
2023-05-10 06:00:00,0.0,0.0,0.0,0.0,0.0,0.0023525639252248843
2023-05-10 07:00:00,0.4608857871052397,0.491620318064763,0.47936378784415234,0.4867892434262199,0.4320504938612405,0.34304271042715384
2023-05-10 08:00:00,0.6315689810633531,0.6517692279182242,0.6294660216605006,0.6220229020919752,0.5955392051758112,0.46961868736419576
2023-05-10 09:00:00,0.7291724836226761,0.7328022293322538,0.7215884565722621,0.67844992744985,0.6975008553241184,0.5866208088499848
2023-05-10 10:00:00,0.6742727824886616,0.6260947199800773,0.6684855380370249,0.5555167267334725,0.6925835489414621,0.6405349548575973
2023-05-10 11:00:00,0.6198607752720517,0.525219670078346,0.6153686909123625,0.5393388660926692,0.637848698957489,0.5811940311919638
2023-05-10 12:00:00,0.664960032301933,0.6093247907921436,0.6763656936853258,0.6274442211494514,0.7012637347950111,0.6882532336188217
2023-05-10 13:00:00,0.6618009193388235,0.5740733531546939,0.6710190852094648,0.7111164431725783,0.6679290515642137,0.7222685925446446
2023-05-10 14:00:00,0.5678780002621036,0.5097232880882869,0.5929574863466871,0.606688089310866,0.598117501145811,0.7166174446153485
2023-05-10 15:00:00,0.5092860729919542,0.4602132004460576,0.46157238235240683,0.48181572377444104,0.4835319330559674,0.6444797373844353
2023-05-10 16:00:00,0.38661572420735146,0.3915348401526983,0.37003344508222397,0.501437959824576,0.37465105101306406,0.6287019822411899
2023-05-10 17:00:00,0.4402963031739482,0.45893427804295434,0.25303439822899715,0.24353202694770124,0.3040439260549003,0.5876175239837694
2023-05-10 18:00:00,0.32856787023659983,0.4220378668997174,0.2783680021802932,0.2059680013654206,0.32660318321499376,0.5009800098337769
2023-05-10 19:00:00,0.2853066950515822,0.24104298281185418,0.23955197921802182,0.2220371981998578,0.23917529560839232,0.38639435821277496
2023-05-10 20:00:00,0.23854555881813322,0.18337457136588997,0.1485971039860892,0.16939215617968692,0.13744727215522662,0.21825159225278395
2023-05-10 21:00:00,0.0,0.0,0.0,0.0,0.0,0.031229983817604213
2023-05-10 22:00:00,0.0,0.0,0.0,0.0,0.0,0.0
2023-05-10 23:00:00,0.0,0.0,0.0,0.0,0.0,0.0
2023-05-11 00:00:00,0.0,0.0,0.0,0.0,0.0,0.0
2023-05-11 01:00:00,0.0,0.0,0.0,0.0,0.0,0.0
2023-05-11 02:00:00,0.0,0.0,0.0,0.0,0.0,0.0
2023-05-11 03:00:00,0.0,0.0,0.0,0.0,0.0,0.0
2023-05-11 04:00:00,0.0,0.0,0.0,0.0,0.0,0.0
2023-05-11 05:00:00,0.0,0.0,0.0,0.0,0.0,0.0
2023-05-11 06:00:00,0.0,0.0,0.2537280946725166,0.0,0.2421246720628345,0.04185287827686588
2023-05-11 07:00:00,0.4563892603579303,0.34718881519531064,0.391819033095239,0.4425926073820782,0.3887929715865013,0.43955721286130456
2023-05-11 08:00:00,0.667775878289188,0.6492327699896913,0.6350971166939401,0.6616498216904475,0.6345298527605368,0.6244610870498009
2023-05-11 09:00:00,0.7479980571471961,0.7337705809135402,0.7166702500351041,0.7393936247067616,0.7217315244089164,0.7233986051846444
2023-05-11 10:00:00,0.7894683986740644,0.7659177567675194,0.762379629675737,0.7783844443261247,0.7698287147305976,0.7821837423634487
2023-05-11 11:00:00,0.8125500093952677,0.7705775331911232,0.7580815304294198,0.7979799214801849,0.7539563722589473,0.8009273217419732
2023-05-11 12:00:00,0.7850941093013583,0.6958836709909284,0.7538494791781876,0.7906736478042062,0.7572798395682915,0.8061345855760433
2023-05-11 13:00:00,0.7923935447195858,0.705070917562733,0.7531997910844062,0.7946673836078115,0.7523357660975022,0.816726033699327
2023-05-11 14:00:00,0.7842626886001931,0.6698567976710331,0.698955477817665,0.7790059322484922,0.6959932923952559,0.8119926161508069
2023-05-11 15:00:00,0.7444341427742733,0.6542951760602614,0.7452130675117962,0.7797434158624732,0.7424222719272676,0.7948944189623898
2023-05-11 16:00:00,0.6389441926051563,0.6471260817796708,0.7144551714995545,0.7365825058306745,0.712088472148953,0.7554746311251364
2023-05-11 17:00:00,0.547996800261263,0.5836659384397936,0.6703735082564081,0.6758223836267271,0.6696351232552911,0.7112777260295026
2023-05-11 18:00:00,0.47956888450376195,0.5535052870407952,0.6372025233431697,0.6222521088961379,0.6398241755091313,0.6394314832908008
2023-05-11 19:00:00,0.46866860986235376,0.5646947665457787,0.5862160183990467,0.5636090678225749,0.586817239694146,0.5926226942662217
2023-05-11 20:00:00,0.4529206081832774,0.4333596698617394,0.44465001313855845,0.45390420033844464,0.4325702698858155,0.46030927562092133
2023-05-11 21:00:00,0.0,0.0,0.0,0.0,0.0,0.02474264904130695
2023-05-11 22:00:00,0.0,0.0,0.0,0.0,0.0,0.0
2023-05-11 23:00:00,0.0,0.0,0.0,0.0,0.0,0.0
2023-05-12 00:00:00,0.0,0.0,0.0,0.0,0.0,0.0
2023-05-12 01:00:00,0.0,0.0,0.0,0.0,0.0,0.0
2023-05-12 02:00:00,0.0,0.0,0.0,0.0,0.0,0.0
2023-05-12 03:00:00,0.0,0.0,0.0,0.0,0.0,0.0
2023-05-12 04:00:00,0.0,0.0,0.0,0.0,0.0,0.0
2023-05-12 05:00:00,0.0,0.0,0.0,0.0,0.0,0.0
2023-05-12 06:00:00,0.02127710125471696,0.3617107213301883,0.3206168603682289,0.0,0.2798981527839556,0.10667321585201656
2023-05-12 07:00:00,0.5008056086029228,0.5105452865568397,0.504337808799511,0.5079117185788572,0.4792314612744773,0.48852167139445063
2023-05-12 08:00:00,0.6564642525030785,0.663608456248388,0.6679091405814903,0.6602408919210523,0.6472838294830393,0.6525760950630081
2023-05-12 09:00:00,0.7384378311131816,0.7388016002841028,0.7400179780449717,0.7359801054608155,0.7289548892576265,0.7313424586264279
2023-05-12 10:00:00,0.7735811034347102,0.7684539153982037,0.7650960581029513,0.7581397524806257,0.7779783483669361,0.7672278363672149
2023-05-12 11:00:00,0.7954042368884054,0.7890001729674385,0.7848118662478158,0.7831422870866046,0.8025521914545704,0.7901414132169766
2023-05-12 12:00:00,0.7771619603208738,0.711854776223699,0.7625367140084859,0.7807169346563352,0.7696241178344381,0.8050336134103446
2023-05-12 13:00:00,0.7601297792957766,0.6694840728487816,0.7450709249888011,0.7710378203874464,0.7471930659725603,0.8041879858672306
2023-05-12 14:00:00,0.7439347971825794,0.6569884451608905,0.7202268262306573,0.7639040445932596,0.713583099045598,0.8010435560061253
2023-05-12 15:00:00,0.727681668085125,0.6611590536730999,0.7166938945980851,0.7544104937586643,0.7206248557707761,0.78747899445356
2023-05-12 16:00:00,0.7013346534289293,0.6082621321264071,0.6788479310745394,0.7274192702205577,0.6715496076454454,0.7662558313994837
2023-05-12 17:00:00,0.6947308420802072,0.6214934342651895,0.6725556254131533,0.705219846047965,0.6785669906281832,0.7334148284904877
2023-05-12 18:00:00,0.6366903175756364,0.5540490185149725,0.6258725010620586,0.6521124755714048,0.6341394556723142,0.688737550837638
2023-05-12 19:00:00,0.5992263395285033,0.5733964623415843,0.5696782174698155,0.5874218090088628,0.5743407860511511,0.6054323588890234
2023-05-12 20:00:00,0.43429465124219524,0.4243266705624176,0.4226379805001385,0.4302608683939915,0.4277530152604026,0.4572760958272017
2023-05-12 21:00:00,0.0,0.0,0.0,0.0,0.0,0.0907985224074907
2023-05-12 22:00:00,0.0,0.0,0.0,0.0,0.0,0.0
2023-05-12 23:00:00,0.0,0.0,0.0,0.0,0.0,0.0
2023-05-13 00:00:00,0.0,0.0,0.0,0.0,0.0,0.0
2023-05-13 01:00:00,0.0,0.0,0.0,0.0,0.0,0.0
2023-05-13 02:00:00,0.0,0.0,0.0,0.0,0.0,0.0
2023-05-13 03:00:00,0.0,0.0,0.0,0.0,0.0,0.0
2023-05-13 04:00:00,0.0,0.0,0.0,0.0,0.0,0.0
2023-05-13 05:00:00,0.0,0.0,0.0,0.0,0.0,0.0
2023-05-13 06:00:00,0.11198244978815233,0.3640100063826616,0.3475750370951691,0.3538233299061874,0.34655584760255115,0.10233247567416698
2023-05-13 07:00:00,0.4721177118370874,0.49006809545046864,0.486087971591782,0.45337147161692737,0.5083073568423634,0.42600403093981515
2023-05-13 08:00:00,0.6293736499800301,0.6412805165954455,0.6382023206120299,0.6186549508556483,0.6576239638094229,0.5703281595254469
2023-05-13 09:00:00,0.6951629037101457,0.7135081390618181,0.7107616099320762,0.7001365187316694,0.7303275863880875,0.6756565259120886
2023-05-13 10:00:00,0.7558184641765073,0.7532858950564696,0.7482296142812538,0.7471427226792032,0.7645283742739437,0.7409918176377304
2023-05-13 11:00:00,0.7864286977747146,0.7759471459628351,0.7699268190723311,0.7728333278584038,0.7898052543228792,0.772808753730229
2023-05-13 12:00:00,0.7946950850030801,0.7839892610393061,0.7776126302175478,0.782004579631056,0.7987804858541487,0.7883094136389114
2023-05-13 13:00:00,0.795554893427632,0.7845999449075548,0.7779740322384658,0.7831617257197768,0.8002693028491394,0.788799103353233
2023-05-13 14:00:00,0.7917193143931558,0.77675323324325,0.7738558258281428,0.7805588046946951,0.7959361616979083,0.7858102892794592
2023-05-13 15:00:00,0.7830678704405301,0.7694081577592672,0.7639374730548836,0.769967776654865,0.7866899516649694,0.7741521103046748
2023-05-13 16:00:00,0.7628838894758313,0.745495639085484,0.743763432369362,0.7514789056242532,0.7656953490267984,0.7486858860833329
2023-05-13 17:00:00,0.7301172011220051,0.7209329259566214,0.7146461767716213,0.7217527457018431,0.7378676652105466,0.7164766885828029
2023-05-13 18:00:00,0.6853147939667864,0.6722501747141383,0.6664218387713876,0.6749543113906846,0.687099406165391,0.6595755974932581
2023-05-13 19:00:00,0.6029710113692138,0.5884280341403566,0.5822319315468891,0.5873417663994084,0.6007455242730549,0.5759639633471739
2023-05-13 20:00:00,0.43583074608823047,0.42674863691086856,0.42348749446683587,0.4287250542689226,0.4328314927059258,0.42495186355203846
2023-05-13 21:00:00,0.0,0.0,0.0,0.0,0.0,0.12643056377960574
2023-05-13 22:00:00,0.0,0.0,0.0,0.0,0.0,0.0
2023-05-13 23:00:00,0.0,0.0,0.0,0.0,0.0,0.0
2023-05-14 00:00:00,0.0,0.0,0.0,0.0,0.0,0.0
2023-05-14 01:00:00,0.0,0.0,0.0,0.0,0.0,0.0
2023-05-14 02:00:00,0.0,0.0,0.0,0.0,0.0,0.0
2023-05-14 03:00:00,0.0,0.0,0.0,0.0,0.0,0.0
2023-05-14 04:00:00,0.0,0.0,0.0,0.0,0.0,0.0
2023-05-14 05:00:00,0.0,0.0,0.0,0.0,0.0,0.0
2023-05-14 06:00:00,0.17803539469984483,0.3579042211391807,0.34736945377245904,0.36263727842527244,0.3456113066977847,0.16766856796409418
2023-05-14 07:00:00,0.49974591314740924,0.5089563362209872,0.5069067765095815,0.49725590084617644,0.5220443240257857,0.49317318273721045
2023-05-14 08:00:00,0.6517158822784598,0.6507487443703073,0.6476260824815082,0.6434084236359516,0.6630332548280582,0.6436281728303526
2023-05-14 09:00:00,0.7293260478896645,0.7216904371585804,0.717806695466616,0.7187407362022181,0.733887619221628,0.7206567317149069
2023-05-14 10:00:00,0.7697533199551279,0.7583115469544187,0.7525224653682028,0.7556354406335466,0.7667791471314018,0.7592937095933014
2023-05-14 11:00:00,0.7906949305162565,0.7785103731881842,0.7709629204364883,0.7749841779323874,0.7894795433721005,0.7788745674338603
2023-05-14 12:00:00,0.8032745285704275,0.7947303059010966,0.7874217561998123,0.8001019979637835,0.8003349469227077,0.7916244640675724
2023-05-14 13:00:00,0.8024732086717222,0.793825940180953,0.787323295624274,0.8050518150032528,0.7977318486452502,0.7937301755741207
2023-05-14 14:00:00,0.7970774073935618,0.7880637038723859,0.782838550546709,0.8022709608731011,0.7927639258138145,0.7910087934074338
2023-05-14 15:00:00,0.7830297674068377,0.7749072223267921,0.7703836784804464,0.7940175516342504,0.7786670759477562,0.7820563388659888
2023-05-14 16:00:00,0.7614375411357096,0.752094650082464,0.7467780727171708,0.7678230070617276,0.7512346620829767,0.7629826600401578
2023-05-14 17:00:00,0.7298800134325648,0.7189513027342505,0.7130072265379307,0.731244626137461,0.7183987075896545,0.7329362256925885
2023-05-14 18:00:00,0.6766901040174979,0.6643624287742792,0.6582536109930542,0.6685717427784029,0.6666657280968057,0.6855881300672888
2023-05-14 19:00:00,0.5898041512831659,0.5801948110719929,0.5744708133258102,0.5828198489706018,0.5820934143549663,0.608649337909525
2023-05-14 20:00:00,0.422991576824792,0.4211724228020437,0.4179783640332111,0.4261568941371658,0.42103066369580366,0.46098704679786645
2023-05-14 21:00:00,0.0,0.0,0.0,0.0,0.0,0.173993567768663
2023-05-14 22:00:00,0.0,0.0,0.0,0.0,0.0,0.0
2023-05-14 23:00:00,0.0,0.0,0.0,0.0,0.0,0.0
2023-05-15 00:00:00,0.0,0.0,0.0,0.0,0.0,0.0
2023-05-15 01:00:00,0.0,0.0,0.0,0.0,0.0,0.0
2023-05-15 02:00:00,0.0,0.0,0.0,0.0,0.0,0.0
2023-05-15 03:00:00,0.0,0.0,0.0,0.0,0.0,0.0
2023-05-15 04:00:00,0.0,0.0,0.0,0.0,0.0,0.0
2023-05-15 05:00:00,0.0,0.0,0.0,0.0,0.0,0.0
2023-05-15 06:00:00,0.24065040685137132,0.31822645915617165,0.31052764788915954,0.3230139680540784,0.31003235078963465,0.20237725651643468
2023-05-15 07:00:00,0.47636891030603357,0.48431712133307275,0.48209046927140015,0.47785239070002533,0.4907329331518053,0.4803845768751265
2023-05-15 08:00:00,0.6269231525262974,0.6250389672674391,0.6211147903787592,0.6180468075607113,0.629028408768896,0.6246186426229405
2023-05-15 09:00:00,0.7032569034481088,0.6976334157696665,0.6925324120362746,0.6928462694962481,0.7001587949485654,0.7032572391469794
2023-05-15 10:00:00,0.745338402925202,0.7371176069233382,0.7306352507329483,0.7330058109529168,0.738548334880268,0.7427942002746654
2023-05-15 11:00:00,0.768825809591459,0.7587541377815151,0.751108375545616,0.7547752407948789,0.7586084311376134,0.7637109859577468
2023-05-15 12:00:00,0.7778361375595217,0.7702652642623686,0.7630424843527848,0.768624398919051,0.769718564243751,0.7749739992463005
2023-05-15 13:00:00,0.770571420225354,0.7633565323551919,0.7595649090601995,0.7681268486685403,0.7654025029297971,0.7751158778574188
2023-05-15 14:00:00,0.6633179335137216,0.6907523318408842,0.6946220866774223,0.7309097202139263,0.6971553237525923,0.7591947931007923
2023-05-15 15:00:00,0.6556717973917199,0.5909155617231685,0.6322172575407493,0.6445066899044344,0.6394509856654988,0.7274605711523606
2023-05-15 16:00:00,0.5928192574492508,0.5088177687031973,0.5560496783369415,0.5944047830459572,0.5576670157516683,0.6968121683953716
2023-05-15 17:00:00,0.50150778728929,0.41068603652023805,0.4292958087733355,0.5436024078732293,0.41791007346989445,0.6586498161613583
2023-05-15 18:00:00,0.4328026401066354,0.38212768155185983,0.35391839317984186,0.4997178191586092,0.3328317502409319,0.5932593026726871
2023-05-15 19:00:00,0.272252872091285,0.31884870339092375,0.3047306469807105,0.43852682034967183,0.2638051588986595,0.45281313287882746
2023-05-15 20:00:00,0.19941571898974447,0.19287696011932937,0.20508675711788696,0.2657439771250405,0.1888041761282458,0.31364861258160054
2023-05-15 21:00:00,0.0,0.0,0.0,0.0,0.0,0.1784482078098755
2023-05-15 22:00:00,0.0,0.0,0.0,0.0,0.0,0.0
2023-05-15 23:00:00,0.0,0.0,0.0,0.0,0.0,0.0
2023-05-16 00:00:00,0.0,0.0,0.0,0.0,0.0,0.0
2023-05-16 01:00:00,0.0,0.0,0.0,0.0,0.0,0.0
2023-05-16 02:00:00,0.0,0.0,0.0,0.0,0.0,0.0
2023-05-16 03:00:00,0.0,0.0,0.0,0.0,0.0,0.0
2023-05-16 04:00:00,0.0,0.0,0.0,0.0,0.0,0.0
2023-05-16 05:00:00,0.0,0.0,0.0,0.0,0.0,0.0
2023-05-16 06:00:00,0.21431367449489155,0.2500223447856013,0.26993406653465735,0.27366739089942443,0.27160040477365127,0.2214932517947594
2023-05-16 07:00:00,0.4453750029290906,0.4677495298761495,0.45805127544654156,0.4105558970387454,0.47411739780756584,0.4262843870491912
2023-05-16 08:00:00,0.6035650427734388,0.611120201303367,0.6022079278064517,0.5759958379694241,0.6162077683732834,0.5880365236275382
2023-05-16 09:00:00,0.6799522562215515,0.6696114908165459,0.6583185777905497,0.6159866014503137,0.6772764364845371,0.6571861174521861
2023-05-16 10:00:00,0.7405097011033585,0.7256131313380284,0.6972848606967714,0.712780525868266,0.7045974763734193,0.7135526332523515
2023-05-16 11:00:00,0.7568211790212296,0.7530521826886553,0.73771392280776,0.6878682780277533,0.7529956532099646,0.7397440368911554
2023-05-16 12:00:00,0.7834460224309108,0.7687345355704781,0.7649545569463443,0.7682745724378764,0.7677317703558488,0.7682001982476817
2023-05-16 13:00:00,0.7288224975199057,0.7148855634138607,0.7178891374608833,0.7374863118458752,0.7094275679209403,0.7300236668652823
2023-05-16 14:00:00,0.6752782644880518,0.5836648495794274,0.5498410959947372,0.6647294649679251,0.5179252707367524,0.7340361591885006
2023-05-16 15:00:00,0.5424909788525154,0.3925649023267215,0.4946747558986122,0.5119870395413482,0.4941320711531919,0.6784866302403814
2023-05-16 16:00:00,0.4118157092418976,0.2720003944263032,0.3916224791443098,0.38893847500039674,0.4359891072812477,0.6111599412898193
2023-05-16 17:00:00,0.31923156004268227,0.26691605476653124,0.34950266113171874,0.46229553708644694,0.364438311780623,0.5387562969816876
2023-05-16 18:00:00,0.2561399859297535,0.2291892211152168,0.309042148291308,0.3580936878134772,0.3190989242722441,0.4216449627933104
2023-05-16 19:00:00,0.2440181625200084,0.32072291797783653,0.39147132381577415,0.28951739549065664,0.4166700566050758,0.4035029688449416
2023-05-16 20:00:00,0.2142254890118015,0.25810029828224873,0.27661446956404523,0.19884493661988606,0.2932525784977962,0.3169544808694855
2023-05-16 21:00:00,0.0,0.0,0.0,0.0,0.0,0.1920156522442152
2023-05-16 22:00:00,0.0,0.0,0.0,0.0,0.0,0.0
2023-05-16 23:00:00,0.0,0.0,0.0,0.0,0.0,0.0
2023-05-17 00:00:00,0.0,0.0,0.0,0.0,0.0,0.0
2023-05-17 01:00:00,0.0,0.0,0.0,0.0,0.0,0.0
2023-05-17 02:00:00,0.0,0.0,0.0,0.0,0.0,0.0
2023-05-17 03:00:00,0.0,0.0,0.0,0.0,0.0,0.0
2023-05-17 04:00:00,0.0,0.0,0.0,0.0,0.0,0.0
2023-05-17 05:00:00,0.0,0.0,0.0,0.0,0.0,0.0
2023-05-17 06:00:00,0.29114524063677066,0.29972399711485986,0.29885530915659214,0.309503761183606,0.30019994307336767,0.292874325852096
2023-05-17 07:00:00,0.4278567457802475,0.4771030369740214,0.48492070934241677,0.48145489504748795,0.49511033706151597,0.4901550163266824
2023-05-17 08:00:00,0.5747104442100025,0.6184806513542995,0.6250622897156975,0.6201881290019462,0.636249839125059,0.6398615031575277
2023-05-17 09:00:00,0.7090806088736443,0.6948163492448739,0.70216812347857,0.7103084683488319,0.7038807373871391,0.7194881322414988
2023-05-17 10:00:00,0.7445063469718165,0.7127505167190656,0.73234995265992,0.7444811545788651,0.7332077088091915,0.7605063095497978
2023-05-17 11:00:00,0.7792360398891025,0.7687880528055425,0.7673577839497238,0.7757063854360663,0.7643127360779757,0.7810137029894855
2023-05-17 12:00:00,0.7852793754501903,0.7645986569616219,0.7538427307734245,0.7777703217497592,0.7559745776862244,0.7915789018750247
2023-05-17 13:00:00,0.7943621978825759,0.790554208909544,0.7856624786039823,0.7907947425792743,0.7785879736818424,0.7933531594088182
2023-05-17 14:00:00,0.749959105146777,0.7574236221788678,0.7728226103153322,0.775935828874163,0.7661580803358795,0.7826810076304563
2023-05-17 15:00:00,0.7381514617283412,0.7332544624007086,0.7462769696076421,0.7603240599053426,0.7405584610579375,0.7657666694424539
2023-05-17 16:00:00,0.7091349896012273,0.7411736928462916,0.7286870275126418,0.7510828636870843,0.7115670646789507,0.7348914263851932
2023-05-17 17:00:00,0.6556378317150566,0.7010677144091026,0.6878477131625315,0.7076787597147242,0.6758891856191044,0.7031162517170302
2023-05-17 18:00:00,0.5620465878308241,0.5567345836399389,0.5880055827355157,0.6248377183333043,0.5614035631681045,0.6278547986752254
2023-05-17 19:00:00,0.506499457441298,0.48498295198051267,0.5284465466245335,0.5564342488223738,0.49213623882937135,0.5730465329486133
2023-05-17 20:00:00,0.37640488567740193,0.34201509375665645,0.3746547367652369,0.39778775770128955,0.3545534434870595,0.43681745389872123
2023-05-17 21:00:00,0.02109920634728915,0.0,0.0,0.0,0.0,0.25173354459094666
2023-05-17 22:00:00,0.0,0.0,0.0,0.0,0.0,0.0
2023-05-17 23:00:00,0.0,0.0,0.0,0.0,0.0,0.0
2023-05-18 00:00:00,0.0,0.0,0.0,0.0,0.0,0.0
2023-05-18 01:00:00,0.0,0.0,0.0,0.0,0.0,0.0
2023-05-18 02:00:00,0.0,0.0,0.0,0.0,0.0,0.0
2023-05-18 03:00:00,0.0,0.0,0.0,0.0,0.0,0.0
2023-05-18 04:00:00,0.0,0.0,0.0,0.0,0.0,0.0
2023-05-18 05:00:00,0.0,0.0,0.0,0.0,0.0,0.0
2023-05-18 06:00:00,0.29365325009024584,0.3047618573765897,0.3047784603295306,0.30918049305706014,0.3039288630048351,0.324847918183715
2023-05-18 07:00:00,0.4214550055317834,0.4478856526215983,0.4727207649041204,0.44502515742788434,0.4899581252594537,0.4851026528114835
2023-05-18 08:00:00,0.5475096751737757,0.5937398524114662,0.5923560154561769,0.5904163002064585,0.6062063703658919,0.6138324644429178
2023-05-18 09:00:00,0.6852197865949403,0.6599493336173465,0.6247861635769159,0.6748301934486383,0.6286020971418717,0.6715570604928908
2023-05-18 10:00:00,0.7437739826476942,0.7271839760814416,0.7164991557572856,0.7042223711581721,0.7241503134193342,0.6992206029059498
2023-05-18 11:00:00,0.7699575238831405,0.7701058406181652,0.7525144714235948,0.7816565610908766,0.7375387632893721,0.7439959892580839
2023-05-18 12:00:00,0.7342309775466207,0.7638946300892273,0.7590360245982356,0.7526965547794353,0.7569991214056769,0.7645804209233322
2023-05-18 13:00:00,0.7068306398785347,0.7366790576844982,0.7330544557322755,0.7418122071832386,0.732069485779587,0.7585111856373341
2023-05-18 14:00:00,0.7183042045640987,0.7192296798127116,0.6818352125153634,0.7108912447240765,0.6778480921218895,0.7368418485572188
2023-05-18 15:00:00,0.5657075216458392,0.633929557563433,0.6607780073194081,0.5246236899604834,0.6918596502103715,0.6755817375458946
2023-05-18 16:00:00,0.42666859855899264,0.4307237015958144,0.447649742372494,0.5045279200118149,0.4404914604990786,0.5969938095571728
2023-05-18 17:00:00,0.41703366749941906,0.38882598233042,0.3401539894856277,0.38407682385840236,0.3177664482901136,0.511749773692419
2023-05-18 18:00:00,0.3496063608419071,0.4722657883447029,0.4138463555647846,0.4537043539678495,0.4017539181507216,0.45603035767729594
2023-05-18 19:00:00,0.3032770396860231,0.42702905879973024,0.4446840978144943,0.46637616205738547,0.41922709904141325,0.4278144264986954
2023-05-18 20:00:00,0.19084797904325124,0.23100925246354387,0.30554213904500166,0.31369212448139516,0.2965832742845078,0.33175130811796333
2023-05-18 21:00:00,0.01770919449894777,0.0,0.0,0.0,0.0,0.21591313694854097
2023-05-18 22:00:00,0.0,0.0,0.0,0.0,0.0,0.0
2023-05-18 23:00:00,0.0,0.0,0.0,0.0,0.0,0.0
2023-05-19 00:00:00,0.0,0.0,0.0,0.0,0.0,0.0
2023-05-19 01:00:00,0.0,0.0,0.0,0.0,0.0,0.0
2023-05-19 02:00:00,0.0,0.0,0.0,0.0,0.0,0.0
2023-05-19 03:00:00,0.0,0.0,0.0,0.0,0.0,0.0
2023-05-19 04:00:00,0.0,0.0,0.0,0.0,0.0,0.0
2023-05-19 05:00:00,0.0,0.0,0.0,0.0,0.0,0.0
2023-05-19 06:00:00,0.3103798321449759,0.2857525491403058,0.2985249284005287,0.307762572365677,0.26529730816257435,0.292286608993196
2023-05-19 07:00:00,0.477194666172118,0.46825786758105237,0.49331100866434224,0.4968107491633317,0.4501171895692134,0.4539720702197103
2023-05-19 08:00:00,0.639397732695439,0.6484395571327358,0.6442005567196862,0.6446801485140112,0.6098266958807457,0.5754843077037672
2023-05-19 09:00:00,0.7092279775722076,0.7099636902456925,0.7043834042802436,0.7075843292678952,0.6892641499671329,0.6653554449027864
2023-05-19 10:00:00,0.749875271275554,0.7433053098065051,0.7373439896499437,0.7422773566730259,0.7410400623274136,0.7276017832967843
2023-05-19 11:00:00,0.7063062796803207,0.6880264831527558,0.702796208855544,0.708382748166375,0.7123938353858222,0.7397506174104368
2023-05-19 12:00:00,0.719438595037011,0.7058340297483569,0.7241727420152494,0.7010531686262398,0.7352353005033744,0.7442218944000273
2023-05-19 13:00:00,0.7125729339909908,0.741852070324193,0.7548230634684368,0.745900686185881,0.7534724910432388,0.731674840614458
2023-05-19 14:00:00,0.671170066669468,0.7033215004037289,0.7308569735255869,0.7372560874576654,0.7248982499734338,0.7142874714263031
2023-05-19 15:00:00,0.6832413070422884,0.7228673253764082,0.7351783141383269,0.7275965042874065,0.7382160782568953,0.7208305295379384
2023-05-19 16:00:00,0.6750105375572213,0.6969346333393445,0.7113541293296507,0.71648157593523,0.6967191082606763,0.6578374969028276
2023-05-19 17:00:00,0.6469835314908597,0.6879201964612512,0.6900980490005194,0.6870975968919953,0.6890742516064852,0.6479121156846118
2023-05-19 18:00:00,0.585053250971096,0.5671913669071508,0.5420313239207691,0.5823146122323686,0.5192084414595538,0.5527590855658705
2023-05-19 19:00:00,0.5711537450502492,0.511916466763851,0.5166469059902006,0.5726721495266913,0.4996206691977302,0.5188502290330347
2023-05-19 20:00:00,0.428726679573871,0.42661706555540735,0.4333201751294362,0.4295925529703819,0.4266909641126159,0.4190292390371271
2023-05-19 21:00:00,0.11838311682217041,0.0,0.0,0.34625841285974235,0.0,0.2764019224728741
2023-05-19 22:00:00,0.0,0.0,0.0,0.0,0.0,0.0
2023-05-19 23:00:00,0.0,0.0,0.0,0.0,0.0,0.0
2023-05-20 00:00:00,0.0,0.0,0.0,0.0,0.0,0.0
2023-05-20 01:00:00,0.0,0.0,0.0,0.0,0.0,0.0
2023-05-20 02:00:00,0.0,0.0,0.0,0.0,0.0,0.0
2023-05-20 03:00:00,0.0,0.0,0.0,0.0,0.0,0.0
2023-05-20 04:00:00,0.0,0.0,0.0,0.0,0.0,0.0
2023-05-20 05:00:00,0.0,0.0,0.0,0.0,0.0,0.0
2023-05-20 06:00:00,0.2782618561734214,0.3053901740491217,0.3085308021509188,0.28169911175842693,0.2961282139481039,0.24437680823633298
2023-05-20 07:00:00,0.49085656683376166,0.5058147509421356,0.49951013890147644,0.4975908194160568,0.47498642334179203,0.4495751525610906
2023-05-20 08:00:00,0.5459007811334784,0.5964234606994713,0.599773446368413,0.5897777868174694,0.5875424246433469,0.5955128532848581
2023-05-20 09:00:00,0.6939081821165941,0.6824827983834358,0.6870842581734836,0.6677776282101103,0.6883078186458258,0.6649799281028232
2023-05-20 10:00:00,0.7073244872151649,0.7087690851276317,0.6920255208251,0.7025400960287322,0.703010488131175,0.7027370703022345
2023-05-20 11:00:00,0.7159472334859531,0.7191584302883749,0.7208964723179045,0.7031901517079931,0.737494486942056,0.7126417089428172
2023-05-20 12:00:00,0.7014946233225435,0.6751030947182641,0.6845161966232426,0.686847016579517,0.6818938678734604,0.6911138803630256
2023-05-20 13:00:00,0.7174757970741962,0.7526560896398328,0.736404202889507,0.7393674454342032,0.7273163136613847,0.7051862184288555
2023-05-20 14:00:00,0.6051900841676584,0.6671239537327185,0.6843824783342205,0.640692063443068,0.6890050130350193,0.6625723149348081
2023-05-20 15:00:00,0.3982294747905726,0.4436778908891951,0.5702045863461153,0.5076257190930907,0.599158054957171,0.6271890825857476
2023-05-20 16:00:00,0.4311872367705792,0.39328950332953916,0.3819994852940811,0.425765947202073,0.37539810180836486,0.5673325452690278
2023-05-20 17:00:00,0.3924260382474487,0.45423828895693086,0.3865918279078932,0.29586153486502453,0.39905406483549744,0.4444075741556183
2023-05-20 18:00:00,0.224828790868709,0.28440959475904926,0.31075297561159915,0.2424341039250745,0.33349324890699444,0.2964553127662627
2023-05-20 19:00:00,0.2731625947882028,0.16979225650840493,0.22792116857092304,0.29775771385602046,0.23202420925309947,0.2847770837677595
2023-05-20 20:00:00,0.22369291162710123,0.09575213274691476,0.11267205591354952,0.16186106479342988,0.10347791716745725,0.2273391035354275
2023-05-20 21:00:00,0.10238165323021937,0.0,0.0,0.22225062464329987,0.0,0.14783907801223933
2023-05-20 22:00:00,0.0,0.0,0.0,0.0,0.0,0.0
2023-05-20 23:00:00,0.0,0.0,0.0,0.0,0.0,0.0
2023-05-21 00:00:00,0.0,0.0,0.0,0.0,0.0,0.0
2023-05-21 01:00:00,0.0,0.0,0.0,0.0,0.0,0.0
2023-05-21 02:00:00,0.0,0.0,0.0,0.0,0.0,0.0
2023-05-21 03:00:00,0.0,0.0,0.0,0.0,0.0,0.0
2023-05-21 04:00:00,0.0,0.0,0.0,0.0,0.0,0.0
2023-05-21 05:00:00,0.0,0.0,0.0,0.0,0.0,0.0
2023-05-21 06:00:00,0.12484438852800181,0.18866071260930228,0.22215703143288165,0.09402641257129087,0.2283082508356622,0.16646820057526535
2023-05-21 07:00:00,0.2115459716833798,0.28572042562211825,0.36365128860816476,0.184190393549852,0.3675330567124839,0.25109545249779563
2023-05-21 08:00:00,0.37624393401718265,0.5326066427774484,0.5441642880410071,0.3889317258373727,0.5501115911149957,0.39371765878003856
2023-05-21 09:00:00,0.4216183940455653,0.5940163198878801,0.598767832546372,0.47164631437812565,0.5956420747646777,0.44842632094880747
2023-05-21 10:00:00,0.47895303949612966,0.6385404440978768,0.6610722543820663,0.5508892186476042,0.6657384811203609,0.5373791764302053
2023-05-21 11:00:00,0.5719306024429189,0.6595176543559941,0.6313665344905244,0.5365563106974178,0.6695063717133445,0.5779208225540435
2023-05-21 12:00:00,0.44214965343224844,0.5850309717728519,0.6051640591432886,0.49580021353537607,0.6497044555351522,0.5050761614988937
2023-05-21 13:00:00,0.38675086798385117,0.3259224832094981,0.37665516339699107,0.3161863131204242,0.42036961430043895,0.5502634238153101
2023-05-21 14:00:00,0.4631566092275774,0.42063681713096307,0.4114619449512786,0.36701846573799324,0.4429746830307017,0.5724585748124594
2023-05-21 15:00:00,0.49751470266530995,0.38569235475785907,0.35645959346135997,0.3048603203202039,0.3766419862375786,0.5904292115969855
2023-05-21 16:00:00,0.5030753393170033,0.3698738409334573,0.28969263324443284,0.39860822545330776,0.28611310887844954,0.5692204488962191
2023-05-21 17:00:00,0.5986377711359936,0.4433643186085383,0.4035719115936283,0.6048739946000206,0.3179269560890713,0.5519227531744645
2023-05-21 18:00:00,0.3826145264636962,0.411804976975091,0.4486305547541322,0.5583208546316705,0.41863299491902595,0.5230090393325394
2023-05-21 19:00:00,0.3223781064319262,0.3503163187519426,0.37031475402716,0.4423068734466724,0.3545681728036461,0.44155567039466365
2023-05-21 20:00:00,0.322211476483334,0.34088308141662604,0.3528028873728475,0.3971603288100098,0.3149384980037282,0.3246762567453238
2023-05-21 21:00:00,0.16681577875155945,0.2541975893056707,0.27742914520627265,0.28417491100823616,0.2664702585602413,0.16758982116659552
2023-05-21 22:00:00,0.0,0.0,0.0,0.0,0.0,0.0
2023-05-21 23:00:00,0.0,0.0,0.0,0.0,0.0,0.0
2023-05-22 00:00:00,0.0,0.0,0.0,0.0,0.0,0.0
2023-05-22 01:00:00,0.0,0.0,0.0,0.0,0.0,0.0
2023-05-22 02:00:00,0.0,0.0,0.0,0.0,0.0,0.0
2023-05-22 03:00:00,0.0,0.0,0.0,0.0,0.0,0.0
2023-05-22 04:00:00,0.0,0.0,0.0,0.0,0.0,0.0
2023-05-22 05:00:00,0.0,0.0,0.0,0.0,0.0,0.0
2023-05-22 06:00:00,0.04921770583824389,0.0679240454112225,0.02736011741745348,0.01363002852709196,0.03714080759652124,0.005398629908371657
2023-05-22 07:00:00,0.09417597686966353,0.1061119683734367,0.04770121237716316,0.024370188638754342,0.07293397370061985,0.01764537563535207
2023-05-22 08:00:00,0.08822697271624622,0.03135026245688336,0.022569714334480923,0.0129566964030708,0.051139398325262514,0.04591866031389429
2023-05-22 09:00:00,0.1417933075128819,0.0648283280683896,0.03985272016581123,0.029976459605181176,0.05083738018436155,0.08819782559640599
2023-05-22 10:00:00,0.1264094148017414,0.06936972748508724,0.051714488165663895,0.05218380956922748,0.04926313846095638,0.11220745334956432
2023-05-22 11:00:00,0.20191116013031493,0.15543903557637406,0.09856045583925972,0.11309122950257182,0.09905515393825048,0.15709683358930185
2023-05-22 12:00:00,0.28370554839776446,0.32349208846259625,0.2283254225625642,0.2346006506135773,0.27973750479557197,0.3527327172210714
2023-05-22 13:00:00,0.29820105348741405,0.3031721464081383,0.2748689465182804,0.26478677160278624,0.2981106477477356,0.4341604682782727
2023-05-22 14:00:00,0.26155640779200967,0.3376199203625699,0.42002167088605363,0.4241494631065836,0.42190650230996896,0.47669173704823103
2023-05-22 15:00:00,0.27248527132489125,0.3403100196750849,0.3067410136674028,0.45861111550394307,0.2802641213714914,0.42543591797592073
2023-05-22 16:00:00,0.2708943119752218,0.3379585573659659,0.38923340887654223,0.33235545523699406,0.3705879409665281,0.4242053366381976
2023-05-22 17:00:00,0.2450471630024973,0.2854114319068232,0.31317800272228996,0.36224625199746074,0.2949449644769486,0.37091551642318943
2023-05-22 18:00:00,0.25846515754158855,0.19864087291557386,0.18232778929808033,0.11640247943679614,0.1822998428833987,0.2872523323520135
2023-05-22 19:00:00,0.21729288125458315,0.15136536710495652,0.08097102522920534,0.08607820538206618,0.07360034644027973,0.201150870808306
2023-05-22 20:00:00,0.08434062379705964,0.09504077259154566,0.06923353233916026,0.04884578107691931,0.08322857100311434,0.15192064207689196
2023-05-22 21:00:00,0.039359157585585516,0.08964888473895416,0.12028569482581011,0.10389079330026496,0.12028203837052832,0.0788269594739449
2023-05-22 22:00:00,0.0,0.0,0.0,0.0,0.0,0.0
2023-05-22 23:00:00,0.0,0.0,0.0,0.0,0.0,0.0
2023-05-23 00:00:00,0.0,0.0,0.0,0.0,0.0,0.0
2023-05-23 01:00:00,0.0,0.0,0.0,0.0,0.0,0.0
2023-05-23 02:00:00,0.0,0.0,0.0,0.0,0.0,0.0
2023-05-23 03:00:00,0.0,0.0,0.0,0.0,0.0,0.0
2023-05-23 04:00:00,0.0,0.0,0.0,0.0,0.0,0.0
2023-05-23 05:00:00,0.0,0.0,0.0,0.0,0.0,0.0
2023-05-23 06:00:00,0.015111747204315292,0.0001989220499515837,0.0,0.0007026518172934612,0.0,0.001171954318059239
2023-05-23 07:00:00,0.05166857627812312,0.04426685101099403,0.0286114784261513,0.03304791590218359,0.03882320498233684,0.019197226700850438
2023-05-23 08:00:00,0.25422949520374033,0.2608896315414641,0.13480525461341722,0.1467976347102631,0.12474279009929343,0.03836300866157289
2023-05-23 09:00:00,0.36068014801807735,0.3302523515372327,0.21361811648633613,0.1969934019297074,0.22495842429093924,0.06306634086365176
2023-05-23 10:00:00,0.36922957498428005,0.3155061948197446,0.25183555288481757,0.21656587557239346,0.2650970908570399,0.09513251281110784
2023-05-23 11:00:00,0.38636764401061313,0.3674954967535189,0.2651904851926084,0.20156818406024224,0.2937914501951968,0.10716232010245257
2023-05-23 12:00:00,0.41870119389854155,0.42710989901612295,0.31910634508713814,0.2599126988025577,0.37330070639922863,0.1860306183962285
2023-05-23 13:00:00,0.42834007923656636,0.4428021715472071,0.340318098502745,0.3223744595709774,0.3755733835691325,0.22413664550125434
2023-05-23 14:00:00,0.43412275433479947,0.3439552372783933,0.4269938327279169,0.37595543016501004,0.44904704734366735,0.25668358706202715
2023-05-23 15:00:00,0.48717604468115616,0.4922407859403771,0.5460510116096309,0.40788632705161826,0.5940157228729008,0.23515691053311663
2023-05-23 16:00:00,0.5003785261345792,0.43008778660464586,0.45314671883403335,0.35496091372424665,0.48246831864753525,0.21209008455823283
2023-05-23 17:00:00,0.4402604271761586,0.322625803549537,0.3727510116133658,0.29010958056710123,0.3776578312609071,0.19362982178896423
2023-05-23 18:00:00,0.20823622836792893,0.2270940324183113,0.23363016967103425,0.1733042556540218,0.26980106770649515,0.10500977080748658
2023-05-23 19:00:00,0.17309246761373148,0.24748527033654916,0.2778505152112268,0.16157313244533214,0.3029883439690998,0.09334539685486302
2023-05-23 20:00:00,0.07985475410256572,0.13679840690739903,0.1471677773630538,0.06690831073971884,0.16415135519529192,0.03561411941676336
2023-05-23 21:00:00,0.06232636299131273,0.18569957234467863,0.2021490351750509,0.09608922639186497,0.23208915253543536,0.019312206244546028
2023-05-23 22:00:00,0.0,0.0,0.0,0.0,0.0,0.0
2023-05-23 23:00:00,0.0,0.0,0.0,0.0,0.0,0.0
2023-05-24 00:00:00,0.0,0.0,0.0,0.0,0.0,0.0
2023-05-24 01:00:00,0.0,0.0,0.0,0.0,0.0,0.0
2023-05-24 02:00:00,0.0,0.0,0.0,0.0,0.0,0.0
2023-05-24 03:00:00,0.0,0.0,0.0,0.0,0.0,0.0
2023-05-24 04:00:00,0.0,0.0,0.0,0.0,0.0,0.0
2023-05-24 05:00:00,0.0,0.0,0.0,0.0,0.0,0.0
2023-05-24 06:00:00,0.2747438793336455,0.31782504692784225,0.29529675078973555,0.2600611046242203,0.27140577741194155,0.10495467131145621
2023-05-24 07:00:00,0.4525297701913166,0.5126747257289246,0.45766040357541143,0.48595907464383037,0.40617101307469866,0.17009094971461555
2023-05-24 08:00:00,0.5937196036259194,0.69000559475646,0.6689732472768477,0.5792653160858114,0.6367766873607593,0.27137895927884687
2023-05-24 09:00:00,0.5788832656621183,0.7076644329131809,0.6420470162300352,0.5530530500438711,0.6324896651965791,0.3812238006610286
2023-05-24 10:00:00,0.471326193123686,0.5391325052284648,0.48216245042766764,0.4749052429667921,0.505993580037963,0.3927428352773701
2023-05-24 11:00:00,0.4832282900273497,0.4341638534320374,0.332322666089608,0.31312681027330475,0.370822217462348,0.3527836685765358
2023-05-24 12:00:00,0.5202568461874227,0.4860527916120636,0.31074398876863396,0.27409686191428756,0.3665383445547812,0.2728260138599858
2023-05-24 13:00:00,0.5474280921033126,0.5544460216569583,0.402223134687974,0.32651360668310747,0.459789306916783,0.34831739586298954
2023-05-24 14:00:00,0.5283511427873128,0.6088479773756482,0.5925478346307128,0.5215073454714745,0.6216119307378611,0.371965893686936
2023-05-24 15:00:00,0.5193712225357233,0.5397816651759748,0.5116289479445636,0.3818815421087718,0.5532347754194673,0.3738429517161551
2023-05-24 16:00:00,0.5562356389182783,0.5221790514964566,0.42649019993752973,0.36939604218515143,0.4506543765721671,0.36209886386728124
2023-05-24 17:00:00,0.49768220160414045,0.514305005986489,0.3862999479853583,0.32994249164912404,0.4126890048089287,0.36606944545591813
2023-05-24 18:00:00,0.4410344238119398,0.5095136552485473,0.43923118028862096,0.2864948292205819,0.47454183473747635,0.3414792636453817
2023-05-24 19:00:00,0.16232986809479033,0.22063625779252938,0.2022752460119676,0.10455091064087968,0.2686251072759947,0.2424760362258804
2023-05-24 20:00:00,0.2889812713505603,0.2849381794156255,0.21187056042011365,0.15861137586366883,0.22881949719374856,0.2796282599278556
2023-05-24 21:00:00,0.16298637475634245,0.23121863327925649,0.23240274242919776,0.0916439532959833,0.26547729990249924,0.15485335024203636
2023-05-24 22:00:00,0.0,0.0,0.0,0.0,0.0,0.0
2023-05-24 23:00:00,0.0,0.0,0.0,0.0,0.0,0.0
2023-05-25 00:00:00,0.0,0.0,0.0,0.0,0.0,0.0
2023-05-25 01:00:00,0.0,0.0,0.0,0.0,0.0,0.0
2023-05-25 02:00:00,0.0,0.0,0.0,0.0,0.0,0.0
2023-05-25 03:00:00,0.0,0.0,0.0,0.0,0.0,0.0
2023-05-25 04:00:00,0.0,0.0,0.0,0.0,0.0,0.0
2023-05-25 05:00:00,0.0,0.0,0.0,0.0,0.0,0.0
2023-05-25 06:00:00,0.2043922513834082,0.16192479616583055,0.22262297025198546,0.24508061807589407,0.1953119358702235,0.2446079485838242
2023-05-25 07:00:00,0.4317710678323007,0.40448406613406995,0.41799594952944974,0.45038724366672406,0.37237327034940404,0.451188989791559
2023-05-25 08:00:00,0.5770210041779444,0.6017524845248801,0.6089601629696789,0.5945389781223626,0.573701896463021,0.5988355069021816
2023-05-25 09:00:00,0.6509963928945883,0.6495714927038191,0.6785672833422159,0.6722809601888996,0.6449603479238569,0.699672299460741
2023-05-25 10:00:00,0.6424073876374059,0.6739848979481597,0.703725638463324,0.7276983369410915,0.6628290588620716,0.6799121910800152
2023-05-25 11:00:00,0.6226950614143113,0.6139184092097366,0.6621428565958648,0.6504706885717241,0.6320015515742257,0.6667677429925664
2023-05-25 12:00:00,0.5600985500593971,0.5247538262775887,0.6273377938140228,0.6457962220633985,0.5923026976706133,0.6091191534685279
2023-05-25 13:00:00,0.6221997129965986,0.4362515090405236,0.506773432755293,0.6439411499872032,0.4742826371501928,0.6752139236472723
2023-05-25 14:00:00,0.6315120017656319,0.46224182378630524,0.5394876205163766,0.6003700445462062,0.5142433903870491,0.6202882653808796
2023-05-25 15:00:00,0.5954466192990026,0.5133801933096079,0.5948020252586151,0.6505004010682996,0.5765038871173245,0.6479909014622586
2023-05-25 16:00:00,0.5370109896386808,0.502249821729607,0.5436240650840533,0.4850425211582032,0.5640849038734523,0.5519173444104689
2023-05-25 17:00:00,0.48628225714441675,0.44193593975201734,0.4530273317694102,0.4297419357131166,0.4852094224654215,0.5912341396431188
2023-05-25 18:00:00,0.5380473129017783,0.4988381949700096,0.4822824706467947,0.5118234014955455,0.47975408803120984,0.5468181409560935
2023-05-25 19:00:00,0.346091694755412,0.2504279143465993,0.26039754496709505,0.265525950141666,0.2554022655300583,0.3891606424927364
2023-05-25 20:00:00,0.20372817923299447,0.2179239789091351,0.25170527732720943,0.2425170196549797,0.25485249639222896,0.277584473506189
2023-05-25 21:00:00,0.17363797823828725,0.18809341345775368,0.18565141718427253,0.16120465817047763,0.19149704527997422,0.19620712423599604
2023-05-25 22:00:00,0.0,0.0,0.0,0.0,0.0,0.0
2023-05-25 23:00:00,0.0,0.0,0.0,0.0,0.0,0.0
2023-05-26 00:00:00,0.0,0.0,0.0,0.0,0.0,0.0
2023-05-26 01:00:00,0.0,0.0,0.0,0.0,0.0,0.0
2023-05-26 02:00:00,0.0,0.0,0.0,0.0,0.0,0.0
2023-05-26 03:00:00,0.0,0.0,0.0,0.0,0.0,0.0
2023-05-26 04:00:00,0.0,0.0,0.0,0.0,0.0,0.0
2023-05-26 05:00:00,0.0,0.0,0.0,0.0,0.0,0.0
2023-05-26 06:00:00,0.31633323960462423,0.3238287476300188,0.32052477116172734,0.320699411645179,0.31463378599840003,0.31042743931252204
2023-05-26 07:00:00,0.5138378608540735,0.5170091974003101,0.520968901453767,0.5231401134527536,0.523049186989031,0.5121714907004427
2023-05-26 08:00:00,0.658200516401384,0.6515044377776411,0.6511796983982495,0.65421385731271,0.6548539163821122,0.646372225123226
2023-05-26 09:00:00,0.7316104133138558,0.7278912067271163,0.7224985340184397,0.7261110833088007,0.7258232337975091,0.7246194988178329
2023-05-26 10:00:00,0.7489163255238506,0.7245275541665823,0.7440242387751382,0.7541612396955764,0.7460191792184687,0.7586208090676287
2023-05-26 11:00:00,0.7617732090425503,0.7534610711849274,0.7599536379387575,0.7761243655956884,0.7596488613766484,0.7784756786521498
2023-05-26 12:00:00,0.7245925924311296,0.6771908933324847,0.6874767102375904,0.750556137974251,0.6772424703896226,0.7638344408385379
2023-05-26 13:00:00,0.7297168613186454,0.7187947768987576,0.7541742143230974,0.7470838578691724,0.7589779230837428,0.771833275008289
2023-05-26 14:00:00,0.7277602431217797,0.6821794135620758,0.7331010987839426,0.7527596136777988,0.7298034082902696,0.7708708685802762
2023-05-26 15:00:00,0.6285755495722588,0.4720399775689464,0.5470555101574037,0.6089421866580182,0.5350695106607111,0.7125169872455506
2023-05-26 16:00:00,0.6025821265870857,0.47316106072446446,0.56292503692098,0.6784630320610222,0.5321728810196921,0.7146890441624001
2023-05-26 17:00:00,0.6137872008698209,0.5127989727257712,0.543372680455927,0.6694148820948409,0.5160762988791388,0.6648471838999042
2023-05-26 18:00:00,0.49799932259565466,0.5425122336989205,0.5160722147410292,0.5506568391528927,0.5059040417573308,0.5518318254405868
2023-05-26 19:00:00,0.4134660864407142,0.3255887202673166,0.2738827416920912,0.3916796244534211,0.25752619563830964,0.46896560919961505
2023-05-26 20:00:00,0.3568125498889338,0.33472771505835774,0.30525640238864243,0.37014344591777987,0.2791201206482116,0.38477884575379834
2023-05-26 21:00:00,0.20687344441119607,0.19706264128906195,0.1919589687327518,0.1790608133502141,0.19379952665593245,0.21517431994543215
2023-05-26 22:00:00,0.0,0.0,0.0,0.0,0.0,0.0
2023-05-26 23:00:00,0.0,0.0,0.0,0.0,0.0,0.0
2023-05-27 00:00:00,0.0,0.0,0.0,0.0,0.0,0.0
2023-05-27 01:00:00,0.0,0.0,0.0,0.0,0.0,0.0
2023-05-27 02:00:00,0.0,0.0,0.0,0.0,0.0,0.0
2023-05-27 03:00:00,0.0,0.0,0.0,0.0,0.0,0.0
2023-05-27 04:00:00,0.0,0.0,0.0,0.0,0.0,0.0
2023-05-27 05:00:00,0.0,0.0,0.0,0.0,0.0,0.0
2023-05-27 06:00:00,0.22277138966138285,0.2005014273922737,0.2608434000379117,0.2475331620785598,0.25097872565462315,0.27447474168670927
2023-05-27 07:00:00,0.39009640505907256,0.3265315282726843,0.43881880505796295,0.4297474551372913,0.43444301876164376,0.46584955877231277
2023-05-27 08:00:00,0.5425012845236084,0.4433556509591349,0.5527264049523303,0.6015424153043294,0.5376950906354563,0.6322987974600852
2023-05-27 09:00:00,0.6449238179828667,0.5576191608240368,0.5946801197088966,0.6662125400637687,0.5868288799921197,0.706069841777754
2023-05-27 10:00:00,0.6724414065647676,0.5451141744336383,0.5764396260060702,0.6736966015200282,0.5630825155785126,0.7436894071445916
2023-05-27 11:00:00,0.637636057643447,0.5376517507818757,0.5735072644616291,0.6765286855149286,0.5687771227806977,0.7481582698960718
2023-05-27 12:00:00,0.7219332710439524,0.6477392979737343,0.6239218279712629,0.7112822689195839,0.6151681631917412,0.7588889036996491
2023-05-27 13:00:00,0.693571239425776,0.6059107723508089,0.6045606690397743,0.6930673398000933,0.5915730455322116,0.7174818203080817
2023-05-27 14:00:00,0.601377799701922,0.6568892107265588,0.6388553051018379,0.6909747885729657,0.6416597918296746,0.6578135687775668
2023-05-27 15:00:00,0.5559165016385192,0.5422981341908323,0.6247099139634094,0.6524516766330218,0.6109929344428054,0.6380920190816269
2023-05-27 16:00:00,0.5106471853066017,0.5338180498217344,0.6086518752930232,0.5306198996070927,0.6173666012444461,0.6013029868423683
2023-05-27 17:00:00,0.4442269009013825,0.4024891361282351,0.4682578338786287,0.29532190445275486,0.5004190028944944,0.49564089489071955
2023-05-27 18:00:00,0.44014498683818554,0.3611739392451789,0.3436911664378787,0.30809960591358354,0.34470634468800765,0.42139075108332896
2023-05-27 19:00:00,0.41841123709753375,0.33953287865520587,0.35338700460117134,0.35137584107276154,0.3239465115575883,0.30412698290307216
2023-05-27 20:00:00,0.35827521391473155,0.28567288774524874,0.3238483397298635,0.29523595388327906,0.3064226312457709,0.2980210075089338
2023-05-27 21:00:00,0.26005369166719594,0.24827055608071746,0.2361797869266942,0.2566954029626635,0.21687905364814977,0.2389272573567232
2023-05-27 22:00:00,0.0,0.0,0.0,0.0,0.0,0.0
2023-05-27 23:00:00,0.0,0.0,0.0,0.0,0.0,0.0
2023-05-28 00:00:00,0.0,0.0,0.0,0.0,0.0,0.0
2023-05-28 01:00:00,0.0,0.0,0.0,0.0,0.0,0.0
2023-05-28 02:00:00,0.0,0.0,0.0,0.0,0.0,0.0
2023-05-28 03:00:00,0.0,0.0,0.0,0.0,0.0,0.0
2023-05-28 04:00:00,0.0,0.0,0.0,0.0,0.0,0.0
2023-05-28 05:00:00,0.0,0.0,0.0,0.0,0.0,0.0
2023-05-28 06:00:00,0.2634052034117842,0.3245287308495031,0.3215269923076651,0.3106634417516604,0.31673545107698026,0.22350205605113896
2023-05-28 07:00:00,0.4452228654242316,0.531645658490247,0.5186602467002794,0.4777324283867886,0.5139023362773163,0.3454378937944416
2023-05-28 08:00:00,0.5501113752038401,0.6663735492929628,0.6565340368509957,0.6404493665273836,0.6446312333550822,0.3956371365733777
2023-05-28 09:00:00,0.6932775530820858,0.7346189706717985,0.7089624906663627,0.7142170177666294,0.681932732154373,0.4687788833258874
2023-05-28 10:00:00,0.7383264714892882,0.7651591626760532,0.7416096929230901,0.7287731313691197,0.7412056653047681,0.5566435015754447
2023-05-28 11:00:00,0.7367687279418864,0.7578332759786386,0.749025820638849,0.745530592948603,0.7483332175655714,0.6232056028150328
2023-05-28 12:00:00,0.7043840328257943,0.6836496604309006,0.6723569758582033,0.604340398677506,0.6900087787941153,0.6344316993699582
2023-05-28 13:00:00,0.666624191282323,0.695368988862774,0.6842815085002651,0.5818299065296451,0.7155302911418215,0.6662797546400315
2023-05-28 14:00:00,0.6259448505352843,0.6942386905772658,0.6844002024298126,0.7028567026882759,0.6829242821785557,0.635272707831062
2023-05-28 15:00:00,0.6704388798268335,0.6235227514741407,0.6109725645100857,0.6588792794601325,0.5825604944480292,0.6633517585612252
2023-05-28 16:00:00,0.6613842127565583,0.7062354649206872,0.7074472034712781,0.6910861048307574,0.7092937565503747,0.6572944531262327
2023-05-28 17:00:00,0.629714178742101,0.6067178090823786,0.6026143506019728,0.5690822510143794,0.6005290113359933,0.6173076751217664
2023-05-28 18:00:00,0.5756372275918922,0.5892402117866326,0.6265822965980583,0.6154153939542286,0.6326333510087897,0.5452472781742214
2023-05-28 19:00:00,0.5545898777164474,0.47112941162131394,0.4242407267368946,0.5339071561170218,0.4033265161097906,0.5305000332735779
2023-05-28 20:00:00,0.47044700584560734,0.4282927384435483,0.3787389485091882,0.4142170371763219,0.36326139187417644,0.4577101202607206
2023-05-28 21:00:00,0.28105137207141484,0.2907217139471739,0.27606167481785504,0.2836515420477862,0.2671613900475327,0.2800414680000584
2023-05-28 22:00:00,0.0,0.0,0.0,0.0,0.0,0.0
2023-05-28 23:00:00,0.0,0.0,0.0,0.0,0.0,0.0
2023-05-29 00:00:00,0.0,0.0,0.0,0.0,0.0,0.0
2023-05-29 01:00:00,0.0,0.0,0.0,0.0,0.0,0.0
2023-05-29 02:00:00,0.0,0.0,0.0,0.0,0.0,0.0
2023-05-29 03:00:00,0.0,0.0,0.0,0.0,0.0,0.0
2023-05-29 04:00:00,0.0,0.0,0.0,0.0,0.0,0.0
2023-05-29 05:00:00,0.0,0.0,0.0,0.0,0.0,0.0
2023-05-29 06:00:00,0.33142867337210496,0.3490817745024439,0.3516233538806172,0.3458725517663501,0.3262636081363022,0.2783666804254133
2023-05-29 07:00:00,0.5275921195084926,0.5627237650766612,0.5619014970057956,0.559870424551915,0.5246446000565468,0.45389310859583154
2023-05-29 08:00:00,0.6569370235307271,0.6945543225969888,0.6923552333139616,0.6958597388716343,0.6421056449599714,0.5574303119317641
2023-05-29 09:00:00,0.739332289359693,0.7538089206588702,0.7461764611470996,0.755592284412266,0.7188415362320447,0.6710978329604272
2023-05-29 10:00:00,0.7792017764977944,0.7877529542359021,0.7812002447573755,0.7941208698172983,0.7598611153756548,0.6731076230741531
2023-05-29 11:00:00,0.7953939256989887,0.7825178765485444,0.793298523550127,0.8086356863544548,0.7757162653511065,0.7007806305851534
2023-05-29 12:00:00,0.7859472196733044,0.7774130133408396,0.7987840447794371,0.7995023165710674,0.7662854511294297,0.6619169914345515
2023-05-29 13:00:00,0.8053837563449302,0.8134712832358896,0.8128947399217691,0.8247137983650953,0.801321086527245,0.7274862556401822
2023-05-29 14:00:00,0.7911848432486785,0.7941294805687323,0.8060585100500758,0.8226664201142542,0.7847744602615055,0.7180939151709209
2023-05-29 15:00:00,0.7643774581882115,0.7770557283373297,0.7923818740576213,0.8113728967893475,0.7680320665187994,0.7146902176975082
2023-05-29 16:00:00,0.7758396912673496,0.7628932357405477,0.7762344982329796,0.7933882809667299,0.7468651353219711,0.7043584716480911
2023-05-29 17:00:00,0.7318743537944697,0.6753979172369451,0.7213591978106763,0.7495362657164525,0.7021474130576726,0.6838816944792838
2023-05-29 18:00:00,0.6994184561896233,0.6510616539073849,0.6704777363287364,0.712923624096951,0.6287187658547138,0.6324200990458366
2023-05-29 19:00:00,0.6283281476683107,0.5861341634123252,0.6089847494496011,0.644540802062448,0.5914635403313333,0.5878814419108559
2023-05-29 20:00:00,0.4853651488950052,0.44856942553303353,0.48173412163891843,0.5093761331336977,0.46861043124906937,0.487081794277107
2023-05-29 21:00:00,0.30822862574382487,0.29945809174934235,0.30367136619919516,0.3162450581681757,0.29698853570283645,0.3112202969989181
2023-05-29 22:00:00,0.0,0.0,0.0,0.0,0.0,0.0
2023-05-29 23:00:00,0.0,0.0,0.0,0.0,0.0,0.0
2023-05-30 00:00:00,0.0,0.0,0.0,0.0,0.0,0.0
2023-05-30 01:00:00,0.0,0.0,0.0,0.0,0.0,0.0
2023-05-30 02:00:00,0.0,0.0,0.0,0.0,0.0,0.0
2023-05-30 03:00:00,0.0,0.0,0.0,0.0,0.0,0.0
2023-05-30 04:00:00,0.0,0.0,0.0,0.0,0.0,0.0
2023-05-30 05:00:00,0.0,0.0,0.0,0.0,0.0,0.0
2023-05-30 06:00:00,0.2962760944901333,0.36321641037554714,0.3656264244224675,0.36262519857955006,0.3645422876458489,0.24818666508882037
2023-05-30 07:00:00,0.46979653079126454,0.5572117634292266,0.5380407435948289,0.5635142768371247,0.5292679647078371,0.4079759684256906
2023-05-30 08:00:00,0.5957342662968714,0.6995000077058029,0.6971780944237906,0.6959605067776597,0.6873672475274458,0.5564581535530615
2023-05-30 09:00:00,0.74932108473705,0.7589272785999291,0.751509259744996,0.7358192349396835,0.7533189863631604,0.6707749845444562
2023-05-30 10:00:00,0.76546980676166,0.8046416154041154,0.7987892711713216,0.8108637224297296,0.7894467337707417,0.6856522326560829
2023-05-30 11:00:00,0.7852019596854137,0.8240612686276931,0.8173022482635568,0.832243795821705,0.812247988436277,0.698715111162615
2023-05-30 12:00:00,0.7969897552943552,0.819287427625542,0.8169516445458932,0.8370361979476582,0.8069535409510418,0.66483877096042
2023-05-30 13:00:00,0.8084025058834072,0.8183442070916334,0.8130961469301443,0.8353121012891178,0.8024436642375417,0.6855207076979584
2023-05-30 14:00:00,0.8095154003492055,0.8233826655029626,0.8177206042006329,0.83665227885798,0.809437484842325,0.756444094783867
2023-05-30 15:00:00,0.80333787205927,0.8074187101977369,0.8061729620258312,0.8221914831451993,0.7935547529731847,0.7697202303525554
2023-05-30 16:00:00,0.7515506461624943,0.722900987705559,0.7598677392034506,0.7816887417958693,0.7513385532266993,0.7608741329822425
2023-05-30 17:00:00,0.7521778381091156,0.7405969251276974,0.7518855612132394,0.7714869477462362,0.7384914718271491,0.7411272608686428
2023-05-30 18:00:00,0.7133392182660713,0.7043892031331687,0.7132402981986257,0.7318651705163509,0.6958202008930714,0.7006161547746487
2023-05-30 19:00:00,0.6447817469874716,0.6144052353345222,0.6339565855770766,0.659571151139092,0.6226060528501582,0.637280173011262
2023-05-30 20:00:00,0.4909980649038425,0.42763183398639143,0.4782446392563826,0.5138899226986786,0.46125003346685584,0.47827359958354737
2023-05-30 21:00:00,0.31259650474057027,0.30020052472163417,0.3058754567483794,0.3229031270341906,0.29668320843623436,0.2868733319360705
2023-05-30 22:00:00,0.0,0.0,0.0,0.0,0.0,0.0
2023-05-30 23:00:00,0.0,0.0,0.0,0.0,0.0,0.0
2023-05-31 00:00:00,0.0,0.0,0.0,0.0,0.0,0.0
2023-05-31 01:00:00,0.0,0.0,0.0,0.0,0.0,0.0
2023-05-31 02:00:00,0.0,0.0,0.0,0.0,0.0,0.0
2023-05-31 03:00:00,0.0,0.0,0.0,0.0,0.0,0.0
2023-05-31 04:00:00,0.0,0.0,0.0,0.0,0.0,0.0
2023-05-31 05:00:00,0.0,0.0,0.0,0.0,0.0,0.0
2023-05-31 06:00:00,0.3258225122675837,0.35618029799017265,0.35015691477438665,0.3154804566031992,0.35597761960102015,0.25127962774671625
2023-05-31 07:00:00,0.5318666617793784,0.5612631155870903,0.5500737095668939,0.5182455592107893,0.5616332494838989,0.36849947950396855
2023-05-31 08:00:00,0.657411624774267,0.6953948777220842,0.6900516393215415,0.6837604119044516,0.6944755361079179,0.4981427186576989
2023-05-31 09:00:00,0.715030255287465,0.7614358497301673,0.7519612259526602,0.7334345196525852,0.756918031191643,0.5382330213797685
2023-05-31 10:00:00,0.7899793915786323,0.7968578511915551,0.7880315772455273,0.7838260662810054,0.7891242866848371,0.59786217025684
2023-05-31 11:00:00,0.7893521467046032,0.8149022246910312,0.8002278630782204,0.7696643081843562,0.8044267552901917,0.6122284854679685
2023-05-31 12:00:00,0.7603620550473286,0.7864704954339078,0.7577757206759774,0.5784462603197936,0.7844764543993805,0.4828241665141606
2023-05-31 13:00:00,0.7398592808179023,0.739224441519093,0.7258194488699167,0.6280466513561402,0.747915069502525,0.6171557406582326
2023-05-31 14:00:00,0.7174564942570362,0.7404120923835185,0.735113296468004,0.7007332560534248,0.7419247059544909,0.5906925645427814
2023-05-31 15:00:00,0.6673952685110072,0.7672887322756958,0.7479026885980176,0.7735620615726678,0.7446233280349813,0.6354601463520319
2023-05-31 16:00:00,0.6626528363324511,0.6427059008881084,0.6433469276449424,0.6812333105457784,0.6362941436922057,0.5586382102106751
2023-05-31 17:00:00,0.5779855787686193,0.6677253702032969,0.6853582543130502,0.7177473873028126,0.6726094255009571,0.5463352595700175
2023-05-31 18:00:00,0.47052471313812017,0.5518717865218633,0.511968054421614,0.6146555133651885,0.502294013411988,0.5432390846933289
2023-05-31 19:00:00,0.5425625166822964,0.48083611068605514,0.5284373730735179,0.6119826387641961,0.48957956889287363,0.46684325611177946
2023-05-31 20:00:00,0.3807897220499068,0.28612500252249323,0.3278325768249784,0.46698224660003357,0.27320979492036934,0.36338893441288567
2023-05-31 21:00:00,0.23634861980151048,0.25673059184055447,0.2650373874543509,0.2826753183702533,0.2573147370482313,0.26494781654793426
2023-05-31 22:00:00,0.0,0.0,0.0,0.0,0.0,0.0
2023-05-31 23:00:00,0.0,0.0,0.0,0.0,0.0,0.0
2023-06-01 00:00:00,0.0,0.0,0.0,0.0,0.0,0.0
2023-06-01 01:00:00,0.0,0.0,0.0,0.0,0.0,0.0
2023-06-01 02:00:00,0.0,0.0,0.0,0.0,0.0,0.0
2023-06-01 03:00:00,0.0,0.0,0.0,0.0,0.0,0.0
2023-06-01 04:00:00,0.0,0.0,0.0,0.0,0.0,0.0
2023-06-01 05:00:00,0.0,0.0,0.0,0.0,0.0,0.0
2023-06-01 06:00:00,0.3099986658857233,0.29402388972062915,0.3071076530253989,0.304833820769411,0.2980277403579002,0.30371319964738397
2023-06-01 07:00:00,0.47794158893224564,0.4798136609531363,0.46693284701800525,0.5092947373316674,0.46020304769434844,0.5100654323748265
2023-06-01 08:00:00,0.6332228697045806,0.597199881204255,0.5536131719314069,0.6492619946558281,0.531728341326932,0.6245521647015208
2023-06-01 09:00:00,0.7153182257391623,0.6778188361268936,0.6192929617168503,0.7119830617338967,0.6105784062052573,0.7064159148898992
2023-06-01 10:00:00,0.7881371982870495,0.726017869935575,0.656887898357049,0.752647151438027,0.6501177131053317,0.7693993825607243
2023-06-01 11:00:00,0.8083571498304183,0.7243701176326246,0.6296291363243823,0.760492722475156,0.6103401659644262,0.7844846289024968
2023-06-01 12:00:00,0.7494056157702161,0.713320461946093,0.7036409280154221,0.7571947724165302,0.6973277128398426,0.7837075790503846
2023-06-01 13:00:00,0.6374686987285358,0.6475075284462962,0.6847319220071838,0.6247388286629273,0.7082025754608563,0.6769436148367752
2023-06-01 14:00:00,0.6307090097485188,0.6353464172184786,0.6273956197752758,0.5818525522750938,0.6404451941729304,0.6330106319912585
2023-06-01 15:00:00,0.6283077752512412,0.6973760510940538,0.7351423633668199,0.6958612279736561,0.7373359482477737,0.636143379494224
2023-06-01 16:00:00,0.5788958285651237,0.5973446441833412,0.5803376838014834,0.5388274411195016,0.5913512325066778,0.5514310955728536
2023-06-01 17:00:00,0.597785766641654,0.552809915922839,0.5037467965944806,0.47107223175115426,0.5214265011280816,0.4999170447993688
2023-06-01 18:00:00,0.5302215887649536,0.48015997098939184,0.5188201937697804,0.39791474462747384,0.5624493537591392,0.4475975977705891
2023-06-01 19:00:00,0.5188459535705432,0.5409053202571487,0.5169612876335616,0.4598686612114392,0.5522518126138385,0.48750973113337553
2023-06-01 20:00:00,0.40730089267676645,0.47068908951166255,0.4830306318349653,0.47556717658861625,0.49448832668699483,0.4281235679100021
2023-06-01 21:00:00,0.2692742814086808,0.26020388553661866,0.23998202503881474,0.25485710611778856,0.24727878675460682,0.2989701060544314
2023-06-01 22:00:00,0.0,0.0,0.0,0.0,0.0,0.0
2023-06-01 23:00:00,0.0,0.0,0.0,0.0,0.0,0.0
2023-06-02 00:00:00,0.0,0.0,0.0,0.0,0.0,0.0
2023-06-02 01:00:00,0.0,0.0,0.0,0.0,0.0,0.0
2023-06-02 02:00:00,0.0,0.0,0.0,0.0,0.0,0.0
2023-06-02 03:00:00,0.0,0.0,0.0,0.0,0.0,0.0
2023-06-02 04:00:00,0.0,0.0,0.0,0.0,0.0,0.0
2023-06-02 05:00:00,0.0,0.0,0.0,0.0,0.0,0.0
2023-06-02 06:00:00,0.35006019561018914,0.36386485893633674,0.353781330074435,0.3537941786700291,0.3448589270240259,0.334361830798052
2023-06-02 07:00:00,0.5597497344382023,0.5658539749480567,0.5550036461408101,0.5587349589026148,0.5520064399357207,0.5279025324796017
2023-06-02 08:00:00,0.6905177859751753,0.6903766216202024,0.6780196910010682,0.6832800037701602,0.6671943435029624,0.664027904076949
2023-06-02 09:00:00,0.7556776399443512,0.7528855225696665,0.740335134548074,0.7464649899156669,0.7326991481109701,0.7338108593695755
2023-06-02 10:00:00,0.78696595658279,0.7829861317730183,0.7706590013980249,0.7775779049695442,0.7623458064507536,0.7708789286478883
2023-06-02 11:00:00,0.80566658158154,0.799722867384565,0.7831237257546587,0.8077547680592415,0.7707695215396557,0.7685979788988977
2023-06-02 12:00:00,0.8038885575120276,0.8110728839091244,0.7958804846492573,0.8155228277352181,0.7910011643205858,0.7644976059142693
2023-06-02 13:00:00,0.8031781589117888,0.8125035282566226,0.7982264614526751,0.8225253658389203,0.7879767052906844,0.7436654697735166
2023-06-02 14:00:00,0.7878042676884741,0.8101724565875962,0.7948045230480091,0.8233129966545206,0.7834167141279611,0.7264833993870276
2023-06-02 15:00:00,0.7508107171317052,0.7937835926767635,0.7750020418566181,0.8081482991266195,0.7611402929862303,0.7254599321986753
2023-06-02 16:00:00,0.776406506155579,0.7774796786655183,0.7652144216790359,0.7789170357139054,0.7584590570825659,0.7173501660750885
2023-06-02 17:00:00,0.6071408016482813,0.6702018578351422,0.6528634742604862,0.6075358397614211,0.6799104211529281,0.6927474106701456
2023-06-02 18:00:00,0.50510956052785,0.6011133387446903,0.6019046558973112,0.42614303327150044,0.6765642320425339,0.5995381489284607
2023-06-02 19:00:00,0.6335267609066182,0.6119483535325656,0.5859196238997033,0.5608313678686113,0.5960012528771457,0.5722722303428952
2023-06-02 20:00:00,0.5082812317589126,0.5067551521504455,0.500828628161105,0.509519151789006,0.5030893274367968,0.4615630472076893
2023-06-02 21:00:00,0.3046158666965926,0.30427467906354644,0.30328095397812244,0.30755069679291525,0.3025622356039768,0.313613066382421
2023-06-02 22:00:00,0.0,0.0,0.0,0.0,0.0,0.0
2023-06-02 23:00:00,0.0,0.0,0.0,0.0,0.0,0.0
2023-06-03 00:00:00,0.0,0.0,0.0,0.0,0.0,0.0
2023-06-03 01:00:00,0.0,0.0,0.0,0.0,0.0,0.0
2023-06-03 02:00:00,0.0,0.0,0.0,0.0,0.0,0.0
2023-06-03 03:00:00,0.0,0.0,0.0,0.0,0.0,0.0
2023-06-03 04:00:00,0.0,0.0,0.0,0.0,0.0,0.0
2023-06-03 05:00:00,0.0,0.0,0.0,0.0,0.0,0.0
2023-06-03 06:00:00,0.34380961018553313,0.3555725770572931,0.3504382781501529,0.3534865219695504,0.3487396263392458,0.34238645766994813
2023-06-03 07:00:00,0.5510696556557964,0.5589206670638015,0.552853867448963,0.5558610447685773,0.5518545392368938,0.5442684789119648
2023-06-03 08:00:00,0.6777342503498116,0.6798952081710762,0.6711092857109184,0.6751322383201213,0.6659806924609769,0.6718764493869872
2023-06-03 09:00:00,0.7417707656788801,0.7397986446372986,0.7322102941752975,0.7362862900731528,0.73204161578805,0.7374379575899911
2023-06-03 10:00:00,0.7730333971564438,0.7688304862868423,0.7610906899213223,0.7659429829919594,0.7636187583184049,0.770289128165193
2023-06-03 11:00:00,0.7915377887190977,0.7870423846581932,0.7791755815430642,0.7846554150830831,0.7832108806774464,0.7882181590549348
2023-06-03 12:00:00,0.7933885194012513,0.7921493137841873,0.784861687180442,0.7951454212231728,0.7889418037022895,0.7972246208319145
2023-06-03 13:00:00,0.7935901765385383,0.7927388403089201,0.7848550690995569,0.7995318267793735,0.7881767452013859,0.7951028770593815
2023-06-03 14:00:00,0.748541776967453,0.7731380870662251,0.7714066272430671,0.7785161193872479,0.7801870943322462,0.7875358015068202
2023-06-03 15:00:00,0.6656376567125346,0.7304977645827379,0.7337643935246537,0.715825879343813,0.7590083151386137,0.7703361402991966
2023-06-03 16:00:00,0.68372689252389,0.7232590152916203,0.7190537816794342,0.6942983124627772,0.7351385897775555,0.7371734138200661
2023-06-03 17:00:00,0.6483177622135683,0.6526216347303965,0.6314739595319262,0.582864901561695,0.6613394195649506,0.699453437174006
2023-06-03 18:00:00,0.6129060547502221,0.6153654550296377,0.5863454056378073,0.4763503828022095,0.6337971579004278,0.6237344316556807
2023-06-03 19:00:00,0.43857394998315247,0.5066653446044096,0.49325192868038936,0.3968905928156713,0.5571308344814712,0.5585426308816931
2023-06-03 20:00:00,0.4054975568652225,0.4511504690631735,0.4592609946027531,0.4389387052303692,0.48552611018851366,0.5024732338677054
2023-06-03 21:00:00,0.28185095988752584,0.2873034227893091,0.2849563894968837,0.29257672668559187,0.2907619580967868,0.3237588292625116
2023-06-03 22:00:00,0.0,0.0,0.0,0.0,0.0,0.0
2023-06-03 23:00:00,0.0,0.0,0.0,0.0,0.0,0.0
2023-06-04 00:00:00,0.0,0.0,0.0,0.0,0.0,0.0
2023-06-04 01:00:00,0.0,0.0,0.0,0.0,0.0,0.0
2023-06-04 02:00:00,0.0,0.0,0.0,0.0,0.0,0.0
2023-06-04 03:00:00,0.0,0.0,0.0,0.0,0.0,0.0
2023-06-04 04:00:00,0.0,0.0,0.0,0.0,0.0,0.0
2023-06-04 05:00:00,0.0,0.0,0.0,0.0,0.0,0.0
2023-06-04 06:00:00,0.32237895327266886,0.3508068028980952,0.34791290866717534,0.347933807664125,0.3508377120622347,0.3157022524744043
2023-06-04 07:00:00,0.5283847596725315,0.5532757620905273,0.5505739067981622,0.5521364352988979,0.5548956890452328,0.5070953627475157
2023-06-04 08:00:00,0.6589546501482583,0.6767734932469894,0.6707559675274825,0.6814888778407253,0.670886913917949,0.6541787653786959
2023-06-04 09:00:00,0.7170496645594384,0.7459863697698216,0.7390129355315208,0.756686454461704,0.7354293427772113,0.696903160207762
2023-06-04 10:00:00,0.7631071773417588,0.77187284266977,0.7643537907884632,0.7685700867278135,0.7664406059714927,0.7489315899230782
2023-06-04 11:00:00,0.8003521901076631,0.7990882937363335,0.7925362916865332,0.8165948199184135,0.7884199711365171,0.7807554546391503
2023-06-04 12:00:00,0.8131860702574468,0.8099269565193347,0.8029567084074853,0.8290332599856975,0.7961528192370175,0.7977921606555246
2023-06-04 13:00:00,0.8165692197979999,0.8120608575805706,0.8061183734452882,0.8321518727898423,0.794262765103943,0.8078334813463024
2023-06-04 14:00:00,0.8092453339453766,0.797847638115169,0.7904818635709453,0.8260726005123551,0.7775612876262933,0.8087078182508236
2023-06-04 15:00:00,0.770147426723137,0.7239528146443385,0.7663151069538386,0.8054662300212215,0.7445171302241395,0.8036755308954924
2023-06-04 16:00:00,0.7569608147443193,0.6909153428924597,0.7184163548574631,0.7775081970295735,0.6889141431918652,0.7919637976126025
2023-06-04 17:00:00,0.7446307078041975,0.7010981000773817,0.7375208869859953,0.7712911485681881,0.6965340864296853,0.7702051709830576
2023-06-04 18:00:00,0.7034796825288502,0.6535467487810905,0.6827990530062733,0.7201516837255979,0.6591456891630372,0.7338466609261008
2023-06-04 19:00:00,0.6553247482576534,0.632457793027915,0.6202249249590848,0.6552879909354198,0.6114778013612279,0.6696670713500518
2023-06-04 20:00:00,0.5160381321608938,0.47920762194390526,0.49520005541161005,0.5222042288153862,0.4815237009173238,0.5537234579370249
2023-06-04 21:00:00,0.32295432016754516,0.3085372278854932,0.30964293661927894,0.3246404187187111,0.29680428975257195,0.3562927112307686
2023-06-04 22:00:00,0.0,0.0,0.0,0.0,0.0,0.0
2023-06-04 23:00:00,0.0,0.0,0.0,0.0,0.0,0.0
2023-06-05 00:00:00,0.0,0.0,0.0,0.0,0.0,0.0
2023-06-05 01:00:00,0.0,0.0,0.0,0.0,0.0,0.0
2023-06-05 02:00:00,0.0,0.0,0.0,0.0,0.0,0.0
2023-06-05 03:00:00,0.0,0.0,0.0,0.0,0.0,0.0
2023-06-05 04:00:00,0.0,0.0,0.0,0.0,0.0,0.0
2023-06-05 05:00:00,0.0,0.0,0.0,0.0,0.0,0.0
2023-06-05 06:00:00,0.37517030547208496,0.3731028787366572,0.36916406785021055,0.37075763087692853,0.3697518954739398,0.3387448153914633
2023-06-05 07:00:00,0.588341803455996,0.5847937451742703,0.5778822060593987,0.5791400856972642,0.5792617030514517,0.5056243869645397
2023-06-05 08:00:00,0.7130247753400452,0.7075147166787856,0.6994266358784401,0.7059584208019047,0.699023498568896,0.6185159658932838
2023-06-05 09:00:00,0.7751510105647293,0.7646130467206202,0.7518753151190332,0.7240142788552804,0.760234291728093,0.6938761070692254
2023-06-05 10:00:00,0.8146495712200563,0.8083428172805992,0.800208825203677,0.8089189180445451,0.7992022074048981,0.7456997457138148
2023-06-05 11:00:00,0.8299938984289149,0.8243394830783604,0.8130806214071219,0.8050829551147358,0.8164207560116375,0.7823942451170826
2023-06-05 12:00:00,0.8417285965859516,0.8385738228933234,0.8278655558239215,0.8395099668171394,0.8280574879064977,0.8083338876884685
2023-06-05 13:00:00,0.8400244990339094,0.8391060332951429,0.8282073053050016,0.8424846176850616,0.8284189207745359,0.8293219522164036
2023-06-05 14:00:00,0.8346400823442321,0.8349993015431323,0.8248546567643215,0.8410509990130716,0.8251256545806114,0.8270488151472905
2023-06-05 15:00:00,0.8211101983567525,0.8210222901384366,0.8130117664423281,0.8280222046857721,0.8139329213884816,0.8225555909200636
2023-06-05 16:00:00,0.8044925089533644,0.8045329373841917,0.7974956149073417,0.8130865622530893,0.7982075481437804,0.8091970710879721
2023-06-05 17:00:00,0.7764221289611589,0.7763699360388215,0.7703685481786521,0.784967738537432,0.771215731964702,0.7806320547151215
2023-06-05 18:00:00,0.7327951230276725,0.7324369164807975,0.7271741298405023,0.7401640172610917,0.7281718182353161,0.7411946812514512
2023-06-05 19:00:00,0.6650338063126124,0.6643037923256386,0.6595850994562079,0.6716853322371379,0.6604289888739235,0.6754610330230906
2023-06-05 20:00:00,0.5370647524388831,0.5346945803073209,0.5309764453638768,0.5456182796221607,0.5295726503019454,0.5575396591483913
2023-06-05 21:00:00,0.33526720872943605,0.33145206094860064,0.329096715923917,0.34055970049922996,0.3281097483680966,0.3612495041285484
2023-06-05 22:00:00,0.0,0.0,0.0,0.0,0.0,0.0
2023-06-05 23:00:00,0.0,0.0,0.0,0.0,0.0,0.0
2023-06-06 00:00:00,0.0,0.0,0.0,0.0,0.0,0.0
2023-06-06 01:00:00,0.0,0.0,0.0,0.0,0.0,0.0
2023-06-06 02:00:00,0.0,0.0,0.0,0.0,0.0,0.0
2023-06-06 03:00:00,0.0,0.0,0.0,0.0,0.0,0.0
2023-06-06 04:00:00,0.0,0.0,0.0,0.0,0.0,0.0
2023-06-06 05:00:00,0.0,0.0,0.0,0.0,0.0,0.0
2023-06-06 06:00:00,0.3590688153335449,0.3787370516684965,0.3780182687060128,0.37379000898032627,0.3832121019076038,0.36893230290453316
2023-06-06 07:00:00,0.5701555068938455,0.5900171378905132,0.5867466811919959,0.5867971150546453,0.5903388799108561,0.5780643934943388
2023-06-06 08:00:00,0.7033839721892131,0.7079351027512867,0.7012111269863204,0.7061825067308364,0.7034857830567383,0.7001820883242188
2023-06-06 09:00:00,0.7720838857049052,0.7723202057390532,0.7650316820002022,0.7745357762135306,0.7658427422676448,0.7661970688771885
2023-06-06 10:00:00,0.8023921200922499,0.8004817187257455,0.7937770026867874,0.8058384568764291,0.7937078327088992,0.7992077084526795
2023-06-06 11:00:00,0.8195293402174874,0.8170306093930759,0.810682755185514,0.8257093270920954,0.8091818743272869,0.8172403838629503
2023-06-06 12:00:00,0.8259749971569169,0.8250961403088309,0.8188997431342458,0.8369689083235816,0.8163053084423545,0.8246276628467023
2023-06-06 13:00:00,0.8222656977388535,0.8197260231115034,0.8139578742701505,0.8303270668520647,0.8125384456771259,0.8228117047225283
2023-06-06 14:00:00,0.815718870738969,0.8112118355030957,0.8059028324122967,0.8172243785933381,0.8072076546130221,0.8186164270513042
2023-06-06 15:00:00,0.8018665089931744,0.7979029294383527,0.7932897761153829,0.8039378896404592,0.7947003051876245,0.8063966708192094
2023-06-06 16:00:00,0.7840466836079978,0.778959465596087,0.7746348801599497,0.7815348532460097,0.7781127231771425,0.790300420021778
2023-06-06 17:00:00,0.7557727866016234,0.7533488366899865,0.7493703717144473,0.7553276164718428,0.7529292028623459,0.7650540868078234
2023-06-06 18:00:00,0.7154212694624621,0.7115389129697861,0.7080985433836581,0.7152104650841893,0.7105443046081517,0.724651923180354
2023-06-06 19:00:00,0.6488261548660567,0.6457743477479199,0.6431762252895976,0.6505875070479434,0.6451818252568422,0.6619641171720695
2023-06-06 20:00:00,0.5252865779693656,0.5206938399887034,0.5197396475853495,0.5251600566762737,0.5206192920794851,0.5495141401887612
2023-06-06 21:00:00,0.3263456942124773,0.3226874352018938,0.3245996891839725,0.3281155533213523,0.32436805426501364,0.35561013455934887
2023-06-06 22:00:00,0.0,0.0,0.0,0.0,0.0,0.0
2023-06-06 23:00:00,0.0,0.0,0.0,0.0,0.0,0.0
2023-06-07 00:00:00,0.0,0.0,0.0,0.0,0.0,0.0
2023-06-07 01:00:00,0.0,0.0,0.0,0.0,0.0,0.0
2023-06-07 02:00:00,0.0,0.0,0.0,0.0,0.0,0.0
2023-06-07 03:00:00,0.0,0.0,0.0,0.0,0.0,0.0
2023-06-07 04:00:00,0.0,0.0,0.0,0.0,0.0,0.0
2023-06-07 05:00:00,0.0,0.0,0.0,0.0,0.0,0.0
2023-06-07 06:00:00,0.3646908873394637,0.3830440270451123,0.3874729581278794,0.37574201849764066,0.38945725563305295,0.3686838974980342
2023-06-07 07:00:00,0.5723068208823024,0.5894930287454332,0.591226391690202,0.5859643152364057,0.5931316871474097,0.5731660232550779
2023-06-07 08:00:00,0.689428416386756,0.6960314003290583,0.6956501757919518,0.6925251563928823,0.6985017025632765,0.6879913368895605
2023-06-07 09:00:00,0.7513964792011267,0.7547747739171138,0.7524463129071105,0.751507441771451,0.7559737752589106,0.7478195038081907
2023-06-07 10:00:00,0.7788876599138922,0.7802534681457107,0.7768015565778391,0.777760943192194,0.781105799188954,0.7767421320027811
2023-06-07 11:00:00,0.7948755519109705,0.7962360049224413,0.7916016673774521,0.7938707181462997,0.7962659852651447,0.7940224902672383
2023-06-07 12:00:00,0.8033988104816685,0.8057691368345685,0.7992573395903044,0.8023508945855389,0.8040874320433271,0.8020688685605445
2023-06-07 13:00:00,0.7984771350175209,0.8045514487554043,0.7977394285304702,0.8018286627595169,0.8022218441759926,0.8027095150653388
2023-06-07 14:00:00,0.781944050882842,0.7953349187498603,0.7912962851035001,0.7957107129980998,0.7938870351626726,0.7989156073730617
2023-06-07 15:00:00,0.7562498675993485,0.7669978868147267,0.7734281798917588,0.7794826065567879,0.7735241829383338,0.7873754315031412
2023-06-07 16:00:00,0.7206726555533516,0.7152410366170786,0.7366424191762919,0.7427589384251908,0.7339778111254831,0.767055488016996
2023-06-07 17:00:00,0.6747912172671544,0.6199990997108356,0.6758736539653106,0.6866720948122824,0.6651575250377039,0.7393195865553036
2023-06-07 18:00:00,0.6516772207488986,0.5694763057626082,0.5934022297480205,0.63078214261098,0.5785702066108411,0.6995537488381905
2023-06-07 19:00:00,0.609190800179383,0.5974323188833093,0.5740277605913247,0.6106636279885658,0.5633530527286786,0.6380717228368304
2023-06-07 20:00:00,0.5024328058285366,0.5122382129918598,0.5114300230226455,0.5158530680856193,0.51436211534334,0.5317918934158603
2023-06-07 21:00:00,0.30909501362653846,0.31800522905670847,0.3177349702144492,0.322082711709465,0.3184620460903123,0.3434750480329664
2023-06-07 22:00:00,0.0,0.0,0.0,0.0,0.0,0.0
2023-06-07 23:00:00,0.0,0.0,0.0,0.0,0.0,0.0
2023-06-08 00:00:00,0.0,0.0,0.0,0.0,0.0,0.0
2023-06-08 01:00:00,0.0,0.0,0.0,0.0,0.0,0.0
2023-06-08 02:00:00,0.0,0.0,0.0,0.0,0.0,0.0
2023-06-08 03:00:00,0.0,0.0,0.0,0.0,0.0,0.0
2023-06-08 04:00:00,0.0,0.0,0.0,0.0,0.0,0.0
2023-06-08 05:00:00,0.0,0.0,0.0,0.0,0.0,0.0
2023-06-08 06:00:00,0.3265256011258341,0.31014849447388904,0.2965290023985336,0.2991859974200101,0.29114431129458773,0.33794727663628676
2023-06-08 07:00:00,0.5307686390570924,0.5174370634828775,0.5204913688718681,0.5283124311752956,0.512552516839828,0.5408028544093674
2023-06-08 08:00:00,0.6526552881271653,0.642780471843664,0.6447569729301702,0.6610107993471855,0.6337376124493268,0.6510859530056767
2023-06-08 09:00:00,0.7177531659725231,0.7023245032977155,0.6914475714829592,0.714103146949975,0.6800448235819202,0.7112660416002834
2023-06-08 10:00:00,0.7488595147200925,0.7351550394284513,0.726546220419856,0.7408325982214125,0.7190919253206645,0.745632495150343
2023-06-08 11:00:00,0.7615000194453366,0.7522257753197072,0.7445292137385946,0.756885066782683,0.7415359609637981,0.7631980648776812
2023-06-08 12:00:00,0.7503243798655409,0.7503021736292932,0.7450479933270618,0.7503577840084451,0.7466240199892078,0.7648595769202644
2023-06-08 13:00:00,0.7285236574245201,0.7368976645483756,0.7440364926616951,0.7608217275658055,0.7341028898773388,0.7676737791426576
2023-06-08 14:00:00,0.6791448439114258,0.6514406221727431,0.6679604799801543,0.7315925536633131,0.6549236540906334,0.7578694272288756
2023-06-08 15:00:00,0.5752510283856415,0.5571670887276803,0.6353082137675897,0.6976470267575339,0.6266109656825284,0.7343892043442378
2023-06-08 16:00:00,0.4670950097048736,0.40203796778256684,0.433364336689685,0.5909722033073113,0.41852815085265466,0.675370123313385
2023-06-08 17:00:00,0.3623209389647205,0.44828146864721896,0.40214779036089765,0.5042500962066451,0.4148004192508547,0.5456403989181807
2023-06-08 18:00:00,0.3084157630694245,0.3542114675567769,0.2792273241751715,0.29110132267285915,0.2922276432242013,0.4106204679114338
2023-06-08 19:00:00,0.11084687792486492,0.1108630379362961,0.11385236667086464,0.1036523977691159,0.12435545426515131,0.22166069684196976
2023-06-08 20:00:00,0.04326916115650499,0.08740391991115778,0.06372400441008018,0.04552988842455754,0.075223129960901,0.15734153900720454
2023-06-08 21:00:00,0.028586541425297717,0.05668950628083784,0.08379528655054855,0.03582952948175041,0.08615536412174528,0.08141544160354867
2023-06-08 22:00:00,0.0,0.0,0.0,0.0,0.0,0.0
2023-06-08 23:00:00,0.0,0.0,0.0,0.0,0.0,0.0
2023-06-09 00:00:00,0.0,0.0,0.0,0.0,0.0,0.0
2023-06-09 01:00:00,0.0,0.0,0.0,0.0,0.0,0.0
2023-06-09 02:00:00,0.0,0.0,0.0,0.0,0.0,0.0
2023-06-09 03:00:00,0.0,0.0,0.0,0.0,0.0,0.0
2023-06-09 04:00:00,0.0,0.0,0.0,0.0,0.0,0.0
2023-06-09 05:00:00,0.0,0.0,0.0,0.0,0.0,0.0
2023-06-09 06:00:00,0.04190900508076517,0.10643152806527906,0.12192104409486401,0.09931763331569007,0.13493369960619533,0.05830021619115182
2023-06-09 07:00:00,0.1182272101285001,0.22660721018855118,0.2621814445691396,0.23958280717015848,0.2889154896824281,0.20163160063892552
2023-06-09 08:00:00,0.26208544850320914,0.35265198853538404,0.41622434061718044,0.4090595688683498,0.4198784157820818,0.3352481838277788
2023-06-09 09:00:00,0.27568050927655874,0.3355156551695767,0.43522650582399736,0.427432374694841,0.43483374750735754,0.409319490896864
2023-06-09 10:00:00,0.36410021932232567,0.49393044184910656,0.48743814724951046,0.5175455965965697,0.4977791675631846,0.4527304104476799
2023-06-09 11:00:00,0.36340788664955614,0.3303410350944469,0.32975129819578486,0.38643103750221075,0.3152111437293957,0.49890409662797736
2023-06-09 12:00:00,0.2701704442411553,0.23580523226101532,0.27169316906583374,0.3493847716240827,0.2581393369709238,0.5097127019080484
2023-06-09 13:00:00,0.2619216229764341,0.18132966580170728,0.21262868008423833,0.18870211739983844,0.22781519501141104,0.456242163705514
2023-06-09 14:00:00,0.21210613150943447,0.24524687823176855,0.1768612817207329,0.22023536810908756,0.17274765283379243,0.3608110146956093
2023-06-09 15:00:00,0.22399801965352928,0.20266784914021355,0.15933436559227998,0.19220486064671,0.14569647029460298,0.28813856944048644
2023-06-09 16:00:00,0.23046242192718486,0.1927416462839458,0.14304912462596253,0.2038996576995114,0.12388569147740858,0.20834455871362048
2023-06-09 17:00:00,0.22058993238886107,0.12146931349611827,0.09673643039689263,0.16732248064062943,0.07600489050644448,0.13453526573856622
2023-06-09 18:00:00,0.13448197474957227,0.09222739202537353,0.07564603892931772,0.15995429411172532,0.052568236597205574,0.1041812980773509
2023-06-09 19:00:00,0.0662485577388338,0.054067315500430334,0.040454186678798625,0.06527814066892898,0.03024734853813866,0.04907028953631269
2023-06-09 20:00:00,0.03539654563367808,0.016917903097296356,0.012029488309178514,0.02821538420903116,0.008142698385479508,0.021049402377794957
2023-06-09 21:00:00,0.0007226806507029904,0.0,0.0,8.844173950700793e-06,0.0,0.009701887705664167
2023-06-09 22:00:00,0.0,0.0,0.0,0.0,0.0,0.0
2023-06-09 23:00:00,0.0,0.0,0.0,0.0,0.0,0.0
2023-06-10 00:00:00,0.0,0.0,0.0,0.0,0.0,0.0
2023-06-10 01:00:00,0.0,0.0,0.0,0.0,0.0,0.0
2023-06-10 02:00:00,0.0,0.0,0.0,0.0,0.0,0.0
2023-06-10 03:00:00,0.0,0.0,0.0,0.0,0.0,0.0
2023-06-10 04:00:00,0.0,0.0,0.0,0.0,0.0,0.0
2023-06-10 05:00:00,0.0,0.0,0.0,0.0,0.0,0.0
2023-06-10 06:00:00,0.010523702458109616,0.04945256488924594,0.0828911141547911,0.027764101217541665,0.09219854653658464,0.025327589338869673
2023-06-10 07:00:00,0.06567876089350645,0.12026455699033078,0.143807462132617,0.05372304265082452,0.17454552443073484,0.08365713045075987
2023-06-10 08:00:00,0.14225211904406293,0.24287645150709464,0.2175814441027251,0.10753373258241748,0.25504492624025654,0.09898998005233083
2023-06-10 09:00:00,0.264891176556986,0.36542606136497524,0.37601723215322586,0.18903003014865816,0.4178140177450801,0.1561240322660926
2023-06-10 10:00:00,0.32102430110192653,0.4776959779995633,0.4483404312490037,0.3122977383792498,0.4932049050635304,0.2473644247160225
2023-06-10 11:00:00,0.3906231933345688,0.4137864729858621,0.38698100305336647,0.4662478805210778,0.38038082313660265,0.30684089224511424
2023-06-10 12:00:00,0.40966417246434983,0.48725138676649155,0.5088131737260626,0.49845383287402273,0.5160648383691863,0.3523941473209326
2023-06-10 13:00:00,0.47027810052857805,0.5581580214955533,0.549832236439628,0.6210996131385211,0.5445332778403275,0.4006539923679318
2023-06-10 14:00:00,0.41864156678438375,0.47051726344459555,0.5259439991954226,0.5329280792491111,0.5151989561186516,0.4188481117052117
2023-06-10 15:00:00,0.38640939481860165,0.45488706310731825,0.3889007495739922,0.5276822620620307,0.4110408962319214,0.4574596434163374
2023-06-10 16:00:00,0.4284079504683943,0.3992103096985307,0.2701222150175853,0.4014830061312338,0.276616677333479,0.37902660608199484
2023-06-10 17:00:00,0.4982892473199687,0.5475494547196661,0.48929253769813197,0.39984677552047043,0.5199885192795166,0.3658675631544897
2023-06-10 18:00:00,0.4354201915716309,0.5214126021703748,0.5606611702524901,0.4941688603786831,0.5602025194895015,0.3519619730593824
2023-06-10 19:00:00,0.23508403776088638,0.349458378727237,0.3945661068132514,0.4252834158953435,0.39350351305192033,0.26319769743889965
2023-06-10 20:00:00,0.19134945292505343,0.2246052867875155,0.30004512692274127,0.3422652384232915,0.29028686703233575,0.21254871495454972
2023-06-10 21:00:00,0.10938583739653801,0.11294588173550066,0.09925562028989642,0.17920173090573957,0.09384106257609409,0.1150753283971187
2023-06-10 22:00:00,0.0,0.0,0.0,0.0,0.0,0.0
2023-06-10 23:00:00,0.0,0.0,0.0,0.0,0.0,0.0
2023-06-11 00:00:00,0.0,0.0,0.0,0.0,0.0,0.0
2023-06-11 01:00:00,0.0,0.0,0.0,0.0,0.0,0.0
2023-06-11 02:00:00,0.0,0.0,0.0,0.0,0.0,0.0
2023-06-11 03:00:00,0.0,0.0,0.0,0.0,0.0,0.0
2023-06-11 04:00:00,0.0,0.0,0.0,0.0,0.0,0.0
2023-06-11 05:00:00,0.0,0.0,0.0,0.0,0.0,0.0
2023-06-11 06:00:00,0.16578639047309113,0.14287596807474828,0.13326065662714498,0.13008058309070708,0.1316547409648218,0.09538258650143434
2023-06-11 07:00:00,0.3405527621181418,0.31342953580567456,0.2634605407145897,0.312334787348631,0.24004893868258384,0.1912723863402973
2023-06-11 08:00:00,0.35452469483804666,0.3124829229699588,0.2738458859126935,0.4152789145702343,0.2305539505914608,0.2878251448363422
2023-06-11 09:00:00,0.37034093596062506,0.3245140474590179,0.248094989662902,0.38403002328915786,0.2368282146690959,0.3744844950324708
2023-06-11 10:00:00,0.3046256108697415,0.3074925446036689,0.2667133516650545,0.3615584438349975,0.26779065411089975,0.4255568839103583
2023-06-11 11:00:00,0.3672072378772147,0.34278276679951253,0.2915447678730233,0.36905683738127293,0.3030838426550851,0.43676926585554593
2023-06-11 12:00:00,0.4002917496852228,0.4085477353792987,0.4216242139962656,0.4121313041744572,0.45528801889752285,0.4614404984304153
2023-06-11 13:00:00,0.4359492492491729,0.4834028718947448,0.484900692990282,0.5740366300622235,0.4776593668548101,0.46465170745077045
2023-06-11 14:00:00,0.5132182561999441,0.6651709740377328,0.6891323211253916,0.6900596335914788,0.6835306300895557,0.4591327864940128
2023-06-11 15:00:00,0.5410932136593163,0.6580307007237395,0.651594052010573,0.6452440089399374,0.6410921575390975,0.43722402923226883
2023-06-11 16:00:00,0.4838304511547758,0.60407347926416,0.6503722410097895,0.5871764644154218,0.6350536255460697,0.4108660446338822
2023-06-11 17:00:00,0.467041344517781,0.5680101062128768,0.5407886998710311,0.486351528081492,0.5333573273382476,0.4217154195052241
2023-06-11 18:00:00,0.41767134925621874,0.5387457960889271,0.5626144638749948,0.549117224570183,0.5738868993307208,0.5198576883153413
2023-06-11 19:00:00,0.3085976815923354,0.4910767907487622,0.5431523894766611,0.5422925500814653,0.5356727995212803,0.4256160052410262
2023-06-11 20:00:00,0.21070672242617322,0.29478237967951765,0.3270376770141254,0.324532384348813,0.3173914627168961,0.4204408107184625
2023-06-11 21:00:00,0.13397463321961053,0.20018176331127083,0.24097157046222709,0.21566343433720755,0.25051118485185925,0.3073931908575079
2023-06-11 22:00:00,0.0,0.0,0.0,0.0,0.0,0.0
2023-06-11 23:00:00,0.0,0.0,0.0,0.0,0.0,0.0
2023-06-12 00:00:00,0.0,0.0,0.0,0.0,0.0,0.0
2023-06-12 01:00:00,0.0,0.0,0.0,0.0,0.0,0.0
2023-06-12 02:00:00,0.0,0.0,0.0,0.0,0.0,0.0
2023-06-12 03:00:00,0.0,0.0,0.0,0.0,0.0,0.0
2023-06-12 04:00:00,0.0,0.0,0.0,0.0,0.0,0.0
2023-06-12 05:00:00,0.0,0.0,0.0,0.0,0.0,0.0
2023-06-12 06:00:00,0.3199574425229111,0.32938330924500553,0.3285843705879568,0.3329438465061536,0.3289423310368197,0.33256524555755873
2023-06-12 07:00:00,0.5112120816941238,0.5260839311439119,0.5265216455876011,0.5297724004448148,0.5252284640755397,0.5306902135503443
2023-06-12 08:00:00,0.6462042150943348,0.6212107123164584,0.5931384131218701,0.6322070343216226,0.5844867494314178,0.6559293716902821
2023-06-12 09:00:00,0.7081424023800568,0.7062013894742307,0.7001761961556313,0.7056599951969835,0.7000077374558132,0.7207865098224578
2023-06-12 10:00:00,0.7469748455779692,0.7401563637729693,0.7328464644461656,0.7443462123713767,0.7333552100028475,0.7541200949579988
2023-06-12 11:00:00,0.7466715907658702,0.6946737809886159,0.7040094524623891,0.7515976976979455,0.6997634973071785,0.7709048118814787
2023-06-12 12:00:00,0.7374471309286303,0.688875478345457,0.7010029524689104,0.7463912283043226,0.6918302440163685,0.7744291071536114
2023-06-12 13:00:00,0.7008035238715914,0.6352197810901219,0.6808530032468831,0.7193955557834586,0.6578760114257158,0.7736461487890719
2023-06-12 14:00:00,0.6770745509742453,0.6301568498869725,0.6027471005364085,0.6959487121959987,0.5745886362751229,0.7641031197996497
2023-06-12 15:00:00,0.7210358918094352,0.6754741658071296,0.685148998161942,0.7238298878676268,0.6696410060995411,0.7526963846482235
2023-06-12 16:00:00,0.6365854787777021,0.6040785917637981,0.6697996979296068,0.671268872767411,0.6520921886626082,0.7045275137814504
2023-06-12 17:00:00,0.5395298811034452,0.5490877983449818,0.6114408061862928,0.6037458965498034,0.6136818296162638,0.6715402597830636
2023-06-12 18:00:00,0.4263051556966546,0.5001644073082185,0.5984289282257768,0.570058044942096,0.613220098746304,0.6342679325995223
2023-06-12 19:00:00,0.39243129442787195,0.4607405562532736,0.508491076335672,0.48817373912907475,0.5161521572792387,0.5788830015554645
2023-06-12 20:00:00,0.34377261514111956,0.41541467922126346,0.45109610013068463,0.4153951290502291,0.45587738573758335,0.48804872728116955
2023-06-12 21:00:00,0.2423502867687084,0.268405761975856,0.2803530378879166,0.2731997071364017,0.2832738667262706,0.32388195384421586
2023-06-12 22:00:00,0.0,0.0,0.0,0.0,0.0,0.0
2023-06-12 23:00:00,0.0,0.0,0.0,0.0,0.0,0.0
2023-06-13 00:00:00,0.0,0.0,0.0,0.0,0.0,0.0
2023-06-13 01:00:00,0.0,0.0,0.0,0.0,0.0,0.0
2023-06-13 02:00:00,0.0,0.0,0.0,0.0,0.0,0.0
2023-06-13 03:00:00,0.0,0.0,0.0,0.0,0.0,0.0
2023-06-13 04:00:00,0.0,0.0,0.0,0.0,0.0,0.0
2023-06-13 05:00:00,0.0,0.0,0.0,0.0,0.0,0.0
2023-06-13 06:00:00,0.14936194728286026,0.17522560385448968,0.17280555255540256,0.15270116447199514,0.16882453626353283,0.12014483513921817
2023-06-13 07:00:00,0.338771682897906,0.34379684155776324,0.34638797360862733,0.4302808644692959,0.31756880737136617,0.3479129134926856
2023-06-13 08:00:00,0.43215834272372783,0.39401882316310877,0.42818349279650364,0.5002636479260775,0.40135221104965213,0.46082899338380395
2023-06-13 09:00:00,0.5153102535241142,0.4918667052547775,0.5097579763569556,0.5478714468733411,0.49937796716009897,0.4727356537037032
2023-06-13 10:00:00,0.5785321505390199,0.5889544547479244,0.5719300137578064,0.6108764030395534,0.569115078706281,0.4908503235510507
2023-06-13 11:00:00,0.5871395892766195,0.6307839701452762,0.6273550962356785,0.6428450948709596,0.6305293935012505,0.42673358288360813
2023-06-13 12:00:00,0.4710914062874634,0.5216880660272126,0.5260792533659687,0.5464994121291169,0.5170289797913663,0.31940021788605355
2023-06-13 13:00:00,0.4421235076911881,0.4883237480756166,0.47377405487412744,0.4503958536168507,0.4861763922802523,0.31174925544691545
2023-06-13 14:00:00,0.31097280028602486,0.38216410904105774,0.4222244136776656,0.3080037640102491,0.4476104219721493,0.2699540589711822
2023-06-13 15:00:00,0.3635062445578159,0.34339180041388784,0.3423852464891092,0.41855861291158963,0.3196072869435743,0.32017649324442016
2023-06-13 16:00:00,0.43185552963856305,0.3398487990503714,0.3110215343020393,0.38587131108609457,0.25545293744770375,0.30291050624010624
2023-06-13 17:00:00,0.34652779623318564,0.4664770241024451,0.3477614792448013,0.4117826061947103,0.3305234523172604,0.32126577847258353
2023-06-13 18:00:00,0.2101700905707514,0.1640486167814608,0.1664853235427031,0.2876874629065704,0.15297292269372348,0.24482018675112496
2023-06-13 19:00:00,0.3451316220040992,0.16001665309584565,0.13149509720259459,0.3015711952081845,0.07161947836901056,0.2005628202261536
2023-06-13 20:00:00,0.3172665128100082,0.08421677330670405,0.0597095003258604,0.08907461362898945,0.02367668510208236,0.10362483767006
2023-06-13 21:00:00,0.19185491025852658,0.12128353631764156,0.04873488170798857,0.05984317909231642,0.03154266201763906,0.07998815137516303
2023-06-13 22:00:00,0.0,0.0,0.0,0.0,0.0,0.0
2023-06-13 23:00:00,0.0,0.0,0.0,0.0,0.0,0.0
2023-06-14 00:00:00,0.0,0.0,0.0,0.0,0.0,0.0
2023-06-14 01:00:00,0.0,0.0,0.0,0.0,0.0,0.0
2023-06-14 02:00:00,0.0,0.0,0.0,0.0,0.0,0.0
2023-06-14 03:00:00,0.0,0.0,0.0,0.0,0.0,0.0
2023-06-14 04:00:00,0.0,0.0,0.0,0.0,0.0,0.0
2023-06-14 05:00:00,0.0,0.0,0.0,0.0,0.0,0.0
2023-06-14 06:00:00,0.13914675667402962,0.04081435236261915,0.027532350194083028,0.060388351499933865,0.010423077649394754,0.14612384428496708
2023-06-14 07:00:00,0.24858341691399566,0.11116018354073143,0.07674245181929594,0.1797954643971844,0.038626102077952515,0.24484958643251084
2023-06-14 08:00:00,0.2940698635335872,0.2013388749012924,0.13372068103516752,0.21569592169773857,0.09844895676201354,0.2603509409801144
2023-06-14 09:00:00,0.3476000253540427,0.2303889660306778,0.20493605212554408,0.330322593613205,0.1556131635085238,0.3572280259649099
2023-06-14 10:00:00,0.4714263748798407,0.32366241757404446,0.2846889043061104,0.34179903311474735,0.22893516469608016,0.42950680861084345
2023-06-14 11:00:00,0.49829495680265845,0.40156837131893586,0.36705039447494797,0.4913376699944653,0.2975216986765495,0.4673092167270328
2023-06-14 12:00:00,0.4713022775555412,0.24451409328014032,0.18785759000911256,0.22816210411390972,0.1837760098882386,0.3909383632031256
2023-06-14 13:00:00,0.5094466960952404,0.4053247274373205,0.354496300660303,0.3389926406001242,0.34142277662293913,0.40574692987607525
2023-06-14 14:00:00,0.5198794081589271,0.40038294381499695,0.29140053458321197,0.41537553205412586,0.24386612228186463,0.43432261316715254
2023-06-14 15:00:00,0.4973458205158994,0.33714848215910287,0.2755081442358665,0.325791219606052,0.24540238033856013,0.3992326731401159
2023-06-14 16:00:00,0.48780222848688753,0.28060138165546167,0.21831483541061666,0.29203252512581473,0.18543535958216065,0.4094912616691462
2023-06-14 17:00:00,0.4254686606623199,0.22703743984044994,0.17220300548754972,0.3109685160690255,0.12185915466766387,0.41477589485650807
2023-06-14 18:00:00,0.30865394828653236,0.1399881805149903,0.11088341332731266,0.19380101180254297,0.08297804488269575,0.3527310139212988
2023-06-14 19:00:00,0.19909871614686434,0.10173240263920291,0.0866676663728147,0.14499645781287365,0.07018936006734897,0.34447028872903185
2023-06-14 20:00:00,0.13779606376889472,0.02697719006866887,0.02087354350720602,0.028765075954254062,0.019867169064528026,0.3116348748179443
2023-06-14 21:00:00,0.08843331631274969,0.00785060247259106,0.0056631534787936,0.045228014922712355,0.0028589934399141474,0.258053665148346
2023-06-14 22:00:00,0.0,0.0,0.0,0.0,0.0,0.0
2023-06-14 23:00:00,0.0,0.0,0.0,0.0,0.0,0.0
2023-06-15 00:00:00,0.0,0.0,0.0,0.0,0.0,0.0
2023-06-15 01:00:00,0.0,0.0,0.0,0.0,0.0,0.0
2023-06-15 02:00:00,0.0,0.0,0.0,0.0,0.0,0.0
2023-06-15 03:00:00,0.0,0.0,0.0,0.0,0.0,0.0
2023-06-15 04:00:00,0.0,0.0,0.0,0.0,0.0,0.0
2023-06-15 05:00:00,0.0,0.0,0.0,0.0,0.0,0.0
2023-06-15 06:00:00,0.17470353034292335,0.28948952440025927,0.2991561596885939,0.14898811251488644,0.30345782235083346,0.16169609218183612
2023-06-15 07:00:00,0.34787315222047877,0.49500923343437275,0.4761945294994707,0.2929758035594991,0.4869285302046467,0.35327003535846485
2023-06-15 08:00:00,0.5664495322580468,0.6291859233413298,0.6171139589464407,0.5144217308106322,0.6079317631287342,0.5341556822893211
2023-06-15 09:00:00,0.6785084107363759,0.7299723301998877,0.7474822728132112,0.7106308847190635,0.7248993206805407,0.6578333609696544
2023-06-15 10:00:00,0.7726031144295866,0.7421096110492464,0.7131881618680094,0.7515613530807016,0.6810554113445668,0.7440958780511289
2023-06-15 11:00:00,0.793826955594316,0.7727748615152064,0.7430693052605167,0.7940643186186811,0.7052730199109171,0.7462378803812093
2023-06-15 12:00:00,0.7236409912882238,0.647137785945789,0.6869300257576691,0.6924823749206629,0.6806747331825374,0.7571849263156385
2023-06-15 13:00:00,0.7066289256209993,0.6967265895533917,0.7337861850123868,0.7256518530281777,0.7335011817824514,0.7376709352760411
2023-06-15 14:00:00,0.6442923893251836,0.568697445300347,0.6317150942659103,0.6303709523727979,0.6343377831943708,0.5992906706043469
2023-06-15 15:00:00,0.611619481133286,0.5722505806762421,0.6651145768490534,0.5906167962762474,0.6653846013587045,0.5173822318440148
2023-06-15 16:00:00,0.4969972668152445,0.49898180137921444,0.5620176805296179,0.4355191275480988,0.5896903964809629,0.45191276624268667
2023-06-15 17:00:00,0.5884083441421695,0.4776252773724443,0.4627785461736612,0.4423943821695876,0.45650909827241926,0.4484171273177304
2023-06-15 18:00:00,0.6765613850601818,0.5582066081006261,0.5236580122568848,0.6528187431237438,0.45107315378463575,0.4694465737378089
2023-06-15 19:00:00,0.5771321516407059,0.41774376830427223,0.4120719262833267,0.4982037038848958,0.3758834485494907,0.3771015648991607
2023-06-15 20:00:00,0.4899634374387918,0.4125003847214201,0.4522126359373359,0.5149596100811134,0.4153060249665968,0.3217324022990696
2023-06-15 21:00:00,0.26670308922156105,0.30491684378825223,0.30625168322822405,0.27532267497835256,0.3108625947149483,0.12716228286962003
2023-06-15 22:00:00,0.0,0.0,0.0,0.0,0.0,0.0
2023-06-15 23:00:00,0.0,0.0,0.0,0.0,0.0,0.0
2023-06-16 00:00:00,0.0,0.0,0.0,0.0,0.0,0.0
2023-06-16 01:00:00,0.0,0.0,0.0,0.0,0.0,0.0
2023-06-16 02:00:00,0.0,0.0,0.0,0.0,0.0,0.0
2023-06-16 03:00:00,0.0,0.0,0.0,0.0,0.0,0.0
2023-06-16 04:00:00,0.0,0.0,0.0,0.0,0.0,0.0
2023-06-16 05:00:00,0.0,0.0,0.0,0.0,0.0,0.0
2023-06-16 06:00:00,0.05707267375828651,0.03754563395566786,0.04599463279380196,0.0458385123827018,0.05280424113231349,0.030033774918801378
2023-06-16 07:00:00,0.2814649770931214,0.36627036189105866,0.3933876593413086,0.4466749024598752,0.374731572496718,0.18328906341596388
2023-06-16 08:00:00,0.5025639955746546,0.572612516446626,0.5933731689528955,0.5998535911064015,0.591733643175468,0.23856177571570392
2023-06-16 09:00:00,0.5789839306934133,0.6491479645403514,0.6165425448317201,0.41729350193114817,0.6692420013681225,0.17656923166414265
2023-06-16 10:00:00,0.48084533683254616,0.5982461511584285,0.5831645273539441,0.35497666522183285,0.6549356762441669,0.21359003421592898
2023-06-16 11:00:00,0.5403791872794982,0.5589060371257951,0.4726673584091663,0.37681527229278305,0.5256836816527047,0.2387910157459638
2023-06-16 12:00:00,0.2898273488810064,0.3561639801273215,0.2951612800507378,0.1924396745117501,0.36002291027070027,0.29829365671445957
2023-06-16 13:00:00,0.2685748462655365,0.2977452503685367,0.2931711292935366,0.2128601376147553,0.32369456828199417,0.4415594423048546
2023-06-16 14:00:00,0.3577197888459918,0.3640778435596371,0.43264767066517446,0.48257199909818893,0.4021716406143347,0.4795342747678663
2023-06-16 15:00:00,0.361502283898925,0.4216101821367921,0.43458159895746845,0.5296558651736486,0.4236850802445039,0.5029118418230443
2023-06-16 16:00:00,0.3904870403067902,0.5183164332161063,0.548004978987703,0.516519910765663,0.5571524323862208,0.48961148415012873
2023-06-16 17:00:00,0.39573686252399237,0.45180198399440186,0.39905989134456793,0.5088201676498944,0.3768364959199511,0.5021232947311093
2023-06-16 18:00:00,0.3100381960970839,0.37754366219793084,0.4078721868298487,0.5051252983427985,0.3643788305569434,0.48521962229874055
2023-06-16 19:00:00,0.33269032076593175,0.4089620057479121,0.44821524865253776,0.5500195009417872,0.40093814529689237,0.47689442718754155
2023-06-16 20:00:00,0.3304386405846119,0.39264223945883153,0.43112314534777596,0.45492966107814753,0.40428841543254235,0.46232129059677535
2023-06-16 21:00:00,0.17889012393600465,0.1977995451002771,0.2100113763239259,0.26759063291036705,0.1868513408271116,0.30394242231932384
2023-06-16 22:00:00,0.0,0.0,0.0,0.0,0.0,0.0
2023-06-16 23:00:00,0.0,0.0,0.0,0.0,0.0,0.0
2023-06-17 00:00:00,0.0,0.0,0.0,0.0,0.0,0.0
2023-06-17 01:00:00,0.0,0.0,0.0,0.0,0.0,0.0
2023-06-17 02:00:00,0.0,0.0,0.0,0.0,0.0,0.0
2023-06-17 03:00:00,0.0,0.0,0.0,0.0,0.0,0.0
2023-06-17 04:00:00,0.0,0.0,0.0,0.0,0.0,0.0
2023-06-17 05:00:00,0.0,0.0,0.0,0.0,0.0,0.0
2023-06-17 06:00:00,0.2678644669196717,0.28648344101197404,0.2324100549665562,0.20066287174401715,0.2597028284864711,0.1884288086319326
2023-06-17 07:00:00,0.4276712411027049,0.39845741176482047,0.2650012390596206,0.3279256164957767,0.29504749094233973,0.2963731933760064
2023-06-17 08:00:00,0.5450423749185545,0.49763869090803325,0.3554305252381185,0.32447866051070295,0.4105614400674277,0.36795798885112313
2023-06-17 09:00:00,0.5543730002578561,0.6750881712921613,0.6558753902979969,0.5537300842845854,0.7041526915531553,0.40796011291219775
2023-06-17 10:00:00,0.6432766598828483,0.6954558822588554,0.6385573460817678,0.5511103973769204,0.6768536300104345,0.4775066612212493
2023-06-17 11:00:00,0.6235814193743096,0.5916952028669603,0.5204461096193347,0.4647500991754285,0.5588434839130456,0.5098610277681627
2023-06-17 12:00:00,0.6654493050934208,0.5722040370659209,0.45163229876399164,0.5995768942167109,0.43551211536171586,0.5640303134373958
2023-06-17 13:00:00,0.6580100757327637,0.6352706961075547,0.5503623648384653,0.6330034576366097,0.5364166383976204,0.58320297855367
2023-06-17 14:00:00,0.6977607596595421,0.6789982145867511,0.673077268327257,0.7390660102105915,0.6484316761021901,0.6242674124041847
2023-06-17 15:00:00,0.7119548267080894,0.68983213868554,0.7003135491102489,0.7438845668388109,0.6852553856411834,0.5831395986965578
2023-06-17 16:00:00,0.6176471987120761,0.5607289691417117,0.5636059325126169,0.5910785171755688,0.5562794801952142,0.5085678731321965
2023-06-17 17:00:00,0.49716646600389136,0.43233540508280904,0.4609219889981643,0.5209368991281306,0.41916824554423293,0.4519564966990904
2023-06-17 18:00:00,0.32133759084837565,0.2514924964738259,0.3052671875027209,0.37767628987250096,0.279107760279332,0.36804484035817675
2023-06-17 19:00:00,0.17010146181752206,0.13574538029243172,0.16099169464377905,0.21551989756326312,0.1424817433867679,0.2722277179399055
2023-06-17 20:00:00,0.06106715186024229,0.06013469746107971,0.06831701059736241,0.08145132346844972,0.06436952771054985,0.16181880399395399
2023-06-17 21:00:00,0.01074282073865049,0.010743882405012947,0.008281136932166326,0.017500691671981965,0.005872609946811542,0.09029370165670769
2023-06-17 22:00:00,0.0,0.0,0.0,0.0,0.0,0.0
2023-06-17 23:00:00,0.0,0.0,0.0,0.0,0.0,0.0
2023-06-18 00:00:00,0.0,0.0,0.0,0.0,0.0,0.0
2023-06-18 01:00:00,0.0,0.0,0.0,0.0,0.0,0.0
2023-06-18 02:00:00,0.0,0.0,0.0,0.0,0.0,0.0
2023-06-18 03:00:00,0.0,0.0,0.0,0.0,0.0,0.0
2023-06-18 04:00:00,0.0,0.0,0.0,0.0,0.0,0.0
2023-06-18 05:00:00,0.0,0.0,0.0,0.0,0.0,0.0
2023-06-18 06:00:00,0.19096890649152087,0.11886025485884553,0.10277645414283255,0.09446949722570618,0.11133180139919835,0.10189274435394312
2023-06-18 07:00:00,0.40905657680054647,0.2870952936850457,0.22807902987504794,0.362042832243918,0.21379296531177003,0.2736864727566392
2023-06-18 08:00:00,0.4526792450868591,0.3959870525106235,0.377948711071932,0.4945552708002666,0.3439386683863509,0.3314448238222795
2023-06-18 09:00:00,0.3741642482539579,0.5300994558978648,0.5757756488149101,0.4812286602796212,0.5834616091549499,0.3101378116493644
2023-06-18 10:00:00,0.5184087212807579,0.5592837110762005,0.530133907936337,0.5359170906823826,0.5307381693076872,0.4647902438602662
2023-06-18 11:00:00,0.6676868645295836,0.7079699771137182,0.6816591522851204,0.6079997462734827,0.6788365694261944,0.5614527266640263
2023-06-18 12:00:00,0.7232035026678213,0.5729186037358519,0.530650872051508,0.5988146735328146,0.4910427451019366,0.6593826504786083
2023-06-18 13:00:00,0.7197008635631355,0.6616437552087487,0.6523386416168176,0.7227132244626759,0.6308760040648359,0.6916623368685428
2023-06-18 14:00:00,0.5882504794343457,0.6169149365162463,0.6242372098739776,0.5659585155601375,0.6413377244796827,0.6195900796901239
2023-06-18 15:00:00,0.6156846638441801,0.6525464072605036,0.6785083910847407,0.6741056178261834,0.6734592364504063,0.613996785463148
2023-06-18 16:00:00,0.5740635735273008,0.5665252247856026,0.5516466704832509,0.6898148186399057,0.4970675865722069,0.5793665801643283
2023-06-18 17:00:00,0.5823177928767497,0.549976569782435,0.5053511578591828,0.6509743315710516,0.48303456354474356,0.4504285413483181
2023-06-18 18:00:00,0.5408745834539395,0.529557676778395,0.5658053975089499,0.5424062785286339,0.5549107198780379,0.419273010854099
2023-06-18 19:00:00,0.4757082636411993,0.415451374576793,0.4629763755093582,0.33271584725056197,0.47698954348427114,0.295006263954564
2023-06-18 20:00:00,0.41192551358834756,0.29937159339847585,0.352302159307954,0.27849670282628153,0.3528286231802882,0.20485703249314072
2023-06-18 21:00:00,0.23291146313107855,0.21048312925289073,0.2603281026289424,0.3052935876165809,0.23197471280408463,0.1375565975941009
2023-06-18 22:00:00,0.0,0.0,0.0,0.0,0.0,0.0
2023-06-18 23:00:00,0.0,0.0,0.0,0.0,0.0,0.0
2023-06-19 00:00:00,0.0,0.0,0.0,0.0,0.0,0.0
2023-06-19 01:00:00,0.0,0.0,0.0,0.0,0.0,0.0
2023-06-19 02:00:00,0.0,0.0,0.0,0.0,0.0,0.0
2023-06-19 03:00:00,0.0,0.0,0.0,0.0,0.0,0.0
2023-06-19 04:00:00,0.0,0.0,0.0,0.0,0.0,0.0
2023-06-19 05:00:00,0.0,0.0,0.0,0.0,0.0,0.0
2023-06-19 06:00:00,0.22272374101703593,0.16946533575128456,0.08119166335288033,0.08656550804825802,0.08166762725519978,0.02148965105032217
2023-06-19 07:00:00,0.37856813809877515,0.2634040162189046,0.13141924796374188,0.16008204648386734,0.11841403511239583,0.050221299432482505
2023-06-19 08:00:00,0.42123650075119445,0.2818413426513972,0.14279956181792486,0.16673550912001445,0.14212399410668516,0.07600840520809622
2023-06-19 09:00:00,0.3995202805978278,0.28961130095145415,0.1731257954802042,0.16536984146088216,0.18000703215214892,0.07436325750571975
2023-06-19 10:00:00,0.4096901319378326,0.3332642921345923,0.20068579487865937,0.1798785781212359,0.21112642897887754,0.08870181086105416
2023-06-19 11:00:00,0.4048806863434829,0.327318767454699,0.22024164541358793,0.1854836040722721,0.2299963579798297,0.11029078567709893
2023-06-19 12:00:00,0.37563817565942664,0.35896549180145615,0.33239704632235895,0.26828059637718105,0.3581058692534924,0.14937002514828226
2023-06-19 13:00:00,0.4527069647703447,0.4421930936779674,0.3208186395195192,0.2760623129880726,0.34431635614614925,0.16248847245593825
2023-06-19 14:00:00,0.3923614227445493,0.38060947116725774,0.30249590343786975,0.21269196796468318,0.34691401389733983,0.15750021099837205
2023-06-19 15:00:00,0.32838349314127024,0.3198336439387501,0.2265383119137422,0.22417318434321495,0.23348910112426421,0.1389886327178145
2023-06-19 16:00:00,0.260811357538878,0.22970739870217752,0.19689803698954533,0.15780364713021097,0.22411792608526065,0.12147154479477483
2023-06-19 17:00:00,0.1480999938813384,0.11496089312257396,0.1279629318540409,0.12203197237400723,0.13803416461961762,0.08498191842285191
2023-06-19 18:00:00,0.08869650742992882,0.06901047752903726,0.08227278157599167,0.06063132842136079,0.08603954324934379,0.048105490296419175
2023-06-19 19:00:00,0.050004482675409266,0.05387412758643838,0.04766424653714201,0.032054436752591384,0.05294669887034095,0.02562450316663245
2023-06-19 20:00:00,0.028171456636901352,0.041561441353691636,0.024574922726973425,0.015446203975838646,0.02791513463313868,0.009959650462943568
2023-06-19 21:00:00,0.006641791986412607,0.011879520563776214,0.005237804250721441,0.0019562343370378983,0.0065053764230020555,0.0023020036284378004
2023-06-19 22:00:00,0.0,0.0,0.0,0.0,0.0,0.0
2023-06-19 23:00:00,0.0,0.0,0.0,0.0,0.0,0.0
2023-06-20 00:00:00,0.0,0.0,0.0,0.0,0.0,0.0
2023-06-20 01:00:00,0.0,0.0,0.0,0.0,0.0,0.0
2023-06-20 02:00:00,0.0,0.0,0.0,0.0,0.0,0.0
2023-06-20 03:00:00,0.0,0.0,0.0,0.0,0.0,0.0
2023-06-20 04:00:00,0.0,0.0,0.0,0.0,0.0,0.0
2023-06-20 05:00:00,0.0,0.0,0.0,0.0,0.0,0.0
2023-06-20 06:00:00,0.024234078438128664,0.0019216153957064594,0.0007377574399326306,0.0011036158076370925,0.0007962660656040527,0.010505586226983318
2023-06-20 07:00:00,0.024793364448123623,0.012326882133102988,0.007296832629987771,0.003914740997942037,0.009537918823664667,0.04047491444121269
2023-06-20 08:00:00,0.04651179784268843,0.027200816073154655,0.024756370758116597,0.016442659703991613,0.02855518464581384,0.10545628218805958
2023-06-20 09:00:00,0.0800068891680509,0.05571704354392011,0.053448642282027156,0.034771060355957596,0.06362334390601171,0.21911837701843523
2023-06-20 10:00:00,0.08039349338374738,0.07224267151893175,0.06833721702010837,0.04432710985512532,0.08115426709065446,0.2649376422471688
2023-06-20 11:00:00,0.12145269762339683,0.1099974438783669,0.09194557772435077,0.07806368101928764,0.1040211333912722,0.33527858339815625
2023-06-20 12:00:00,0.20564249786876915,0.20394832348764935,0.17467868564983333,0.15988341657148977,0.20366739569602377,0.4108101907355073
2023-06-20 13:00:00,0.26152614560077087,0.21509185210811352,0.21141217924535688,0.24380330548788343,0.21271635961354682,0.4546782248331787
2023-06-20 14:00:00,0.2967230068394582,0.2475912035421277,0.2251751331932138,0.27217188938905706,0.22033513324349382,0.45251194641613757
2023-06-20 15:00:00,0.24996026878680344,0.2197540581568386,0.253447990575827,0.19659891188245512,0.2810494927493865,0.4157695994551273
2023-06-20 16:00:00,0.280152252505795,0.23993898655302995,0.24478354080229367,0.254591457954431,0.24209994939176457,0.417899958999252
2023-06-20 17:00:00,0.24990320557052303,0.23724569908711013,0.2658538359704099,0.25238882888843567,0.2480441515998486,0.35262213077028187
2023-06-20 18:00:00,0.15826329782057313,0.16047236669588283,0.1852214730864361,0.15546572439082004,0.18346505678205954,0.3629589537797664
2023-06-20 19:00:00,0.06875013398824091,0.07546937334866807,0.07942331060622579,0.11172660471657572,0.07353695384208611,0.32275582678530873
2023-06-20 20:00:00,0.04081193576778354,0.02881266909670024,0.035228918963913475,0.1136301092716559,0.025494699239975827,0.31346542121167453
2023-06-20 21:00:00,0.0185744083236358,0.014238349773213104,0.030465947411307124,0.09438392916311604,0.016953304726667166,0.23047296498118552
2023-06-20 22:00:00,0.0,0.0,0.0,0.0,0.0,0.0
2023-06-20 23:00:00,0.0,0.0,0.0,0.0,0.0,0.0
2023-06-21 00:00:00,0.0,0.0,0.0,0.0,0.0,0.0
2023-06-21 01:00:00,0.0,0.0,0.0,0.0,0.0,0.0
2023-06-21 02:00:00,0.0,0.0,0.0,0.0,0.0,0.0
2023-06-21 03:00:00,0.0,0.0,0.0,0.0,0.0,0.0
2023-06-21 04:00:00,0.0,0.0,0.0,0.0,0.0,0.0
2023-06-21 05:00:00,0.0,0.0,0.0,0.0,0.0,0.0
2023-06-21 06:00:00,0.1848758844587184,0.27977524401446247,0.2692162073602765,0.14333015395584212,0.2760693242712313,0.05190915695678453
2023-06-21 07:00:00,0.271638278980797,0.4017365045644798,0.35958556453153895,0.2127909608866951,0.3743559914959036,0.10292660055325681
2023-06-21 08:00:00,0.3265978436925692,0.4339125392056684,0.44014513327008203,0.23573734180533842,0.48069880009535904,0.20057940333492982
2023-06-21 09:00:00,0.3321287113676407,0.5021828209636597,0.5507727469877414,0.29049039216807704,0.6196798854317083,0.31261701630634264
2023-06-21 10:00:00,0.398097491011594,0.5079846870283236,0.48405838245537197,0.42508058467098747,0.5168923307019161,0.40630690115093643
2023-06-21 11:00:00,0.4216781091865323,0.5811391379947063,0.6127127301685061,0.5085890337501404,0.6500142718924046,0.4574671748168578
2023-06-21 12:00:00,0.6094875475754612,0.6721372749629771,0.6697871406440151,0.4780786696440492,0.696187964066903,0.4371608217956664
2023-06-21 13:00:00,0.532886728437949,0.6379918754202777,0.6880396363628564,0.5886860931879422,0.7096121993516367,0.5114303716707604
2023-06-21 14:00:00,0.5707651683761392,0.6661028224391655,0.6998245038758399,0.6577472875887846,0.7088841489256674,0.5492261815106634
2023-06-21 15:00:00,0.48752012825672725,0.5880407636287843,0.6751767870007607,0.6518190787017126,0.6807012386872331,0.6049451758544452
2023-06-21 16:00:00,0.3764603912715436,0.49731449517144505,0.6105674127049889,0.5830622880886324,0.642061354686429,0.5951056709226662
2023-06-21 17:00:00,0.345906105425545,0.4475122757197023,0.5525910272799669,0.5330557950971164,0.5737490277807029,0.5861142540654666
2023-06-21 18:00:00,0.3227428662548752,0.4113123774419123,0.40767740212125225,0.39615372884056604,0.43067330441026297,0.4493916380125546
2023-06-21 19:00:00,0.27708769651216425,0.3478342009338972,0.2323830165481722,0.23344876451764893,0.23958831410565237,0.31743566441130006
2023-06-21 20:00:00,0.16044659809052558,0.17244511768108933,0.2013886488880502,0.13780971498081737,0.21214930920557742,0.177159542603563
2023-06-21 21:00:00,0.13293941291271347,0.11745615242862692,0.14447326161369495,0.07841379831133999,0.16361515325207873,0.13274952394964548
2023-06-21 22:00:00,0.0,0.0,0.0,0.0,0.0,0.0
2023-06-21 23:00:00,0.0,0.0,0.0,0.0,0.0,0.0
2023-06-22 00:00:00,0.0,0.0,0.0,0.0,0.0,0.0
2023-06-22 01:00:00,0.0,0.0,0.0,0.0,0.0,0.0
2023-06-22 02:00:00,0.0,0.0,0.0,0.0,0.0,0.0
2023-06-22 03:00:00,0.0,0.0,0.0,0.0,0.0,0.0
2023-06-22 04:00:00,0.0,0.0,0.0,0.0,0.0,0.0
2023-06-22 05:00:00,0.0,0.0,0.0,0.0,0.0,0.0
2023-06-22 06:00:00,0.21578181794052273,0.2367716463537344,0.22180670001862948,0.24173660361359803,0.197921990427638,0.14169452765411827
2023-06-22 07:00:00,0.3679694943320709,0.39024040275225064,0.34054760418875546,0.3236389270822371,0.3281391484982873,0.2064152658321931
2023-06-22 08:00:00,0.5857566959574365,0.65306227855458,0.5937850948553317,0.6320801108755366,0.5541172858002574,0.3403715494609616
2023-06-22 09:00:00,0.696862790070148,0.7365430746952604,0.7138936808981634,0.7151897384657763,0.7052346808236981,0.5285924009948976
2023-06-22 10:00:00,0.6359730411561753,0.6005014283933076,0.655574739426842,0.6081867154393679,0.6789835008198979,0.6462387742165787
2023-06-22 11:00:00,0.619758043044601,0.6630896084531028,0.7062522653781236,0.6355193803225481,0.7268679123964427,0.5723535529234074
2023-06-22 12:00:00,0.6842514003758223,0.6088818916973265,0.577890784603124,0.6256790813795471,0.5699292176053107,0.6571637479917315
2023-06-22 13:00:00,0.6548508394209528,0.6626792212419625,0.6752869782128581,0.6127182495760393,0.6858539177950582,0.650262885482908
2023-06-22 14:00:00,0.6474367464819418,0.7056164411998216,0.7231316352375822,0.7269858345122201,0.732545528779055,0.6874381809370913
2023-06-22 15:00:00,0.6564633985507857,0.6687654759742817,0.6774360420471666,0.68652239698789,0.6876497656256207,0.6866074701820821
2023-06-22 16:00:00,0.7070937605441499,0.7395324335112519,0.7483023901322999,0.7677437006738204,0.7483409561694467,0.6951383229260301
2023-06-22 17:00:00,0.5861408439155186,0.6237255433812788,0.6521164517715347,0.6834452020359748,0.658467196937204,0.6254449042148148
2023-06-22 18:00:00,0.545656101474685,0.42581804199073375,0.5696205753373794,0.5127008357572256,0.5888102184847676,0.5865880296337465
2023-06-22 19:00:00,0.5154690608766127,0.41934351134411,0.46960656758697206,0.43053072781847257,0.48797975693325957,0.5775829737994588
2023-06-22 20:00:00,0.4338868708280549,0.3746197063130293,0.3914158100126763,0.4217831304900346,0.376434302378597,0.49568328967809366
2023-06-22 21:00:00,0.2973904743218308,0.28085671023900116,0.27117804964688375,0.30277852523504734,0.26597315894210904,0.3295118767973424
2023-06-22 22:00:00,0.0,0.0,0.0,0.0,0.0,0.0
2023-06-22 23:00:00,0.0,0.0,0.0,0.0,0.0,0.0
2023-06-23 00:00:00,0.0,0.0,0.0,0.0,0.0,0.0
2023-06-23 01:00:00,0.0,0.0,0.0,0.0,0.0,0.0
2023-06-23 02:00:00,0.0,0.0,0.0,0.0,0.0,0.0
2023-06-23 03:00:00,0.0,0.0,0.0,0.0,0.0,0.0
2023-06-23 04:00:00,0.0,0.0,0.0,0.0,0.0,0.0
2023-06-23 05:00:00,0.0,0.0,0.0,0.0,0.0,0.0
2023-06-23 06:00:00,0.34650362886777736,0.3469879835145463,0.32944126330165346,0.2749610791648272,0.322188432281957,0.30613783786977805
2023-06-23 07:00:00,0.5535065915529802,0.547442727263843,0.5265569521401617,0.4810232114708614,0.508787267354723,0.5198081428840489
2023-06-23 08:00:00,0.6698459677178658,0.6675556515099421,0.6521273625319891,0.6429919338431718,0.6281087472440178,0.6552837313327448
2023-06-23 09:00:00,0.7414502393369825,0.7360932492422159,0.7229396603154836,0.7106163215341723,0.7168228808419366,0.7279422685176171
2023-06-23 10:00:00,0.771195212043354,0.7548341348148693,0.7272994051674814,0.7207188488998825,0.7383197073270756,0.7520154193983225
2023-06-23 11:00:00,0.7899493212357172,0.7629465625546996,0.7521565851648888,0.7488643644189129,0.7609992101955138,0.777843092213125
2023-06-23 12:00:00,0.7352466612670043,0.6956056259047723,0.6482470041604883,0.6313885348409072,0.6646903277434408,0.6899972916916244
2023-06-23 13:00:00,0.7584079704452693,0.7217197757341761,0.6932039769599821,0.6438924554803637,0.7172912426097937,0.7038401147602579
2023-06-23 14:00:00,0.7624203553642096,0.7731203011606177,0.7605896073243962,0.7418444389608054,0.7713947769876214,0.6984022077848314
2023-06-23 15:00:00,0.7649852907381183,0.7529793379671518,0.7420861207845613,0.6920092210674761,0.7587678987032742,0.6702620891369837
2023-06-23 16:00:00,0.7235498833097568,0.6778739767961814,0.7054728800831935,0.6542189727004011,0.7219898294299726,0.6385775524997578
2023-06-23 17:00:00,0.5953013412969465,0.5889854748571769,0.6363235460212249,0.5462620900087907,0.6601388869351745,0.5100502781779773
2023-06-23 18:00:00,0.49511270419729125,0.4562875940638202,0.458706987777481,0.3883635258680155,0.48983381042794827,0.39767825818702823
2023-06-23 19:00:00,0.49513877390328437,0.43562624574852304,0.42289283092696683,0.4218378668696855,0.4404337788454242,0.27564705369490233
2023-06-23 20:00:00,0.3705810146098905,0.34546347654900594,0.3832409948392456,0.3326719542149213,0.40183732257198435,0.20783903871340728
2023-06-23 21:00:00,0.20739393395670996,0.1876279013223909,0.20281016880150712,0.12094853055571013,0.2352531163130274,0.06299852761855272
2023-06-23 22:00:00,0.0,0.0,0.0,0.0,0.0,0.0
2023-06-23 23:00:00,0.0,0.0,0.0,0.0,0.0,0.0
2023-06-24 00:00:00,0.0,0.0,0.0,0.0,0.0,0.0
2023-06-24 01:00:00,0.0,0.0,0.0,0.0,0.0,0.0
2023-06-24 02:00:00,0.0,0.0,0.0,0.0,0.0,0.0
2023-06-24 03:00:00,0.0,0.0,0.0,0.0,0.0,0.0
2023-06-24 04:00:00,0.0,0.0,0.0,0.0,0.0,0.0
2023-06-24 05:00:00,0.0,0.0,0.0,0.0,0.0,0.0
2023-06-24 06:00:00,0.2653420289298369,0.31203462945403715,0.313713208226104,0.23112066116373994,0.33249229291863186,0.11956405678504702
2023-06-24 07:00:00,0.4477403118503927,0.5009191814168545,0.5002999364096828,0.3887162437798823,0.5260394512763514,0.22582958629647293
2023-06-24 08:00:00,0.5600099038643412,0.6528686694982341,0.6493323686281797,0.609089884438928,0.6517024755423307,0.3096511082042976
2023-06-24 09:00:00,0.5902666346768031,0.6800639207934287,0.6855457965485748,0.6425660070823471,0.6918374755101675,0.36228143931214507
2023-06-24 10:00:00,0.6484279186670697,0.7182256297210133,0.6947985884086234,0.5260043441898918,0.7288858552296813,0.450799713272991
2023-06-24 11:00:00,0.5969288895836211,0.7291373970272998,0.7021091319252474,0.4840420590375889,0.7519521569019328,0.4287754011569799
2023-06-24 12:00:00,0.5798476947387649,0.5892229485004392,0.5900427059025892,0.5676581005739787,0.6024706547620285,0.4971310690749739
2023-06-24 13:00:00,0.6192616928465435,0.6205178308960073,0.5787176534173277,0.6572979570911083,0.5621316772285216,0.4804344460851551
2023-06-24 14:00:00,0.6122211841680983,0.619424278312047,0.6705266223721309,0.6572283527450874,0.668065908277108,0.4998267518074829
2023-06-24 15:00:00,0.5252106202168088,0.3961881522464181,0.44178890543744,0.5497309626877046,0.4140836678294877,0.474305077617997
2023-06-24 16:00:00,0.41257363775299744,0.4747280791465776,0.4873871695557924,0.6076292903271012,0.4694523561054134,0.42696053452417887
2023-06-24 17:00:00,0.389375488652735,0.41455224622869236,0.46142238020482484,0.5677643118643191,0.4259108013175016,0.3808931262070219
2023-06-24 18:00:00,0.3094425222554497,0.3699151250251559,0.3897621079896983,0.4757926819937091,0.3688706660463791,0.3099501841798241
2023-06-24 19:00:00,0.2213001144985411,0.30713499296939445,0.36083586667751943,0.29768575270864844,0.3751295673696435,0.20475082894044308
2023-06-24 20:00:00,0.2990560542589733,0.26905708016969276,0.2685520219952849,0.18039445962074194,0.27423000699941646,0.18275243049676
2023-06-24 21:00:00,0.12094909279199877,0.08902227479293137,0.05839440552422607,0.04949180384567093,0.05659519122734246,0.07305171687885476
2023-06-24 22:00:00,0.0,0.0,0.0,0.0,0.0,0.0
2023-06-24 23:00:00,0.0,0.0,0.0,0.0,0.0,0.0
2023-06-25 00:00:00,0.0,0.0,0.0,0.0,0.0,0.0
2023-06-25 01:00:00,0.0,0.0,0.0,0.0,0.0,0.0
2023-06-25 02:00:00,0.0,0.0,0.0,0.0,0.0,0.0
2023-06-25 03:00:00,0.0,0.0,0.0,0.0,0.0,0.0
2023-06-25 04:00:00,0.0,0.0,0.0,0.0,0.0,0.0
2023-06-25 05:00:00,0.0,0.0,0.0,0.0,0.0,0.0
2023-06-25 06:00:00,0.15773815542454306,0.25872146688403086,0.2588613835663182,0.1406297636612781,0.26651044893428094,0.10007558588583892
2023-06-25 07:00:00,0.2966143904679859,0.4252428411702384,0.4332700039918391,0.295869532040867,0.44398774946806485,0.2161482256520858
2023-06-25 08:00:00,0.4946295453025878,0.569487477598086,0.5693909426649819,0.3941429221271514,0.5915517461220587,0.3721214211834626
2023-06-25 09:00:00,0.6274517823109387,0.6912009022101172,0.6762974591578347,0.5394309272918594,0.7027636748074488,0.5437431059892033
2023-06-25 10:00:00,0.6941460208740473,0.672781001103884,0.6382048024377843,0.6196825244064047,0.6578048234273131,0.6457814977559163
2023-06-25 11:00:00,0.5734585417049904,0.5512829523569618,0.5577398872047646,0.61549520436314,0.5774349174517565,0.6555106116248541
2023-06-25 12:00:00,0.6355885578903925,0.6334099211995972,0.6303137250361351,0.6433417830800574,0.6473831527832551,0.6677880998209779
2023-06-25 13:00:00,0.5716446802219766,0.6168222812802787,0.6348336496485054,0.5535980216560935,0.6756850483317574,0.606888165851836
2023-06-25 14:00:00,0.4245765194686491,0.4448722205351139,0.5914130909462219,0.5578611518636647,0.5971202885317721,0.4775028525320796
2023-06-25 15:00:00,0.47538201641407873,0.5081113500249383,0.6373820689217642,0.6339141337936494,0.6271040632043519,0.5026480312588407
2023-06-25 16:00:00,0.2625701455305496,0.3618150559174404,0.5548125925028786,0.5460624610028715,0.5781277546081016,0.5188290310792997
2023-06-25 17:00:00,0.4301149868515032,0.5008473901739342,0.5387905323886772,0.4180901104110164,0.5608414979514632,0.49417364297300764
2023-06-25 18:00:00,0.34355968211823373,0.5227686490740161,0.5638503937755619,0.4476401980121759,0.5723062795066246,0.4074935504519799
2023-06-25 19:00:00,0.319688076919705,0.3389525839484744,0.31939539604347444,0.37689123977991257,0.29997679956445666,0.3851844356844232
2023-06-25 20:00:00,0.26303608912295423,0.15718572744362985,0.16985988185174294,0.20249118946087666,0.1526293723083792,0.30533210658324117
2023-06-25 21:00:00,0.1800364438535508,0.1328097715989486,0.12873855211654162,0.11615454676547037,0.12964293374225577,0.17337416445341064
2023-06-25 22:00:00,0.0,0.0,0.0,0.0,0.0,0.0
2023-06-25 23:00:00,0.0,0.0,0.0,0.0,0.0,0.0
2023-06-26 00:00:00,0.0,0.0,0.0,0.0,0.0,0.0
2023-06-26 01:00:00,0.0,0.0,0.0,0.0,0.0,0.0
2023-06-26 02:00:00,0.0,0.0,0.0,0.0,0.0,0.0
2023-06-26 03:00:00,0.0,0.0,0.0,0.0,0.0,0.0
2023-06-26 04:00:00,0.0,0.0,0.0,0.0,0.0,0.0
2023-06-26 05:00:00,0.0,0.0,0.0,0.0,0.0,0.0
2023-06-26 06:00:00,0.2673444677328311,0.27328786853709697,0.25880236206752544,0.31392491672751893,0.2122411469330746,0.19452387067971025
2023-06-26 07:00:00,0.4254151564484994,0.4885213395588238,0.5108074742368592,0.4813909766365252,0.46758848332019237,0.314780889886783
2023-06-26 08:00:00,0.5218770794006918,0.6421961320423446,0.656365577468693,0.642286346163799,0.6232676023806689,0.4956918053457297
2023-06-26 09:00:00,0.6843589572223306,0.7291189983612207,0.722713015935133,0.7216425759558024,0.7075900825015452,0.6539213909214089
2023-06-26 10:00:00,0.7199949395448605,0.7250069241864271,0.7105661726030869,0.6376289472452585,0.7304577565959149,0.7154784256667677
2023-06-26 11:00:00,0.7240000158108099,0.6714238412019911,0.6435325029831785,0.6509652696478987,0.6506300286911013,0.6966039552159449
2023-06-26 12:00:00,0.6367880037684069,0.6050745556932702,0.6488399055261062,0.6288736690352249,0.6720910383298819,0.6663206630895832
2023-06-26 13:00:00,0.6267576053722391,0.6606655328809022,0.6696123818644265,0.6189190089012997,0.7025611942014062,0.6962083109859158
2023-06-26 14:00:00,0.5789277257347119,0.6458533928259961,0.6182173804733322,0.5677859864239905,0.6596625101012537,0.6818833880237348
2023-06-26 15:00:00,0.4732945423665489,0.49583539388446757,0.5207992933627811,0.561443243507068,0.5421190665980798,0.6452429165053123
2023-06-26 16:00:00,0.5865264528952908,0.6065919999591,0.5882945562731802,0.6105951272219041,0.6003221629810088,0.6737033273031653
2023-06-26 17:00:00,0.5567490356664158,0.631162768240867,0.6019449369719655,0.5647461404633461,0.6327507708690019,0.6120505306539953
2023-06-26 18:00:00,0.4564465593661857,0.5659940877064948,0.593601774623801,0.5247573080006328,0.6188978365833209,0.569228002729501
2023-06-26 19:00:00,0.40519271321018974,0.4517736526409848,0.44663874760451816,0.4074038939015525,0.45903342772122846,0.4976960862327535
2023-06-26 20:00:00,0.2606672157891598,0.23006229046565446,0.17392048775198599,0.13500035387182874,0.1918849506746937,0.36657069382037993
2023-06-26 21:00:00,0.22108557285535937,0.21048461150967251,0.18660668955376056,0.1466479294817681,0.2063059333043501,0.22317043742937273
2023-06-26 22:00:00,0.0,0.0,0.0,0.0,0.0,0.0
2023-06-26 23:00:00,0.0,0.0,0.0,0.0,0.0,0.0
2023-06-27 00:00:00,0.0,0.0,0.0,0.0,0.0,0.0
2023-06-27 01:00:00,0.0,0.0,0.0,0.0,0.0,0.0
2023-06-27 02:00:00,0.0,0.0,0.0,0.0,0.0,0.0
2023-06-27 03:00:00,0.0,0.0,0.0,0.0,0.0,0.0
2023-06-27 04:00:00,0.0,0.0,0.0,0.0,0.0,0.0
2023-06-27 05:00:00,0.0,0.0,0.0,0.0,0.0,0.0
2023-06-27 06:00:00,0.2545916499519068,0.24741735341812574,0.2761358231816301,0.24339808844197577,0.2885756508545715,0.28488375983534264
2023-06-27 07:00:00,0.4298574283431345,0.4828892214186011,0.4937277099920275,0.4485488875684789,0.5091232688555852,0.46543439898874084
2023-06-27 08:00:00,0.5707407754388555,0.6021796414496446,0.5976359844440253,0.5313161841249093,0.6166745784511704,0.5752037258892254
2023-06-27 09:00:00,0.6799708795365104,0.6755107160411618,0.6831338113602216,0.6624479175317902,0.6909654331982316,0.6366252068616496
2023-06-27 10:00:00,0.7177779158034175,0.6854446335664294,0.6991016829100776,0.6545601890231644,0.7146455463765897,0.6620488138431275
2023-06-27 11:00:00,0.7561373357912022,0.75918734912899,0.7488742875315418,0.7388468449537297,0.7531827646870608,0.7224472210066383
2023-06-27 12:00:00,0.7625235682500854,0.7568497976228866,0.7538475117742991,0.7558559837214189,0.7601513258125576,0.7446788999767286
2023-06-27 13:00:00,0.6220525363736877,0.6275083036647348,0.6251580860454755,0.672319440261863,0.6375158953628473,0.6926250230879162
2023-06-27 14:00:00,0.5635156004096132,0.5221475014940916,0.5487825804109132,0.643528255191924,0.5472498781242568,0.6867065913652796
2023-06-27 15:00:00,0.5643090835787543,0.49103067285305113,0.45534915562876316,0.4220748963552039,0.48795462236218995,0.6608377796057151
2023-06-27 16:00:00,0.5228807974117674,0.5284437185270365,0.5205136415639232,0.5276911594815675,0.5362891938343927,0.6304063190908683
2023-06-27 17:00:00,0.3798761170733472,0.31249814617577815,0.3378744987750712,0.36439467131342995,0.32376690063963515,0.5495245091275814
2023-06-27 18:00:00,0.2946722964037929,0.36330367891351245,0.4156387945732604,0.33618209701097584,0.4317394039976721,0.5132611648098043
2023-06-27 19:00:00,0.306423455621458,0.3199051408801533,0.30202202121213356,0.30339730711090085,0.301405459521344,0.42086028160615235
2023-06-27 20:00:00,0.1767113077558704,0.1278924035586116,0.14397832402881655,0.19629623729791434,0.14664863548425044,0.3044570737138907
2023-06-27 21:00:00,0.10392058540073391,0.040736332626004124,0.045019677659946196,0.03629095981589256,0.055240144015560134,0.17497481542663784
2023-06-27 22:00:00,0.0,0.0,0.0,0.0,0.0,0.0
2023-06-27 23:00:00,0.0,0.0,0.0,0.0,0.0,0.0
2023-06-28 00:00:00,0.0,0.0,0.0,0.0,0.0,0.0
2023-06-28 01:00:00,0.0,0.0,0.0,0.0,0.0,0.0
2023-06-28 02:00:00,0.0,0.0,0.0,0.0,0.0,0.0
2023-06-28 03:00:00,0.0,0.0,0.0,0.0,0.0,0.0
2023-06-28 04:00:00,0.0,0.0,0.0,0.0,0.0,0.0
2023-06-28 05:00:00,0.0,0.0,0.0,0.0,0.0,0.0
2023-06-28 06:00:00,0.18260889419779835,0.22054631818662696,0.29538973069840635,0.2874892305793631,0.26724448365045256,0.27551598309240616
2023-06-28 07:00:00,0.3715628885022283,0.4241823755522165,0.48215234817088143,0.4795520581752906,0.44557293693195915,0.4406314854583847
2023-06-28 08:00:00,0.5567469607642815,0.5620781857177385,0.6093176957096221,0.6278308996837477,0.5783657705147575,0.6010122244125596
2023-06-28 09:00:00,0.6971335975177526,0.7009240177415674,0.6936049730670913,0.702462698624709,0.6841915338266473,0.6930810277248912
2023-06-28 10:00:00,0.7152734691722045,0.6894416918923953,0.7103784379335539,0.7223576801340637,0.7091176846473766,0.7331998860772362
2023-06-28 11:00:00,0.7235086745871545,0.7001209519731393,0.7227792416990448,0.7424489761936978,0.7226127289073995,0.731934200187013
2023-06-28 12:00:00,0.726047817885012,0.7416749537416663,0.7493093566002966,0.7601468275690313,0.7501640577356381,0.7184475557848425
2023-06-28 13:00:00,0.702569728568913,0.6620285127818548,0.6483000449112488,0.7021554155552365,0.6501809533366122,0.7346786616310497
2023-06-28 14:00:00,0.6788907292988019,0.6087779305565767,0.5714530336348312,0.585079964616216,0.5846522026132588,0.6918172891988814
2023-06-28 15:00:00,0.6001549272564928,0.45552798356006613,0.4721517926705625,0.4189403901740067,0.47460320691351326,0.6597324895158573
2023-06-28 16:00:00,0.5337189713308484,0.5777265783778968,0.640538650586828,0.6339026161800487,0.6320918345093226,0.6410774436888101
2023-06-28 17:00:00,0.503042128018195,0.5104783365103223,0.5077398119279107,0.5888428223396034,0.4959675223383688,0.6308252353583353
2023-06-28 18:00:00,0.3419611225108341,0.3621758969987118,0.42378807710598876,0.23885957941723576,0.4602322585262195,0.5320787939956456
2023-06-28 19:00:00,0.34368789723216,0.3630149596011971,0.3680288411359016,0.2471919625068235,0.39158401425591305,0.4048383931094932
2023-06-28 20:00:00,0.37107871639907725,0.36218513859625057,0.3438573770178837,0.32351354931862014,0.34439339405609287,0.3580380607387515
2023-06-28 21:00:00,0.22041018086808034,0.1900461489660577,0.19858181588816118,0.21816429654531969,0.19498871672817725,0.2337846641142572
2023-06-28 22:00:00,0.0,0.0,0.0,0.0,0.0,0.0
2023-06-28 23:00:00,0.0,0.0,0.0,0.0,0.0,0.0
2023-06-29 00:00:00,0.0,0.0,0.0,0.0,0.0,0.0
2023-06-29 01:00:00,0.0,0.0,0.0,0.0,0.0,0.0
2023-06-29 02:00:00,0.0,0.0,0.0,0.0,0.0,0.0
2023-06-29 03:00:00,0.0,0.0,0.0,0.0,0.0,0.0
2023-06-29 04:00:00,0.0,0.0,0.0,0.0,0.0,0.0
2023-06-29 05:00:00,0.0,0.0,0.0,0.0,0.0,0.0
2023-06-29 06:00:00,0.23955519883160623,0.2777306383970358,0.2909088918633434,0.3084158075589611,0.2877450821311525,0.23878854509127756
2023-06-29 07:00:00,0.44221554986101286,0.47614312567735495,0.4655090852048182,0.49141766859663527,0.47127352619615753,0.41576709596628836
2023-06-29 08:00:00,0.5825902772357696,0.596463808794523,0.5912330661412334,0.5601165527802937,0.6004958368687641,0.48498227695858365
2023-06-29 09:00:00,0.6381261983280443,0.6406191583602261,0.6075920393188324,0.6056107538284553,0.6185763306109192,0.5033702099683856
2023-06-29 10:00:00,0.6345836892230328,0.6593517471138024,0.6163757556531034,0.565382662036476,0.6424573192219148,0.5434029544138202
2023-06-29 11:00:00,0.596878545253604,0.6354681477365138,0.6055152305056802,0.5466929131215064,0.6351585951533161,0.5709075014378185
2023-06-29 12:00:00,0.6192238914224286,0.5382665392698338,0.5450134956738155,0.5964663079808309,0.5360370043900001,0.5963694782712363
2023-06-29 13:00:00,0.6514961250256631,0.5712365909748922,0.6074491802083066,0.6995258574095313,0.5817444483677302,0.6321064487719577
2023-06-29 14:00:00,0.6899265684613147,0.6850328435160687,0.7156466907050576,0.7405552157795271,0.6829290916024061,0.5919415707718692
2023-06-29 15:00:00,0.6473381443592003,0.6199826858551349,0.6525558888379515,0.6236368018845562,0.6404287525150395,0.5366738510822853
2023-06-29 16:00:00,0.5455057200016377,0.5591499206549476,0.5958345119375844,0.47160573352104135,0.6259271834323581,0.5036789854481439
2023-06-29 17:00:00,0.5926363920035139,0.5603200085960659,0.5177385154227518,0.5879285383156025,0.5219584331579891,0.5456196247359408
2023-06-29 18:00:00,0.5805576129650138,0.5530807767297841,0.47889886050928243,0.5110208752756937,0.4749946986018757,0.5040471864627714
2023-06-29 19:00:00,0.5696890885807063,0.5016268983225185,0.440281486686275,0.500911369186927,0.4177288817785892,0.49325040597194775
2023-06-29 20:00:00,0.42035142433933664,0.3419575047464749,0.3419512649346334,0.431645992733087,0.31592330423931836,0.44373222466611195
2023-06-29 21:00:00,0.3123493038293899,0.3003435847215284,0.3096165785789185,0.3263828711176442,0.3077046707351014,0.3164290487339373
2023-06-29 22:00:00,0.0,0.0,0.0,0.0,0.0,0.0
2023-06-29 23:00:00,0.0,0.0,0.0,0.0,0.0,0.0
2023-06-30 00:00:00,0.0,0.0,0.0,0.0,0.0,0.0
2023-06-30 01:00:00,0.0,0.0,0.0,0.0,0.0,0.0
2023-06-30 02:00:00,0.0,0.0,0.0,0.0,0.0,0.0
2023-06-30 03:00:00,0.0,0.0,0.0,0.0,0.0,0.0
2023-06-30 04:00:00,0.0,0.0,0.0,0.0,0.0,0.0
2023-06-30 05:00:00,0.0,0.0,0.0,0.0,0.0,0.0
2023-06-30 06:00:00,0.32229046440486175,0.34140649747379775,0.3410118050278492,0.34096708827242234,0.3417933341998306,0.29635937033574217
2023-06-30 07:00:00,0.5120615952612697,0.5363934441945094,0.534426628393155,0.5350452708006855,0.5368316341218442,0.4905311027027354
2023-06-30 08:00:00,0.6344296553115347,0.6550934108001922,0.6504881190772278,0.6537482798333679,0.6526185776323739,0.6168079957160827
2023-06-30 09:00:00,0.713697852045556,0.7199293126982941,0.7145169813474624,0.7215165854065065,0.715986539247367,0.6925120038093258
2023-06-30 10:00:00,0.7545083255803806,0.7520977885469949,0.7460103590330353,0.7536598867081692,0.7484182946924463,0.7299333436748302
2023-06-30 11:00:00,0.7786120418561573,0.773866855239311,0.7656821722276389,0.7755415226641034,0.764570473764431,0.7336674108493046
2023-06-30 12:00:00,0.787939141266854,0.7840701662743418,0.7758974517736285,0.785900457002784,0.7773382333605022,0.7312455622890061
2023-06-30 13:00:00,0.7877517644321571,0.7875142446014296,0.7794257053477854,0.7926256479513594,0.7791557692941076,0.737786047863141
2023-06-30 14:00:00,0.7867269450341475,0.7839619222057964,0.7751181145002536,0.7913377017541496,0.7707449891958001,0.7471376363287444
2023-06-30 15:00:00,0.776536623904053,0.7733688301227021,0.7642134477756087,0.781039186753217,0.7585548210306803,0.7459687526945451
2023-06-30 16:00:00,0.7546599908406831,0.754421133828697,0.7496815769416922,0.7664040319730415,0.745690645600234,0.7174870975231072
2023-06-30 17:00:00,0.7060314217178796,0.7215849171589733,0.7224198337493312,0.7377833522480571,0.7192596595295825,0.7010949491465595
2023-06-30 18:00:00,0.6610773974912308,0.6211716348649094,0.6606651911644499,0.6869016627429566,0.6594831417987741,0.6693148977650478
2023-06-30 19:00:00,0.584633672037493,0.562375030113825,0.6041741071279235,0.6336146276731985,0.5964102090911609,0.5762303078942123
2023-06-30 20:00:00,0.48978514277375107,0.4557501901516527,0.4957080644679057,0.5229280490967066,0.4823988121858739,0.49693152593003376
2023-06-30 21:00:00,0.33027460293311617,0.3290915445867576,0.32948872424339726,0.3477355801250418,0.3263897686410807,0.3441077133498936
2023-06-30 22:00:00,0.0,0.0,0.0,0.0,0.0,0.0
2023-06-30 23:00:00,0.0,0.0,0.0,0.0,0.0,0.0
2023-07-01 00:00:00,0.0,0.0,0.0,0.0,0.0,0.0
2023-07-01 01:00:00,0.0,0.0,0.0,0.0,0.0,0.0
2023-07-01 02:00:00,0.0,0.0,0.0,0.0,0.0,0.0
2023-07-01 03:00:00,0.0,0.0,0.0,0.0,0.0,0.0
2023-07-01 04:00:00,0.0,0.0,0.0,0.0,0.0,0.0
2023-07-01 05:00:00,0.0,0.0,0.0,0.0,0.0,0.0
2023-07-01 06:00:00,0.29874571635806096,0.35981789188226343,0.3564022053481953,0.35502606631041445,0.35645061848296106,0.26379381264609286
2023-07-01 07:00:00,0.46632015377248764,0.5651794810999465,0.559714094505666,0.5603175259723633,0.5589119907822766,0.3911873075780619
2023-07-01 08:00:00,0.5938371768418621,0.6821402688308721,0.6736630252276057,0.6725553533076919,0.6761394226907127,0.5390862588052786
2023-07-01 09:00:00,0.6753195055215189,0.7403286543931811,0.7332056321766561,0.7356036430296647,0.7371760619342516,0.5887089326545649
2023-07-01 10:00:00,0.769369943743326,0.7663381975958632,0.759626201883905,0.7670286910791934,0.763839357237523,0.6833095054794138
2023-07-01 11:00:00,0.7972933858010435,0.7929324778754379,0.7835217296643524,0.7941751229007337,0.7852686410037516,0.6687643986738903
2023-07-01 12:00:00,0.8081735141495708,0.8059537754862294,0.7956243661906093,0.8063438984253158,0.7982953829723562,0.6852096920665541
2023-07-01 13:00:00,0.80781247762476,0.8076767019305842,0.7991625862604629,0.812348397781985,0.8004716602133316,0.7087394235157619
2023-07-01 14:00:00,0.8046293867725942,0.8023820926395071,0.7948483384749075,0.8081380461044757,0.7964072605838376,0.727418215258323
2023-07-01 15:00:00,0.788187000579024,0.7866010353100238,0.7789527910564689,0.7800833372817095,0.7832466163812335,0.6871567352423857
2023-07-01 16:00:00,0.7802041977375024,0.775397476186188,0.7684939344349561,0.7798485176803891,0.7699561257797646,0.7048066260609777
2023-07-01 17:00:00,0.7473983483455812,0.7557563109951957,0.7505134463748439,0.7626128170023456,0.7520681871668294,0.6956642216605678
2023-07-01 18:00:00,0.7262524539667219,0.7285043572365052,0.7205836230997748,0.7322192534542065,0.7209898495326494,0.6429249576700582
2023-07-01 19:00:00,0.6575036724755041,0.6607324113540826,0.654973241343043,0.6644165714017151,0.6564280182151029,0.5674918147761375
2023-07-01 20:00:00,0.542203594871426,0.5443258677405914,0.5388348097881338,0.5414171033180758,0.5415330829720104,0.4914452416444915
2023-07-01 21:00:00,0.3528975983502961,0.3526220976844609,0.34546468633389477,0.35460633734931857,0.3463294843988695,0.3369855484358077
2023-07-01 22:00:00,0.0,0.0,0.0,0.0,0.0,0.0
2023-07-01 23:00:00,0.0,0.0,0.0,0.0,0.0,0.0
2023-07-02 00:00:00,0.0,0.0,0.0,0.0,0.0,0.0
2023-07-02 01:00:00,0.0,0.0,0.0,0.0,0.0,0.0
2023-07-02 02:00:00,0.0,0.0,0.0,0.0,0.0,0.0
2023-07-02 03:00:00,0.0,0.0,0.0,0.0,0.0,0.0
2023-07-02 04:00:00,0.0,0.0,0.0,0.0,0.0,0.0
2023-07-02 05:00:00,0.0,0.0,0.0,0.0,0.0,0.0
2023-07-02 06:00:00,0.3172149779539681,0.356887275341901,0.35753695273383646,0.35115662198572783,0.36202277598948535,0.33445421045172535
2023-07-02 07:00:00,0.5466804715597651,0.5637364098269587,0.5648015512068362,0.5611718345205104,0.5686126313766063,0.5521665945874342
2023-07-02 08:00:00,0.6725692609512824,0.6900692267598946,0.6889979400695994,0.6885135588047046,0.6966888373455554,0.6815195480207648
2023-07-02 09:00:00,0.7459262185256103,0.7628179039740164,0.7574729568141558,0.7616130874721664,0.7629651115856312,0.7489186365445799
2023-07-02 10:00:00,0.7977509390136547,0.8003949933341398,0.7935759110147119,0.7997445528356238,0.7984378699093004,0.7912624889231885
2023-07-02 11:00:00,0.8204245004560977,0.8213939748631692,0.8131947381296137,0.820675106713003,0.8174806728339806,0.8072054275190715
2023-07-02 12:00:00,0.8307955188105203,0.8325321543339327,0.8231121112991839,0.8326538118489494,0.8264393417406662,0.790786534017726
2023-07-02 13:00:00,0.8309064036957464,0.8348846047200472,0.8247582199306158,0.8333083275712917,0.8293627739772901,0.812331453829098
2023-07-02 14:00:00,0.827258629417907,0.8288976644671495,0.8194898487031346,0.8309708102882972,0.822417699609157,0.8137266691930608
2023-07-02 15:00:00,0.8170621421722286,0.8178784886496112,0.8086965144873973,0.8220944325088427,0.8109927073863619,0.789025283245173
2023-07-02 16:00:00,0.8015455100851514,0.8019936226175459,0.7927389991772755,0.8063722106708555,0.7945748567899624,0.7355568099474129
2023-07-02 17:00:00,0.7757367078030348,0.7802499951008579,0.7720769328705701,0.7852676847012949,0.7721638870515698,0.636703384588413
2023-07-02 18:00:00,0.7338366922601782,0.7422780334006404,0.7362618970552738,0.7438326139528993,0.7338500900337451,0.5454736424881156
2023-07-02 19:00:00,0.6510869077446196,0.68022390547672,0.6743965630703318,0.6821617209938963,0.6706955130514495,0.48940549614320955
2023-07-02 20:00:00,0.5157113392961842,0.5639074952969431,0.5573964668675888,0.5663239500035248,0.5520272916206161,0.40192495666239414
2023-07-02 21:00:00,0.33880183278956755,0.3586070595818903,0.354088103147884,0.36000793262947806,0.35436662110458444,0.3381328157770224
2023-07-02 22:00:00,0.0,0.0,0.0,0.0,0.0,0.0
2023-07-02 23:00:00,0.0,0.0,0.0,0.0,0.0,0.0
2023-07-03 00:00:00,0.0,0.0,0.0,0.0,0.0,0.0
2023-07-03 01:00:00,0.0,0.0,0.0,0.0,0.0,0.0
2023-07-03 02:00:00,0.0,0.0,0.0,0.0,0.0,0.0
2023-07-03 03:00:00,0.0,0.0,0.0,0.0,0.0,0.0
2023-07-03 04:00:00,0.0,0.0,0.0,0.0,0.0,0.0
2023-07-03 05:00:00,0.0,0.0,0.0,0.0,0.0,0.0
2023-07-03 06:00:00,0.34385279688372006,0.3572545567186435,0.35719188241928385,0.348336124294905,0.3618533281700325,0.3410463413392271
2023-07-03 07:00:00,0.5462831757677824,0.5565269644534687,0.5532897991070405,0.5511016080880253,0.5588458701724279,0.5359474832061331
2023-07-03 08:00:00,0.6759381039930025,0.6779406080676286,0.672099966655656,0.6767058265270712,0.6763439208872335,0.662072156741409
2023-07-03 09:00:00,0.7432425377656667,0.7435711786952388,0.737103259563318,0.7427076747455266,0.7422436863064928,0.7349005895362936
2023-07-03 10:00:00,0.7800068242382588,0.7794599623202806,0.7728546785612803,0.7794357882093397,0.7777399597466004,0.7717163893016746
2023-07-03 11:00:00,0.8023544141387001,0.8032593195914716,0.7959051371434576,0.8041856979833889,0.8006647287348062,0.7682404628725056
2023-07-03 12:00:00,0.7873688348478697,0.8194942990622589,0.8116346147675548,0.8214970565200782,0.8163520568836015,0.7027184313607462
2023-07-03 13:00:00,0.8188363281407632,0.8291869304991469,0.8192609626732625,0.8278041361847636,0.8202132617068689,0.6490883966716328
2023-07-03 14:00:00,0.7830287331714042,0.8084064415869968,0.7942064070454047,0.7417317837429191,0.8132460901048544,0.5986408591013721
2023-07-03 15:00:00,0.7758427756273485,0.7916984460996722,0.7654656930558804,0.7044198682148975,0.7854832815784465,0.5762223781471535
2023-07-03 16:00:00,0.7630527851787083,0.7566877615714201,0.7221008970209436,0.6234232350113942,0.7500414286626323,0.5736948185768141
2023-07-03 17:00:00,0.6468733898012075,0.661925091879656,0.6316320815583637,0.46963436797020064,0.671752692637684,0.47892892750571875
2023-07-03 18:00:00,0.6162578799484376,0.6492813729783888,0.601565542840714,0.5044927829674678,0.622484964776589,0.4760070382158989
2023-07-03 19:00:00,0.5994878133328478,0.5719725637643643,0.4935262551315113,0.5869724704612986,0.4784144606711646,0.461717556017307
2023-07-03 20:00:00,0.4498678042339524,0.4633864621881661,0.43140671828860594,0.43969081719052944,0.45417224211653956,0.40459003373466546
2023-07-03 21:00:00,0.35228248266325185,0.3456305022078535,0.33675916300726605,0.3355182292679922,0.34022930954324226,0.3142703401461557
2023-07-03 22:00:00,0.0,0.0,0.0,0.0,0.0,0.0
2023-07-03 23:00:00,0.0,0.0,0.0,0.0,0.0,0.0
2023-07-04 00:00:00,0.0,0.0,0.0,0.0,0.0,0.0
2023-07-04 01:00:00,0.0,0.0,0.0,0.0,0.0,0.0
2023-07-04 02:00:00,0.0,0.0,0.0,0.0,0.0,0.0
2023-07-04 03:00:00,0.0,0.0,0.0,0.0,0.0,0.0
2023-07-04 04:00:00,0.0,0.0,0.0,0.0,0.0,0.0
2023-07-04 05:00:00,0.0,0.0,0.0,0.0,0.0,0.0
2023-07-04 06:00:00,0.3258062923502943,0.33832493574584527,0.3371223884893474,0.32836113029240044,0.34354594938373145,0.31847724067123706
2023-07-04 07:00:00,0.5271481816134356,0.5363765174291495,0.5310297650027291,0.5290571410411721,0.5363195429934111,0.5140618188948459
2023-07-04 08:00:00,0.6580338754440104,0.6574136199647986,0.6502236076492551,0.6517738938477049,0.6534486398882979,0.6426497880739181
2023-07-04 09:00:00,0.7256976208292949,0.7202920538007335,0.7139285639147889,0.7195851581326818,0.7173553725023916,0.7146174168998259
2023-07-04 10:00:00,0.7120699014993928,0.7334022807478974,0.7353365127392945,0.7307254737760159,0.750869343820589,0.7528677832467658
2023-07-04 11:00:00,0.6573761894708939,0.6417710233659314,0.6903839021009168,0.6286821858367018,0.7104877443808458,0.7416194969838844
2023-07-04 12:00:00,0.7360677903947103,0.762171643118046,0.7444890659866246,0.6546063086550823,0.7750314678538448,0.7197816667184245
2023-07-04 13:00:00,0.7126769660111607,0.743654766811355,0.7463635321151645,0.6741258401551481,0.7683578802073736,0.6902139144818101
2023-07-04 14:00:00,0.6627915808988659,0.6963797557762421,0.7095338116579025,0.7007625578603786,0.7235320420808339,0.7244906428796467
2023-07-04 15:00:00,0.6756716771517984,0.7279694625571894,0.7236544286951835,0.7442462156916966,0.7092204650225068,0.6461597045436575
2023-07-04 16:00:00,0.6125827800973314,0.6580801505681638,0.6821166403568328,0.6740557547198227,0.6652328173673935,0.5849753542434698
2023-07-04 17:00:00,0.5871202405416429,0.6512347101953483,0.6310607020466737,0.6643036518191454,0.605101834238631,0.5327553480366641
2023-07-04 18:00:00,0.44628030175059985,0.5876681554942724,0.5611278649016603,0.5567200340485382,0.5481723153507526,0.4402852629565037
2023-07-04 19:00:00,0.4422676864910971,0.4846497550242113,0.4702408869776158,0.5578017205825658,0.4642263339005959,0.4589490743918647
2023-07-04 20:00:00,0.4013376321836451,0.4595331022906056,0.44335391688313164,0.48117420248880355,0.4318256525370295,0.39723267283649777
2023-07-04 21:00:00,0.2351130928776418,0.257472130711893,0.26782106968082475,0.311695227025192,0.25060677181174273,0.27739196843720604
2023-07-04 22:00:00,0.0,0.0,0.0,0.0,0.0,0.0
2023-07-04 23:00:00,0.0,0.0,0.0,0.0,0.0,0.0
2023-07-05 00:00:00,0.0,0.0,0.0,0.0,0.0,0.0
2023-07-05 01:00:00,0.0,0.0,0.0,0.0,0.0,0.0
2023-07-05 02:00:00,0.0,0.0,0.0,0.0,0.0,0.0
2023-07-05 03:00:00,0.0,0.0,0.0,0.0,0.0,0.0
2023-07-05 04:00:00,0.0,0.0,0.0,0.0,0.0,0.0
2023-07-05 05:00:00,0.0,0.0,0.0,0.0,0.0,0.0
2023-07-05 06:00:00,0.1622795247327551,0.26529775188825355,0.3055361066789667,0.25681595564718757,0.3322062299827161,0.22776548205456953
2023-07-05 07:00:00,0.31980116464328584,0.421739781965849,0.4707169922001784,0.3927023177104096,0.5083452892137756,0.3892073378399612
2023-07-05 08:00:00,0.5162213190726702,0.5910974670045079,0.6190201180874859,0.5927660026223769,0.6422872174158415,0.5890014540209175
2023-07-05 09:00:00,0.5647789882025378,0.6390673713799131,0.6800680709259561,0.6663501494321402,0.6965478641434197,0.6668332711570868
2023-07-05 10:00:00,0.6421479006722626,0.7086069405921797,0.7271653340315102,0.7215092721381354,0.7397945943350831,0.7266792923962373
2023-07-05 11:00:00,0.6339057077097757,0.6316377510259971,0.71117010532839,0.7191638245064235,0.715579249158579,0.7516664746535664
2023-07-05 12:00:00,0.65652302802136,0.6588077387061341,0.7043018276041887,0.6258843631516573,0.7181506881123852,0.7162386906598209
2023-07-05 13:00:00,0.7026601040287098,0.7244687798464581,0.754146465174779,0.7493610450073994,0.7603056122438772,0.7295132275018836
2023-07-05 14:00:00,0.6787131394213821,0.710742199449708,0.7401389592582475,0.7476362055338562,0.7427636775231405,0.7138330475099152
2023-07-05 15:00:00,0.6966158761590381,0.7058312655294662,0.7311621927218176,0.7143971098372218,0.7410274613705847,0.7114471956190067
2023-07-05 16:00:00,0.6014645848452416,0.6369875711485921,0.6839374735927379,0.6569247880839446,0.7036130932948564,0.7032990125567891
2023-07-05 17:00:00,0.47491482494764603,0.5990314134872685,0.6574446672996271,0.6246002374386195,0.6807370977403696,0.6355108917530238
2023-07-05 18:00:00,0.459822206297153,0.41096044479510874,0.5404767900192076,0.5030337897089568,0.5512059015918624,0.5494699489535714
2023-07-05 19:00:00,0.4222404734605402,0.44055256786995856,0.49014839426997403,0.47472851626516716,0.5049283757760263,0.5075376869713545
2023-07-05 20:00:00,0.28183639790702,0.43005499513774825,0.47736531530160503,0.46671501398571835,0.4808350361025964,0.3962741894574862
2023-07-05 21:00:00,0.2780580106818756,0.3308802529927481,0.3312392992299621,0.33875534477686237,0.32449694059190703,0.30040826822014877
2023-07-05 22:00:00,0.0,0.0,0.0,0.0,0.0,0.0
2023-07-05 23:00:00,0.0,0.0,0.0,0.0,0.0,0.0
2023-07-06 00:00:00,0.0,0.0,0.0,0.0,0.0,0.0
2023-07-06 01:00:00,0.0,0.0,0.0,0.0,0.0,0.0
2023-07-06 02:00:00,0.0,0.0,0.0,0.0,0.0,0.0
2023-07-06 03:00:00,0.0,0.0,0.0,0.0,0.0,0.0
2023-07-06 04:00:00,0.0,0.0,0.0,0.0,0.0,0.0
2023-07-06 05:00:00,0.0,0.0,0.0,0.0,0.0,0.0
2023-07-06 06:00:00,0.32200626330538856,0.3352854569781301,0.33539596794739324,0.3275938336900316,0.3418474554339723,0.3180718446700345
2023-07-06 07:00:00,0.5278455276568255,0.5384740506708646,0.5326532151586071,0.5308593085489727,0.5367805673907791,0.5117083530097484
2023-07-06 08:00:00,0.6389937944872143,0.6244565957622479,0.6368187053581787,0.6432386269058324,0.63866771735839,0.6390824281599671
2023-07-06 09:00:00,0.7096840890126473,0.7007892219421192,0.7026948949499602,0.7044038453824172,0.7038840339190824,0.7006390751032044
2023-07-06 10:00:00,0.7435809599471014,0.7480882762542075,0.7401821353560986,0.7449788824182079,0.7441025410962132,0.7381243961745468
2023-07-06 11:00:00,0.640535040943052,0.6787808179438078,0.6842269463905439,0.668459152231217,0.7011655718194605,0.7123774025229229
2023-07-06 12:00:00,0.6511405291397507,0.6708837111017356,0.6798641534375149,0.6756461167219961,0.6916596759560157,0.6830966393325029
2023-07-06 13:00:00,0.7092442201666886,0.6877355880243079,0.7073981130205366,0.7141005807654611,0.7104602407602297,0.7092315352652102
2023-07-06 14:00:00,0.7097337403379523,0.7280373754599596,0.738152411625275,0.72767889378693,0.7412859815429309,0.6983188846705324
2023-07-06 15:00:00,0.6497846513767311,0.6875769992832517,0.7023343601401502,0.6949106933878373,0.7148517326154614,0.6617839137672945
2023-07-06 16:00:00,0.5395660166103733,0.5997156887626571,0.6372873700466081,0.6229200913149452,0.6601661267442166,0.6298803389146381
2023-07-06 17:00:00,0.5080888602639303,0.5622550289636746,0.6078720732272863,0.547511939980826,0.6454699222743832,0.584447788573442
2023-07-06 18:00:00,0.3844403212096617,0.4467022421800508,0.49671766432869446,0.47044151368477977,0.5365768410846659,0.5233709519716456
2023-07-06 19:00:00,0.4144234589498136,0.44432335086132463,0.47149648959140056,0.3418849032966065,0.4983598882202644,0.3944306085349733
2023-07-06 20:00:00,0.3326500292749122,0.2917863519635326,0.30084504932963096,0.20020458617912007,0.3318776545881973,0.27602416025960264
2023-07-06 21:00:00,0.1595241972306118,0.16168671745289903,0.16686258153549463,0.10365334979211369,0.19159689144972133,0.15407784824279
2023-07-06 22:00:00,0.0,0.0,0.0,0.0,0.0,0.0
2023-07-06 23:00:00,0.0,0.0,0.0,0.0,0.0,0.0
2023-07-07 00:00:00,0.0,0.0,0.0,0.0,0.0,0.0
2023-07-07 01:00:00,0.0,0.0,0.0,0.0,0.0,0.0
2023-07-07 02:00:00,0.0,0.0,0.0,0.0,0.0,0.0
2023-07-07 03:00:00,0.0,0.0,0.0,0.0,0.0,0.0
2023-07-07 04:00:00,0.0,0.0,0.0,0.0,0.0,0.0
2023-07-07 05:00:00,0.0,0.0,0.0,0.0,0.0,0.0
2023-07-07 06:00:00,0.2114845550379197,0.29296864409720313,0.306088890997312,0.2855981153474667,0.32025764974302884,0.28216600991718627
2023-07-07 07:00:00,0.39584272803104936,0.48059909124747113,0.5023336483582734,0.48585980774294635,0.5170322490868164,0.4598442229631004
2023-07-07 08:00:00,0.5404566131109415,0.6006010991170743,0.6169181276581142,0.5984082990756312,0.6314736718820593,0.59191111635175
2023-07-07 09:00:00,0.5711734171769225,0.672718249384553,0.6815104263590429,0.6590368826122223,0.7055539376650627,0.6625460443181348
2023-07-07 10:00:00,0.6348643652141116,0.7026337214417727,0.7065203297714934,0.6717452956880451,0.7323167482345018,0.7182949322756164
2023-07-07 11:00:00,0.6619334741102113,0.7208182834634248,0.7275696320613249,0.7084655528951505,0.7485758452514194,0.7358121309072542
2023-07-07 12:00:00,0.6317839991384543,0.6844652317117161,0.7137633569576373,0.6948324352070177,0.7330248340089471,0.712438233289925
2023-07-07 13:00:00,0.6772959893472913,0.6417813062600144,0.6248212059800452,0.6922543532008492,0.6215272413244929,0.7153020683964055
2023-07-07 14:00:00,0.6342139903359522,0.5658184018888016,0.5733079974126366,0.6653621427725015,0.5619250643586859,0.6854139025446969
2023-07-07 15:00:00,0.5192354388756478,0.3046328480997357,0.2908034912380097,0.5153625501255804,0.2616963609018966,0.5963349389905169
2023-07-07 16:00:00,0.5279266933838804,0.4572016428068263,0.4486403828492751,0.5863437232317661,0.4293569780191159,0.597189393208159
2023-07-07 17:00:00,0.4214770289117257,0.36555224350669097,0.35758015488559364,0.5193737618047672,0.3153544221902778,0.5168296895896008
2023-07-07 18:00:00,0.2647442903751587,0.3334164478656748,0.23948193905089768,0.20122126580391816,0.2797118968605175,0.34026459336875653
2023-07-07 19:00:00,0.2722778921298121,0.4536117636636906,0.5120000653695181,0.35171791218011367,0.5443800374414801,0.29853155864795583
2023-07-07 20:00:00,0.24385504819167558,0.32487639024439424,0.37502634465381585,0.24169891139291202,0.388191512719753,0.2005622057628985
2023-07-07 21:00:00,0.2141405323772712,0.2160656249416356,0.2401791619050477,0.190368060048989,0.248662537869496,0.1674656004364291
2023-07-07 22:00:00,0.0,0.0,0.0,0.0,0.0,0.0
2023-07-07 23:00:00,0.0,0.0,0.0,0.0,0.0,0.0
2023-07-08 00:00:00,0.0,0.0,0.0,0.0,0.0,0.0
2023-07-08 01:00:00,0.0,0.0,0.0,0.0,0.0,0.0
2023-07-08 02:00:00,0.0,0.0,0.0,0.0,0.0,0.0
2023-07-08 03:00:00,0.0,0.0,0.0,0.0,0.0,0.0
2023-07-08 04:00:00,0.0,0.0,0.0,0.0,0.0,0.0
2023-07-08 05:00:00,0.0,0.0,0.0,0.0,0.0,0.0
2023-07-08 06:00:00,0.3164861028264495,0.31665325471495676,0.31553220794362796,0.31203029869389404,0.3194579517411717,0.2692814563280794
2023-07-08 07:00:00,0.5102390762918965,0.5116647542765946,0.5082991607254065,0.5080901548444401,0.5130807965254849,0.43375294688413
2023-07-08 08:00:00,0.6320792945220279,0.6139262753704704,0.6199655596778957,0.6248820538843013,0.624398726254389,0.5582079689264389
2023-07-08 09:00:00,0.6968418934239374,0.678601278625467,0.6845592637635217,0.6913093760942561,0.6884451723840554,0.6669117168632427
2023-07-08 10:00:00,0.7352054051194816,0.7334848486901279,0.7253602204087071,0.7305469084950587,0.7305325691874897,0.7288619236670921
2023-07-08 11:00:00,0.7471122048531356,0.7383224743317159,0.735361143130542,0.7469847821649234,0.739689299427884,0.7469160077066103
2023-07-08 12:00:00,0.7384216386777124,0.7569297706166469,0.749107262136964,0.755063713508293,0.7548557762081445,0.7536996391373944
2023-07-08 13:00:00,0.7578609484398766,0.7527801346244535,0.7418148234703139,0.7551762868973085,0.7458064852633964,0.7489114192723623
2023-07-08 14:00:00,0.7221345779293628,0.7182263068082425,0.7151190411883304,0.6784785049486394,0.7309138479250852,0.7279156875236481
2023-07-08 15:00:00,0.5834666440750096,0.532181399809679,0.4708877900237022,0.6030262843863942,0.4691987924167051,0.6958136869222182
2023-07-08 16:00:00,0.3670191136917628,0.468900053006421,0.546159969364914,0.5171094354094646,0.5743394472446076,0.5879431779473921
2023-07-08 17:00:00,0.3713222742974227,0.4090470507421538,0.4950636819058825,0.49365880513775334,0.5153034613315615,0.5825471947407241
2023-07-08 18:00:00,0.2887559748332773,0.4178083085046083,0.556328147180617,0.49485962973527053,0.582340160634811,0.49232497987558843
2023-07-08 19:00:00,0.21994531027217296,0.20753827677616976,0.25694489958128547,0.22518225448593962,0.27461628509700015,0.32074750592499374
2023-07-08 20:00:00,0.3227253959930698,0.2316780358220481,0.24378066216131905,0.1896114441154104,0.25322428841830236,0.2990220818724251
2023-07-08 21:00:00,0.19122035746437718,0.21488735312082377,0.22916885155844888,0.13545842623396664,0.26300761898651975,0.20571900970942741
2023-07-08 22:00:00,0.0,0.0,0.0,0.0,0.0,0.0
2023-07-08 23:00:00,0.0,0.0,0.0,0.0,0.0,0.0
2023-07-09 00:00:00,0.0,0.0,0.0,0.0,0.0,0.0
2023-07-09 01:00:00,0.0,0.0,0.0,0.0,0.0,0.0
2023-07-09 02:00:00,0.0,0.0,0.0,0.0,0.0,0.0
2023-07-09 03:00:00,0.0,0.0,0.0,0.0,0.0,0.0
2023-07-09 04:00:00,0.0,0.0,0.0,0.0,0.0,0.0
2023-07-09 05:00:00,0.0,0.0,0.0,0.0,0.0,0.0
2023-07-09 06:00:00,0.27345346307881785,0.3182326085022534,0.3188569413186997,0.30158594037488307,0.32541823625627736,0.30948447203370977
2023-07-09 07:00:00,0.42023176004828255,0.5135377735290534,0.511493752839148,0.5008974307792787,0.5186666823558316,0.49234261775363647
2023-07-09 08:00:00,0.5602685630822174,0.6416187617148418,0.6353126339841626,0.636363097141308,0.6388426961780823,0.6214608244149735
2023-07-09 09:00:00,0.6730420859696894,0.69697308019876,0.6915752441548412,0.6903799918911655,0.6981186856532273,0.6954471607409002
2023-07-09 10:00:00,0.7167060193275593,0.7231955620397614,0.71800937437433,0.7157351427023161,0.7269594598422106,0.7307508584613973
2023-07-09 11:00:00,0.7280750816769368,0.7400234032916844,0.7332566367311695,0.737389016024412,0.7419014659156362,0.7471917397210855
2023-07-09 12:00:00,0.7509513609961624,0.7509554909188758,0.7469226836723484,0.7587619616022857,0.7460564883849962,0.7574280245409875
2023-07-09 13:00:00,0.6525327898647834,0.6009357623165863,0.6693787210424339,0.7064435715334155,0.6707140909054224,0.7529847638792334
2023-07-09 14:00:00,0.4507453856773633,0.3920581313423174,0.5158056177784395,0.4070417056994989,0.5574992331223928,0.6704035377348435
2023-07-09 15:00:00,0.48813277457450654,0.49740316797085943,0.569254348881912,0.4653592625978285,0.6096672610223093,0.6639971106029904
2023-07-09 16:00:00,0.3415460573440395,0.4082369994224458,0.5045130404620495,0.39327566305095035,0.5455759551476188,0.5755077526626687
2023-07-09 17:00:00,0.35161418750489226,0.4817884848990635,0.4271513538207165,0.3820754260830297,0.4486568485203356,0.49804909379941376
2023-07-09 18:00:00,0.2897886985079836,0.33798273940172574,0.2885634741283694,0.2666262857330145,0.3133198402510482,0.4383415741127333
2023-07-09 19:00:00,0.25076111026944403,0.2728157721920909,0.22229686197014073,0.1965332918672006,0.25318774244947534,0.4171235037364313
2023-07-09 20:00:00,0.27427217993520825,0.3106850619214536,0.270746330104467,0.14455664307448501,0.31530745512324493,0.36436565438625784
2023-07-09 21:00:00,0.21678261762225695,0.19855493664535562,0.16428200393628659,0.09351775652300699,0.19086773270921537,0.23263775730750272
2023-07-09 22:00:00,0.0,0.0,0.0,0.0,0.0,0.0
2023-07-09 23:00:00,0.0,0.0,0.0,0.0,0.0,0.0
2023-07-10 00:00:00,0.0,0.0,0.0,0.0,0.0,0.0
2023-07-10 01:00:00,0.0,0.0,0.0,0.0,0.0,0.0
2023-07-10 02:00:00,0.0,0.0,0.0,0.0,0.0,0.0
2023-07-10 03:00:00,0.0,0.0,0.0,0.0,0.0,0.0
2023-07-10 04:00:00,0.0,0.0,0.0,0.0,0.0,0.0
2023-07-10 05:00:00,0.0,0.0,0.0,0.0,0.0,0.0
2023-07-10 06:00:00,0.32322236086444867,0.32043526757458207,0.3219424916750863,0.33234750032968374,0.3208214096365609,0.30345672540872903
2023-07-10 07:00:00,0.5119450967814163,0.520724230621479,0.5192450368329884,0.5346044922622825,0.517843903467542,0.4979766296122597
2023-07-10 08:00:00,0.6463086550995856,0.6506104537363449,0.646161325797686,0.6663681789681628,0.6437050739682121,0.626765916359222
2023-07-10 09:00:00,0.6835260332945432,0.7253530598588368,0.7173633547029022,0.7379457015076998,0.7159295454572762,0.7023987578584826
2023-07-10 10:00:00,0.6711996095468846,0.752444083832373,0.746524936057442,0.7615408291246314,0.7503068061570077,0.7330570126360666
2023-07-10 11:00:00,0.6082775107393621,0.6899863881024783,0.7237473708171924,0.728641027339317,0.7353928135992875,0.7295043255792688
2023-07-10 12:00:00,0.4409301635214315,0.5152084629923694,0.5812049002066974,0.5898224454742936,0.5820381530550206,0.6578377151603657
2023-07-10 13:00:00,0.4161097745159301,0.5024971062416531,0.5685153200890257,0.5916430287699618,0.5492474813501561,0.6446930428861939
2023-07-10 14:00:00,0.3667711530966095,0.3451172176630825,0.4301068291136127,0.4587119303733772,0.3988284902672463,0.6146939272328368
2023-07-10 15:00:00,0.3487241899750441,0.1681198742972255,0.23561802542543667,0.28505452686484867,0.20440865596153585,0.5302636650034785
2023-07-10 16:00:00,0.19437037315790756,0.12569851210486474,0.18027325010680412,0.2068476125538575,0.16510771122609152,0.4810259574188883
2023-07-10 17:00:00,0.15045039626137224,0.07803099857786258,0.09096176298072799,0.14062857337842133,0.07810046882327308,0.37096876552645414
2023-07-10 18:00:00,0.16855575033619977,0.09371818017431496,0.10887609017746314,0.19010976093912443,0.0755218222464603,0.23130512503367556
2023-07-10 19:00:00,0.1155853102234964,0.0449534385922655,0.04441404077226817,0.08265442786850118,0.03143793046025523,0.1820466786242646
2023-07-10 20:00:00,0.056133326755108154,0.033975021786451086,0.03776525450583449,0.03332313173434595,0.040936882075706296,0.08531275670109001
2023-07-10 21:00:00,0.016643602810483535,0.00026939044933277107,0.0004228584204738302,0.0024925652514390375,0.0,0.021342483291106464
2023-07-10 22:00:00,0.0,0.0,0.0,0.0,0.0,0.0
2023-07-10 23:00:00,0.0,0.0,0.0,0.0,0.0,0.0
2023-07-11 00:00:00,0.0,0.0,0.0,0.0,0.0,0.0
2023-07-11 01:00:00,0.0,0.0,0.0,0.0,0.0,0.0
2023-07-11 02:00:00,0.0,0.0,0.0,0.0,0.0,0.0
2023-07-11 03:00:00,0.0,0.0,0.0,0.0,0.0,0.0
2023-07-11 04:00:00,0.0,0.0,0.0,0.0,0.0,0.0
2023-07-11 05:00:00,0.0,0.0,0.0,0.0,0.0,0.0
2023-07-11 06:00:00,0.07968086691244365,0.004053186246561274,0.0,0.0017922584704008315,0.0,0.09990450966912867
2023-07-11 07:00:00,0.18607209234538782,0.040000954946216846,0.03247097565891993,0.07908983906879818,0.020052680332622617,0.21063965312848618
2023-07-11 08:00:00,0.38992086701435263,0.2023175876777792,0.1758126469628761,0.30617642878795387,0.11141202716573625,0.3991914128361316
2023-07-11 09:00:00,0.4667405971980385,0.3883675033323329,0.31348867685695386,0.4090900189837987,0.2543377414427223,0.4450946119065706
2023-07-11 10:00:00,0.5874216766304521,0.4767979182113881,0.3953909962981269,0.5250279116187809,0.3144622628016909,0.5395526428709414
2023-07-11 11:00:00,0.6653151684836041,0.5725493118731159,0.45540185390719445,0.6714060876130824,0.3578189826074501,0.6167896298072854
2023-07-11 12:00:00,0.6701335671633257,0.5568409268617291,0.45975406981749084,0.6908310932804429,0.35838996278439805,0.6441452460943244
2023-07-11 13:00:00,0.6479004322603534,0.6454184267167687,0.6285502480746153,0.6639794278761587,0.6023768212870023,0.6697681225290162
2023-07-11 14:00:00,0.6507497093216769,0.6491084461214218,0.6313704066815209,0.6256505478309153,0.6041739113253818,0.6665709048648838
2023-07-11 15:00:00,0.6916362008694372,0.6732467276404779,0.6554582782860653,0.6223603073184925,0.648516342197945,0.6534106632655864
2023-07-11 16:00:00,0.6402931155125003,0.5985915992306362,0.62322617877518,0.6195248892983559,0.6124430575743371,0.6583500141882875
2023-07-11 17:00:00,0.6110531510050785,0.5991659535725989,0.6078029865984517,0.5906886036377382,0.60417920309897,0.6245008813109828
2023-07-11 18:00:00,0.5647553982455297,0.5456816002703185,0.581817590616649,0.5339052308934236,0.5861053335215723,0.5831617364550402
2023-07-11 19:00:00,0.41927940746784537,0.43824367599456726,0.4637689826940833,0.4422961916953366,0.4743531886447404,0.4609757234641926
2023-07-11 20:00:00,0.2978317974325513,0.31797657651392053,0.3551830111144811,0.3206997506064331,0.3624585143561229,0.35746005711823364
2023-07-11 21:00:00,0.23952737485619538,0.18998429612307974,0.1832910801936897,0.22760088837707776,0.16242746384256007,0.21455843248409365
2023-07-11 22:00:00,0.0,0.0,0.0,0.0,0.0,0.0
2023-07-11 23:00:00,0.0,0.0,0.0,0.0,0.0,0.0
2023-07-12 00:00:00,0.0,0.0,0.0,0.0,0.0,0.0
2023-07-12 01:00:00,0.0,0.0,0.0,0.0,0.0,0.0
2023-07-12 02:00:00,0.0,0.0,0.0,0.0,0.0,0.0
2023-07-12 03:00:00,0.0,0.0,0.0,0.0,0.0,0.0
2023-07-12 04:00:00,0.0,0.0,0.0,0.0,0.0,0.0
2023-07-12 05:00:00,0.0,0.0,0.0,0.0,0.0,0.0
2023-07-12 06:00:00,0.19149199855438503,0.19345444647405627,0.21960525143891543,0.24754703914056442,0.1947546269307387,0.2470329764604344
2023-07-12 07:00:00,0.29812694439401555,0.2629188644469914,0.32307984313370475,0.38811299762666407,0.28252076348204475,0.41087226332329246
2023-07-12 08:00:00,0.4390045251867323,0.3873874606044921,0.4912925098416285,0.5263405480246216,0.4493392403578735,0.5707233658318982
2023-07-12 09:00:00,0.6208780165911463,0.5323144444977744,0.5560791447157364,0.6094160512807201,0.5280073246001611,0.6604866877725223
2023-07-12 10:00:00,0.692953579981763,0.6202264364862322,0.6044582609600246,0.6536863057846849,0.5846530626061086,0.6956620802700973
2023-07-12 11:00:00,0.6983825276459474,0.5885084235928537,0.5620904769929728,0.6578588176851766,0.543273514690168,0.7262823542882977
2023-07-12 12:00:00,0.6636867929738746,0.6898971183507149,0.6806464940019756,0.7178345255891097,0.682619059519312,0.6977234935048033
2023-07-12 13:00:00,0.7038682343740136,0.6217751344907588,0.5755015563644192,0.6960426350488954,0.559935697287201,0.6978654865153109
2023-07-12 14:00:00,0.61102775863378,0.5063257951846856,0.49215833513527696,0.600558953251459,0.4860631960688742,0.6464789100434744
2023-07-12 15:00:00,0.5500162570621882,0.5037537260172116,0.44959235795973007,0.5298444820316378,0.44520820638124925,0.5804347489223138
2023-07-12 16:00:00,0.29274868438403434,0.3639762598677324,0.40472178390100494,0.49918642730316354,0.4180171684815065,0.5081690264014906
2023-07-12 17:00:00,0.19059986535082005,0.29987826789900324,0.3838117605079008,0.24895353669394737,0.44779561905635873,0.30674809584183893
2023-07-12 18:00:00,0.20051463500667158,0.2796995130365536,0.30487117314224876,0.1750276711079398,0.36392412185484196,0.21893570875278867
2023-07-12 19:00:00,0.1836983318178852,0.11494639918893067,0.16348917520251902,0.06739137303556682,0.20973710565502449,0.1574456148527829
2023-07-12 20:00:00,0.19250021605534842,0.06276576875184801,0.04840346824129036,0.08239519686342249,0.04911307964774144,0.10681331931339515
2023-07-12 21:00:00,0.11420081245681234,0.038527341781827484,0.022204780329223007,0.045026150174611805,0.02440974925865722,0.050442456811373645
2023-07-12 22:00:00,0.0,0.0,0.0,0.0,0.0,0.0
2023-07-12 23:00:00,0.0,0.0,0.0,0.0,0.0,0.0
2023-07-13 00:00:00,0.0,0.0,0.0,0.0,0.0,0.0
2023-07-13 01:00:00,0.0,0.0,0.0,0.0,0.0,0.0
2023-07-13 02:00:00,0.0,0.0,0.0,0.0,0.0,0.0
2023-07-13 03:00:00,0.0,0.0,0.0,0.0,0.0,0.0
2023-07-13 04:00:00,0.0,0.0,0.0,0.0,0.0,0.0
2023-07-13 05:00:00,0.0,0.0,0.0,0.0,0.0,0.0
2023-07-13 06:00:00,0.28759916583267103,0.234172637926134,0.22925328843150447,0.27966319894538666,0.2135785093975136,0.234803250985426
2023-07-13 07:00:00,0.4328360076038691,0.3863286678336237,0.46123923455601323,0.4781715270391331,0.44901040251669744,0.38950592942205414
2023-07-13 08:00:00,0.6376191229189713,0.6465356093069815,0.6372798955932402,0.6434346716997889,0.6384092690278965,0.5436287461367264
2023-07-13 09:00:00,0.7121298553240427,0.697317927754882,0.6727575510290272,0.6674417636349973,0.6822778632637757,0.6654957945280514
2023-07-13 10:00:00,0.7521180062199858,0.7278304676694204,0.6992361927463872,0.7318551069984369,0.6987109319379198,0.7266053400194039
2023-07-13 11:00:00,0.722484000274497,0.6455059080836342,0.676459106641178,0.7285439782336721,0.6670257815352384,0.7474928587616172
2023-07-13 12:00:00,0.6774300191429966,0.7262582392728099,0.7448479086195036,0.7261793302381082,0.7484839461903979,0.7175298721743383
2023-07-13 13:00:00,0.6426980575984902,0.6954716493446413,0.7278990080622615,0.7065193366936726,0.7462341423375453,0.7133200581157723
2023-07-13 14:00:00,0.5987220441182238,0.6058175521446513,0.6476696111074242,0.6310250974033603,0.6589109353735456,0.7062422009903084
2023-07-13 15:00:00,0.6047907823588594,0.6073281013685268,0.5796808504626806,0.6155532401996113,0.5913181034827476,0.6739887678057642
2023-07-13 16:00:00,0.540745746466785,0.5823957971969951,0.6245002394454376,0.5550289046808404,0.6557345100912947,0.6174718363337598
2023-07-13 17:00:00,0.4828012250925382,0.5260794270821797,0.5906972698201673,0.4598637073728024,0.6259715496668166,0.5776741639887778
2023-07-13 18:00:00,0.44085123332150944,0.4705954388893477,0.5211779054350848,0.4250548633297502,0.5507175841816271,0.4613508288653972
2023-07-13 19:00:00,0.48971895786683933,0.488383679589703,0.44367025845393226,0.461727622984263,0.44989337039082433,0.40518279718155165
2023-07-13 20:00:00,0.33504358577513577,0.2949073115131218,0.22867804891126145,0.2143331366629149,0.23515138236742236,0.23545917343320918
2023-07-13 21:00:00,0.20783441478187475,0.10067719582836754,0.059441567724343294,0.0643183049392256,0.056253473817080714,0.1461041632501552
2023-07-13 22:00:00,0.0,0.0,0.0,0.0,0.0,0.0
2023-07-13 23:00:00,0.0,0.0,0.0,0.0,0.0,0.0
2023-07-14 00:00:00,0.0,0.0,0.0,0.0,0.0,0.0
2023-07-14 01:00:00,0.0,0.0,0.0,0.0,0.0,0.0
2023-07-14 02:00:00,0.0,0.0,0.0,0.0,0.0,0.0
2023-07-14 03:00:00,0.0,0.0,0.0,0.0,0.0,0.0
2023-07-14 04:00:00,0.0,0.0,0.0,0.0,0.0,0.0
2023-07-14 05:00:00,0.0,0.0,0.0,0.0,0.0,0.0
2023-07-14 06:00:00,0.32252568379120145,0.3058229834752961,0.3031457875628474,0.2955178711202169,0.30580965197416915,0.3049351000177261
2023-07-14 07:00:00,0.5039725734858393,0.5058362914404462,0.4973247721180666,0.4762466572587292,0.5019966769014167,0.46718566437044456
2023-07-14 08:00:00,0.6462196449928116,0.643604219877231,0.6382063815963387,0.6458504154716689,0.6328214263899694,0.6136698010943453
2023-07-14 09:00:00,0.7180752764442976,0.7129547573705566,0.7056646750783819,0.7094826240210017,0.7090735321931039,0.6987589325821282
2023-07-14 10:00:00,0.7540501172097035,0.748004901059895,0.740109754919077,0.7442604863101474,0.7443357540442617,0.7342909658949693
2023-07-14 11:00:00,0.7758801923250236,0.7710358841033803,0.7629980519554643,0.7668480842193864,0.7623509755956167,0.7572721690261438
2023-07-14 12:00:00,0.769654343113802,0.7412650275150687,0.719594123252618,0.7619617677844875,0.7045612435420912,0.7628603067093174
2023-07-14 13:00:00,0.724744719608328,0.7050045177807862,0.6965496658652642,0.7276008427623863,0.6884984186469493,0.7347348954170222
2023-07-14 14:00:00,0.7118501175880718,0.7457290409121833,0.7480857647820296,0.7535546410574062,0.7388776968653223,0.6987069517730181
2023-07-14 15:00:00,0.67842918620862,0.700735926149331,0.719515530773026,0.7135942170561832,0.7216279455426712,0.673686749543786
2023-07-14 16:00:00,0.6242743525625124,0.6813461222735456,0.6739490036411944,0.6812805973178386,0.6670166226316067,0.6324355774370045
2023-07-14 17:00:00,0.6040674181678976,0.6674159491055276,0.6787559748968908,0.7035034303036877,0.6602088749155554,0.5655116903483933
2023-07-14 18:00:00,0.4573650130734722,0.48781266105254156,0.5749670290116905,0.5312525360248579,0.5718251455725272,0.5033225019858328
2023-07-14 19:00:00,0.3724062004001609,0.4698224915878198,0.48691930092055313,0.47847635088454715,0.5137008494017273,0.4953996642283732
2023-07-14 20:00:00,0.5001072460180694,0.4625584416401786,0.4373667879106513,0.4890206641990364,0.424848630221864,0.40017361439691057
2023-07-14 21:00:00,0.2982563625620143,0.28217060977759567,0.2977843894493145,0.30387013801654206,0.2951919694130531,0.24562032833945863
2023-07-14 22:00:00,0.0,0.0,0.0,0.0,0.0,0.0
2023-07-14 23:00:00,0.0,0.0,0.0,0.0,0.0,0.0
2023-07-15 00:00:00,0.0,0.0,0.0,0.0,0.0,0.0
2023-07-15 01:00:00,0.0,0.0,0.0,0.0,0.0,0.0
2023-07-15 02:00:00,0.0,0.0,0.0,0.0,0.0,0.0
2023-07-15 03:00:00,0.0,0.0,0.0,0.0,0.0,0.0
2023-07-15 04:00:00,0.0,0.0,0.0,0.0,0.0,0.0
2023-07-15 05:00:00,0.0,0.0,0.0,0.0,0.0,0.0
2023-07-15 06:00:00,0.31847452602984433,0.28105932396100697,0.26857461249597403,0.24747222999601032,0.2656606600812737,0.22159973561922924
2023-07-15 07:00:00,0.5006749515941805,0.47474160502863294,0.4578082965319447,0.4264169272023813,0.44987539842396185,0.38052546268572607
2023-07-15 08:00:00,0.6486662846167693,0.6256498579693558,0.6092388298329338,0.6281967807401397,0.593609835479499,0.5353906858565971
2023-07-15 09:00:00,0.724673532858653,0.7029284462477638,0.6844047719243962,0.7110036978786822,0.6700608567419942,0.6602136306588487
2023-07-15 10:00:00,0.7577835596866739,0.7510393988044674,0.7453727083451416,0.7533838395524652,0.7450195595185525,0.709677122906873
2023-07-15 11:00:00,0.7708486669797179,0.7723621412394721,0.7691972218095853,0.7728645398989936,0.7594492554205362,0.6866720383416305
2023-07-15 12:00:00,0.7724637912877805,0.7508885191688434,0.7394285108231302,0.7434611247250195,0.7312275140273666,0.6459030719942013
2023-07-15 13:00:00,0.7526479057252997,0.7631028526668445,0.7598826114931237,0.7477918515680857,0.7563372336174763,0.6608870185784025
2023-07-15 14:00:00,0.7767202739041411,0.7483139775004571,0.703153644643831,0.7251357906732729,0.6905971394069951,0.675746976243753
2023-07-15 15:00:00,0.7712677237240065,0.782910686344512,0.7736754748365032,0.7750138027642604,0.7499307855516207,0.6848168440248831
2023-07-15 16:00:00,0.7540557323318005,0.7484529607445963,0.7248052046920098,0.7433426614361117,0.7083580671651333,0.6724135481406994
2023-07-15 17:00:00,0.7239947497226097,0.719646912984773,0.6949720082545696,0.7154765823489875,0.6757995914169977,0.59951347006499
2023-07-15 18:00:00,0.6848726627230383,0.6792269715646332,0.6630780268188821,0.6540056331487022,0.6725637817040397,0.5184068642808962
2023-07-15 19:00:00,0.6205966243889646,0.613315751424458,0.5892229115762133,0.5908594864162557,0.5909420720761633,0.431320266705686
2023-07-15 20:00:00,0.3895840063218271,0.5142250697573493,0.5116460028522963,0.5251144477574429,0.5051247110212123,0.332071192485302
2023-07-15 21:00:00,0.07110235116612089,0.21115775603095085,0.23888975217205405,0.10592354710859148,0.28078046373389165,0.08280479807966946
2023-07-15 22:00:00,0.0,0.0,0.0,0.0,0.0,0.0
2023-07-15 23:00:00,0.0,0.0,0.0,0.0,0.0,0.0
2023-07-16 00:00:00,0.0,0.0,0.0,0.0,0.0,0.0
2023-07-16 01:00:00,0.0,0.0,0.0,0.0,0.0,0.0
2023-07-16 02:00:00,0.0,0.0,0.0,0.0,0.0,0.0
2023-07-16 03:00:00,0.0,0.0,0.0,0.0,0.0,0.0
2023-07-16 04:00:00,0.0,0.0,0.0,0.0,0.0,0.0
2023-07-16 05:00:00,0.0,0.0,0.0,0.0,0.0,0.0
2023-07-16 06:00:00,0.3438612903547917,0.32908985000962093,0.3239229648980513,0.326911286328303,0.32628221210759306,0.330548468353563
2023-07-16 07:00:00,0.5050570961713893,0.5149817082529192,0.5121544971829135,0.5113838047665153,0.5167352452064293,0.4990491024413192
2023-07-16 08:00:00,0.639777052116417,0.6436457261908823,0.6390415949769227,0.6410598696638881,0.6432668396537089,0.6333751556522037
2023-07-16 09:00:00,0.7088102646824094,0.7090370181378036,0.7037232046721164,0.7053657623474268,0.7091739301951604,0.703538496578734
2023-07-16 10:00:00,0.7434284668394965,0.7425404840603579,0.7368783336360486,0.7429692838193671,0.7409260321725739,0.7405660975751087
2023-07-16 11:00:00,0.7638422886639243,0.7626761604553601,0.7567705281010559,0.7657716569971931,0.7599051956005436,0.7556310830423051
2023-07-16 12:00:00,0.7664997738530241,0.7642437942261752,0.7623105161115391,0.776578651788362,0.7630957390932106,0.7502033177855814
2023-07-16 13:00:00,0.7420064565607204,0.7611491642672121,0.7607494499558207,0.7723586315886937,0.7644822136257599,0.7557970115034608
2023-07-16 14:00:00,0.6983140500984425,0.7254062116378345,0.7196802103832663,0.7138488321023854,0.7328019136227024,0.7479291109303291
2023-07-16 15:00:00,0.6154703782793105,0.6576276895129238,0.6887210750964882,0.6689286123725532,0.7033539577372571,0.7244829130450765
2023-07-16 16:00:00,0.6042653125041465,0.6335281079268379,0.6571413730689388,0.6755770851529525,0.6543320306645957,0.7063586945684744
2023-07-16 17:00:00,0.46371267543276723,0.5239322371967708,0.5560040619998123,0.5559161594186937,0.5612292216030377,0.6452375523825137
2023-07-16 18:00:00,0.46065098965028745,0.45894070310176127,0.4633970674561465,0.5212337940591962,0.4547725638552495,0.6052352708304475
2023-07-16 19:00:00,0.351390641285792,0.393027282632891,0.4512665482700436,0.49187212434498456,0.44520589489905477,0.580358487831023
2023-07-16 20:00:00,0.3125974331599853,0.2461303884327691,0.30032494877174526,0.382285050288753,0.27001179758663485,0.4724349992999375
2023-07-16 21:00:00,0.18922911216042088,0.1408056964583821,0.14323070039836555,0.213152277210097,0.12982590635821278,0.31949481232974475
2023-07-16 22:00:00,0.0,0.0,0.0,0.0,0.0,0.0
2023-07-16 23:00:00,0.0,0.0,0.0,0.0,0.0,0.0
2023-07-17 00:00:00,0.0,0.0,0.0,0.0,0.0,0.0
2023-07-17 01:00:00,0.0,0.0,0.0,0.0,0.0,0.0
2023-07-17 02:00:00,0.0,0.0,0.0,0.0,0.0,0.0
2023-07-17 03:00:00,0.0,0.0,0.0,0.0,0.0,0.0
2023-07-17 04:00:00,0.0,0.0,0.0,0.0,0.0,0.0
2023-07-17 05:00:00,0.0,0.0,0.0,0.0,0.0,0.0
2023-07-17 06:00:00,0.2131545317921136,0.29377623317944757,0.29144200146526467,0.251033802189806,0.3110667802332347,0.28036867481409283
2023-07-17 07:00:00,0.35120950933893735,0.48691945817130194,0.4932563562277361,0.4796449339554113,0.5003126173884038,0.38328273201196966
2023-07-17 08:00:00,0.404172096886631,0.567898757313177,0.5761917796121908,0.582081591056514,0.5963015187465758,0.46483979004119363
2023-07-17 09:00:00,0.5638876544015763,0.6743260973999528,0.6753617191622574,0.6777753384523804,0.6687564597461605,0.5372973440708999
2023-07-17 10:00:00,0.6532790901856311,0.7404768686587044,0.7394156689969349,0.7573565227604067,0.7203160074951788,0.5300137437925208
2023-07-17 11:00:00,0.7135467517855364,0.7505395991324716,0.7669374599736525,0.7866979717565874,0.7518327984917887,0.5702558432770344
2023-07-17 12:00:00,0.7738001009845731,0.7677202053856657,0.7494448564312131,0.7619537596567633,0.7397774228834396,0.6189946262705774
2023-07-17 13:00:00,0.7500550963046342,0.7028724132337434,0.717359292995092,0.6192984856135306,0.7439755732290562,0.6540018806509761
2023-07-17 14:00:00,0.7452158757872768,0.6956090641550422,0.6591551096144989,0.6851893974538709,0.6568775680384693,0.6307351518413551
2023-07-17 15:00:00,0.7071070844478482,0.7202448925683329,0.6915840455223552,0.7020546626677086,0.680513580723603,0.5859400288172112
2023-07-17 16:00:00,0.6703617343079198,0.6516476029119928,0.665920997391451,0.5887091556708322,0.679667427145768,0.49621341441995404
2023-07-17 17:00:00,0.7023466760706292,0.67723928349836,0.6174798888852537,0.6532455219374584,0.618607806376948,0.4354367901778222
2023-07-17 18:00:00,0.676994406714522,0.6293607714752625,0.5466430127118963,0.6520588910468085,0.5255091147041435,0.4208059410227435
2023-07-17 19:00:00,0.5446409631939996,0.5924466646602405,0.5258857868527764,0.5987239445155822,0.5068739116804452,0.3676963367706662
2023-07-17 20:00:00,0.4505448223778863,0.4525479407484998,0.4042244674341438,0.33648376638582966,0.40849695035590955,0.3398224724391291
2023-07-17 21:00:00,0.2931730917622056,0.2886507256870827,0.2537725325513423,0.21715839758999161,0.2659861571539477,0.2605929756843907
2023-07-17 22:00:00,0.0,0.0,0.0,0.0,0.0,0.0
2023-07-17 23:00:00,0.0,0.0,0.0,0.0,0.0,0.0
2023-07-18 00:00:00,0.0,0.0,0.0,0.0,0.0,0.0
2023-07-18 01:00:00,0.0,0.0,0.0,0.0,0.0,0.0
2023-07-18 02:00:00,0.0,0.0,0.0,0.0,0.0,0.0
2023-07-18 03:00:00,0.0,0.0,0.0,0.0,0.0,0.0
2023-07-18 04:00:00,0.0,0.0,0.0,0.0,0.0,0.0
2023-07-18 05:00:00,0.0,0.0,0.0,0.0,0.0,0.0
2023-07-18 06:00:00,0.34621247619780204,0.33605020854082124,0.3211379740287222,0.33358666556282107,0.3228635635609282,0.27689161079007985
2023-07-18 07:00:00,0.5068486636046162,0.49623740131060123,0.46686480632463145,0.49593782242097534,0.4726292746352813,0.4285222761463503
2023-07-18 08:00:00,0.6551278548403302,0.6574025891222515,0.6496146604304073,0.6522046851210723,0.6530104247320828,0.5448229416239108
2023-07-18 09:00:00,0.7317847431428078,0.728440560668746,0.716403965782716,0.7230280543251245,0.7199065436067188,0.6205917490942562
2023-07-18 10:00:00,0.7692559059104312,0.7643966513519214,0.7543208483037376,0.7593806198780501,0.7574057680441292,0.6881751797287118
2023-07-18 11:00:00,0.7859594808803854,0.7796322771341645,0.7624107712182072,0.7436362116004466,0.750901188608065,0.6448466632068466
2023-07-18 12:00:00,0.7260668767728204,0.6928006066656044,0.61096740138787,0.5616850394551205,0.6394001038870907,0.5403276732984432
2023-07-18 13:00:00,0.7593387797316132,0.7516298139687039,0.7091905684629143,0.6736857134770611,0.7095279642129335,0.5765058143538748
2023-07-18 14:00:00,0.7600895502871741,0.674795555532372,0.6152012899329085,0.6175329118392511,0.6059530350031079,0.5508456451321814
2023-07-18 15:00:00,0.7490541372299537,0.7064045630844175,0.636383873508467,0.655986828450125,0.6358339520519016,0.5213152976156936
2023-07-18 16:00:00,0.6269850876134361,0.5665740396864875,0.4630661222728351,0.4809775451037909,0.4665685212457394,0.41520840004253406
2023-07-18 17:00:00,0.6472304377094847,0.5642032723519901,0.5930631539718619,0.5818106680372639,0.5780243743697522,0.4020503105126572
2023-07-18 18:00:00,0.5980882344794523,0.5688954493996985,0.5090178394369995,0.4723421933409813,0.49922341761898886,0.30890217043573964
2023-07-18 19:00:00,0.5620041234135301,0.5228189452864325,0.4929094002752074,0.44803857307723105,0.5113562124594286,0.284915521539461
2023-07-18 20:00:00,0.5040614461219318,0.5121756969422847,0.5071737345050357,0.5144472387980762,0.5075192005702392,0.3908492110132917
2023-07-18 21:00:00,0.2893520773458305,0.3075501485448446,0.3085191784920488,0.31245215380635183,0.3100776385069316,0.2673068626161023
2023-07-18 22:00:00,0.0,0.0,0.0,0.0,0.0,0.0
2023-07-18 23:00:00,0.0,0.0,0.0,0.0,0.0,0.0
2023-07-19 00:00:00,0.0,0.0,0.0,0.0,0.0,0.0
2023-07-19 01:00:00,0.0,0.0,0.0,0.0,0.0,0.0
2023-07-19 02:00:00,0.0,0.0,0.0,0.0,0.0,0.0
2023-07-19 03:00:00,0.0,0.0,0.0,0.0,0.0,0.0
2023-07-19 04:00:00,0.0,0.0,0.0,0.0,0.0,0.0
2023-07-19 05:00:00,0.0,0.0,0.0,0.0,0.0,0.0
2023-07-19 06:00:00,0.2904815144331345,0.32026254851374286,0.31884262811824204,0.3277802552268554,0.3179837007435222,0.2465814015287548
2023-07-19 07:00:00,0.49086752573986403,0.4974354298299766,0.49334393775050905,0.4902624590881481,0.4987112533239519,0.43998320737064084
2023-07-19 08:00:00,0.633699071806568,0.6319400658586501,0.6264428325962951,0.6267700540739684,0.6312335240568452,0.6117436053880317
2023-07-19 09:00:00,0.7087296654844191,0.7059300362950224,0.6994455150880784,0.705179347576883,0.7012139652916501,0.6925699096748633
2023-07-19 10:00:00,0.7449498033879479,0.7410680628338038,0.7339097823869992,0.7436886757893617,0.7363420376638528,0.7331066121785025
2023-07-19 11:00:00,0.765812098153343,0.7616850401784496,0.7542776818105289,0.7655114335337583,0.7570905934497337,0.7541919658113545
2023-07-19 12:00:00,0.7750165209612958,0.7701945524156659,0.7630049205578604,0.773242431936507,0.7670749444801558,0.7662287247554662
2023-07-19 13:00:00,0.7759467210498018,0.7690338052219444,0.7621609860346699,0.7677535095670971,0.7693405917367664,0.7618454628624408
2023-07-19 14:00:00,0.7596795822743654,0.7617355906398536,0.7568791710698326,0.7602986617126627,0.7650955135289249,0.7513935387698653
2023-07-19 15:00:00,0.7555267940493562,0.7530857134637013,0.7483356361635332,0.7548391276902483,0.7531917637900065,0.7241283590886516
2023-07-19 16:00:00,0.7369992035181328,0.7268635094198751,0.7171276846246768,0.7301446363700387,0.7216681924130456,0.7105016923189306
2023-07-19 17:00:00,0.6261850174711752,0.6648699057738066,0.6771799750541267,0.6447184190925634,0.6985101744806704,0.6357670246117946
2023-07-19 18:00:00,0.5136244147319796,0.5396671486409745,0.6060528289484338,0.5821132169008092,0.6242473024624647,0.5857325611533567
2023-07-19 19:00:00,0.3622391296709518,0.4474706413927916,0.4769149199638364,0.44558610681621397,0.5178234171187276,0.506836188992737
2023-07-19 20:00:00,0.32047216989930366,0.3238377770347091,0.3739688899086373,0.3119855298259226,0.3983771497854355,0.387167751104271
2023-07-19 21:00:00,0.2337866444218636,0.23161932545756522,0.2526122031903936,0.25783484415166974,0.2583296685580937,0.26850844992623474
2023-07-19 22:00:00,0.0,0.0,0.0,0.0,0.0,0.0
2023-07-19 23:00:00,0.0,0.0,0.0,0.0,0.0,0.0
2023-07-20 00:00:00,0.0,0.0,0.0,0.0,0.0,0.0
2023-07-20 01:00:00,0.0,0.0,0.0,0.0,0.0,0.0
2023-07-20 02:00:00,0.0,0.0,0.0,0.0,0.0,0.0
2023-07-20 03:00:00,0.0,0.0,0.0,0.0,0.0,0.0
2023-07-20 04:00:00,0.0,0.0,0.0,0.0,0.0,0.0
2023-07-20 05:00:00,0.0,0.0,0.0,0.0,0.0,0.0
2023-07-20 06:00:00,0.2545350880321799,0.3353947600490911,0.32688200371054327,0.3380818897077442,0.3247854009454794,0.2148644260634414
2023-07-20 07:00:00,0.48066323733725597,0.49172500679962944,0.4896486596698089,0.4872830160112641,0.49472160464949666,0.4811752624802539
2023-07-20 08:00:00,0.6268438272255585,0.6269024767628816,0.6226847177674811,0.62374876232774,0.6264439938312277,0.622446377039205
2023-07-20 09:00:00,0.6987952905257856,0.6955777483610347,0.6900511763085555,0.6930284737248013,0.6940961446355068,0.6931066793115769
2023-07-20 10:00:00,0.721926308657262,0.7244995502955569,0.7202378848963237,0.7219757044609716,0.7273356560756264,0.7274892587570151
2023-07-20 11:00:00,0.7513628605189671,0.7463786620064501,0.7400789243534661,0.7444589339358662,0.7458519356382436,0.7485434889491998
2023-07-20 12:00:00,0.7255182456517423,0.7204816690497091,0.7330242610538156,0.7362387253880001,0.7425625379887929,0.7552674666411483
2023-07-20 13:00:00,0.742192166050528,0.7343954785935604,0.741957592772964,0.748209825465648,0.745113978976607,0.7552613372836606
2023-07-20 14:00:00,0.7236793909589053,0.7193889337244637,0.72090694283682,0.7359231861744671,0.72250419479693,0.7442649856858465
2023-07-20 15:00:00,0.6508114410663496,0.7051962953568218,0.7183245401113569,0.7152385954173881,0.7288478837849693,0.724530145540684
2023-07-20 16:00:00,0.47380017518275797,0.5306595279361079,0.6206348226561962,0.549573015463591,0.6499324209122177,0.6408922145908649
2023-07-20 17:00:00,0.2928840329272169,0.4391819024109501,0.5557567033679027,0.37968507417521186,0.6109931787468742,0.5236535310166404
2023-07-20 18:00:00,0.1845837954642747,0.2412676044391712,0.3658065109811264,0.18681643711995816,0.425760417309719,0.37196187200765857
2023-07-20 19:00:00,0.25166233129895277,0.18944265207059993,0.2542557261851698,0.31387922736875684,0.2610615979031681,0.3291772218763413
2023-07-20 20:00:00,0.2712806846794687,0.2178473905020997,0.30317655502797836,0.3263048866209979,0.28340891514811534,0.30807920373748054
2023-07-20 21:00:00,0.2023109676138375,0.16558197935240718,0.20646751868905117,0.2145054262435013,0.1901493947479369,0.2104354978428738
2023-07-20 22:00:00,0.0,0.0,0.0,0.0,0.0,0.0
2023-07-20 23:00:00,0.0,0.0,0.0,0.0,0.0,0.0
2023-07-21 00:00:00,0.0,0.0,0.0,0.0,0.0,0.0
2023-07-21 01:00:00,0.0,0.0,0.0,0.0,0.0,0.0
2023-07-21 02:00:00,0.0,0.0,0.0,0.0,0.0,0.0
2023-07-21 03:00:00,0.0,0.0,0.0,0.0,0.0,0.0
2023-07-21 04:00:00,0.0,0.0,0.0,0.0,0.0,0.0
2023-07-21 05:00:00,0.0,0.0,0.0,0.0,0.0,0.0
2023-07-21 06:00:00,0.17120095671318322,0.3411698817248191,0.32522960209024754,0.33309972988622566,0.32035716970626893,0.14203261184353744
2023-07-21 07:00:00,0.4527172068418099,0.4870977170265266,0.4787753548597796,0.47564887844034726,0.48742610916459184,0.4413384874655959
2023-07-21 08:00:00,0.6223584281844206,0.6269240603681719,0.6169973107141903,0.626413138366521,0.6197650441344669,0.601863185122522
2023-07-21 09:00:00,0.7015363006417786,0.6997324023598653,0.6897916721273868,0.7028727344908334,0.6887391749831828,0.6706062843769219
2023-07-21 10:00:00,0.7355668959162163,0.725114634051852,0.7093341783913445,0.731985885635158,0.7046048420954187,0.714903735554781
2023-07-21 11:00:00,0.7423457812214699,0.7503655125538242,0.7433781706923945,0.7481491248780091,0.7448924653127126,0.7397183841930403
2023-07-21 12:00:00,0.6945171291970363,0.6247142879173672,0.6458249284994722,0.6736462557496518,0.6386740305061382,0.725021061615526
2023-07-21 13:00:00,0.7443212589767321,0.6726752247744975,0.6197103806084464,0.7185912596983641,0.5745295453424861,0.7076739627399898
2023-07-21 14:00:00,0.7458655992388404,0.7529712974353747,0.7339534528433053,0.7515227082907127,0.7090641350010567,0.7267452700220551
2023-07-21 15:00:00,0.6501613318201138,0.6410744675302439,0.6130803622888924,0.5062049333399433,0.651124766969436,0.6550347758608321
2023-07-21 16:00:00,0.5877315570339808,0.6212284441451202,0.5790864243724224,0.6018105692684612,0.58997872363513,0.5930669034705089
2023-07-21 17:00:00,0.49731863539415383,0.35844374385442407,0.3064028876413217,0.5349628226717634,0.28084177419163164,0.5897039870575594
2023-07-21 18:00:00,0.546242847251194,0.4817124224897125,0.5130985811311974,0.5054460940084669,0.4906580857388067,0.5772129857451173
2023-07-21 19:00:00,0.562391676246126,0.5026258917439892,0.46709879098512963,0.530287961411687,0.44211032297988134,0.5413778482723144
2023-07-21 20:00:00,0.4649580546555467,0.42985782088193336,0.41381616500611906,0.4583385969078583,0.40635056214136267,0.44549552611225013
2023-07-21 21:00:00,0.2810145102098775,0.28691144198762036,0.2881415761044065,0.2850981225608322,0.29403198653959656,0.2395713985075796
2023-07-21 22:00:00,0.0,0.0,0.0,0.0,0.0,0.0
2023-07-21 23:00:00,0.0,0.0,0.0,0.0,0.0,0.0
2023-07-22 00:00:00,0.0,0.0,0.0,0.0,0.0,0.0
2023-07-22 01:00:00,0.0,0.0,0.0,0.0,0.0,0.0
2023-07-22 02:00:00,0.0,0.0,0.0,0.0,0.0,0.0
2023-07-22 03:00:00,0.0,0.0,0.0,0.0,0.0,0.0
2023-07-22 04:00:00,0.0,0.0,0.0,0.0,0.0,0.0
2023-07-22 05:00:00,0.0,0.0,0.0,0.0,0.0,0.0
2023-07-22 06:00:00,0.11465025125180567,0.3696833077844273,0.35656603490405453,0.38338389046531407,0.3484817971498407,0.1397383070548712
2023-07-22 07:00:00,0.4934084502704792,0.5034233027589943,0.500881272070094,0.5001664048017649,0.5040399002850268,0.4652082596042305
2023-07-22 08:00:00,0.6334318507230193,0.64855969667302,0.6430679517363377,0.6495088541773736,0.6438982093777513,0.6116006737838215
2023-07-22 09:00:00,0.718621627841501,0.7190356998568831,0.712864175582658,0.7215421185871755,0.7141983937227819,0.7020466959258114
2023-07-22 10:00:00,0.7567787876783005,0.7540411501441229,0.7471152014877301,0.7576761953494239,0.7485214342309452,0.7470986461883414
2023-07-22 11:00:00,0.7735258886594416,0.774151376868571,0.7666038431358793,0.7798553799161088,0.7677125218951696,0.7606762159898532
2023-07-22 12:00:00,0.7870287888903383,0.781101244462708,0.7732623680043588,0.7886289673014146,0.7738479174318774,0.7518435913695246
2023-07-22 13:00:00,0.7729713540405595,0.7813561091168065,0.7733324697362162,0.7899718972520513,0.7737557361584221,0.7513986498228994
2023-07-22 14:00:00,0.7152033104249078,0.7533907908386989,0.7550695364433877,0.7575902724252713,0.7683007290483779,0.7526207397145274
2023-07-22 15:00:00,0.706056609062923,0.751698610617861,0.7506725112042031,0.7613920768828762,0.755753706939864,0.7223270863144966
2023-07-22 16:00:00,0.6190362426260413,0.6268434432421003,0.6470422479449868,0.6321067804817068,0.6634369178101284,0.6892697385007366
2023-07-22 17:00:00,0.6166542748109153,0.5944130718783334,0.568763019810109,0.5990988310669945,0.5756810918514279,0.6733570660888525
2023-07-22 18:00:00,0.5570884704836864,0.49786422010718107,0.5923958755368413,0.624441873437829,0.5808513579807658,0.6764829125876411
2023-07-22 19:00:00,0.5302130382970667,0.4582285986501885,0.5400538655260901,0.541574354770093,0.5421840039489003,0.600559320881735
2023-07-22 20:00:00,0.4447044175365518,0.3970344003853086,0.4418175435776401,0.4631235517921252,0.43829707737376183,0.47409349183174304
2023-07-22 21:00:00,0.27234992663931223,0.23683922619931513,0.23222527706901047,0.2766999237712873,0.22696784687083024,0.21663573612748516
2023-07-22 22:00:00,0.0,0.0,0.0,0.0,0.0,0.0
2023-07-22 23:00:00,0.0,0.0,0.0,0.0,0.0,0.0
2023-07-23 00:00:00,0.0,0.0,0.0,0.0,0.0,0.0
2023-07-23 01:00:00,0.0,0.0,0.0,0.0,0.0,0.0
2023-07-23 02:00:00,0.0,0.0,0.0,0.0,0.0,0.0
2023-07-23 03:00:00,0.0,0.0,0.0,0.0,0.0,0.0
2023-07-23 04:00:00,0.0,0.0,0.0,0.0,0.0,0.0
2023-07-23 05:00:00,0.0,0.0,0.0,0.0,0.0,0.0
2023-07-23 06:00:00,0.06851344259442496,0.3749267401317622,0.3595661476195335,0.40085687444416296,0.3485350752697656,0.1272434825863691
2023-07-23 07:00:00,0.48346243844965797,0.4881259758266312,0.4860995565921419,0.4901918844733895,0.48938831493110635,0.47809096511626037
2023-07-23 08:00:00,0.6349466494602662,0.6337394782797298,0.6293081564019055,0.635805953329003,0.6322463049684566,0.6239315268282982
2023-07-23 09:00:00,0.7131081092240292,0.7076903619725893,0.702085782395227,0.709432914891934,0.7046644723237724,0.6870002419518458
2023-07-23 10:00:00,0.7501149901813752,0.7424857426386979,0.736271012771229,0.7452039192438147,0.7385101642759891,0.7194116688380467
2023-07-23 11:00:00,0.771891965120899,0.764624068593852,0.7580687386819789,0.7721393863518321,0.7585723150465903,0.7333247917137612
2023-07-23 12:00:00,0.774555831448805,0.7713558136055898,0.7640950872528259,0.7832271517110809,0.7628843532121512,0.7326977610976836
2023-07-23 13:00:00,0.7748932786315007,0.7697068767014293,0.7628149243957159,0.7816212038670105,0.7631425730824911,0.7348698704650672
2023-07-23 14:00:00,0.7737161038942475,0.7655527610428203,0.7543960974963568,0.7784900838456357,0.7518472727604774,0.7210815922301211
2023-07-23 15:00:00,0.7482078560555703,0.7343508248964612,0.7271724310072276,0.7073215511504255,0.73610713912432,0.66299155240128
2023-07-23 16:00:00,0.6647732342162308,0.656525326914526,0.6406194746747075,0.6432570032052856,0.6505817597759131,0.6136926054262342
2023-07-23 17:00:00,0.6550649825182108,0.6559645894407907,0.6515502680496504,0.656741712986849,0.6628213161675669,0.605686126680324
2023-07-23 18:00:00,0.5953068604658905,0.5683535210057056,0.5532425904841484,0.5126914287806374,0.5769120247146486,0.49739115438360865
2023-07-23 19:00:00,0.608426291994592,0.5902109093988257,0.5629674221197205,0.6004154125083265,0.5600089305095612,0.49166929742524473
2023-07-23 20:00:00,0.4970918798441847,0.486558975839662,0.47677327327314206,0.492629404157273,0.47165793818711815,0.36973966858362456
2023-07-23 21:00:00,0.3218653091285043,0.3194305315774897,0.3096931674090675,0.3109156575481077,0.313393053901493,0.195920212957159
2023-07-23 22:00:00,0.0,0.0,0.0,0.0,0.0,0.0
2023-07-23 23:00:00,0.0,0.0,0.0,0.0,0.0,0.0
2023-07-24 00:00:00,0.0,0.0,0.0,0.0,0.0,0.0
2023-07-24 01:00:00,0.0,0.0,0.0,0.0,0.0,0.0
2023-07-24 02:00:00,0.0,0.0,0.0,0.0,0.0,0.0
2023-07-24 03:00:00,0.0,0.0,0.0,0.0,0.0,0.0
2023-07-24 04:00:00,0.0,0.0,0.0,0.0,0.0,0.0
2023-07-24 05:00:00,0.0,0.0,0.0,0.0,0.0,0.0
2023-07-24 06:00:00,0.0236065286332999,0.4013109867660983,0.3777803515123225,0.0,0.3654624265236884,0.08481732558160131
2023-07-24 07:00:00,0.4498295942030558,0.4909243259776156,0.48668881697365995,0.48133979466508925,0.4901565777836445,0.25996814672178215
2023-07-24 08:00:00,0.5781530003737068,0.6287235889333009,0.6174845785730437,0.5850516610057573,0.6279902807762615,0.3737332679078754
2023-07-24 09:00:00,0.6110182504178607,0.7000737755877213,0.6909779913864526,0.657296646765034,0.7020175728476614,0.41194569476740966
2023-07-24 10:00:00,0.6326396609363905,0.7263784492411498,0.7127643399150829,0.6545125905631073,0.7292449690409518,0.44046876286543474
2023-07-24 11:00:00,0.6293988829736582,0.730228053561534,0.7167149025602154,0.6435748110342961,0.737500665399656,0.40125714419037967
2023-07-24 12:00:00,0.6042198172704657,0.7315907806850311,0.7168160664190438,0.6621779025375799,0.7359422791225101,0.39348338200747435
2023-07-24 13:00:00,0.5051908298271133,0.6707373616663945,0.6620355243792169,0.5249474387071832,0.7057247550914169,0.40262024448527983
2023-07-24 14:00:00,0.39370727588219,0.5792281728898404,0.5494189690270737,0.4075546097670977,0.6215406254556968,0.3636540291394945
2023-07-24 15:00:00,0.37733814703116636,0.43632278923078777,0.37310603059626396,0.2859334038692566,0.4521736081637439,0.3908744385521384
2023-07-24 16:00:00,0.40888002644089505,0.3677642565459339,0.3671569854106769,0.3397475793537204,0.40802262520049015,0.4444112988626598
2023-07-24 17:00:00,0.31903069641184356,0.3001666257002263,0.3299063198045893,0.3831931790015401,0.3616206665608411,0.5000388761896839
2023-07-24 18:00:00,0.23519444625509142,0.2039217576282932,0.2690870238737161,0.28922122138601747,0.30880571169399723,0.4575723964118063
2023-07-24 19:00:00,0.37376448511360405,0.2563490654652717,0.24039835896533285,0.4475074634091372,0.16769724641247646,0.3714226018526301
2023-07-24 20:00:00,0.4258616173598358,0.42533916219297696,0.379993103045465,0.3203252110608235,0.3628379904426122,0.34712039532626754
2023-07-24 21:00:00,0.28205429261859416,0.3042423069640292,0.2917692960392207,0.2834664465304947,0.2866227172584089,0.2088230881230693
2023-07-24 22:00:00,0.0,0.0,0.0,0.0,0.0,0.0
2023-07-24 23:00:00,0.0,0.0,0.0,0.0,0.0,0.0
2023-07-25 00:00:00,0.0,0.0,0.0,0.0,0.0,0.0
2023-07-25 01:00:00,0.0,0.0,0.0,0.0,0.0,0.0
2023-07-25 02:00:00,0.0,0.0,0.0,0.0,0.0,0.0
2023-07-25 03:00:00,0.0,0.0,0.0,0.0,0.0,0.0
2023-07-25 04:00:00,0.0,0.0,0.0,0.0,0.0,0.0
2023-07-25 05:00:00,0.0,0.0,0.0,0.0,0.0,0.0
2023-07-25 06:00:00,0.0,0.0,0.0,0.0,0.21161082343546564,0.05503174547836891
2023-07-25 07:00:00,0.20171215078804886,0.15139007914695848,0.2133574624697132,0.2967400001935212,0.16887962139314638,0.3572469307614626
2023-07-25 08:00:00,0.2773284701059407,0.21324897291449996,0.3032626280863913,0.44132548823773915,0.24811339194636167,0.51720514125022
2023-07-25 09:00:00,0.33792901475736237,0.2582255267748888,0.3646021621889189,0.508313778282589,0.31171517182818564,0.5633948372476488
2023-07-25 10:00:00,0.31282085115330505,0.34734311121468187,0.49738638331217977,0.5790929326386465,0.4759149203771887,0.6135571274260938
2023-07-25 11:00:00,0.3013983112593593,0.34523473021971723,0.4888295229088688,0.5984642946415115,0.4792341022801078,0.5740564787726264
2023-07-25 12:00:00,0.3999454530734387,0.4976492157255788,0.5701125749371042,0.6103360631009815,0.565971158320289,0.5153908263482568
2023-07-25 13:00:00,0.40410725122451363,0.4946856941266242,0.5806974129953935,0.6382698086276885,0.5838607332606389,0.5883610307081046
2023-07-25 14:00:00,0.48678254090243367,0.5033087763600395,0.5893569905013578,0.6330531943659652,0.5777203024006691,0.5992912439046504
2023-07-25 15:00:00,0.5723839677092946,0.5318920490553933,0.598874496045936,0.6414191178835059,0.5795451402312188,0.5889870595238382
2023-07-25 16:00:00,0.6205961199279407,0.6576375635395014,0.6712039377249944,0.7021250320569236,0.6544647974885355,0.5919408181657119
2023-07-25 17:00:00,0.49323874107897886,0.558668818853366,0.6518390688696674,0.6290313291242281,0.6572776031288796,0.5521649070125326
2023-07-25 18:00:00,0.5320708393929988,0.5474090115585631,0.5613837727052411,0.5784809235510087,0.5586011351227661,0.49771809104168585
2023-07-25 19:00:00,0.5149513677156483,0.4850133536925934,0.4896141690473096,0.5173635837982667,0.4837158364095651,0.3993033121512451
2023-07-25 20:00:00,0.4829723258285984,0.46809247126552905,0.46522155534280063,0.4834165461106581,0.44493067903943473,0.31508887357438636
2023-07-25 21:00:00,0.3182825388910836,0.3345039066933612,0.31636914443472536,0.3055074718188257,0.3122089903339411,0.2148040308137272
2023-07-25 22:00:00,0.0,0.0,0.0,0.0,0.0,0.0
2023-07-25 23:00:00,0.0,0.0,0.0,0.0,0.0,0.0
2023-07-26 00:00:00,0.0,0.0,0.0,0.0,0.0,0.0
2023-07-26 01:00:00,0.0,0.0,0.0,0.0,0.0,0.0
2023-07-26 02:00:00,0.0,0.0,0.0,0.0,0.0,0.0
2023-07-26 03:00:00,0.0,0.0,0.0,0.0,0.0,0.0
2023-07-26 04:00:00,0.0,0.0,0.0,0.0,0.0,0.0
2023-07-26 05:00:00,0.0,0.0,0.0,0.0,0.0,0.0
2023-07-26 06:00:00,0.0,0.0,0.0,0.0,0.0,0.021588643668569565
2023-07-26 07:00:00,0.3743024127451303,0.4634898361252211,0.44402518700977456,0.3395496845071401,0.4795499439021237,0.3059335186935193
2023-07-26 08:00:00,0.5716632543504515,0.6227911175768625,0.6044098289791877,0.49965943082868214,0.6369544788352052,0.49892463309807233
2023-07-26 09:00:00,0.688785482087176,0.7340756847204258,0.7221382489925409,0.7154376781084261,0.7277749968110372,0.6024247282960071
2023-07-26 10:00:00,0.7553825141127658,0.7765123472542624,0.7668398442376895,0.7714360775824093,0.7716265846814259,0.6692859123602534
2023-07-26 11:00:00,0.7740900082084365,0.7603404503444775,0.7067648919861226,0.7740995367255297,0.6942439404247449,0.6569196942812316
2023-07-26 12:00:00,0.529721895313046,0.5164377029997871,0.4594631568050148,0.43580047786567905,0.47303754904244677,0.3348362567859391
2023-07-26 13:00:00,0.5232585475757965,0.5079641649886902,0.4114126647887429,0.42115885639768325,0.42335630467313434,0.35135596572765304
2023-07-26 14:00:00,0.5054516871205148,0.4772393052536388,0.38975861110656745,0.3676790895808849,0.40571366998413966,0.349350231007397
2023-07-26 15:00:00,0.4439939533225536,0.4449660733373574,0.3584556016093115,0.3832886532800073,0.35382214062345957,0.3213429878614695
2023-07-26 16:00:00,0.4800344694813423,0.4688904712741196,0.4572261211144443,0.3745880456761824,0.4523687250960684,0.291520451695509
2023-07-26 17:00:00,0.4453000270172356,0.31623299645016134,0.32743712036706607,0.30366426412114644,0.3212041084456775,0.26284278053340854
2023-07-26 18:00:00,0.4265474892767922,0.43258139121775213,0.2925281683881724,0.2562880265432714,0.30988592719602015,0.1732775679326783
2023-07-26 19:00:00,0.4234893689760975,0.5069393835596936,0.4193506188343977,0.290476977988799,0.4472124040737575,0.15012641320810893
2023-07-26 20:00:00,0.47042209198902557,0.495385074654902,0.48955090662887807,0.47133833637164096,0.48414064173610105,0.22003615850588634
2023-07-26 21:00:00,0.3009525101202585,0.35261979344781846,0.34156970607872195,0.33567841507288654,0.34936099589747555,0.20505659225842826
2023-07-26 22:00:00,0.0,0.0,0.0,0.0,0.0,0.0
2023-07-26 23:00:00,0.0,0.0,0.0,0.0,0.0,0.0
2023-07-27 00:00:00,0.0,0.0,0.0,0.0,0.0,0.0
2023-07-27 01:00:00,0.0,0.0,0.0,0.0,0.0,0.0
2023-07-27 02:00:00,0.0,0.0,0.0,0.0,0.0,0.0
2023-07-27 03:00:00,0.0,0.0,0.0,0.0,0.0,0.0
2023-07-27 04:00:00,0.0,0.0,0.0,0.0,0.0,0.0
2023-07-27 05:00:00,0.0,0.0,0.0,0.0,0.0,0.0
2023-07-27 06:00:00,0.0,0.0,0.0,0.0,0.0,0.00881544783611542
2023-07-27 07:00:00,0.2018836406480426,0.239476373787913,0.3342429000214486,0.3293240623073375,0.3434827604891466,0.3580766569401509
2023-07-27 08:00:00,0.3807328321969064,0.4140531792111397,0.495982909156728,0.49646845789487354,0.5006912549965186,0.500042504430043
2023-07-27 09:00:00,0.4880648674475073,0.4775617905439193,0.5315479860977609,0.531962504266413,0.5374568607463897,0.5845219273750524
2023-07-27 10:00:00,0.6223202204832555,0.6214032527342984,0.649044380465351,0.6515021810260895,0.6488668594294941,0.6239098778828622
2023-07-27 11:00:00,0.6698756409482346,0.6310469504018382,0.6701927295112781,0.6841779872620922,0.6689378432346365,0.6165792966248316
2023-07-27 12:00:00,0.6983124474758934,0.7075487821825603,0.6974995591995568,0.7034757192578233,0.6972619099139543,0.6545646141245686
2023-07-27 13:00:00,0.6707277265949348,0.7126802893446309,0.6947850867551058,0.6631392642223161,0.7189075993949826,0.6721277480622828
2023-07-27 14:00:00,0.7089646088990386,0.6629500759347217,0.6589912123363655,0.6144634942741614,0.6747933915990862,0.6495129226044735
2023-07-27 15:00:00,0.6427212844280393,0.6733964397337618,0.6567706166709978,0.6142487846401893,0.6693195455365317,0.6471041681322486
2023-07-27 16:00:00,0.5266625651098107,0.6432824338762549,0.610618191441214,0.592563366690048,0.6277421522823078,0.5925830663886658
2023-07-27 17:00:00,0.4738639238533101,0.5856219515515086,0.5803775447962288,0.5844633766094113,0.5862456301690963,0.535807982711291
2023-07-27 18:00:00,0.3400388820336526,0.5162405678805851,0.5210182777210199,0.5365476435835229,0.5208653461742113,0.44660395329202
2023-07-27 19:00:00,0.19700163924835898,0.34176093618202935,0.41623099756058957,0.35772092221667035,0.44114082909404273,0.33681483366723697
2023-07-27 20:00:00,0.17557062409085678,0.23018504081143062,0.3060661805882352,0.27036636354409027,0.3264246376194455,0.2117190198110223
2023-07-27 21:00:00,0.15254165118949287,0.1217185452758973,0.11675912518503949,0.15446149170681606,0.10985148765834793,0.16782306278405854
2023-07-27 22:00:00,0.0,0.0,0.0,0.0,0.0,0.0
2023-07-27 23:00:00,0.0,0.0,0.0,0.0,0.0,0.0
2023-07-28 00:00:00,0.0,0.0,0.0,0.0,0.0,0.0
2023-07-28 01:00:00,0.0,0.0,0.0,0.0,0.0,0.0
2023-07-28 02:00:00,0.0,0.0,0.0,0.0,0.0,0.0
2023-07-28 03:00:00,0.0,0.0,0.0,0.0,0.0,0.0
2023-07-28 04:00:00,0.0,0.0,0.0,0.0,0.0,0.0
2023-07-28 05:00:00,0.0,0.0,0.0,0.0,0.0,0.0
2023-07-28 06:00:00,0.0,0.0,0.0,0.0,0.0,0.0028579094683841874
2023-07-28 07:00:00,0.41721073071095965,0.4726622781729654,0.4675001781137671,0.45349644543881495,0.46862688565425903,0.3467569338288813
2023-07-28 08:00:00,0.6116231693447453,0.6309998752414943,0.6225538890111365,0.6171528844025972,0.6159073227928696,0.5223613374513998
2023-07-28 09:00:00,0.7061603530185904,0.6842396105895465,0.6582605578892323,0.6686745279243721,0.6614981979103645,0.6518652607742755
2023-07-28 10:00:00,0.7335234389222541,0.6978023692108283,0.6918639554264133,0.6957247444837422,0.698390745093318,0.7079765678422271
2023-07-28 11:00:00,0.7205197018754239,0.7054206783203462,0.7291454107435071,0.7252049777811429,0.7334581039379562,0.7493046130457534
2023-07-28 12:00:00,0.6615708296827341,0.6946524259135639,0.7191707424026469,0.68930526308591,0.7288141633653072,0.6691898348107179
2023-07-28 13:00:00,0.6776550235859435,0.6731458909385659,0.6545270732950517,0.6331755372547896,0.6627412448400055,0.6873807635220331
2023-07-28 14:00:00,0.6490418600359064,0.62497873696966,0.6451795498340819,0.6271843844234707,0.655231488267544,0.6764771659496379
2023-07-28 15:00:00,0.65692330107102,0.6229161016047237,0.5629870432250593,0.6574964230043346,0.5479173421318451,0.6386757441007831
2023-07-28 16:00:00,0.6004996177108903,0.5786030413484903,0.5275966383614734,0.5347872939978289,0.5345572759024535,0.6161299719179654
2023-07-28 17:00:00,0.5902226833234145,0.5429551596294439,0.4645024941374168,0.5541412258067435,0.4489179814746484,0.5439413063944244
2023-07-28 18:00:00,0.531520407543796,0.5515192229456349,0.5314700422474288,0.49634322185681157,0.5327434196468469,0.4723645467525616
2023-07-28 19:00:00,0.4253055311544214,0.4584874693451541,0.44503884791562276,0.4944432009522746,0.4346677895486941,0.40158425473427833
2023-07-28 20:00:00,0.42427263980599256,0.3881227658089162,0.2981013065928788,0.3658843072733802,0.28746727528836286,0.31470616974809595
2023-07-28 21:00:00,0.19668662478937537,0.2959521021421061,0.2452504565034422,0.17173985683526952,0.2779335196119046,0.1487833405214942
2023-07-28 22:00:00,0.0,0.0,0.0,0.0,0.0,0.0
2023-07-28 23:00:00,0.0,0.0,0.0,0.0,0.0,0.0
2023-07-29 00:00:00,0.0,0.0,0.0,0.0,0.0,0.0
2023-07-29 01:00:00,0.0,0.0,0.0,0.0,0.0,0.0
2023-07-29 02:00:00,0.0,0.0,0.0,0.0,0.0,0.0
2023-07-29 03:00:00,0.0,0.0,0.0,0.0,0.0,0.0
2023-07-29 04:00:00,0.0,0.0,0.0,0.0,0.0,0.0
2023-07-29 05:00:00,0.0,0.0,0.0,0.0,0.0,0.0
2023-07-29 06:00:00,0.0,0.0,0.0,0.0,0.0,0.007307118334144374
2023-07-29 07:00:00,0.45220431723326554,0.4655946884509778,0.45499875306913945,0.43915910276235876,0.462936648914775,0.3635411264781958
2023-07-29 08:00:00,0.5996140963862241,0.6215217504069642,0.6094668820774034,0.6050387199149355,0.61429173258108,0.5420704167245055
2023-07-29 09:00:00,0.6961886063724412,0.69739148080312,0.6862620772385329,0.6883962180689963,0.6905871950794774,0.64727873029639
2023-07-29 10:00:00,0.7441340328336539,0.7384336884112815,0.7284335294581415,0.7358497780726382,0.7315804943575577,0.6987401249643613
2023-07-29 11:00:00,0.7587957197300916,0.7566067750143258,0.7417673135666943,0.7576302479691457,0.7450793266829759,0.6949700467944052
2023-07-29 12:00:00,0.7632151906711008,0.7756246719714182,0.7653653957528842,0.7762014748802646,0.7644254452504469,0.7131561526612576
2023-07-29 13:00:00,0.7644714377405083,0.7786376710277555,0.769601861727734,0.7803836520938956,0.7676380298415357,0.6827552261204634
2023-07-29 14:00:00,0.7641242591199717,0.7503032278243231,0.7255472218336534,0.7554808176531828,0.7256237453304084,0.6768736922301993
2023-07-29 15:00:00,0.748206778479461,0.7505243784752768,0.7333516469676297,0.7398608155594423,0.7309031272434615,0.6660958064372745
2023-07-29 16:00:00,0.6557584664333475,0.658614997914041,0.6354179050246905,0.6561797027317683,0.6376576423545052,0.6069429403826518
2023-07-29 17:00:00,0.5439481849244316,0.47447009486755504,0.4885502948658483,0.4498118204989005,0.5137036858624892,0.4979491835083362
2023-07-29 18:00:00,0.5688689542881661,0.5654522705517303,0.5299564856971435,0.47148872122186314,0.5441813520945358,0.4940698712689487
2023-07-29 19:00:00,0.490014142673648,0.5414621046872901,0.5149014270433728,0.4880101520731855,0.5105176099623119,0.460621555273317
2023-07-29 20:00:00,0.3775206006982388,0.41372156871640814,0.41969099807448207,0.40805571500588256,0.43514805363513703,0.40223047951729124
2023-07-29 21:00:00,0.22089197400627522,0.367566450743666,0.3499045013030784,0.31267266267459354,0.0,0.28546027141456437
2023-07-29 22:00:00,0.0,0.0,0.0,0.0,0.0,0.0
2023-07-29 23:00:00,0.0,0.0,0.0,0.0,0.0,0.0
2023-07-30 00:00:00,0.0,0.0,0.0,0.0,0.0,0.0
2023-07-30 01:00:00,0.0,0.0,0.0,0.0,0.0,0.0
2023-07-30 02:00:00,0.0,0.0,0.0,0.0,0.0,0.0
2023-07-30 03:00:00,0.0,0.0,0.0,0.0,0.0,0.0
2023-07-30 04:00:00,0.0,0.0,0.0,0.0,0.0,0.0
2023-07-30 05:00:00,0.0,0.0,0.0,0.0,0.0,0.0
2023-07-30 06:00:00,0.0,0.0,0.0,0.0,0.0,0.0009121934430579753
2023-07-30 07:00:00,0.2559940547397809,0.41199132357118595,0.4194902453415225,0.36899397648559595,0.4462571017691297,0.28100799141979116
2023-07-30 08:00:00,0.4114021576910217,0.5520933584414244,0.5608562365835124,0.5190670706746568,0.5864303913366847,0.404667103184002
2023-07-30 09:00:00,0.6151153167198614,0.6555306572241116,0.6797835334168806,0.6982386734976418,0.6751501913794988,0.5711480726283464
2023-07-30 10:00:00,0.6324080604342136,0.6126496326160504,0.6812947427555995,0.7215443343990205,0.6719355677951677,0.6433197642405241
2023-07-30 11:00:00,0.6579450155998537,0.6178684621053108,0.6619232276761209,0.7189910301860932,0.6598585700767278,0.7005921828542429
2023-07-30 12:00:00,0.7448540057475196,0.697973680308752,0.7160965418801187,0.7596795912355169,0.7089649031293969,0.6989868718876523
2023-07-30 13:00:00,0.7569508131593773,0.7553630539789887,0.7591884143473121,0.782469001719011,0.7534510952211111,0.7504229844346569
2023-07-30 14:00:00,0.7599611323036859,0.7540174645443825,0.7576281728255646,0.7804272818893816,0.7478118689436686,0.7482092835504617
2023-07-30 15:00:00,0.6854597660424524,0.6537998149008594,0.7150459378811097,0.7359282641970261,0.6907849126952572,0.7063657879452117
2023-07-30 16:00:00,0.5506555426871576,0.6646344041736811,0.6706215812520713,0.671144350684144,0.6907025736852458,0.7011456063496913
2023-07-30 17:00:00,0.612783496936899,0.6059372189759632,0.5602916838164266,0.5312633810064858,0.5939118907637382,0.6092315794671653
2023-07-30 18:00:00,0.562369744412165,0.5085957719942708,0.47382154475823113,0.5865803130440352,0.45213010242737883,0.5982807049106429
2023-07-30 19:00:00,0.5507076090677192,0.5198933097850564,0.5463270711194521,0.5790659203959932,0.5444056335434093,0.5848319884252434
2023-07-30 20:00:00,0.4827799739569194,0.43466765301078136,0.4086905854396895,0.4671594121543699,0.3988781744272575,0.49230884154866333
2023-07-30 21:00:00,0.18355124827887437,0.0,0.0,0.38362588913065754,0.0,0.33959352496391015
2023-07-30 22:00:00,0.0,0.0,0.0,0.0,0.0,0.0
2023-07-30 23:00:00,0.0,0.0,0.0,0.0,0.0,0.0
2023-07-31 00:00:00,0.0,0.0,0.0,0.0,0.0,0.0
2023-07-31 01:00:00,0.0,0.0,0.0,0.0,0.0,0.0
2023-07-31 02:00:00,0.0,0.0,0.0,0.0,0.0,0.0
2023-07-31 03:00:00,0.0,0.0,0.0,0.0,0.0,0.0
2023-07-31 04:00:00,0.0,0.0,0.0,0.0,0.0,0.0
2023-07-31 05:00:00,0.0,0.0,0.0,0.0,0.0,0.0
2023-07-31 06:00:00,0.0,0.0,0.0,0.0,0.0,2.534409188792672e-06
2023-07-31 07:00:00,0.48085349973181174,0.484120572607715,0.4804899793484375,0.47608748516793775,0.48551899044918867,0.40544064010252173
2023-07-31 08:00:00,0.651891321642767,0.6464758987727582,0.6413193305165714,0.6409278811873965,0.6446927448435522,0.5479594820634408
2023-07-31 09:00:00,0.7321182033888558,0.7254826086230124,0.7196839910221567,0.7212481916780866,0.7223288115125251,0.6506627366678415
2023-07-31 10:00:00,0.770692056215736,0.7645929807559942,0.7589764226639976,0.7627724654168813,0.7603746493192362,0.7253848463157655
2023-07-31 11:00:00,0.7931619629634916,0.7834002302866809,0.7768200639262197,0.7796089911381199,0.780461065866021,0.6938586496782683
2023-07-31 12:00:00,0.8011755235161242,0.7923176421439081,0.7833135300143866,0.7836411832985711,0.7861436742320697,0.6092789585137458
2023-07-31 13:00:00,0.8007321813392276,0.7895034749120893,0.7783383440535848,0.7650019073288387,0.7858673982609028,0.6255799293691804
2023-07-31 14:00:00,0.7961906983138536,0.7843100523231168,0.7732903805096176,0.7568159918621337,0.7810669660598196,0.6884041954872108
2023-07-31 15:00:00,0.7873871460168234,0.7789882053603052,0.7726083199213435,0.7764990366042958,0.7765510838610729,0.6294725307172085
2023-07-31 16:00:00,0.76830627930331,0.7639420942908576,0.7574934043869136,0.7609292327261086,0.761299628505448,0.6157560091035394
2023-07-31 17:00:00,0.6716502273468336,0.7074249615185039,0.7150186524114336,0.704791369845092,0.7324273651060108,0.559936763383533
2023-07-31 18:00:00,0.6776219110271666,0.6882086315950565,0.6860958993956515,0.6826697012803064,0.6943869725935762,0.525402933649777
2023-07-31 19:00:00,0.6007066788359384,0.6097451776954611,0.606101532718819,0.5876729130200062,0.6170531687910518,0.45560583844917224
2023-07-31 20:00:00,0.48548758890224647,0.47666219392450393,0.47306088990520834,0.4798878865218782,0.4746117919532841,0.39709369506834097
2023-07-31 21:00:00,0.14358279131880558,0.0,0.0,0.0,0.0,0.3112712708055321
2023-07-31 22:00:00,0.0,0.0,0.0,0.0,0.0,0.0
2023-07-31 23:00:00,0.0,0.0,0.0,0.0,0.0,0.0
2023-08-01 00:00:00,0.0,0.0,0.0,0.0,0.0,0.0
2023-08-01 01:00:00,0.0,0.0,0.0,0.0,0.0,0.0
2023-08-01 02:00:00,0.0,0.0,0.0,0.0,0.0,0.0
2023-08-01 03:00:00,0.0,0.0,0.0,0.0,0.0,0.0
2023-08-01 04:00:00,0.0,0.0,0.0,0.0,0.0,0.0
2023-08-01 05:00:00,0.0,0.0,0.0,0.0,0.0,0.0
2023-08-01 06:00:00,0.0,0.0,0.0,0.0,0.0,0.007137689869855663
2023-08-01 07:00:00,0.4748760703726281,0.4769326451122245,0.4727015022407144,0.4667419568650564,0.4800400899751336,0.44579698324098493
2023-08-01 08:00:00,0.6490659749275975,0.6425645302829,0.6360090408861953,0.635240566870005,0.6405962784147423,0.6101629763853648
2023-08-01 09:00:00,0.7319939121714626,0.7231736643453447,0.7153876784481261,0.7173855063307804,0.7190633423977516,0.6968244813254618
2023-08-01 10:00:00,0.7679497003108335,0.7592092730738831,0.7513295673725119,0.7560491524735,0.7541156270840036,0.7407400458981642
2023-08-01 11:00:00,0.7896674364458743,0.7804403285967584,0.7720560312869347,0.7801191770975163,0.7742663445555318,0.7595940215529319
2023-08-01 12:00:00,0.7972298281797088,0.7867832340439608,0.7786120965841724,0.7879408467343925,0.7811415506938786,0.7714529099606385
2023-08-01 13:00:00,0.7972508523418489,0.7868548320226444,0.779123834609418,0.7898923509501538,0.7814119642754516,0.7426211210544245
2023-08-01 14:00:00,0.7928962332176155,0.7835175447440252,0.7757339395792077,0.7875692064123537,0.7778811371839519,0.7475581924610651
2023-08-01 15:00:00,0.7804928987453591,0.7734594612345524,0.7655434857893938,0.7776169414875526,0.7674545381199674,0.6997938995692755
2023-08-01 16:00:00,0.7646896497668317,0.7586561181001742,0.750649721314876,0.764235432423473,0.7520231233226037,0.6949162968487089
2023-08-01 17:00:00,0.6559432624530411,0.6996950022723115,0.7043636493869553,0.6965825662078572,0.7238562680991707,0.6218187004280261
2023-08-01 18:00:00,0.6980752762051191,0.6862182507853017,0.6783032240822026,0.6858107717019674,0.6820159658969719,0.6090604592441994
2023-08-01 19:00:00,0.6265501109595578,0.614164589088246,0.6073311860329055,0.6206464044364026,0.607971243794555,0.5349118005107961
2023-08-01 20:00:00,0.48017921638668654,0.46396549283272104,0.456127547301855,0.4713551408644549,0.456197035079711,0.4061714211648538
2023-08-01 21:00:00,0.05076975717043563,0.0,0.0,0.0,0.0,0.22313348830766547
2023-08-01 22:00:00,0.0,0.0,0.0,0.0,0.0,0.0
2023-08-01 23:00:00,0.0,0.0,0.0,0.0,0.0,0.0
2023-08-02 00:00:00,0.0,0.0,0.0,0.0,0.0,0.0
2023-08-02 01:00:00,0.0,0.0,0.0,0.0,0.0,0.0
2023-08-02 02:00:00,0.0,0.0,0.0,0.0,0.0,0.0
2023-08-02 03:00:00,0.0,0.0,0.0,0.0,0.0,0.0
2023-08-02 04:00:00,0.0,0.0,0.0,0.0,0.0,0.0
2023-08-02 05:00:00,0.0,0.0,0.0,0.0,0.0,0.0
2023-08-02 06:00:00,0.0,0.0,0.0,0.0,0.0,0.0
2023-08-02 07:00:00,0.4682842215952987,0.47109568797734364,0.4676483458042762,0.4661162138119538,0.47390037037488447,0.399336025849513
2023-08-02 08:00:00,0.6421837802954835,0.6373068312140862,0.6316540214460069,0.6336073027031176,0.6355128055958728,0.523427967558651
2023-08-02 09:00:00,0.726546241400852,0.7196684172870534,0.7130951366598842,0.7160805130708031,0.7162413966679679,0.5652877572755116
2023-08-02 10:00:00,0.767527885933648,0.7604451144562095,0.7539817406654159,0.7593645733145826,0.7559696394936294,0.602923218681853
2023-08-02 11:00:00,0.7886701344294809,0.7807163735913248,0.7743162819536122,0.7809716103074423,0.7762990238410794,0.6315927816524831
2023-08-02 12:00:00,0.7963289527214146,0.7889324816226768,0.7824948664995649,0.7946510684046536,0.7830009192249513,0.6028158046994166
2023-08-02 13:00:00,0.7978989992403589,0.7893414955758943,0.7830740734583055,0.7964395465816237,0.7838232623026388,0.6181625322830518
2023-08-02 14:00:00,0.7944749086279425,0.7882286712501129,0.7816420080053849,0.795710231218699,0.7819475999709662,0.6038610384043012
2023-08-02 15:00:00,0.7800117428410112,0.7719542985205798,0.7653779374083709,0.778995233624936,0.7663361146568963,0.5337834629436279
2023-08-02 16:00:00,0.7691471319519546,0.759444273745988,0.753023762526138,0.7661271603440374,0.7537315986693014,0.524913206178224
2023-08-02 17:00:00,0.7423336251290307,0.7357848184567461,0.7304970904472351,0.7454123385062184,0.7282670126859074,0.4560318888697386
2023-08-02 18:00:00,0.6931187864863436,0.669735846603057,0.6792260201785904,0.6975772000554141,0.6758431532304046,0.39378188360726346
2023-08-02 19:00:00,0.6176186820128894,0.6089274423674286,0.6010639380151417,0.5867019775868504,0.6044714534516024,0.3561748148832737
2023-08-02 20:00:00,0.4647034264646212,0.45183253259245804,0.4448277084166168,0.43171748792858244,0.4509561021494652,0.36016266243625744
2023-08-02 21:00:00,0.0,0.0,0.0,0.0,0.0,0.25426738842346236
2023-08-02 22:00:00,0.0,0.0,0.0,0.0,0.0,0.0
2023-08-02 23:00:00,0.0,0.0,0.0,0.0,0.0,0.0
2023-08-03 00:00:00,0.0,0.0,0.0,0.0,0.0,0.0
2023-08-03 01:00:00,0.0,0.0,0.0,0.0,0.0,0.0
2023-08-03 02:00:00,0.0,0.0,0.0,0.0,0.0,0.0
2023-08-03 03:00:00,0.0,0.0,0.0,0.0,0.0,0.0
2023-08-03 04:00:00,0.0,0.0,0.0,0.0,0.0,0.0
2023-08-03 05:00:00,0.0,0.0,0.0,0.0,0.0,0.0
2023-08-03 06:00:00,0.0,0.0,0.0,0.0,0.0,0.0
2023-08-03 07:00:00,0.4358555592407107,0.44540160578026805,0.44318127122908635,0.43952010508761225,0.44930209845731695,0.3569944049413852
2023-08-03 08:00:00,0.6120255938752709,0.611929842479569,0.6064165927365494,0.6098752542520878,0.6111014960107026,0.5225016202919944
2023-08-03 09:00:00,0.6993972530537664,0.6984885744290388,0.6925400651855887,0.6986765967480942,0.6958598582363988,0.6346296816303145
2023-08-03 10:00:00,0.7429970165611754,0.7386299560214223,0.732221697993683,0.7396319261545435,0.7355425075980709,0.7121861367217736
2023-08-03 11:00:00,0.7687033471758576,0.76341256829277,0.7570349468223017,0.7675294568978978,0.7592111489790695,0.7049904421018848
2023-08-03 12:00:00,0.7808849392381054,0.7776708921919951,0.7717657715429694,0.7843233733197186,0.77272738945573,0.7158023679042868
2023-08-03 13:00:00,0.7797546802955199,0.7801640141342807,0.7740188371655947,0.7870436256983983,0.7749707727503253,0.6935788803501985
2023-08-03 14:00:00,0.7783945298111843,0.7773026494670567,0.7721558593216877,0.7828497745524542,0.7738138801531439,0.6940074230422321
2023-08-03 15:00:00,0.76615034221668,0.7630713244786306,0.7585371543764775,0.7665126324072374,0.7617312875667482,0.6669928508474497
2023-08-03 16:00:00,0.6644528917747267,0.6935414314631169,0.719309558722773,0.7197105717272687,0.7303506902988892,0.6254077309535245
2023-08-03 17:00:00,0.6294960243400176,0.6330129005282131,0.6566471779948342,0.6489305303943692,0.6667128078857121,0.5960301466092836
2023-08-03 18:00:00,0.5758377829767028,0.6220437138139534,0.6309612460813169,0.6297745890978065,0.647635270879774,0.5829672177279908
2023-08-03 19:00:00,0.5513026367240941,0.5829884051204512,0.5837765442259797,0.5969522155079761,0.5749704216084838,0.5739679523337634
2023-08-03 20:00:00,0.4486864910707695,0.43981271030207114,0.43866023595326514,0.45569733647390676,0.43104143645456033,0.4524170401938006
2023-08-03 21:00:00,0.0,0.0,0.0,0.0,0.0,0.24212217813499332
2023-08-03 22:00:00,0.0,0.0,0.0,0.0,0.0,0.0
2023-08-03 23:00:00,0.0,0.0,0.0,0.0,0.0,0.0
2023-08-04 00:00:00,0.0,0.0,0.0,0.0,0.0,0.0
2023-08-04 01:00:00,0.0,0.0,0.0,0.0,0.0,0.0
2023-08-04 02:00:00,0.0,0.0,0.0,0.0,0.0,0.0
2023-08-04 03:00:00,0.0,0.0,0.0,0.0,0.0,0.0
2023-08-04 04:00:00,0.0,0.0,0.0,0.0,0.0,0.0
2023-08-04 05:00:00,0.0,0.0,0.0,0.0,0.0,0.0
2023-08-04 06:00:00,0.0,0.0,0.0,0.0,0.0,0.0
2023-08-04 07:00:00,0.4365710947147102,0.4456281075805739,0.44347458963197756,0.43687924861093325,0.4508513096664387,0.42934846715176717
2023-08-04 08:00:00,0.6140690004513204,0.6141929194126224,0.6086969626362011,0.6074130066753485,0.6133864850106627,0.6018428670048821
2023-08-04 09:00:00,0.6986397861864614,0.694038441016303,0.68853785350155,0.6911196281717543,0.6915981188679584,0.6888714649954696
2023-08-04 10:00:00,0.7384246658758971,0.7340012737873746,0.7276690900798403,0.7336698304337234,0.7302531758627261,0.7328398067911374
2023-08-04 11:00:00,0.7597944892310471,0.7560996427298335,0.7506173143058119,0.7590990228128284,0.7527495939066328,0.7569950044023952
2023-08-04 12:00:00,0.7722644465492543,0.768285861281521,0.7606415297613927,0.7713235444975797,0.7628365752456565,0.7694941657436662
2023-08-04 13:00:00,0.7719855131859786,0.7685075961836279,0.762527190985046,0.7753803968365321,0.7635441629534953,0.7730087506396988
2023-08-04 14:00:00,0.758293374498221,0.7656140108784437,0.7593938233645146,0.7727606186846282,0.7595380325648619,0.7569907182702927
2023-08-04 15:00:00,0.7543220484346866,0.7633086177797193,0.7552074132777603,0.7683006392829344,0.7558785950029254,0.7348248533163748
2023-08-04 16:00:00,0.7315233520230882,0.7493216825907276,0.741720538144123,0.7525830222315164,0.7437625212760604,0.6765331994870462
2023-08-04 17:00:00,0.5419968971535167,0.694707649852077,0.7032518845339735,0.6983599951238233,0.714599069888527,0.5343390741947367
2023-08-04 18:00:00,0.4808644157375227,0.6498230651505172,0.6660803965080426,0.6726790249807384,0.6625475898227027,0.4538442595717489
2023-08-04 19:00:00,0.32769989349514267,0.5276783026450018,0.563199485183646,0.5391960737005922,0.5719833816502249,0.3518121343261568
2023-08-04 20:00:00,0.19752478755888814,0.2775099203008735,0.3781289434761811,0.3828607211737001,0.3780985516109375,0.36405855950952054
2023-08-04 21:00:00,0.0,0.0,0.0,0.0,0.0,0.13074837840119186
2023-08-04 22:00:00,0.0,0.0,0.0,0.0,0.0,0.0
2023-08-04 23:00:00,0.0,0.0,0.0,0.0,0.0,0.0
2023-08-05 00:00:00,0.0,0.0,0.0,0.0,0.0,0.0
2023-08-05 01:00:00,0.0,0.0,0.0,0.0,0.0,0.0
2023-08-05 02:00:00,0.0,0.0,0.0,0.0,0.0,0.0
2023-08-05 03:00:00,0.0,0.0,0.0,0.0,0.0,0.0
2023-08-05 04:00:00,0.0,0.0,0.0,0.0,0.0,0.0
2023-08-05 05:00:00,0.0,0.0,0.0,0.0,0.0,0.0
2023-08-05 06:00:00,0.0,0.0,0.0,0.0,0.0,0.0
2023-08-05 07:00:00,0.17086428437297435,0.26426514528266115,0.1998785394440192,0.2163020260020045,0.2134274524459002,0.3079169994743822
2023-08-05 08:00:00,0.3232542123236457,0.3827616714064336,0.38047605134319357,0.34510752989351107,0.40410032624544573,0.4944132641141506
2023-08-05 09:00:00,0.4269059387955751,0.4865209706054867,0.4664635385722313,0.4776670134164396,0.48728092371530835,0.5913361524719877
2023-08-05 10:00:00,0.564705658468743,0.5656238015744689,0.5357484200244875,0.5486156156884661,0.5503756462945476,0.649232373233425
2023-08-05 11:00:00,0.6699821612761034,0.6496609711489459,0.6186268549538231,0.624909693790987,0.6288433230002974,0.6785217208412978
2023-08-05 12:00:00,0.5526885955696483,0.6910487047785179,0.6823402788322845,0.6408231012869805,0.7124404515447054,0.686928525778891
2023-08-05 13:00:00,0.612483760258619,0.7265830006052993,0.7213537775421571,0.6662809980383407,0.7434515035739888,0.6935840002873278
2023-08-05 14:00:00,0.6341113123430139,0.7386212669012846,0.7304500737249927,0.6974728623369431,0.7458128827277019,0.6990718302314292
2023-08-05 15:00:00,0.6176184746551032,0.6243418072305302,0.6790926683447193,0.641740976103568,0.676022967072751,0.698963723301886
2023-08-05 16:00:00,0.5519005371702094,0.6314766541917514,0.641292855192094,0.5421623634544168,0.6629060255741005,0.6409922189648273
2023-08-05 17:00:00,0.5241399438203098,0.5169192015090384,0.5486214955573087,0.4687447849301883,0.5520996803719608,0.6022295590019424
2023-08-05 18:00:00,0.4032231097500627,0.4149175026654211,0.47979562672878534,0.3512988999720566,0.47716479897926894,0.5259858382031527
2023-08-05 19:00:00,0.29438468177215804,0.2649740675747264,0.352783112505549,0.2219183212671508,0.3581721223393676,0.3858264860397396
2023-08-05 20:00:00,0.08947391083444364,0.10996862086131556,0.16851713404110785,0.07180874158707594,0.18909511714657024,0.25475752087132775
2023-08-05 21:00:00,0.0,0.0,0.0,0.0,0.0,0.0625627051701548
2023-08-05 22:00:00,0.0,0.0,0.0,0.0,0.0,0.0
2023-08-05 23:00:00,0.0,0.0,0.0,0.0,0.0,0.0
2023-08-06 00:00:00,0.0,0.0,0.0,0.0,0.0,0.0
2023-08-06 01:00:00,0.0,0.0,0.0,0.0,0.0,0.0
2023-08-06 02:00:00,0.0,0.0,0.0,0.0,0.0,0.0
2023-08-06 03:00:00,0.0,0.0,0.0,0.0,0.0,0.0
2023-08-06 04:00:00,0.0,0.0,0.0,0.0,0.0,0.0
2023-08-06 05:00:00,0.0,0.0,0.0,0.0,0.0,0.0
2023-08-06 06:00:00,0.0,0.0,0.0,0.0,0.0,0.0
2023-08-06 07:00:00,0.18733522082449794,0.31512684967190285,0.3478566634810564,0.32691121343864205,0.35669968248470507,0.29368422247526565
2023-08-06 08:00:00,0.31716750461903365,0.46314096651428155,0.5050207091361663,0.45171606804163617,0.5342151850469241,0.46252725613241186
2023-08-06 09:00:00,0.47848248836042667,0.5159162723924595,0.5558439901648574,0.5481128947887359,0.575220272207668,0.5721772418729301
2023-08-06 10:00:00,0.6114735963731057,0.6410625292907455,0.6664685841492567,0.6441675295414295,0.6817021666505655,0.6414921812377289
2023-08-06 11:00:00,0.6815394628857111,0.6660359724482077,0.6334490105808548,0.6845171193570665,0.6279186305408262,0.6724052581045051
2023-08-06 12:00:00,0.679973080705209,0.7289380128909186,0.720514744997681,0.7296327834562902,0.7016597827895069,0.6870835126543693
2023-08-06 13:00:00,0.650859430077142,0.5872010559788207,0.6045461621844553,0.5711909468577988,0.6014617942588166,0.6695434515429547
2023-08-06 14:00:00,0.48942852146302385,0.600767703708816,0.6393730977130848,0.6268225117343144,0.6443950476016971,0.6462533910179821
2023-08-06 15:00:00,0.5091788433829959,0.5894010298435584,0.6723517677501661,0.6367405629280138,0.660986197746202,0.6569491009764253
2023-08-06 16:00:00,0.3084991886138828,0.410081058615593,0.5291450222639437,0.576886309028986,0.5255054727886194,0.5991022524139404
2023-08-06 17:00:00,0.25320346374780855,0.40990636628915916,0.5283408953322863,0.4814366933819359,0.5342573306379952,0.49510907327317777
2023-08-06 18:00:00,0.18265809895742205,0.2819297295483479,0.46239737751612786,0.3431742426757331,0.47960001113694717,0.3817674590913971
2023-08-06 19:00:00,0.1309999765185602,0.17018716542549558,0.2869853442475278,0.21812325132673605,0.31215541161092714,0.2927131254314781
2023-08-06 20:00:00,0.05393472391615429,0.09737869927511023,0.1615704244761111,0.12371602549402051,0.17455580164274948,0.16400419995732404
2023-08-06 21:00:00,0.0,0.0,0.0,0.0,0.0,0.03718124311993787
2023-08-06 22:00:00,0.0,0.0,0.0,0.0,0.0,0.0
2023-08-06 23:00:00,0.0,0.0,0.0,0.0,0.0,0.0
2023-08-07 00:00:00,0.0,0.0,0.0,0.0,0.0,0.0
2023-08-07 01:00:00,0.0,0.0,0.0,0.0,0.0,0.0
2023-08-07 02:00:00,0.0,0.0,0.0,0.0,0.0,0.0
2023-08-07 03:00:00,0.0,0.0,0.0,0.0,0.0,0.0
2023-08-07 04:00:00,0.0,0.0,0.0,0.0,0.0,0.0
2023-08-07 05:00:00,0.0,0.0,0.0,0.0,0.0,0.0
2023-08-07 06:00:00,0.0,0.0,0.0,0.0,0.0,0.0
2023-08-07 07:00:00,0.02752475671861762,0.07812074487923969,0.14405852602373564,0.10280269370995755,0.15756014641441501,0.23087139341684096
2023-08-07 08:00:00,0.07738494781019989,0.17894494809473585,0.31552709120279854,0.2543752992740163,0.3281144323472181,0.37411202781937986
2023-08-07 09:00:00,0.17466903188837132,0.26932306241145176,0.4211783226032326,0.38162540713007637,0.44498580546225863,0.5097893140000097
2023-08-07 10:00:00,0.32716396930014596,0.3946182241991447,0.5135310524867567,0.5503937927932766,0.5337410291977185,0.6275275136823827
2023-08-07 11:00:00,0.437194159204214,0.49185025974636387,0.6169578895400419,0.6223580940594245,0.6319023415297685,0.6704750636780717
2023-08-07 12:00:00,0.4971499037428069,0.6114358948194614,0.6708090666548152,0.6832629780921791,0.6763687909256748,0.7171539771072122
2023-08-07 13:00:00,0.4979960899718815,0.5946699800692944,0.6325249592111906,0.659822195667632,0.6313064445454047,0.6861793423944262
2023-08-07 14:00:00,0.5643832811111128,0.5971026456267117,0.6470146580184115,0.6264909534468638,0.6584307098487371,0.680071530627679
2023-08-07 15:00:00,0.4784954910625515,0.48887758058146985,0.5811078173362655,0.4499025446472108,0.6160064765053761,0.5678621415652844
2023-08-07 16:00:00,0.4208676686610681,0.46811243109730954,0.5545630846245279,0.4355358439525213,0.5664502342273706,0.5439556341177294
2023-08-07 17:00:00,0.42482255685198994,0.3705831756170306,0.39542934212095904,0.3892976216818949,0.3747296027749851,0.5112644633982605
2023-08-07 18:00:00,0.3803760378760042,0.31727634520831693,0.302152367669693,0.30059208592878084,0.28686771828220703,0.42633996544834596
2023-08-07 19:00:00,0.4187068109988607,0.42324326833404713,0.4043085749609744,0.45333074723827316,0.3767387135751073,0.3930504940765831
2023-08-07 20:00:00,0.24147586782817612,0.30527693098537656,0.3283481381727045,0.28348205901183304,0.34576440178095424,0.243124422921243
2023-08-07 21:00:00,0.0,0.0,0.0,0.0,0.0,0.0021436365333822845
2023-08-07 22:00:00,0.0,0.0,0.0,0.0,0.0,0.0
2023-08-07 23:00:00,0.0,0.0,0.0,0.0,0.0,0.0
2023-08-08 00:00:00,0.0,0.0,0.0,0.0,0.0,0.0
2023-08-08 01:00:00,0.0,0.0,0.0,0.0,0.0,0.0
2023-08-08 02:00:00,0.0,0.0,0.0,0.0,0.0,0.0
2023-08-08 03:00:00,0.0,0.0,0.0,0.0,0.0,0.0
2023-08-08 04:00:00,0.0,0.0,0.0,0.0,0.0,0.0
2023-08-08 05:00:00,0.0,0.0,0.0,0.0,0.0,0.0
2023-08-08 06:00:00,0.0,0.0,0.0,0.0,0.0,0.0
2023-08-08 07:00:00,0.07982781409637325,0.15033965972870553,0.06951190874326704,0.04686958277923167,0.07695197727220641,0.006480275083774456
2023-08-08 08:00:00,0.10416327552180989,0.1010077512839061,0.06107953195229286,0.053299358233295256,0.06279098728497678,0.03439589809781802
2023-08-08 09:00:00,0.2074753598207156,0.13162683271138553,0.11966869251701459,0.13278088485749376,0.12135277513560555,0.10915024829619231
2023-08-08 10:00:00,0.2282213372107212,0.21095694999195694,0.18526675380442262,0.21648105027197156,0.18025750201988433,0.1373192909298219
2023-08-08 11:00:00,0.3550377855771199,0.3934570547951984,0.37602989216751437,0.3386147992425153,0.3709217363165604,0.19751421245449566
2023-08-08 12:00:00,0.3253752431138494,0.308324088211803,0.33345489301636255,0.32416319510606767,0.3359904679125909,0.27769728786750475
2023-08-08 13:00:00,0.34122738090505605,0.326790250858357,0.34826304025935245,0.3720985737310659,0.36411618386085615,0.3826436576639919
2023-08-08 14:00:00,0.4572490160801013,0.3549661076615689,0.3282783517956072,0.4461312051170437,0.30710594013162656,0.4749682237267372
2023-08-08 15:00:00,0.35685974862348974,0.2595788546182814,0.2781140260183039,0.3843623180879637,0.26401998166579904,0.3603949570221847
2023-08-08 16:00:00,0.29227402099396277,0.29673917514113224,0.3191352567478888,0.41080883427405274,0.30439031875720624,0.25246553831892726
2023-08-08 17:00:00,0.320311299379602,0.28403047071944043,0.31710708439910623,0.3383390182612289,0.29638625108012323,0.2494138617763504
2023-08-08 18:00:00,0.2923806005204097,0.2570093185891984,0.20975985893117788,0.2651838063165578,0.1969073200649648,0.17810685608735857
2023-08-08 19:00:00,0.31037241471591626,0.167293044030991,0.09055748170688857,0.14561688180542767,0.07490259987312287,0.09157613672259735
2023-08-08 20:00:00,0.2020558807737666,0.15378335517164804,0.15218683213804873,0.17844370255862643,0.13212952806040812,0.06770557334714002
2023-08-08 21:00:00,0.0,0.0,0.0,0.0,0.0,0.0
2023-08-08 22:00:00,0.0,0.0,0.0,0.0,0.0,0.0
2023-08-08 23:00:00,0.0,0.0,0.0,0.0,0.0,0.0
2023-08-09 00:00:00,0.0,0.0,0.0,0.0,0.0,0.0
2023-08-09 01:00:00,0.0,0.0,0.0,0.0,0.0,0.0
2023-08-09 02:00:00,0.0,0.0,0.0,0.0,0.0,0.0
2023-08-09 03:00:00,0.0,0.0,0.0,0.0,0.0,0.0
2023-08-09 04:00:00,0.0,0.0,0.0,0.0,0.0,0.0
2023-08-09 05:00:00,0.0,0.0,0.0,0.0,0.0,0.0
2023-08-09 06:00:00,0.0,0.0,0.0,0.0,0.0,0.0
2023-08-09 07:00:00,0.2191699751163991,0.3224301973908621,0.3121139233671375,0.16843711424160934,0.32160836604368975,0.06700217012466993
2023-08-09 08:00:00,0.25599676571753766,0.39387505766683756,0.39503189059903654,0.21751587010403245,0.41717885496659873,0.13148611048328254
2023-08-09 09:00:00,0.3320365453998806,0.3334043649765645,0.33362373710341936,0.29550953895858284,0.33809172643197566,0.14054946360630918
2023-08-09 10:00:00,0.506740362298998,0.5220604659932672,0.49767788004551106,0.5835538496504181,0.45479415699644854,0.32142369830522277
2023-08-09 11:00:00,0.4775205662159307,0.5738936146275909,0.6136839237745293,0.5860146788952975,0.6133154320058873,0.33449155097526684
2023-08-09 12:00:00,0.43717659363856404,0.40531155485942744,0.47783018303030766,0.48152085089201274,0.4671281631667955,0.397342032912564
2023-08-09 13:00:00,0.48229746077788427,0.4342297036455702,0.40427477169629544,0.5245825319001164,0.37262691908091683,0.4208814583844401
2023-08-09 14:00:00,0.4624806727367202,0.501024654350746,0.5454794424845918,0.58415522358637,0.5211663482700936,0.49936810707789586
2023-08-09 15:00:00,0.4666608155051599,0.48299339015751575,0.5469300420493556,0.5458908542222618,0.5317534391265845,0.5240004098905904
2023-08-09 16:00:00,0.4828101224062915,0.31552336420181565,0.3726000960149277,0.45736154721513517,0.3459390824783415,0.5221087455279778
2023-08-09 17:00:00,0.45279493124931447,0.34871528025851634,0.42537912168787945,0.4872978644156401,0.4083282583121996,0.49427196930510137
2023-08-09 18:00:00,0.5906845792727892,0.4990829697927525,0.4972337545499114,0.5434237611329686,0.44079869769510555,0.5081095015408447
2023-08-09 19:00:00,0.3799605861923824,0.41688006541257744,0.4076411469239333,0.39221838343621906,0.3896771004793095,0.34104236958117184
2023-08-09 20:00:00,0.3622045355347799,0.33692222148447426,0.311510953038554,0.33799009900632354,0.2991103297500955,0.3342949041465707
2023-08-09 21:00:00,0.0,0.0,0.0,0.0,0.0,0.00979187810336971
2023-08-09 22:00:00,0.0,0.0,0.0,0.0,0.0,0.0
2023-08-09 23:00:00,0.0,0.0,0.0,0.0,0.0,0.0
2023-08-10 00:00:00,0.0,0.0,0.0,0.0,0.0,0.0
2023-08-10 01:00:00,0.0,0.0,0.0,0.0,0.0,0.0
2023-08-10 02:00:00,0.0,0.0,0.0,0.0,0.0,0.0
2023-08-10 03:00:00,0.0,0.0,0.0,0.0,0.0,0.0
2023-08-10 04:00:00,0.0,0.0,0.0,0.0,0.0,0.0
2023-08-10 05:00:00,0.0,0.0,0.0,0.0,0.0,0.0
2023-08-10 06:00:00,0.0,0.0,0.0,0.0,0.0,0.0
2023-08-10 07:00:00,0.24921165497555844,0.3277901422159328,0.2603053628535659,0.18335464226608106,0.2671649059837105,0.07341555532060326
2023-08-10 08:00:00,0.3927280166600745,0.44369526143693694,0.35128943974165233,0.3671741979068416,0.34159076153383666,0.15032370692556374
2023-08-10 09:00:00,0.5770720342165413,0.5698617142240374,0.436449224439778,0.41273986061933005,0.4349959996796816,0.28889218922492943
2023-08-10 10:00:00,0.5035010789795701,0.5328861947215048,0.5051981136050623,0.2987192148843799,0.5532146735702065,0.30131800066138936
2023-08-10 11:00:00,0.43261053181468534,0.3515485294786311,0.31811274496714426,0.22625677188658697,0.3695301375895659,0.3351284986872314
2023-08-10 12:00:00,0.48729301982753237,0.481731441876912,0.5529933228916741,0.5262404191312515,0.5583482270291621,0.5187531928010629
2023-08-10 13:00:00,0.502019782466955,0.5267431914239219,0.5276953503093532,0.5074935924170868,0.540752903860399,0.4736258885134054
2023-08-10 14:00:00,0.5261511696519893,0.5131123831584371,0.4844749864670277,0.40583733067588507,0.4906015189576548,0.41490454973416535
2023-08-10 15:00:00,0.6127095030270802,0.45883689352042645,0.3332308170995536,0.3846289720791232,0.2906796359242845,0.4322038646339168
2023-08-10 16:00:00,0.5541437698576734,0.41782088262317607,0.3148623333025728,0.3406394129626012,0.3077280642122097,0.3555171494388057
2023-08-10 17:00:00,0.6285667382249353,0.5190426243058619,0.3782074913051914,0.5477428673098803,0.3091392598021746,0.38947868806921343
2023-08-10 18:00:00,0.5963834647880182,0.46686711609729203,0.3949240965829146,0.4725434188148693,0.3449771719331772,0.3801498061027292
2023-08-10 19:00:00,0.5478966435153163,0.47862489763419086,0.34920164583701724,0.39575432840145564,0.3330160777491954,0.3532624099358807
2023-08-10 20:00:00,0.4125738633656906,0.33188114504985505,0.22589199146001593,0.3531851860860818,0.20160445630579765,0.31773700029312324
2023-08-10 21:00:00,0.0,0.0,0.0,0.0,0.0,0.0
2023-08-10 22:00:00,0.0,0.0,0.0,0.0,0.0,0.0
2023-08-10 23:00:00,0.0,0.0,0.0,0.0,0.0,0.0
2023-08-11 00:00:00,0.0,0.0,0.0,0.0,0.0,0.0
2023-08-11 01:00:00,0.0,0.0,0.0,0.0,0.0,0.0
2023-08-11 02:00:00,0.0,0.0,0.0,0.0,0.0,0.0
2023-08-11 03:00:00,0.0,0.0,0.0,0.0,0.0,0.0
2023-08-11 04:00:00,0.0,0.0,0.0,0.0,0.0,0.0
2023-08-11 05:00:00,0.0,0.0,0.0,0.0,0.0,0.0
2023-08-11 06:00:00,0.0,0.0,0.0,0.0,0.0,0.0
2023-08-11 07:00:00,0.3686626785703727,0.39884395948385076,0.3618777500708438,0.3959816181991947,0.36148848929205735,0.290345397265353
2023-08-11 08:00:00,0.5374804947927454,0.6139510264313615,0.5982134783704325,0.5912777078332032,0.5972407008964246,0.41491966145313236
2023-08-11 09:00:00,0.6534867648439233,0.7095313451239117,0.6979570496499046,0.7003525913324565,0.6934491502603156,0.5523247961986806
2023-08-11 10:00:00,0.7460293628869344,0.7390953257263556,0.7191102202467361,0.7419518344804942,0.7186859367032313,0.6381849070678565
2023-08-11 11:00:00,0.7725507229844172,0.7725973923798783,0.7630559169437416,0.7736270865106067,0.764423346805356,0.6847840974788081
2023-08-11 12:00:00,0.7850100194593619,0.7852873716193214,0.7749049801923056,0.7818923835949418,0.7754035439038729,0.6978553065356629
2023-08-11 13:00:00,0.7844944500405129,0.7968751689009359,0.778784917913804,0.7859963110048168,0.7517740017745964,0.6457358765897724
2023-08-11 14:00:00,0.7929899950131737,0.802805846562349,0.7935654327306197,0.7960655987936547,0.7666096397566073,0.5820955247413429
2023-08-11 15:00:00,0.7755989305054376,0.7576257449927957,0.7667928587154175,0.7800599730507288,0.7497834383431322,0.519568221132486
2023-08-11 16:00:00,0.7622660024942697,0.7698501553204136,0.7548048107857968,0.7424894854742977,0.7463701382767961,0.47527982680197495
2023-08-11 17:00:00,0.725042645225493,0.693872243713371,0.6313655798272719,0.6674676560971841,0.608735790255569,0.3967426085956751
2023-08-11 18:00:00,0.6759629176404837,0.6333783015112567,0.572489138903565,0.5821179665083644,0.5734855948723642,0.3410731781617123
2023-08-11 19:00:00,0.5902668288814423,0.5225633265062442,0.43112483132803203,0.5191240666686102,0.4027992764886137,0.20926093153408026
2023-08-11 20:00:00,0.3970703572061417,0.33079915847585434,0.24561321404122566,0.23630743403388108,0.2565075416785505,0.11295835975636342
2023-08-11 21:00:00,0.0,0.0,0.0,0.0,0.0,0.0
2023-08-11 22:00:00,0.0,0.0,0.0,0.0,0.0,0.0
2023-08-11 23:00:00,0.0,0.0,0.0,0.0,0.0,0.0
2023-08-12 00:00:00,0.0,0.0,0.0,0.0,0.0,0.0
2023-08-12 01:00:00,0.0,0.0,0.0,0.0,0.0,0.0
2023-08-12 02:00:00,0.0,0.0,0.0,0.0,0.0,0.0
2023-08-12 03:00:00,0.0,0.0,0.0,0.0,0.0,0.0
2023-08-12 04:00:00,0.0,0.0,0.0,0.0,0.0,0.0
2023-08-12 05:00:00,0.0,0.0,0.0,0.0,0.0,0.0
2023-08-12 06:00:00,0.0,0.0,0.0,0.0,0.0,0.0
2023-08-12 07:00:00,0.12150266803314341,0.10550810742160852,0.06446123056544788,0.04714139646865812,0.07709723819957592,0.07065690627235721
2023-08-12 08:00:00,0.33148271437780685,0.3425122996438643,0.30429694352335435,0.2966819513564904,0.3031532203993761,0.23055044938019115
2023-08-12 09:00:00,0.5483480879730377,0.5213443234255457,0.4517635242546192,0.460264431339515,0.4455699763838698,0.45076590731041544
2023-08-12 10:00:00,0.6417187393323753,0.6623170453665731,0.6235989666217588,0.6426917833288027,0.6100081270659446,0.604417224645072
2023-08-12 11:00:00,0.7312410786620955,0.7431526548970692,0.7295789685400585,0.684982604416405,0.7339995638572415,0.5951571312095507
2023-08-12 12:00:00,0.47976255525584555,0.501143642713428,0.5332023740370232,0.5503678732246113,0.5593013670112832,0.5458062296574682
2023-08-12 13:00:00,0.5431349464328085,0.7048359617200567,0.7021690352691222,0.67023167401974,0.7212995309518726,0.5384712476313316
2023-08-12 14:00:00,0.5586291536808375,0.6797052317314215,0.6626468111141366,0.665407086218083,0.6716943363128371,0.5443724277197096
2023-08-12 15:00:00,0.5689510823985295,0.6758116519357258,0.6693807332403368,0.5963458085450625,0.6957893166445198,0.5273776401380406
2023-08-12 16:00:00,0.4440855875304471,0.4773685783299012,0.48729939554822715,0.4156791199861162,0.5355225255657529,0.40113810621819357
2023-08-12 17:00:00,0.42730607596983883,0.523088039474151,0.5644383213513544,0.33491273225093604,0.6476838770928474,0.3307166190902891
2023-08-12 18:00:00,0.39560409890243964,0.5842330707896771,0.585336272298517,0.4310183133156242,0.6447078223114331,0.288051640879548
2023-08-12 19:00:00,0.42865073228718514,0.5406467767894367,0.5535671268786434,0.5388471319038749,0.5686407720514149,0.3534635257005678
2023-08-12 20:00:00,0.39847424128266884,0.39161664246462663,0.38674965851783627,0.3959041717736732,0.3861701683911243,0.40473674424869527
2023-08-12 21:00:00,0.0,0.0,0.0,0.0,0.0,0.0
2023-08-12 22:00:00,0.0,0.0,0.0,0.0,0.0,0.0
2023-08-12 23:00:00,0.0,0.0,0.0,0.0,0.0,0.0
2023-08-13 00:00:00,0.0,0.0,0.0,0.0,0.0,0.0
2023-08-13 01:00:00,0.0,0.0,0.0,0.0,0.0,0.0
2023-08-13 02:00:00,0.0,0.0,0.0,0.0,0.0,0.0
2023-08-13 03:00:00,0.0,0.0,0.0,0.0,0.0,0.0
2023-08-13 04:00:00,0.0,0.0,0.0,0.0,0.0,0.0
2023-08-13 05:00:00,0.0,0.0,0.0,0.0,0.0,0.0
2023-08-13 06:00:00,0.0,0.0,0.0,0.0,0.0,0.0
2023-08-13 07:00:00,0.3807441325388894,0.3878228792367229,0.3855942356918963,0.3804265320026123,0.3910328333825719,0.3665966239769942
2023-08-13 08:00:00,0.5694073414031213,0.573288105029078,0.5682133179241534,0.5673958007129724,0.5731773659102802,0.5567772578618126
2023-08-13 09:00:00,0.6692403991028157,0.6717170449371419,0.6642443740259294,0.6663635245191213,0.6690153832975654,0.6596317876958093
2023-08-13 10:00:00,0.7204384226764523,0.7183572902146501,0.711578771087097,0.7177912449666872,0.7152261338635201,0.7118239770688596
2023-08-13 11:00:00,0.7473119725880613,0.7440499669470197,0.7378542151752997,0.746632248102464,0.740725831042665,0.7383251032911744
2023-08-13 12:00:00,0.7616875103712751,0.7588634974311411,0.7515435268479186,0.7621717283732933,0.7538478099857274,0.7540165497966727
2023-08-13 13:00:00,0.7626593481641915,0.7602505075341771,0.7529734120941132,0.7645665475666291,0.7548343850809736,0.7553784410085806
2023-08-13 14:00:00,0.761392950081593,0.7580745560019668,0.7509255088708428,0.762701670124384,0.7530486705114632,0.753240405068821
2023-08-13 15:00:00,0.7470037959439217,0.7433061786231575,0.7370464099443461,0.7473651093668376,0.7394100149410011,0.7408361431956116
2023-08-13 16:00:00,0.7286524281994786,0.7238499362349933,0.7177461612752967,0.7264717278556383,0.7207146274770906,0.7214556477155903
2023-08-13 17:00:00,0.6980156577746444,0.6924409863004314,0.687084952348958,0.6931368683976558,0.6908773069104641,0.6897008706168664
2023-08-13 18:00:00,0.6488129399294812,0.6428988265695946,0.6378180596955,0.6436569304196785,0.6410551375993006,0.6409258708837371
2023-08-13 19:00:00,0.5608441338710325,0.5544037250939132,0.5498669526065496,0.558777743299083,0.5509939577916807,0.550888299184369
2023-08-13 20:00:00,0.39050047545296895,0.3839067974210647,0.38199800899870506,0.3871838389845301,0.381477705228101,0.39654731136484783
2023-08-13 21:00:00,0.0,0.0,0.0,0.0,0.0,0.0
2023-08-13 22:00:00,0.0,0.0,0.0,0.0,0.0,0.0
2023-08-13 23:00:00,0.0,0.0,0.0,0.0,0.0,0.0
2023-08-14 00:00:00,0.0,0.0,0.0,0.0,0.0,0.0
2023-08-14 01:00:00,0.0,0.0,0.0,0.0,0.0,0.0
2023-08-14 02:00:00,0.0,0.0,0.0,0.0,0.0,0.0
2023-08-14 03:00:00,0.0,0.0,0.0,0.0,0.0,0.0
2023-08-14 04:00:00,0.0,0.0,0.0,0.0,0.0,0.0
2023-08-14 05:00:00,0.0,0.0,0.0,0.0,0.0,0.0
2023-08-14 06:00:00,0.0,0.0,0.0,0.0,0.0,0.0
2023-08-14 07:00:00,0.38333368192649314,0.39420715261441,0.38991006824181235,0.3813616414123378,0.3952583949169261,0.36788602108923263
2023-08-14 08:00:00,0.569964737020044,0.5740038212783436,0.5668929107193311,0.5656634493856731,0.5725970723710293,0.5492243213027094
2023-08-14 09:00:00,0.6661725795260234,0.6643845592932449,0.6565664835365982,0.6572245410892336,0.6621956509820828,0.6552545332866732
2023-08-14 10:00:00,0.7133672923630556,0.708674387666864,0.7005817454722475,0.7031721716742888,0.7064903207600225,0.7069237373639665
2023-08-14 11:00:00,0.7383088427540079,0.7333980423093412,0.7245143161662103,0.7306119499629392,0.7293887502378226,0.7334865476677437
2023-08-14 12:00:00,0.7492680232680443,0.743524713888735,0.7346453965633447,0.739279821386382,0.7408659439226938,0.7447349242083686
2023-08-14 13:00:00,0.7518845165296206,0.7458363419607384,0.7370920195653632,0.7430340670109257,0.7428072330673854,0.7485210262214622
2023-08-14 14:00:00,0.7486122573700197,0.7430396259814622,0.7346861945693041,0.7407177521836901,0.7403011277744617,0.7460961250197645
2023-08-14 15:00:00,0.7366439409102752,0.7330752763253877,0.7253357386409397,0.7333089272744822,0.7295081616809923,0.7353436409402637
2023-08-14 16:00:00,0.7196536822556502,0.7172882208874811,0.7094614864902563,0.72042335849998,0.7120863186944235,0.7147400726130682
2023-08-14 17:00:00,0.6908848446180429,0.6880952153520963,0.680234389289421,0.6927310408009939,0.6818848188238277,0.678916564902374
2023-08-14 18:00:00,0.6437942159507393,0.6389991974968594,0.6313275443719714,0.6442234859912948,0.6326902993080851,0.6149161141722318
2023-08-14 19:00:00,0.5566220896384946,0.5488276071966471,0.5416070276604695,0.5545528965249622,0.5425002520752702,0.5169811292830787
2023-08-14 20:00:00,0.38671059298210236,0.3787685085146464,0.3742712350234182,0.3832098424688777,0.37457829998755204,0.390622660877218
2023-08-14 21:00:00,0.0,0.0,0.0,0.0,0.0,0.0
2023-08-14 22:00:00,0.0,0.0,0.0,0.0,0.0,0.0
2023-08-14 23:00:00,0.0,0.0,0.0,0.0,0.0,0.0
2023-08-15 00:00:00,0.0,0.0,0.0,0.0,0.0,0.0
2023-08-15 01:00:00,0.0,0.0,0.0,0.0,0.0,0.0
2023-08-15 02:00:00,0.0,0.0,0.0,0.0,0.0,0.0
2023-08-15 03:00:00,0.0,0.0,0.0,0.0,0.0,0.0
2023-08-15 04:00:00,0.0,0.0,0.0,0.0,0.0,0.0
2023-08-15 05:00:00,0.0,0.0,0.0,0.0,0.0,0.0
2023-08-15 06:00:00,0.0,0.0,0.0,0.0,0.0,0.0
2023-08-15 07:00:00,0.3823289666050791,0.3881841856780984,0.38466099201304854,0.378789752409273,0.389495838274337,0.366761620570819
2023-08-15 08:00:00,0.5690744393989611,0.5716995561974677,0.5641461582950918,0.5644761777147294,0.5693354942653752,0.5494642397197025
2023-08-15 09:00:00,0.6678828399737006,0.664566622210163,0.6569528538322256,0.6609627009341162,0.6611909767929238,0.6510949706986701
2023-08-15 10:00:00,0.7144072291063256,0.7079574128163616,0.7001863026683292,0.7055577582190553,0.7047355945142871,0.7032552274629874
2023-08-15 11:00:00,0.7374312625700399,0.7301424009822918,0.7222016939307156,0.7280016560938206,0.7272360018501091,0.728272327813889
2023-08-15 12:00:00,0.7489691132707205,0.7410539698335042,0.732611338740522,0.7385769399562394,0.7378893412379022,0.73962060273238
2023-08-15 13:00:00,0.7506600587530238,0.7450385992428472,0.7364885443313213,0.7469703543361935,0.7395541350206106,0.7408645961640203
2023-08-15 14:00:00,0.7481981085080907,0.7440950023761006,0.735736401669744,0.7475158161259989,0.7382261480840587,0.7380269587267937
2023-08-15 15:00:00,0.737880878386005,0.7332904817354304,0.7248287056802322,0.7382107644324711,0.7260964389852592,0.724022637484249
2023-08-15 16:00:00,0.7220885417889537,0.7151684487922874,0.7065170747528564,0.7211763614495031,0.7075317041452687,0.695298175066072
2023-08-15 17:00:00,0.6954279673559846,0.6842876777603653,0.6750831176502599,0.6884669363421927,0.6771932777037774,0.6336166515640955
2023-08-15 18:00:00,0.6486431663778184,0.6342504986409574,0.6236054551624896,0.6388893551080327,0.6248461690750722,0.5858793587455728
2023-08-15 19:00:00,0.5571439789451225,0.5177518950320938,0.4804308225527497,0.5287270709655306,0.47663077064334386,0.4623997159085676
2023-08-15 20:00:00,0.3825991481551266,0.350660785373505,0.3234223403540536,0.34739502909554504,0.3174217028237131,0.328975409229092
2023-08-15 21:00:00,0.0,0.0,0.0,0.0,0.0,0.0
2023-08-15 22:00:00,0.0,0.0,0.0,0.0,0.0,0.0
2023-08-15 23:00:00,0.0,0.0,0.0,0.0,0.0,0.0
2023-08-16 00:00:00,0.0,0.0,0.0,0.0,0.0,0.0
2023-08-16 01:00:00,0.0,0.0,0.0,0.0,0.0,0.0
2023-08-16 02:00:00,0.0,0.0,0.0,0.0,0.0,0.0
2023-08-16 03:00:00,0.0,0.0,0.0,0.0,0.0,0.0
2023-08-16 04:00:00,0.0,0.0,0.0,0.0,0.0,0.0
2023-08-16 05:00:00,0.0,0.0,0.0,0.0,0.0,0.0
2023-08-16 06:00:00,0.0,0.0,0.0,0.0,0.0,0.0
2023-08-16 07:00:00,0.3679595002242453,0.36808162362792385,0.3656441918906071,0.36364205020363227,0.37071548830848244,0.3604942537839324
2023-08-16 08:00:00,0.5558850167332215,0.5567260226678795,0.5515298641039463,0.552695772669386,0.556150025164916,0.5475465856941402
2023-08-16 09:00:00,0.658685160434081,0.656829064579693,0.650042810175023,0.6564376157253288,0.6537873807437268,0.6541927742222429
2023-08-16 10:00:00,0.7119034761194998,0.7088425091877087,0.701326956495176,0.7109536865336757,0.7042135840706567,0.7079413265177011
2023-08-16 11:00:00,0.738403202779414,0.7355289320795934,0.7279301861028745,0.7388064629810117,0.7303723805610608,0.7352873600865822
2023-08-16 12:00:00,0.7553586011108055,0.7530919571238743,0.7447074701903214,0.75569299840796,0.7469059001618197,0.7495813517486389
2023-08-16 13:00:00,0.7550836374484122,0.7531883323421912,0.7446907774943866,0.7571085818454971,0.7464530084459664,0.750687294770959
2023-08-16 14:00:00,0.752185264434395,0.7508745186804523,0.7424690760091667,0.7563009192806154,0.7438218401908531,0.7488884455407376
2023-08-16 15:00:00,0.7388174784970917,0.7385096034838865,0.7304560744047752,0.7441252340224918,0.7316256535602145,0.7308086276870216
2023-08-16 16:00:00,0.7202861162269396,0.7198202082573073,0.7116714089954883,0.7259616704505297,0.7125340501363804,0.7119132872703599
2023-08-16 17:00:00,0.6892338561217873,0.688321508905612,0.6804885225648307,0.694413311967861,0.6812622949728134,0.6820608352654014
2023-08-16 18:00:00,0.6394351675879952,0.6366602799973236,0.6294358078840318,0.6415032723343389,0.6305333711056214,0.6216452915003758
2023-08-16 19:00:00,0.5487714736446201,0.540672387885396,0.533855337793625,0.5418162410999116,0.5363572938556617,0.5492046009370849
2023-08-16 20:00:00,0.3724888407739529,0.36536269239772473,0.3606644546106566,0.36670096986845885,0.361366522999394,0.3880242765440061
2023-08-16 21:00:00,0.0,0.0,0.0,0.0,0.0,0.0
2023-08-16 22:00:00,0.0,0.0,0.0,0.0,0.0,0.0
2023-08-16 23:00:00,0.0,0.0,0.0,0.0,0.0,0.0
2023-08-17 00:00:00,0.0,0.0,0.0,0.0,0.0,0.0
2023-08-17 01:00:00,0.0,0.0,0.0,0.0,0.0,0.0
2023-08-17 02:00:00,0.0,0.0,0.0,0.0,0.0,0.0
2023-08-17 03:00:00,0.0,0.0,0.0,0.0,0.0,0.0
2023-08-17 04:00:00,0.0,0.0,0.0,0.0,0.0,0.0
2023-08-17 05:00:00,0.0,0.0,0.0,0.0,0.0,0.0
2023-08-17 06:00:00,0.0,0.0,0.0,0.0,0.0,0.0
2023-08-17 07:00:00,0.3757655849942662,0.37769136563494154,0.3743744520583233,0.3704932162582219,0.37812297153230057,0.3595738721366367
2023-08-17 08:00:00,0.5530518858907607,0.5649845152828039,0.5586723637276252,0.5630603397132752,0.5603961585083831,0.5452748080753822
2023-08-17 09:00:00,0.6409669537100136,0.6640731988725377,0.6569445910897235,0.6662892406928853,0.6565418993895329,0.6414406110635007
2023-08-17 10:00:00,0.6871051084197932,0.6899257078994261,0.6951816732171511,0.6977415620780527,0.697546251620138,0.6792442439242931
2023-08-17 11:00:00,0.717184046885554,0.7043155077655827,0.7119467528571208,0.7157011386860082,0.7103534810740452,0.6870441737886146
2023-08-17 12:00:00,0.7313712674236834,0.7307048149099322,0.7282345026414316,0.7490709928413007,0.7190707377930908,0.7248423277721001
2023-08-17 13:00:00,0.7318597166759517,0.7267068377505275,0.7339545874170339,0.7465509396883522,0.7278967150732236,0.7345808176337748
2023-08-17 14:00:00,0.7491669051181435,0.7433640917600434,0.7389004182329455,0.7556885672476841,0.7326119100099692,0.7354304901361918
2023-08-17 15:00:00,0.7434457539279601,0.7335409728220489,0.7260300502208585,0.7422122412547941,0.7233278802977834,0.6772075432402749
2023-08-17 16:00:00,0.7320269230895925,0.7221830574949956,0.7128740479503652,0.7269650058852081,0.7120278742730506,0.638048648739619
2023-08-17 17:00:00,0.6898045060969256,0.6890508025072374,0.6852566440856869,0.7020705691321182,0.683956650225833,0.5670941654060178
2023-08-17 18:00:00,0.6237065231620007,0.6439749065834492,0.6448239518377149,0.6585677099738788,0.6285717329260252,0.5393656820541856
2023-08-17 19:00:00,0.4989534002407929,0.5150608686611734,0.5339747326872661,0.5548477250132648,0.5204135013041262,0.5166666312637177
2023-08-17 20:00:00,0.3176249815281727,0.3365956477433902,0.354527030707587,0.37115736782654307,0.3425428891021791,0.3597718058793553
2023-08-17 21:00:00,0.0,0.0,0.0,0.0,0.0,0.0
2023-08-17 22:00:00,0.0,0.0,0.0,0.0,0.0,0.0
2023-08-17 23:00:00,0.0,0.0,0.0,0.0,0.0,0.0
2023-08-18 00:00:00,0.0,0.0,0.0,0.0,0.0,0.0
2023-08-18 01:00:00,0.0,0.0,0.0,0.0,0.0,0.0
2023-08-18 02:00:00,0.0,0.0,0.0,0.0,0.0,0.0
2023-08-18 03:00:00,0.0,0.0,0.0,0.0,0.0,0.0
2023-08-18 04:00:00,0.0,0.0,0.0,0.0,0.0,0.0
2023-08-18 05:00:00,0.0,0.0,0.0,0.0,0.0,0.0
2023-08-18 06:00:00,0.0,0.0,0.0,0.0,0.0,0.0
2023-08-18 07:00:00,0.36400320281389553,0.3819154411631966,0.37567447066507387,0.3752207771234231,0.3768892578300289,0.20431221225457916
2023-08-18 08:00:00,0.5336042738909119,0.5569943500404684,0.5372956798091143,0.4826278887531478,0.5548645104595304,0.29025691130635783
2023-08-18 09:00:00,0.6543269451345942,0.6295582420156238,0.6071366338216874,0.5944934162312531,0.6197701985237586,0.404073495245718
2023-08-18 10:00:00,0.7284108599058822,0.7460553280986172,0.7304608609806404,0.7219270945153918,0.7333151438052293,0.5211727438699865
2023-08-18 11:00:00,0.7560030158957185,0.7383613677755725,0.6912462277698411,0.6298712196858386,0.7129364350213911,0.5806981083419772
2023-08-18 12:00:00,0.7796806904297398,0.7273153092993775,0.6587404263120251,0.5386460523164445,0.7040701108657825,0.6223337487485447
2023-08-18 13:00:00,0.8060855385569008,0.7174190067444922,0.6047009097325653,0.6630649082165747,0.6116122453351508,0.6676394146924438
2023-08-18 14:00:00,0.7952352220870188,0.7468992485037766,0.6539482806849062,0.727093238226048,0.6397930765277652,0.6639525484716391
2023-08-18 15:00:00,0.7893065081838009,0.7771936318851114,0.73482670537913,0.7392845100457405,0.7222507112825368,0.7316200648446354
2023-08-18 16:00:00,0.7466062023902946,0.7368114968877858,0.7004887159048775,0.7287152570782056,0.6996123415509268,0.6971860425014005
2023-08-18 17:00:00,0.6695519423548915,0.6476335722475998,0.6890706116980714,0.7071329955220635,0.6799054080486187,0.6358894039119032
2023-08-18 18:00:00,0.614817898132805,0.6575055181423227,0.6446508681371745,0.6624156193371876,0.6564212102953692,0.5510729083248667
2023-08-18 19:00:00,0.44527563230861217,0.5549926428530417,0.5574989053816266,0.5193924788754297,0.585453919211673,0.45519906461912024
2023-08-18 20:00:00,0.37589811551222835,0.37491368948699516,0.36526665686122534,0.3722678415108879,0.3711228218445539,0.3701611003197518
2023-08-18 21:00:00,0.0,0.0,0.0,0.0,0.0,0.0
2023-08-18 22:00:00,0.0,0.0,0.0,0.0,0.0,0.0
2023-08-18 23:00:00,0.0,0.0,0.0,0.0,0.0,0.0
2023-08-19 00:00:00,0.0,0.0,0.0,0.0,0.0,0.0
2023-08-19 01:00:00,0.0,0.0,0.0,0.0,0.0,0.0
2023-08-19 02:00:00,0.0,0.0,0.0,0.0,0.0,0.0
2023-08-19 03:00:00,0.0,0.0,0.0,0.0,0.0,0.0
2023-08-19 04:00:00,0.0,0.0,0.0,0.0,0.0,0.0
2023-08-19 05:00:00,0.0,0.0,0.0,0.0,0.0,0.0
2023-08-19 06:00:00,0.0,0.0,0.0,0.0,0.0,0.0
2023-08-19 07:00:00,0.4058136122663214,0.4172400776475788,0.4107548213649292,0.4098115721409394,0.4156137898534516,0.3893257341144769
2023-08-19 08:00:00,0.6098277922434264,0.617257184987026,0.6093047245259285,0.6087752894586776,0.6156131879091727,0.5871534055914057
2023-08-19 09:00:00,0.7224085618365832,0.7227618267056019,0.7148130721536627,0.7184123884078282,0.7199268401218593,0.7086591852973596
2023-08-19 10:00:00,0.777986361388177,0.7761510994834911,0.7683700875480012,0.7733607973509065,0.7730800812069392,0.7681991131474927
2023-08-19 11:00:00,0.807776215920701,0.8066335435540727,0.7985387007833238,0.8038066550192629,0.8028773117001283,0.7807335175522727
2023-08-19 12:00:00,0.8111426078323862,0.8198850593297741,0.8110989524930331,0.8066889252097431,0.8198129999525249,0.757696614614447
2023-08-19 13:00:00,0.8121646254993645,0.8241772445433428,0.8142873786363777,0.8144216206129438,0.8196954669850823,0.7599977703107406
2023-08-19 14:00:00,0.8109275276624843,0.8048286970089998,0.8053338635783912,0.8089354444864052,0.8085608439712247,0.7174024432308812
2023-08-19 15:00:00,0.802465137539305,0.7953492662442572,0.7934064943774571,0.7963859062504012,0.7922170396998532,0.7317155816250669
2023-08-19 16:00:00,0.786350205853939,0.7855239222187582,0.7786708509289683,0.7822464887765185,0.7810302859962241,0.7110113855238969
2023-08-19 17:00:00,0.7229596385371505,0.7449640610109646,0.7350907171971093,0.7169969483090461,0.7402171492670538,0.708203758751305
2023-08-19 18:00:00,0.6821343884051553,0.6704492148684517,0.6551272555804323,0.5831438373210881,0.6730283903484373,0.6048093857394711
2023-08-19 19:00:00,0.5807159875306448,0.5556628821799975,0.5359573176534852,0.43322656415015665,0.5667333213496017,0.5239631662694862
2023-08-19 20:00:00,0.40896409221390406,0.40108499186797847,0.3980766444671391,0.40617667650818645,0.40017473273802884,0.41639621725664727
2023-08-19 21:00:00,0.0,0.0,0.0,0.0,0.0,0.0
2023-08-19 22:00:00,0.0,0.0,0.0,0.0,0.0,0.0
2023-08-19 23:00:00,0.0,0.0,0.0,0.0,0.0,0.0
2023-08-20 00:00:00,0.0,0.0,0.0,0.0,0.0,0.0
2023-08-20 01:00:00,0.0,0.0,0.0,0.0,0.0,0.0
2023-08-20 02:00:00,0.0,0.0,0.0,0.0,0.0,0.0
2023-08-20 03:00:00,0.0,0.0,0.0,0.0,0.0,0.0
2023-08-20 04:00:00,0.0,0.0,0.0,0.0,0.0,0.0
2023-08-20 05:00:00,0.0,0.0,0.0,0.0,0.0,0.0
2023-08-20 06:00:00,0.0,0.0,0.0,0.0,0.0,0.0
2023-08-20 07:00:00,0.41061780574655454,0.4217565128959705,0.41879972720878417,0.41021976930135073,0.4217118222885384,0.3980459829410098
2023-08-20 08:00:00,0.6099273652841655,0.6144696897111617,0.6096732804988912,0.607112439220234,0.6141395511595794,0.5950228617337916
2023-08-20 09:00:00,0.719586024655399,0.7177963635090906,0.7118619828445595,0.7135391911002248,0.7155611855291616,0.7092982258824644
2023-08-20 10:00:00,0.771665086995002,0.7680047842859116,0.7613663966945314,0.7658091010991507,0.7647553967156271,0.7652939228747022
2023-08-20 11:00:00,0.7992336288375478,0.7936347232530239,0.7866677780655233,0.7930835694660147,0.7900934611824789,0.7929428866373986
2023-08-20 12:00:00,0.8094647284704534,0.8038042096167443,0.7956842040067109,0.8043848484398246,0.7986598837254082,0.8034708781167701
2023-08-20 13:00:00,0.8138456802501001,0.8075251882512517,0.7993751387468845,0.8091497472524348,0.8019193363561613,0.8035264102480636
2023-08-20 14:00:00,0.8087949472605702,0.8028464740296586,0.795270246901521,0.805350171501106,0.7976402770727816,0.7887051143559333
2023-08-20 15:00:00,0.7889642134720887,0.7922904315308178,0.7871480865263367,0.7962309219233541,0.7878617175742215,0.7400998644232925
2023-08-20 16:00:00,0.7574221692795757,0.7645193151630492,0.7545294631507409,0.739935786006834,0.7600967407124352,0.6488652296838301
2023-08-20 17:00:00,0.7013179472358405,0.7032444819191362,0.6771997215983095,0.5937104914349423,0.6996309493469133,0.5170751001019316
2023-08-20 18:00:00,0.6411646022808586,0.603370009901807,0.5365067537748796,0.4412052313270873,0.570575191712588,0.40843120049325593
2023-08-20 19:00:00,0.5731005385963948,0.5494305335269859,0.5076879148220392,0.4758635106189568,0.5061131604846736,0.3034256879653609
2023-08-20 20:00:00,0.38962628765606927,0.3788213274748018,0.37966173327688785,0.3592112647751469,0.3822709335232415,0.20887176869238477
2023-08-20 21:00:00,0.0,0.0,0.0,0.0,0.0,0.0
2023-08-20 22:00:00,0.0,0.0,0.0,0.0,0.0,0.0
2023-08-20 23:00:00,0.0,0.0,0.0,0.0,0.0,0.0
2023-08-21 00:00:00,0.0,0.0,0.0,0.0,0.0,0.0
2023-08-21 01:00:00,0.0,0.0,0.0,0.0,0.0,0.0
2023-08-21 02:00:00,0.0,0.0,0.0,0.0,0.0,0.0
2023-08-21 03:00:00,0.0,0.0,0.0,0.0,0.0,0.0
2023-08-21 04:00:00,0.0,0.0,0.0,0.0,0.0,0.0
2023-08-21 05:00:00,0.0,0.0,0.0,0.0,0.0,0.0
2023-08-21 06:00:00,0.0,0.0,0.0,0.0,0.0,0.0
2023-08-21 07:00:00,0.3909470775731057,0.39926334078923753,0.39483585906160956,0.3854234661705663,0.40218216288969816,0.3766220132581779
2023-08-21 08:00:00,0.5827095198433059,0.5939936679937518,0.588767977538611,0.5871081275660274,0.5835028654914682,0.5593206420246006
2023-08-21 09:00:00,0.6782801673489846,0.6788173242724548,0.6867438300484727,0.6950263612052078,0.6691240910303057,0.6930000316301563
2023-08-21 10:00:00,0.7052960221669229,0.6955447462725849,0.7212939738774455,0.7396852027395077,0.6923130368719425,0.7476850190579292
2023-08-21 11:00:00,0.7243313513136695,0.6791100869688411,0.7197454145159917,0.7555397925590672,0.6892651725195684,0.7753344081009509
2023-08-21 12:00:00,0.7109396915823357,0.6617522783692906,0.7129380100012167,0.7602919677158142,0.6716562954053502,0.785614811876448
2023-08-21 13:00:00,0.7259754149797427,0.6603572458918375,0.7016019201485134,0.7552575768089346,0.6662026095698454,0.7886452138438389
2023-08-21 14:00:00,0.6916609674583549,0.6661782375843891,0.7214978480331296,0.754936754604278,0.6909010166181613,0.7704096803158614
2023-08-21 15:00:00,0.610017526993423,0.5796713411457947,0.5948476539156952,0.6347220620182266,0.5802102829896305,0.7314948860268786
2023-08-21 16:00:00,0.43582452526860793,0.5772068753438508,0.5889609213657339,0.5498029987182452,0.5981321338928137,0.6393285873435242
2023-08-21 17:00:00,0.45884419008693095,0.3427825199419124,0.2944824782955888,0.34658199946624574,0.28333409033487716,0.5380632610549291
2023-08-21 18:00:00,0.29647670587659314,0.2581737758696827,0.2520323094147341,0.3250108390894852,0.23943306887021917,0.4706456526547896
2023-08-21 19:00:00,0.22698925872471515,0.12784519762592655,0.13324471976211047,0.2522264320136732,0.10151815619900718,0.4335482383072258
2023-08-21 20:00:00,0.06754839364197544,0.020486992897490126,0.0458929782252964,0.07608677840038179,0.044439699335332455,0.29221040631135736
2023-08-21 21:00:00,0.0,0.0,0.0,0.0,0.0,0.0
2023-08-21 22:00:00,0.0,0.0,0.0,0.0,0.0,0.0
2023-08-21 23:00:00,0.0,0.0,0.0,0.0,0.0,0.0
2023-08-22 00:00:00,0.0,0.0,0.0,0.0,0.0,0.0
2023-08-22 01:00:00,0.0,0.0,0.0,0.0,0.0,0.0
2023-08-22 02:00:00,0.0,0.0,0.0,0.0,0.0,0.0
2023-08-22 03:00:00,0.0,0.0,0.0,0.0,0.0,0.0
2023-08-22 04:00:00,0.0,0.0,0.0,0.0,0.0,0.0
2023-08-22 05:00:00,0.0,0.0,0.0,0.0,0.0,0.0
2023-08-22 06:00:00,0.0,0.0,0.0,0.0,0.0,0.0
2023-08-22 07:00:00,0.27376314215475467,0.24111807171859903,0.1438470083763631,0.24620297802286087,0.1147803178476808,0.2845040351668129
2023-08-22 08:00:00,0.349776515280246,0.28149171413633345,0.15136225167856868,0.2648608068378543,0.12599615875024894,0.42123555873421226
2023-08-22 09:00:00,0.4555571932604541,0.39699482945780173,0.2629047253546532,0.44150030742585716,0.2164351973427858,0.5323942724472766
2023-08-22 10:00:00,0.5386019286129263,0.5262189671506181,0.39656858467994666,0.5174412441664977,0.3657128324396343,0.6095979198043887
2023-08-22 11:00:00,0.5158377225423775,0.5324142789675741,0.47128660520029975,0.4983684839577395,0.4511456122129084,0.604204198545639
2023-08-22 12:00:00,0.4500055024253433,0.2691389472655077,0.30531172910850674,0.3869420917369438,0.2834392437366221,0.5538253869471946
2023-08-22 13:00:00,0.44103162876973606,0.39126177064058787,0.47682541370647175,0.5266773721511843,0.4542096864248573,0.5900511314858433
2023-08-22 14:00:00,0.31964072587274855,0.1897601739565921,0.16705605309863114,0.35235426923128793,0.13871458457234323,0.5420864882702192
2023-08-22 15:00:00,0.3602406170476947,0.294347822631963,0.246761897512997,0.3878240486767301,0.21163627015954775,0.5421339211328221
2023-08-22 16:00:00,0.4763423222078823,0.40995913882239887,0.32314197283253493,0.3616114899479471,0.2908550858227557,0.5128208499389065
2023-08-22 17:00:00,0.3760213975856224,0.39970009388018646,0.34266191272237806,0.22457561665856288,0.35208160212601575,0.4437095607731259
2023-08-22 18:00:00,0.355022019014767,0.42506961566218665,0.39176147678066614,0.35474590977578396,0.3806312496243219,0.45343456095263496
2023-08-22 19:00:00,0.204856445033083,0.3357067472797842,0.29697356663559055,0.17239742211399697,0.34976263661492585,0.3792348832099496
2023-08-22 20:00:00,0.15646030528704033,0.23761788956495764,0.20756809014451935,0.18745726241684135,0.2231720751112172,0.2726913629300261
2023-08-22 21:00:00,0.0,0.0,0.0,0.0,0.0,0.0
2023-08-22 22:00:00,0.0,0.0,0.0,0.0,0.0,0.0
2023-08-22 23:00:00,0.0,0.0,0.0,0.0,0.0,0.0
2023-08-23 00:00:00,0.0,0.0,0.0,0.0,0.0,0.0
2023-08-23 01:00:00,0.0,0.0,0.0,0.0,0.0,0.0
2023-08-23 02:00:00,0.0,0.0,0.0,0.0,0.0,0.0
2023-08-23 03:00:00,0.0,0.0,0.0,0.0,0.0,0.0
2023-08-23 04:00:00,0.0,0.0,0.0,0.0,0.0,0.0
2023-08-23 05:00:00,0.0,0.0,0.0,0.0,0.0,0.0
2023-08-23 06:00:00,0.0,0.0,0.0,0.0,0.0,0.0
2023-08-23 07:00:00,0.2765823177488516,0.15304110327422976,0.10673501884758176,0.20226796858110732,0.07643025616922539,0.24515347069633198
2023-08-23 08:00:00,0.4398765877696807,0.33882474501717746,0.3041062986900716,0.4848442689946958,0.2245503451088899,0.39565476974747626
2023-08-23 09:00:00,0.6366033093694564,0.6257285989625515,0.6265232380584542,0.6525525120993358,0.581920061105825,0.533994411004818
2023-08-23 10:00:00,0.6369207539583425,0.6420370913940404,0.6166373628141438,0.7063300793456593,0.5575982373677474,0.6009430799080288
2023-08-23 11:00:00,0.6760827550098414,0.6748364430270679,0.7268081289843427,0.755491523433527,0.6698721043196167,0.660438264805832
2023-08-23 12:00:00,0.6139071576859576,0.6128731643677465,0.5485079213448991,0.6259731934269352,0.5349010787916062,0.437593214829648
2023-08-23 13:00:00,0.663966893689099,0.7540161984003095,0.7246834785930948,0.7194001114037227,0.7354386028512458,0.4644512364197633
2023-08-23 14:00:00,0.597268786026165,0.6498354474120012,0.7204565662901559,0.6490363191190655,0.7309227199195131,0.4400617389501844
2023-08-23 15:00:00,0.6493231580348489,0.7059422029439758,0.6901551464258121,0.5983477312877437,0.6742181605776123,0.4070074722067765
2023-08-23 16:00:00,0.5844299435875999,0.6707277127111749,0.6804345912136591,0.5065465227823049,0.6822914559968494,0.3437002584419433
2023-08-23 17:00:00,0.554659877971608,0.5615740658003231,0.5487388323492094,0.48663586195231545,0.5484985519354746,0.2705012524350328
2023-08-23 18:00:00,0.5531743554387781,0.4976679241451233,0.40185524651361226,0.45722872883099375,0.3911986656509572,0.25334338433475356
2023-08-23 19:00:00,0.4660235806859328,0.5202322567425052,0.4731534626476619,0.3682546096290885,0.47406045509333355,0.15673486664963318
2023-08-23 20:00:00,0.33597633329015625,0.3282755694034023,0.32116449469249436,0.3577605102113705,0.30363936314254475,0.150873826013065
2023-08-23 21:00:00,0.0,0.0,0.0,0.0,0.0,0.0
2023-08-23 22:00:00,0.0,0.0,0.0,0.0,0.0,0.0
2023-08-23 23:00:00,0.0,0.0,0.0,0.0,0.0,0.0
2023-08-24 00:00:00,0.0,0.0,0.0,0.0,0.0,0.0
2023-08-24 01:00:00,0.0,0.0,0.0,0.0,0.0,0.0
2023-08-24 02:00:00,0.0,0.0,0.0,0.0,0.0,0.0
2023-08-24 03:00:00,0.0,0.0,0.0,0.0,0.0,0.0
2023-08-24 04:00:00,0.0,0.0,0.0,0.0,0.0,0.0
2023-08-24 05:00:00,0.0,0.0,0.0,0.0,0.0,0.0
2023-08-24 06:00:00,0.0,0.0,0.0,0.0,0.0,0.0
2023-08-24 07:00:00,0.35745382135479503,0.3288745267750623,0.2516751452876627,0.33881351161151496,0.21257141702856383,0.22780865147604654
2023-08-24 08:00:00,0.5439200532520578,0.5393274224969788,0.4618453190264112,0.553362605500544,0.40746577404280776,0.3977571919511911
2023-08-24 09:00:00,0.683062697625516,0.6996346547084258,0.6749108946683577,0.6919788410975618,0.6424546883108173,0.6042658730916372
2023-08-24 10:00:00,0.7541213738699835,0.7397039451382152,0.7111403851111672,0.7399308816496301,0.6867995166556085,0.5919693767220885
2023-08-24 11:00:00,0.7704027120148532,0.7491084074239609,0.7103809883318171,0.6518333325415966,0.7292568988062975,0.4757222575917821
2023-08-24 12:00:00,0.5471466539288444,0.4707110689248406,0.36825563399834393,0.353454458177316,0.39429770314198925,0.29196420049998556
2023-08-24 13:00:00,0.5747530662012214,0.40777740343618496,0.33800402206485464,0.3471704258029018,0.32967571534432205,0.31037625790909507
2023-08-24 14:00:00,0.6078337915936366,0.4563660403973068,0.3078039800954108,0.29134041711883607,0.30076885175309226,0.31322744525082274
2023-08-24 15:00:00,0.6056459028141337,0.44688557070738355,0.3106687609103179,0.3351557126234758,0.30259810229304324,0.2773516749885894
2023-08-24 16:00:00,0.5313589754567049,0.44911405165775903,0.38286901968830056,0.3599210024475321,0.3795102659710518,0.2548894881626955
2023-08-24 17:00:00,0.4975896777611312,0.36758057546753053,0.277444588399365,0.25990171676532126,0.26687832839904524,0.21810648244230102
2023-08-24 18:00:00,0.623539456525145,0.48375155571514444,0.32595013292661107,0.26915554109862294,0.3140782670064028,0.20454981268555683
2023-08-24 19:00:00,0.5293798375926054,0.4978323981871388,0.48137209579986495,0.2898112904783439,0.48879438595181646,0.17487639615899603
2023-08-24 20:00:00,0.3676723747027028,0.35262828204245444,0.34690104448274633,0.3273984480130766,0.3365603835506779,0.17283409629573485
2023-08-24 21:00:00,0.0,0.0,0.0,0.0,0.0,0.0
2023-08-24 22:00:00,0.0,0.0,0.0,0.0,0.0,0.0
2023-08-24 23:00:00,0.0,0.0,0.0,0.0,0.0,0.0
2023-08-25 00:00:00,0.0,0.0,0.0,0.0,0.0,0.0
2023-08-25 01:00:00,0.0,0.0,0.0,0.0,0.0,0.0
2023-08-25 02:00:00,0.0,0.0,0.0,0.0,0.0,0.0
2023-08-25 03:00:00,0.0,0.0,0.0,0.0,0.0,0.0
2023-08-25 04:00:00,0.0,0.0,0.0,0.0,0.0,0.0
2023-08-25 05:00:00,0.0,0.0,0.0,0.0,0.0,0.0
2023-08-25 06:00:00,0.0,0.0,0.0,0.0,0.0,0.0
2023-08-25 07:00:00,0.2721379080351538,0.3275891762161889,0.3381461352517187,0.30630158990723905,0.359345459973807,0.3318873039969587
2023-08-25 08:00:00,0.4676143615786495,0.5050435471253749,0.5130601005708206,0.47052439283767294,0.5300974732743865,0.5025083519426213
2023-08-25 09:00:00,0.623249840394266,0.6510354776603432,0.6473379985276971,0.5903351859174953,0.6597486483368408,0.620050588952274
2023-08-25 10:00:00,0.697757096924436,0.7353864757978067,0.7278471510797195,0.714679960406746,0.7327434271048953,0.6853566760576576
2023-08-25 11:00:00,0.6614566809606298,0.708342466830825,0.7404783786244731,0.7419966411264051,0.7412559223698739,0.7125465684687433
2023-08-25 12:00:00,0.6769376593979137,0.7436398106916327,0.7591613477918551,0.760588576357233,0.7658646212315856,0.7193881198659002
2023-08-25 13:00:00,0.6537787423709744,0.7454039764350101,0.7403389540138854,0.7313645223759265,0.7432594587654187,0.734294963112648
2023-08-25 14:00:00,0.5871358240453562,0.7157481083404328,0.7244876243880892,0.7122104074479045,0.736599594688068,0.723814023633294
2023-08-25 15:00:00,0.5058938191996896,0.6588618302428115,0.6713942886538781,0.6100335981456081,0.7033871701752785,0.6415691646891476
2023-08-25 16:00:00,0.33410818608025616,0.32380291819683216,0.4636040009825494,0.322032700593567,0.5150612125077333,0.5327104296564713
2023-08-25 17:00:00,0.31863749390952495,0.2109739209322979,0.2733112923921057,0.22014254215762724,0.2890458206869599,0.40049197398965897
2023-08-25 18:00:00,0.4239152032885601,0.23474112004126765,0.15165838019755634,0.20088029711794403,0.1297112055441637,0.2856189654243378
2023-08-25 19:00:00,0.42014368954148407,0.35669764556947636,0.19065837951198816,0.19750333358365585,0.17631381347200029,0.1781941048898423
2023-08-25 20:00:00,0.32967463119149953,0.2890537097716524,0.20482948602514395,0.2747878435605528,0.17173334088952685,0.1341897561465974
2023-08-25 21:00:00,0.0,0.0,0.0,0.0,0.0,0.0
2023-08-25 22:00:00,0.0,0.0,0.0,0.0,0.0,0.0
2023-08-25 23:00:00,0.0,0.0,0.0,0.0,0.0,0.0
2023-08-26 00:00:00,0.0,0.0,0.0,0.0,0.0,0.0
2023-08-26 01:00:00,0.0,0.0,0.0,0.0,0.0,0.0
2023-08-26 02:00:00,0.0,0.0,0.0,0.0,0.0,0.0
2023-08-26 03:00:00,0.0,0.0,0.0,0.0,0.0,0.0
2023-08-26 04:00:00,0.0,0.0,0.0,0.0,0.0,0.0
2023-08-26 05:00:00,0.0,0.0,0.0,0.0,0.0,0.0
2023-08-26 06:00:00,0.0,0.0,0.0,0.0,0.0,0.0
2023-08-26 07:00:00,0.3748170879188262,0.3745150918617668,0.37279013378629644,0.3654325518960177,0.3540685550786167,0.349980501985924
2023-08-26 08:00:00,0.5666323253050779,0.5711054085425152,0.5703964892290032,0.5605844389851885,0.5471826193202516,0.51917465041112
2023-08-26 09:00:00,0.6867918396522629,0.6849660700762402,0.6825792345570634,0.6787554840023703,0.6643191782098928,0.6494045043396409
2023-08-26 10:00:00,0.7401855067653313,0.7362368116922867,0.7301271708250453,0.7303594338718669,0.728376839692513,0.7203887739442473
2023-08-26 11:00:00,0.7700120630149702,0.7645275964821284,0.7569469543548653,0.7590507103238058,0.7609681306479252,0.7529334071255867
2023-08-26 12:00:00,0.7815138332341015,0.7787371481949238,0.7723248730003136,0.7741931588321249,0.7629827959803462,0.74723797449099
2023-08-26 13:00:00,0.7814630685691971,0.7774435740047916,0.7704195323946393,0.7739960186435159,0.7667787763448964,0.741552861967119
2023-08-26 14:00:00,0.7752712219107951,0.7737114980339767,0.7657257033395947,0.7624690025438801,0.7639352171799279,0.7357355352211521
2023-08-26 15:00:00,0.7596826755567204,0.7501188138693515,0.7325020911841937,0.7412210039435927,0.7270415272420763,0.6978765642754022
2023-08-26 16:00:00,0.7347633415420369,0.7020803687150974,0.6550055158837115,0.7070579020832835,0.6503335561178777,0.6219126964723447
2023-08-26 17:00:00,0.6894774006201021,0.688145840376934,0.6577210588664936,0.6976460824922242,0.6510280449979547,0.6159508960598942
2023-08-26 18:00:00,0.6396375876871192,0.640528329225745,0.6353543959801392,0.643218795186717,0.6374051555094159,0.5764633102673345
2023-08-26 19:00:00,0.5324150449330226,0.5247808088364204,0.5185205016881284,0.5282142358766112,0.5181566899106306,0.5242326405227637
2023-08-26 20:00:00,0.35229698536709897,0.3505463952610079,0.34599161988821564,0.3466819003183378,0.3484511905760571,0.3537484699403067
2023-08-26 21:00:00,0.0,0.0,0.0,0.0,0.0,0.0
2023-08-26 22:00:00,0.0,0.0,0.0,0.0,0.0,0.0
2023-08-26 23:00:00,0.0,0.0,0.0,0.0,0.0,0.0
2023-08-27 00:00:00,0.0,0.0,0.0,0.0,0.0,0.0
2023-08-27 01:00:00,0.0,0.0,0.0,0.0,0.0,0.0
2023-08-27 02:00:00,0.0,0.0,0.0,0.0,0.0,0.0
2023-08-27 03:00:00,0.0,0.0,0.0,0.0,0.0,0.0
2023-08-27 04:00:00,0.0,0.0,0.0,0.0,0.0,0.0
2023-08-27 05:00:00,0.0,0.0,0.0,0.0,0.0,0.0
2023-08-27 06:00:00,0.0,0.0,0.0,0.0,0.0,0.0
2023-08-27 07:00:00,0.3736399727306428,0.37661400828178965,0.3753397157258182,0.36857854708124016,0.3567833042996279,0.35846509047118436
2023-08-27 08:00:00,0.5549011339619089,0.5703509696059148,0.5725220284245013,0.5618650161101988,0.541382058323474,0.5154763590230165
2023-08-27 09:00:00,0.6738041139716476,0.6853975078083246,0.6859993219959624,0.6804935792112424,0.6626437211692157,0.6421191946527105
2023-08-27 10:00:00,0.7277978322461831,0.7322176074927407,0.7330338813723648,0.7323854000800577,0.7128456691953846,0.7155687059695641
2023-08-27 11:00:00,0.7551469605195452,0.7541825545615455,0.7507369768438189,0.7550470514581195,0.7540910732955248,0.7498242420924207
2023-08-27 12:00:00,0.7642830774849355,0.7631407651220561,0.7583241404437757,0.7645309848845508,0.7617856683546296,0.7604856944814369
2023-08-27 13:00:00,0.7542265801864241,0.7624283235913036,0.7578576728933631,0.7634225690318845,0.7620182887388359,0.7619597908036307
2023-08-27 14:00:00,0.7460471455486866,0.7602356220334289,0.7551369231766335,0.7601285043953414,0.7593131156353715,0.7579610192305265
2023-08-27 15:00:00,0.7325927861876844,0.753296138916715,0.7471814935274875,0.752632323181935,0.750047290871698,0.7491943054049021
2023-08-27 16:00:00,0.7108547714878962,0.7267642339528319,0.724493967202622,0.7321033288903821,0.7267630994993789,0.7288837314886533
2023-08-27 17:00:00,0.6810913288441652,0.6849075583069445,0.6858485742587507,0.6911908546514735,0.6893502744815202,0.6950883822407512
2023-08-27 18:00:00,0.6017804680918067,0.6323033234536586,0.6293760406319867,0.6312835090449044,0.6327170417871588,0.635632313533794
2023-08-27 19:00:00,0.48843577074474837,0.5150500312465682,0.5133899803821549,0.5162981920639272,0.5155342431888918,0.530957247277254
2023-08-27 20:00:00,0.3196271007223074,0.3515784954499383,0.3493991963389896,0.3461880686234972,0.355462382774621,0.3530944173900225
2023-08-27 21:00:00,0.0,0.0,0.0,0.0,0.0,0.0
2023-08-27 22:00:00,0.0,0.0,0.0,0.0,0.0,0.0
2023-08-27 23:00:00,0.0,0.0,0.0,0.0,0.0,0.0
2023-08-28 00:00:00,0.0,0.0,0.0,0.0,0.0,0.0
2023-08-28 01:00:00,0.0,0.0,0.0,0.0,0.0,0.0
2023-08-28 02:00:00,0.0,0.0,0.0,0.0,0.0,0.0
2023-08-28 03:00:00,0.0,0.0,0.0,0.0,0.0,0.0
2023-08-28 04:00:00,0.0,0.0,0.0,0.0,0.0,0.0
2023-08-28 05:00:00,0.0,0.0,0.0,0.0,0.0,0.0
2023-08-28 06:00:00,0.0,0.0,0.0,0.0,0.0,0.0
2023-08-28 07:00:00,0.36970128367115973,0.3681886750534777,0.36699505996525456,0.3614806912081381,0.3576589147642566,0.3761797597733871
2023-08-28 08:00:00,0.5417058084757502,0.5682005480038345,0.5687677152070176,0.5524230251962521,0.5468542424859476,0.5202380533939703
2023-08-28 09:00:00,0.6595438339718518,0.6800040816810576,0.6796871880872493,0.6700749845631715,0.6611310936760023,0.6472536757958496
2023-08-28 10:00:00,0.7149257376198661,0.7201711940408673,0.7181124806164896,0.7173692061969097,0.7162366850544679,0.7125787428632091
2023-08-28 11:00:00,0.7437832307796415,0.7459986409944781,0.7421780020215822,0.7434601789976606,0.7470730433948304,0.7410259560420479
2023-08-28 12:00:00,0.7606125920014033,0.7583168525662248,0.7531759137546936,0.7575012760711137,0.7577424930223803,0.7547924838924961
2023-08-28 13:00:00,0.7590263183589386,0.7604577418097928,0.755462844248263,0.7618992635951585,0.7590678854430979,0.7568042736732874
2023-08-28 14:00:00,0.7546236773047516,0.7604237001461576,0.7549007995937826,0.7613691846458324,0.7583831512420683,0.7524951920786542
2023-08-28 15:00:00,0.7453198891091349,0.7449084525027065,0.7421480885717867,0.7489029814590215,0.7450732690191414,0.7414989284457946
2023-08-28 16:00:00,0.7039423268975563,0.7216706231774022,0.7168321509437792,0.7109465615089836,0.7228349225756804,0.7143090242200355
2023-08-28 17:00:00,0.629737000645182,0.692815383988487,0.687944188319596,0.6934956077506954,0.6902833078817108,0.6729811252294499
2023-08-28 18:00:00,0.4541274113882279,0.49938080358934767,0.5516271124887883,0.49527015279617376,0.5686967419970366,0.5387536351859649
2023-08-28 19:00:00,0.30727013316545876,0.32152641148188377,0.40974019800607975,0.3870470666590027,0.4219476555859555,0.3750274841822368
2023-08-28 20:00:00,0.25463531447206933,0.31434070419343335,0.3304269432644846,0.29601513439526694,0.3465720172856666,0.244535295675278
2023-08-28 21:00:00,0.0,0.0,0.0,0.0,0.0,0.0
2023-08-28 22:00:00,0.0,0.0,0.0,0.0,0.0,0.0
2023-08-28 23:00:00,0.0,0.0,0.0,0.0,0.0,0.0
2023-08-29 00:00:00,0.0,0.0,0.0,0.0,0.0,0.0
2023-08-29 01:00:00,0.0,0.0,0.0,0.0,0.0,0.0
2023-08-29 02:00:00,0.0,0.0,0.0,0.0,0.0,0.0
2023-08-29 03:00:00,0.0,0.0,0.0,0.0,0.0,0.0
2023-08-29 04:00:00,0.0,0.0,0.0,0.0,0.0,0.0
2023-08-29 05:00:00,0.0,0.0,0.0,0.0,0.0,0.0
2023-08-29 06:00:00,0.0,0.0,0.0,0.0,0.0,0.0
2023-08-29 07:00:00,0.32487291854594225,0.3732576484281149,0.3663948503386448,0.36949771061327547,0.3505863491571559,0.31086108508928983
2023-08-29 08:00:00,0.46656613897790883,0.5609386172414339,0.5513010452028023,0.5374899207391513,0.5229716767234928,0.41882764356048763
2023-08-29 09:00:00,0.5564414399715507,0.6764054907938435,0.6729360577084302,0.6639878555212754,0.64239057380541,0.5708626485061755
2023-08-29 10:00:00,0.5789308213120448,0.6981794276785492,0.7110759006926562,0.7043706532238032,0.6911220739842049,0.6576183228451637
2023-08-29 11:00:00,0.5215451137632601,0.6506557253878199,0.6924677031968708,0.6777916045940062,0.7083117948287413,0.6763191475763739
2023-08-29 12:00:00,0.44526563495887594,0.39420656947252763,0.42254520065656154,0.46821906773881233,0.44910928599734756,0.4877410822319365
2023-08-29 13:00:00,0.27908403045714386,0.19364430421566675,0.24363957782205367,0.25836898578397965,0.2927871404170616,0.4344906654716087
2023-08-29 14:00:00,0.2611289885836282,0.20802643154830172,0.2309719812347636,0.2409054069697382,0.26661456331270034,0.3304173632708896
2023-08-29 15:00:00,0.34149240018016436,0.23328473727745963,0.1863909245858247,0.2266407406567457,0.18043954959830527,0.3080813149534427
2023-08-29 16:00:00,0.31156392584247006,0.2231240623012371,0.19301376188178193,0.18826745925832894,0.20084914100314988,0.21997576113806608
2023-08-29 17:00:00,0.3300511900558402,0.26340659462533683,0.18214836689514466,0.188952307810187,0.17556501160051174,0.16914898038621196
2023-08-29 18:00:00,0.2221402797281502,0.2660045871347455,0.2153460463603087,0.28588034400563567,0.1968902354044201,0.14816194740079058
2023-08-29 19:00:00,0.09772685218949419,0.1287640381179837,0.14377751205008868,0.08356561061033531,0.1597788265857235,0.04806455241521286
2023-08-29 20:00:00,0.07618373228740312,0.07801954409882524,0.10285877861852247,0.07446980987927898,0.10150696684952638,0.04474225485955666
2023-08-29 21:00:00,0.0,0.0,0.0,0.0,0.0,0.0
2023-08-29 22:00:00,0.0,0.0,0.0,0.0,0.0,0.0
2023-08-29 23:00:00,0.0,0.0,0.0,0.0,0.0,0.0
2023-08-30 00:00:00,0.0,0.0,0.0,0.0,0.0,0.0
2023-08-30 01:00:00,0.0,0.0,0.0,0.0,0.0,0.0
2023-08-30 02:00:00,0.0,0.0,0.0,0.0,0.0,0.0
2023-08-30 03:00:00,0.0,0.0,0.0,0.0,0.0,0.0
2023-08-30 04:00:00,0.0,0.0,0.0,0.0,0.0,0.0
2023-08-30 05:00:00,0.0,0.0,0.0,0.0,0.0,0.0
2023-08-30 06:00:00,0.0,0.0,0.0,0.0,0.0,0.0
2023-08-30 07:00:00,0.002211684785460506,0.004914938853971451,0.010344172538815147,0.029402230936680606,0.005467772483303364,0.09167791119111773
2023-08-30 08:00:00,0.018398773664183445,0.02445022743920167,0.02894312176073206,0.07141732606313314,0.019628729670293964,0.18272991587395448
2023-08-30 09:00:00,0.07296573259837925,0.0702095870450543,0.08421829587247669,0.20593404133942955,0.05392922547777926,0.29313463403779805
2023-08-30 10:00:00,0.12311017353203282,0.08142327019160729,0.09815430706589641,0.145152287679914,0.0829333622974316,0.2826844277933793
2023-08-30 11:00:00,0.24551254375420004,0.15191619843327658,0.1432670091435245,0.22788410643346252,0.12105555622523179,0.33205335205660846
2023-08-30 12:00:00,0.39629103228930646,0.24187085030416905,0.23947142712049815,0.3902407881761052,0.1819673972436195,0.36300585364300597
2023-08-30 13:00:00,0.32376077821539334,0.21901745165952244,0.23327547629616666,0.3644485498180706,0.19013155841082283,0.42102055703125724
2023-08-30 14:00:00,0.39830536546169193,0.31097834350554715,0.3762818598831589,0.48093948264623015,0.31583551017805417,0.39208133163759984
2023-08-30 15:00:00,0.46449208377812307,0.19726119918269883,0.1843792785302405,0.23881133885974506,0.13379068341133787,0.3661229444556289
2023-08-30 16:00:00,0.3585637470526545,0.20295799144147744,0.17796709319518167,0.24346244088391059,0.14394408851027965,0.34797014849866953
2023-08-30 17:00:00,0.4576599616202171,0.2574191271847795,0.2492509459595046,0.4559225648748636,0.17329520363333684,0.49272434463193276
2023-08-30 18:00:00,0.42912451399559004,0.23383314949742712,0.2053437392151332,0.4287446302356623,0.12403828191957847,0.4027549189470396
2023-08-30 19:00:00,0.38567001842953286,0.22493756713281776,0.19360430221958894,0.41122691600643185,0.1073845333661515,0.34564351950872213
2023-08-30 20:00:00,0.2854785551856027,0.1847183339768116,0.1465963940144029,0.2846843707801906,0.07678335206558184,0.2018363118992992
2023-08-30 21:00:00,0.0,0.0,0.0,0.0,0.0,0.0
2023-08-30 22:00:00,0.0,0.0,0.0,0.0,0.0,0.0
2023-08-30 23:00:00,0.0,0.0,0.0,0.0,0.0,0.0
2023-08-31 00:00:00,0.0,0.0,0.0,0.0,0.0,0.0
2023-08-31 01:00:00,0.0,0.0,0.0,0.0,0.0,0.0
2023-08-31 02:00:00,0.0,0.0,0.0,0.0,0.0,0.0
2023-08-31 03:00:00,0.0,0.0,0.0,0.0,0.0,0.0
2023-08-31 04:00:00,0.0,0.0,0.0,0.0,0.0,0.0
2023-08-31 05:00:00,0.0,0.0,0.0,0.0,0.0,0.0
2023-08-31 06:00:00,0.0,0.0,0.0,0.0,0.0,0.0
2023-08-31 07:00:00,0.09444564443651231,0.0,0.0,0.0,0.0,0.010286259350603608
2023-08-31 08:00:00,0.12346436242574889,0.009600700341349121,0.02225514639967397,0.005401495479154416,0.022888564941458016,0.018464561781267593
2023-08-31 09:00:00,0.30419831102159395,0.17986953094383407,0.07193283063388639,0.06768916472794878,0.06416146218621922,0.05848841903473642
2023-08-31 10:00:00,0.511757160731657,0.43645626416446853,0.1903532271390271,0.18237951380602482,0.17621005907313678,0.13041010428817545
2023-08-31 11:00:00,0.5971963646616499,0.5317476392023595,0.2852741052049397,0.28858465281353274,0.26393011540349054,0.2001079864805759
2023-08-31 12:00:00,0.4800110423189525,0.5154638990544868,0.46115746099659616,0.2767007916246638,0.4798726608415793,0.17576016729352328
2023-08-31 13:00:00,0.4322480417948053,0.45742411556487717,0.46391292602430156,0.33521639330298614,0.48460584194046846,0.24017488014038674
2023-08-31 14:00:00,0.32463931959608716,0.4324241147119872,0.4549434975679083,0.3193778249790208,0.46556413814805,0.23668524781632613
2023-08-31 15:00:00,0.350073671409606,0.3293417793683206,0.3197302175320265,0.2732615841810258,0.3039596277514143,0.2628465250258056
2023-08-31 16:00:00,0.25183295735143296,0.24043601984007865,0.28101733199111606,0.26972417802916043,0.26365321900191296,0.22584360024150074
2023-08-31 17:00:00,0.17216717610390175,0.1727937359597651,0.23696514245346934,0.27283468042232695,0.21648666222152732,0.15945785442644253
2023-08-31 18:00:00,0.17115961457792284,0.21241102290620423,0.27032474596747774,0.3056692482161546,0.2530267819786661,0.18651325088785792
2023-08-31 19:00:00,0.0866166248347734,0.155301843373189,0.1704283260562445,0.2596009201041796,0.13947042988020306,0.11275641377989111
2023-08-31 20:00:00,0.09436947509395953,0.14645424060219234,0.19810956413799538,0.2735708576093203,0.17281677510237953,0.1433448137195797
2023-08-31 21:00:00,0.0,0.0,0.0,0.0,0.0,0.0
2023-08-31 22:00:00,0.0,0.0,0.0,0.0,0.0,0.0
2023-08-31 23:00:00,0.0,0.0,0.0,0.0,0.0,0.0
2023-09-01 00:00:00,0.0,0.0,0.0,0.0,0.0,0.0
2023-09-01 01:00:00,0.0,0.0,0.0,0.0,0.0,0.0
2023-09-01 02:00:00,0.0,0.0,0.0,0.0,0.0,0.0
2023-09-01 03:00:00,0.0,0.0,0.0,0.0,0.0,0.0
2023-09-01 04:00:00,0.0,0.0,0.0,0.0,0.0,0.0
2023-09-01 05:00:00,0.0,0.0,0.0,0.0,0.0,0.0
2023-09-01 06:00:00,0.0,0.0,0.0,0.0,0.0,0.0
2023-09-01 07:00:00,0.29573278983298606,0.28873496051550457,0.25979545504790386,0.1612956262147664,0.25357237572951374,0.0767596993833667
2023-09-01 08:00:00,0.44175706150223526,0.30001282736471296,0.19056202705506842,0.18390864641882682,0.17261110911198652,0.33241420009132616
2023-09-01 09:00:00,0.590844813417461,0.45137514713588495,0.32562181919988636,0.2793216575266776,0.33877520287756796,0.4480386419494046
2023-09-01 10:00:00,0.6843606338621379,0.5951670656180724,0.5150019776093667,0.46553435715784475,0.5161224773018159,0.5640441112246377
2023-09-01 11:00:00,0.7231037977026958,0.6537973821588359,0.5624435590199279,0.5762628604758525,0.543820850815185,0.6269514973482168
2023-09-01 12:00:00,0.42037868578823706,0.32002774256873256,0.23311712215599475,0.21292624723411,0.27745870363433733,0.3706337545190182
2023-09-01 13:00:00,0.4192875872671188,0.3766010772669727,0.3129588676383521,0.28117764272983015,0.34604010224202447,0.3939966590930819
2023-09-01 14:00:00,0.3850868821619094,0.34380928405176475,0.2712376483363882,0.25925100261861717,0.2970067484904206,0.3994566574632495
2023-09-01 15:00:00,0.4111108866907999,0.45658472545840717,0.28303492624790716,0.29172212343456283,0.3205161065908621,0.4583159124192518
2023-09-01 16:00:00,0.43509266394201135,0.4475654688866081,0.36820482077397554,0.26197276547201903,0.4211410945273107,0.4669971139784772
2023-09-01 17:00:00,0.5606525920768098,0.5254305112133353,0.34204034399981614,0.29904021465135916,0.3908446034106109,0.45686886086336326
2023-09-01 18:00:00,0.49642111799866967,0.4576709559633155,0.3192978686688964,0.25519807426967633,0.3762078402010887,0.4184763468588271
2023-09-01 19:00:00,0.47426832398227675,0.3665613340050621,0.2362488483778172,0.23001677912158383,0.259430506966726,0.42144067477125097
2023-09-01 20:00:00,0.2700248572388966,0.0,0.0,0.40958699869353216,0.0,0.35141876605797884
2023-09-01 21:00:00,0.0,0.0,0.0,0.0,0.0,0.0
2023-09-01 22:00:00,0.0,0.0,0.0,0.0,0.0,0.0
2023-09-01 23:00:00,0.0,0.0,0.0,0.0,0.0,0.0
2023-09-02 00:00:00,0.0,0.0,0.0,0.0,0.0,0.0
2023-09-02 01:00:00,0.0,0.0,0.0,0.0,0.0,0.0
2023-09-02 02:00:00,0.0,0.0,0.0,0.0,0.0,0.0
2023-09-02 03:00:00,0.0,0.0,0.0,0.0,0.0,0.0
2023-09-02 04:00:00,0.0,0.0,0.0,0.0,0.0,0.0
2023-09-02 05:00:00,0.0,0.0,0.0,0.0,0.0,0.0
2023-09-02 06:00:00,0.0,0.0,0.0,0.0,0.0,0.0
2023-09-02 07:00:00,0.27130363622814124,0.374644791378766,0.35490350035330315,0.3564806628209579,0.32581439816252133,0.15756175849379195
2023-09-02 08:00:00,0.49828350534457755,0.5465819476399635,0.5373288865269095,0.5098195630898604,0.5042838021165453,0.47063579134884836
2023-09-02 09:00:00,0.6168682969095818,0.6516969102878973,0.6653444699110334,0.6576019537918312,0.6318321194476277,0.62970420940558
2023-09-02 10:00:00,0.6823122158065471,0.6783563821205587,0.7104486739100624,0.7119471337823275,0.6852750544214384,0.7110981153669983
2023-09-02 11:00:00,0.704227078782832,0.6563370021004533,0.7130348073724332,0.7283060219859245,0.7046600065060488,0.7483090531677998
2023-09-02 12:00:00,0.7587532599206237,0.773559261529376,0.7643802930797252,0.7678065210449455,0.7658869699431187,0.7601554824440182
2023-09-02 13:00:00,0.7637202970568562,0.7698766894535342,0.7635858512142287,0.7688988575844765,0.7634123243090045,0.7635562378148805
2023-09-02 14:00:00,0.7194135597063508,0.6790445536096307,0.7263064081095947,0.7460994221859713,0.7195386346865917,0.7481442832092782
2023-09-02 15:00:00,0.7068234978266288,0.728132064314851,0.7313425428807165,0.7312755224001317,0.7371496209642635,0.7401298255031242
2023-09-02 16:00:00,0.6701427695557272,0.6939067596542176,0.7025874507394992,0.6991675550630333,0.7129590625948635,0.7148184718210352
2023-09-02 17:00:00,0.681917779816142,0.6572766938863482,0.6476142143031093,0.669637687343247,0.6409146234484793,0.6819053011954768
2023-09-02 18:00:00,0.6083659496435319,0.6042478978830325,0.6002375741887992,0.5950546868327788,0.6016575101788509,0.6002586437285419
2023-09-02 19:00:00,0.4726602321714848,0.4616299634846004,0.4569115725010694,0.45948064935552113,0.4593013575899121,0.4791405126455706
2023-09-02 20:00:00,0.14323688030078058,0.0,0.0,0.0,0.0,0.2988783032031581
2023-09-02 21:00:00,0.0,0.0,0.0,0.0,0.0,0.0
2023-09-02 22:00:00,0.0,0.0,0.0,0.0,0.0,0.0
2023-09-02 23:00:00,0.0,0.0,0.0,0.0,0.0,0.0
2023-09-03 00:00:00,0.0,0.0,0.0,0.0,0.0,0.0
2023-09-03 01:00:00,0.0,0.0,0.0,0.0,0.0,0.0
2023-09-03 02:00:00,0.0,0.0,0.0,0.0,0.0,0.0
2023-09-03 03:00:00,0.0,0.0,0.0,0.0,0.0,0.0
2023-09-03 04:00:00,0.0,0.0,0.0,0.0,0.0,0.0
2023-09-03 05:00:00,0.0,0.0,0.0,0.0,0.0,0.0
2023-09-03 06:00:00,0.0,0.0,0.0,0.0,0.0,0.0
2023-09-03 07:00:00,0.14116505490054657,0.2175130710776762,0.20405072570411248,0.17135243277162776,0.21011814697502854,0.07922266317293525
2023-09-03 08:00:00,0.4056499311233961,0.44934299661444155,0.4120313720924697,0.2664454764245278,0.4403234735305644,0.24089104959632257
2023-09-03 09:00:00,0.5609740759843369,0.6074200057606738,0.5667824425164691,0.49646685486307635,0.5833919996350294,0.355207431020824
2023-09-03 10:00:00,0.6325921799834191,0.5920760426898336,0.5203276099364015,0.49374401413151947,0.5480939493174577,0.4529884607223227
2023-09-03 11:00:00,0.6185624158546781,0.5777392158730521,0.5170255991997709,0.3550231623583773,0.5755622598321957,0.4664789168648318
2023-09-03 12:00:00,0.6166328088613815,0.6503097450797531,0.6478669818514861,0.6764530012606315,0.6326705893488869,0.4401786888866891
2023-09-03 13:00:00,0.6613724777016855,0.6186534422690908,0.5626846004745293,0.6085760874452486,0.5204962479295439,0.3986437700920869
2023-09-03 14:00:00,0.511746839326702,0.5217642278816861,0.46252455495414047,0.5386785657311836,0.42513872057482954,0.33971765543727656
2023-09-03 15:00:00,0.33968957393020754,0.4345886406807875,0.5250084209237944,0.4256322613598123,0.5551826748231616,0.3485900163044977
2023-09-03 16:00:00,0.3664080906007658,0.4226196827374323,0.45446916262192955,0.35751973155474215,0.4908080728136913,0.29840007563550214
2023-09-03 17:00:00,0.3233467966321962,0.3742415712238386,0.30051107219655293,0.32000366627439997,0.32589866937929773,0.25555769365836545
2023-09-03 18:00:00,0.17580344451710217,0.18957541196603622,0.18632613983698493,0.09732945338986732,0.2351906300815211,0.16129273681357362
2023-09-03 19:00:00,0.06853697405012205,0.07495921072843657,0.061483790720461354,0.06551264313723132,0.05904751559570681,0.14089769393966223
2023-09-03 20:00:00,0.0031676857030008333,0.0,0.0,0.0,0.0,0.08404454441096264
2023-09-03 21:00:00,0.0,0.0,0.0,0.0,0.0,0.0
2023-09-03 22:00:00,0.0,0.0,0.0,0.0,0.0,0.0
2023-09-03 23:00:00,0.0,0.0,0.0,0.0,0.0,0.0
2023-09-04 00:00:00,0.0,0.0,0.0,0.0,0.0,0.0
2023-09-04 01:00:00,0.0,0.0,0.0,0.0,0.0,0.0
2023-09-04 02:00:00,0.0,0.0,0.0,0.0,0.0,0.0
2023-09-04 03:00:00,0.0,0.0,0.0,0.0,0.0,0.0
2023-09-04 04:00:00,0.0,0.0,0.0,0.0,0.0,0.0
2023-09-04 05:00:00,0.0,0.0,0.0,0.0,0.0,0.0
2023-09-04 06:00:00,0.0,0.0,0.0,0.0,0.0,0.0
2023-09-04 07:00:00,0.119863398768093,0.28539740556552295,0.22634210724205978,0.0,0.23359301229527346,0.03809551644554241
2023-09-04 08:00:00,0.2638135603142703,0.33546695548248145,0.27830053670154686,0.22900713614542242,0.30111343029903037,0.27014185598756724
2023-09-04 09:00:00,0.4288286683724274,0.35472221758455114,0.30025691844357005,0.4480239035567051,0.2731277637372329,0.3763242009864208
2023-09-04 10:00:00,0.43254339216119453,0.3983696040928219,0.3345109283954991,0.4156014741942625,0.33822236559222424,0.4080876015056123
2023-09-04 11:00:00,0.3824360381706156,0.49862825996505505,0.5327170987520474,0.493649961031508,0.559659236520281,0.532868836677046
2023-09-04 12:00:00,0.5761921495368432,0.6435261993665983,0.6402135340977996,0.6841315836440819,0.6256353638746498,0.6053180951107686
2023-09-04 13:00:00,0.521303836789693,0.6524190530006365,0.6330146982273439,0.653320866904673,0.6405051459358443,0.5689570145832523
2023-09-04 14:00:00,0.4922696033292417,0.5043566767391695,0.56154509424787,0.5435282866117128,0.5692189889209235,0.5731295077021465
2023-09-04 15:00:00,0.4188300193843933,0.43222228841361576,0.48231298123436483,0.4444679635780385,0.49949065364618944,0.5042177897194106
2023-09-04 16:00:00,0.44329822532443375,0.4302746811408267,0.40579401805138665,0.41872468258088663,0.4252121375431534,0.4938092163765379
2023-09-04 17:00:00,0.49647281484367817,0.4088915365272002,0.34063603901366935,0.48183705425914614,0.3045221774748324,0.4205579387473728
2023-09-04 18:00:00,0.33285490236811927,0.2806296240085203,0.31085393344735307,0.27922799801597253,0.3208614728482481,0.2339253540516735
2023-09-04 19:00:00,0.12745036483390884,0.22084648328312398,0.24678379221200478,0.16380597423503948,0.28844388972863044,0.11538146564732439
2023-09-04 20:00:00,0.0,0.0,0.0,0.0,0.0,0.004396389912525181
2023-09-04 21:00:00,0.0,0.0,0.0,0.0,0.0,0.0
2023-09-04 22:00:00,0.0,0.0,0.0,0.0,0.0,0.0
2023-09-04 23:00:00,0.0,0.0,0.0,0.0,0.0,0.0
2023-09-05 00:00:00,0.0,0.0,0.0,0.0,0.0,0.0
2023-09-05 01:00:00,0.0,0.0,0.0,0.0,0.0,0.0
2023-09-05 02:00:00,0.0,0.0,0.0,0.0,0.0,0.0
2023-09-05 03:00:00,0.0,0.0,0.0,0.0,0.0,0.0
2023-09-05 04:00:00,0.0,0.0,0.0,0.0,0.0,0.0
2023-09-05 05:00:00,0.0,0.0,0.0,0.0,0.0,0.0
2023-09-05 06:00:00,0.0,0.0,0.0,0.0,0.0,0.0
2023-09-05 07:00:00,0.02130300362860657,0.3621510616863117,0.24838214431479846,0.0,0.22125741750953185,0.009697968066841147
2023-09-05 08:00:00,0.45160436473822196,0.48624201937150807,0.451680609776402,0.4445439916190498,0.4452817497734751,0.32540526003485787
2023-09-05 09:00:00,0.6010211288088974,0.5903459096869104,0.5747301217707106,0.6308769777784325,0.5386024226203159,0.4642449649766372
2023-09-05 10:00:00,0.6850890153083443,0.6739362401648723,0.6752410630022033,0.7033074398712946,0.6603173779565277,0.44347549397290253
2023-09-05 11:00:00,0.7073107585554119,0.6543464817399856,0.5869438343532494,0.7306813866772583,0.5312578912581707,0.5498210402638415
2023-09-05 12:00:00,0.6031646071435072,0.5454098139638499,0.5427822776813763,0.7025811725808647,0.4897361148374584,0.5250033964202788
2023-09-05 13:00:00,0.5886166002342029,0.6458641338723775,0.6798767969408519,0.7497350442420633,0.6310122583638753,0.6025140658408573
2023-09-05 14:00:00,0.5774521845130122,0.5572380318492054,0.573014851917514,0.6853000419116263,0.5411405956572641,0.5598147632827333
2023-09-05 15:00:00,0.5045259070527742,0.5853718115740375,0.5676157156464066,0.5624662011581035,0.5620231577634075,0.5165834249689074
2023-09-05 16:00:00,0.5512187407049899,0.588793532970879,0.6130067638632646,0.659597212647902,0.5731029874256596,0.5539333514816431
2023-09-05 17:00:00,0.3899935232651983,0.4518064361286346,0.41979280199828434,0.5638719896877807,0.38504581275594857,0.4831603117481135
2023-09-05 18:00:00,0.4636677064558927,0.49516828534204416,0.43627172489917027,0.5702633001880598,0.3794242762447318,0.46422547986839385
2023-09-05 19:00:00,0.4518552469667677,0.4169366903479205,0.3721807637644637,0.464511329120588,0.34688420201246806,0.42130128289860325
2023-09-05 20:00:00,0.0,0.0,0.0,0.0,0.0,0.08713476504664387
2023-09-05 21:00:00,0.0,0.0,0.0,0.0,0.0,0.0
2023-09-05 22:00:00,0.0,0.0,0.0,0.0,0.0,0.0
2023-09-05 23:00:00,0.0,0.0,0.0,0.0,0.0,0.0
2023-09-06 00:00:00,0.0,0.0,0.0,0.0,0.0,0.0
2023-09-06 01:00:00,0.0,0.0,0.0,0.0,0.0,0.0
2023-09-06 02:00:00,0.0,0.0,0.0,0.0,0.0,0.0
2023-09-06 03:00:00,0.0,0.0,0.0,0.0,0.0,0.0
2023-09-06 04:00:00,0.0,0.0,0.0,0.0,0.0,0.0
2023-09-06 05:00:00,0.0,0.0,0.0,0.0,0.0,0.0
2023-09-06 06:00:00,0.0,0.0,0.0,0.0,0.0,0.0
2023-09-06 07:00:00,0.0,0.0,0.0,0.0,0.17083894965628219,0.0014703871626442738
2023-09-06 08:00:00,0.30981613904326216,0.3133198194688402,0.3653480711903879,0.4417511048169895,0.310074264244302,0.25257114401264413
2023-09-06 09:00:00,0.5570143616514378,0.6399130067149628,0.6709647959313466,0.6612940487992992,0.6247525307455668,0.39511865493685794
2023-09-06 10:00:00,0.7345518775535984,0.771637059857994,0.7681486396831043,0.769199941666821,0.7363538348532895,0.5629697113379525
2023-09-06 11:00:00,0.7857607924667915,0.7878187580975922,0.7920291597206326,0.7930492080759238,0.7701278740313432,0.6656940466775603
2023-09-06 12:00:00,0.7592561972847927,0.774632002796452,0.7910597696151563,0.8013849910963062,0.7786959810735223,0.6398428152303389
2023-09-06 13:00:00,0.734237167332341,0.7692586771546627,0.786726670244744,0.7946578485018994,0.7768930086659563,0.6520208373634523
2023-09-06 14:00:00,0.7220976484364524,0.7735413240386902,0.7773758662518784,0.7889349677353034,0.7668047430494287,0.6135554100441399
2023-09-06 15:00:00,0.7151539948649726,0.6911234155047458,0.6893593236711029,0.6886781364002974,0.6837191933027976,0.5921957751880506
2023-09-06 16:00:00,0.565186499159001,0.6106803012711859,0.6585542142763832,0.6560868086503691,0.6379162105575943,0.5808115934140147
2023-09-06 17:00:00,0.5798584474916452,0.5933340412266462,0.5661251090816909,0.6417910631636122,0.5360197581382852,0.5700010627469531
2023-09-06 18:00:00,0.4784773337745713,0.43812747735504526,0.5216973323470205,0.4347298729141623,0.5230756871900464,0.4177520505505713
2023-09-06 19:00:00,0.3942670389140997,0.2956035180447416,0.3370484066399121,0.3652919939398885,0.3124281989747317,0.35042579714755023
2023-09-06 20:00:00,0.0,0.0,0.0,0.0,0.0,0.029882236757082733
2023-09-06 21:00:00,0.0,0.0,0.0,0.0,0.0,0.0
2023-09-06 22:00:00,0.0,0.0,0.0,0.0,0.0,0.0
2023-09-06 23:00:00,0.0,0.0,0.0,0.0,0.0,0.0
2023-09-07 00:00:00,0.0,0.0,0.0,0.0,0.0,0.0
2023-09-07 01:00:00,0.0,0.0,0.0,0.0,0.0,0.0
2023-09-07 02:00:00,0.0,0.0,0.0,0.0,0.0,0.0
2023-09-07 03:00:00,0.0,0.0,0.0,0.0,0.0,0.0
2023-09-07 04:00:00,0.0,0.0,0.0,0.0,0.0,0.0
2023-09-07 05:00:00,0.0,0.0,0.0,0.0,0.0,0.0
2023-09-07 06:00:00,0.0,0.0,0.0,0.0,0.0,0.0
2023-09-07 07:00:00,0.0,0.0,0.0,0.0,0.0,0.0008829963283188938
2023-09-07 08:00:00,0.48067449043441995,0.5666531876412778,0.549449545908141,0.5324066427926359,0.5006000301428697,0.28259697123818106
2023-09-07 09:00:00,0.6148241565660405,0.7049631645094451,0.6945930696039083,0.6827748509021323,0.6519642149588205,0.4375360299862168
2023-09-07 10:00:00,0.748275500737706,0.7636502009866621,0.7538008873243093,0.7195927243684238,0.7199937162832346,0.5210011851794154
2023-09-07 11:00:00,0.7722135324593855,0.7675438077325982,0.7566204369586934,0.7232173167847459,0.7421255182739791,0.6638028797356438
2023-09-07 12:00:00,0.7781641888516057,0.7945427604455015,0.7923061948051682,0.7685868289386879,0.7648586243089247,0.5973401862199613
2023-09-07 13:00:00,0.7014036759167608,0.7037865295182967,0.7074228900074608,0.5722420945197708,0.7348060078670129,0.5690674346670432
2023-09-07 14:00:00,0.5780957071300886,0.5339737795059935,0.49121410129307697,0.42454270172521547,0.504604555933948,0.44102761792249906
2023-09-07 15:00:00,0.4351947556371217,0.4304570397679952,0.46013745939439865,0.3151764831312564,0.4868220149800124,0.29373906789850407
2023-09-07 16:00:00,0.40712322663472106,0.5295926617046078,0.5063376916915239,0.3095143658905615,0.5529395506715725,0.330770769164654
2023-09-07 17:00:00,0.4021367639091621,0.43057250915001294,0.3534964166641017,0.21771957991717666,0.38952988434259245,0.3074875255952165
2023-09-07 18:00:00,0.3069425780209277,0.2830942223447008,0.21833242508611708,0.13378279546544775,0.24219155190981045,0.24155154274798668
2023-09-07 19:00:00,0.14230406515204344,0.20892902644490915,0.18538315101401281,0.15601524794170785,0.20280312357634073,0.23211599609273198
2023-09-07 20:00:00,0.0,0.0,0.0,0.0,0.0,0.01628702919996035
2023-09-07 21:00:00,0.0,0.0,0.0,0.0,0.0,0.0
2023-09-07 22:00:00,0.0,0.0,0.0,0.0,0.0,0.0
2023-09-07 23:00:00,0.0,0.0,0.0,0.0,0.0,0.0
2023-09-08 00:00:00,0.0,0.0,0.0,0.0,0.0,0.0
2023-09-08 01:00:00,0.0,0.0,0.0,0.0,0.0,0.0
2023-09-08 02:00:00,0.0,0.0,0.0,0.0,0.0,0.0
2023-09-08 03:00:00,0.0,0.0,0.0,0.0,0.0,0.0
2023-09-08 04:00:00,0.0,0.0,0.0,0.0,0.0,0.0
2023-09-08 05:00:00,0.0,0.0,0.0,0.0,0.0,0.0
2023-09-08 06:00:00,0.0,0.0,0.0,0.0,0.0,0.0
2023-09-08 07:00:00,0.0,0.0,0.0,0.0,0.0,0.0
2023-09-08 08:00:00,0.4147985418472745,0.5123255043677742,0.5120364064529095,0.469970173198023,0.4951079087401235,0.39434928214856163
2023-09-08 09:00:00,0.5592074544577459,0.676925472004309,0.6772690833856253,0.6609762288555265,0.6496555590488792,0.5618290608805488
2023-09-08 10:00:00,0.6972247911259822,0.7396674106831658,0.7316906307554396,0.7339818169478326,0.7263774297075123,0.6993048572742627
2023-09-08 11:00:00,0.7692487025994847,0.7578179411499626,0.7464635050984325,0.7152197119236484,0.7542486733022394,0.7486819349690124
2023-09-08 12:00:00,0.7823605116256078,0.7783329162900396,0.7774860651967499,0.7791971031027664,0.7653455734838802,0.7584453339224592
2023-09-08 13:00:00,0.6802602002667122,0.6348984796433743,0.7024926898623252,0.6367004742640553,0.70561666728037,0.7200770886474341
2023-09-08 14:00:00,0.538395671865349,0.5292164458544082,0.5892099990595484,0.5224819221302223,0.6058825810632342,0.6834902922119617
2023-09-08 15:00:00,0.4021450107667067,0.46619311075458464,0.5304860488786625,0.3574172483393284,0.5890966638671956,0.58170107733086
2023-09-08 16:00:00,0.3392461732457666,0.2809293207446093,0.41518620675475815,0.26596093804814963,0.4604808586645669,0.4704061693665748
2023-09-08 17:00:00,0.48218387968292875,0.47484709698758854,0.4425900547099812,0.2575732648487724,0.4770688448594036,0.449227356081278
2023-09-08 18:00:00,0.49960942760166466,0.4276493088252013,0.4076967950265825,0.3187354820494512,0.40824040478562174,0.43242013673362095
2023-09-08 19:00:00,0.3483749526900089,0.3782550369453765,0.35748577662747705,0.2317393108798473,0.38189872708898626,0.3841086414143255
2023-09-08 20:00:00,0.0,0.0,0.0,0.0,0.0,0.0
2023-09-08 21:00:00,0.0,0.0,0.0,0.0,0.0,0.0
2023-09-08 22:00:00,0.0,0.0,0.0,0.0,0.0,0.0
2023-09-08 23:00:00,0.0,0.0,0.0,0.0,0.0,0.0
2023-09-09 00:00:00,0.0,0.0,0.0,0.0,0.0,0.0
2023-09-09 01:00:00,0.0,0.0,0.0,0.0,0.0,0.0
2023-09-09 02:00:00,0.0,0.0,0.0,0.0,0.0,0.0
2023-09-09 03:00:00,0.0,0.0,0.0,0.0,0.0,0.0
2023-09-09 04:00:00,0.0,0.0,0.0,0.0,0.0,0.0
2023-09-09 05:00:00,0.0,0.0,0.0,0.0,0.0,0.0
2023-09-09 06:00:00,0.0,0.0,0.0,0.0,0.0,0.0
2023-09-09 07:00:00,0.0,0.0,0.0,0.0,0.0,0.0
2023-09-09 08:00:00,0.5139629994179143,0.5224063680200538,0.516816145975129,0.5107128863206766,0.5008771884532014,0.4667080628029865
2023-09-09 09:00:00,0.6620340999793648,0.674303450278163,0.6729349517291673,0.666180592336947,0.6467804937203331,0.5962939623193204
2023-09-09 10:00:00,0.7362480120850754,0.7340312047157604,0.7293752344485611,0.7303528530816651,0.7140341990857274,0.710678847019488
2023-09-09 11:00:00,0.7692511129586407,0.7597884567915077,0.7516549385137412,0.7577246767397652,0.7555388969527828,0.7594911106071677
2023-09-09 12:00:00,0.7855052348794004,0.7747957778720096,0.7661257087203545,0.7739043279450154,0.7709334677016737,0.7755170347181555
2023-09-09 13:00:00,0.7888802823303931,0.777993032988022,0.7690776831627285,0.7786397958764157,0.7728984262530147,0.7792721201445029
2023-09-09 14:00:00,0.7810164459173162,0.746318425393094,0.709368576733454,0.7569477683779838,0.707837638055578,0.7742068315317602
2023-09-09 15:00:00,0.7410933624416527,0.6834582357599573,0.6553862469187072,0.7118494904094028,0.6427914916004752,0.7538771591640955
2023-09-09 16:00:00,0.7273078849345337,0.6700251197899866,0.6665222560372034,0.718655793980315,0.6500870325324012,0.7331795726605855
2023-09-09 17:00:00,0.6790896589514009,0.6029167352488275,0.6001708039613309,0.6670274916729324,0.5807034337285623,0.6957277659497092
2023-09-09 18:00:00,0.6217806120069473,0.6047202875845479,0.6011081310843529,0.6110519322030122,0.5943313203307788,0.6216868920128238
2023-09-09 19:00:00,0.4630758549105251,0.44346976487965123,0.4404482071775259,0.4512118646832575,0.4404269156207793,0.47338409856454433
2023-09-09 20:00:00,0.0,0.0,0.0,0.0,0.0,0.0
2023-09-09 21:00:00,0.0,0.0,0.0,0.0,0.0,0.0
2023-09-09 22:00:00,0.0,0.0,0.0,0.0,0.0,0.0
2023-09-09 23:00:00,0.0,0.0,0.0,0.0,0.0,0.0
2023-09-10 00:00:00,0.0,0.0,0.0,0.0,0.0,0.0
2023-09-10 01:00:00,0.0,0.0,0.0,0.0,0.0,0.0
2023-09-10 02:00:00,0.0,0.0,0.0,0.0,0.0,0.0
2023-09-10 03:00:00,0.0,0.0,0.0,0.0,0.0,0.0
2023-09-10 04:00:00,0.0,0.0,0.0,0.0,0.0,0.0
2023-09-10 05:00:00,0.0,0.0,0.0,0.0,0.0,0.0
2023-09-10 06:00:00,0.0,0.0,0.0,0.0,0.0,0.0
2023-09-10 07:00:00,0.0,0.0,0.0,0.0,0.0,0.0
2023-09-10 08:00:00,0.5070195746190617,0.517950588368151,0.5148013978794103,0.5037896659619383,0.49071824709336326,0.48777561514874584
2023-09-10 09:00:00,0.6623922192266521,0.6696218577220486,0.6682003798810234,0.6610063239822138,0.6389334850832613,0.6448199994208845
2023-09-10 10:00:00,0.728977007730564,0.7303389770733644,0.7282100529889297,0.7275423390027358,0.7044973457777794,0.7179009728942062
2023-09-10 11:00:00,0.7609574655277155,0.7558782391824881,0.748304166921665,0.7525863207500573,0.752935192448038,0.7497534036582654
2023-09-10 12:00:00,0.7754422870169403,0.7711438234391316,0.7625281919234974,0.7681930644858782,0.7673773299271921,0.7646208555530118
2023-09-10 13:00:00,0.7772902105025287,0.772733026607002,0.7644811047553535,0.7714100033209735,0.768987210013615,0.7678105065404052
2023-09-10 14:00:00,0.762645217773828,0.7664539957905483,0.7592079079735099,0.7649011401244966,0.7647102649061455,0.7553655568527845
2023-09-10 15:00:00,0.7232217165061822,0.7487048468217843,0.7443709501869038,0.7459913677951255,0.7520782418869704,0.7098832486314373
2023-09-10 16:00:00,0.481031116434824,0.655108704388694,0.6524348121605851,0.5104220445356551,0.7095987325340509,0.5639918687845586
2023-09-10 17:00:00,0.4407540008379384,0.6167477489455754,0.6101977317961068,0.5145205575695035,0.6532865857149838,0.45334582227630593
2023-09-10 18:00:00,0.2718851396038696,0.4046852195025819,0.43155835464822057,0.2970974599055273,0.49025722781263664,0.29269486250589255
2023-09-10 19:00:00,0.16928031100548105,0.2692828521978873,0.2988682227402825,0.26887373858323815,0.3329662939290747,0.2243749184050727
2023-09-10 20:00:00,0.0,0.0,0.0,0.0,0.0,0.0
2023-09-10 21:00:00,0.0,0.0,0.0,0.0,0.0,0.0
2023-09-10 22:00:00,0.0,0.0,0.0,0.0,0.0,0.0
2023-09-10 23:00:00,0.0,0.0,0.0,0.0,0.0,0.0
2023-09-11 00:00:00,0.0,0.0,0.0,0.0,0.0,0.0
2023-09-11 01:00:00,0.0,0.0,0.0,0.0,0.0,0.0
2023-09-11 02:00:00,0.0,0.0,0.0,0.0,0.0,0.0
2023-09-11 03:00:00,0.0,0.0,0.0,0.0,0.0,0.0
2023-09-11 04:00:00,0.0,0.0,0.0,0.0,0.0,0.0
2023-09-11 05:00:00,0.0,0.0,0.0,0.0,0.0,0.0
2023-09-11 06:00:00,0.0,0.0,0.0,0.0,0.0,0.0
2023-09-11 07:00:00,0.0,0.0,0.0,0.0,0.0,0.0
2023-09-11 08:00:00,0.08753917714529677,0.12681889152292397,0.13947024213203818,0.08060458295594228,0.16210452894765134,0.05976523166931995
2023-09-11 09:00:00,0.21517660799901003,0.2427933748235289,0.21351644991330276,0.17448240541438462,0.22921873817111105,0.10156885194036147
2023-09-11 10:00:00,0.26429489513797955,0.3630834508847238,0.3801675641888018,0.27232142635831297,0.415115984379563,0.17705664204415386
2023-09-11 11:00:00,0.39487759736700506,0.44704519168981294,0.39698919475403743,0.3610633386006617,0.4185405901696964,0.22252352854565582
2023-09-11 12:00:00,0.466167664107907,0.5866513208032407,0.6044754175671635,0.471522383542525,0.6379177157957814,0.2685104414162172
2023-09-11 13:00:00,0.42341580169748366,0.5780606637864686,0.6010382084839418,0.5076544826027927,0.624872021142557,0.29534010931364746
2023-09-11 14:00:00,0.36112073963706814,0.4818491887783562,0.5060602971029275,0.40310570418740826,0.5452747777416298,0.3095986026400984
2023-09-11 15:00:00,0.2724646035639153,0.28859327987378397,0.25367724997458085,0.17853278161560446,0.302453172900813,0.3242626470732879
2023-09-11 16:00:00,0.278522767497618,0.16841889106616864,0.14422309512590453,0.14690512965454552,0.17109701301163016,0.383165353751483
2023-09-11 17:00:00,0.3272036010242254,0.1426415704124486,0.1405246361862526,0.24410415233276098,0.11314218704811026,0.3930444678857301
2023-09-11 18:00:00,0.38315917952427736,0.2358403909972484,0.1792798166715898,0.37525394261515554,0.11390354022612056,0.4049304277848956
2023-09-11 19:00:00,0.2982770419957419,0.333579696989738,0.3001800579626026,0.37544058160495525,0.2662547197461264,0.3486782528312204
2023-09-11 20:00:00,0.0,0.0,0.0,0.0,0.0,0.0
2023-09-11 21:00:00,0.0,0.0,0.0,0.0,0.0,0.0
2023-09-11 22:00:00,0.0,0.0,0.0,0.0,0.0,0.0
2023-09-11 23:00:00,0.0,0.0,0.0,0.0,0.0,0.0
2023-09-12 00:00:00,0.0,0.0,0.0,0.0,0.0,0.0
2023-09-12 01:00:00,0.0,0.0,0.0,0.0,0.0,0.0
2023-09-12 02:00:00,0.0,0.0,0.0,0.0,0.0,0.0
2023-09-12 03:00:00,0.0,0.0,0.0,0.0,0.0,0.0
2023-09-12 04:00:00,0.0,0.0,0.0,0.0,0.0,0.0
2023-09-12 05:00:00,0.0,0.0,0.0,0.0,0.0,0.0
2023-09-12 06:00:00,0.0,0.0,0.0,0.0,0.0,0.0
2023-09-12 07:00:00,0.0,0.0,0.0,0.0,0.0,0.0
2023-09-12 08:00:00,0.1492240627719347,0.12200616079490059,0.14946043089354627,0.11029137774577788,0.13967696134112706,0.14141184041833174
2023-09-12 09:00:00,0.4446382241947749,0.5199695148691673,0.5059634134404075,0.5368987544629317,0.45694412762751974,0.35254030972636446
2023-09-12 10:00:00,0.5998580683442057,0.6478837694303566,0.660126591552051,0.6279948193562145,0.6271655268671151,0.4922080011590756
2023-09-12 11:00:00,0.6165732524610926,0.6929578964507274,0.6896972130593927,0.6672584002403776,0.6692776862932124,0.503850707458834
2023-09-12 12:00:00,0.41407506522984905,0.5029920008813408,0.5429287350057849,0.5305536247938449,0.5332330863771365,0.3569161515998891
2023-09-12 13:00:00,0.40704036704091845,0.4892823128418175,0.4940008423300584,0.45267455129983003,0.493123636608096,0.3169853473586329
2023-09-12 14:00:00,0.31803950660051844,0.44443191222633244,0.4621966652755242,0.3594839521362065,0.48265733230370983,0.22361453938554907
2023-09-12 15:00:00,0.28579226562924426,0.37978454001491624,0.4106043754546504,0.3100391240313647,0.4323311648174206,0.17671849970563516
2023-09-12 16:00:00,0.217910157186447,0.26164113198547095,0.2572818047533487,0.19970948559313279,0.27368411385840274,0.1444196754163665
2023-09-12 17:00:00,0.23284406437867708,0.22252961386224865,0.16337701172535699,0.1569231097038167,0.16772663303327645,0.1600884307447676
2023-09-12 18:00:00,0.3136251702720519,0.2569492101870044,0.2154062129898853,0.25737004492338167,0.19179263906636895,0.15494760208938885
2023-09-12 19:00:00,0.2096823813375728,0.1595888921524209,0.18447038131816526,0.2832226694498377,0.13744440604292488,0.15408509061236972
2023-09-12 20:00:00,0.0,0.0,0.0,0.0,0.0,0.0
2023-09-12 21:00:00,0.0,0.0,0.0,0.0,0.0,0.0
2023-09-12 22:00:00,0.0,0.0,0.0,0.0,0.0,0.0
2023-09-12 23:00:00,0.0,0.0,0.0,0.0,0.0,0.0
2023-09-13 00:00:00,0.0,0.0,0.0,0.0,0.0,0.0
2023-09-13 01:00:00,0.0,0.0,0.0,0.0,0.0,0.0
2023-09-13 02:00:00,0.0,0.0,0.0,0.0,0.0,0.0
2023-09-13 03:00:00,0.0,0.0,0.0,0.0,0.0,0.0
2023-09-13 04:00:00,0.0,0.0,0.0,0.0,0.0,0.0
2023-09-13 05:00:00,0.0,0.0,0.0,0.0,0.0,0.0
2023-09-13 06:00:00,0.0,0.0,0.0,0.0,0.0,0.0
2023-09-13 07:00:00,0.0,0.0,0.0,0.0,0.0,0.0
2023-09-13 08:00:00,0.3841279121485843,0.3728727190057601,0.36552048154929934,0.2319898513755046,0.3582154864605426,0.17337741050872316
2023-09-13 09:00:00,0.5007176935519555,0.4878024427260355,0.3983924649735742,0.3649732908350262,0.3873335484428007,0.2610028080860578
2023-09-13 10:00:00,0.5954468827449771,0.5685753320912242,0.559171699131946,0.5321555621782267,0.5474648766289659,0.4302650394136671
2023-09-13 11:00:00,0.5916389659728507,0.6341418857679517,0.5601659046678855,0.5009128109265127,0.5689452390254277,0.45119181855019524
2023-09-13 12:00:00,0.7196021722112549,0.6274333371970288,0.5911453624423887,0.5787608238159287,0.5908084802525253,0.6105725361490063
2023-09-13 13:00:00,0.7688575680310575,0.7413096092843345,0.6856413166950431,0.6833078533444403,0.6782987535590806,0.6175736076665145
2023-09-13 14:00:00,0.7719745498723352,0.7153813051077386,0.6157704216459398,0.6998749879195801,0.5861539592556214,0.6006144678394583
2023-09-13 15:00:00,0.7734813865323807,0.7485839019813152,0.6998635605764592,0.7317247186757156,0.6790080886906664,0.6452937374120221
2023-09-13 16:00:00,0.733090850161375,0.765326947390949,0.7566826651927382,0.7601391755197544,0.7401700871946346,0.6799472535186104
2023-09-13 17:00:00,0.7038074484170455,0.6985713284440517,0.6869754178054991,0.6885450137030871,0.6894812166228816,0.6849880334185141
2023-09-13 18:00:00,0.6228002231046217,0.6077375646534497,0.5999529220611682,0.606538880942073,0.6029783956654912,0.6072662436244316
2023-09-13 19:00:00,0.43767404971447615,0.4279806741073613,0.42181672662164665,0.42864331067710787,0.4215495567586118,0.4363790537194756
2023-09-13 20:00:00,0.0,0.0,0.0,0.0,0.0,0.0
2023-09-13 21:00:00,0.0,0.0,0.0,0.0,0.0,0.0
2023-09-13 22:00:00,0.0,0.0,0.0,0.0,0.0,0.0
2023-09-13 23:00:00,0.0,0.0,0.0,0.0,0.0,0.0
2023-09-14 00:00:00,0.0,0.0,0.0,0.0,0.0,0.0
2023-09-14 01:00:00,0.0,0.0,0.0,0.0,0.0,0.0
2023-09-14 02:00:00,0.0,0.0,0.0,0.0,0.0,0.0
2023-09-14 03:00:00,0.0,0.0,0.0,0.0,0.0,0.0
2023-09-14 04:00:00,0.0,0.0,0.0,0.0,0.0,0.0
2023-09-14 05:00:00,0.0,0.0,0.0,0.0,0.0,0.0
2023-09-14 06:00:00,0.0,0.0,0.0,0.0,0.0,0.0
2023-09-14 07:00:00,0.0,0.0,0.0,0.0,0.0,0.0
2023-09-14 08:00:00,0.46383309163396325,0.5105617059714627,0.5079694399041939,0.4921239930260938,0.4852120776598748,0.42827456451701273
2023-09-14 09:00:00,0.6056212605873563,0.6812572899118932,0.6748907794612796,0.6655560292790955,0.6521399389843897,0.5985198590675153
2023-09-14 10:00:00,0.7327670634268467,0.7382561622012558,0.7377105090990511,0.7312198917961265,0.7118624943561546,0.7101684178979908
2023-09-14 11:00:00,0.7678398060694478,0.7657920203098254,0.7607071277095168,0.7606065194779686,0.7610759012574627,0.7588251568232501
2023-09-14 12:00:00,0.7839995464947325,0.7793498745760402,0.7727390297522992,0.7762963123618369,0.7770881280696093,0.7755457331014857
2023-09-14 13:00:00,0.7864813055400338,0.7813672021583853,0.7746964842103988,0.7801780626809567,0.7784214651297018,0.7789439222011015
2023-09-14 14:00:00,0.782257746974281,0.7782816867487895,0.7715142931108029,0.7776893068995128,0.7719856409044009,0.7752489295027594
2023-09-14 15:00:00,0.7641251696293212,0.7596931807598545,0.7545707189695193,0.7607118074635003,0.7566989558748836,0.7611780690930616
2023-09-14 16:00:00,0.7371974537186918,0.7316592119840766,0.7262367807293119,0.7322647838886754,0.7293020913990402,0.7355582437959243
2023-09-14 17:00:00,0.69023735689096,0.6837348098618403,0.678181661582804,0.6831764100447151,0.6810758151933182,0.6899942874871628
2023-09-14 18:00:00,0.6023144069935825,0.5933096063170289,0.587925744587791,0.5925262465325624,0.5899211628048573,0.6056894319690751
2023-09-14 19:00:00,0.4278539173761411,0.41570394981730713,0.4147654246614979,0.4176411305381936,0.4159858355301682,0.4389857377343502
2023-09-14 20:00:00,0.0,0.0,0.0,0.0,0.0,0.0
2023-09-14 21:00:00,0.0,0.0,0.0,0.0,0.0,0.0
2023-09-14 22:00:00,0.0,0.0,0.0,0.0,0.0,0.0
2023-09-14 23:00:00,0.0,0.0,0.0,0.0,0.0,0.0
2023-09-15 00:00:00,0.0,0.0,0.0,0.0,0.0,0.0
2023-09-15 01:00:00,0.0,0.0,0.0,0.0,0.0,0.0
2023-09-15 02:00:00,0.0,0.0,0.0,0.0,0.0,0.0
2023-09-15 03:00:00,0.0,0.0,0.0,0.0,0.0,0.0
2023-09-15 04:00:00,0.0,0.0,0.0,0.0,0.0,0.0
2023-09-15 05:00:00,0.0,0.0,0.0,0.0,0.0,0.0
2023-09-15 06:00:00,0.0,0.0,0.0,0.0,0.0,0.0
2023-09-15 07:00:00,0.0,0.0,0.0,0.0,0.0,0.0
2023-09-15 08:00:00,0.4990078256554598,0.508236919173053,0.5071576763242887,0.4954398984579478,0.4877017116887811,0.47933222767177636
2023-09-15 09:00:00,0.6726260403270279,0.6797941670012104,0.6778538130740839,0.6722322771877915,0.6419220262504338,0.6519970719841081
2023-09-15 10:00:00,0.7402695146285866,0.7389457973249896,0.7348515111626068,0.7382706459261379,0.7203600686324889,0.7329231105919658
2023-09-15 11:00:00,0.7737361023409451,0.7665513263076555,0.7585561968067002,0.7670017407137498,0.7610552474846942,0.7704144775524608
2023-09-15 12:00:00,0.789976534404559,0.7825920873353273,0.7736525028390445,0.7816421135116839,0.776529797051196,0.7822579883911882
2023-09-15 13:00:00,0.7906398858081439,0.7842012733318741,0.7744333986755145,0.782989764107555,0.7774113781648686,0.7844350260211023
2023-09-15 14:00:00,0.7832344509306196,0.7782301286937789,0.7681101556303433,0.7751882364914425,0.7716433838852214,0.7780685340417556
2023-09-15 15:00:00,0.7672781771342105,0.7642883390686068,0.7543658858815774,0.7593476782647165,0.7581776288785214,0.7642819022905499
2023-09-15 16:00:00,0.7411085171288675,0.7379901495538282,0.728253927579685,0.7321165523146798,0.7318500184547881,0.7382010339402097
2023-09-15 17:00:00,0.6965412203138519,0.6916750946178661,0.6819996550516627,0.6876910612660462,0.6842604802257412,0.6949851451312669
2023-09-15 18:00:00,0.6104798681049053,0.601585059995064,0.5925837664777142,0.6020758212133572,0.592497531914797,0.6128887642476708
2023-09-15 19:00:00,0.43756387431134386,0.4253300228801515,0.4194919461902164,0.42886177047183616,0.4174343121037081,0.4484082244042616
2023-09-15 20:00:00,0.0,0.0,0.0,0.0,0.0,0.0
2023-09-15 21:00:00,0.0,0.0,0.0,0.0,0.0,0.0
2023-09-15 22:00:00,0.0,0.0,0.0,0.0,0.0,0.0
2023-09-15 23:00:00,0.0,0.0,0.0,0.0,0.0,0.0
2023-09-16 00:00:00,0.0,0.0,0.0,0.0,0.0,0.0
2023-09-16 01:00:00,0.0,0.0,0.0,0.0,0.0,0.0
2023-09-16 02:00:00,0.0,0.0,0.0,0.0,0.0,0.0
2023-09-16 03:00:00,0.0,0.0,0.0,0.0,0.0,0.0
2023-09-16 04:00:00,0.0,0.0,0.0,0.0,0.0,0.0
2023-09-16 05:00:00,0.0,0.0,0.0,0.0,0.0,0.0
2023-09-16 06:00:00,0.0,0.0,0.0,0.0,0.0,0.0
2023-09-16 07:00:00,0.0,0.0,0.0,0.0,0.0,0.0
2023-09-16 08:00:00,0.5000197044638224,0.5051212292423608,0.504039238381157,0.4997214900924275,0.48188504125821136,0.4862262920023772
2023-09-16 09:00:00,0.6709974215900518,0.6696065269368535,0.6694278460000648,0.6715367054303455,0.6434962586596709,0.6636594622776211
2023-09-16 10:00:00,0.742449169224507,0.7381054522698367,0.7352869842614953,0.7428511721646349,0.7154149391892846,0.7390265485639042
2023-09-16 11:00:00,0.777066906232007,0.7683348119213392,0.7604854006299078,0.7719879946106861,0.7616600146542829,0.7731141344141045
2023-09-16 12:00:00,0.7916030616295631,0.7832581582768738,0.774765458575243,0.7864715294678453,0.7763868749228741,0.7867247667327688
2023-09-16 13:00:00,0.7900246971176019,0.7817827685850425,0.7732193042103587,0.7860392922546862,0.7749330175258649,0.7885122304014892
2023-09-16 14:00:00,0.7803119610262828,0.7730379688249123,0.7641675339937559,0.7757772685338652,0.7670078286183378,0.7801978349133047
2023-09-16 15:00:00,0.7622697766726331,0.7572917575263175,0.7483071995382268,0.757731367149371,0.7519668082641371,0.764859182936459
2023-09-16 16:00:00,0.7335793338960537,0.7301985802248447,0.7208762021871986,0.7268703314056703,0.7250768299068211,0.736902516160978
2023-09-16 17:00:00,0.6859893146333726,0.6817650853318872,0.6724954249131769,0.6767756189497438,0.6763064273120546,0.6878812224296031
2023-09-16 18:00:00,0.5961360899431796,0.5877644680361659,0.5790421418276949,0.5879093343356956,0.5800971507580812,0.5965131590775834
2023-09-16 19:00:00,0.41508647825475237,0.40497066180912444,0.39892955227492244,0.4078002959624885,0.39919531255048213,0.3876449003107929
2023-09-16 20:00:00,0.0,0.0,0.0,0.0,0.0,0.0
2023-09-16 21:00:00,0.0,0.0,0.0,0.0,0.0,0.0
2023-09-16 22:00:00,0.0,0.0,0.0,0.0,0.0,0.0
2023-09-16 23:00:00,0.0,0.0,0.0,0.0,0.0,0.0
2023-09-17 00:00:00,0.0,0.0,0.0,0.0,0.0,0.0
2023-09-17 01:00:00,0.0,0.0,0.0,0.0,0.0,0.0
2023-09-17 02:00:00,0.0,0.0,0.0,0.0,0.0,0.0
2023-09-17 03:00:00,0.0,0.0,0.0,0.0,0.0,0.0
2023-09-17 04:00:00,0.0,0.0,0.0,0.0,0.0,0.0
2023-09-17 05:00:00,0.0,0.0,0.0,0.0,0.0,0.0
2023-09-17 06:00:00,0.0,0.0,0.0,0.0,0.0,0.0
2023-09-17 07:00:00,0.0,0.0,0.0,0.0,0.0,0.0
2023-09-17 08:00:00,0.1702986058380216,0.2299386066156506,0.2747456545509828,0.3298912917367599,0.255475187313185,0.3484372889903287
2023-09-17 09:00:00,0.46049802121667055,0.5527441410328519,0.5801485231415399,0.6112943082331774,0.5428936555626661,0.4735930358914423
2023-09-17 10:00:00,0.6723079506072918,0.6928386590880617,0.6846852337621187,0.6805362474414107,0.649825490524823,0.5415016849088164
2023-09-17 11:00:00,0.6306418918535269,0.6980220088876035,0.6669779845858511,0.6008702116155488,0.6844950942691345,0.6218793654531225
2023-09-17 12:00:00,0.7080881348542227,0.7392577827801117,0.7507088000157203,0.7396188206658292,0.7487279976839318,0.7299674868470756
2023-09-17 13:00:00,0.7659067466163693,0.7786833656656516,0.7703803720518324,0.7669774048404219,0.7818825296109168,0.7328654470670046
2023-09-17 14:00:00,0.7776679767728896,0.7768891549771586,0.7682294499274015,0.7713024979986524,0.774232004134697,0.6916203744114034
2023-09-17 15:00:00,0.767153101853239,0.7625150613285003,0.75368039391633,0.7618590755362693,0.7503568939023538,0.6083277867885367
2023-09-17 16:00:00,0.726889778416357,0.7365619962631961,0.7274899125041279,0.7367138415691623,0.7267673576399094,0.596575773670811
2023-09-17 17:00:00,0.6440958023152163,0.667513403602184,0.6521800954040802,0.6038802233929613,0.6671838299042393,0.47562022761867856
2023-09-17 18:00:00,0.4636136120973245,0.48816698112445256,0.47992901728826803,0.4578325088210539,0.4993218361063684,0.37554274454615444
2023-09-17 19:00:00,0.3328712254445877,0.3540537173866123,0.3289614499486133,0.3227192123723404,0.34073800272509613,0.200814673166514
2023-09-17 20:00:00,0.0,0.0,0.0,0.0,0.0,0.0
2023-09-17 21:00:00,0.0,0.0,0.0,0.0,0.0,0.0
2023-09-17 22:00:00,0.0,0.0,0.0,0.0,0.0,0.0
2023-09-17 23:00:00,0.0,0.0,0.0,0.0,0.0,0.0
2023-09-18 00:00:00,0.0,0.0,0.0,0.0,0.0,0.0
2023-09-18 01:00:00,0.0,0.0,0.0,0.0,0.0,0.0
2023-09-18 02:00:00,0.0,0.0,0.0,0.0,0.0,0.0
2023-09-18 03:00:00,0.0,0.0,0.0,0.0,0.0,0.0
2023-09-18 04:00:00,0.0,0.0,0.0,0.0,0.0,0.0
2023-09-18 05:00:00,0.0,0.0,0.0,0.0,0.0,0.0
2023-09-18 06:00:00,0.0,0.0,0.0,0.0,0.0,0.0
2023-09-18 07:00:00,0.0,0.0,0.0,0.0,0.0,0.0
2023-09-18 08:00:00,0.11889455695788186,0.24167061233616077,0.2881707998093624,0.27638317772436233,0.2901037891985792,0.20272296464691408
2023-09-18 09:00:00,0.23376890177976967,0.30183735319662475,0.38308432454913866,0.3439550956381839,0.38583500779189406,0.27618681059403405
2023-09-18 10:00:00,0.4676645334633495,0.4322590015964566,0.4954906186572813,0.38123899969335223,0.5054574894244752,0.4445601559906114
2023-09-18 11:00:00,0.6666539671950651,0.6678970830979318,0.6621450984214958,0.6724112663408006,0.638132513403255,0.5222921687263228
2023-09-18 12:00:00,0.6371549674877036,0.5876094928545995,0.5634163689788807,0.5689129258984864,0.5439915353872251,0.5327144089741039
2023-09-18 13:00:00,0.6085966427895128,0.6413539034138694,0.6282348708096993,0.5130437934768814,0.6438625073021714,0.4852103374708506
2023-09-18 14:00:00,0.6132804037984868,0.5993849359718791,0.5105599345171414,0.554463216515831,0.5070510447705742,0.5109712395222058
2023-09-18 15:00:00,0.6102887261263147,0.6150797602999118,0.6043678527830383,0.5156318620042223,0.6224426761017596,0.4604376037205743
2023-09-18 16:00:00,0.5786734366017429,0.6455194030821313,0.6126571854478832,0.5807969130623717,0.6371194434860221,0.4805470184745746
2023-09-18 17:00:00,0.48770010023676635,0.4653779320211532,0.4270752170410102,0.4285598431838126,0.4624964740701954,0.42274114006803304
2023-09-18 18:00:00,0.5069279406108149,0.43645408313397854,0.39105961820091995,0.5361265794833151,0.36636520681996354,0.33587095374614706
2023-09-18 19:00:00,0.42524445332274874,0.393241778152372,0.3610099844033787,0.404649471114101,0.3555571443485311,0.337488061001712
2023-09-18 20:00:00,0.0,0.0,0.0,0.0,0.0,0.0
2023-09-18 21:00:00,0.0,0.0,0.0,0.0,0.0,0.0
2023-09-18 22:00:00,0.0,0.0,0.0,0.0,0.0,0.0
2023-09-18 23:00:00,0.0,0.0,0.0,0.0,0.0,0.0
2023-09-19 00:00:00,0.0,0.0,0.0,0.0,0.0,0.0
2023-09-19 01:00:00,0.0,0.0,0.0,0.0,0.0,0.0
2023-09-19 02:00:00,0.0,0.0,0.0,0.0,0.0,0.0
2023-09-19 03:00:00,0.0,0.0,0.0,0.0,0.0,0.0
2023-09-19 04:00:00,0.0,0.0,0.0,0.0,0.0,0.0
2023-09-19 05:00:00,0.0,0.0,0.0,0.0,0.0,0.0
2023-09-19 06:00:00,0.0,0.0,0.0,0.0,0.0,0.0
2023-09-19 07:00:00,0.0,0.0,0.0,0.0,0.0,0.0
2023-09-19 08:00:00,0.009893600815644384,0.013625187119315214,0.017485198692199153,0.010633132119797068,0.020064332836594385,0.02033884242050125
2023-09-19 09:00:00,0.053128426431956574,0.04762120058730584,0.051295711815402205,0.04216935730716999,0.05601632004257802,0.18598227927254338
2023-09-19 10:00:00,0.13387805626781613,0.08959522036360712,0.0981615017674503,0.16313825899602877,0.09111399026591101,0.3401054953099709
2023-09-19 11:00:00,0.2776598927552515,0.17726329774083796,0.1701106658920482,0.3441437105400757,0.1305478979087827,0.4002550400753053
2023-09-19 12:00:00,0.26478408244217133,0.31400524170480465,0.2582450230485158,0.3757608053868578,0.22207897892553766,0.30040532496413913
2023-09-19 13:00:00,0.23490856341977373,0.24791271608251655,0.2668330334239779,0.22615926260278033,0.27201575742412076,0.2762292102697578
2023-09-19 14:00:00,0.25081730974187405,0.3063056203136058,0.38310313169182314,0.26199492317547535,0.39372523023030376,0.30188071057619087
2023-09-19 15:00:00,0.24703465963003157,0.1661037419672831,0.20471991010741025,0.16825658197653165,0.2125021553484085,0.3144694867423453
2023-09-19 16:00:00,0.2864546027418839,0.1638910791533749,0.12958769858202454,0.1816327921263636,0.1359700229878554,0.3348441757292308
2023-09-19 17:00:00,0.18724826439135947,0.07076835786175442,0.10490870944090597,0.11734010897061888,0.10411671429076814,0.30583307083185196
2023-09-19 18:00:00,0.29066493394053255,0.20123575431690385,0.17845023294911044,0.3358574426869265,0.1214025159548228,0.29610217492135704
2023-09-19 19:00:00,0.19633918059908148,0.12057568630860883,0.15845125963949902,0.15788582142297447,0.15035413823976523,0.19682069553433063
2023-09-19 20:00:00,0.0,0.0,0.0,0.0,0.0,0.0
2023-09-19 21:00:00,0.0,0.0,0.0,0.0,0.0,0.0
2023-09-19 22:00:00,0.0,0.0,0.0,0.0,0.0,0.0
2023-09-19 23:00:00,0.0,0.0,0.0,0.0,0.0,0.0
2023-09-20 00:00:00,0.0,0.0,0.0,0.0,0.0,0.0
2023-09-20 01:00:00,0.0,0.0,0.0,0.0,0.0,0.0
2023-09-20 02:00:00,0.0,0.0,0.0,0.0,0.0,0.0
2023-09-20 03:00:00,0.0,0.0,0.0,0.0,0.0,0.0
2023-09-20 04:00:00,0.0,0.0,0.0,0.0,0.0,0.0
2023-09-20 05:00:00,0.0,0.0,0.0,0.0,0.0,0.0
2023-09-20 06:00:00,0.0,0.0,0.0,0.0,0.0,0.0
2023-09-20 07:00:00,0.0,0.0,0.0,0.0,0.0,0.0
2023-09-20 08:00:00,0.03406951911887654,0.03493370604384775,0.06964253529551898,0.011234848519183672,0.11389549275092035,0.15790993679602794
2023-09-20 09:00:00,0.14262978104077814,0.12109918814194208,0.1776304175906353,0.07480386024851907,0.21192516605407796,0.2638206999038103
2023-09-20 10:00:00,0.1663840443997315,0.2667225638903014,0.3790206685586563,0.22529747582509965,0.4087612718121353,0.37236484969522593
2023-09-20 11:00:00,0.3866662742702663,0.3982879597095089,0.44494782907671154,0.3977271062043462,0.4563253331666933,0.46199581472812157
2023-09-20 12:00:00,0.5316618753370177,0.5307011132261997,0.49937685803946236,0.4638031464925395,0.4998468740582392,0.4533020058726741
2023-09-20 13:00:00,0.5949715310620711,0.6539405046676933,0.6539930213371775,0.5309657201066379,0.661115598245454,0.4967208649263416
2023-09-20 14:00:00,0.6287790695166566,0.6270841771781566,0.603842566750876,0.49934004433388635,0.6074334479531324,0.4290622869131735
2023-09-20 15:00:00,0.5545033385828645,0.5219271982718194,0.5095372069657841,0.439459683910614,0.5082819471343991,0.39411600033128413
2023-09-20 16:00:00,0.5052812805450279,0.527533159629756,0.5306405493645273,0.5279368622608187,0.5255150030352695,0.38934186752060873
2023-09-20 17:00:00,0.3318297244688797,0.4003620448969079,0.33254677077443295,0.34718431516682813,0.3730366347765676,0.29737477199668483
2023-09-20 18:00:00,0.3170860822163225,0.30310087202396646,0.23596489815545812,0.16348914344189638,0.2750636729249984,0.2691282095870673
2023-09-20 19:00:00,0.25134548486914915,0.2391127178030074,0.2659548428081137,0.1539721168025337,0.3021420074733958,0.2563298538141605
2023-09-20 20:00:00,0.0,0.0,0.0,0.0,0.0,0.0
2023-09-20 21:00:00,0.0,0.0,0.0,0.0,0.0,0.0
2023-09-20 22:00:00,0.0,0.0,0.0,0.0,0.0,0.0
2023-09-20 23:00:00,0.0,0.0,0.0,0.0,0.0,0.0
2023-09-21 00:00:00,0.0,0.0,0.0,0.0,0.0,0.0
2023-09-21 01:00:00,0.0,0.0,0.0,0.0,0.0,0.0
2023-09-21 02:00:00,0.0,0.0,0.0,0.0,0.0,0.0
2023-09-21 03:00:00,0.0,0.0,0.0,0.0,0.0,0.0
2023-09-21 04:00:00,0.0,0.0,0.0,0.0,0.0,0.0
2023-09-21 05:00:00,0.0,0.0,0.0,0.0,0.0,0.0
2023-09-21 06:00:00,0.0,0.0,0.0,0.0,0.0,0.0
2023-09-21 07:00:00,0.0,0.0,0.0,0.0,0.0,0.0
2023-09-21 08:00:00,0.47443588166575473,0.48334826779211126,0.47745101871701323,0.4707515477527663,0.4595072461257789,0.3941051016972936
2023-09-21 09:00:00,0.6653864800986438,0.6803265839440722,0.6765746365461955,0.666545448290051,0.6434180615205283,0.5766691327526373
2023-09-21 10:00:00,0.7508860846436218,0.7567023620023499,0.7518652058917104,0.74013122432802,0.7299598296367812,0.7067466526538214
2023-09-21 11:00:00,0.7898303186136473,0.7853936021400314,0.7794845792732119,0.782390184375585,0.7764028349982148,0.7710638084079963
2023-09-21 12:00:00,0.807901292049666,0.7955953520051017,0.7785821206013591,0.7956425256579824,0.7700142375856011,0.7972598689599214
2023-09-21 13:00:00,0.8107958015063552,0.7813665328193461,0.7491877594504048,0.789956765886835,0.7499079683570454,0.8031090798020272
2023-09-21 14:00:00,0.8087149434413106,0.7992353066119683,0.792890484181609,0.8000768676195374,0.7956493406320533,0.7993338059214442
2023-09-21 15:00:00,0.7926972176116129,0.7820635629677751,0.7779988325722028,0.7849909055659856,0.7799090137127055,0.7831499044852243
2023-09-21 16:00:00,0.7632836342536566,0.7492802345684042,0.7458970976149213,0.7536193201294241,0.7474029444984863,0.7523263214838483
2023-09-21 17:00:00,0.7113912424310583,0.6938639849025408,0.6903541503286585,0.6989776972719033,0.6914956803556039,0.702073559424017
2023-09-21 18:00:00,0.6008921523901252,0.5816546110156231,0.578351053485171,0.589551064947762,0.5776430415335784,0.5985687978868031
2023-09-21 19:00:00,0.4087326120847097,0.3929872422109824,0.39210955300312067,0.4005860815569953,0.39210039266540114,0.41306194441217375
2023-09-21 20:00:00,0.0,0.0,0.0,0.0,0.0,0.0
2023-09-21 21:00:00,0.0,0.0,0.0,0.0,0.0,0.0
2023-09-21 22:00:00,0.0,0.0,0.0,0.0,0.0,0.0
2023-09-21 23:00:00,0.0,0.0,0.0,0.0,0.0,0.0
2023-09-22 00:00:00,0.0,0.0,0.0,0.0,0.0,0.0
2023-09-22 01:00:00,0.0,0.0,0.0,0.0,0.0,0.0
2023-09-22 02:00:00,0.0,0.0,0.0,0.0,0.0,0.0
2023-09-22 03:00:00,0.0,0.0,0.0,0.0,0.0,0.0
2023-09-22 04:00:00,0.0,0.0,0.0,0.0,0.0,0.0
2023-09-22 05:00:00,0.0,0.0,0.0,0.0,0.0,0.0
2023-09-22 06:00:00,0.0,0.0,0.0,0.0,0.0,0.0
2023-09-22 07:00:00,0.0,0.0,0.0,0.0,0.0,0.0
2023-09-22 08:00:00,0.40907056411121306,0.46306248111234044,0.46235974729024093,0.44759083122993937,0.4420722561596031,0.42599059585805554
2023-09-22 09:00:00,0.6141505166557781,0.6523757401586124,0.651068240860032,0.6405450901723,0.6219462825587352,0.6125696129947983
2023-09-22 10:00:00,0.7062755897333426,0.7149852506859538,0.724915156785514,0.7215526552750272,0.6903931887863501,0.7101976670689117
2023-09-22 11:00:00,0.7557138655955518,0.7585505521226569,0.7550206319613683,0.7569677573502404,0.7421515215684709,0.7606018409017344
2023-09-22 12:00:00,0.7668719908136759,0.7646196952283331,0.7601249063748972,0.7660159720187918,0.755383252087974,0.7740931683000881
2023-09-22 13:00:00,0.7276268340007336,0.7514349991960951,0.7319034045972513,0.7540125318802252,0.7405978052927457,0.7753031106857471
2023-09-22 14:00:00,0.6913225043639555,0.7592438597176301,0.758003771663004,0.758980925303864,0.7660748593758715,0.7698260497455766
2023-09-22 15:00:00,0.4811935043517117,0.4863277781718023,0.6154355992944744,0.5717244922213387,0.6254347032906373,0.7312834609569386
2023-09-22 16:00:00,0.3141799920348132,0.32610041141980445,0.44979005830593466,0.27891412562487455,0.49491274630829113,0.6506528417055066
2023-09-22 17:00:00,0.28233738261586916,0.28129203776557504,0.24560193539115885,0.17775322850181716,0.2651581413221333,0.5300281200194168
2023-09-22 18:00:00,0.22910946241335567,0.22924429625389928,0.1520151985214581,0.14097220900145305,0.16016719399017348,0.4451521139309522
2023-09-22 19:00:00,0.14049960265585154,0.10343496096182606,0.10576509835430475,0.08288135286568124,0.12212244042525605,0.3103973312872842
2023-09-22 20:00:00,0.0,0.0,0.0,0.0,0.0,0.0
2023-09-22 21:00:00,0.0,0.0,0.0,0.0,0.0,0.0
2023-09-22 22:00:00,0.0,0.0,0.0,0.0,0.0,0.0
2023-09-22 23:00:00,0.0,0.0,0.0,0.0,0.0,0.0
2023-09-23 00:00:00,0.0,0.0,0.0,0.0,0.0,0.0
2023-09-23 01:00:00,0.0,0.0,0.0,0.0,0.0,0.0
2023-09-23 02:00:00,0.0,0.0,0.0,0.0,0.0,0.0
2023-09-23 03:00:00,0.0,0.0,0.0,0.0,0.0,0.0
2023-09-23 04:00:00,0.0,0.0,0.0,0.0,0.0,0.0
2023-09-23 05:00:00,0.0,0.0,0.0,0.0,0.0,0.0
2023-09-23 06:00:00,0.0,0.0,0.0,0.0,0.0,0.0
2023-09-23 07:00:00,0.0,0.0,0.0,0.0,0.0,0.0
2023-09-23 08:00:00,0.16062422081735234,0.09634756796709291,0.04250080680423953,0.027407494306770547,0.049630422678790746,0.08728653864952539
2023-09-23 09:00:00,0.43044205045227907,0.2408218380117414,0.13721589378086024,0.1566478030197946,0.11809567388423049,0.17570526750018003
2023-09-23 10:00:00,0.569177321196074,0.5408386290207278,0.3859856059216398,0.4025628207669508,0.3645759085707476,0.3075344324606771
2023-09-23 11:00:00,0.6163025654466344,0.6384496550387841,0.5895126452113063,0.4237440037484959,0.6050284259823361,0.44418363450314013
2023-09-23 12:00:00,0.3840603428166768,0.42198063072837017,0.4557111661661868,0.3591112654079027,0.46149868308745556,0.4234313348569708
2023-09-23 13:00:00,0.4174558904009159,0.4977243904607097,0.48895988657981243,0.5152124145413174,0.4797886309514447,0.4876292004363903
2023-09-23 14:00:00,0.23171876476594283,0.2840101957462651,0.26919808798376066,0.20608088992861195,0.3117186742738932,0.2952858834701244
2023-09-23 15:00:00,0.21776256658263643,0.3019166259559045,0.27703626631743195,0.19474624152981554,0.31779310540916766,0.2382567944296383
2023-09-23 16:00:00,0.19958428119465862,0.22801974228254224,0.20192246896695173,0.206821633779373,0.21055497064671883,0.22457402723513284
2023-09-23 17:00:00,0.1250915105089614,0.20026227734064497,0.21141703656316158,0.2681263649881393,0.20987258346127888,0.2876413675306097
2023-09-23 18:00:00,0.10389935914807269,0.11590089723521049,0.0749325667481531,0.05599176498907828,0.1027769657116721,0.265460223116835
2023-09-23 19:00:00,0.02021536500326134,0.04439002873193348,0.026065169247326114,0.025234397311501927,0.04004674312068248,0.1111940820947903
2023-09-23 20:00:00,0.0,0.0,0.0,0.0,0.0,0.0
2023-09-23 21:00:00,0.0,0.0,0.0,0.0,0.0,0.0
2023-09-23 22:00:00,0.0,0.0,0.0,0.0,0.0,0.0
2023-09-23 23:00:00,0.0,0.0,0.0,0.0,0.0,0.0
2023-09-24 00:00:00,0.0,0.0,0.0,0.0,0.0,0.0
2023-09-24 01:00:00,0.0,0.0,0.0,0.0,0.0,0.0
2023-09-24 02:00:00,0.0,0.0,0.0,0.0,0.0,0.0
2023-09-24 03:00:00,0.0,0.0,0.0,0.0,0.0,0.0
2023-09-24 04:00:00,0.0,0.0,0.0,0.0,0.0,0.0
2023-09-24 05:00:00,0.0,0.0,0.0,0.0,0.0,0.0
2023-09-24 06:00:00,0.0,0.0,0.0,0.0,0.0,0.0
2023-09-24 07:00:00,0.0,0.0,0.0,0.0,0.0,0.0
2023-09-24 08:00:00,0.35268455505910884,0.2971301583592882,0.36051149819130507,0.3763357814557807,0.31157008470817954,0.3045501128546109
2023-09-24 09:00:00,0.5812421682210634,0.5867462119989011,0.6040939381249218,0.6128640356380752,0.5419772882805306,0.4064913511592762
2023-09-24 10:00:00,0.67338946321533,0.6844734224051836,0.7170919960539817,0.7176953074506408,0.6788126912783768,0.5275607699279803
2023-09-24 11:00:00,0.5396831263586,0.5785211164924918,0.6462571349924975,0.7096397152212145,0.6167115666046887,0.5528433125811254
2023-09-24 12:00:00,0.4576971447412054,0.4194693931858921,0.4377116917758767,0.5632362548514844,0.4369606972435306,0.6453497707540643
2023-09-24 13:00:00,0.3549545774509116,0.45072645621419016,0.49892797002422873,0.4664814635789259,0.5172840972795356,0.5898262411237961
2023-09-24 14:00:00,0.2942910055801079,0.34611308209297104,0.3694492821501346,0.3505299695994366,0.3885231171758651,0.5713192018693847
2023-09-24 15:00:00,0.2441663654727496,0.36551662886980574,0.3850593003184139,0.2723867691303882,0.40790900917472545,0.4778737674554785
2023-09-24 16:00:00,0.19303371131040245,0.13592884419284887,0.12636330914328747,0.16276157270324226,0.11815863805286105,0.35842280605240767
2023-09-24 17:00:00,0.08842619134539882,0.11993796580430333,0.1660130694043695,0.15341304075946913,0.1686089250507178,0.23271489928357045
2023-09-24 18:00:00,0.05465469830022702,0.04703231819498281,0.05067730620772558,0.07086327554274233,0.04433950594016752,0.11567496894336968
2023-09-24 19:00:00,0.04097351435153243,0.01596158871071924,0.016038777708324424,0.008747906852619777,0.01911027265985508,0.023071957659484707
2023-09-24 20:00:00,0.0,0.0,0.0,0.0,0.0,0.0
2023-09-24 21:00:00,0.0,0.0,0.0,0.0,0.0,0.0
2023-09-24 22:00:00,0.0,0.0,0.0,0.0,0.0,0.0
2023-09-24 23:00:00,0.0,0.0,0.0,0.0,0.0,0.0
2023-09-25 00:00:00,0.0,0.0,0.0,0.0,0.0,0.0
2023-09-25 01:00:00,0.0,0.0,0.0,0.0,0.0,0.0
2023-09-25 02:00:00,0.0,0.0,0.0,0.0,0.0,0.0
2023-09-25 03:00:00,0.0,0.0,0.0,0.0,0.0,0.0
2023-09-25 04:00:00,0.0,0.0,0.0,0.0,0.0,0.0
2023-09-25 05:00:00,0.0,0.0,0.0,0.0,0.0,0.0
2023-09-25 06:00:00,0.0,0.0,0.0,0.0,0.0,0.0
2023-09-25 07:00:00,0.0,0.0,0.0,0.0,0.0,0.0
2023-09-25 08:00:00,0.0016977338256284297,0.004027620740709542,0.003458283607684792,0.0014373014695322098,0.00420877586885065,0.01564693202724278
2023-09-25 09:00:00,0.024393173751426224,0.049693313481929416,0.06779136435452465,0.06144427843467615,0.06629413014515305,0.06777502450750127
2023-09-25 10:00:00,0.051583379784589316,0.12220728857008219,0.19596177661059833,0.10803869505684402,0.2018997271992806,0.1089678515786905
2023-09-25 11:00:00,0.12171211877570899,0.1943813195145764,0.2453413732327823,0.13978079627573686,0.25904994471433546,0.22705664593205208
2023-09-25 12:00:00,0.11612458704886212,0.17745398828071998,0.16696677474784666,0.11424948780778779,0.188367808209917,0.17196510957800465
2023-09-25 13:00:00,0.233325084268123,0.2077366821998083,0.2038353607650222,0.1544698853304729,0.2244176224465076,0.27029317000114744
2023-09-25 14:00:00,0.3127999997198735,0.27711121770107217,0.16906257965789487,0.20329759465912195,0.18276301358328748,0.36152259226432765
2023-09-25 15:00:00,0.43090605578793395,0.6069162871737952,0.4998462544402235,0.4124615179647547,0.5314599669881378,0.2810954860421598
2023-09-25 16:00:00,0.21056163281844598,0.3548583521232907,0.23216593216615025,0.1962169208694875,0.3062417271290922,0.14078973670337638
2023-09-25 17:00:00,0.06500504596561482,0.10272278945994912,0.09141788405071048,0.060847086996046434,0.11483419922951298,0.07241859754506946
2023-09-25 18:00:00,0.02382170963085975,0.01526162028216806,0.011367488427872465,0.009916194597833765,0.012027549304653625,0.06245580393040833
2023-09-25 19:00:00,0.011803539217561382,0.0,0.0,0.0,0.0,0.0484345222806373
2023-09-25 20:00:00,0.0,0.0,0.0,0.0,0.0,0.0
2023-09-25 21:00:00,0.0,0.0,0.0,0.0,0.0,0.0
2023-09-25 22:00:00,0.0,0.0,0.0,0.0,0.0,0.0
2023-09-25 23:00:00,0.0,0.0,0.0,0.0,0.0,0.0
2023-09-26 00:00:00,0.0,0.0,0.0,0.0,0.0,0.0
2023-09-26 01:00:00,0.0,0.0,0.0,0.0,0.0,0.0
2023-09-26 02:00:00,0.0,0.0,0.0,0.0,0.0,0.0
2023-09-26 03:00:00,0.0,0.0,0.0,0.0,0.0,0.0
2023-09-26 04:00:00,0.0,0.0,0.0,0.0,0.0,0.0
2023-09-26 05:00:00,0.0,0.0,0.0,0.0,0.0,0.0
2023-09-26 06:00:00,0.0,0.0,0.0,0.0,0.0,0.0
2023-09-26 07:00:00,0.0,0.0,0.0,0.0,0.0,0.0
2023-09-26 08:00:00,0.2542827416687938,0.1127739559698747,0.12890213817125515,0.2909201592614238,0.08913485728377118,0.23245347297521454
2023-09-26 09:00:00,0.31768521808416544,0.17263973270729652,0.22462661116782456,0.40913380612338696,0.15751230982462158,0.3373217090486566
2023-09-26 10:00:00,0.41995502932155226,0.23909266474951382,0.27083973326057104,0.4875898009933046,0.20441380843130033,0.42858331090188195
2023-09-26 11:00:00,0.3550657894433625,0.20320731659053204,0.2666584386845078,0.4179586174339209,0.2457647822938347,0.43602831884532917
2023-09-26 12:00:00,0.4258154783931447,0.4384532769895505,0.5278249869711746,0.4809026550928017,0.5372426234226881,0.5380023512385992
2023-09-26 13:00:00,0.4174722922030932,0.35693704176261837,0.3855149957166864,0.5257366946767174,0.349500405557593,0.5993387437907075
2023-09-26 14:00:00,0.5536091870242114,0.4814260287433766,0.46173456674802554,0.5485416374356535,0.43148225173818533,0.5767538677126857
2023-09-26 15:00:00,0.3966317711791425,0.4407052509586797,0.4565039239564591,0.447289592859075,0.4638991667202714,0.5270950353693844
2023-09-26 16:00:00,0.3576365325547745,0.5000338721876233,0.5123691937174698,0.4303175089120193,0.5336931810151685,0.4227730412514472
2023-09-26 17:00:00,0.22476722339905675,0.2508100599675608,0.3096984361799811,0.279433434389229,0.3140138723506925,0.297387901052569
2023-09-26 18:00:00,0.24458022672937296,0.095444766909863,0.1250392164388634,0.11597783056846024,0.11655128067297378,0.23485559893495286
2023-09-26 19:00:00,0.18358819455678885,0.05711793660835664,0.04331726847570651,0.12829452523640658,0.013537917295869959,0.12063263894519026
2023-09-26 20:00:00,0.0,0.0,0.0,0.0,0.0,0.0
2023-09-26 21:00:00,0.0,0.0,0.0,0.0,0.0,0.0
2023-09-26 22:00:00,0.0,0.0,0.0,0.0,0.0,0.0
2023-09-26 23:00:00,0.0,0.0,0.0,0.0,0.0,0.0
2023-09-27 00:00:00,0.0,0.0,0.0,0.0,0.0,0.0
2023-09-27 01:00:00,0.0,0.0,0.0,0.0,0.0,0.0
2023-09-27 02:00:00,0.0,0.0,0.0,0.0,0.0,0.0
2023-09-27 03:00:00,0.0,0.0,0.0,0.0,0.0,0.0
2023-09-27 04:00:00,0.0,0.0,0.0,0.0,0.0,0.0
2023-09-27 05:00:00,0.0,0.0,0.0,0.0,0.0,0.0
2023-09-27 06:00:00,0.0,0.0,0.0,0.0,0.0,0.0
2023-09-27 07:00:00,0.0,0.0,0.0,0.0,0.0,0.0
2023-09-27 08:00:00,0.009368097205696388,0.03125254438603964,0.047192587431882656,0.03996499538088657,0.04344567213372185,0.06140144443529063
2023-09-27 09:00:00,0.03759308223444214,0.09483719431944387,0.13145105456227718,0.09744760878193985,0.13856399527132598,0.1556700571052632
2023-09-27 10:00:00,0.07671736966115639,0.15546514531203032,0.24549907267801035,0.18050859763556315,0.2475318875580917,0.28235907971988045
2023-09-27 11:00:00,0.11783606209732869,0.1590002182079205,0.25402256861631284,0.20796623138991333,0.26907361608142116,0.3356100457335277
2023-09-27 12:00:00,0.16057013720962057,0.14559299949659055,0.18520702846399847,0.17735757745211617,0.1815028491300898,0.22716245136245664
2023-09-27 13:00:00,0.22996200967995722,0.13782817420803414,0.12424434745905567,0.28875706487341113,0.08172078955267553,0.23126640036621826
2023-09-27 14:00:00,0.36253966590072634,0.18905471733642992,0.155994484684444,0.28295629574017667,0.11712741211580341,0.26713740739634934
2023-09-27 15:00:00,0.38205637461888553,0.2376308832572795,0.17879059350925314,0.3070297144214866,0.13583897360928898,0.3864215213910102
2023-09-27 16:00:00,0.36395098970682305,0.25237066942056663,0.19191300816672813,0.21938769223182256,0.18090951235059788,0.31761466252131687
2023-09-27 17:00:00,0.4371214943872003,0.3219476890198674,0.19165689882095352,0.19044097641923938,0.17660599472217592,0.3382489285598063
2023-09-27 18:00:00,0.32493154517257056,0.2593088828664935,0.18223286439313563,0.22064629220288567,0.16666672356236858,0.23783110030631208
2023-09-27 19:00:00,0.24525966175520905,0.27744498476784507,0.17623903237175614,0.19896637828122218,0.1804801335692523,0.12854076295070796
2023-09-27 20:00:00,0.0,0.0,0.0,0.0,0.0,0.0
2023-09-27 21:00:00,0.0,0.0,0.0,0.0,0.0,0.0
2023-09-27 22:00:00,0.0,0.0,0.0,0.0,0.0,0.0
2023-09-27 23:00:00,0.0,0.0,0.0,0.0,0.0,0.0
2023-09-28 00:00:00,0.0,0.0,0.0,0.0,0.0,0.0
2023-09-28 01:00:00,0.0,0.0,0.0,0.0,0.0,0.0
2023-09-28 02:00:00,0.0,0.0,0.0,0.0,0.0,0.0
2023-09-28 03:00:00,0.0,0.0,0.0,0.0,0.0,0.0
2023-09-28 04:00:00,0.0,0.0,0.0,0.0,0.0,0.0
2023-09-28 05:00:00,0.0,0.0,0.0,0.0,0.0,0.0
2023-09-28 06:00:00,0.0,0.0,0.0,0.0,0.0,0.0
2023-09-28 07:00:00,0.0,0.0,0.0,0.0,0.0,0.0
2023-09-28 08:00:00,0.20746845376215234,0.2250238751953822,0.23760084323672662,0.17752809875805775,0.2426691335966835,0.053343743059735875
2023-09-28 09:00:00,0.38936486820637967,0.38423719435974585,0.41375969517143324,0.3893803299877445,0.40558927621281504,0.18616025868971997
2023-09-28 10:00:00,0.5150612200905648,0.5069918758585352,0.46747577602794327,0.5217972217504123,0.42701186739061425,0.25837596412876257
2023-09-28 11:00:00,0.5377928206806913,0.6494115954081114,0.6169471600288225,0.6186047234955351,0.593297719191485,0.31059243655326946
2023-09-28 12:00:00,0.5225933361650132,0.5976000018258233,0.6424901253208251,0.4801202600651179,0.6564122627840089,0.411753850775742
2023-09-28 13:00:00,0.43718024864338506,0.509467871848524,0.5620042360142163,0.45225451277113454,0.5985660283503756,0.5248286313886519
2023-09-28 14:00:00,0.3440152931732178,0.45174871526503746,0.48834062802571665,0.4697526590188583,0.5006320054263721,0.4739943007521365
2023-09-28 15:00:00,0.351699863911928,0.4012837624915878,0.4507895705639748,0.49093484709902213,0.44042714814628847,0.4760180833401057
2023-09-28 16:00:00,0.28656680006204777,0.36634236230179434,0.42244198830113977,0.38743347509405657,0.4242357192288307,0.3827043057023101
2023-09-28 17:00:00,0.26342529329771436,0.12451118307594622,0.11869164977041781,0.22163574590800164,0.0799931066034692,0.3771256381002033
2023-09-28 18:00:00,0.28398106346073915,0.2192977162252788,0.165521075475722,0.22877352167452417,0.1302368630512146,0.19967033005817497
2023-09-28 19:00:00,0.26432467245127855,0.18945471947074147,0.24417055071398167,0.2881032683865088,0.0,0.14777927207205177
2023-09-28 20:00:00,0.0,0.0,0.0,0.0,0.0,0.0
2023-09-28 21:00:00,0.0,0.0,0.0,0.0,0.0,0.0
2023-09-28 22:00:00,0.0,0.0,0.0,0.0,0.0,0.0
2023-09-28 23:00:00,0.0,0.0,0.0,0.0,0.0,0.0
2023-09-29 00:00:00,0.0,0.0,0.0,0.0,0.0,0.0
2023-09-29 01:00:00,0.0,0.0,0.0,0.0,0.0,0.0
2023-09-29 02:00:00,0.0,0.0,0.0,0.0,0.0,0.0
2023-09-29 03:00:00,0.0,0.0,0.0,0.0,0.0,0.0
2023-09-29 04:00:00,0.0,0.0,0.0,0.0,0.0,0.0
2023-09-29 05:00:00,0.0,0.0,0.0,0.0,0.0,0.0
2023-09-29 06:00:00,0.0,0.0,0.0,0.0,0.0,0.0
2023-09-29 07:00:00,0.0,0.0,0.0,0.0,0.0,0.0
2023-09-29 08:00:00,0.15439503735272245,0.0467417938620059,0.027586982139530442,0.029320976810926453,0.034263351041766345,0.044923926792188616
2023-09-29 09:00:00,0.3421818984309062,0.1532602618201715,0.0983002848658373,0.09807360168270772,0.09321872388983807,0.10882384779037489
2023-09-29 10:00:00,0.5682249062628244,0.3729181488795352,0.23611236866175733,0.28274866951933114,0.19318739625750658,0.24153102810279717
2023-09-29 11:00:00,0.6048719800373304,0.49444569707842345,0.2988165526498532,0.282596358992334,0.2771212363812117,0.2512611038526745
2023-09-29 12:00:00,0.4831098115528231,0.36333353389485623,0.27769313909583065,0.29139526349476325,0.2878301892160806,0.3150186226450083
2023-09-29 13:00:00,0.5328070635732122,0.44386960947638787,0.3035780738132394,0.29547459624998806,0.31600210877824475,0.45376732240543605
2023-09-29 14:00:00,0.5161195529119006,0.40260363236374347,0.35466402793373153,0.3746788595600022,0.38069852837046353,0.4816236643526104
2023-09-29 15:00:00,0.5129273623802411,0.36975715146176386,0.3701046047937652,0.29009611298341087,0.407002032400286,0.4326503455489444
2023-09-29 16:00:00,0.4383744709869839,0.4111158878693658,0.4160690178298306,0.31955117590243437,0.45660790222989206,0.4231711896918126
2023-09-29 17:00:00,0.4700907893287227,0.3720689954281541,0.32763859761562236,0.26784162088747315,0.35649297230640103,0.3615922895507319
2023-09-29 18:00:00,0.3008528666653992,0.25943989500286135,0.1911977776450339,0.2632354663039477,0.1963464136795382,0.24450941816960503
2023-09-29 19:00:00,0.1871314916709674,0.0,0.0,0.35557732186631896,0.0,0.1864306886304773
2023-09-29 20:00:00,0.0,0.0,0.0,0.0,0.0,0.0
2023-09-29 21:00:00,0.0,0.0,0.0,0.0,0.0,0.0
2023-09-29 22:00:00,0.0,0.0,0.0,0.0,0.0,0.0
2023-09-29 23:00:00,0.0,0.0,0.0,0.0,0.0,0.0
2023-09-30 00:00:00,0.0,0.0,0.0,0.0,0.0,0.0
2023-09-30 01:00:00,0.0,0.0,0.0,0.0,0.0,0.0
2023-09-30 02:00:00,0.0,0.0,0.0,0.0,0.0,0.0
2023-09-30 03:00:00,0.0,0.0,0.0,0.0,0.0,0.0
2023-09-30 04:00:00,0.0,0.0,0.0,0.0,0.0,0.0
2023-09-30 05:00:00,0.0,0.0,0.0,0.0,0.0,0.0
2023-09-30 06:00:00,0.0,0.0,0.0,0.0,0.0,0.0
2023-09-30 07:00:00,0.0,0.0,0.0,0.0,0.0,0.0
2023-09-30 08:00:00,0.3591467990332098,0.31192928002178416,0.1796040862807084,0.17155491908509848,0.171517886658714,0.26444375574936285
2023-09-30 09:00:00,0.5053455601384257,0.4854054363687589,0.3481963070547968,0.3061212117667627,0.35626537383184215,0.38093654305870717
2023-09-30 10:00:00,0.6687585401931001,0.6392212035104899,0.5394765184489031,0.5038549429438265,0.5171922296853404,0.5382288501128145
2023-09-30 11:00:00,0.6610909660783268,0.5771661802899635,0.5006590993218436,0.43758642364311007,0.4882901185689719,0.6179096849971449
2023-09-30 12:00:00,0.5455007877467609,0.5067259440373273,0.5060389437028239,0.5902066544847451,0.4417917953133417,0.5451856330186261
2023-09-30 13:00:00,0.5880533598126919,0.5031353636942691,0.48833873170815406,0.5180692423603556,0.438500289132298,0.48491478393218923
2023-09-30 14:00:00,0.610334943262996,0.6088420887945788,0.6185733930504872,0.483531533745714,0.6105323269065512,0.49227703199651923
2023-09-30 15:00:00,0.595984810118571,0.5674367899975723,0.5591102600312237,0.5242595465541737,0.5293093754596052,0.4876845415833
2023-09-30 16:00:00,0.5297985460515636,0.635832634447505,0.6521795527335857,0.589868429958846,0.6298929304253063,0.4482632520401008
2023-09-30 17:00:00,0.48746093438981253,0.47675016075612475,0.5421036325354094,0.5352468954330574,0.5015459819345833,0.43918124910333217
2023-09-30 18:00:00,0.2971760253257382,0.33411197096962003,0.3514747543853546,0.40964955049628815,0.3367918030250457,0.32931054771131524
2023-09-30 19:00:00,0.11329631901112616,0.0,0.0,0.0,0.0,0.1975823065345886
2023-09-30 20:00:00,0.0,0.0,0.0,0.0,0.0,0.0
2023-09-30 21:00:00,0.0,0.0,0.0,0.0,0.0,0.0
2023-09-30 22:00:00,0.0,0.0,0.0,0.0,0.0,0.0
2023-09-30 23:00:00,0.0,0.0,0.0,0.0,0.0,0.0
2023-10-01 00:00:00,0.0,0.0,0.0,0.0,0.0,0.0
2023-10-01 01:00:00,0.0,0.0,0.0,0.0,0.0,0.0
2023-10-01 02:00:00,0.0,0.0,0.0,0.0,0.0,0.0
2023-10-01 03:00:00,0.0,0.0,0.0,0.0,0.0,0.0
2023-10-01 04:00:00,0.0,0.0,0.0,0.0,0.0,0.0
2023-10-01 05:00:00,0.0,0.0,0.0,0.0,0.0,0.0
2023-10-01 06:00:00,0.0,0.0,0.0,0.0,0.0,0.0
2023-10-01 07:00:00,0.0,0.0,0.0,0.0,0.0,0.0
2023-10-01 08:00:00,0.4121868435111389,0.33652082217683793,0.26168880360877006,0.3571421172502535,0.21607832680595782,0.347398902652659
2023-10-01 09:00:00,0.6040294953628408,0.507397896164774,0.3506259686359426,0.5436025951170564,0.28739072768599533,0.5126315216737113
2023-10-01 10:00:00,0.7210266953076963,0.6566770878937571,0.5581333356827493,0.6840454951657584,0.5062135011461926,0.641319516432768
2023-10-01 11:00:00,0.76988547696798,0.723551962188654,0.6508171892724798,0.7444317093730561,0.6059423369142843,0.7107863717524577
2023-10-01 12:00:00,0.732142007673984,0.6157565037382681,0.5315579604731232,0.6820618461443879,0.4859527331470232,0.6888710474053887
2023-10-01 13:00:00,0.7258788421252078,0.68895414504644,0.6164974588320862,0.7181585104166822,0.5861628322636314,0.6771058726349348
2023-10-01 14:00:00,0.7852308232984625,0.7325676436028269,0.6508274699259672,0.7541437549088258,0.6098164568912533,0.7040133733840254
2023-10-01 15:00:00,0.779091765382085,0.7948095036530735,0.7843614814961215,0.7686738920989489,0.743330709254287,0.692396627484569
2023-10-01 16:00:00,0.734297781981807,0.7566064148048023,0.749972719952054,0.7304721845292554,0.7154157446846378,0.595117869258055
2023-10-01 17:00:00,0.6554587240585886,0.6635980248943523,0.6539294191539936,0.6281636385572983,0.655888909563325,0.4368154951212379
2023-10-01 18:00:00,0.5098065220622144,0.5082857201123046,0.49757895750712605,0.45475458650580003,0.5071350024306086,0.20424539412672296
2023-10-01 19:00:00,0.02985049202420642,0.0,0.0,0.0,0.0,0.011037796004796705
2023-10-01 20:00:00,0.0,0.0,0.0,0.0,0.0,0.0
2023-10-01 21:00:00,0.0,0.0,0.0,0.0,0.0,0.0
2023-10-01 22:00:00,0.0,0.0,0.0,0.0,0.0,0.0
2023-10-01 23:00:00,0.0,0.0,0.0,0.0,0.0,0.0
2023-10-02 00:00:00,0.0,0.0,0.0,0.0,0.0,0.0
2023-10-02 01:00:00,0.0,0.0,0.0,0.0,0.0,0.0
2023-10-02 02:00:00,0.0,0.0,0.0,0.0,0.0,0.0
2023-10-02 03:00:00,0.0,0.0,0.0,0.0,0.0,0.0
2023-10-02 04:00:00,0.0,0.0,0.0,0.0,0.0,0.0
2023-10-02 05:00:00,0.0,0.0,0.0,0.0,0.0,0.0
2023-10-02 06:00:00,0.0,0.0,0.0,0.0,0.0,0.0
2023-10-02 07:00:00,0.0,0.0,0.0,0.0,0.0,0.0
2023-10-02 08:00:00,0.10746693084591757,0.15541878507708928,0.17770539505003716,0.1938124233444426,0.18210477312228493,0.16718591726982335
2023-10-02 09:00:00,0.19385461092749312,0.2900474122408292,0.2642980433425642,0.25820087337798686,0.26996322964743746,0.20838591648631158
2023-10-02 10:00:00,0.23056766208413934,0.24039928843406816,0.23633452965705187,0.23045893840541412,0.23591977849694157,0.28297115061685146
2023-10-02 11:00:00,0.2451202078768729,0.271745387310617,0.25753036101720556,0.23735016062086464,0.26036357446098335,0.3132067926413603
2023-10-02 12:00:00,0.2563652976121401,0.266846145348717,0.29766208175919373,0.2937814575354479,0.2896491399763685,0.3966952579964786
2023-10-02 13:00:00,0.22305702820155407,0.25417180820465146,0.26227510147750915,0.29676172184361466,0.24411781744344999,0.4342703452126296
2023-10-02 14:00:00,0.26190299341037593,0.30451796788636665,0.28164936566479687,0.30063451854225504,0.263205098768503,0.42490145265691787
2023-10-02 15:00:00,0.19659355742176288,0.15524249038361182,0.13358687388135712,0.15364715163334502,0.1408746713737861,0.3147347232831836
2023-10-02 16:00:00,0.13013352616890178,0.09175902361568818,0.09624535564778625,0.18729682271433437,0.09597193584141873,0.24252304279780554
2023-10-02 17:00:00,0.09428358674605407,0.1652692330128559,0.15395009102557947,0.19064940709424152,0.16246507782303488,0.25339380910015563
2023-10-02 18:00:00,0.036401255193807235,0.11228099657344887,0.14132048356009017,0.09147300907788875,0.1482789797007648,0.16405324017916498
2023-10-02 19:00:00,0.0,0.0,0.0,0.0,0.0,0.04733995015730446
2023-10-02 20:00:00,0.0,0.0,0.0,0.0,0.0,0.0
2023-10-02 21:00:00,0.0,0.0,0.0,0.0,0.0,0.0
2023-10-02 22:00:00,0.0,0.0,0.0,0.0,0.0,0.0
2023-10-02 23:00:00,0.0,0.0,0.0,0.0,0.0,0.0
2023-10-03 00:00:00,0.0,0.0,0.0,0.0,0.0,0.0
2023-10-03 01:00:00,0.0,0.0,0.0,0.0,0.0,0.0
2023-10-03 02:00:00,0.0,0.0,0.0,0.0,0.0,0.0
2023-10-03 03:00:00,0.0,0.0,0.0,0.0,0.0,0.0
2023-10-03 04:00:00,0.0,0.0,0.0,0.0,0.0,0.0
2023-10-03 05:00:00,0.0,0.0,0.0,0.0,0.0,0.0
2023-10-03 06:00:00,0.0,0.0,0.0,0.0,0.0,0.0
2023-10-03 07:00:00,0.0,0.0,0.0,0.0,0.0,0.0
2023-10-03 08:00:00,0.067343834973791,0.002727553657872278,0.002072089251086329,0.006155646761686798,0.015690074411698153,0.1202697996658583
2023-10-03 09:00:00,0.10231800053161932,0.03528869742335957,0.04077236668470312,0.05932241751993565,0.054801619016268184,0.1379718923651644
2023-10-03 10:00:00,0.2928760444229126,0.19826100095717922,0.18226571580865591,0.2309410853116982,0.1779249309281868,0.4007419658419494
2023-10-03 11:00:00,0.48379606529752267,0.4091181937062413,0.35573027019511694,0.409499676982264,0.3650345778829699,0.5352805516897026
2023-10-03 12:00:00,0.5873850952881954,0.42941072651336415,0.351118342364057,0.4937334896287818,0.34490662813335626,0.6149566683823044
2023-10-03 13:00:00,0.5884100648832145,0.49380690049151166,0.4277018984079069,0.5732326912058052,0.38944774605142757,0.5865264929018635
2023-10-03 14:00:00,0.6368062984611805,0.5697394404240915,0.46336124089854613,0.6243133810486599,0.42026326306983763,0.5973617409143441
2023-10-03 15:00:00,0.7130288452045588,0.5977719472842271,0.5401830661391238,0.6473487799041937,0.5174117181632057,0.6657393585044286
2023-10-03 16:00:00,0.6748047433451727,0.5939842933759325,0.5182204174765701,0.6624206200815975,0.47775575243796364,0.6535301233595538
2023-10-03 17:00:00,0.6055091456907464,0.5743598657874376,0.5192490919961594,0.6061439925667571,0.49954447663555607,0.5800500403589229
2023-10-03 18:00:00,0.47349800999307495,0.4504952477415842,0.42015794337048357,0.45499721987966135,0.4110785374464654,0.39411037928485854
2023-10-03 19:00:00,0.0,0.0,0.0,0.0,0.0,0.027667629133164406
2023-10-03 20:00:00,0.0,0.0,0.0,0.0,0.0,0.0
2023-10-03 21:00:00,0.0,0.0,0.0,0.0,0.0,0.0
2023-10-03 22:00:00,0.0,0.0,0.0,0.0,0.0,0.0
2023-10-03 23:00:00,0.0,0.0,0.0,0.0,0.0,0.0
2023-10-04 00:00:00,0.0,0.0,0.0,0.0,0.0,0.0
2023-10-04 01:00:00,0.0,0.0,0.0,0.0,0.0,0.0
2023-10-04 02:00:00,0.0,0.0,0.0,0.0,0.0,0.0
2023-10-04 03:00:00,0.0,0.0,0.0,0.0,0.0,0.0
2023-10-04 04:00:00,0.0,0.0,0.0,0.0,0.0,0.0
2023-10-04 05:00:00,0.0,0.0,0.0,0.0,0.0,0.0
2023-10-04 06:00:00,0.0,0.0,0.0,0.0,0.0,0.0
2023-10-04 07:00:00,0.0,0.0,0.0,0.0,0.0,0.0
2023-10-04 08:00:00,0.1337201574680313,0.09161828365165677,0.04101263512308753,0.049858019038827917,0.03694310342987933,0.049812310235311186
2023-10-04 09:00:00,0.3304125491942212,0.24782860565249015,0.12762178241770494,0.14299276606919564,0.11593552202585987,0.1550841883517806
2023-10-04 10:00:00,0.36697503937313486,0.2965780133779137,0.2304236225277825,0.24859061906338942,0.22252803934522336,0.18892946443159608
2023-10-04 11:00:00,0.5478993851391202,0.525644122735442,0.45095367536073994,0.44257424097706954,0.41992800649730483,0.2715949922000745
2023-10-04 12:00:00,0.5773778414821569,0.5428122267701608,0.5653891458552983,0.47113373857433055,0.5776886729288913,0.4194568830920518
2023-10-04 13:00:00,0.6421025032593535,0.5916813624715722,0.48099203834529636,0.49662788139211633,0.4811561059641402,0.39850876902611
2023-10-04 14:00:00,0.5225387839989338,0.45470244496659956,0.42986926919872104,0.39401441935297693,0.44192488622565385,0.309891097940407
2023-10-04 15:00:00,0.4128830529392991,0.3288306764686029,0.41538909286380565,0.2663284382655727,0.45663427914102245,0.2307233500052816
2023-10-04 16:00:00,0.4119852342266394,0.32730260312567305,0.40648642239807914,0.3288652726937221,0.41672258957706587,0.23956934147378395
2023-10-04 17:00:00,0.4030068683581152,0.33331855955570544,0.3085249677869493,0.28052930178016344,0.326802147398798,0.19210269167576285
2023-10-04 18:00:00,0.3203239317647694,0.32837760773358554,0.22547769307844812,0.15341061179837148,0.25665963284578497,0.08336304474276936
2023-10-04 19:00:00,0.0,0.0,0.0,0.0,0.0,0.0
2023-10-04 20:00:00,0.0,0.0,0.0,0.0,0.0,0.0
2023-10-04 21:00:00,0.0,0.0,0.0,0.0,0.0,0.0
2023-10-04 22:00:00,0.0,0.0,0.0,0.0,0.0,0.0
2023-10-04 23:00:00,0.0,0.0,0.0,0.0,0.0,0.0
2023-10-05 00:00:00,0.0,0.0,0.0,0.0,0.0,0.0
2023-10-05 01:00:00,0.0,0.0,0.0,0.0,0.0,0.0
2023-10-05 02:00:00,0.0,0.0,0.0,0.0,0.0,0.0
2023-10-05 03:00:00,0.0,0.0,0.0,0.0,0.0,0.0
2023-10-05 04:00:00,0.0,0.0,0.0,0.0,0.0,0.0
2023-10-05 05:00:00,0.0,0.0,0.0,0.0,0.0,0.0
2023-10-05 06:00:00,0.0,0.0,0.0,0.0,0.0,0.0
2023-10-05 07:00:00,0.0,0.0,0.0,0.0,0.0,0.0
2023-10-05 08:00:00,0.2096111614573279,0.16678696773314777,0.1101474869584488,0.17815577881454234,0.08957807438121557,0.13333328987184997
2023-10-05 09:00:00,0.3793754022096979,0.4057710124346512,0.3265025980798162,0.4034871879364088,0.2919586854760234,0.2361364764730757
2023-10-05 10:00:00,0.5743304763508528,0.5107189256578339,0.4804817554513982,0.5977709646990371,0.4253995633664345,0.35030267907718754
2023-10-05 11:00:00,0.7184961815160265,0.6586993466002797,0.5560167775259682,0.6956303138450513,0.5044036155707915,0.4479500954482484
2023-10-05 12:00:00,0.6844002525900053,0.4953134741527658,0.43645874282407415,0.47810698441816796,0.40601850683684704,0.41230661782533534
2023-10-05 13:00:00,0.6257214417873034,0.45377850177289064,0.4117482281207851,0.44356188500910104,0.38197987192165644,0.4564315515839566
2023-10-05 14:00:00,0.46572739243314204,0.20879189901355474,0.22893544445747732,0.215210008508936,0.22703209041827568,0.44179338470670615
2023-10-05 15:00:00,0.4531621497860513,0.18926199631669016,0.19620961523478575,0.20189776238901888,0.1855241151122457,0.41950853431572244
2023-10-05 16:00:00,0.5541790400895228,0.2789693906757658,0.1816262597070862,0.24677178516666473,0.1464486960576235,0.3507210972421072
2023-10-05 17:00:00,0.5347587465802905,0.2959884325257881,0.26567523299447965,0.35132541886599916,0.22545497405319312,0.39978839539304717
2023-10-05 18:00:00,0.42713417666795,0.31763341919834726,0.30305882558261416,0.36527704736905503,0.2787144217841987,0.3983176037742053
2023-10-05 19:00:00,0.0,0.0,0.0,0.0,0.0,0.0
2023-10-05 20:00:00,0.0,0.0,0.0,0.0,0.0,0.0
2023-10-05 21:00:00,0.0,0.0,0.0,0.0,0.0,0.0
2023-10-05 22:00:00,0.0,0.0,0.0,0.0,0.0,0.0
2023-10-05 23:00:00,0.0,0.0,0.0,0.0,0.0,0.0
2023-10-06 00:00:00,0.0,0.0,0.0,0.0,0.0,0.0
2023-10-06 01:00:00,0.0,0.0,0.0,0.0,0.0,0.0
2023-10-06 02:00:00,0.0,0.0,0.0,0.0,0.0,0.0
2023-10-06 03:00:00,0.0,0.0,0.0,0.0,0.0,0.0
2023-10-06 04:00:00,0.0,0.0,0.0,0.0,0.0,0.0
2023-10-06 05:00:00,0.0,0.0,0.0,0.0,0.0,0.0
2023-10-06 06:00:00,0.0,0.0,0.0,0.0,0.0,0.0
2023-10-06 07:00:00,0.0,0.0,0.0,0.0,0.0,0.0
2023-10-06 08:00:00,0.3991151226128487,0.3561137260598434,0.279842603574598,0.36547216614313327,0.23495232509735078,0.22431582663136734
2023-10-06 09:00:00,0.5806737725262476,0.5226684578859835,0.4594614286503724,0.559261189863712,0.3896161314498621,0.3272686777477424
2023-10-06 10:00:00,0.7099724167347337,0.6997102983327699,0.6569119896515783,0.7015246055184076,0.6009851821349443,0.48774423727040317
2023-10-06 11:00:00,0.7621024524258919,0.7695555316942364,0.7683680279219133,0.762340103094849,0.7335786913954201,0.6861406429936271
2023-10-06 12:00:00,0.780982230406705,0.7892268894046481,0.7858409586603282,0.7857282045249016,0.7584532919364096,0.7195442419112247
2023-10-06 13:00:00,0.7906072475361375,0.7885205590092128,0.7794756582753576,0.7860308283349386,0.7588149954490373,0.7541631097139727
2023-10-06 14:00:00,0.7801256271730378,0.7754769872202876,0.7695633519306212,0.7729151536953611,0.7694703507726769,0.7570909142244253
2023-10-06 15:00:00,0.7557813252582599,0.7501461523047184,0.7449071847624195,0.7515091393071377,0.7458245639322673,0.7211124948551378
2023-10-06 16:00:00,0.7163408744705831,0.7087558755233088,0.7031421975958155,0.7108680922044104,0.703523695320823,0.654765415648266
2023-10-06 17:00:00,0.6362504465592416,0.6267934717629378,0.6168825946787223,0.604309948011998,0.6208440949013041,0.5209082371203105
2023-10-06 18:00:00,0.4696348829425087,0.4460751475101468,0.423897769165929,0.36408132352118555,0.43968984277949485,0.36418792807982975
2023-10-06 19:00:00,0.0,0.0,0.0,0.0,0.0,0.0
2023-10-06 20:00:00,0.0,0.0,0.0,0.0,0.0,0.0
2023-10-06 21:00:00,0.0,0.0,0.0,0.0,0.0,0.0
2023-10-06 22:00:00,0.0,0.0,0.0,0.0,0.0,0.0
2023-10-06 23:00:00,0.0,0.0,0.0,0.0,0.0,0.0
2023-10-07 00:00:00,0.0,0.0,0.0,0.0,0.0,0.0
2023-10-07 01:00:00,0.0,0.0,0.0,0.0,0.0,0.0
2023-10-07 02:00:00,0.0,0.0,0.0,0.0,0.0,0.0
2023-10-07 03:00:00,0.0,0.0,0.0,0.0,0.0,0.0
2023-10-07 04:00:00,0.0,0.0,0.0,0.0,0.0,0.0
2023-10-07 05:00:00,0.0,0.0,0.0,0.0,0.0,0.0
2023-10-07 06:00:00,0.0,0.0,0.0,0.0,0.0,0.0
2023-10-07 07:00:00,0.0,0.0,0.0,0.0,0.0,0.0
2023-10-07 08:00:00,0.4152277777993895,0.4213562398303588,0.4108794273523864,0.3951518566325277,0.37425163581365967,0.3031426926012974
2023-10-07 09:00:00,0.5879566171191716,0.5722527240468294,0.5977325176674623,0.5873838741267098,0.5501493366202744,0.4609347448573011
2023-10-07 10:00:00,0.6964577862150847,0.6826291155856997,0.6872628001548043,0.6984682212644284,0.6506932944740933,0.6251401384868998
2023-10-07 11:00:00,0.7554863101174204,0.7557584760810201,0.7484795586212821,0.7538924317865966,0.7438894574779671,0.7368613173255849
2023-10-07 12:00:00,0.7429551350970511,0.6935419490606636,0.689768094044202,0.722624390635535,0.6735253181438182,0.759431703071451
2023-10-07 13:00:00,0.7534756366285608,0.7282237668370992,0.7352248582312941,0.7407554918861396,0.7276140603142536,0.7674682380522797
2023-10-07 14:00:00,0.7567434017654827,0.7380059915872995,0.7373556657146233,0.7515202721555733,0.7372381420624324,0.7656019165255739
2023-10-07 15:00:00,0.7410902744437565,0.728044001991349,0.7287189428325658,0.7390317956779151,0.730533041124988,0.7470738822610911
2023-10-07 16:00:00,0.7050777852526474,0.6962939062577841,0.6905085045890139,0.7023400812322109,0.6926792186844196,0.7075695108557657
2023-10-07 17:00:00,0.6259105742696393,0.6147345060554158,0.609653124936903,0.6217677862730523,0.6112573181654984,0.6317433671575274
2023-10-07 18:00:00,0.46767124406516425,0.4549780387037587,0.4469521036316639,0.45958443763593204,0.4469359036571619,0.4785663738917157
2023-10-07 19:00:00,0.0,0.0,0.0,0.0,0.0,0.0
2023-10-07 20:00:00,0.0,0.0,0.0,0.0,0.0,0.0
2023-10-07 21:00:00,0.0,0.0,0.0,0.0,0.0,0.0
2023-10-07 22:00:00,0.0,0.0,0.0,0.0,0.0,0.0
2023-10-07 23:00:00,0.0,0.0,0.0,0.0,0.0,0.0
2023-10-08 00:00:00,0.0,0.0,0.0,0.0,0.0,0.0
2023-10-08 01:00:00,0.0,0.0,0.0,0.0,0.0,0.0
2023-10-08 02:00:00,0.0,0.0,0.0,0.0,0.0,0.0
2023-10-08 03:00:00,0.0,0.0,0.0,0.0,0.0,0.0
2023-10-08 04:00:00,0.0,0.0,0.0,0.0,0.0,0.0
2023-10-08 05:00:00,0.0,0.0,0.0,0.0,0.0,0.0
2023-10-08 06:00:00,0.0,0.0,0.0,0.0,0.0,0.0
2023-10-08 07:00:00,0.0,0.0,0.0,0.0,0.0,0.0
2023-10-08 08:00:00,0.38500756166497,0.3861550199031966,0.3831544298633396,0.3823433365705277,0.36385733126039665,0.314257521966621
2023-10-08 09:00:00,0.5621550106347578,0.5742686385936776,0.5723210985189117,0.5605949834301064,0.5471712838363574,0.45687438721225854
2023-10-08 10:00:00,0.6441272846650477,0.6803881330249426,0.6835688800721672,0.6747712653342798,0.6606124713837989,0.552941989788723
2023-10-08 11:00:00,0.7087293892279596,0.721182238516356,0.7184557966521001,0.7228467406016602,0.722487278245511,0.615531495196849
2023-10-08 12:00:00,0.7528737399711573,0.7489181745316448,0.7461784149459656,0.7541221700829113,0.740844873511309,0.6721275514553912
2023-10-08 13:00:00,0.7478701814226554,0.7266722467607598,0.7146324404409548,0.7324764729414533,0.7152862678410518,0.6667382860156278
2023-10-08 14:00:00,0.7408643043842682,0.7452398717093425,0.7371461539476641,0.7490710643282864,0.7381802826131815,0.67019766677617
2023-10-08 15:00:00,0.6548942123521918,0.7150443945908049,0.7094888296644062,0.7165579232999495,0.7150214164019616,0.6475352970837919
2023-10-08 16:00:00,0.5250793402320119,0.6226337193221024,0.6145565667737969,0.5121137817068876,0.654298003290334,0.509121756310196
2023-10-08 17:00:00,0.44149419419723646,0.520197286136305,0.4933424987231603,0.35974529484770523,0.5406569563646727,0.40530044634898876
2023-10-08 18:00:00,0.23897096240880444,0.2796187694180393,0.23323499616278956,0.15363437761775106,0.27967917394293385,0.3007303952022234
2023-10-08 19:00:00,0.0,0.0,0.0,0.0,0.0,0.0
2023-10-08 20:00:00,0.0,0.0,0.0,0.0,0.0,0.0
2023-10-08 21:00:00,0.0,0.0,0.0,0.0,0.0,0.0
2023-10-08 22:00:00,0.0,0.0,0.0,0.0,0.0,0.0
2023-10-08 23:00:00,0.0,0.0,0.0,0.0,0.0,0.0
2023-10-09 00:00:00,0.0,0.0,0.0,0.0,0.0,0.0
2023-10-09 01:00:00,0.0,0.0,0.0,0.0,0.0,0.0
2023-10-09 02:00:00,0.0,0.0,0.0,0.0,0.0,0.0
2023-10-09 03:00:00,0.0,0.0,0.0,0.0,0.0,0.0
2023-10-09 04:00:00,0.0,0.0,0.0,0.0,0.0,0.0
2023-10-09 05:00:00,0.0,0.0,0.0,0.0,0.0,0.0
2023-10-09 06:00:00,0.0,0.0,0.0,0.0,0.0,0.0
2023-10-09 07:00:00,0.0,0.0,0.0,0.0,0.0,0.0
2023-10-09 08:00:00,0.1361332476039155,0.1382335545970293,0.1351677077299687,0.12355101732491597,0.13006921021976878,0.09403498775565054
2023-10-09 09:00:00,0.3792191888456323,0.5019360591886601,0.442802800030399,0.4549073684570574,0.4170971141147836,0.24423356596887827
2023-10-09 10:00:00,0.379387019220075,0.6301463975520458,0.6358957649042677,0.5372623972436239,0.6365267525991366,0.3099864478774721
2023-10-09 11:00:00,0.3716339057754618,0.5914406996157807,0.6321293698104218,0.5099918617129386,0.6704446663278177,0.4523079778709354
2023-10-09 12:00:00,0.34524134325097156,0.47051486201490783,0.47191908591538234,0.433035901505088,0.5099125761389035,0.4459679401981012
2023-10-09 13:00:00,0.2946063344150729,0.40334850131391675,0.4508220540648758,0.35203525996079044,0.5091824783056782,0.4563338890274559
2023-10-09 14:00:00,0.2995780386787794,0.2569758556412177,0.2954950057075228,0.30077244639064477,0.3329597152259044,0.40793820625276356
2023-10-09 15:00:00,0.25958245485743847,0.2218632962626963,0.18326599445644856,0.15844305069452305,0.23467230269076006,0.32059828566124254
2023-10-09 16:00:00,0.19475951516180876,0.1720334175860906,0.14562436140874913,0.14324795360435277,0.14817952284571714,0.1628546252086539
2023-10-09 17:00:00,0.1073731886028059,0.07736897672517636,0.08866492138265931,0.1451234191428628,0.07564002620866105,0.13682389547576376
2023-10-09 18:00:00,0.04126805537532065,0.053179147386765935,0.029369301384733596,0.02583753566208357,0.030085109859472468,0.057873719115708405
2023-10-09 19:00:00,0.0,0.0,0.0,0.0,0.0,0.0
2023-10-09 20:00:00,0.0,0.0,0.0,0.0,0.0,0.0
2023-10-09 21:00:00,0.0,0.0,0.0,0.0,0.0,0.0
2023-10-09 22:00:00,0.0,0.0,0.0,0.0,0.0,0.0
2023-10-09 23:00:00,0.0,0.0,0.0,0.0,0.0,0.0
2023-10-10 00:00:00,0.0,0.0,0.0,0.0,0.0,0.0
2023-10-10 01:00:00,0.0,0.0,0.0,0.0,0.0,0.0
2023-10-10 02:00:00,0.0,0.0,0.0,0.0,0.0,0.0
2023-10-10 03:00:00,0.0,0.0,0.0,0.0,0.0,0.0
2023-10-10 04:00:00,0.0,0.0,0.0,0.0,0.0,0.0
2023-10-10 05:00:00,0.0,0.0,0.0,0.0,0.0,0.0
2023-10-10 06:00:00,0.0,0.0,0.0,0.0,0.0,0.0
2023-10-10 07:00:00,0.0,0.0,0.0,0.0,0.0,0.0
2023-10-10 08:00:00,0.010966561026007189,0.08017730967849532,0.1394283903599015,0.04225368546659221,0.16098721139270547,0.023916987088594147
2023-10-10 09:00:00,0.02883129897121775,0.10294459071550666,0.15160619573620854,0.04526349996674646,0.1827657142173006,0.09273068696802245
2023-10-10 10:00:00,0.07190240198364747,0.1491153664505792,0.20971592712928738,0.07796952539957974,0.2542420557155908,0.16271023887685535
2023-10-10 11:00:00,0.08646360036236402,0.1534870214234603,0.16570166292647756,0.06692678979309882,0.2093665446499909,0.16965182544267277
2023-10-10 12:00:00,0.10155802767954734,0.15257531264214103,0.19405382696838766,0.07578267000330675,0.2485116122867586,0.22043602025008893
2023-10-10 13:00:00,0.13536285115945726,0.14232725915784036,0.1566684197248492,0.10387572521580066,0.1980144033430211,0.2068212523892356
2023-10-10 14:00:00,0.25562180271233015,0.2160026797556852,0.1673964273730811,0.14032759670955938,0.1630967989907576,0.21136371906890997
2023-10-10 15:00:00,0.2752799223641573,0.26968836081625186,0.15693112451354788,0.23788212678312068,0.13685861342337777,0.2648571461450184
2023-10-10 16:00:00,0.23753862915038942,0.1890061471248143,0.1341412590315075,0.24232515802102036,0.09704077320612073,0.19177742567928258
2023-10-10 17:00:00,0.22042435504603305,0.20382610691351116,0.17917601610265144,0.23740657896692116,0.14749427220217218,0.18239620545557908
2023-10-10 18:00:00,0.11956884876394876,0.10327633669973268,0.11163318273854451,0.08529713897472833,0.10856691983367076,0.081586722956962
2023-10-10 19:00:00,0.0,0.0,0.0,0.0,0.0,0.0
2023-10-10 20:00:00,0.0,0.0,0.0,0.0,0.0,0.0
2023-10-10 21:00:00,0.0,0.0,0.0,0.0,0.0,0.0
2023-10-10 22:00:00,0.0,0.0,0.0,0.0,0.0,0.0
2023-10-10 23:00:00,0.0,0.0,0.0,0.0,0.0,0.0
2023-10-11 00:00:00,0.0,0.0,0.0,0.0,0.0,0.0
2023-10-11 01:00:00,0.0,0.0,0.0,0.0,0.0,0.0
2023-10-11 02:00:00,0.0,0.0,0.0,0.0,0.0,0.0
2023-10-11 03:00:00,0.0,0.0,0.0,0.0,0.0,0.0
2023-10-11 04:00:00,0.0,0.0,0.0,0.0,0.0,0.0
2023-10-11 05:00:00,0.0,0.0,0.0,0.0,0.0,0.0
2023-10-11 06:00:00,0.0,0.0,0.0,0.0,0.0,0.0
2023-10-11 07:00:00,0.0,0.0,0.0,0.0,0.0,0.0
2023-10-11 08:00:00,0.011544601386309557,0.06333655866522836,0.11216419302194736,0.05742678671237326,0.12369318759812183,0.013862010635208477
2023-10-11 09:00:00,0.046812423174620595,0.11332154688840232,0.20214246771006028,0.10601493560536493,0.21968702898634046,0.08409144205871309
2023-10-11 10:00:00,0.118655717074079,0.18979607319781436,0.2953441115693657,0.34383278463569644,0.2887281633930987,0.21554930728252886
2023-10-11 11:00:00,0.08436537785820271,0.16839167684244177,0.34420279479104327,0.17401328860611684,0.4135338536184812,0.33663439302643444
2023-10-11 12:00:00,0.33533357389236046,0.3052439577278703,0.44506600470992663,0.45161585357448103,0.4526560700726649,0.5268973136768895
2023-10-11 13:00:00,0.34058503360843817,0.37091047697239876,0.5125359893733331,0.4574719505742817,0.5347431641116034,0.5370315894580578
2023-10-11 14:00:00,0.2995034802038149,0.37549800975506487,0.5051044901563846,0.41747055927271903,0.5306677912621086,0.4795868156629783
2023-10-11 15:00:00,0.29171505397759057,0.4429023528765399,0.5280887313753733,0.39040764170129516,0.5804096323170465,0.4570625900490788
2023-10-11 16:00:00,0.3226625087031693,0.42904330630474413,0.425857189001273,0.4222118797804598,0.44162696246187805,0.38396530379377175
2023-10-11 17:00:00,0.28872098198644963,0.25177740170796925,0.25114833512282486,0.18281201858566581,0.280101860144115,0.28997089367617074
2023-10-11 18:00:00,0.214317948244799,0.25027903894806824,0.207582646419762,0.2101210210733596,0.20495846717404004,0.22871580736062727
2023-10-11 19:00:00,0.0,0.0,0.0,0.0,0.0,0.0
2023-10-11 20:00:00,0.0,0.0,0.0,0.0,0.0,0.0
2023-10-11 21:00:00,0.0,0.0,0.0,0.0,0.0,0.0
2023-10-11 22:00:00,0.0,0.0,0.0,0.0,0.0,0.0
2023-10-11 23:00:00,0.0,0.0,0.0,0.0,0.0,0.0
2023-10-12 00:00:00,0.0,0.0,0.0,0.0,0.0,0.0
2023-10-12 01:00:00,0.0,0.0,0.0,0.0,0.0,0.0
2023-10-12 02:00:00,0.0,0.0,0.0,0.0,0.0,0.0
2023-10-12 03:00:00,0.0,0.0,0.0,0.0,0.0,0.0
2023-10-12 04:00:00,0.0,0.0,0.0,0.0,0.0,0.0
2023-10-12 05:00:00,0.0,0.0,0.0,0.0,0.0,0.0
2023-10-12 06:00:00,0.0,0.0,0.0,0.0,0.0,0.0
2023-10-12 07:00:00,0.0,0.0,0.0,0.0,0.0,0.0
2023-10-12 08:00:00,0.29307487210518923,0.2236150050036842,0.19608698432734353,0.3884137640539786,0.12343541545764648,0.07977791942854585
2023-10-12 09:00:00,0.4609355981625074,0.41466801295224687,0.30408416325023846,0.4996997941288237,0.2258294225089666,0.3849754793992881
2023-10-12 10:00:00,0.559266458387951,0.5030658243706366,0.4773727692182927,0.6253318085056547,0.40883069550496065,0.5697539524516623
2023-10-12 11:00:00,0.6522505863907897,0.630279610418727,0.6891620758294549,0.7267605467748125,0.623330599310937,0.6715849966751878
2023-10-12 12:00:00,0.6020450164258923,0.40018740645117035,0.4239923607721742,0.6337641246795688,0.3302478636507258,0.7198868399811195
2023-10-12 13:00:00,0.5492294483216321,0.3820743639137429,0.40678210830664585,0.5037560798778068,0.36504564462573297,0.7009381405628372
2023-10-12 14:00:00,0.49919889109126053,0.5064508936998027,0.4861661020008463,0.5041841849220866,0.4764887180906418,0.6910398192188597
2023-10-12 15:00:00,0.504529429318099,0.3927792060762958,0.31110800384243403,0.5235178055453584,0.26289073742602276,0.6790419755591846
2023-10-12 16:00:00,0.4843257528375101,0.3768708716160929,0.2719361624295712,0.5423012747006628,0.19962422470202845,0.6351840030900863
2023-10-12 17:00:00,0.402826059862669,0.3394734605625511,0.26698825955122324,0.28411077633127096,0.27610131423944617,0.5521424686568442
2023-10-12 18:00:00,0.3478882105730394,0.2903051293894033,0.33369142143552866,0.3277876351076865,0.3207906237828156,0.41662497268597387
2023-10-12 19:00:00,0.0,0.0,0.0,0.0,0.0,0.0
2023-10-12 20:00:00,0.0,0.0,0.0,0.0,0.0,0.0
2023-10-12 21:00:00,0.0,0.0,0.0,0.0,0.0,0.0
2023-10-12 22:00:00,0.0,0.0,0.0,0.0,0.0,0.0
2023-10-12 23:00:00,0.0,0.0,0.0,0.0,0.0,0.0
2023-10-13 00:00:00,0.0,0.0,0.0,0.0,0.0,0.0
2023-10-13 01:00:00,0.0,0.0,0.0,0.0,0.0,0.0
2023-10-13 02:00:00,0.0,0.0,0.0,0.0,0.0,0.0
2023-10-13 03:00:00,0.0,0.0,0.0,0.0,0.0,0.0
2023-10-13 04:00:00,0.0,0.0,0.0,0.0,0.0,0.0
2023-10-13 05:00:00,0.0,0.0,0.0,0.0,0.0,0.0
2023-10-13 06:00:00,0.0,0.0,0.0,0.0,0.0,0.0
2023-10-13 07:00:00,0.0,0.0,0.0,0.0,0.0,0.0
2023-10-13 08:00:00,0.2840714942450509,0.392051884403828,0.4060469143350846,0.4729162452530813,0.3521107068699991,0.04963935867625003
2023-10-13 09:00:00,0.4158567423760764,0.36974387727555463,0.3840997787986604,0.43533192629741535,0.34269997532209023,0.39224790139897703
2023-10-13 10:00:00,0.524770774493942,0.5325879918479505,0.6005622951840829,0.6207253192616904,0.5559451505806787,0.5241469653072697
2023-10-13 11:00:00,0.6216449539976789,0.5877209742623783,0.5957213743619887,0.6139178668083795,0.5631702112825104,0.659217840426682
2023-10-13 12:00:00,0.6319325059670639,0.5684687138299488,0.5750764340922293,0.49409091288069557,0.5752909260409694,0.6289774779435684
2023-10-13 13:00:00,0.5725121391847852,0.5862627491412693,0.5701895145105278,0.5540388106879932,0.5815761837343877,0.6731138603829119
2023-10-13 14:00:00,0.4093133742797254,0.34134156233879415,0.28020599542863706,0.41491177672330665,0.2741249084593706,0.5534444057434419
2023-10-13 15:00:00,0.39044276440191855,0.31834584239211877,0.38320027688256625,0.38037465989939817,0.3939353552080743,0.4612780731487593
2023-10-13 16:00:00,0.39822556139097587,0.3405975894876339,0.39545064080767905,0.398957919749504,0.40279023489005866,0.3957664817224341
2023-10-13 17:00:00,0.43352813490738085,0.37451971739952,0.39553251056973887,0.42489414074653503,0.3698581193419023,0.41145828501363885
2023-10-13 18:00:00,0.26381803278382115,0.2560947615867825,0.27016418660273506,0.26069842237314017,0.2703937306981042,0.3195352656555273
2023-10-13 19:00:00,0.0,0.0,0.0,0.0,0.0,0.0
2023-10-13 20:00:00,0.0,0.0,0.0,0.0,0.0,0.0
2023-10-13 21:00:00,0.0,0.0,0.0,0.0,0.0,0.0
2023-10-13 22:00:00,0.0,0.0,0.0,0.0,0.0,0.0
2023-10-13 23:00:00,0.0,0.0,0.0,0.0,0.0,0.0
2023-10-14 00:00:00,0.0,0.0,0.0,0.0,0.0,0.0
2023-10-14 01:00:00,0.0,0.0,0.0,0.0,0.0,0.0
2023-10-14 02:00:00,0.0,0.0,0.0,0.0,0.0,0.0
2023-10-14 03:00:00,0.0,0.0,0.0,0.0,0.0,0.0
2023-10-14 04:00:00,0.0,0.0,0.0,0.0,0.0,0.0
2023-10-14 05:00:00,0.0,0.0,0.0,0.0,0.0,0.0
2023-10-14 06:00:00,0.0,0.0,0.0,0.0,0.0,0.0
2023-10-14 07:00:00,0.0,0.0,0.0,0.0,0.0,0.0
2023-10-14 08:00:00,0.03402785548850643,0.027885589527191446,0.019554229416468123,0.0,0.014584994045213849,0.0
2023-10-14 09:00:00,0.36959111492600033,0.1574752635233285,0.14333986089396872,0.15019626082357604,0.12186689462521594,0.16420008762010113
2023-10-14 10:00:00,0.6066502080057051,0.49075229840177126,0.2894548977071554,0.4356968530376804,0.22837958103906245,0.30960056837104916
2023-10-14 11:00:00,0.7150410637714953,0.6666578538329702,0.5599978483899334,0.6943157591342058,0.4907950861112143,0.5655653970756261
2023-10-14 12:00:00,0.23117212975787946,0.1693892592112638,0.18796079812021319,0.394386773784548,0.18445775613745852,0.5651744624504222
2023-10-14 13:00:00,0.34779422032607754,0.37632179948785727,0.42141958117282735,0.499179249439279,0.41790286820064143,0.5526671181136563
2023-10-14 14:00:00,0.4349864950312896,0.5033086188739805,0.4054031814902568,0.5252181213887493,0.39054670179177803,0.4817142151045251
2023-10-14 15:00:00,0.2809982944317415,0.3980250038330988,0.43028069058361423,0.34552194422190297,0.44863236405310225,0.40330577389926103
2023-10-14 16:00:00,0.2123577127720187,0.3453608488458173,0.31241524137141624,0.3842892222870565,0.31339628590904434,0.28610803626687714
2023-10-14 17:00:00,0.07332016577283412,0.14997406367078223,0.197908823068152,0.2003096496753544,0.2000648636228809,0.16337373089216675
2023-10-14 18:00:00,0.00817443429222569,0.01956327760509156,0.045188351151576954,0.02135047521238226,0.06664374011431835,0.06459963401475327
2023-10-14 19:00:00,0.0,0.0,0.0,0.0,0.0,0.0
2023-10-14 20:00:00,0.0,0.0,0.0,0.0,0.0,0.0
2023-10-14 21:00:00,0.0,0.0,0.0,0.0,0.0,0.0
2023-10-14 22:00:00,0.0,0.0,0.0,0.0,0.0,0.0
2023-10-14 23:00:00,0.0,0.0,0.0,0.0,0.0,0.0
2023-10-15 00:00:00,0.0,0.0,0.0,0.0,0.0,0.0
2023-10-15 01:00:00,0.0,0.0,0.0,0.0,0.0,0.0
2023-10-15 02:00:00,0.0,0.0,0.0,0.0,0.0,0.0
2023-10-15 03:00:00,0.0,0.0,0.0,0.0,0.0,0.0
2023-10-15 04:00:00,0.0,0.0,0.0,0.0,0.0,0.0
2023-10-15 05:00:00,0.0,0.0,0.0,0.0,0.0,0.0
2023-10-15 06:00:00,0.0,0.0,0.0,0.0,0.0,0.0
2023-10-15 07:00:00,0.0,0.0,0.0,0.0,0.0,0.0
2023-10-15 08:00:00,0.05542492991206851,0.0,0.0,0.0,0.33551464129794806,0.0
2023-10-15 09:00:00,0.2904351491984769,0.37003763749201424,0.3640250079386097,0.24637904107506378,0.390320355694231,0.16098945890165017
2023-10-15 10:00:00,0.32018637087693835,0.4975726889679884,0.5140841922825953,0.464739003484532,0.5309822844826835,0.23500352909857386
2023-10-15 11:00:00,0.3813017644833812,0.5166622028373732,0.5533564993656112,0.5093412347906269,0.5693949003296958,0.3322531484473896
2023-10-15 12:00:00,0.2986124706753481,0.3189488561708901,0.2871753292152617,0.25594864254778693,0.3056513728632506,0.35267961824817423
2023-10-15 13:00:00,0.2531612503329319,0.30832188764809004,0.4076830157733693,0.2736324179480236,0.4338691101867532,0.3592775420910899
2023-10-15 14:00:00,0.3066059223859148,0.4023098899089223,0.5241259732508392,0.38360055251094255,0.5322081485747019,0.37094285691825063
2023-10-15 15:00:00,0.259239825237458,0.4013653673559864,0.5384579599454639,0.4155148932859835,0.5507470491740993,0.3537821828683016
2023-10-15 16:00:00,0.23671903393746235,0.46908468177492807,0.4979659102006823,0.38019470525317023,0.5112108690468389,0.27473052344549215
2023-10-15 17:00:00,0.16541160993842766,0.42892960030709154,0.4594428575090061,0.41211997556743685,0.47747952745361694,0.21764580536147252
2023-10-15 18:00:00,0.05619723947158929,0.19708250057862398,0.26004854835332186,0.20188244235982117,0.2854565743643559,0.1327137422725773
2023-10-15 19:00:00,0.0,0.0,0.0,0.0,0.0,0.0
2023-10-15 20:00:00,0.0,0.0,0.0,0.0,0.0,0.0
2023-10-15 21:00:00,0.0,0.0,0.0,0.0,0.0,0.0
2023-10-15 22:00:00,0.0,0.0,0.0,0.0,0.0,0.0
2023-10-15 23:00:00,0.0,0.0,0.0,0.0,0.0,0.0
2023-10-16 00:00:00,0.0,0.0,0.0,0.0,0.0,0.0
2023-10-16 01:00:00,0.0,0.0,0.0,0.0,0.0,0.0
2023-10-16 02:00:00,0.0,0.0,0.0,0.0,0.0,0.0
2023-10-16 03:00:00,0.0,0.0,0.0,0.0,0.0,0.0
2023-10-16 04:00:00,0.0,0.0,0.0,0.0,0.0,0.0
2023-10-16 05:00:00,0.0,0.0,0.0,0.0,0.0,0.0
2023-10-16 06:00:00,0.0,0.0,0.0,0.0,0.0,0.0
2023-10-16 07:00:00,0.0,0.0,0.0,0.0,0.0,0.0
2023-10-16 08:00:00,0.0,0.0,0.0,0.0,0.0,0.0
2023-10-16 09:00:00,0.028439254276483545,0.04114893247794853,0.055483888840260245,0.043323780248138155,0.06431094651281159,0.05157622687761707
2023-10-16 10:00:00,0.11142097871308547,0.18785825489673708,0.2669657160108971,0.15574834115085523,0.2905775573965507,0.16219314541548935
2023-10-16 11:00:00,0.22183344851782574,0.22476399588032664,0.24662541959357354,0.20826773170620289,0.26139930426099334,0.1981345331098921
2023-10-16 12:00:00,0.22786440615267786,0.35104649467495397,0.3134191348542819,0.2860709953274166,0.3316431951849472,0.17963387583320142
2023-10-16 13:00:00,0.19711677070162847,0.36778213179192126,0.3949472964354108,0.2521185993171522,0.44426451974402964,0.252484612619725
2023-10-16 14:00:00,0.152999089904499,0.14680556300543957,0.17547266453732632,0.141262224498185,0.2023200806788635,0.2604408434039082
2023-10-16 15:00:00,0.202366852624066,0.11036392108254289,0.10986822636238955,0.15002817768411658,0.09825604076098193,0.3199271789398546
2023-10-16 16:00:00,0.3323245733999871,0.23177419783396727,0.261499612840088,0.3518071044000414,0.20704809992824527,0.3093769145249134
2023-10-16 17:00:00,0.26573219224292804,0.24266898541920928,0.282448678106488,0.3586125199621696,0.23609887575747746,0.2912302319306874
2023-10-16 18:00:00,0.1631566254472927,0.1811518829554127,0.24828394470883486,0.2648024969540922,0.22179866799562584,0.1680977802275225
2023-10-16 19:00:00,0.0,0.0,0.0,0.0,0.0,0.0
2023-10-16 20:00:00,0.0,0.0,0.0,0.0,0.0,0.0
2023-10-16 21:00:00,0.0,0.0,0.0,0.0,0.0,0.0
2023-10-16 22:00:00,0.0,0.0,0.0,0.0,0.0,0.0
2023-10-16 23:00:00,0.0,0.0,0.0,0.0,0.0,0.0
2023-10-17 00:00:00,0.0,0.0,0.0,0.0,0.0,0.0
2023-10-17 01:00:00,0.0,0.0,0.0,0.0,0.0,0.0
2023-10-17 02:00:00,0.0,0.0,0.0,0.0,0.0,0.0
2023-10-17 03:00:00,0.0,0.0,0.0,0.0,0.0,0.0
2023-10-17 04:00:00,0.0,0.0,0.0,0.0,0.0,0.0
2023-10-17 05:00:00,0.0,0.0,0.0,0.0,0.0,0.0
2023-10-17 06:00:00,0.0,0.0,0.0,0.0,0.0,0.0
2023-10-17 07:00:00,0.0,0.0,0.0,0.0,0.0,0.0
2023-10-17 08:00:00,0.0,0.0,0.0,0.0,0.0,0.0
2023-10-17 09:00:00,0.20573391180539705,0.39539771102484145,0.4239763370271696,0.3317477520427356,0.45185740492690407,0.21349820469331124
2023-10-17 10:00:00,0.26571412685121926,0.47207730881672383,0.5546627231811099,0.4695583543519537,0.5862869618184127,0.32782188276697943
2023-10-17 11:00:00,0.4089492286753691,0.6134400225648229,0.6440459728014952,0.5911069294807133,0.6493991063461289,0.3354988111303972
2023-10-17 12:00:00,0.6900136736926098,0.697364491660196,0.6406556750081498,0.7038104248944753,0.6003045045618913,0.3949515428121961
2023-10-17 13:00:00,0.7116017944017645,0.7689639727513171,0.7421078477821266,0.7594135352573684,0.7125105869889509,0.5231112732341641
2023-10-17 14:00:00,0.6455391650945649,0.7444896330333421,0.6910680640569157,0.7510523300408992,0.6619185171252983,0.42114041640173966
2023-10-17 15:00:00,0.4718326945611294,0.673229726224896,0.6417395796164489,0.525788506995582,0.664519623905758,0.2734570277196741
2023-10-17 16:00:00,0.12194873862178231,0.2408868053098734,0.197182508240664,0.11104994303070138,0.26377583026533974,0.09685842540293121
2023-10-17 17:00:00,0.016611966483143156,0.021131640020649843,0.02410766341944162,0.022787823155440198,0.05584982756083293,0.05083922668762592
2023-10-17 18:00:00,0.0030694796277947792,0.0006060069429927863,0.0010292881216207657,0.0018576208637817373,0.0010757828471941074,0.039856031441680234
2023-10-17 19:00:00,0.0,0.0,0.0,0.0,0.0,0.0
2023-10-17 20:00:00,0.0,0.0,0.0,0.0,0.0,0.0
2023-10-17 21:00:00,0.0,0.0,0.0,0.0,0.0,0.0
2023-10-17 22:00:00,0.0,0.0,0.0,0.0,0.0,0.0
2023-10-17 23:00:00,0.0,0.0,0.0,0.0,0.0,0.0
2023-10-18 00:00:00,0.0,0.0,0.0,0.0,0.0,0.0
2023-10-18 01:00:00,0.0,0.0,0.0,0.0,0.0,0.0
2023-10-18 02:00:00,0.0,0.0,0.0,0.0,0.0,0.0
2023-10-18 03:00:00,0.0,0.0,0.0,0.0,0.0,0.0
2023-10-18 04:00:00,0.0,0.0,0.0,0.0,0.0,0.0
2023-10-18 05:00:00,0.0,0.0,0.0,0.0,0.0,0.0
2023-10-18 06:00:00,0.0,0.0,0.0,0.0,0.0,0.0
2023-10-18 07:00:00,0.0,0.0,0.0,0.0,0.0,0.0
2023-10-18 08:00:00,0.0,0.0,0.0,0.0,0.0,0.0
2023-10-18 09:00:00,0.20584713310057892,0.14782834299616987,0.060604174215913784,0.04526983770116604,0.07329331974645097,0.056420252165883374
2023-10-18 10:00:00,0.25987849590409673,0.21385533078737382,0.09312663664292732,0.07694786119681914,0.09502750500674116,0.12342448296499721
2023-10-18 11:00:00,0.23954896812912446,0.05412826728624675,0.028709434662868443,0.06548640016192737,0.023268742425153175,0.21893319752528984
2023-10-18 12:00:00,0.33896181449832075,0.29583362994474904,0.15476509647159578,0.1371198340622569,0.1706218377128417,0.21234764991856175
2023-10-18 13:00:00,0.41342671788826046,0.33874154891839897,0.18685576657217715,0.1648295735130252,0.19436075331018648,0.2070852827999841
2023-10-18 14:00:00,0.44399486614476613,0.4326873662049362,0.3589369734678883,0.2745875602989595,0.37325010946250403,0.14828112097297821
2023-10-18 15:00:00,0.5027989469712657,0.449122040389263,0.31890391752305675,0.23137710613850682,0.3226968552697171,0.10329352599181162
2023-10-18 16:00:00,0.5151961134065258,0.3890580434875229,0.2622927734306805,0.22832831319011168,0.2706116415436294,0.09679399814472443
2023-10-18 17:00:00,0.4286314299551975,0.39371252316520194,0.3256970826148229,0.21834295003444348,0.3452432972165925,0.08454459074231116
2023-10-18 18:00:00,0.28011716671776477,0.2525231297261335,0.14803297317437134,0.12900928905388154,0.15682119418360774,0.05368889141937954
2023-10-18 19:00:00,0.0,0.0,0.0,0.0,0.0,0.0
2023-10-18 20:00:00,0.0,0.0,0.0,0.0,0.0,0.0
2023-10-18 21:00:00,0.0,0.0,0.0,0.0,0.0,0.0
2023-10-18 22:00:00,0.0,0.0,0.0,0.0,0.0,0.0
2023-10-18 23:00:00,0.0,0.0,0.0,0.0,0.0,0.0
2023-10-19 00:00:00,0.0,0.0,0.0,0.0,0.0,0.0
2023-10-19 01:00:00,0.0,0.0,0.0,0.0,0.0,0.0
2023-10-19 02:00:00,0.0,0.0,0.0,0.0,0.0,0.0
2023-10-19 03:00:00,0.0,0.0,0.0,0.0,0.0,0.0
2023-10-19 04:00:00,0.0,0.0,0.0,0.0,0.0,0.0
2023-10-19 05:00:00,0.0,0.0,0.0,0.0,0.0,0.0
2023-10-19 06:00:00,0.0,0.0,0.0,0.0,0.0,0.0
2023-10-19 07:00:00,0.0,0.0,0.0,0.0,0.0,0.0
2023-10-19 08:00:00,0.0,0.0,0.0,0.0,0.0,0.0
2023-10-19 09:00:00,0.39431894996198924,0.4109392433704765,0.32988419469204794,0.27300253975100325,0.3608153645597003,0.1459342649143052
2023-10-19 10:00:00,0.5061443737043154,0.5861543135542349,0.5545617410106932,0.47695551313393586,0.5825196899827066,0.22735458311462906
2023-10-19 11:00:00,0.6344791564931863,0.614408944135647,0.5401051111511224,0.5723557415280373,0.5295419568791605,0.3252253249418225
2023-10-19 12:00:00,0.5410257826432802,0.5062422393518701,0.34592957997272705,0.47563849585639334,0.31775576917992177,0.3386527034472811
2023-10-19 13:00:00,0.5498422534057141,0.5200985803059093,0.43931458533941503,0.43519855881393876,0.44333774759349015,0.3469168144111991
2023-10-19 14:00:00,0.5146293683631165,0.5100739247559132,0.421475680882413,0.3575530769293306,0.4601673563018111,0.350691693071747
2023-10-19 15:00:00,0.43144560774165996,0.32920738740157485,0.24037915560792739,0.1849626599059079,0.28792245447754516,0.3137517277904668
2023-10-19 16:00:00,0.4676193341988672,0.4942466258757274,0.44619162834546805,0.39361580749564634,0.4384248977426724,0.30870625734545315
2023-10-19 17:00:00,0.3505778669275495,0.27797346254416105,0.2236606324299338,0.18549010115201947,0.21074333684399948,0.23382448009023185
2023-10-19 18:00:00,0.16601788487216884,0.14694802815892866,0.15854787058812297,0.0767462511612846,0.16801596913935923,0.15554558659720538
2023-10-19 19:00:00,0.0,0.0,0.0,0.0,0.0,0.0
2023-10-19 20:00:00,0.0,0.0,0.0,0.0,0.0,0.0
2023-10-19 21:00:00,0.0,0.0,0.0,0.0,0.0,0.0
2023-10-19 22:00:00,0.0,0.0,0.0,0.0,0.0,0.0
2023-10-19 23:00:00,0.0,0.0,0.0,0.0,0.0,0.0
2023-10-20 00:00:00,0.0,0.0,0.0,0.0,0.0,0.0
2023-10-20 01:00:00,0.0,0.0,0.0,0.0,0.0,0.0
2023-10-20 02:00:00,0.0,0.0,0.0,0.0,0.0,0.0
2023-10-20 03:00:00,0.0,0.0,0.0,0.0,0.0,0.0
2023-10-20 04:00:00,0.0,0.0,0.0,0.0,0.0,0.0
2023-10-20 05:00:00,0.0,0.0,0.0,0.0,0.0,0.0
2023-10-20 06:00:00,0.0,0.0,0.0,0.0,0.0,0.0
2023-10-20 07:00:00,0.0,0.0,0.0,0.0,0.0,0.0
2023-10-20 08:00:00,0.0,0.0,0.0,0.0,0.0,0.0
2023-10-20 09:00:00,0.1274580927267803,0.26578579945956304,0.3391438359333761,0.26870260501406573,0.33959879754893024,0.0921748783429618
2023-10-20 10:00:00,0.32821167785398814,0.42752537102257376,0.4596031201961685,0.32460503715774863,0.4806357696234402,0.14896329142529122
2023-10-20 11:00:00,0.3810567127745567,0.41397721604365645,0.36227968475715105,0.291741440047021,0.3790131724170183,0.24622611449203682
2023-10-20 12:00:00,0.30466758417084105,0.34141104223253754,0.33171247988954755,0.3567622459098777,0.32781731607943715,0.42256484937317146
2023-10-20 13:00:00,0.3269388147453097,0.2969736400983943,0.3412646665030481,0.3872385498057421,0.3332350249960931,0.4711630863461901
2023-10-20 14:00:00,0.2917193179515557,0.22723107595210013,0.181569218831211,0.289357689867018,0.1816313064809477,0.4770125711833852
2023-10-20 15:00:00,0.3087020003782227,0.27061083494705757,0.28095746325390913,0.31230738740372577,0.2795401178786216,0.47152149017064
2023-10-20 16:00:00,0.3036893352212953,0.2604487221451928,0.24567064267252572,0.2907937049345103,0.22416292297149398,0.3961852273006754
2023-10-20 17:00:00,0.19835592815547617,0.1700907420617559,0.16580165589231668,0.1707871592476612,0.15409346613942018,0.23529484606697063
2023-10-20 18:00:00,0.0916740435586145,0.08598690457320442,0.09606233781784632,0.07230894896504506,0.09471646209935636,0.08299897860485156
2023-10-20 19:00:00,0.0,0.0,0.0,0.0,0.0,0.0
2023-10-20 20:00:00,0.0,0.0,0.0,0.0,0.0,0.0
2023-10-20 21:00:00,0.0,0.0,0.0,0.0,0.0,0.0
2023-10-20 22:00:00,0.0,0.0,0.0,0.0,0.0,0.0
2023-10-20 23:00:00,0.0,0.0,0.0,0.0,0.0,0.0
2023-10-21 00:00:00,0.0,0.0,0.0,0.0,0.0,0.0
2023-10-21 01:00:00,0.0,0.0,0.0,0.0,0.0,0.0
2023-10-21 02:00:00,0.0,0.0,0.0,0.0,0.0,0.0
2023-10-21 03:00:00,0.0,0.0,0.0,0.0,0.0,0.0
2023-10-21 04:00:00,0.0,0.0,0.0,0.0,0.0,0.0
2023-10-21 05:00:00,0.0,0.0,0.0,0.0,0.0,0.0
2023-10-21 06:00:00,0.0,0.0,0.0,0.0,0.0,0.0
2023-10-21 07:00:00,0.0,0.0,0.0,0.0,0.0,0.0
2023-10-21 08:00:00,0.0,0.0,0.0,0.0,0.0,0.0
2023-10-21 09:00:00,0.06705642639418097,0.044389893961339764,0.03949353177935997,0.05348708940490314,0.03268120368747801,0.045135061412421254
2023-10-21 10:00:00,0.16739255253350047,0.07686679858639062,0.07210689883279622,0.09051520141271188,0.05743349845544378,0.09811663901008928
2023-10-21 11:00:00,0.26571770777510717,0.15416389477009204,0.15611678945511084,0.13431799325273175,0.14542389600931366,0.1641910393034357
2023-10-21 12:00:00,0.22674959180150103,0.1679109994119596,0.1748424734504689,0.19870350638668896,0.15975785168264606,0.21185077353479886
2023-10-21 13:00:00,0.2496206969574858,0.2030009879364956,0.1615491073782953,0.21025707649483777,0.15284555710525388,0.21386791725724083
2023-10-21 14:00:00,0.3213169893651023,0.21417841112522906,0.12403191709548339,0.12152707734053717,0.13323591442571878,0.21131320774164786
2023-10-21 15:00:00,0.2854719429966993,0.19555432595673516,0.09543544743987067,0.09120663631078545,0.11428668726723089,0.17999431219476023
2023-10-21 16:00:00,0.14136758232417876,0.0884901251585321,0.04212968532059763,0.037563595226522854,0.052413422815161204,0.11754352962021913
2023-10-21 17:00:00,0.06509086632316279,0.020939068506624657,0.005954291466746527,0.008550291032108245,0.010341418780547885,0.09107351593255437
2023-10-21 18:00:00,0.01899669333279788,0.008102220996815904,0.0009608469013375077,0.0021624312272764206,0.0022080231776131845,0.05720145696902423
2023-10-21 19:00:00,0.0,0.0,0.0,0.0,0.0,0.0
2023-10-21 20:00:00,0.0,0.0,0.0,0.0,0.0,0.0
2023-10-21 21:00:00,0.0,0.0,0.0,0.0,0.0,0.0
2023-10-21 22:00:00,0.0,0.0,0.0,0.0,0.0,0.0
2023-10-21 23:00:00,0.0,0.0,0.0,0.0,0.0,0.0
2023-10-22 00:00:00,0.0,0.0,0.0,0.0,0.0,0.0
2023-10-22 01:00:00,0.0,0.0,0.0,0.0,0.0,0.0
2023-10-22 02:00:00,0.0,0.0,0.0,0.0,0.0,0.0
2023-10-22 03:00:00,0.0,0.0,0.0,0.0,0.0,0.0
2023-10-22 04:00:00,0.0,0.0,0.0,0.0,0.0,0.0
2023-10-22 05:00:00,0.0,0.0,0.0,0.0,0.0,0.0
2023-10-22 06:00:00,0.0,0.0,0.0,0.0,0.0,0.0
2023-10-22 07:00:00,0.0,0.0,0.0,0.0,0.0,0.0
2023-10-22 08:00:00,0.0,0.0,0.0,0.0,0.0,0.0
2023-10-22 09:00:00,0.01350462901103205,0.008358099104509723,0.013260544150161504,0.009983030966828866,0.014730185472913436,0.1466758018679804
2023-10-22 10:00:00,0.0610576065693475,0.021553404820694066,0.05004214833984878,0.0671552171166305,0.04711451406919241,0.2838108087178824
2023-10-22 11:00:00,0.10234500409352322,0.061384012374579446,0.10939811644503271,0.1551015068543181,0.0938276634276648,0.5094853354265154
2023-10-22 12:00:00,0.3167183686176168,0.26206779362084437,0.2182356367833555,0.4610459941875707,0.15649686325990533,0.7034043552905509
2023-10-22 13:00:00,0.3535412140837396,0.2672452805208759,0.29468735510247557,0.5573389679023748,0.21788689440238473,0.7407186871721204
2023-10-22 14:00:00,0.33038840779077755,0.33499129327964655,0.389445796932748,0.5859749546433871,0.3397400843291055,0.7404202455819381
2023-10-22 15:00:00,0.4918615335045465,0.45982141966034307,0.4391618103775783,0.629415877081032,0.37186377348042154,0.7251827113045043
2023-10-22 16:00:00,0.5858333194433061,0.5429584654614579,0.5426748667830861,0.6249769272613541,0.508346125882807,0.6834041638337667
2023-10-22 17:00:00,0.5618364475124806,0.5300766411058093,0.5072672348027524,0.565514699934365,0.48046939182203285,0.5839865478894877
2023-10-22 18:00:00,0.40359290520691,0.399081704012767,0.3821806487545002,0.39476287152879386,0.38077725733069046,0.4040828602905044
2023-10-22 19:00:00,0.0,0.0,0.0,0.0,0.0,0.0
2023-10-22 20:00:00,0.0,0.0,0.0,0.0,0.0,0.0
2023-10-22 21:00:00,0.0,0.0,0.0,0.0,0.0,0.0
2023-10-22 22:00:00,0.0,0.0,0.0,0.0,0.0,0.0
2023-10-22 23:00:00,0.0,0.0,0.0,0.0,0.0,0.0
2023-10-23 00:00:00,0.0,0.0,0.0,0.0,0.0,0.0
2023-10-23 01:00:00,0.0,0.0,0.0,0.0,0.0,0.0
2023-10-23 02:00:00,0.0,0.0,0.0,0.0,0.0,0.0
2023-10-23 03:00:00,0.0,0.0,0.0,0.0,0.0,0.0
2023-10-23 04:00:00,0.0,0.0,0.0,0.0,0.0,0.0
2023-10-23 05:00:00,0.0,0.0,0.0,0.0,0.0,0.0
2023-10-23 06:00:00,0.0,0.0,0.0,0.0,0.0,0.0
2023-10-23 07:00:00,0.0,0.0,0.0,0.0,0.0,0.0
2023-10-23 08:00:00,0.0,0.0,0.0,0.0,0.0,0.0
2023-10-23 09:00:00,0.03087954783090141,0.044784132205201964,0.06551894531585002,0.04168157283734686,0.07146567670834422,0.08194557854571606
2023-10-23 10:00:00,0.09670887519489767,0.12007192934684585,0.11894737767735052,0.10596237459720174,0.12167905686241855,0.12891102785869846
2023-10-23 11:00:00,0.1604271960391564,0.1260668276940583,0.1416809985798191,0.09746259023899127,0.15672024252934738,0.22931727174309036
2023-10-23 12:00:00,0.3993649920253499,0.4327672964004272,0.44895139050765626,0.2519456394656433,0.5165097478419555,0.3962927982547039
2023-10-23 13:00:00,0.46451172370317295,0.4341650386902055,0.41194522811368317,0.4113605867742632,0.4299584350819776,0.3912799380526838
2023-10-23 14:00:00,0.6702111896511892,0.6724411987459161,0.6318098345484717,0.6449976120709644,0.6266231804828972,0.47154897927623857
2023-10-23 15:00:00,0.6144017542283994,0.544513544762827,0.5606115984362301,0.4689075623425679,0.578068227272984,0.3893905526681917
2023-10-23 16:00:00,0.6253028817900406,0.5302188135913916,0.5162639042033553,0.49497651079808314,0.518392130973938,0.32607124576477253
2023-10-23 17:00:00,0.5259431921767638,0.4254767240715699,0.3433786558882339,0.35414740187557875,0.3459803104860186,0.31787564878022667
2023-10-23 18:00:00,0.35445604513124757,0.322824475629278,0.22822886348480073,0.3211039517780633,0.2065096719416139,0.24984780852608174
2023-10-23 19:00:00,0.0,0.0,0.0,0.0,0.0,0.0
2023-10-23 20:00:00,0.0,0.0,0.0,0.0,0.0,0.0
2023-10-23 21:00:00,0.0,0.0,0.0,0.0,0.0,0.0
2023-10-23 22:00:00,0.0,0.0,0.0,0.0,0.0,0.0
2023-10-23 23:00:00,0.0,0.0,0.0,0.0,0.0,0.0
2023-10-24 00:00:00,0.0,0.0,0.0,0.0,0.0,0.0
2023-10-24 01:00:00,0.0,0.0,0.0,0.0,0.0,0.0
2023-10-24 02:00:00,0.0,0.0,0.0,0.0,0.0,0.0
2023-10-24 03:00:00,0.0,0.0,0.0,0.0,0.0,0.0
2023-10-24 04:00:00,0.0,0.0,0.0,0.0,0.0,0.0
2023-10-24 05:00:00,0.0,0.0,0.0,0.0,0.0,0.0
2023-10-24 06:00:00,0.0,0.0,0.0,0.0,0.0,0.0
2023-10-24 07:00:00,0.0,0.0,0.0,0.0,0.0,0.0
2023-10-24 08:00:00,0.0,0.0,0.0,0.0,0.0,0.0
2023-10-24 09:00:00,0.014300085828560077,0.012892857851828955,0.02105941900189523,0.0190435962251396,0.028093530827204245,0.026726151376023823
2023-10-24 10:00:00,0.11125256648353367,0.08389628861031356,0.06832547156796523,0.09063283244310394,0.06317627308713657,0.1391727773431031
2023-10-24 11:00:00,0.10718567254485217,0.13334370663640152,0.1436783871524196,0.1550492711281658,0.1431775996436678,0.22978503784812415
2023-10-24 12:00:00,0.19286413056911095,0.140545077671688,0.14493638810290468,0.17311813580941673,0.13649187527911588,0.25813991852133616
2023-10-24 13:00:00,0.3108296404346761,0.2175330077945372,0.19745018781577092,0.2702781614065994,0.16088523151912368,0.2736111990848333
2023-10-24 14:00:00,0.29970945123015147,0.29873459487914933,0.35310934226280194,0.34678711689163116,0.34960104211020476,0.27493702365251566
2023-10-24 15:00:00,0.3080001012643393,0.2410460293999275,0.2314589717339596,0.2774214625395105,0.2427993724646183,0.22741868030419046
2023-10-24 16:00:00,0.2493469391585613,0.3850774880890253,0.33750139751054425,0.24162596319143517,0.36721145036783504,0.18696211564288284
2023-10-24 17:00:00,0.06349171083917564,0.1387436861689825,0.16430628542640915,0.0673554617939083,0.2152555843131076,0.11329324516212282
2023-10-24 18:00:00,0.028483920502515733,0.018569442455736638,0.006439743544527322,0.004434490246736272,0.027706553125376725,0.04469131649525342
2023-10-24 19:00:00,0.0,0.0,0.0,0.0,0.0,0.0
2023-10-24 20:00:00,0.0,0.0,0.0,0.0,0.0,0.0
2023-10-24 21:00:00,0.0,0.0,0.0,0.0,0.0,0.0
2023-10-24 22:00:00,0.0,0.0,0.0,0.0,0.0,0.0
2023-10-24 23:00:00,0.0,0.0,0.0,0.0,0.0,0.0
2023-10-25 00:00:00,0.0,0.0,0.0,0.0,0.0,0.0
2023-10-25 01:00:00,0.0,0.0,0.0,0.0,0.0,0.0
2023-10-25 02:00:00,0.0,0.0,0.0,0.0,0.0,0.0
2023-10-25 03:00:00,0.0,0.0,0.0,0.0,0.0,0.0
2023-10-25 04:00:00,0.0,0.0,0.0,0.0,0.0,0.0
2023-10-25 05:00:00,0.0,0.0,0.0,0.0,0.0,0.0
2023-10-25 06:00:00,0.0,0.0,0.0,0.0,0.0,0.0
2023-10-25 07:00:00,0.0,0.0,0.0,0.0,0.0,0.0
2023-10-25 08:00:00,0.0,0.0,0.0,0.0,0.0,0.0
2023-10-25 09:00:00,0.049193911927842324,0.049766065956024966,0.09239178978486669,0.2732378205228127,0.056055059596505405,0.43454567776630687
2023-10-25 10:00:00,0.11325748543653291,0.12599693587475136,0.19295049902278866,0.3891376215769906,0.14120255434986836,0.6278550122973877
2023-10-25 11:00:00,0.20254945483958375,0.22279729787806749,0.317296179645297,0.44837406456844986,0.28182113118813373,0.710832115186415
2023-10-25 12:00:00,0.2021616661449788,0.1250714914158545,0.17433485906694213,0.4097667104026685,0.1376469251600273,0.7220604447584245
2023-10-25 13:00:00,0.20259915328051,0.14546015010125252,0.23871005258311861,0.3236207611483422,0.2445597128525391,0.7261433981178507
2023-10-25 14:00:00,0.2533432750965301,0.23885474366312723,0.35821836895458975,0.5025783833805679,0.31086157059080594,0.7696777333329469
2023-10-25 15:00:00,0.2796126248163112,0.21068487430606042,0.3127890674181618,0.5606757434681561,0.27419781664222254,0.7693022205906097
2023-10-25 16:00:00,0.2457627822566436,0.13928000160013865,0.20350835460613567,0.49539090141562603,0.13702518155834043,0.7115672195320395
2023-10-25 17:00:00,0.20718996803284678,0.19174869057537078,0.2638862080974145,0.39177685529073336,0.22831350621743904,0.5883036749526178
2023-10-25 18:00:00,0.17319085491547326,0.10882770083638339,0.1550268451427311,0.3167555292175334,0.08563021649389425,0.42272182272649717
2023-10-25 19:00:00,0.0,0.0,0.0,0.0,0.0,0.0
2023-10-25 20:00:00,0.0,0.0,0.0,0.0,0.0,0.0
2023-10-25 21:00:00,0.0,0.0,0.0,0.0,0.0,0.0
2023-10-25 22:00:00,0.0,0.0,0.0,0.0,0.0,0.0
2023-10-25 23:00:00,0.0,0.0,0.0,0.0,0.0,0.0
2023-10-26 00:00:00,0.0,0.0,0.0,0.0,0.0,0.0
2023-10-26 01:00:00,0.0,0.0,0.0,0.0,0.0,0.0
2023-10-26 02:00:00,0.0,0.0,0.0,0.0,0.0,0.0
2023-10-26 03:00:00,0.0,0.0,0.0,0.0,0.0,0.0
2023-10-26 04:00:00,0.0,0.0,0.0,0.0,0.0,0.0
2023-10-26 05:00:00,0.0,0.0,0.0,0.0,0.0,0.0
2023-10-26 06:00:00,0.0,0.0,0.0,0.0,0.0,0.0
2023-10-26 07:00:00,0.0,0.0,0.0,0.0,0.0,0.0
2023-10-26 08:00:00,0.0,0.0,0.0,0.0,0.0,0.0
2023-10-26 09:00:00,0.335130170710546,0.3328623855858186,0.31796712758991114,0.2988130510082769,0.3012255070224737,0.307206095188341
2023-10-26 10:00:00,0.5728736461805485,0.5509343392537044,0.47758865435203157,0.5319051039340144,0.43276416461468153,0.5072944045411298
2023-10-26 11:00:00,0.7285808330089916,0.6876597445028408,0.627666690115401,0.6475238027147936,0.5831602031103231,0.5839920684498447
2023-10-26 12:00:00,0.6646899888153899,0.41529365184671085,0.34588652219993565,0.37126232569875917,0.3083792355267609,0.4079893357311835
2023-10-26 13:00:00,0.5762748178140481,0.366643930085792,0.30501202214372525,0.31627246392120406,0.28284701243299737,0.3884792681417535
2023-10-26 14:00:00,0.5721980432122205,0.358825283461997,0.2598829908749395,0.30001605645057844,0.26584254739473695,0.3996085617781876
2023-10-26 15:00:00,0.4161808829408265,0.16533414941174138,0.14825928268413208,0.1762927790658968,0.15426676475044723,0.34603522668882064
2023-10-26 16:00:00,0.30031402744881514,0.23270297961510789,0.15712085549453234,0.17813970164646292,0.1764027331277478,0.23670030110351215
2023-10-26 17:00:00,0.2258760734668845,0.17889096386038755,0.21798696788545885,0.12827449257707146,0.22822762579377195,0.166413311494114
2023-10-26 18:00:00,0.2125786030045467,0.16615685855652973,0.20249464274906606,0.1640339304293301,0.21818113194054523,0.19066077059126474
2023-10-26 19:00:00,0.0,0.0,0.0,0.0,0.0,0.0
2023-10-26 20:00:00,0.0,0.0,0.0,0.0,0.0,0.0
2023-10-26 21:00:00,0.0,0.0,0.0,0.0,0.0,0.0
2023-10-26 22:00:00,0.0,0.0,0.0,0.0,0.0,0.0
2023-10-26 23:00:00,0.0,0.0,0.0,0.0,0.0,0.0
2023-10-27 00:00:00,0.0,0.0,0.0,0.0,0.0,0.0
2023-10-27 01:00:00,0.0,0.0,0.0,0.0,0.0,0.0
2023-10-27 02:00:00,0.0,0.0,0.0,0.0,0.0,0.0
2023-10-27 03:00:00,0.0,0.0,0.0,0.0,0.0,0.0
2023-10-27 04:00:00,0.0,0.0,0.0,0.0,0.0,0.0
2023-10-27 05:00:00,0.0,0.0,0.0,0.0,0.0,0.0
2023-10-27 06:00:00,0.0,0.0,0.0,0.0,0.0,0.0
2023-10-27 07:00:00,0.0,0.0,0.0,0.0,0.0,0.0
2023-10-27 08:00:00,0.0,0.0,0.0,0.0,0.0,0.0
2023-10-27 09:00:00,0.532037712585973,0.5085148877314871,0.48160611828296856,0.4993140199606508,0.4887886757546823,0.48183648356833864
2023-10-27 10:00:00,0.7174602974750007,0.6850574270887372,0.6642400450411895,0.6908854884038182,0.6683200714163285,0.6662797262557532
2023-10-27 11:00:00,0.7755888568799707,0.7045750122323999,0.7324470397189771,0.7664104116714668,0.7153018339055186,0.7749581304722043
2023-10-27 12:00:00,0.6435769981814027,0.4560352520506017,0.35993299316611266,0.5417046902598098,0.3443320764889739,0.7347804279401788
2023-10-27 13:00:00,0.6534278791295668,0.43115073316001745,0.42020704046267865,0.5892414089585898,0.400597486357006,0.708739828120624
2023-10-27 14:00:00,0.6100883711529492,0.44466504593424944,0.4233792822790816,0.5718228459749509,0.37529979845177636,0.648634707373133
2023-10-27 15:00:00,0.6208860141490462,0.4792847021104218,0.4292867529476497,0.5221222478877214,0.38760274571678865,0.5907311583514969
2023-10-27 16:00:00,0.5120972138802617,0.40036832828492547,0.3298181985685401,0.39645643846867606,0.3015903543254559,0.5399439394152588
2023-10-27 17:00:00,0.43998914947787526,0.26010195389392704,0.20912193331156637,0.2972025694342453,0.19100658596604944,0.45052356837986324
2023-10-27 18:00:00,0.4756995890967457,0.49265291733322936,0.5228777305972382,0.48716143873591367,0.0,0.4125391980567663
2023-10-27 19:00:00,0.0,0.0,0.0,0.0,0.0,0.0
2023-10-27 20:00:00,0.0,0.0,0.0,0.0,0.0,0.0
2023-10-27 21:00:00,0.0,0.0,0.0,0.0,0.0,0.0
2023-10-27 22:00:00,0.0,0.0,0.0,0.0,0.0,0.0
2023-10-27 23:00:00,0.0,0.0,0.0,0.0,0.0,0.0
2023-10-28 00:00:00,0.0,0.0,0.0,0.0,0.0,0.0
2023-10-28 01:00:00,0.0,0.0,0.0,0.0,0.0,0.0
2023-10-28 02:00:00,0.0,0.0,0.0,0.0,0.0,0.0
2023-10-28 03:00:00,0.0,0.0,0.0,0.0,0.0,0.0
2023-10-28 04:00:00,0.0,0.0,0.0,0.0,0.0,0.0
2023-10-28 05:00:00,0.0,0.0,0.0,0.0,0.0,0.0
2023-10-28 06:00:00,0.0,0.0,0.0,0.0,0.0,0.0
2023-10-28 07:00:00,0.0,0.0,0.0,0.0,0.0,0.0
2023-10-28 08:00:00,0.0,0.0,0.0,0.0,0.0,0.0
2023-10-28 09:00:00,0.5260653909701934,0.5177251321470214,0.5047817205586518,0.49974890191027516,0.5225826861404718,0.46028565017768464
2023-10-28 10:00:00,0.7080091630872766,0.6964755234339024,0.6861991522338214,0.6850706603742177,0.7028147531401021,0.6367369053055852
2023-10-28 11:00:00,0.7866417274260474,0.7792451761884783,0.769998576465156,0.7717291677894798,0.7825821754400727,0.743326766689859
2023-10-28 12:00:00,0.8180292371887894,0.8068122079102124,0.7764799061626887,0.7726473970522112,0.7744316856144834,0.7585917127642713
2023-10-28 13:00:00,0.824973942279604,0.7925373396716033,0.7459372838151058,0.8035233515875438,0.7228572343652858,0.7964686935484191
2023-10-28 14:00:00,0.8157423217480462,0.7949947834218227,0.7667171646694045,0.8037062311225324,0.750657089343175,0.7572965363386913
2023-10-28 15:00:00,0.787494676718268,0.781197366628648,0.7756639255763315,0.7780955260879732,0.766528334629825,0.7722446773935647
2023-10-28 16:00:00,0.7239026774966935,0.6991481656106194,0.6748973398649863,0.7036871456998144,0.6694974125485262,0.7012635528879362
2023-10-28 17:00:00,0.5929213661280561,0.5714031267481983,0.5574202130409075,0.5698033940845912,0.5584307149959172,0.5728233810406167
2023-10-28 18:00:00,0.435629604130431,0.0,0.0,0.523993885532633,0.0,0.3525486196052127
2023-10-28 19:00:00,0.0,0.0,0.0,0.0,0.0,0.0
2023-10-28 20:00:00,0.0,0.0,0.0,0.0,0.0,0.0
2023-10-28 21:00:00,0.0,0.0,0.0,0.0,0.0,0.0
2023-10-28 22:00:00,0.0,0.0,0.0,0.0,0.0,0.0
2023-10-28 23:00:00,0.0,0.0,0.0,0.0,0.0,0.0
2023-10-29 00:00:00,0.0,0.0,0.0,0.0,0.0,0.0
2023-10-29 01:00:00,0.0,0.0,0.0,0.0,0.0,0.0
2023-10-29 02:00:00,0.0,0.0,0.0,0.0,0.0,0.0
2023-10-29 03:00:00,0.0,0.0,0.0,0.0,0.0,0.0
2023-10-29 04:00:00,0.0,0.0,0.0,0.0,0.0,0.0
2023-10-29 05:00:00,0.0,0.0,0.0,0.0,0.0,0.0
2023-10-29 06:00:00,0.0,0.0,0.0,0.0,0.0,0.0
2023-10-29 07:00:00,0.0,0.0,0.0,0.0,0.0,0.0
2023-10-29 08:00:00,0.0,0.0,0.0,0.0,0.0,0.0
2023-10-29 09:00:00,0.5206034556948913,0.5161857639389461,0.49890825865662997,0.4940812133026176,0.49118699651438313,0.40525493846505917
2023-10-29 10:00:00,0.7075239892517027,0.6998810256943732,0.6840097933633246,0.6865783084904566,0.67896463300484,0.5889895697004186
2023-10-29 11:00:00,0.7828197447640909,0.7741673500138774,0.758892850538682,0.7701900391565584,0.7499646514579885,0.6852146868679713
2023-10-29 12:00:00,0.7869338124536714,0.7038281711183951,0.6802292304386051,0.7633152332174373,0.6424155518655615,0.7073004422388061
2023-10-29 13:00:00,0.8113976882180556,0.788735351178982,0.7720410490903562,0.8067606264248265,0.7343220934515488,0.7346355822207715
2023-10-29 14:00:00,0.7939521664506975,0.7879133573599537,0.7880098073591799,0.7788713557782039,0.7666499543070314,0.7724181440804073
2023-10-29 15:00:00,0.7456885747236374,0.6986279353555421,0.6923222111615536,0.7531927468976086,0.6528184559198056,0.7323728306672629
2023-10-29 16:00:00,0.7003293468178505,0.6810589562302504,0.6990464230401804,0.7075424484940911,0.6770601913746955,0.6818119298390417
2023-10-29 17:00:00,0.5848338082910827,0.5468906318962936,0.5123836281333893,0.5583569545485662,0.4858186630834108,0.521936039498577
2023-10-29 18:00:00,0.2941927060558481,0.0,0.0,0.0,0.0,0.21246406959290987
2023-10-29 19:00:00,0.0,0.0,0.0,0.0,0.0,0.0
2023-10-29 20:00:00,0.0,0.0,0.0,0.0,0.0,0.0
2023-10-29 21:00:00,0.0,0.0,0.0,0.0,0.0,0.0
2023-10-29 22:00:00,0.0,0.0,0.0,0.0,0.0,0.0
2023-10-29 23:00:00,0.0,0.0,0.0,0.0,0.0,0.0
2023-10-30 00:00:00,0.0,0.0,0.0,0.0,0.0,0.0
2023-10-30 01:00:00,0.0,0.0,0.0,0.0,0.0,0.0
2023-10-30 02:00:00,0.0,0.0,0.0,0.0,0.0,0.0
2023-10-30 03:00:00,0.0,0.0,0.0,0.0,0.0,0.0
2023-10-30 04:00:00,0.0,0.0,0.0,0.0,0.0,0.0
2023-10-30 05:00:00,0.0,0.0,0.0,0.0,0.0,0.0
2023-10-30 06:00:00,0.0,0.0,0.0,0.0,0.0,0.0
2023-10-30 07:00:00,0.0,0.0,0.0,0.0,0.0,0.0
2023-10-30 08:00:00,0.0,0.0,0.0,0.0,0.0,0.0
2023-10-30 09:00:00,0.4893353954093945,0.48771056446192157,0.4741970864262636,0.45825379455199333,0.44581115216239986,0.3607596494155996
2023-10-30 10:00:00,0.6753776776263845,0.6524499827856283,0.6330825794116918,0.6446846597633028,0.6011936594788604,0.5215017208761915
2023-10-30 11:00:00,0.7537968315221084,0.7431429462265442,0.7414733587117894,0.7339306414031083,0.7182302300751676,0.6412315677104994
2023-10-30 12:00:00,0.7470580910297717,0.7054600782187844,0.6989539015677801,0.7162277720948519,0.6744235166179139,0.6525033567781565
2023-10-30 13:00:00,0.7388805307126449,0.661891196861286,0.6919448825111626,0.7091464968446393,0.6742571243239909,0.6721688407223841
2023-10-30 14:00:00,0.7547545263757504,0.7421742648099129,0.7682532160568466,0.7808543226227687,0.743586425393714,0.7671682744330369
2023-10-30 15:00:00,0.7302624234132956,0.6809708180387207,0.6846508398032005,0.7404514816296448,0.6530483793331022,0.7484248530163377
2023-10-30 16:00:00,0.6940844558888377,0.649361442698648,0.6337047558756776,0.6810972514534115,0.6206329723888093,0.6894758053191584
2023-10-30 17:00:00,0.5592058170707573,0.5115132864086447,0.5099584846204052,0.5452891481521646,0.5029802897323224,0.5657867461313321
2023-10-30 18:00:00,0.15005788864827643,0.0,0.0,0.0,0.0,0.2430943404664503
2023-10-30 19:00:00,0.0,0.0,0.0,0.0,0.0,0.0
2023-10-30 20:00:00,0.0,0.0,0.0,0.0,0.0,0.0
2023-10-30 21:00:00,0.0,0.0,0.0,0.0,0.0,0.0
2023-10-30 22:00:00,0.0,0.0,0.0,0.0,0.0,0.0
2023-10-30 23:00:00,0.0,0.0,0.0,0.0,0.0,0.0
2023-10-31 00:00:00,0.0,0.0,0.0,0.0,0.0,0.0
2023-10-31 01:00:00,0.0,0.0,0.0,0.0,0.0,0.0
2023-10-31 02:00:00,0.0,0.0,0.0,0.0,0.0,0.0
2023-10-31 03:00:00,0.0,0.0,0.0,0.0,0.0,0.0
2023-10-31 04:00:00,0.0,0.0,0.0,0.0,0.0,0.0
2023-10-31 05:00:00,0.0,0.0,0.0,0.0,0.0,0.0
2023-10-31 06:00:00,0.0,0.0,0.0,0.0,0.0,0.0
2023-10-31 07:00:00,0.0,0.0,0.0,0.0,0.0,0.0
2023-10-31 08:00:00,0.0,0.0,0.0,0.0,0.0,0.0
2023-10-31 09:00:00,0.3015604332863954,0.30765297451431595,0.31794065661422366,0.31149317180202146,0.3325181295236309,0.2432841770930438
2023-10-31 10:00:00,0.4494603560944082,0.4728743959559246,0.524161386992267,0.4669279425710905,0.5386671546052535,0.38154385596584534
2023-10-31 11:00:00,0.5686939551479425,0.6398369880629822,0.6280500558348652,0.5850452691119474,0.6423966066648963,0.4853206882935114
2023-10-31 12:00:00,0.525160050685018,0.6483966535304194,0.6350361202649936,0.5441603875789308,0.6628250503938891,0.4205026857455591
2023-10-31 13:00:00,0.48822777597365635,0.5707759566215669,0.5583405637777525,0.43169094764868315,0.6109819553399127,0.4343062900423217
2023-10-31 14:00:00,0.47653679824359163,0.5104821048505656,0.5122004556869271,0.4352981406187108,0.5485031857169785,0.4568348529972697
2023-10-31 15:00:00,0.4595409553195944,0.46582388228167415,0.4954429854254037,0.4185234071916076,0.5219752809085718,0.4764199163529288
2023-10-31 16:00:00,0.3139633437893202,0.41669660187008756,0.44219392530059914,0.3936484407298888,0.45939875195516605,0.3996423103858478
2023-10-31 17:00:00,0.13608715187337173,0.26207388575621143,0.3322033251107122,0.2542907575831456,0.36088682137103956,0.27663396122195905
2023-10-31 18:00:00,0.017654145935213514,0.0,0.0,0.0,0.0,0.08997407332624587
2023-10-31 19:00:00,0.0,0.0,0.0,0.0,0.0,0.0
2023-10-31 20:00:00,0.0,0.0,0.0,0.0,0.0,0.0
2023-10-31 21:00:00,0.0,0.0,0.0,0.0,0.0,0.0
2023-10-31 22:00:00,0.0,0.0,0.0,0.0,0.0,0.0
2023-10-31 23:00:00,0.0,0.0,0.0,0.0,0.0,0.0
2023-11-01 00:00:00,0.0,0.0,0.0,0.0,0.0,0.0
2023-11-01 01:00:00,0.0,0.0,0.0,0.0,0.0,0.0
2023-11-01 02:00:00,0.0,0.0,0.0,0.0,0.0,0.0
2023-11-01 03:00:00,0.0,0.0,0.0,0.0,0.0,0.0
2023-11-01 04:00:00,0.0,0.0,0.0,0.0,0.0,0.0
2023-11-01 05:00:00,0.0,0.0,0.0,0.0,0.0,0.0
2023-11-01 06:00:00,0.0,0.0,0.0,0.0,0.0,0.0
2023-11-01 07:00:00,0.0,0.0,0.0,0.0,0.0,0.0
2023-11-01 08:00:00,0.0,0.0,0.0,0.0,0.0,0.0
2023-11-01 09:00:00,0.27054346680442115,0.39304577611831926,0.4213855857157061,0.3605915933149878,0.4575206262697084,0.24233559817363542
2023-11-01 10:00:00,0.4275910783216649,0.5055403223676628,0.5215375135170356,0.49416154102991344,0.564024266822083,0.3816814402322981
2023-11-01 11:00:00,0.5704345808281104,0.5983683191356292,0.6287292873490896,0.5896454639757198,0.6628861139543182,0.4937611000751935
2023-11-01 12:00:00,0.4969069205454988,0.5590265198595236,0.6013904813435714,0.4654809520410549,0.6374629545053193,0.4514049167020154
2023-11-01 13:00:00,0.40449782439479764,0.5053705938933496,0.48888466125958424,0.4690743560107929,0.5406973588492298,0.4169211423512374
2023-11-01 14:00:00,0.5240660930295613,0.4955839481566766,0.40120596526333785,0.4425184425852955,0.40971675364545174,0.42143649942866845
2023-11-01 15:00:00,0.5180564531619762,0.5514377399556343,0.47909570908555044,0.4957953339040353,0.4823301450707073,0.45368038449596376
2023-11-01 16:00:00,0.35524811380718113,0.47645070016123225,0.46668202415608,0.43881997545837637,0.4886236645760556,0.421546046161539
2023-11-01 17:00:00,0.18971773548438656,0.24542055262912424,0.2229000542980984,0.21994294507190648,0.2371707569762999,0.19367082248141199
2023-11-01 18:00:00,0.0,0.0,0.0,0.0,0.0,0.003525762776887852
2023-11-01 19:00:00,0.0,0.0,0.0,0.0,0.0,0.0
2023-11-01 20:00:00,0.0,0.0,0.0,0.0,0.0,0.0
2023-11-01 21:00:00,0.0,0.0,0.0,0.0,0.0,0.0
2023-11-01 22:00:00,0.0,0.0,0.0,0.0,0.0,0.0
2023-11-01 23:00:00,0.0,0.0,0.0,0.0,0.0,0.0
2023-11-02 00:00:00,0.0,0.0,0.0,0.0,0.0,0.0
2023-11-02 01:00:00,0.0,0.0,0.0,0.0,0.0,0.0
2023-11-02 02:00:00,0.0,0.0,0.0,0.0,0.0,0.0
2023-11-02 03:00:00,0.0,0.0,0.0,0.0,0.0,0.0
2023-11-02 04:00:00,0.0,0.0,0.0,0.0,0.0,0.0
2023-11-02 05:00:00,0.0,0.0,0.0,0.0,0.0,0.0
2023-11-02 06:00:00,0.0,0.0,0.0,0.0,0.0,0.0
2023-11-02 07:00:00,0.0,0.0,0.0,0.0,0.0,0.0
2023-11-02 08:00:00,0.0,0.0,0.0,0.0,0.0,0.0
2023-11-02 09:00:00,0.0,0.0,0.0,0.0,0.0,0.005703750900863553
2023-11-02 10:00:00,0.00515023705805613,0.008749899255976502,0.009372765962275782,0.0052455029120907284,0.011295118253681668,0.028546310273980358
2023-11-02 11:00:00,0.021794791387694315,0.03177903539373534,0.044233499215789826,0.020525853429388688,0.049241268440807937,0.04385614780032333
2023-11-02 12:00:00,0.03186043344525521,0.08076638145020505,0.0888268891049646,0.03516057841706662,0.10322627057538737,0.06821470506094603
2023-11-02 13:00:00,0.04887363404045145,0.0914616099395482,0.0720853059105796,0.043272269121564476,0.08466776699647484,0.061322933159111165
2023-11-02 14:00:00,0.042570619380865045,0.07095000259150896,0.08717989227083675,0.04260497342288963,0.09979627897449835,0.0921868582571924
2023-11-02 15:00:00,0.05979059909647309,0.034468384520714886,0.025833811444480652,0.02747613478969649,0.04164885030815957,0.06991919433327137
2023-11-02 16:00:00,0.019739456727334556,0.025305976040778635,0.0286753654187154,0.017571572093266007,0.030257533376881873,0.06925380034122824
2023-11-02 17:00:00,0.02000206760800089,0.045973891603917925,0.021323278022892755,0.012645302240187103,0.025421529049563726,0.0450876178458381
2023-11-02 18:00:00,0.0,0.0,0.0,0.0,0.0,0.0
2023-11-02 19:00:00,0.0,0.0,0.0,0.0,0.0,0.0
2023-11-02 20:00:00,0.0,0.0,0.0,0.0,0.0,0.0
2023-11-02 21:00:00,0.0,0.0,0.0,0.0,0.0,0.0
2023-11-02 22:00:00,0.0,0.0,0.0,0.0,0.0,0.0
2023-11-02 23:00:00,0.0,0.0,0.0,0.0,0.0,0.0
2023-11-03 00:00:00,0.0,0.0,0.0,0.0,0.0,0.0
2023-11-03 01:00:00,0.0,0.0,0.0,0.0,0.0,0.0
2023-11-03 02:00:00,0.0,0.0,0.0,0.0,0.0,0.0
2023-11-03 03:00:00,0.0,0.0,0.0,0.0,0.0,0.0
2023-11-03 04:00:00,0.0,0.0,0.0,0.0,0.0,0.0
2023-11-03 05:00:00,0.0,0.0,0.0,0.0,0.0,0.0
2023-11-03 06:00:00,0.0,0.0,0.0,0.0,0.0,0.0
2023-11-03 07:00:00,0.0,0.0,0.0,0.0,0.0,0.0
2023-11-03 08:00:00,0.0,0.0,0.0,0.0,0.0,0.0
2023-11-03 09:00:00,0.0839932389763026,0.0782541923443889,0.08908315432764634,0.08732100646992882,0.07726931657137975,0.06128055633507568
2023-11-03 10:00:00,0.11672745549434348,0.16111811549814326,0.17860570842260218,0.14497178872318964,0.1793835866289672,0.11620905739635937
2023-11-03 11:00:00,0.17607786427046232,0.19308730046814185,0.20127913883555085,0.14194316992566922,0.21993204821464232,0.12602223898262307
2023-11-03 12:00:00,0.41134950372221857,0.3750714070849987,0.4328469150340029,0.4126113603834078,0.4183555237776255,0.302749396215888
2023-11-03 13:00:00,0.40891949114741616,0.3747260820000297,0.3470434150997432,0.26810058141852283,0.37252388875090453,0.33098831359630715
2023-11-03 14:00:00,0.3977956267707422,0.36677454569335777,0.29934960587704423,0.22923116581343725,0.3177418905266428,0.35196274860739646
2023-11-03 15:00:00,0.41270038233193806,0.3235143905815377,0.18075446024209899,0.18674697053183908,0.17689496731791812,0.20719417260394293
2023-11-03 16:00:00,0.46082374207849586,0.3828262012433718,0.24885100370770472,0.2810104181444203,0.22539327329105469,0.20507378313136423
2023-11-03 17:00:00,0.17962902725264332,0.24638502652926525,0.20995115846405218,0.10892289258214,0.22605107716173417,0.08127895701780985
2023-11-03 18:00:00,0.0,0.0,0.0,0.0,0.0,0.0
2023-11-03 19:00:00,0.0,0.0,0.0,0.0,0.0,0.0
2023-11-03 20:00:00,0.0,0.0,0.0,0.0,0.0,0.0
2023-11-03 21:00:00,0.0,0.0,0.0,0.0,0.0,0.0
2023-11-03 22:00:00,0.0,0.0,0.0,0.0,0.0,0.0
2023-11-03 23:00:00,0.0,0.0,0.0,0.0,0.0,0.0
2023-11-04 00:00:00,0.0,0.0,0.0,0.0,0.0,0.0
2023-11-04 01:00:00,0.0,0.0,0.0,0.0,0.0,0.0
2023-11-04 02:00:00,0.0,0.0,0.0,0.0,0.0,0.0
2023-11-04 03:00:00,0.0,0.0,0.0,0.0,0.0,0.0
2023-11-04 04:00:00,0.0,0.0,0.0,0.0,0.0,0.0
2023-11-04 05:00:00,0.0,0.0,0.0,0.0,0.0,0.0
2023-11-04 06:00:00,0.0,0.0,0.0,0.0,0.0,0.0
2023-11-04 07:00:00,0.0,0.0,0.0,0.0,0.0,0.0
2023-11-04 08:00:00,0.0,0.0,0.0,0.0,0.0,0.0
2023-11-04 09:00:00,0.0,0.0,0.0,0.0,0.0,0.0035033351423327894
2023-11-04 10:00:00,0.002674232540100556,0.0015894746978715435,0.001524338150094476,0.0013280005981987717,0.0028148474570072694,0.011152792019955395
2023-11-04 11:00:00,0.015631191717571574,0.013918646248837027,0.010880572814129928,0.018315942556121904,0.011114029732493437,0.030216577567690483
2023-11-04 12:00:00,0.01933999242850878,0.02716476009023191,0.03885358455336002,0.04362609948755493,0.04165279024641663,0.1096210983041697
2023-11-04 13:00:00,0.03417171983783465,0.018256003586573425,0.020557251341539354,0.0375707561260733,0.018225775866913856,0.11348373404065701
2023-11-04 14:00:00,0.030789868334636268,0.028401877145283694,0.03108415810921539,0.039443289122266044,0.030932462178398665,0.10721412257097826
2023-11-04 15:00:00,0.03875153740892771,0.0323346665452372,0.03629653908676193,0.05044829237388374,0.03484447014481496,0.10701423277711325
2023-11-04 16:00:00,0.030287228068007366,0.02640292169264635,0.028446534344868712,0.03444218396207173,0.028964568488067662,0.11673958576599378
2023-11-04 17:00:00,0.03699439741529976,0.004299834711796883,0.0052393052616777165,0.004704521617977651,0.00663738162470058,0.09332257899694008
2023-11-04 18:00:00,0.0,0.0,0.0,0.0,0.0,0.0
2023-11-04 19:00:00,0.0,0.0,0.0,0.0,0.0,0.0
2023-11-04 20:00:00,0.0,0.0,0.0,0.0,0.0,0.0
2023-11-04 21:00:00,0.0,0.0,0.0,0.0,0.0,0.0
2023-11-04 22:00:00,0.0,0.0,0.0,0.0,0.0,0.0
2023-11-04 23:00:00,0.0,0.0,0.0,0.0,0.0,0.0
2023-11-05 00:00:00,0.0,0.0,0.0,0.0,0.0,0.0
2023-11-05 01:00:00,0.0,0.0,0.0,0.0,0.0,0.0
2023-11-05 02:00:00,0.0,0.0,0.0,0.0,0.0,0.0
2023-11-05 03:00:00,0.0,0.0,0.0,0.0,0.0,0.0
2023-11-05 04:00:00,0.0,0.0,0.0,0.0,0.0,0.0
2023-11-05 05:00:00,0.0,0.0,0.0,0.0,0.0,0.0
2023-11-05 06:00:00,0.0,0.0,0.0,0.0,0.0,0.0
2023-11-05 07:00:00,0.0,0.0,0.0,0.0,0.0,0.0
2023-11-05 08:00:00,0.0,0.0,0.0,0.0,0.0,0.0
2023-11-05 09:00:00,0.12706044978032646,0.14445142665415164,0.23892651197518686,0.1387153382647029,0.23681770828119372,0.07482308952638679
2023-11-05 10:00:00,0.14969402756454586,0.1447399100638901,0.2345420814471841,0.0829856447186108,0.2588350616804975,0.09873220420399118
2023-11-05 11:00:00,0.1702113240497707,0.09706982709870267,0.11571080052172401,0.08405093684584213,0.13378665901701908,0.1501884719619408
2023-11-05 12:00:00,0.24580685128101742,0.1692320765763216,0.2204495866356285,0.19165762800731162,0.23316073254679082,0.20372408024445612
2023-11-05 13:00:00,0.31323939545074403,0.2218027563832303,0.23502850594613975,0.33045737785002355,0.20850586025893186,0.2637595487139736
2023-11-05 14:00:00,0.3492059834266727,0.2748305177027329,0.3354574070569509,0.4995262059479627,0.2812979465212846,0.2506539926833435
2023-11-05 15:00:00,0.2942964565433884,0.44756315306410965,0.5608861044430813,0.5319357208292734,0.5724583079842658,0.2299279515370265
2023-11-05 16:00:00,0.1944168921939277,0.34926713550783983,0.4197374627047723,0.39801336189259107,0.4345685312316922,0.1894709617146146
2023-11-05 17:00:00,0.07796042540805721,0.18990302377964666,0.2659289453844561,0.2889059495714483,0.26026080293653164,0.11345487936149534
2023-11-05 18:00:00,0.0,0.0,0.0,0.0,0.0,0.0
2023-11-05 19:00:00,0.0,0.0,0.0,0.0,0.0,0.0
2023-11-05 20:00:00,0.0,0.0,0.0,0.0,0.0,0.0
2023-11-05 21:00:00,0.0,0.0,0.0,0.0,0.0,0.0
2023-11-05 22:00:00,0.0,0.0,0.0,0.0,0.0,0.0
2023-11-05 23:00:00,0.0,0.0,0.0,0.0,0.0,0.0
2023-11-06 00:00:00,0.0,0.0,0.0,0.0,0.0,0.0
2023-11-06 01:00:00,0.0,0.0,0.0,0.0,0.0,0.0
2023-11-06 02:00:00,0.0,0.0,0.0,0.0,0.0,0.0
2023-11-06 03:00:00,0.0,0.0,0.0,0.0,0.0,0.0
2023-11-06 04:00:00,0.0,0.0,0.0,0.0,0.0,0.0
2023-11-06 05:00:00,0.0,0.0,0.0,0.0,0.0,0.0
2023-11-06 06:00:00,0.0,0.0,0.0,0.0,0.0,0.0
2023-11-06 07:00:00,0.0,0.0,0.0,0.0,0.0,0.0
2023-11-06 08:00:00,0.0,0.0,0.0,0.0,0.0,0.0
2023-11-06 09:00:00,0.02526123902604575,0.00893220922301913,0.01563360073086512,0.028667915919699333,0.011966939314167858,0.05129800989528042
2023-11-06 10:00:00,0.05047270861895883,0.05640525436313775,0.08048837783276803,0.12959992468647843,0.07026375139940386,0.13784077746584927
2023-11-06 11:00:00,0.10394213708607945,0.11513882244003144,0.19399155089727985,0.15296768712577305,0.20490178680272456,0.17606324682977453
2023-11-06 12:00:00,0.07433008719716401,0.05460368988966422,0.05933500411111324,0.06136752160415599,0.07487013294305661,0.15746261237203416
2023-11-06 13:00:00,0.09254996233991833,0.08563944746219296,0.07686828796844242,0.0761465859789326,0.09921800492045214,0.13637727026826502
2023-11-06 14:00:00,0.0661544022983291,0.05694718291552935,0.060184972964967554,0.06457549466188525,0.07340404151455446,0.12917953010110467
2023-11-06 15:00:00,0.04598850673925297,0.03173742595874708,0.038456190016091435,0.039953118203986004,0.04012801800067117,0.09122496389740462
2023-11-06 16:00:00,0.014267162451570038,0.013135426152033829,0.016064576870418755,0.020237127490895547,0.017012634613694937,0.061555287223325476
2023-11-06 17:00:00,0.001424511262989164,0.0005304354391861364,0.0008192160216628818,0.003098445697104989,0.000970337198800693,0.02165771031402354
2023-11-06 18:00:00,0.0,0.0,0.0,0.0,0.0,0.0
2023-11-06 19:00:00,0.0,0.0,0.0,0.0,0.0,0.0
2023-11-06 20:00:00,0.0,0.0,0.0,0.0,0.0,0.0
2023-11-06 21:00:00,0.0,0.0,0.0,0.0,0.0,0.0
2023-11-06 22:00:00,0.0,0.0,0.0,0.0,0.0,0.0
2023-11-06 23:00:00,0.0,0.0,0.0,0.0,0.0,0.0
2023-11-07 00:00:00,0.0,0.0,0.0,0.0,0.0,0.0
2023-11-07 01:00:00,0.0,0.0,0.0,0.0,0.0,0.0
2023-11-07 02:00:00,0.0,0.0,0.0,0.0,0.0,0.0
2023-11-07 03:00:00,0.0,0.0,0.0,0.0,0.0,0.0
2023-11-07 04:00:00,0.0,0.0,0.0,0.0,0.0,0.0
2023-11-07 05:00:00,0.0,0.0,0.0,0.0,0.0,0.0
2023-11-07 06:00:00,0.0,0.0,0.0,0.0,0.0,0.0
2023-11-07 07:00:00,0.0,0.0,0.0,0.0,0.0,0.0
2023-11-07 08:00:00,0.0,0.0,0.0,0.0,0.0,0.0
2023-11-07 09:00:00,0.025032262711378768,0.041499327844201794,0.026156381166325928,0.011205737261147018,0.03079657074746353,0.03030145880950315
2023-11-07 10:00:00,0.06498515384403977,0.10346078637763337,0.054000143021633445,0.029359668025482004,0.0659544026786161,0.11298038571494926
2023-11-07 11:00:00,0.12863463707455192,0.06759346604603221,0.04756159650068974,0.05821286236650714,0.04816207119203937,0.17115453913286946
2023-11-07 12:00:00,0.17696323449049092,0.05314810682585362,0.042033213704531926,0.0774730230342043,0.03701078406600297,0.2206902070244943
2023-11-07 13:00:00,0.4304604562713856,0.132863776741539,0.08051140726316997,0.145850385240068,0.044871109238180024,0.39225235802262054
2023-11-07 14:00:00,0.5327538238366056,0.19711030050947262,0.14742321802131317,0.18265941399199193,0.10481237693795545,0.49779178597138257
2023-11-07 15:00:00,0.4871807390407601,0.3310846481139686,0.3823770797785149,0.39391701857594574,0.3473373998737064,0.4587470141914927
2023-11-07 16:00:00,0.46239802191188634,0.4309671626447206,0.43725270914703523,0.45476499148309135,0.43243930962604826,0.45737431506927456
2023-11-07 17:00:00,0.3009805743587169,0.30503095129600727,0.3235979754714775,0.23316669523340233,0.3625851534294482,0.34589652868905474
2023-11-07 18:00:00,0.0,0.0,0.0,0.0,0.0,0.0
2023-11-07 19:00:00,0.0,0.0,0.0,0.0,0.0,0.0
2023-11-07 20:00:00,0.0,0.0,0.0,0.0,0.0,0.0
2023-11-07 21:00:00,0.0,0.0,0.0,0.0,0.0,0.0
2023-11-07 22:00:00,0.0,0.0,0.0,0.0,0.0,0.0
2023-11-07 23:00:00,0.0,0.0,0.0,0.0,0.0,0.0
2023-11-08 00:00:00,0.0,0.0,0.0,0.0,0.0,0.0
2023-11-08 01:00:00,0.0,0.0,0.0,0.0,0.0,0.0
2023-11-08 02:00:00,0.0,0.0,0.0,0.0,0.0,0.0
2023-11-08 03:00:00,0.0,0.0,0.0,0.0,0.0,0.0
2023-11-08 04:00:00,0.0,0.0,0.0,0.0,0.0,0.0
2023-11-08 05:00:00,0.0,0.0,0.0,0.0,0.0,0.0
2023-11-08 06:00:00,0.0,0.0,0.0,0.0,0.0,0.0
2023-11-08 07:00:00,0.0,0.0,0.0,0.0,0.0,0.0
2023-11-08 08:00:00,0.0,0.0,0.0,0.0,0.0,0.0
2023-11-08 09:00:00,0.32013029241814667,0.31961631028459514,0.24819173175363068,0.2733509037667278,0.2400884173480975,0.18408291706355637
2023-11-08 10:00:00,0.4430143821551401,0.38593352740963394,0.3872171613199531,0.37080301875766053,0.38400826390598786,0.3217031482733658
2023-11-08 11:00:00,0.5489390250814328,0.4496355535390284,0.3634760647874257,0.31191179177705725,0.38145754926301345,0.34388487869235596
2023-11-08 12:00:00,0.6140469496563143,0.6530213797540172,0.5725611008600293,0.6381371707148772,0.5636892492359835,0.44101355743330983
2023-11-08 13:00:00,0.5209533401019385,0.5298624748381067,0.44818163988818777,0.43384989989278,0.4900616063328981,0.4599774030438116
2023-11-08 14:00:00,0.40110188367670563,0.35486616257718223,0.2916714035455151,0.3106306089322321,0.3284703208979835,0.4154889524603942
2023-11-08 15:00:00,0.3469104046546407,0.40343869841876,0.28787721038330766,0.33849349034692044,0.3071849543224569,0.3678416534280752
2023-11-08 16:00:00,0.3282734872318269,0.15169075225415618,0.0865341879131957,0.15539926021860187,0.09489638441174257,0.25980672930249377
2023-11-08 17:00:00,0.31785879792025,0.2520633709700141,0.14158626364761348,0.13548918060827497,0.14949742502025326,0.18297198839542952
2023-11-08 18:00:00,0.0,0.0,0.0,0.0,0.0,0.0
2023-11-08 19:00:00,0.0,0.0,0.0,0.0,0.0,0.0
2023-11-08 20:00:00,0.0,0.0,0.0,0.0,0.0,0.0
2023-11-08 21:00:00,0.0,0.0,0.0,0.0,0.0,0.0
2023-11-08 22:00:00,0.0,0.0,0.0,0.0,0.0,0.0
2023-11-08 23:00:00,0.0,0.0,0.0,0.0,0.0,0.0
2023-11-09 00:00:00,0.0,0.0,0.0,0.0,0.0,0.0
2023-11-09 01:00:00,0.0,0.0,0.0,0.0,0.0,0.0
2023-11-09 02:00:00,0.0,0.0,0.0,0.0,0.0,0.0
2023-11-09 03:00:00,0.0,0.0,0.0,0.0,0.0,0.0
2023-11-09 04:00:00,0.0,0.0,0.0,0.0,0.0,0.0
2023-11-09 05:00:00,0.0,0.0,0.0,0.0,0.0,0.0
2023-11-09 06:00:00,0.0,0.0,0.0,0.0,0.0,0.0
2023-11-09 07:00:00,0.0,0.0,0.0,0.0,0.0,0.0
2023-11-09 08:00:00,0.0,0.0,0.0,0.0,0.0,0.0
2023-11-09 09:00:00,0.11010502049908083,0.1843458169834391,0.2356478763005047,0.1411880202881284,0.24932793975031506,0.08096660496368059
2023-11-09 10:00:00,0.1739729772282869,0.275922497024178,0.36342537267737846,0.15929810585677853,0.41116118963808396,0.09938836419148113
2023-11-09 11:00:00,0.18095908242842815,0.27829967117161497,0.3482393616128529,0.17582370278893691,0.4119223830568525,0.13465490969327523
2023-11-09 12:00:00,0.18287275676527168,0.29853877102795123,0.3319146006904598,0.20151620209383797,0.3901284514647711,0.14142604217249075
2023-11-09 13:00:00,0.16567258197629559,0.26255258971329654,0.32360015799331326,0.16980603467409064,0.3784406424938318,0.1673881147626515
2023-11-09 14:00:00,0.14680791083700406,0.15949828445752112,0.1766818186738844,0.11303002300951821,0.20375556190083588,0.16592857971794844
2023-11-09 15:00:00,0.15461492658668613,0.15062042515539345,0.12342287247568044,0.12424991828983657,0.13829821502526152,0.19165599828671234
2023-11-09 16:00:00,0.1289512721469843,0.1422696349023313,0.09913315890214457,0.0989837835421886,0.10451790057676846,0.16500442258091916
2023-11-09 17:00:00,0.06108266350580232,0.08458585364854948,0.05046452785983254,0.046939634959860546,0.05808944472023136,0.07745640799562889
2023-11-09 18:00:00,0.0,0.0,0.0,0.0,0.0,0.0
2023-11-09 19:00:00,0.0,0.0,0.0,0.0,0.0,0.0
2023-11-09 20:00:00,0.0,0.0,0.0,0.0,0.0,0.0
2023-11-09 21:00:00,0.0,0.0,0.0,0.0,0.0,0.0
2023-11-09 22:00:00,0.0,0.0,0.0,0.0,0.0,0.0
2023-11-09 23:00:00,0.0,0.0,0.0,0.0,0.0,0.0
2023-11-10 00:00:00,0.0,0.0,0.0,0.0,0.0,0.0
2023-11-10 01:00:00,0.0,0.0,0.0,0.0,0.0,0.0
2023-11-10 02:00:00,0.0,0.0,0.0,0.0,0.0,0.0
2023-11-10 03:00:00,0.0,0.0,0.0,0.0,0.0,0.0
2023-11-10 04:00:00,0.0,0.0,0.0,0.0,0.0,0.0
2023-11-10 05:00:00,0.0,0.0,0.0,0.0,0.0,0.0
2023-11-10 06:00:00,0.0,0.0,0.0,0.0,0.0,0.0
2023-11-10 07:00:00,0.0,0.0,0.0,0.0,0.0,0.0
2023-11-10 08:00:00,0.0,0.0,0.0,0.0,0.0,0.0
2023-11-10 09:00:00,0.3069399811040187,0.23629934817323822,0.2616084862565504,0.2841884299540276,0.2332904157017398,0.20820960487632612
2023-11-10 10:00:00,0.36128239758539965,0.30339498045481816,0.2979756205998127,0.4276921382405057,0.2604637179844978,0.3464798029722865
2023-11-10 11:00:00,0.49555957167941667,0.4308857734040297,0.4016843381956712,0.5097667119406208,0.3806757234014285,0.49137093646359326
2023-11-10 12:00:00,0.5149530315302175,0.5344888808627893,0.6003748675132472,0.6793208673738035,0.5710226688689969,0.5239174524493233
2023-11-10 13:00:00,0.40238579257068036,0.6218645124550848,0.6598955757596857,0.6382414209696518,0.6784036002011424,0.46843905393311597
2023-11-10 14:00:00,0.2647825901108665,0.45663152627013864,0.44769125601719656,0.308205796249368,0.5051166308461095,0.3083845952681472
2023-11-10 15:00:00,0.22404543520556347,0.4198734066909067,0.47272740829454407,0.36879181396903815,0.5246117324198922,0.25061825183358694
2023-11-10 16:00:00,0.14392605548865992,0.21736405356326988,0.21503894997733453,0.22207359759035594,0.21040192009290717,0.17755140524391472
2023-11-10 17:00:00,0.17416215701697674,0.2252264565859519,0.21659423469663142,0.11736732157401158,0.2338697653695275,0.2349041078964273
2023-11-10 18:00:00,0.0,0.0,0.0,0.0,0.0,0.0
2023-11-10 19:00:00,0.0,0.0,0.0,0.0,0.0,0.0
2023-11-10 20:00:00,0.0,0.0,0.0,0.0,0.0,0.0
2023-11-10 21:00:00,0.0,0.0,0.0,0.0,0.0,0.0
2023-11-10 22:00:00,0.0,0.0,0.0,0.0,0.0,0.0
2023-11-10 23:00:00,0.0,0.0,0.0,0.0,0.0,0.0
2023-11-11 00:00:00,0.0,0.0,0.0,0.0,0.0,0.0
2023-11-11 01:00:00,0.0,0.0,0.0,0.0,0.0,0.0
2023-11-11 02:00:00,0.0,0.0,0.0,0.0,0.0,0.0
2023-11-11 03:00:00,0.0,0.0,0.0,0.0,0.0,0.0
2023-11-11 04:00:00,0.0,0.0,0.0,0.0,0.0,0.0
2023-11-11 05:00:00,0.0,0.0,0.0,0.0,0.0,0.0
2023-11-11 06:00:00,0.0,0.0,0.0,0.0,0.0,0.0
2023-11-11 07:00:00,0.0,0.0,0.0,0.0,0.0,0.0
2023-11-11 08:00:00,0.0,0.0,0.0,0.0,0.0,0.0
2023-11-11 09:00:00,0.01662416811466402,0.0,0.0,0.0026698076543590836,0.0005056574147830831,0.05642333747741755
2023-11-11 10:00:00,0.0916655319758215,0.0838265663349035,0.10171861450635551,0.27670866747976214,0.058116304212077544,0.19542634042184337
2023-11-11 11:00:00,0.3082768256618705,0.24196456370345773,0.3270234042238457,0.4652476825480769,0.25656133552487903,0.34465281304329903
2023-11-11 12:00:00,0.3696919717534688,0.45547008895512753,0.49362224401359556,0.517096181197192,0.4821205770775537,0.3256866147895007
2023-11-11 13:00:00,0.37162113898460575,0.4661240944147645,0.4612257171440841,0.4902645706242158,0.46213659635886883,0.3604987764768613
2023-11-11 14:00:00,0.36870026679900963,0.4829321416284547,0.4557740710955535,0.4882536182392106,0.4493146343050606,0.4297940041178599
2023-11-11 15:00:00,0.3232051252776871,0.3342207608663243,0.297125424793385,0.36418961842145003,0.319338190549707,0.4510248294460287
2023-11-11 16:00:00,0.31465064018436484,0.41625114249505096,0.36564478632203984,0.4045880188853075,0.3657046484175737,0.4325967330547137
2023-11-11 17:00:00,0.17441073602822316,0.1281806255283904,0.11467929249077569,0.17151959125428506,0.10475754786665302,0.2500757424427618
2023-11-11 18:00:00,0.0,0.0,0.0,0.0,0.0,0.0
2023-11-11 19:00:00,0.0,0.0,0.0,0.0,0.0,0.0
2023-11-11 20:00:00,0.0,0.0,0.0,0.0,0.0,0.0
2023-11-11 21:00:00,0.0,0.0,0.0,0.0,0.0,0.0
2023-11-11 22:00:00,0.0,0.0,0.0,0.0,0.0,0.0
2023-11-11 23:00:00,0.0,0.0,0.0,0.0,0.0,0.0
2023-11-12 00:00:00,0.0,0.0,0.0,0.0,0.0,0.0
2023-11-12 01:00:00,0.0,0.0,0.0,0.0,0.0,0.0
2023-11-12 02:00:00,0.0,0.0,0.0,0.0,0.0,0.0
2023-11-12 03:00:00,0.0,0.0,0.0,0.0,0.0,0.0
2023-11-12 04:00:00,0.0,0.0,0.0,0.0,0.0,0.0
2023-11-12 05:00:00,0.0,0.0,0.0,0.0,0.0,0.0
2023-11-12 06:00:00,0.0,0.0,0.0,0.0,0.0,0.0
2023-11-12 07:00:00,0.0,0.0,0.0,0.0,0.0,0.0
2023-11-12 08:00:00,0.0,0.0,0.0,0.0,0.0,0.0
2023-11-12 09:00:00,0.05586748751750167,0.0691118424124224,0.1008689565547323,0.11252034873560073,0.10416701129448094,0.13232951891636693
2023-11-12 10:00:00,0.08162303113170895,0.09268649234397335,0.12314461079777841,0.13759051581327725,0.12906998488455526,0.19651565510808833
2023-11-12 11:00:00,0.12741052177649093,0.1514417111166203,0.17794489329200006,0.23027642602032916,0.17738060553778154,0.32900600376184913
2023-11-12 12:00:00,0.07412419041274598,0.087992985227767,0.11663144083253059,0.14509464700332494,0.12299759099940943,0.21661788469310375
2023-11-12 13:00:00,0.10070921693014612,0.07881934577950916,0.09141705835625934,0.10090686377251612,0.10691603568014015,0.2238883035996526
2023-11-12 14:00:00,0.140761493228333,0.11844051961048681,0.1125724761930032,0.11526741307286996,0.12551531528480178,0.25396528372929683
2023-11-12 15:00:00,0.0962739106950587,0.10211757436743407,0.09694511134174229,0.09976109822463948,0.10618978815489252,0.23585342205087645
2023-11-12 16:00:00,0.07290115902607379,0.05896461723698299,0.0604301587140435,0.06969298770709606,0.06558574366819327,0.15680101812998729
2023-11-12 17:00:00,0.04079461114412883,0.015317100189665879,0.02068526501137983,0.028129296259744602,0.025844479148061292,0.10054914681810416
2023-11-12 18:00:00,0.0,0.0,0.0,0.0,0.0,0.0
2023-11-12 19:00:00,0.0,0.0,0.0,0.0,0.0,0.0
2023-11-12 20:00:00,0.0,0.0,0.0,0.0,0.0,0.0
2023-11-12 21:00:00,0.0,0.0,0.0,0.0,0.0,0.0
2023-11-12 22:00:00,0.0,0.0,0.0,0.0,0.0,0.0
2023-11-12 23:00:00,0.0,0.0,0.0,0.0,0.0,0.0
2023-11-13 00:00:00,0.0,0.0,0.0,0.0,0.0,0.0
2023-11-13 01:00:00,0.0,0.0,0.0,0.0,0.0,0.0
2023-11-13 02:00:00,0.0,0.0,0.0,0.0,0.0,0.0
2023-11-13 03:00:00,0.0,0.0,0.0,0.0,0.0,0.0
2023-11-13 04:00:00,0.0,0.0,0.0,0.0,0.0,0.0
2023-11-13 05:00:00,0.0,0.0,0.0,0.0,0.0,0.0
2023-11-13 06:00:00,0.0,0.0,0.0,0.0,0.0,0.0
2023-11-13 07:00:00,0.0,0.0,0.0,0.0,0.0,0.0
2023-11-13 08:00:00,0.0,0.0,0.0,0.0,0.0,0.0
2023-11-13 09:00:00,0.18665408399406597,0.22307709850434454,0.21179504554637904,0.2906254849744495,0.18610465728963752,0.18002894471603081
2023-11-13 10:00:00,0.3340657767727691,0.3002508794203743,0.25241737239660483,0.4392259987639572,0.21038879142701652,0.40634227982247767
2023-11-13 11:00:00,0.36326085423298343,0.15506301086336968,0.18442413143232145,0.3831960274617054,0.1569768932688835,0.4772172530238816
2023-11-13 12:00:00,0.4181224216125911,0.2842552206392558,0.3375873321628564,0.5220874027154492,0.27069930043141177,0.5710810315959381
2023-11-13 13:00:00,0.5231272611063433,0.3289039597316138,0.35515133997645615,0.6073513008421475,0.2733135877309436,0.6176090677338166
2023-11-13 14:00:00,0.6132105741077772,0.4635938144743817,0.5169850387168028,0.6639248229303981,0.4384191460169386,0.627248771493598
2023-11-13 15:00:00,0.6440384532013348,0.604518512350216,0.64231700424035,0.6723339006687232,0.5951150857473952,0.5985436221765578
2023-11-13 16:00:00,0.5709639235962467,0.4825169750116823,0.4960743177300668,0.5868027643644823,0.46354912724148056,0.5248461071900276
2023-11-13 17:00:00,0.42825746521691493,0.3406279358756566,0.3698810682171215,0.4439034018366831,0.33224692387042515,0.3899591013931596
2023-11-13 18:00:00,0.0,0.0,0.0,0.0,0.0,0.0
2023-11-13 19:00:00,0.0,0.0,0.0,0.0,0.0,0.0
2023-11-13 20:00:00,0.0,0.0,0.0,0.0,0.0,0.0
2023-11-13 21:00:00,0.0,0.0,0.0,0.0,0.0,0.0
2023-11-13 22:00:00,0.0,0.0,0.0,0.0,0.0,0.0
2023-11-13 23:00:00,0.0,0.0,0.0,0.0,0.0,0.0
2023-11-14 00:00:00,0.0,0.0,0.0,0.0,0.0,0.0
2023-11-14 01:00:00,0.0,0.0,0.0,0.0,0.0,0.0
2023-11-14 02:00:00,0.0,0.0,0.0,0.0,0.0,0.0
2023-11-14 03:00:00,0.0,0.0,0.0,0.0,0.0,0.0
2023-11-14 04:00:00,0.0,0.0,0.0,0.0,0.0,0.0
2023-11-14 05:00:00,0.0,0.0,0.0,0.0,0.0,0.0
2023-11-14 06:00:00,0.0,0.0,0.0,0.0,0.0,0.0
2023-11-14 07:00:00,0.0,0.0,0.0,0.0,0.0,0.0
2023-11-14 08:00:00,0.0,0.0,0.0,0.0,0.0,0.0
2023-11-14 09:00:00,0.3958284940473879,0.3994791217199396,0.3548631958318786,0.2659505654392909,0.3786803365477113,0.07489091506422915
2023-11-14 10:00:00,0.5308844718032087,0.4788985330888058,0.415641239781158,0.3632154242727387,0.4341812358620411,0.33600783917218136
2023-11-14 11:00:00,0.7293873680133207,0.6625183490804888,0.6402551668355682,0.706754950057762,0.6018947882119956,0.484763813099228
2023-11-14 12:00:00,0.8051667811749542,0.7861970860557136,0.7642137232383923,0.7872310053121827,0.7515013970047654,0.44707382875550206
2023-11-14 13:00:00,0.8027833067542787,0.7638410670811113,0.7117896777360604,0.6961416892788292,0.6984740586214054,0.4012318809838434
2023-11-14 14:00:00,0.7311062480983654,0.6521518554679361,0.5523706073528102,0.6373698344130698,0.5550860431323881,0.4125849565339344
2023-11-14 15:00:00,0.664791446438758,0.6086553891398896,0.5081640640000714,0.5899838580812894,0.508267231329338,0.28125780308789516
2023-11-14 16:00:00,0.533202755661392,0.484756077620415,0.433421969325488,0.4530817345651931,0.44572500881181676,0.23705652329539992
2023-11-14 17:00:00,0.37150879186472036,0.286520404173909,0.29162267769137973,0.2686903265936644,0.2971622742630562,0.0998252362205842
2023-11-14 18:00:00,0.0,0.0,0.0,0.0,0.0,0.0
2023-11-14 19:00:00,0.0,0.0,0.0,0.0,0.0,0.0
2023-11-14 20:00:00,0.0,0.0,0.0,0.0,0.0,0.0
2023-11-14 21:00:00,0.0,0.0,0.0,0.0,0.0,0.0
2023-11-14 22:00:00,0.0,0.0,0.0,0.0,0.0,0.0
2023-11-14 23:00:00,0.0,0.0,0.0,0.0,0.0,0.0
2023-11-15 00:00:00,0.0,0.0,0.0,0.0,0.0,0.0
2023-11-15 01:00:00,0.0,0.0,0.0,0.0,0.0,0.0
2023-11-15 02:00:00,0.0,0.0,0.0,0.0,0.0,0.0
2023-11-15 03:00:00,0.0,0.0,0.0,0.0,0.0,0.0
2023-11-15 04:00:00,0.0,0.0,0.0,0.0,0.0,0.0
2023-11-15 05:00:00,0.0,0.0,0.0,0.0,0.0,0.0
2023-11-15 06:00:00,0.0,0.0,0.0,0.0,0.0,0.0
2023-11-15 07:00:00,0.0,0.0,0.0,0.0,0.0,0.0
2023-11-15 08:00:00,0.0,0.0,0.0,0.0,0.0,0.0
2023-11-15 09:00:00,0.05865641155868303,0.04100237284260565,0.03017080195303847,0.00802020520746304,0.040962118736747086,0.004309189505537583
2023-11-15 10:00:00,0.09754711006083316,0.026289319309873844,0.02641796537552922,0.02674639212413914,0.034035734033668365,0.08458282076291278
2023-11-15 11:00:00,0.13550938295159853,0.09397230434530268,0.07940525274877372,0.06750026179071687,0.09254219303783288,0.14061130091986632
2023-11-15 12:00:00,0.1263545170802009,0.06006378377306876,0.07041292855670725,0.059416374673931203,0.08478569658759687,0.2546947592388081
2023-11-15 13:00:00,0.12540293903597186,0.06857179217198693,0.06567999550469447,0.08251062068976789,0.07444537296485589,0.29628147286583917
2023-11-15 14:00:00,0.12651531730830873,0.07784232122540703,0.05311445160712388,0.0719628136073427,0.06561004894840397,0.2833644039846155
2023-11-15 15:00:00,0.1644830595347143,0.07215176835714547,0.055775830930716856,0.09685275254142875,0.051552551947515915,0.2779413418390773
2023-11-15 16:00:00,0.21064580094255672,0.07803803977587136,0.040993626668574326,0.07195637120251958,0.029235277925993515,0.32697432536164794
2023-11-15 17:00:00,0.12614124029186996,0.05802730217878528,0.03505544989111866,0.045489710916885834,0.03397206947768966,0.23595447636630437
2023-11-15 18:00:00,0.0,0.0,0.0,0.0,0.0,0.0
2023-11-15 19:00:00,0.0,0.0,0.0,0.0,0.0,0.0
2023-11-15 20:00:00,0.0,0.0,0.0,0.0,0.0,0.0
2023-11-15 21:00:00,0.0,0.0,0.0,0.0,0.0,0.0
2023-11-15 22:00:00,0.0,0.0,0.0,0.0,0.0,0.0
2023-11-15 23:00:00,0.0,0.0,0.0,0.0,0.0,0.0
2023-11-16 00:00:00,0.0,0.0,0.0,0.0,0.0,0.0
2023-11-16 01:00:00,0.0,0.0,0.0,0.0,0.0,0.0
2023-11-16 02:00:00,0.0,0.0,0.0,0.0,0.0,0.0
2023-11-16 03:00:00,0.0,0.0,0.0,0.0,0.0,0.0
2023-11-16 04:00:00,0.0,0.0,0.0,0.0,0.0,0.0
2023-11-16 05:00:00,0.0,0.0,0.0,0.0,0.0,0.0
2023-11-16 06:00:00,0.0,0.0,0.0,0.0,0.0,0.0
2023-11-16 07:00:00,0.0,0.0,0.0,0.0,0.0,0.0
2023-11-16 08:00:00,0.0,0.0,0.0,0.0,0.0,0.0
2023-11-16 09:00:00,0.464826334253445,0.4491566380487993,0.44323941972435327,0.4569772075181013,0.41974950193924176,0.11338935377091262
2023-11-16 10:00:00,0.5795985973458957,0.5747833942530391,0.5767896141357874,0.5717256678731829,0.5600317167135487,0.473588867145803
2023-11-16 11:00:00,0.7031627712952321,0.7018062643512945,0.6796961336205782,0.6842816816883713,0.6733322711578471,0.629581061852411
2023-11-16 12:00:00,0.7272277147020457,0.7396521412802058,0.7357664449574504,0.7486552199851678,0.7073306877207691,0.5399617923237933
2023-11-16 13:00:00,0.7741149065056364,0.7804166556908757,0.7733081518605454,0.754275975242122,0.7553738814116955,0.61312292817179
2023-11-16 14:00:00,0.7608520301454528,0.7685416268153594,0.7638756098234091,0.7632761815825799,0.7561252100008379,0.6175290596064157
2023-11-16 15:00:00,0.7237402369699604,0.7276607658060352,0.7181558774518767,0.7213038801856189,0.7184600835011229,0.5857562893301715
2023-11-16 16:00:00,0.6371226574390564,0.6269870177088283,0.6134363817511025,0.6196889378752605,0.6119642886565408,0.51256106210744
2023-11-16 17:00:00,0.4439559023395029,0.43572276474564114,0.4163755520924139,0.4353797314398134,0.41330771849377923,0.3590750218111052
2023-11-16 18:00:00,0.0,0.0,0.0,0.0,0.0,0.0
2023-11-16 19:00:00,0.0,0.0,0.0,0.0,0.0,0.0
2023-11-16 20:00:00,0.0,0.0,0.0,0.0,0.0,0.0
2023-11-16 21:00:00,0.0,0.0,0.0,0.0,0.0,0.0
2023-11-16 22:00:00,0.0,0.0,0.0,0.0,0.0,0.0
2023-11-16 23:00:00,0.0,0.0,0.0,0.0,0.0,0.0
2023-11-17 00:00:00,0.0,0.0,0.0,0.0,0.0,0.0
2023-11-17 01:00:00,0.0,0.0,0.0,0.0,0.0,0.0
2023-11-17 02:00:00,0.0,0.0,0.0,0.0,0.0,0.0
2023-11-17 03:00:00,0.0,0.0,0.0,0.0,0.0,0.0
2023-11-17 04:00:00,0.0,0.0,0.0,0.0,0.0,0.0
2023-11-17 05:00:00,0.0,0.0,0.0,0.0,0.0,0.0
2023-11-17 06:00:00,0.0,0.0,0.0,0.0,0.0,0.0
2023-11-17 07:00:00,0.0,0.0,0.0,0.0,0.0,0.0
2023-11-17 08:00:00,0.0,0.0,0.0,0.0,0.0,0.0
2023-11-17 09:00:00,0.4345007884000536,0.4267688858593124,0.4242056694108238,0.4506176460654327,0.4268938531049652,0.05246159830989026
2023-11-17 10:00:00,0.5746543904066451,0.5644318722841326,0.5505069631412883,0.5436206175991928,0.571232770095492,0.4856952378165438
2023-11-17 11:00:00,0.7004958902830947,0.6888897810868088,0.6762724296564876,0.6744526598765198,0.6966631040465253,0.6216866004305642
2023-11-17 12:00:00,0.7118232657748575,0.6583589702301946,0.6630742099787302,0.6721035799396399,0.6822470329807737,0.6481509648424628
2023-11-17 13:00:00,0.7496343491994939,0.6971450739470447,0.6432413194821239,0.7124720200590435,0.6538667946044774,0.675805308523784
2023-11-17 14:00:00,0.7352975500399496,0.7042928259687141,0.6976235211948139,0.7278225090079629,0.709596198235103,0.6783345287120125
2023-11-17 15:00:00,0.7136328584163906,0.6744051592791617,0.6344371990941963,0.6845816757107998,0.6430934212824084,0.6576453631020306
2023-11-17 16:00:00,0.624408878048831,0.602158584459798,0.5967640956285085,0.6037519547689884,0.5933991311209236,0.5826112629902757
2023-11-17 17:00:00,0.4392596078000804,0.41333236437167375,0.404788304480388,0.38370257225075544,0.41284132049065214,0.3993708075927873
2023-11-17 18:00:00,0.0,0.0,0.0,0.0,0.0,0.0
2023-11-17 19:00:00,0.0,0.0,0.0,0.0,0.0,0.0
2023-11-17 20:00:00,0.0,0.0,0.0,0.0,0.0,0.0
2023-11-17 21:00:00,0.0,0.0,0.0,0.0,0.0,0.0
2023-11-17 22:00:00,0.0,0.0,0.0,0.0,0.0,0.0
2023-11-17 23:00:00,0.0,0.0,0.0,0.0,0.0,0.0
2023-11-18 00:00:00,0.0,0.0,0.0,0.0,0.0,0.0
2023-11-18 01:00:00,0.0,0.0,0.0,0.0,0.0,0.0
2023-11-18 02:00:00,0.0,0.0,0.0,0.0,0.0,0.0
2023-11-18 03:00:00,0.0,0.0,0.0,0.0,0.0,0.0
2023-11-18 04:00:00,0.0,0.0,0.0,0.0,0.0,0.0
2023-11-18 05:00:00,0.0,0.0,0.0,0.0,0.0,0.0
2023-11-18 06:00:00,0.0,0.0,0.0,0.0,0.0,0.0
2023-11-18 07:00:00,0.0,0.0,0.0,0.0,0.0,0.0
2023-11-18 08:00:00,0.0,0.0,0.0,0.0,0.0,0.0
2023-11-18 09:00:00,0.2173082674098575,0.2669975452251004,0.3105487931586557,0.2960954317945443,0.32760796984202384,0.01359105325167665
2023-11-18 10:00:00,0.40272641043804863,0.3501520927305195,0.38166226622520627,0.3906557100866116,0.4072043934804239,0.32621358524909383
2023-11-18 11:00:00,0.533450633048678,0.3619169904045821,0.4313951388643927,0.5101563750973537,0.4278453624084214,0.39873652728353215
2023-11-18 12:00:00,0.4701908935726693,0.28465763542774036,0.36475329074414353,0.5917323090237487,0.2942569545901059,0.5389153402082698
2023-11-18 13:00:00,0.3760778634123284,0.17913784390440876,0.21870559862936242,0.49509416357273694,0.13148468718007644,0.5963776962220979
2023-11-18 14:00:00,0.3180558276325068,0.16551383291147012,0.23373789501578673,0.4225891516639512,0.17586329791545605,0.6198919193611864
2023-11-18 15:00:00,0.3505212991960886,0.1349522578926867,0.14302867406233358,0.34271112173543683,0.08483409442314542,0.6112395977243694
2023-11-18 16:00:00,0.21736958676753923,0.06812542572730741,0.08699188706358825,0.28077285667703905,0.0508466407181684,0.4954616441300894
2023-11-18 17:00:00,0.1541565901194615,0.07917581144393872,0.08351236986800159,0.18331981928226598,0.0632601603975738,0.35082100514850156
2023-11-18 18:00:00,0.0,0.0,0.0,0.0,0.0,0.0
2023-11-18 19:00:00,0.0,0.0,0.0,0.0,0.0,0.0
2023-11-18 20:00:00,0.0,0.0,0.0,0.0,0.0,0.0
2023-11-18 21:00:00,0.0,0.0,0.0,0.0,0.0,0.0
2023-11-18 22:00:00,0.0,0.0,0.0,0.0,0.0,0.0
2023-11-18 23:00:00,0.0,0.0,0.0,0.0,0.0,0.0
2023-11-19 00:00:00,0.0,0.0,0.0,0.0,0.0,0.0
2023-11-19 01:00:00,0.0,0.0,0.0,0.0,0.0,0.0
2023-11-19 02:00:00,0.0,0.0,0.0,0.0,0.0,0.0
2023-11-19 03:00:00,0.0,0.0,0.0,0.0,0.0,0.0
2023-11-19 04:00:00,0.0,0.0,0.0,0.0,0.0,0.0
2023-11-19 05:00:00,0.0,0.0,0.0,0.0,0.0,0.0
2023-11-19 06:00:00,0.0,0.0,0.0,0.0,0.0,0.0
2023-11-19 07:00:00,0.0,0.0,0.0,0.0,0.0,0.0
2023-11-19 08:00:00,0.0,0.0,0.0,0.0,0.0,0.0
2023-11-19 09:00:00,0.011348400585929687,0.008278653975113981,0.0042757196952861,0.0,0.0008518208335906195,0.0
2023-11-19 10:00:00,0.05233001460571602,0.02625710684195598,0.02054880776703234,0.03875296076309249,0.019885252038051044,0.10436930713404674
2023-11-19 11:00:00,0.20236938910974006,0.1606905235381967,0.13148535844873763,0.12679946511334128,0.13087145569389375,0.2526059747785702
2023-11-19 12:00:00,0.31255504549316704,0.1939947697147432,0.1616280855629519,0.24050226907233363,0.14743305882525912,0.4358049677691971
2023-11-19 13:00:00,0.5518748482120828,0.42464979335264796,0.4437603482599628,0.4486629556215899,0.41824656177454683,0.4919514759335124
2023-11-19 14:00:00,0.5827369015571604,0.48912305078752366,0.4678714514139462,0.49760374759406567,0.4538575043647183,0.4381025697677741
2023-11-19 15:00:00,0.5593634655871897,0.6430065855672995,0.601715184030942,0.5048450076829955,0.6126869173656362,0.3975070652062094
2023-11-19 16:00:00,0.5072938462629953,0.3726484581916282,0.3024397707979757,0.415385314985431,0.2860054416358492,0.41008971698750274
2023-11-19 17:00:00,0.3180304648827789,0.21673067858802134,0.18878139618299009,0.3011049154924115,0.14643228677425552,0.3105488927747148
2023-11-19 18:00:00,0.0,0.0,0.0,0.0,0.0,0.0
2023-11-19 19:00:00,0.0,0.0,0.0,0.0,0.0,0.0
2023-11-19 20:00:00,0.0,0.0,0.0,0.0,0.0,0.0
2023-11-19 21:00:00,0.0,0.0,0.0,0.0,0.0,0.0
2023-11-19 22:00:00,0.0,0.0,0.0,0.0,0.0,0.0
2023-11-19 23:00:00,0.0,0.0,0.0,0.0,0.0,0.0
2023-11-20 00:00:00,0.0,0.0,0.0,0.0,0.0,0.0
2023-11-20 01:00:00,0.0,0.0,0.0,0.0,0.0,0.0
2023-11-20 02:00:00,0.0,0.0,0.0,0.0,0.0,0.0
2023-11-20 03:00:00,0.0,0.0,0.0,0.0,0.0,0.0
2023-11-20 04:00:00,0.0,0.0,0.0,0.0,0.0,0.0
2023-11-20 05:00:00,0.0,0.0,0.0,0.0,0.0,0.0
2023-11-20 06:00:00,0.0,0.0,0.0,0.0,0.0,0.0
2023-11-20 07:00:00,0.0,0.0,0.0,0.0,0.0,0.0
2023-11-20 08:00:00,0.0,0.0,0.0,0.0,0.0,0.0
2023-11-20 09:00:00,0.12054318081588304,0.0,0.0,0.0,0.0,0.0
2023-11-20 10:00:00,0.40563185074629726,0.5378366771524057,0.518413972488835,0.3931949298060133,0.5179782615010248,0.1665660901472548
2023-11-20 11:00:00,0.3588456183291216,0.5856928120678918,0.5484711896390099,0.3113293312357554,0.5875563948645088,0.13703301158199704
2023-11-20 12:00:00,0.2874206873380756,0.5163885575425661,0.5718916051903558,0.3962922440882317,0.6308899823567741,0.18973833557240233
2023-11-20 13:00:00,0.3752041516865456,0.53025071632681,0.610193741903957,0.5017269075465431,0.6352062429397584,0.19066313634254198
2023-11-20 14:00:00,0.3326503192126119,0.5093056676429746,0.5618554025144922,0.5084456196577951,0.6077182380586239,0.19314397543229733
2023-11-20 15:00:00,0.29382256462995743,0.5898063960011602,0.6024164248652412,0.4058215382692598,0.6818442718762292,0.15042276809711755
2023-11-20 16:00:00,0.2169254038454802,0.475168154779512,0.5167364819455926,0.3826838522004024,0.5855122729964222,0.11905973760674643
2023-11-20 17:00:00,0.13416347685142213,0.3222156421442341,0.3508582250963914,0.2879459402691895,0.39367782286503966,0.1010602435623937
2023-11-20 18:00:00,0.0,0.0,0.0,0.0,0.0,0.0
2023-11-20 19:00:00,0.0,0.0,0.0,0.0,0.0,0.0
2023-11-20 20:00:00,0.0,0.0,0.0,0.0,0.0,0.0
2023-11-20 21:00:00,0.0,0.0,0.0,0.0,0.0,0.0
2023-11-20 22:00:00,0.0,0.0,0.0,0.0,0.0,0.0
2023-11-20 23:00:00,0.0,0.0,0.0,0.0,0.0,0.0
2023-11-21 00:00:00,0.0,0.0,0.0,0.0,0.0,0.0
2023-11-21 01:00:00,0.0,0.0,0.0,0.0,0.0,0.0
2023-11-21 02:00:00,0.0,0.0,0.0,0.0,0.0,0.0
2023-11-21 03:00:00,0.0,0.0,0.0,0.0,0.0,0.0
2023-11-21 04:00:00,0.0,0.0,0.0,0.0,0.0,0.0
2023-11-21 05:00:00,0.0,0.0,0.0,0.0,0.0,0.0
2023-11-21 06:00:00,0.0,0.0,0.0,0.0,0.0,0.0
2023-11-21 07:00:00,0.0,0.0,0.0,0.0,0.0,0.0
2023-11-21 08:00:00,0.0,0.0,0.0,0.0,0.0,0.0
2023-11-21 09:00:00,0.0008846043184903484,0.0,0.0,0.0,0.0,0.0
2023-11-21 10:00:00,0.2043747725864935,0.08521783215737601,0.0927638992404939,0.1261248213416236,0.08969764348972774,0.2130234547405432
2023-11-21 11:00:00,0.4813232735574478,0.34804478736989525,0.31926264961588946,0.48334438818586306,0.2723221690465085,0.4801377213667253
2023-11-21 12:00:00,0.49634982968713964,0.3370791812569886,0.3111255404545079,0.5155300424414483,0.25304240180721516,0.5353765429678631
2023-11-21 13:00:00,0.6053605469612044,0.5151577495320353,0.5361385553866369,0.6303979468742684,0.4893143411046229,0.6268988182182235
2023-11-21 14:00:00,0.6800479784031418,0.6367864824129567,0.6432054324769214,0.6655384662755978,0.6167183962952159,0.6091452538289432
2023-11-21 15:00:00,0.6861302162986901,0.6071145127863885,0.5406608883394607,0.6375179610827783,0.5191965225466141,0.5175073810834494
2023-11-21 16:00:00,0.5607550588410593,0.43415439264261063,0.3630016998773312,0.4216196318026286,0.35559257422662344,0.37557102408773346
2023-11-21 17:00:00,0.26171062514784016,0.15892200192283118,0.1149145239481651,0.1280570687142524,0.10841482215950278,0.19445673349355153
2023-11-21 18:00:00,0.0,0.0,0.0,0.0,0.0,0.0
2023-11-21 19:00:00,0.0,0.0,0.0,0.0,0.0,0.0
2023-11-21 20:00:00,0.0,0.0,0.0,0.0,0.0,0.0
2023-11-21 21:00:00,0.0,0.0,0.0,0.0,0.0,0.0
2023-11-21 22:00:00,0.0,0.0,0.0,0.0,0.0,0.0
2023-11-21 23:00:00,0.0,0.0,0.0,0.0,0.0,0.0
2023-11-22 00:00:00,0.0,0.0,0.0,0.0,0.0,0.0
2023-11-22 01:00:00,0.0,0.0,0.0,0.0,0.0,0.0
2023-11-22 02:00:00,0.0,0.0,0.0,0.0,0.0,0.0
2023-11-22 03:00:00,0.0,0.0,0.0,0.0,0.0,0.0
2023-11-22 04:00:00,0.0,0.0,0.0,0.0,0.0,0.0
2023-11-22 05:00:00,0.0,0.0,0.0,0.0,0.0,0.0
2023-11-22 06:00:00,0.0,0.0,0.0,0.0,0.0,0.0
2023-11-22 07:00:00,0.0,0.0,0.0,0.0,0.0,0.0
2023-11-22 08:00:00,0.0,0.0,0.0,0.0,0.0,0.0
2023-11-22 09:00:00,0.0,0.0,0.0,0.0,0.0,0.0
2023-11-22 10:00:00,0.2588738802552836,0.19025364530821165,0.08423967778915618,0.10333530700207885,0.07573383243493353,0.2558792770610583
2023-11-22 11:00:00,0.3422308572087193,0.29206508930160535,0.29039715959620926,0.19456304300453364,0.3014923835458325,0.3852805880464692
2023-11-22 12:00:00,0.3791844102471781,0.4237072051182733,0.4078616352375681,0.5057143441734883,0.38724314823359757,0.5214622679955145
2023-11-22 13:00:00,0.5546259593291141,0.6491153373025984,0.6378236315821857,0.6617770877547295,0.6466228456963646,0.6185780509875827
2023-11-22 14:00:00,0.5627996232387128,0.5793324742651791,0.5537122496279169,0.6248094954504604,0.5644150405927904,0.5993135129147827
2023-11-22 15:00:00,0.5978484448379787,0.5817444134445343,0.542606426689613,0.6508928325159297,0.5359420763558613,0.6036520551188143
2023-11-22 16:00:00,0.5283846177988067,0.5569926534142167,0.5248202623455127,0.567546667937215,0.5285282467241448,0.5323237577720895
2023-11-22 17:00:00,0.41747253375910154,0.4256301251704601,0.39683697777041643,0.42700903190379497,0.38730653839685636,0.41813081134202085
2023-11-22 18:00:00,0.0,0.0,0.0,0.0,0.0,0.0
2023-11-22 19:00:00,0.0,0.0,0.0,0.0,0.0,0.0
2023-11-22 20:00:00,0.0,0.0,0.0,0.0,0.0,0.0
2023-11-22 21:00:00,0.0,0.0,0.0,0.0,0.0,0.0
2023-11-22 22:00:00,0.0,0.0,0.0,0.0,0.0,0.0
2023-11-22 23:00:00,0.0,0.0,0.0,0.0,0.0,0.0
2023-11-23 00:00:00,0.0,0.0,0.0,0.0,0.0,0.0
2023-11-23 01:00:00,0.0,0.0,0.0,0.0,0.0,0.0
2023-11-23 02:00:00,0.0,0.0,0.0,0.0,0.0,0.0
2023-11-23 03:00:00,0.0,0.0,0.0,0.0,0.0,0.0
2023-11-23 04:00:00,0.0,0.0,0.0,0.0,0.0,0.0
2023-11-23 05:00:00,0.0,0.0,0.0,0.0,0.0,0.0
2023-11-23 06:00:00,0.0,0.0,0.0,0.0,0.0,0.0
2023-11-23 07:00:00,0.0,0.0,0.0,0.0,0.0,0.0
2023-11-23 08:00:00,0.0,0.0,0.0,0.0,0.0,0.0
2023-11-23 09:00:00,0.0,0.0,0.0,0.0,0.0,0.0
2023-11-23 10:00:00,0.5077440952372584,0.45735075101048356,0.3734950380977085,0.46891380021835405,0.3602309391285031,0.3922492464377337
2023-11-23 11:00:00,0.6144315976537352,0.5181193310636979,0.5095686193301772,0.5989962604756116,0.49157253730332023,0.5477644370386213
2023-11-23 12:00:00,0.5403256292324723,0.3810459017685533,0.3552982239616465,0.4920313656161989,0.35387098209308043,0.5449044672811383
2023-11-23 13:00:00,0.5744017187728316,0.465600288553233,0.4080257936310812,0.420098115924046,0.41483174064025546,0.5122071684512011
2023-11-23 14:00:00,0.6372494956734939,0.4970184181544794,0.41351756381996485,0.4779921540765985,0.3962468509147737,0.48490485702548275
2023-11-23 15:00:00,0.6006872535354246,0.4404390883696704,0.2627142220363344,0.39013382105934413,0.24502544178476393,0.4699210911614988
2023-11-23 16:00:00,0.45597620017362595,0.32032299617992777,0.23229534060845627,0.23018818837517682,0.24236838781597958,0.4004389863158176
2023-11-23 17:00:00,0.3654678707184416,0.22641083935996464,0.19881016808654592,0.1729264247367927,0.21112546041352384,0.34830698353802625
2023-11-23 18:00:00,0.0,0.0,0.0,0.0,0.0,0.0
2023-11-23 19:00:00,0.0,0.0,0.0,0.0,0.0,0.0
2023-11-23 20:00:00,0.0,0.0,0.0,0.0,0.0,0.0
2023-11-23 21:00:00,0.0,0.0,0.0,0.0,0.0,0.0
2023-11-23 22:00:00,0.0,0.0,0.0,0.0,0.0,0.0
2023-11-23 23:00:00,0.0,0.0,0.0,0.0,0.0,0.0
2023-11-24 00:00:00,0.0,0.0,0.0,0.0,0.0,0.0
2023-11-24 01:00:00,0.0,0.0,0.0,0.0,0.0,0.0
2023-11-24 02:00:00,0.0,0.0,0.0,0.0,0.0,0.0
2023-11-24 03:00:00,0.0,0.0,0.0,0.0,0.0,0.0
2023-11-24 04:00:00,0.0,0.0,0.0,0.0,0.0,0.0
2023-11-24 05:00:00,0.0,0.0,0.0,0.0,0.0,0.0
2023-11-24 06:00:00,0.0,0.0,0.0,0.0,0.0,0.0
2023-11-24 07:00:00,0.0,0.0,0.0,0.0,0.0,0.0
2023-11-24 08:00:00,0.0,0.0,0.0,0.0,0.0,0.0
2023-11-24 09:00:00,0.0,0.0,0.0,0.0,0.0,0.0
2023-11-24 10:00:00,0.5530660050515733,0.4900687234649358,0.46236351837146283,0.5168721627911651,0.4384352629406077,0.41452208420536235
2023-11-24 11:00:00,0.7077825490634154,0.6729451107111952,0.6229825764433471,0.6548581657944252,0.607177964608982,0.5654197444334644
2023-11-24 12:00:00,0.6243123506971747,0.5558347829148977,0.37950167441971094,0.5011339870369147,0.36358243458188183,0.43248589689735417
2023-11-24 13:00:00,0.6760840510349206,0.6353445137333213,0.47124604090521544,0.6274441204021913,0.43487236597524004,0.508638434223977
2023-11-24 14:00:00,0.6955582815047547,0.6436502636126389,0.47287180349043667,0.6555226163236294,0.4247731190825138,0.5302389271239183
2023-11-24 15:00:00,0.6434104502331929,0.53508233544679,0.3263600160058732,0.4127601703143936,0.3276878501344912,0.4805367864133364
2023-11-24 16:00:00,0.570244334991703,0.5240087766419972,0.41788764366602976,0.47411929048505325,0.42417798196176726,0.4295917934427967
2023-11-24 17:00:00,0.4159126092049809,0.3893324126240375,0.3233088376203194,0.3588673274768715,0.3159907830911924,0.25627729596536447
2023-11-24 18:00:00,0.0,0.0,0.0,0.0,0.0,0.0
2023-11-24 19:00:00,0.0,0.0,0.0,0.0,0.0,0.0
2023-11-24 20:00:00,0.0,0.0,0.0,0.0,0.0,0.0
2023-11-24 21:00:00,0.0,0.0,0.0,0.0,0.0,0.0
2023-11-24 22:00:00,0.0,0.0,0.0,0.0,0.0,0.0
2023-11-24 23:00:00,0.0,0.0,0.0,0.0,0.0,0.0
2023-11-25 00:00:00,0.0,0.0,0.0,0.0,0.0,0.0
2023-11-25 01:00:00,0.0,0.0,0.0,0.0,0.0,0.0
2023-11-25 02:00:00,0.0,0.0,0.0,0.0,0.0,0.0
2023-11-25 03:00:00,0.0,0.0,0.0,0.0,0.0,0.0
2023-11-25 04:00:00,0.0,0.0,0.0,0.0,0.0,0.0
2023-11-25 05:00:00,0.0,0.0,0.0,0.0,0.0,0.0
2023-11-25 06:00:00,0.0,0.0,0.0,0.0,0.0,0.0
2023-11-25 07:00:00,0.0,0.0,0.0,0.0,0.0,0.0
2023-11-25 08:00:00,0.0,0.0,0.0,0.0,0.0,0.0
2023-11-25 09:00:00,0.0,0.0,0.0,0.0,0.0,0.0
2023-11-25 10:00:00,0.3549879037363088,0.31219004330742084,0.2887268503740152,0.28870003737316646,0.27354430944970515,0.284832464926838
2023-11-25 11:00:00,0.4947622599826397,0.36668684989405304,0.3333968315463838,0.3547237690813116,0.3055118728432346,0.3637845378903583
2023-11-25 12:00:00,0.4420710578004402,0.34793473401839226,0.25110391700520596,0.22140309105454073,0.2657304053572338,0.30739069819457376
2023-11-25 13:00:00,0.3969972395768352,0.27773851145362166,0.1464504987468776,0.13873996301448996,0.15983006849518325,0.29949006721251786
2023-11-25 14:00:00,0.36079656177010333,0.40898993960438695,0.27845357679412935,0.2865299562744429,0.29483059552580804,0.31772798692612675
2023-11-25 15:00:00,0.3573234208559325,0.369526554379802,0.231276086876044,0.22396302065735454,0.24077991526565412,0.28050696687579985
2023-11-25 16:00:00,0.2796770277144869,0.16065442347839104,0.06532537695478301,0.08303179426444149,0.0704705624714151,0.24710522613445438
2023-11-25 17:00:00,0.14957321933463827,0.1004778597107531,0.05230176141682649,0.027690538984963296,0.06797244520533959,0.1717624002575421
2023-11-25 18:00:00,0.0,0.0,0.0,0.0,0.0,0.0
2023-11-25 19:00:00,0.0,0.0,0.0,0.0,0.0,0.0
2023-11-25 20:00:00,0.0,0.0,0.0,0.0,0.0,0.0
2023-11-25 21:00:00,0.0,0.0,0.0,0.0,0.0,0.0
2023-11-25 22:00:00,0.0,0.0,0.0,0.0,0.0,0.0
2023-11-25 23:00:00,0.0,0.0,0.0,0.0,0.0,0.0
2023-11-26 00:00:00,0.0,0.0,0.0,0.0,0.0,0.0
2023-11-26 01:00:00,0.0,0.0,0.0,0.0,0.0,0.0
2023-11-26 02:00:00,0.0,0.0,0.0,0.0,0.0,0.0
2023-11-26 03:00:00,0.0,0.0,0.0,0.0,0.0,0.0
2023-11-26 04:00:00,0.0,0.0,0.0,0.0,0.0,0.0
2023-11-26 05:00:00,0.0,0.0,0.0,0.0,0.0,0.0
2023-11-26 06:00:00,0.0,0.0,0.0,0.0,0.0,0.0
2023-11-26 07:00:00,0.0,0.0,0.0,0.0,0.0,0.0
2023-11-26 08:00:00,0.0,0.0,0.0,0.0,0.0,0.0
2023-11-26 09:00:00,0.0,0.0,0.0,0.0,0.0,0.0
2023-11-26 10:00:00,0.39697278382408346,0.25052759749841874,0.216297052133461,0.2551641463583194,0.18302005817188693,0.2239605483988651
2023-11-26 11:00:00,0.629708664572359,0.5351624503534333,0.45385922081381136,0.49190445079153794,0.412957851616533,0.3337319087691411
2023-11-26 12:00:00,0.507324128089165,0.4067388806279634,0.3811443712550366,0.39007762204640806,0.3368533697934992,0.3100411871501561
2023-11-26 13:00:00,0.5399283903952954,0.40875406728967434,0.27097379187112736,0.37546892471986254,0.22638231514282542,0.2707490935325047
2023-11-26 14:00:00,0.49016120813734776,0.36037580105461225,0.24040533576146964,0.34481066580975245,0.19904434161754714,0.2858365780466937
2023-11-26 15:00:00,0.40492678478898236,0.3337623674742417,0.2773773166305397,0.28214664340827966,0.25689332465625697,0.20766232676915963
2023-11-26 16:00:00,0.20592104391106647,0.24714222911010825,0.22211256463014808,0.161915888017444,0.23283431318760428,0.1253553905490494
2023-11-26 17:00:00,0.12295877264678848,0.2236737300821815,0.17404473407381396,0.13130763980184942,0.18217996264112818,0.05079524422277868
2023-11-26 18:00:00,0.0,0.0,0.0,0.0,0.0,0.0
2023-11-26 19:00:00,0.0,0.0,0.0,0.0,0.0,0.0
2023-11-26 20:00:00,0.0,0.0,0.0,0.0,0.0,0.0
2023-11-26 21:00:00,0.0,0.0,0.0,0.0,0.0,0.0
2023-11-26 22:00:00,0.0,0.0,0.0,0.0,0.0,0.0
2023-11-26 23:00:00,0.0,0.0,0.0,0.0,0.0,0.0
2023-11-27 00:00:00,0.0,0.0,0.0,0.0,0.0,0.0
2023-11-27 01:00:00,0.0,0.0,0.0,0.0,0.0,0.0
2023-11-27 02:00:00,0.0,0.0,0.0,0.0,0.0,0.0
2023-11-27 03:00:00,0.0,0.0,0.0,0.0,0.0,0.0
2023-11-27 04:00:00,0.0,0.0,0.0,0.0,0.0,0.0
2023-11-27 05:00:00,0.0,0.0,0.0,0.0,0.0,0.0
2023-11-27 06:00:00,0.0,0.0,0.0,0.0,0.0,0.0
2023-11-27 07:00:00,0.0,0.0,0.0,0.0,0.0,0.0
2023-11-27 08:00:00,0.0,0.0,0.0,0.0,0.0,0.0
2023-11-27 09:00:00,0.0,0.0,0.0,0.0,0.0,0.0
2023-11-27 10:00:00,0.11432162122194114,0.1609071448909393,0.20608084937124374,0.14640908112659487,0.2345921379839534,0.09342908242198833
2023-11-27 11:00:00,0.30192905035179446,0.25890074806228736,0.31274436784325904,0.33533129796108085,0.3183532987388249,0.25584890204040317
2023-11-27 12:00:00,0.442092951227285,0.4831210787624974,0.5117117325346393,0.5135573326750479,0.5445144440288519,0.3806921890004618
2023-11-27 13:00:00,0.5365615916731673,0.5324712689587036,0.5482810973383707,0.5876596721638564,0.5667752994610209,0.48684757920290134
2023-11-27 14:00:00,0.5103022982723383,0.4776589574853439,0.5245144111570902,0.5756650696759827,0.5397449806462342,0.5283709559747711
2023-11-27 15:00:00,0.4876997059795869,0.40943735708774387,0.4307538222964798,0.522280887033663,0.42916967220880925,0.49797518061036433
2023-11-27 16:00:00,0.5113668786594187,0.4543527218840962,0.41713820619167186,0.4772708232008385,0.4058790421011595,0.48915838492306096
2023-11-27 17:00:00,0.36027214617551484,0.26818115304256,0.26180629976816594,0.29696950564665736,0.26210580686170326,0.3360240652646474
2023-11-27 18:00:00,0.0,0.0,0.0,0.0,0.0,0.0
2023-11-27 19:00:00,0.0,0.0,0.0,0.0,0.0,0.0
2023-11-27 20:00:00,0.0,0.0,0.0,0.0,0.0,0.0
2023-11-27 21:00:00,0.0,0.0,0.0,0.0,0.0,0.0
2023-11-27 22:00:00,0.0,0.0,0.0,0.0,0.0,0.0
2023-11-27 23:00:00,0.0,0.0,0.0,0.0,0.0,0.0
2023-11-28 00:00:00,0.0,0.0,0.0,0.0,0.0,0.0
2023-11-28 01:00:00,0.0,0.0,0.0,0.0,0.0,0.0
2023-11-28 02:00:00,0.0,0.0,0.0,0.0,0.0,0.0
2023-11-28 03:00:00,0.0,0.0,0.0,0.0,0.0,0.0
2023-11-28 04:00:00,0.0,0.0,0.0,0.0,0.0,0.0
2023-11-28 05:00:00,0.0,0.0,0.0,0.0,0.0,0.0
2023-11-28 06:00:00,0.0,0.0,0.0,0.0,0.0,0.0
2023-11-28 07:00:00,0.0,0.0,0.0,0.0,0.0,0.0
2023-11-28 08:00:00,0.0,0.0,0.0,0.0,0.0,0.0
2023-11-28 09:00:00,0.0,0.0,0.0,0.0,0.0,0.0
2023-11-28 10:00:00,0.5410408403744201,0.5094603698680114,0.5218320919070467,0.5219322310548062,0.5353464045376688,0.3572084831258198
2023-11-28 11:00:00,0.6835326957762555,0.6806670160754278,0.6688927811663434,0.67962249053557,0.6903012331054462,0.5082080322351056
2023-11-28 12:00:00,0.7399841764999321,0.6623266954838124,0.6577472666796996,0.7068347599717836,0.6639150700887827,0.5917604501439157
2023-11-28 13:00:00,0.7350582970878902,0.6529178446816754,0.679959155394156,0.6935868449259055,0.7010096975091924,0.6837636803341947
2023-11-28 14:00:00,0.7342500158572584,0.6529579223552744,0.71060954795895,0.737528449009676,0.7219646051267261,0.6912269876564191
2023-11-28 15:00:00,0.6912768805768736,0.6349627922090917,0.6698454299300022,0.7028961095040218,0.675581833353255,0.5677202545683074
2023-11-28 16:00:00,0.6187432778033186,0.5523411275657691,0.5858616651853644,0.6088642104700602,0.5879008721133072,0.4206252497058011
2023-11-28 17:00:00,0.4519664052161546,0.4118056783788272,0.419973759604447,0.4300133101459425,0.4164893439318324,0.22349749149137912
2023-11-28 18:00:00,0.0,0.0,0.0,0.0,0.0,0.0
2023-11-28 19:00:00,0.0,0.0,0.0,0.0,0.0,0.0
2023-11-28 20:00:00,0.0,0.0,0.0,0.0,0.0,0.0
2023-11-28 21:00:00,0.0,0.0,0.0,0.0,0.0,0.0
2023-11-28 22:00:00,0.0,0.0,0.0,0.0,0.0,0.0
2023-11-28 23:00:00,0.0,0.0,0.0,0.0,0.0,0.0
2023-11-29 00:00:00,0.0,0.0,0.0,0.0,0.0,0.0
2023-11-29 01:00:00,0.0,0.0,0.0,0.0,0.0,0.0
2023-11-29 02:00:00,0.0,0.0,0.0,0.0,0.0,0.0
2023-11-29 03:00:00,0.0,0.0,0.0,0.0,0.0,0.0
2023-11-29 04:00:00,0.0,0.0,0.0,0.0,0.0,0.0
2023-11-29 05:00:00,0.0,0.0,0.0,0.0,0.0,0.0
2023-11-29 06:00:00,0.0,0.0,0.0,0.0,0.0,0.0
2023-11-29 07:00:00,0.0,0.0,0.0,0.0,0.0,0.0
2023-11-29 08:00:00,0.0,0.0,0.0,0.0,0.0,0.0
2023-11-29 09:00:00,0.0,0.0,0.0,0.0,0.0,0.0
2023-11-29 10:00:00,0.48292606861399,0.4745194482530384,0.45405334937445574,0.3357731103184554,0.4855421370953986,0.3318135630462706
2023-11-29 11:00:00,0.6657372828756994,0.6582666240600351,0.6303331174691507,0.5321250352009459,0.6399034592432873,0.49168920451573933
2023-11-29 12:00:00,0.6747914106327302,0.6057692939232139,0.679886246616664,0.6311681999054217,0.6707726975800994,0.505464021388176
2023-11-29 13:00:00,0.6877423649553496,0.5954686201249405,0.6102410595102474,0.611610622734391,0.5980353758671829,0.5482806156514902
2023-11-29 14:00:00,0.6726856073196656,0.5354629314338325,0.5785662907272788,0.5424379436590238,0.5711076608447064,0.5137257708395044
2023-11-29 15:00:00,0.69360176504441,0.5761450595299239,0.5466794405442232,0.5915911295267284,0.5254993278488652,0.490115341381042
2023-11-29 16:00:00,0.5582214075307004,0.41891438957217875,0.38989261881300286,0.43843097569316464,0.3558991080282691,0.38665334221550296
2023-11-29 17:00:00,0.4223428647580258,0.32567055543675405,0.28757443440641883,0.3718636859006734,0.2544326603934167,0.2581045788343796
2023-11-29 18:00:00,0.0,0.0,0.0,0.0,0.0,0.0
2023-11-29 19:00:00,0.0,0.0,0.0,0.0,0.0,0.0
2023-11-29 20:00:00,0.0,0.0,0.0,0.0,0.0,0.0
2023-11-29 21:00:00,0.0,0.0,0.0,0.0,0.0,0.0
2023-11-29 22:00:00,0.0,0.0,0.0,0.0,0.0,0.0
2023-11-29 23:00:00,0.0,0.0,0.0,0.0,0.0,0.0
2023-11-30 00:00:00,0.0,0.0,0.0,0.0,0.0,0.0
2023-11-30 01:00:00,0.0,0.0,0.0,0.0,0.0,0.0
2023-11-30 02:00:00,0.0,0.0,0.0,0.0,0.0,0.0
2023-11-30 03:00:00,0.0,0.0,0.0,0.0,0.0,0.0
2023-11-30 04:00:00,0.0,0.0,0.0,0.0,0.0,0.0
2023-11-30 05:00:00,0.0,0.0,0.0,0.0,0.0,0.0
2023-11-30 06:00:00,0.0,0.0,0.0,0.0,0.0,0.0
2023-11-30 07:00:00,0.0,0.0,0.0,0.0,0.0,0.0
2023-11-30 08:00:00,0.0,0.0,0.0,0.0,0.0,0.0
2023-11-30 09:00:00,0.0,0.0,0.0,0.0,0.0,0.0
2023-11-30 10:00:00,0.22960315327389172,0.2832046641843001,0.19422678984702121,0.10137932217040893,0.2292567760154242,0.147728032551735
2023-11-30 11:00:00,0.315354409244605,0.412671064583215,0.3651238237782566,0.21662891581968177,0.4086396042642495,0.24518876616178586
2023-11-30 12:00:00,0.4624925335964722,0.5929113030112485,0.5511955191612959,0.35418906192550387,0.5906334535189619,0.21518002380862467
2023-11-30 13:00:00,0.40937262365680044,0.5957448126807401,0.6167053726488099,0.41797848407044813,0.6526871330287837,0.2279414180560502
2023-11-30 14:00:00,0.35005800295422856,0.46986797009284803,0.5329763339268282,0.311863837359695,0.575688110798272,0.2255992054549971
2023-11-30 15:00:00,0.32785830280941486,0.39866150538949297,0.36813986230667334,0.24188085206719137,0.3900648159861427,0.21386898793207337
2023-11-30 16:00:00,0.12510330108169157,0.15737331639381058,0.15878815489336004,0.1286744260078459,0.1627847676286504,0.08006144415991524
2023-11-30 17:00:00,0.05383284337703824,0.04376239964971286,0.04612524810144729,0.026630592491406136,0.054017686925343665,0.044016443056221516
2023-11-30 18:00:00,0.0,0.0,0.0,0.0,0.0,0.0
2023-11-30 19:00:00,0.0,0.0,0.0,0.0,0.0,0.0
2023-11-30 20:00:00,0.0,0.0,0.0,0.0,0.0,0.0
2023-11-30 21:00:00,0.0,0.0,0.0,0.0,0.0,0.0
2023-11-30 22:00:00,0.0,0.0,0.0,0.0,0.0,0.0
2023-11-30 23:00:00,0.0,0.0,0.0,0.0,0.0,0.0
2023-12-01 00:00:00,0.0,0.0,0.0,0.0,0.0,0.0
2023-12-01 01:00:00,0.0,0.0,0.0,0.0,0.0,0.0
2023-12-01 02:00:00,0.0,0.0,0.0,0.0,0.0,0.0
2023-12-01 03:00:00,0.0,0.0,0.0,0.0,0.0,0.0
2023-12-01 04:00:00,0.0,0.0,0.0,0.0,0.0,0.0
2023-12-01 05:00:00,0.0,0.0,0.0,0.0,0.0,0.0
2023-12-01 06:00:00,0.0,0.0,0.0,0.0,0.0,0.0
2023-12-01 07:00:00,0.0,0.0,0.0,0.0,0.0,0.0
2023-12-01 08:00:00,0.0,0.0,0.0,0.0,0.0,0.0
2023-12-01 09:00:00,0.0,0.0,0.0,0.0,0.0,0.0
2023-12-01 10:00:00,0.02530147992817359,0.0899765594865664,0.14633111911680005,0.05193446875097205,0.1658022555811509,0.052540361137873526
2023-12-01 11:00:00,0.06989538143169917,0.12467115637593494,0.12233529942365408,0.09956586273946981,0.14857938390957606,0.07512847059530395
2023-12-01 12:00:00,0.06036002679547964,0.13864677350195018,0.20879652709424382,0.10948662446961116,0.2436769548169444,0.10187929704089935
2023-12-01 13:00:00,0.09094116465201645,0.16532253709865075,0.1994479167802464,0.15563291193530412,0.22765972663693546,0.13858493897088778
2023-12-01 14:00:00,0.087686436143498,0.16744267813464864,0.22824510211766286,0.12759078384246644,0.26776707603902944,0.1663634757511063
2023-12-01 15:00:00,0.0835047884899012,0.11826326896363,0.1434038114905702,0.08557420029746363,0.1719699081510982,0.15487636230295962
2023-12-01 16:00:00,0.0537828427229956,0.08007876019466811,0.10364845088615779,0.0775283961090057,0.1128571484372024,0.17086381907033485
2023-12-01 17:00:00,0.07026392603470125,0.048621673929153335,0.06712804018872662,0.04649006460239083,0.06836900825130628,0.17107407054189772
2023-12-01 18:00:00,0.0,0.0,0.0,0.0,0.0,0.0
2023-12-01 19:00:00,0.0,0.0,0.0,0.0,0.0,0.0
2023-12-01 20:00:00,0.0,0.0,0.0,0.0,0.0,0.0
2023-12-01 21:00:00,0.0,0.0,0.0,0.0,0.0,0.0
2023-12-01 22:00:00,0.0,0.0,0.0,0.0,0.0,0.0
2023-12-01 23:00:00,0.0,0.0,0.0,0.0,0.0,0.0
2023-12-02 00:00:00,0.0,0.0,0.0,0.0,0.0,0.0
2023-12-02 01:00:00,0.0,0.0,0.0,0.0,0.0,0.0
2023-12-02 02:00:00,0.0,0.0,0.0,0.0,0.0,0.0
2023-12-02 03:00:00,0.0,0.0,0.0,0.0,0.0,0.0
2023-12-02 04:00:00,0.0,0.0,0.0,0.0,0.0,0.0
2023-12-02 05:00:00,0.0,0.0,0.0,0.0,0.0,0.0
2023-12-02 06:00:00,0.0,0.0,0.0,0.0,0.0,0.0
2023-12-02 07:00:00,0.0,0.0,0.0,0.0,0.0,0.0
2023-12-02 08:00:00,0.0,0.0,0.0,0.0,0.0,0.0
2023-12-02 09:00:00,0.0,0.0,0.0,0.0,0.0,0.0
2023-12-02 10:00:00,0.23566433217140387,0.09279675222939851,0.053541099528535155,0.12003185731789658,0.014758664889464009,0.12591109134950018
2023-12-02 11:00:00,0.47604735936314646,0.3104667434361769,0.22478834318637095,0.43173536714645316,0.14271579269079712,0.18578036115730578
2023-12-02 12:00:00,0.4588297587925401,0.3864297377013587,0.3238582335739925,0.3798150082335268,0.28510102339635873,0.15936572955100836
2023-12-02 13:00:00,0.5473805638830488,0.4337064428856242,0.3412030529993769,0.22014237270138381,0.35398256666669925,0.2398995051361862
2023-12-02 14:00:00,0.40466185047091846,0.14277520893903464,0.1015988141144251,0.09607737299435855,0.1161615037210729,0.2806900633393428
2023-12-02 15:00:00,0.40482587451593544,0.1032931823371449,0.05862035501479204,0.12030081755813801,0.05058282516694589,0.3851705446474551
2023-12-02 16:00:00,0.3761678385550606,0.09333425340795083,0.06066479546661738,0.1860746083063379,0.02447882556479882,0.3675268464856195
2023-12-02 17:00:00,0.31979970804509367,0.2232976234324062,0.1641200446594114,0.31317541261462895,0.10644165533732178,0.33016249922196156
2023-12-02 18:00:00,0.0,0.0,0.0,0.0,0.0,0.0
2023-12-02 19:00:00,0.0,0.0,0.0,0.0,0.0,0.0
2023-12-02 20:00:00,0.0,0.0,0.0,0.0,0.0,0.0
2023-12-02 21:00:00,0.0,0.0,0.0,0.0,0.0,0.0
2023-12-02 22:00:00,0.0,0.0,0.0,0.0,0.0,0.0
2023-12-02 23:00:00,0.0,0.0,0.0,0.0,0.0,0.0
2023-12-03 00:00:00,0.0,0.0,0.0,0.0,0.0,0.0
2023-12-03 01:00:00,0.0,0.0,0.0,0.0,0.0,0.0
2023-12-03 02:00:00,0.0,0.0,0.0,0.0,0.0,0.0
2023-12-03 03:00:00,0.0,0.0,0.0,0.0,0.0,0.0
2023-12-03 04:00:00,0.0,0.0,0.0,0.0,0.0,0.0
2023-12-03 05:00:00,0.0,0.0,0.0,0.0,0.0,0.0
2023-12-03 06:00:00,0.0,0.0,0.0,0.0,0.0,0.0
2023-12-03 07:00:00,0.0,0.0,0.0,0.0,0.0,0.0
2023-12-03 08:00:00,0.0,0.0,0.0,0.0,0.0,0.0
2023-12-03 09:00:00,0.0,0.0,0.0,0.0,0.0,0.0
2023-12-03 10:00:00,0.004414494594266864,0.004870756560897693,0.0035129820502618897,0.003959692825270478,0.006477386656842321,0.0026493098105833173
2023-12-03 11:00:00,0.015936772563741805,0.01733794055666633,0.016595517082662322,0.013912962036892598,0.02149591224599907,0.023557030297643188
2023-12-03 12:00:00,0.05081386455846762,0.03050377286139505,0.02883678700539579,0.03932850647458226,0.02962488915184606,0.14099030422719022
2023-12-03 13:00:00,0.24873177954040168,0.1445093779127414,0.1350668736167824,0.2084272429484891,0.10893074539592448,0.2247670578811047
2023-12-03 14:00:00,0.16271392094947143,0.16202349436271757,0.23130738930060865,0.18259610305695023,0.22175786260396593,0.1906843991784739
2023-12-03 15:00:00,0.26307448796034855,0.2509362722527544,0.24841286552426106,0.24603522095297684,0.2357836068780757,0.32895483768538625
2023-12-03 16:00:00,0.2305422643947926,0.15574954620787568,0.18641717358336957,0.2871493014310079,0.12988965188596208,0.2665397342351327
2023-12-03 17:00:00,0.10447973439110071,0.04295785028824453,0.021692707690518252,0.0620066465504582,0.01889394450346069,0.19045760682661292
2023-12-03 18:00:00,0.0,0.0,0.0,0.0,0.0,0.0
2023-12-03 19:00:00,0.0,0.0,0.0,0.0,0.0,0.0
2023-12-03 20:00:00,0.0,0.0,0.0,0.0,0.0,0.0
2023-12-03 21:00:00,0.0,0.0,0.0,0.0,0.0,0.0
2023-12-03 22:00:00,0.0,0.0,0.0,0.0,0.0,0.0
2023-12-03 23:00:00,0.0,0.0,0.0,0.0,0.0,0.0
2023-12-04 00:00:00,0.0,0.0,0.0,0.0,0.0,0.0
2023-12-04 01:00:00,0.0,0.0,0.0,0.0,0.0,0.0
2023-12-04 02:00:00,0.0,0.0,0.0,0.0,0.0,0.0
2023-12-04 03:00:00,0.0,0.0,0.0,0.0,0.0,0.0
2023-12-04 04:00:00,0.0,0.0,0.0,0.0,0.0,0.0
2023-12-04 05:00:00,0.0,0.0,0.0,0.0,0.0,0.0
2023-12-04 06:00:00,0.0,0.0,0.0,0.0,0.0,0.0
2023-12-04 07:00:00,0.0,0.0,0.0,0.0,0.0,0.0
2023-12-04 08:00:00,0.0,0.0,0.0,0.0,0.0,0.0
2023-12-04 09:00:00,0.0,0.0,0.0,0.0,0.0,0.0
2023-12-04 10:00:00,0.018362144906767547,0.08237789137492166,0.1355812229778147,0.041881646745319266,0.16579207797208734,0.025924327099486364
2023-12-04 11:00:00,0.019186310899528464,0.022413498158996747,0.023479326983415507,0.01611450259559864,0.031381616269996304,0.014227988181541302
2023-12-04 12:00:00,0.02450403687337376,0.02003149027839178,0.023533567027415624,0.01971959078987457,0.03077294992465504,0.024937108436597556
2023-12-04 13:00:00,0.08371651707799206,0.045719322989058765,0.04132304729904591,0.047080434562146396,0.03885160915444438,0.03995248786681363
2023-12-04 14:00:00,0.025792312845974222,0.015909498569905763,0.021529651236423288,0.032400385241267926,0.025997676045660906,0.0483385956455787
2023-12-04 15:00:00,0.023068729549531108,0.01811926433270863,0.02145356353967337,0.04261228486206702,0.018201410114222237,0.04308805029094866
2023-12-04 16:00:00,0.008428116346746676,0.007733668898598249,0.00829080190102804,0.012235599639674218,0.009343754709312212,0.01627727966126809
2023-12-04 17:00:00,0.02547991254032836,0.011461292522356645,0.0064667269510091906,0.010964242700053696,0.0013910605815999845,0.012611362194064148
2023-12-04 18:00:00,0.0,0.0,0.0,0.0,0.0,0.0
2023-12-04 19:00:00,0.0,0.0,0.0,0.0,0.0,0.0
2023-12-04 20:00:00,0.0,0.0,0.0,0.0,0.0,0.0
2023-12-04 21:00:00,0.0,0.0,0.0,0.0,0.0,0.0
2023-12-04 22:00:00,0.0,0.0,0.0,0.0,0.0,0.0
2023-12-04 23:00:00,0.0,0.0,0.0,0.0,0.0,0.0
2023-12-05 00:00:00,0.0,0.0,0.0,0.0,0.0,0.0
2023-12-05 01:00:00,0.0,0.0,0.0,0.0,0.0,0.0
2023-12-05 02:00:00,0.0,0.0,0.0,0.0,0.0,0.0
2023-12-05 03:00:00,0.0,0.0,0.0,0.0,0.0,0.0
2023-12-05 04:00:00,0.0,0.0,0.0,0.0,0.0,0.0
2023-12-05 05:00:00,0.0,0.0,0.0,0.0,0.0,0.0
2023-12-05 06:00:00,0.0,0.0,0.0,0.0,0.0,0.0
2023-12-05 07:00:00,0.0,0.0,0.0,0.0,0.0,0.0
2023-12-05 08:00:00,0.0,0.0,0.0,0.0,0.0,0.0
2023-12-05 09:00:00,0.0,0.0,0.0,0.0,0.0,0.0
2023-12-05 10:00:00,0.0005050021317752056,0.0009032508971543288,0.0014331429303967337,0.000786556132588978,0.0017809400251984674,0.0048510882041200585
2023-12-05 11:00:00,0.007079396064255911,0.005519903933946972,0.006403794678549117,0.008729639612707162,0.00593594309909864,0.03233960588339199
2023-12-05 12:00:00,0.03575678126473463,0.03954979757608387,0.05458160184816057,0.04049715468115747,0.054957014805789975,0.07308544535648721
2023-12-05 13:00:00,0.09212186920693194,0.052637486156434876,0.04538034228125846,0.04695416303459323,0.041438714732196964,0.11832713703134103
2023-12-05 14:00:00,0.04471002360947913,0.04703126522588127,0.0617327014503293,0.04034603341693203,0.06510037978892395,0.1345197915815232
2023-12-05 15:00:00,0.026289554236265788,0.01483918963905935,0.016485735757056103,0.01438354584220402,0.01871403813426051,0.1556551768731562
2023-12-05 16:00:00,0.010526938732679583,0.004654806247325413,0.0034538694912019806,0.00763292669054444,0.0027106203134968374,0.09373287381942765
2023-12-05 17:00:00,0.0004389260863889079,0.0,0.0,0.0,0.0,0.07161069739653271
2023-12-05 18:00:00,0.0,0.0,0.0,0.0,0.0,0.0
2023-12-05 19:00:00,0.0,0.0,0.0,0.0,0.0,0.0
2023-12-05 20:00:00,0.0,0.0,0.0,0.0,0.0,0.0
2023-12-05 21:00:00,0.0,0.0,0.0,0.0,0.0,0.0
2023-12-05 22:00:00,0.0,0.0,0.0,0.0,0.0,0.0
2023-12-05 23:00:00,0.0,0.0,0.0,0.0,0.0,0.0
2023-12-06 00:00:00,0.0,0.0,0.0,0.0,0.0,0.0
2023-12-06 01:00:00,0.0,0.0,0.0,0.0,0.0,0.0
2023-12-06 02:00:00,0.0,0.0,0.0,0.0,0.0,0.0
2023-12-06 03:00:00,0.0,0.0,0.0,0.0,0.0,0.0
2023-12-06 04:00:00,0.0,0.0,0.0,0.0,0.0,0.0
2023-12-06 05:00:00,0.0,0.0,0.0,0.0,0.0,0.0
2023-12-06 06:00:00,0.0,0.0,0.0,0.0,0.0,0.0
2023-12-06 07:00:00,0.0,0.0,0.0,0.0,0.0,0.0
2023-12-06 08:00:00,0.0,0.0,0.0,0.0,0.0,0.0
2023-12-06 09:00:00,0.0,0.0,0.0,0.0,0.0,0.0
2023-12-06 10:00:00,0.01976121191006159,0.012072842097873364,0.010210940675177643,0.019945145676788525,0.00670041002080824,0.006120878072833618
2023-12-06 11:00:00,0.07978018522186377,0.04490136436110295,0.04094726930360485,0.0783395140336736,0.02693872457338001,0.03982249429600877
2023-12-06 12:00:00,0.04373739798856707,0.03629459521642974,0.040003842829333794,0.09834079498507536,0.027598960606184837,0.09534971289642315
2023-12-06 13:00:00,0.06738223356777695,0.04894438832618778,0.05527054047201067,0.10299186734375218,0.044721416863333516,0.11991489149887925
2023-12-06 14:00:00,0.03941603316520151,0.046381498591007486,0.059720175141605145,0.08825040444471255,0.053464098377010404,0.10130625291272359
2023-12-06 15:00:00,0.021203287306845814,0.01659458967354738,0.0224202381233185,0.025320072551480603,0.022467290227328074,0.06919812157848747
2023-12-06 16:00:00,0.009874970889538176,0.004632755160318235,0.0064402430311932685,0.012066878783564121,0.005703709956795025,0.03380679916973661
2023-12-06 17:00:00,0.0002370560490653282,0.0,0.0,0.0,0.0,0.007063152006638012
2023-12-06 18:00:00,0.0,0.0,0.0,0.0,0.0,0.0
2023-12-06 19:00:00,0.0,0.0,0.0,0.0,0.0,0.0
2023-12-06 20:00:00,0.0,0.0,0.0,0.0,0.0,0.0
2023-12-06 21:00:00,0.0,0.0,0.0,0.0,0.0,0.0
2023-12-06 22:00:00,0.0,0.0,0.0,0.0,0.0,0.0
2023-12-06 23:00:00,0.0,0.0,0.0,0.0,0.0,0.0
2023-12-07 00:00:00,0.0,0.0,0.0,0.0,0.0,0.0
2023-12-07 01:00:00,0.0,0.0,0.0,0.0,0.0,0.0
2023-12-07 02:00:00,0.0,0.0,0.0,0.0,0.0,0.0
2023-12-07 03:00:00,0.0,0.0,0.0,0.0,0.0,0.0
2023-12-07 04:00:00,0.0,0.0,0.0,0.0,0.0,0.0
2023-12-07 05:00:00,0.0,0.0,0.0,0.0,0.0,0.0
2023-12-07 06:00:00,0.0,0.0,0.0,0.0,0.0,0.0
2023-12-07 07:00:00,0.0,0.0,0.0,0.0,0.0,0.0
2023-12-07 08:00:00,0.0,0.0,0.0,0.0,0.0,0.0
2023-12-07 09:00:00,0.0,0.0,0.0,0.0,0.0,0.0
2023-12-07 10:00:00,0.050844995444267495,0.04848362617989725,0.04357690800959087,0.046418610654938526,0.04373529804446685,0.058616594888388246
2023-12-07 11:00:00,0.09505338945310542,0.10957215778605145,0.09431752249491865,0.15287819268710492,0.08797675390789243,0.13126043688800876
2023-12-07 12:00:00,0.08862159336214433,0.22634818609156251,0.31946844533692753,0.20700053012585207,0.3386783773572089,0.2096991478824098
2023-12-07 13:00:00,0.11071050135011792,0.19041894659228828,0.1954764337596044,0.12943818632375195,0.23171750028089855,0.18864504681110336
2023-12-07 14:00:00,0.08796018410978042,0.1405109702879946,0.15125993681433447,0.12286006502234043,0.17485917152671135,0.14797669439157599
2023-12-07 15:00:00,0.079478214423743,0.10171096183230638,0.16649209645504034,0.10841899971249207,0.18545616713468852,0.09781201347518746
2023-12-07 16:00:00,0.054896447638032746,0.015424774727370407,0.0349189733566894,0.014707849158243051,0.04641230864703017,0.04219842852362395
2023-12-07 17:00:00,0.04157637529491641,0.0,0.00019439694883452966,0.0,0.0007429646888610037,0.026480894114790456
2023-12-07 18:00:00,0.0,0.0,0.0,0.0,0.0,0.0
2023-12-07 19:00:00,0.0,0.0,0.0,0.0,0.0,0.0
2023-12-07 20:00:00,0.0,0.0,0.0,0.0,0.0,0.0
2023-12-07 21:00:00,0.0,0.0,0.0,0.0,0.0,0.0
2023-12-07 22:00:00,0.0,0.0,0.0,0.0,0.0,0.0
2023-12-07 23:00:00,0.0,0.0,0.0,0.0,0.0,0.0
2023-12-08 00:00:00,0.0,0.0,0.0,0.0,0.0,0.0
2023-12-08 01:00:00,0.0,0.0,0.0,0.0,0.0,0.0
2023-12-08 02:00:00,0.0,0.0,0.0,0.0,0.0,0.0
2023-12-08 03:00:00,0.0,0.0,0.0,0.0,0.0,0.0
2023-12-08 04:00:00,0.0,0.0,0.0,0.0,0.0,0.0
2023-12-08 05:00:00,0.0,0.0,0.0,0.0,0.0,0.0
2023-12-08 06:00:00,0.0,0.0,0.0,0.0,0.0,0.0
2023-12-08 07:00:00,0.0,0.0,0.0,0.0,0.0,0.0
2023-12-08 08:00:00,0.0,0.0,0.0,0.0,0.0,0.0
2023-12-08 09:00:00,0.0,0.0,0.0,0.0,0.0,0.0
2023-12-08 10:00:00,0.3587749538575734,0.3013137122352017,0.34887878340996953,0.27335144551020485,0.35123359238911755,0.29062546627670527
2023-12-08 11:00:00,0.5591929817428801,0.5173848521807353,0.5590577122121474,0.4745212929298371,0.5637462618315977,0.4980073341985119
2023-12-08 12:00:00,0.5833022294221365,0.6531936473260125,0.6913408068783115,0.6510807678720232,0.7146757220326785,0.554987504958762
2023-12-08 13:00:00,0.6409238813333131,0.6559768360760058,0.5890859662484892,0.662116550327421,0.5927883627887707,0.5426465880187702
2023-12-08 14:00:00,0.598273243198089,0.6037110556200073,0.574850836014266,0.6401462709063247,0.5612631968554247,0.5326897248009398
2023-12-08 15:00:00,0.6533614940874992,0.5972900653843922,0.4868930825400822,0.6210791386099088,0.43206680776136347,0.4811824056777727
2023-12-08 16:00:00,0.38373649943629695,0.30847129138250584,0.27943479169810603,0.40579121805153556,0.25197589459405906,0.39981604067354154
2023-12-08 17:00:00,0.3422644561605904,0.3595890084960559,0.3595814228548165,0.3790078025485531,0.3615951951636642,0.34680461345897196
2023-12-08 18:00:00,0.0,0.0,0.0,0.0,0.0,0.0
2023-12-08 19:00:00,0.0,0.0,0.0,0.0,0.0,0.0
2023-12-08 20:00:00,0.0,0.0,0.0,0.0,0.0,0.0
2023-12-08 21:00:00,0.0,0.0,0.0,0.0,0.0,0.0
2023-12-08 22:00:00,0.0,0.0,0.0,0.0,0.0,0.0
2023-12-08 23:00:00,0.0,0.0,0.0,0.0,0.0,0.0
2023-12-09 00:00:00,0.0,0.0,0.0,0.0,0.0,0.0
2023-12-09 01:00:00,0.0,0.0,0.0,0.0,0.0,0.0
2023-12-09 02:00:00,0.0,0.0,0.0,0.0,0.0,0.0
2023-12-09 03:00:00,0.0,0.0,0.0,0.0,0.0,0.0
2023-12-09 04:00:00,0.0,0.0,0.0,0.0,0.0,0.0
2023-12-09 05:00:00,0.0,0.0,0.0,0.0,0.0,0.0
2023-12-09 06:00:00,0.0,0.0,0.0,0.0,0.0,0.0
2023-12-09 07:00:00,0.0,0.0,0.0,0.0,0.0,0.0
2023-12-09 08:00:00,0.0,0.0,0.0,0.0,0.0,0.0
2023-12-09 09:00:00,0.0,0.0,0.0,0.0,0.0,0.0
2023-12-09 10:00:00,0.0044081447149206905,0.005801770921588642,0.005595610670662347,0.003269991047490266,0.009148750671791663,0.0012647165109019392
2023-12-09 11:00:00,0.018621174657736748,0.016346040499648846,0.017179043389637987,0.011979010060404048,0.024310798065991474,0.011028416723969862
2023-12-09 12:00:00,0.0274995610731094,0.02781938056002011,0.02303331286206986,0.019028801158222627,0.03118714110505193,0.02153144577433268
2023-12-09 13:00:00,0.02989499365759592,0.030635086718665768,0.028563216982519988,0.019938912438904336,0.03771096268786398,0.029403748260094866
2023-12-09 14:00:00,0.03131469088016209,0.029911133550661266,0.02650591216310971,0.026532434540647527,0.03178643211766537,0.025727668443201766
2023-12-09 15:00:00,0.01157806254457146,0.011210394071280893,0.010445914632266752,0.012351597615802925,0.013147802071706436,0.026211594648389156
2023-12-09 16:00:00,0.00574673490640657,0.007005737387291738,0.0055605603795456735,0.005911926715422159,0.006637842600065363,0.0442532522565005
2023-12-09 17:00:00,0.0,0.0,0.0,0.0,0.0,0.06011464003007829
2023-12-09 18:00:00,0.0,0.0,0.0,0.0,0.0,0.0
2023-12-09 19:00:00,0.0,0.0,0.0,0.0,0.0,0.0
2023-12-09 20:00:00,0.0,0.0,0.0,0.0,0.0,0.0
2023-12-09 21:00:00,0.0,0.0,0.0,0.0,0.0,0.0
2023-12-09 22:00:00,0.0,0.0,0.0,0.0,0.0,0.0
2023-12-09 23:00:00,0.0,0.0,0.0,0.0,0.0,0.0
2023-12-10 00:00:00,0.0,0.0,0.0,0.0,0.0,0.0
2023-12-10 01:00:00,0.0,0.0,0.0,0.0,0.0,0.0
2023-12-10 02:00:00,0.0,0.0,0.0,0.0,0.0,0.0
2023-12-10 03:00:00,0.0,0.0,0.0,0.0,0.0,0.0
2023-12-10 04:00:00,0.0,0.0,0.0,0.0,0.0,0.0
2023-12-10 05:00:00,0.0,0.0,0.0,0.0,0.0,0.0
2023-12-10 06:00:00,0.0,0.0,0.0,0.0,0.0,0.0
2023-12-10 07:00:00,0.0,0.0,0.0,0.0,0.0,0.0
2023-12-10 08:00:00,0.0,0.0,0.0,0.0,0.0,0.0
2023-12-10 09:00:00,0.0,0.0,0.0,0.0,0.0,0.0
2023-12-10 10:00:00,0.10353860766044751,0.15507237147543645,0.14007315398542208,0.1865189747371505,0.13911807491547165,0.19217076933723634
2023-12-10 11:00:00,0.09214416347301539,0.19443071302129966,0.24726480409489016,0.12581361601000152,0.2813160343576748,0.1953844170776077
2023-12-10 12:00:00,0.16402185533511143,0.297485839884539,0.26449498298728574,0.13981176632072048,0.30561137057066484,0.16373476027487316
2023-12-10 13:00:00,0.14214547488890356,0.29563069403769954,0.3680420272553438,0.24693116311311247,0.41521337937494013,0.22222959033686376
2023-12-10 14:00:00,0.09879468493530885,0.14471351600083576,0.22601045204953432,0.17334696651375692,0.27686194785760426,0.18068662832392796
2023-12-10 15:00:00,0.08859082845786881,0.09038377568553622,0.186161474457269,0.0775702473888521,0.2215374212440502,0.0966737091808202
2023-12-10 16:00:00,0.049644608757613506,0.06333610699166337,0.08837258897444443,0.07250210154988367,0.10450287994399814,0.03925629747322445
2023-12-10 17:00:00,0.03879425875329206,0.06810193107801427,0.09559451339760408,0.04156856410097995,0.10323513912848163,0.011258653972510782
2023-12-10 18:00:00,0.0,0.0,0.0,0.0,0.0,0.0
2023-12-10 19:00:00,0.0,0.0,0.0,0.0,0.0,0.0
2023-12-10 20:00:00,0.0,0.0,0.0,0.0,0.0,0.0
2023-12-10 21:00:00,0.0,0.0,0.0,0.0,0.0,0.0
2023-12-10 22:00:00,0.0,0.0,0.0,0.0,0.0,0.0
2023-12-10 23:00:00,0.0,0.0,0.0,0.0,0.0,0.0
2023-12-11 00:00:00,0.0,0.0,0.0,0.0,0.0,0.0
2023-12-11 01:00:00,0.0,0.0,0.0,0.0,0.0,0.0
2023-12-11 02:00:00,0.0,0.0,0.0,0.0,0.0,0.0
2023-12-11 03:00:00,0.0,0.0,0.0,0.0,0.0,0.0
2023-12-11 04:00:00,0.0,0.0,0.0,0.0,0.0,0.0
2023-12-11 05:00:00,0.0,0.0,0.0,0.0,0.0,0.0
2023-12-11 06:00:00,0.0,0.0,0.0,0.0,0.0,0.0
2023-12-11 07:00:00,0.0,0.0,0.0,0.0,0.0,0.0
2023-12-11 08:00:00,0.0,0.0,0.0,0.0,0.0,0.0
2023-12-11 09:00:00,0.0,0.0,0.0,0.0,0.0,0.0
2023-12-11 10:00:00,0.24863382552308344,0.06486090434475923,0.04085087362027589,0.07417794712719476,0.018169758010379594,0.14985669721896752
2023-12-11 11:00:00,0.3343991057327609,0.12370194459067302,0.08924901485366363,0.12233345180820704,0.07201577979551047,0.2012174228166561
2023-12-11 12:00:00,0.5448762838620751,0.5391647046330493,0.40780920034848206,0.4766511794030081,0.383588493123075,0.33466491841233914
2023-12-11 13:00:00,0.5407224424400425,0.5991144136110775,0.46153069111509853,0.5803754039010015,0.445111557093384,0.3512297411490637
2023-12-11 14:00:00,0.6274584305918797,0.6514891274007629,0.5442506420840854,0.6501212045896155,0.518978710150658,0.4796411324701403
2023-12-11 15:00:00,0.5957932718354552,0.5985070024185851,0.4950608271228911,0.5766380676039559,0.47730882744656605,0.47732021526812557
2023-12-11 16:00:00,0.5505537282743795,0.484110931510671,0.36206190470770555,0.5153436220930866,0.32630154040197035,0.41119913606849523
2023-12-11 17:00:00,0.39343934722637414,0.3452428843249637,0.2603462279904356,0.3537512347573026,0.24259190640471318,0.24550369442846673
2023-12-11 18:00:00,0.0,0.0,0.0,0.0,0.0,0.0
2023-12-11 19:00:00,0.0,0.0,0.0,0.0,0.0,0.0
2023-12-11 20:00:00,0.0,0.0,0.0,0.0,0.0,0.0
2023-12-11 21:00:00,0.0,0.0,0.0,0.0,0.0,0.0
2023-12-11 22:00:00,0.0,0.0,0.0,0.0,0.0,0.0
2023-12-11 23:00:00,0.0,0.0,0.0,0.0,0.0,0.0
2023-12-12 00:00:00,0.0,0.0,0.0,0.0,0.0,0.0
2023-12-12 01:00:00,0.0,0.0,0.0,0.0,0.0,0.0
2023-12-12 02:00:00,0.0,0.0,0.0,0.0,0.0,0.0
2023-12-12 03:00:00,0.0,0.0,0.0,0.0,0.0,0.0
2023-12-12 04:00:00,0.0,0.0,0.0,0.0,0.0,0.0
2023-12-12 05:00:00,0.0,0.0,0.0,0.0,0.0,0.0
2023-12-12 06:00:00,0.0,0.0,0.0,0.0,0.0,0.0
2023-12-12 07:00:00,0.0,0.0,0.0,0.0,0.0,0.0
2023-12-12 08:00:00,0.0,0.0,0.0,0.0,0.0,0.0
2023-12-12 09:00:00,0.0,0.0,0.0,0.0,0.0,0.0
2023-12-12 10:00:00,0.4572306877273861,0.4734466585165745,0.4581021083492467,0.43541818711355845,0.4629525223131343,0.22845816018061635
2023-12-12 11:00:00,0.646983286397192,0.6315268304915654,0.5961764702485747,0.5795802940181818,0.612380850915079,0.359438943669388
2023-12-12 12:00:00,0.6768801908685628,0.6875477818953996,0.6693356436321231,0.5576649334298325,0.6972532036357909,0.4930258641315883
2023-12-12 13:00:00,0.7361267218406821,0.7299052360658667,0.7231941079520937,0.6688898320311858,0.7489458169008291,0.6183180877897722
2023-12-12 14:00:00,0.7010673435388333,0.6247170602882882,0.6252761073826983,0.6138938581981915,0.6517074186422986,0.6023838527583083
2023-12-12 15:00:00,0.7003613672793232,0.6433986736658052,0.6531416220968752,0.6698993792125466,0.6675163639611545,0.5393007151854282
2023-12-12 16:00:00,0.5922070420048863,0.5189949174733819,0.4594477123788045,0.5402275623492088,0.45915278087455486,0.4172837772702614
2023-12-12 17:00:00,0.3950257816748891,0.3785817894283944,0.35397361668849675,0.39058923376989135,0.3573113228988505,0.24637419113370027
2023-12-12 18:00:00,0.0,0.0,0.0,0.0,0.0,0.0
2023-12-12 19:00:00,0.0,0.0,0.0,0.0,0.0,0.0
2023-12-12 20:00:00,0.0,0.0,0.0,0.0,0.0,0.0
2023-12-12 21:00:00,0.0,0.0,0.0,0.0,0.0,0.0
2023-12-12 22:00:00,0.0,0.0,0.0,0.0,0.0,0.0
2023-12-12 23:00:00,0.0,0.0,0.0,0.0,0.0,0.0
2023-12-13 00:00:00,0.0,0.0,0.0,0.0,0.0,0.0
2023-12-13 01:00:00,0.0,0.0,0.0,0.0,0.0,0.0
2023-12-13 02:00:00,0.0,0.0,0.0,0.0,0.0,0.0
2023-12-13 03:00:00,0.0,0.0,0.0,0.0,0.0,0.0
2023-12-13 04:00:00,0.0,0.0,0.0,0.0,0.0,0.0
2023-12-13 05:00:00,0.0,0.0,0.0,0.0,0.0,0.0
2023-12-13 06:00:00,0.0,0.0,0.0,0.0,0.0,0.0
2023-12-13 07:00:00,0.0,0.0,0.0,0.0,0.0,0.0
2023-12-13 08:00:00,0.0,0.0,0.0,0.0,0.0,0.0
2023-12-13 09:00:00,0.0,0.0,0.0,0.0,0.0,0.0
2023-12-13 10:00:00,0.15098419801501023,0.14628351999172656,0.18470276778889377,0.12701532764162812,0.19581301455865985,0.1721569457665311
2023-12-13 11:00:00,0.294509565430757,0.1709145783788804,0.19478170325326352,0.19481541499851854,0.22015733647058391,0.2913092081636978
2023-12-13 12:00:00,0.38798904306949333,0.3580155164550995,0.3070960694585354,0.33348280459274277,0.3599009679920493,0.40279324977580144
2023-12-13 13:00:00,0.38886932284583675,0.4067441979896372,0.4013234031660346,0.38749003143579525,0.4663661045886263,0.43218798483222787
2023-12-13 14:00:00,0.4950092932862976,0.47337593647049864,0.4480125158117576,0.48667695936270106,0.48141915975789645,0.505779212941007
2023-12-13 15:00:00,0.5028784736742054,0.454397678690676,0.4358839675985407,0.5090136805503505,0.4447299217635449,0.5084165731076282
2023-12-13 16:00:00,0.4675139969770642,0.46543528091490105,0.45708049520610666,0.4777436124401731,0.47131985742825716,0.4676448410081368
2023-12-13 17:00:00,0.29696687270472344,0.2854745376757468,0.30234407937660107,0.31871372253590646,0.3082093931825128,0.300122655518021
2023-12-13 18:00:00,0.0,0.0,0.0,0.0,0.0,0.0
2023-12-13 19:00:00,0.0,0.0,0.0,0.0,0.0,0.0
2023-12-13 20:00:00,0.0,0.0,0.0,0.0,0.0,0.0
2023-12-13 21:00:00,0.0,0.0,0.0,0.0,0.0,0.0
2023-12-13 22:00:00,0.0,0.0,0.0,0.0,0.0,0.0
2023-12-13 23:00:00,0.0,0.0,0.0,0.0,0.0,0.0
2023-12-14 00:00:00,0.0,0.0,0.0,0.0,0.0,0.0
2023-12-14 01:00:00,0.0,0.0,0.0,0.0,0.0,0.0
2023-12-14 02:00:00,0.0,0.0,0.0,0.0,0.0,0.0
2023-12-14 03:00:00,0.0,0.0,0.0,0.0,0.0,0.0
2023-12-14 04:00:00,0.0,0.0,0.0,0.0,0.0,0.0
2023-12-14 05:00:00,0.0,0.0,0.0,0.0,0.0,0.0
2023-12-14 06:00:00,0.0,0.0,0.0,0.0,0.0,0.0
2023-12-14 07:00:00,0.0,0.0,0.0,0.0,0.0,0.0
2023-12-14 08:00:00,0.0,0.0,0.0,0.0,0.0,0.0
2023-12-14 09:00:00,0.0,0.0,0.0,0.0,0.0,0.0
2023-12-14 10:00:00,0.009674111693223247,0.0043715080327423736,0.0021462734256787173,0.0024837766822072035,0.013338000008711014,0.0054800846028797146
2023-12-14 11:00:00,0.019223287628065255,0.008476719799197579,0.01141599266898886,0.009573809808549823,0.019566006563044528,0.03440590998415652
2023-12-14 12:00:00,0.052994171369399996,0.029238592149558006,0.02391662400358053,0.019714537345163964,0.033033687665977335,0.0860068540672248
2023-12-14 13:00:00,0.154118450220767,0.11928005589903154,0.07697908929739809,0.14059117018566233,0.06526032926413167,0.12504636501233043
2023-12-14 14:00:00,0.08928208389879572,0.06511594449979487,0.0471720412031245,0.09168912792800397,0.04859142998432669,0.1406503003679807
2023-12-14 15:00:00,0.19258805978278298,0.15459076977233313,0.08821014747833189,0.09768597390746517,0.0827522147100178,0.1440311370788217
2023-12-14 16:00:00,0.1860831232765552,0.12667419855891404,0.11527161862551594,0.12956227020734595,0.09074026718181886,0.08380341966082629
2023-12-14 17:00:00,0.19147682842350505,0.09853330394987891,0.07237222753593694,0.09787670066419164,0.04150233452382389,0.04284999592982298
2023-12-14 18:00:00,0.0,0.0,0.0,0.0,0.0,0.0
2023-12-14 19:00:00,0.0,0.0,0.0,0.0,0.0,0.0
2023-12-14 20:00:00,0.0,0.0,0.0,0.0,0.0,0.0
2023-12-14 21:00:00,0.0,0.0,0.0,0.0,0.0,0.0
2023-12-14 22:00:00,0.0,0.0,0.0,0.0,0.0,0.0
2023-12-14 23:00:00,0.0,0.0,0.0,0.0,0.0,0.0
2023-12-15 00:00:00,0.0,0.0,0.0,0.0,0.0,0.0
2023-12-15 01:00:00,0.0,0.0,0.0,0.0,0.0,0.0
2023-12-15 02:00:00,0.0,0.0,0.0,0.0,0.0,0.0
2023-12-15 03:00:00,0.0,0.0,0.0,0.0,0.0,0.0
2023-12-15 04:00:00,0.0,0.0,0.0,0.0,0.0,0.0
2023-12-15 05:00:00,0.0,0.0,0.0,0.0,0.0,0.0
2023-12-15 06:00:00,0.0,0.0,0.0,0.0,0.0,0.0
2023-12-15 07:00:00,0.0,0.0,0.0,0.0,0.0,0.0
2023-12-15 08:00:00,0.0,0.0,0.0,0.0,0.0,0.0
2023-12-15 09:00:00,0.0,0.0,0.0,0.0,0.0,0.0
2023-12-15 10:00:00,0.23817180604248034,0.30339637966848754,0.31171485906594115,0.16506726654974546,0.3174365475101123,0.07505523646234867
2023-12-15 11:00:00,0.3397264947904061,0.42378322519168804,0.4775685166070612,0.37874395327203914,0.4629253010227937,0.17012773071751022
2023-12-15 12:00:00,0.29458038612605114,0.1509208594165098,0.1370361029224324,0.1429287981163268,0.13251783015049817,0.20786157904618333
2023-12-15 13:00:00,0.40481959935053063,0.32663053294653766,0.24483005688325998,0.3106477730807814,0.23785649849618362,0.3411006826135052
2023-12-15 14:00:00,0.3463841892699557,0.28173372867711105,0.3017555135722673,0.276813459344508,0.3129670542145275,0.32728237244454683
2023-12-15 15:00:00,0.3490153974407081,0.2825725622810161,0.28582880286964346,0.33275736219229635,0.2957255710519904,0.3603660166155355
2023-12-15 16:00:00,0.3240899883997593,0.27581481701154986,0.2825820428705832,0.32915823514667336,0.2714056779509228,0.25217625402703536
2023-12-15 17:00:00,0.18444447174069611,0.15630631937718423,0.15316853468580266,0.15456848552413277,0.15458471835336965,0.16366837170498974
2023-12-15 18:00:00,0.0,0.0,0.0,0.0,0.0,0.0
2023-12-15 19:00:00,0.0,0.0,0.0,0.0,0.0,0.0
2023-12-15 20:00:00,0.0,0.0,0.0,0.0,0.0,0.0
2023-12-15 21:00:00,0.0,0.0,0.0,0.0,0.0,0.0
2023-12-15 22:00:00,0.0,0.0,0.0,0.0,0.0,0.0
2023-12-15 23:00:00,0.0,0.0,0.0,0.0,0.0,0.0
2023-12-16 00:00:00,0.0,0.0,0.0,0.0,0.0,0.0
2023-12-16 01:00:00,0.0,0.0,0.0,0.0,0.0,0.0
2023-12-16 02:00:00,0.0,0.0,0.0,0.0,0.0,0.0
2023-12-16 03:00:00,0.0,0.0,0.0,0.0,0.0,0.0
2023-12-16 04:00:00,0.0,0.0,0.0,0.0,0.0,0.0
2023-12-16 05:00:00,0.0,0.0,0.0,0.0,0.0,0.0
2023-12-16 06:00:00,0.0,0.0,0.0,0.0,0.0,0.0
2023-12-16 07:00:00,0.0,0.0,0.0,0.0,0.0,0.0
2023-12-16 08:00:00,0.0,0.0,0.0,0.0,0.0,0.0
2023-12-16 09:00:00,0.0,0.0,0.0,0.0,0.0,0.0
2023-12-16 10:00:00,0.23284502282851113,0.09641429562478122,0.09144587793621727,0.17268916347033722,0.04900028402987308,0.08402924732026971
2023-12-16 11:00:00,0.31554754156661224,0.24608178237408573,0.2557867597678914,0.21107872598836572,0.24060574272543947,0.12880182676935967
2023-12-16 12:00:00,0.5289962484877491,0.4580939147266548,0.36000218839644377,0.45919573545616027,0.3166883836370372,0.33179079832963115
2023-12-16 13:00:00,0.5967288104178373,0.5249844319301056,0.3449014695030233,0.3957337867802713,0.34315016233943463,0.35177155165316604
2023-12-16 14:00:00,0.6222070346124385,0.45277487524057425,0.2913427764078934,0.44186225272231056,0.2739037889662738,0.4601907263286486
2023-12-16 15:00:00,0.5663991415851859,0.5317450296715677,0.4600559302062967,0.5788133197462734,0.42964169217878734,0.4392758601788382
2023-12-16 16:00:00,0.5009044506698427,0.45782923587378727,0.40556304870093374,0.4763466651232308,0.38861813491886626,0.29310621993637137
2023-12-16 17:00:00,0.37495406928115604,0.32704830701291826,0.265038613623882,0.3040064803616937,0.24014949761922513,0.1332623381055363
2023-12-16 18:00:00,0.0,0.0,0.0,0.0,0.0,0.0
2023-12-16 19:00:00,0.0,0.0,0.0,0.0,0.0,0.0
2023-12-16 20:00:00,0.0,0.0,0.0,0.0,0.0,0.0
2023-12-16 21:00:00,0.0,0.0,0.0,0.0,0.0,0.0
2023-12-16 22:00:00,0.0,0.0,0.0,0.0,0.0,0.0
2023-12-16 23:00:00,0.0,0.0,0.0,0.0,0.0,0.0
2023-12-17 00:00:00,0.0,0.0,0.0,0.0,0.0,0.0
2023-12-17 01:00:00,0.0,0.0,0.0,0.0,0.0,0.0
2023-12-17 02:00:00,0.0,0.0,0.0,0.0,0.0,0.0
2023-12-17 03:00:00,0.0,0.0,0.0,0.0,0.0,0.0
2023-12-17 04:00:00,0.0,0.0,0.0,0.0,0.0,0.0
2023-12-17 05:00:00,0.0,0.0,0.0,0.0,0.0,0.0
2023-12-17 06:00:00,0.0,0.0,0.0,0.0,0.0,0.0
2023-12-17 07:00:00,0.0,0.0,0.0,0.0,0.0,0.0
2023-12-17 08:00:00,0.0,0.0,0.0,0.0,0.0,0.0
2023-12-17 09:00:00,0.0,0.0,0.0,0.0,0.0,0.0
2023-12-17 10:00:00,0.3152921065997785,0.22305172377610866,0.2331971718514192,0.2755642910931856,0.20873480898952762,0.16473083099073707
2023-12-17 11:00:00,0.5630184947352735,0.47648681118476305,0.4643071223986785,0.5033207948993783,0.42498501466444283,0.24651812754445102
2023-12-17 12:00:00,0.6907881015849234,0.629518058009574,0.55324802405677,0.6217198724688241,0.5256571309788322,0.35699977398088983
2023-12-17 13:00:00,0.7073799435047523,0.6765111360742491,0.6320905832249412,0.6113960925422327,0.6482855671273889,0.39135380368519923
2023-12-17 14:00:00,0.7031832926630202,0.6498247499497,0.5790720985362069,0.6703149005039061,0.5600572470019568,0.44546037551895695
2023-12-17 15:00:00,0.6470823579800159,0.6562622408863898,0.6317503107784709,0.6595894154972798,0.6268969668531416,0.4570945984559257
2023-12-17 16:00:00,0.49506955680270226,0.5117616923824359,0.5205786166290127,0.5031546177405193,0.5371541234603632,0.4192311936082582
2023-12-17 17:00:00,0.30493162259081347,0.31152195550208406,0.29784466554736105,0.3121248472800329,0.2994682185014903,0.2729627920124856
2023-12-17 18:00:00,0.0,0.0,0.0,0.0,0.0,0.0
2023-12-17 19:00:00,0.0,0.0,0.0,0.0,0.0,0.0
2023-12-17 20:00:00,0.0,0.0,0.0,0.0,0.0,0.0
2023-12-17 21:00:00,0.0,0.0,0.0,0.0,0.0,0.0
2023-12-17 22:00:00,0.0,0.0,0.0,0.0,0.0,0.0
2023-12-17 23:00:00,0.0,0.0,0.0,0.0,0.0,0.0
2023-12-18 00:00:00,0.0,0.0,0.0,0.0,0.0,0.0
2023-12-18 01:00:00,0.0,0.0,0.0,0.0,0.0,0.0
2023-12-18 02:00:00,0.0,0.0,0.0,0.0,0.0,0.0
2023-12-18 03:00:00,0.0,0.0,0.0,0.0,0.0,0.0
2023-12-18 04:00:00,0.0,0.0,0.0,0.0,0.0,0.0
2023-12-18 05:00:00,0.0,0.0,0.0,0.0,0.0,0.0
2023-12-18 06:00:00,0.0,0.0,0.0,0.0,0.0,0.0
2023-12-18 07:00:00,0.0,0.0,0.0,0.0,0.0,0.0
2023-12-18 08:00:00,0.0,0.0,0.0,0.0,0.0,0.0
2023-12-18 09:00:00,0.0,0.0,0.0,0.0,0.0,0.0
2023-12-18 10:00:00,0.08842025754463985,0.08112198707258607,0.10097356199792058,0.10099290214302818,0.09138790712448187,0.04974085111391864
2023-12-18 11:00:00,0.2062952521377988,0.2419462561053883,0.2912626762563917,0.22894719181269296,0.2868132857420727,0.13732400517909293
2023-12-18 12:00:00,0.3068099244536513,0.3265652823998889,0.31521576621122227,0.3925816659178374,0.306935858689073,0.2268805882295071
2023-12-18 13:00:00,0.33671522092021167,0.3710655885237124,0.38895480032931806,0.4561613064589205,0.37756772279063905,0.25756804108250075
2023-12-18 14:00:00,0.35938377099769026,0.372750062559778,0.4455379771889617,0.38284780511250477,0.4550042020793375,0.3455165608364593
2023-12-18 15:00:00,0.2821464763083523,0.35474874983393956,0.37396170497303793,0.34848917056642187,0.37994796300797934,0.22893499520174973
2023-12-18 16:00:00,0.2872837728824419,0.2447475555115517,0.2229974179663412,0.19972508835638086,0.23138625955358594,0.17350970172508295
2023-12-18 17:00:00,0.16758146987971076,0.20300835585028476,0.1346629717374909,0.15633591278624479,0.1387017303871228,0.03348412096914118
2023-12-18 18:00:00,0.0,0.0,0.0,0.0,0.0,0.0
2023-12-18 19:00:00,0.0,0.0,0.0,0.0,0.0,0.0
2023-12-18 20:00:00,0.0,0.0,0.0,0.0,0.0,0.0
2023-12-18 21:00:00,0.0,0.0,0.0,0.0,0.0,0.0
2023-12-18 22:00:00,0.0,0.0,0.0,0.0,0.0,0.0
2023-12-18 23:00:00,0.0,0.0,0.0,0.0,0.0,0.0
2023-12-19 00:00:00,0.0,0.0,0.0,0.0,0.0,0.0
2023-12-19 01:00:00,0.0,0.0,0.0,0.0,0.0,0.0
2023-12-19 02:00:00,0.0,0.0,0.0,0.0,0.0,0.0
2023-12-19 03:00:00,0.0,0.0,0.0,0.0,0.0,0.0
2023-12-19 04:00:00,0.0,0.0,0.0,0.0,0.0,0.0
2023-12-19 05:00:00,0.0,0.0,0.0,0.0,0.0,0.0
2023-12-19 06:00:00,0.0,0.0,0.0,0.0,0.0,0.0
2023-12-19 07:00:00,0.0,0.0,0.0,0.0,0.0,0.0
2023-12-19 08:00:00,0.0,0.0,0.0,0.0,0.0,0.0
2023-12-19 09:00:00,0.0,0.0,0.0,0.0,0.0,0.0
2023-12-19 10:00:00,0.03199146458886688,0.004568972500798684,0.00580034263845428,0.01160386048691844,0.009688902962821454,0.06736017615581615
2023-12-19 11:00:00,0.07206632982856295,0.02642552433257167,0.033423524759329255,0.04423988240156329,0.035261146828988184,0.12295616136418347
2023-12-19 12:00:00,0.07645260431429801,0.09700906068617143,0.13601567731436134,0.17707947216653427,0.12949381738488736,0.1548249789968091
2023-12-19 13:00:00,0.1459683961116519,0.16178365613042994,0.24702622470865335,0.2465304948518376,0.22903128706522818,0.20998271265128715
2023-12-19 14:00:00,0.10172782392684612,0.09235711085041864,0.12052369958193832,0.14046159495084734,0.11284352984854225,0.16334978452545484
2023-12-19 15:00:00,0.09863702249706945,0.06937932737398163,0.06896103992711186,0.05810240754321214,0.07207780620183817,0.11081016763422348
2023-12-19 16:00:00,0.08017479529406119,0.04312787213900441,0.04260419574936423,0.034643237496190124,0.046947272542192955,0.06661293802570813
2023-12-19 17:00:00,0.01410106173792201,0.0011898015194935414,0.0003504582587614972,0.00021367319351221949,0.00048369130365072627,0.005313686030934544
2023-12-19 18:00:00,0.0,0.0,0.0,0.0,0.0,0.0
2023-12-19 19:00:00,0.0,0.0,0.0,0.0,0.0,0.0
2023-12-19 20:00:00,0.0,0.0,0.0,0.0,0.0,0.0
2023-12-19 21:00:00,0.0,0.0,0.0,0.0,0.0,0.0
2023-12-19 22:00:00,0.0,0.0,0.0,0.0,0.0,0.0
2023-12-19 23:00:00,0.0,0.0,0.0,0.0,0.0,0.0
2023-12-20 00:00:00,0.0,0.0,0.0,0.0,0.0,0.0
2023-12-20 01:00:00,0.0,0.0,0.0,0.0,0.0,0.0
2023-12-20 02:00:00,0.0,0.0,0.0,0.0,0.0,0.0
2023-12-20 03:00:00,0.0,0.0,0.0,0.0,0.0,0.0
2023-12-20 04:00:00,0.0,0.0,0.0,0.0,0.0,0.0
2023-12-20 05:00:00,0.0,0.0,0.0,0.0,0.0,0.0
2023-12-20 06:00:00,0.0,0.0,0.0,0.0,0.0,0.0
2023-12-20 07:00:00,0.0,0.0,0.0,0.0,0.0,0.0
2023-12-20 08:00:00,0.0,0.0,0.0,0.0,0.0,0.0
2023-12-20 09:00:00,0.0,0.0,0.0,0.0,0.0,0.0
2023-12-20 10:00:00,0.16117939097366143,0.16583790937003876,0.18721593438412018,0.08910587665638263,0.20363511277961724,0.08388030382976462
2023-12-20 11:00:00,0.18559878943483138,0.13592724967755135,0.18029796827016173,0.0848380190346484,0.19416051205652296,0.13508027349067084
2023-12-20 12:00:00,0.3695303336221172,0.2988145660321297,0.1363948984167044,0.1560854944739538,0.15145050464533338,0.21371737660214346
2023-12-20 13:00:00,0.5244808542275825,0.5498257286486354,0.5404039385006074,0.5932667264368265,0.4978001876887276,0.26462685178056644
2023-12-20 14:00:00,0.6430847600732154,0.6064532811418173,0.5961399090633841,0.6445975356531752,0.538974627572095,0.2785067145658012
2023-12-20 15:00:00,0.5555064881773768,0.492009441839144,0.4686771050734543,0.4756178591490755,0.4340463569078219,0.1828145497337994
2023-12-20 16:00:00,0.46338801447630157,0.40734977076339757,0.39629821405695975,0.3251268451074705,0.3742637001186851,0.11976333673019215
2023-12-20 17:00:00,0.31782413218875327,0.27351170849385453,0.2891008633304263,0.23801644726478952,0.2801553501993614,0.09026446086367018
2023-12-20 18:00:00,0.0,0.0,0.0,0.0,0.0,0.0
2023-12-20 19:00:00,0.0,0.0,0.0,0.0,0.0,0.0
2023-12-20 20:00:00,0.0,0.0,0.0,0.0,0.0,0.0
2023-12-20 21:00:00,0.0,0.0,0.0,0.0,0.0,0.0
2023-12-20 22:00:00,0.0,0.0,0.0,0.0,0.0,0.0
2023-12-20 23:00:00,0.0,0.0,0.0,0.0,0.0,0.0
2023-12-21 00:00:00,0.0,0.0,0.0,0.0,0.0,0.0
2023-12-21 01:00:00,0.0,0.0,0.0,0.0,0.0,0.0
2023-12-21 02:00:00,0.0,0.0,0.0,0.0,0.0,0.0
2023-12-21 03:00:00,0.0,0.0,0.0,0.0,0.0,0.0
2023-12-21 04:00:00,0.0,0.0,0.0,0.0,0.0,0.0
2023-12-21 05:00:00,0.0,0.0,0.0,0.0,0.0,0.0
2023-12-21 06:00:00,0.0,0.0,0.0,0.0,0.0,0.0
2023-12-21 07:00:00,0.0,0.0,0.0,0.0,0.0,0.0
2023-12-21 08:00:00,0.0,0.0,0.0,0.0,0.0,0.0
2023-12-21 09:00:00,0.0,0.0,0.0,0.0,0.0,0.0
2023-12-21 10:00:00,0.14322237962618636,0.0573498603880166,0.031038239653838593,0.07115228381510294,0.006146401188369164,0.057531881970703136
2023-12-21 11:00:00,0.17339078088483084,0.12455669826878268,0.08423464941691153,0.1443738512821744,0.06963702801679389,0.11733839130253874
2023-12-21 12:00:00,0.4224741779979786,0.3876017948882902,0.29868974513717245,0.34744686766123256,0.25535102553379285,0.22369744035967062
2023-12-21 13:00:00,0.4840111873285439,0.5204606316821974,0.43640484730248363,0.4661340340390738,0.4079765402699705,0.2804310910291154
2023-12-21 14:00:00,0.5020054964671492,0.5755130425680385,0.4791313599508728,0.4727627359567298,0.465279114305717,0.26411359733199036
2023-12-21 15:00:00,0.3362604772243486,0.41841883537628305,0.3464031949556841,0.2623149265588059,0.37630515099605844,0.12786261334475316
2023-12-21 16:00:00,0.18638858569772143,0.2651259925219028,0.23109409712526913,0.14086927156759627,0.25298514274284456,0.04766151146298381
2023-12-21 17:00:00,0.0966352568920336,0.16841862855288528,0.15920195207514054,0.06732239095450923,0.19605664797326797,0.021046010875947773
2023-12-21 18:00:00,0.0,0.0,0.0,0.0,0.0,0.0
2023-12-21 19:00:00,0.0,0.0,0.0,0.0,0.0,0.0
2023-12-21 20:00:00,0.0,0.0,0.0,0.0,0.0,0.0
2023-12-21 21:00:00,0.0,0.0,0.0,0.0,0.0,0.0
2023-12-21 22:00:00,0.0,0.0,0.0,0.0,0.0,0.0
2023-12-21 23:00:00,0.0,0.0,0.0,0.0,0.0,0.0
2023-12-22 00:00:00,0.0,0.0,0.0,0.0,0.0,0.0
2023-12-22 01:00:00,0.0,0.0,0.0,0.0,0.0,0.0
2023-12-22 02:00:00,0.0,0.0,0.0,0.0,0.0,0.0
2023-12-22 03:00:00,0.0,0.0,0.0,0.0,0.0,0.0
2023-12-22 04:00:00,0.0,0.0,0.0,0.0,0.0,0.0
2023-12-22 05:00:00,0.0,0.0,0.0,0.0,0.0,0.0
2023-12-22 06:00:00,0.0,0.0,0.0,0.0,0.0,0.0
2023-12-22 07:00:00,0.0,0.0,0.0,0.0,0.0,0.0
2023-12-22 08:00:00,0.0,0.0,0.0,0.0,0.0,0.0
2023-12-22 09:00:00,0.0,0.0,0.0,0.0,0.0,0.0
2023-12-22 10:00:00,0.007290145163790281,0.04082251023044299,0.07347798768332761,0.023545045041270918,0.08855615501981755,0.046192016734691525
2023-12-22 11:00:00,0.030776867269175064,0.08521178012976909,0.13943061622805838,0.052867595146607854,0.15684764507813403,0.0899570584556753
2023-12-22 12:00:00,0.03215706951664181,0.04115727146264715,0.0358506846673429,0.026699571066345552,0.047119848921472904,0.10054511400454245
2023-12-22 13:00:00,0.04244307417168177,0.06170187434942781,0.05899293760868399,0.05112887163248409,0.07090007587517784,0.05359484774767719
2023-12-22 14:00:00,0.08530521847636895,0.055758088084110334,0.052182137324140274,0.08346854966513068,0.054194114393143825,0.11048754402874733
2023-12-22 15:00:00,0.11377020735712813,0.023922431328424826,0.026959306063224647,0.1019886171453,0.02428431061171454,0.1413382369180565
2023-12-22 16:00:00,0.14287141174044504,0.036108824068874314,0.05919445199486309,0.21217735240804636,0.03159916111024001,0.15758289421335214
2023-12-22 17:00:00,0.11363939740312864,0.04856828607476144,0.05358331663918727,0.14134296676297314,0.02374320619751805,0.10766275768477139
2023-12-22 18:00:00,0.0,0.0,0.0,0.0,0.0,0.0
2023-12-22 19:00:00,0.0,0.0,0.0,0.0,0.0,0.0
2023-12-22 20:00:00,0.0,0.0,0.0,0.0,0.0,0.0
2023-12-22 21:00:00,0.0,0.0,0.0,0.0,0.0,0.0
2023-12-22 22:00:00,0.0,0.0,0.0,0.0,0.0,0.0
2023-12-22 23:00:00,0.0,0.0,0.0,0.0,0.0,0.0
2023-12-23 00:00:00,0.0,0.0,0.0,0.0,0.0,0.0
2023-12-23 01:00:00,0.0,0.0,0.0,0.0,0.0,0.0
2023-12-23 02:00:00,0.0,0.0,0.0,0.0,0.0,0.0
2023-12-23 03:00:00,0.0,0.0,0.0,0.0,0.0,0.0
2023-12-23 04:00:00,0.0,0.0,0.0,0.0,0.0,0.0
2023-12-23 05:00:00,0.0,0.0,0.0,0.0,0.0,0.0
2023-12-23 06:00:00,0.0,0.0,0.0,0.0,0.0,0.0
2023-12-23 07:00:00,0.0,0.0,0.0,0.0,0.0,0.0
2023-12-23 08:00:00,0.0,0.0,0.0,0.0,0.0,0.0
2023-12-23 09:00:00,0.0,0.0,0.0,0.0,0.0,0.0
2023-12-23 10:00:00,0.41466824588563156,0.45518967116430764,0.4499392604730002,0.4171410719628192,0.45044303879125713,0.3004803626904298
2023-12-23 11:00:00,0.5954241086153832,0.6218419122648072,0.6021902246125169,0.5399803427861193,0.6150758027631779,0.44765119763760225
2023-12-23 12:00:00,0.6915232365261391,0.7376447584652037,0.7376808478154784,0.7259184663549724,0.7326660718945072,0.5235496116734384
2023-12-23 13:00:00,0.725841220018131,0.732819250293437,0.7094282339418925,0.738790458625933,0.7021720009135931,0.584928028112733
2023-12-23 14:00:00,0.7324101653642354,0.7089144784848004,0.6603679118713969,0.7142851817150386,0.6635238530744543,0.5668989876417728
2023-12-23 15:00:00,0.710577681513931,0.7252178489417923,0.7055214716694491,0.7142394564153955,0.7111353046630248,0.5620523619725851
2023-12-23 16:00:00,0.631396133146099,0.6054079232880666,0.5701693387461743,0.6004680151738286,0.5652480104771763,0.4697261775810524
2023-12-23 17:00:00,0.4483388959893564,0.4350639912543848,0.42349622346266114,0.4240091447426335,0.41537781600892987,0.36717997706696814
2023-12-23 18:00:00,0.0,0.0,0.0,0.0,0.0,0.0
2023-12-23 19:00:00,0.0,0.0,0.0,0.0,0.0,0.0
2023-12-23 20:00:00,0.0,0.0,0.0,0.0,0.0,0.0
2023-12-23 21:00:00,0.0,0.0,0.0,0.0,0.0,0.0
2023-12-23 22:00:00,0.0,0.0,0.0,0.0,0.0,0.0
2023-12-23 23:00:00,0.0,0.0,0.0,0.0,0.0,0.0
2023-12-24 00:00:00,0.0,0.0,0.0,0.0,0.0,0.0
2023-12-24 01:00:00,0.0,0.0,0.0,0.0,0.0,0.0
2023-12-24 02:00:00,0.0,0.0,0.0,0.0,0.0,0.0
2023-12-24 03:00:00,0.0,0.0,0.0,0.0,0.0,0.0
2023-12-24 04:00:00,0.0,0.0,0.0,0.0,0.0,0.0
2023-12-24 05:00:00,0.0,0.0,0.0,0.0,0.0,0.0
2023-12-24 06:00:00,0.0,0.0,0.0,0.0,0.0,0.0
2023-12-24 07:00:00,0.0,0.0,0.0,0.0,0.0,0.0
2023-12-24 08:00:00,0.0,0.0,0.0,0.0,0.0,0.0
2023-12-24 09:00:00,0.0,0.0,0.0,0.0,0.0,0.0
2023-12-24 10:00:00,0.2507183861719577,0.3946234061881046,0.39829636477392255,0.30676274152400157,0.44311998541106457,0.1375188590805079
2023-12-24 11:00:00,0.3804345194174808,0.5544975915423289,0.5318478048552284,0.46144675399727086,0.5887052864841875,0.24248521613839474
2023-12-24 12:00:00,0.3755069423214107,0.618015108929131,0.615601688502623,0.4694115710966769,0.6995363665391058,0.40363545898281944
2023-12-24 13:00:00,0.4450317851399987,0.5720402484308512,0.5615211208929733,0.4999850146753943,0.6262428559943947,0.42125665930537387
2023-12-24 14:00:00,0.3820127109660181,0.6223928883596958,0.6271160519701436,0.5616497831611483,0.6875521694742515,0.39401165896987284
2023-12-24 15:00:00,0.29878246587805324,0.5747235531132061,0.5500407634280174,0.4271281751172851,0.6257060273630225,0.33150244836574855
2023-12-24 16:00:00,0.2006673641640236,0.4121434924762802,0.4480585310569795,0.23694639495561554,0.52970559973042,0.2757121319898721
2023-12-24 17:00:00,0.0647371995192924,0.17689585796545304,0.19911253257318193,0.09721710735101505,0.2564169588555389,0.19479706563964772
2023-12-24 18:00:00,0.0,0.0,0.0,0.0,0.0,0.0
2023-12-24 19:00:00,0.0,0.0,0.0,0.0,0.0,0.0
2023-12-24 20:00:00,0.0,0.0,0.0,0.0,0.0,0.0
2023-12-24 21:00:00,0.0,0.0,0.0,0.0,0.0,0.0
2023-12-24 22:00:00,0.0,0.0,0.0,0.0,0.0,0.0
2023-12-24 23:00:00,0.0,0.0,0.0,0.0,0.0,0.0
2023-12-25 00:00:00,0.0,0.0,0.0,0.0,0.0,0.0
2023-12-25 01:00:00,0.0,0.0,0.0,0.0,0.0,0.0
2023-12-25 02:00:00,0.0,0.0,0.0,0.0,0.0,0.0
2023-12-25 03:00:00,0.0,0.0,0.0,0.0,0.0,0.0
2023-12-25 04:00:00,0.0,0.0,0.0,0.0,0.0,0.0
2023-12-25 05:00:00,0.0,0.0,0.0,0.0,0.0,0.0
2023-12-25 06:00:00,0.0,0.0,0.0,0.0,0.0,0.0
2023-12-25 07:00:00,0.0,0.0,0.0,0.0,0.0,0.0
2023-12-25 08:00:00,0.0,0.0,0.0,0.0,0.0,0.0
2023-12-25 09:00:00,0.0,0.0,0.0,0.0,0.0,0.0
2023-12-25 10:00:00,0.07361104552587666,0.09327921045502013,0.04697274818615091,0.04735500081068508,0.05103733510944967,0.10324473744225467
2023-12-25 11:00:00,0.2329830598902911,0.15840523818767255,0.09883807391645563,0.16227043725640466,0.08171881235890247,0.18440877949166934
2023-12-25 12:00:00,0.15271699026843857,0.21962537400281926,0.2664329349209656,0.1810523147780297,0.26327684502792653,0.09541269478770348
2023-12-25 13:00:00,0.25587466189017266,0.3828612125077345,0.3133029637298574,0.23032283716820162,0.3496122764873394,0.10075482252685121
2023-12-25 14:00:00,0.26824140964635834,0.4764160038369899,0.4663440690293596,0.23128757612918,0.5597018877513648,0.15240423751956378
2023-12-25 15:00:00,0.2220062026284454,0.43931501446478655,0.38736902845330173,0.16732501959675267,0.48969743939555727,0.10674140234453255
2023-12-25 16:00:00,0.1530318440439602,0.34789407434425706,0.3312413248992359,0.13494344465619346,0.41002819362772713,0.09229483690488295
2023-12-25 17:00:00,0.0775702033188771,0.22343187405502146,0.22989768828386076,0.07939249329888273,0.2837134004381903,0.025817687658956603
2023-12-25 18:00:00,0.0,0.0,0.0,0.0,0.0,0.0
2023-12-25 19:00:00,0.0,0.0,0.0,0.0,0.0,0.0
2023-12-25 20:00:00,0.0,0.0,0.0,0.0,0.0,0.0
2023-12-25 21:00:00,0.0,0.0,0.0,0.0,0.0,0.0
2023-12-25 22:00:00,0.0,0.0,0.0,0.0,0.0,0.0
2023-12-25 23:00:00,0.0,0.0,0.0,0.0,0.0,0.0
2023-12-26 00:00:00,0.0,0.0,0.0,0.0,0.0,0.0
2023-12-26 01:00:00,0.0,0.0,0.0,0.0,0.0,0.0
2023-12-26 02:00:00,0.0,0.0,0.0,0.0,0.0,0.0
2023-12-26 03:00:00,0.0,0.0,0.0,0.0,0.0,0.0
2023-12-26 04:00:00,0.0,0.0,0.0,0.0,0.0,0.0
2023-12-26 05:00:00,0.0,0.0,0.0,0.0,0.0,0.0
2023-12-26 06:00:00,0.0,0.0,0.0,0.0,0.0,0.0
2023-12-26 07:00:00,0.0,0.0,0.0,0.0,0.0,0.0
2023-12-26 08:00:00,0.0,0.0,0.0,0.0,0.0,0.0
2023-12-26 09:00:00,0.0,0.0,0.0,0.0,0.0,0.0
2023-12-26 10:00:00,0.17744453653109538,0.2931018360952836,0.34998688132205474,0.2967806004409199,0.3687796400487059,0.2864598289963508
2023-12-26 11:00:00,0.31271642048251586,0.34248091109464285,0.4045532965614027,0.34245787469604794,0.41097449335200126,0.4172077504701738
2023-12-26 12:00:00,0.5672090427900073,0.5466593391112085,0.5542575359123391,0.5225223960637573,0.5517358746340474,0.5190196147607524
2023-12-26 13:00:00,0.6163692776293912,0.5714662547726107,0.5498659475171571,0.5926527206844051,0.5396002179493151,0.596771229714688
2023-12-26 14:00:00,0.6345933351089251,0.6454923461516213,0.5847267208824982,0.5803387716484067,0.5867576420310463,0.5817985415183659
2023-12-26 15:00:00,0.6143961910298001,0.6361550479779402,0.6233217419839335,0.6559838856711837,0.5955384474905004,0.5615719496287522
2023-12-26 16:00:00,0.4640430197469289,0.47535726271892365,0.4040688371465044,0.449472131177343,0.3946986696544023,0.38256298488315643
2023-12-26 17:00:00,0.26703083616846374,0.21926129050301368,0.2242464225380363,0.2377886863916464,0.23130064055569818,0.26025108677192377
2023-12-26 18:00:00,0.0,0.0,0.0,0.0,0.0,0.0
2023-12-26 19:00:00,0.0,0.0,0.0,0.0,0.0,0.0
2023-12-26 20:00:00,0.0,0.0,0.0,0.0,0.0,0.0
2023-12-26 21:00:00,0.0,0.0,0.0,0.0,0.0,0.0
2023-12-26 22:00:00,0.0,0.0,0.0,0.0,0.0,0.0
2023-12-26 23:00:00,0.0,0.0,0.0,0.0,0.0,0.0
2023-12-27 00:00:00,0.0,0.0,0.0,0.0,0.0,0.0
2023-12-27 01:00:00,0.0,0.0,0.0,0.0,0.0,0.0
2023-12-27 02:00:00,0.0,0.0,0.0,0.0,0.0,0.0
2023-12-27 03:00:00,0.0,0.0,0.0,0.0,0.0,0.0
2023-12-27 04:00:00,0.0,0.0,0.0,0.0,0.0,0.0
2023-12-27 05:00:00,0.0,0.0,0.0,0.0,0.0,0.0
2023-12-27 06:00:00,0.0,0.0,0.0,0.0,0.0,0.0
2023-12-27 07:00:00,0.0,0.0,0.0,0.0,0.0,0.0
2023-12-27 08:00:00,0.0,0.0,0.0,0.0,0.0,0.0
2023-12-27 09:00:00,0.0,0.0,0.0,0.0,0.0,0.0
2023-12-27 10:00:00,0.0372326557961991,0.10129668121376209,0.16877450515941556,0.0664870474596198,0.18945158555973113,0.156743121337669
2023-12-27 11:00:00,0.1218181336058923,0.038173796657026776,0.0517145706589147,0.08297414248538323,0.08014171732101891,0.26130366172680747
2023-12-27 12:00:00,0.2176580793995353,0.2576048037589462,0.2587922894363835,0.14119039128727745,0.3022255377429522,0.27272588429757866
2023-12-27 13:00:00,0.2544890725564803,0.32695114386718815,0.34784660887198854,0.23531291135947213,0.3893220009484459,0.2810291103324791
2023-12-27 14:00:00,0.30889800744365203,0.3752394806417455,0.40681830960787835,0.4043988839126263,0.42173749605639516,0.3541435315256429
2023-12-27 15:00:00,0.2516110351140661,0.4661939635560883,0.4499692559496966,0.33241563340362407,0.5003409614827701,0.37756025877952976
2023-12-27 16:00:00,0.06125120960011817,0.16535104245410526,0.245118205926457,0.08220097342312933,0.3000774909676859,0.177842510062279
2023-12-27 17:00:00,0.031074682374171044,0.06151484901248693,0.04041982283685222,0.01451800774282499,0.04624644805600051,0.04297712576635962
2023-12-27 18:00:00,0.0,0.0,0.0,0.0,0.0,0.0
2023-12-27 19:00:00,0.0,0.0,0.0,0.0,0.0,0.0
2023-12-27 20:00:00,0.0,0.0,0.0,0.0,0.0,0.0
2023-12-27 21:00:00,0.0,0.0,0.0,0.0,0.0,0.0
2023-12-27 22:00:00,0.0,0.0,0.0,0.0,0.0,0.0
2023-12-27 23:00:00,0.0,0.0,0.0,0.0,0.0,0.0
2023-12-28 00:00:00,0.0,0.0,0.0,0.0,0.0,0.0
2023-12-28 01:00:00,0.0,0.0,0.0,0.0,0.0,0.0
2023-12-28 02:00:00,0.0,0.0,0.0,0.0,0.0,0.0
2023-12-28 03:00:00,0.0,0.0,0.0,0.0,0.0,0.0
2023-12-28 04:00:00,0.0,0.0,0.0,0.0,0.0,0.0
2023-12-28 05:00:00,0.0,0.0,0.0,0.0,0.0,0.0
2023-12-28 06:00:00,0.0,0.0,0.0,0.0,0.0,0.0
2023-12-28 07:00:00,0.0,0.0,0.0,0.0,0.0,0.0
2023-12-28 08:00:00,0.0,0.0,0.0,0.0,0.0,0.0
2023-12-28 09:00:00,0.0,0.0,0.0,0.0,0.0,0.0
2023-12-28 10:00:00,0.28517051405303623,0.3222631658173155,0.30222592655790675,0.28038251808771436,0.2971734784521408,0.25522749914361526
2023-12-28 11:00:00,0.37074741093932007,0.39590623571031486,0.3842746642986317,0.39597311647591577,0.3614121680436718,0.3697693247321791
2023-12-28 12:00:00,0.37231381840096345,0.40370611678822993,0.4425281544720847,0.49852439265406073,0.4251487832031198,0.3917582959274389
2023-12-28 13:00:00,0.39705824124636774,0.279178542788051,0.3001268473893674,0.2721868014470146,0.3168983166565228,0.34610122740926674
2023-12-28 14:00:00,0.4741069282085364,0.3794852765412671,0.36879151307239116,0.3607989667436054,0.3775469119288169,0.28233122443211023
2023-12-28 15:00:00,0.41773424157304884,0.3794244577283165,0.3654143895938944,0.38872904957650517,0.3765751082770732,0.2321532873084185
2023-12-28 16:00:00,0.275844167322467,0.2276854575230414,0.2545922353909684,0.1839720157941735,0.28485739359175605,0.12242076812703946
2023-12-28 17:00:00,0.2075606284725333,0.14494917485025766,0.1230625530779992,0.11155753197076868,0.12443670917593151,0.06270230866602862
2023-12-28 18:00:00,0.0,0.0,0.0,0.0,0.0,0.0
2023-12-28 19:00:00,0.0,0.0,0.0,0.0,0.0,0.0
2023-12-28 20:00:00,0.0,0.0,0.0,0.0,0.0,0.0
2023-12-28 21:00:00,0.0,0.0,0.0,0.0,0.0,0.0
2023-12-28 22:00:00,0.0,0.0,0.0,0.0,0.0,0.0
2023-12-28 23:00:00,0.0,0.0,0.0,0.0,0.0,0.0
2023-12-29 00:00:00,0.0,0.0,0.0,0.0,0.0,0.0
2023-12-29 01:00:00,0.0,0.0,0.0,0.0,0.0,0.0
2023-12-29 02:00:00,0.0,0.0,0.0,0.0,0.0,0.0
2023-12-29 03:00:00,0.0,0.0,0.0,0.0,0.0,0.0
2023-12-29 04:00:00,0.0,0.0,0.0,0.0,0.0,0.0
2023-12-29 05:00:00,0.0,0.0,0.0,0.0,0.0,0.0
2023-12-29 06:00:00,0.0,0.0,0.0,0.0,0.0,0.0
2023-12-29 07:00:00,0.0,0.0,0.0,0.0,0.0,0.0
2023-12-29 08:00:00,0.0,0.0,0.0,0.0,0.0,0.0
2023-12-29 09:00:00,0.0,0.0,0.0,0.0,0.0,0.0
2023-12-29 10:00:00,0.0859494300559737,0.19189538595106567,0.2443931120730875,0.13527830757793038,0.24953290148007148,0.13931420267046934
2023-12-29 11:00:00,0.13426601207537492,0.15919635164307958,0.20509081006877056,0.16131484131833937,0.21803515412145483,0.2364706994677886
2023-12-29 12:00:00,0.18310929668153708,0.18642331610730853,0.2503759524219876,0.20340310563897895,0.2597764479141119,0.3552714675357887
2023-12-29 13:00:00,0.3243397019044326,0.40393502940666,0.4626160224099608,0.43914693868690957,0.4562267459760344,0.40765651993005625
2023-12-29 14:00:00,0.23017224454152646,0.3259782602228838,0.41091747742016455,0.35849485044198165,0.4315433754884643,0.39431436327530905
2023-12-29 15:00:00,0.08170583011133592,0.18022538592306128,0.3011075969379723,0.15290795985340508,0.36287962515868805,0.3031592746571778
2023-12-29 16:00:00,0.041659828685023506,0.06582140608711283,0.10722094271682904,0.07835825586241199,0.1334259948235572,0.1954127281048305
2023-12-29 17:00:00,0.007938711838300106,0.023055984114151377,0.03975592491532273,0.01712481585884206,0.04238219717391493,0.03965398568356418
2023-12-29 18:00:00,0.0,0.0,0.0,0.0,0.0,0.0
2023-12-29 19:00:00,0.0,0.0,0.0,0.0,0.0,0.0
2023-12-29 20:00:00,0.0,0.0,0.0,0.0,0.0,0.0
2023-12-29 21:00:00,0.0,0.0,0.0,0.0,0.0,0.0
2023-12-29 22:00:00,0.0,0.0,0.0,0.0,0.0,0.0
2023-12-29 23:00:00,0.0,0.0,0.0,0.0,0.0,0.0
2023-12-30 00:00:00,0.0,0.0,0.0,0.0,0.0,0.0
2023-12-30 01:00:00,0.0,0.0,0.0,0.0,0.0,0.0
2023-12-30 02:00:00,0.0,0.0,0.0,0.0,0.0,0.0
2023-12-30 03:00:00,0.0,0.0,0.0,0.0,0.0,0.0
2023-12-30 04:00:00,0.0,0.0,0.0,0.0,0.0,0.0
2023-12-30 05:00:00,0.0,0.0,0.0,0.0,0.0,0.0
2023-12-30 06:00:00,0.0,0.0,0.0,0.0,0.0,0.0
2023-12-30 07:00:00,0.0,0.0,0.0,0.0,0.0,0.0
2023-12-30 08:00:00,0.0,0.0,0.0,0.0,0.0,0.0
2023-12-30 09:00:00,0.0,0.0,0.0,0.0,0.0,0.0
2023-12-30 10:00:00,0.31989504745111036,0.3964101947834962,0.37366720841600026,0.33920530332285853,0.37123612904918596,0.12205878483201092
2023-12-30 11:00:00,0.3938147394245741,0.5561902773491942,0.5490239199957265,0.44538484756184227,0.563114250359588,0.2730472784327358
2023-12-30 12:00:00,0.1835422259136703,0.3551870459750857,0.40255367496707906,0.372696392945305,0.46386500203444403,0.2769673945133944
2023-12-30 13:00:00,0.2700808435780689,0.32631280285110226,0.33572108361723274,0.291229024272219,0.3787439780361343,0.2843581641392896
2023-12-30 14:00:00,0.19949637702330136,0.24935719371547602,0.2273715533986437,0.10052259539170814,0.2894180155819435,0.29241541607584975
2023-12-30 15:00:00,0.1552816828627093,0.3240454726836986,0.37167114995242106,0.14254819710532948,0.41987769613268977,0.27680924471200613
2023-12-30 16:00:00,0.08772549417986356,0.1955554537137799,0.2511044655298356,0.07984713389303974,0.2874322293860651,0.14447084109291763
2023-12-30 17:00:00,0.033937299646937924,0.04766915011114745,0.054424384958754866,0.0191885900554198,0.05884039296531562,0.07847111953161066
2023-12-30 18:00:00,0.0,0.0,0.0,0.0,0.0,0.0
2023-12-30 19:00:00,0.0,0.0,0.0,0.0,0.0,0.0
2023-12-30 20:00:00,0.0,0.0,0.0,0.0,0.0,0.0
2023-12-30 21:00:00,0.0,0.0,0.0,0.0,0.0,0.0
2023-12-30 22:00:00,0.0,0.0,0.0,0.0,0.0,0.0
2023-12-30 23:00:00,0.0,0.0,0.0,0.0,0.0,0.0
2023-12-31 00:00:00,0.0,0.0,0.0,0.0,0.0,0.0
2023-12-31 01:00:00,0.0,0.0,0.0,0.0,0.0,0.0
2023-12-31 02:00:00,0.0,0.0,0.0,0.0,0.0,0.0
2023-12-31 03:00:00,0.0,0.0,0.0,0.0,0.0,0.0
2023-12-31 04:00:00,0.0,0.0,0.0,0.0,0.0,0.0
2023-12-31 05:00:00,0.0,0.0,0.0,0.0,0.0,0.0
2023-12-31 06:00:00,0.0,0.0,0.0,0.0,0.0,0.0
2023-12-31 07:00:00,0.0,0.0,0.0,0.0,0.0,0.0
2023-12-31 08:00:00,0.0,0.0,0.0,0.0,0.0,0.0
2023-12-31 09:00:00,0.0,0.0,0.0,0.0,0.0,0.0
2023-12-31 10:00:00,0.11577257766944325,0.13326413910283452,0.17936831267496162,0.1863995884949281,0.16611665822200827,0.09440970849563608
2023-12-31 11:00:00,0.16479707532183263,0.23887861269945185,0.356960076673704,0.3313365485609409,0.3397839866913971,0.18368823218176356
2023-12-31 12:00:00,0.32124988410906374,0.2731642026233956,0.32258497264826413,0.20063063113631605,0.32506322735305515,0.21170644458038892
2023-12-31 13:00:00,0.3262279397557308,0.3806187784958785,0.40610339599662115,0.2849035688752166,0.4262464198791936,0.25832052270970024
2023-12-31 14:00:00,0.30087595237387604,0.25982577337010665,0.24742856856801201,0.15224490700652682,0.2640587082292121,0.2063379370592805
2023-12-31 15:00:00,0.30749899666782143,0.21342149698892457,0.21191975180949948,0.1717125679038217,0.21707869358890977,0.19274252438816822
2023-12-31 16:00:00,0.25685788392143577,0.16031656656125334,0.14084342242688783,0.10118663972229727,0.16263811464677258,0.19842887336829318
2023-12-31 17:00:00,0.20661064791940711,0.09132892648251176,0.05237798547567909,0.050184258643345636,0.045133774673314475,0.13126237665079857
2023-12-31 18:00:00,0.0,0.0,0.0,0.0,0.0,0.0
2023-12-31 19:00:00,0.0,0.0,0.0,0.0,0.0,0.0
2023-12-31 20:00:00,0.0,0.0,0.0,0.0,0.0,0.0
2023-12-31 21:00:00,0.0,0.0,0.0,0.0,0.0,0.0
2023-12-31 22:00:00,0.0,0.0,0.0,0.0,0.0,0.0
2023-12-31 23:00:00,0.0,0.0,0.0,0.0,0.0,0.0
