cluster_id,lcoe,capex,fom,vom,CF_mean,Cluster_No,potential_capacity,Region,nearest_station,nearest_station_distance_km,Rank,Operational_life
MountWaddington_1,0.2611862595724234,1.56455696742041,0.0,0.0404,0.46464003318939784,1,0.0,MountWaddington,BC_PHY_DSS,2.6426624795405718,1,20
Skeena-QueenCharlotte_1,0.285480700224337,1.56455696742041,0.0,0.0404,0.51623631272718,1,0.0,Skeena-QueenCharlotte,BC_RUP_DSS,0.7348120356093492,2,20
Kitimat-Stikine_1,0.33919275788056347,1.56455696742041,0.0,0.0404,0.46399904762621674,1,247.91661998652955,Kitimat-Stikine,BC_BJK_ISS,8.07422651736109,3,20
Bulkley-Nechako_1,0.4599458742808043,1.56455696742041,0.0,0.0404,0.3038794206511043,1,6938.673455628315,Bulkley-Nechako,BC_TKW_DSS,2.423463923035903,4,20
Columbia-Shuswap_1,0.470541976388649,1.56455696742041,0.0,0.0404,0.32244857639834307,1,228.31657077865185,Columbia-Shuswap,BC_KHS_DSS,3.591870047041018,5,20
Thompson-Nicola_1,0.491148808663207,1.56455696742041,0.0,0.0404,0.28126365241640877,1,3.887636360502432,Thompson-Nicola,BC_VBY_DSS,10.0684489858508,6,20
Cariboo_1,0.503115404792297,1.56455696742041,0.0,0.0404,0.32073949204479707,1,1932.8695723512158,Cariboo,BC_WFQ_ISS,0.4596812986054596,7,20
Thompson-Nicola_2,2.102538823017655,1.56455696742041,0.0,0.0404,0.078862683435353,2,5648.336144894785,Thompson-Nicola,BC_TXL_DSS,44.350273535190546,24,20
