cluster_id,lcoe,capex,fom,vom,CF_mean,Cluster_No,potential_capacity,Region,nearest_station,nearest_station_distance_km,Rank,Operational_life
GreaterVancouver_1,0.09396887962028125,1.3665982035504765,0.0,0.0238,0.1935316365935668,1,723.5980125674851,GreaterVancouver,BC_CSN_DSS,1.6815733236444168,1,20
KootenayBoundary_1,0.12534005213159147,1.3665982035504765,0.0,0.0238,0.21879880819331285,1,2981.2630712494592,KootenayBoundary,BC_GFT_TSS,3.389545778865042,2,20
FraserValley_1,0.1552343925201758,1.3665982035504765,0.0,0.0238,0.1946314036032198,1,610.7934811024567,FraserValley,BC_MLE_DSS,2.9263385758403353,3,20
NorthOkanagan_1,0.15808298818935188,1.3665982035504765,0.0,0.0238,0.21860330053670657,1,684.3454350805987,NorthOkanagan,BC_VNT_TSS,2.526085761278576,5,20
